X,Y,Z
# Scan parameters: Height: 100cm, Layer height: 0.50cm
# Data points below:
5.771,0.000,0.000
5.957,0.023,0.000
5.966,0.047,0.000
5.957,0.070,0.000
6.382,0.100,0.000
6.390,0.125,0.000
6.519,0.154,0.000
5.872,0.161,0.000
5.872,0.185,0.000
5.880,0.208,0.000
5.842,0.230,0.000
5.860,0.253,0.000
5.849,0.276,0.000
5.848,0.299,0.000
5.866,0.323,0.000
5.864,0.346,0.000
5.909,0.372,0.000
5.935,0.397,0.000
5.924,0.419,0.000
5.867,0.439,0.000
6.485,0.510,0.000
5.937,0.491,0.000
5.944,0.515,0.000
6.470,0.586,0.000
5.922,0.560,0.000
5.956,0.587,0.000
6.455,0.661,0.000
5.915,0.630,0.000
5.858,0.647,0.000
5.855,0.670,0.000
5.889,0.697,0.000
5.932,0.726,0.000
5.892,0.744,0.000
6.402,0.834,0.000
6.260,0.841,0.000
5.883,0.814,0.000
5.889,0.838,0.000
5.868,0.859,0.000
5.837,0.878,0.000
5.879,0.907,0.000
5.893,0.933,0.000
5.789,0.940,0.000
5.859,0.975,0.000
5.846,0.997,0.000
5.860,1.023,0.000
5.874,1.049,0.000
6.351,1.160,0.000
5.847,1.092,0.000
5.825,1.111,0.000
6.345,1.236,0.000
5.816,1.157,0.000
5.821,1.182,0.000
5.816,1.204,0.000
6.317,1.334,0.000
6.328,1.362,0.000
5.881,1.290,0.000
5.796,1.296,0.000
6.303,1.435,0.000
5.848,1.355,0.000
5.851,1.381,0.000
5.863,1.408,0.000
6.365,1.555,0.000
5.826,1.447,0.000
5.794,1.463,0.000
5.753,1.477,0.000
5.729,1.495,0.000
5.759,1.527,0.000
5.770,1.554,0.000
5.729,1.567,0.000
5.740,1.595,0.000
6.299,1.776,0.000
5.639,1.614,0.000
5.695,1.654,0.000
5.723,1.687,0.000
5.725,1.712,0.000
6.092,1.848,0.000
6.194,1.906,0.000
5.679,1.771,0.000
5.654,1.788,0.000
5.673,1.819,0.000
5.622,1.827,0.000
5.702,1.877,0.000
6.125,2.043,0.000
6.132,2.073,0.000
5.610,1.921,0.000
5.585,1.937,0.000
5.595,1.965,0.000
5.605,1.993,0.000
5.571,2.006,0.000
5.580,2.034,0.000
5.894,2.175,0.000
6.056,2.261,0.000
5.556,2.099,0.000
5.548,2.121,0.000
5.522,2.136,0.000
5.505,2.155,0.000
5.514,2.183,0.000
5.505,2.205,0.000
5.513,2.233,0.000
5.496,2.251,0.000
5.943,2.461,0.000
5.418,2.269,0.000
5.444,2.305,0.000
5.936,2.541,0.000
5.459,2.362,0.000
5.441,2.380,0.000
5.440,2.405,0.000
5.423,2.423,0.000
5.862,2.647,0.000
5.395,2.462,0.000
5.385,2.483,0.000
5.823,2.712,0.000
5.864,2.759,0.000
5.372,2.554,0.000
5.428,2.606,0.000
5.417,2.628,0.000
5.334,2.613,0.000
5.380,2.662,0.000
5.386,2.691,0.000
5.367,2.708,0.000
5.357,2.729,0.000
5.813,2.990,0.000
5.287,2.746,0.000
5.348,2.805,0.000
5.329,2.822,0.000
5.254,2.808,0.000
5.307,2.863,0.000
5.280,2.876,0.000
5.276,2.901,0.000
5.716,3.172,0.000
5.724,3.206,0.000
5.226,2.954,0.000
5.277,3.010,0.000
5.226,3.008,0.000
5.191,3.015,0.000
5.187,3.040,0.000
5.620,3.323,0.000
5.163,3.081,0.000
5.135,3.092,0.000
5.146,3.126,0.000
5.141,3.151,0.000
5.114,3.161,0.000
5.124,3.196,0.000
5.127,3.225,0.000
5.068,3.217,0.000
5.079,3.251,0.000
5.525,3.567,0.000
5.464,3.559,0.000
5.099,3.350,0.000
5.049,3.345,0.000
5.415,3.618,0.000
5.015,3.380,0.000
4.972,3.379,0.000
4.952,3.394,0.000
4.946,3.418,0.000
5.376,3.747,0.000
4.919,3.457,0.000
4.963,3.518,0.000
5.007,3.578,0.000
4.943,3.562,0.000
4.922,3.576,0.000
4.908,3.595,0.000
4.908,3.625,0.000
4.886,3.639,0.000
4.865,3.653,0.000
5.256,3.979,0.000
4.843,3.696,0.000
4.822,3.710,0.000
4.779,3.707,0.000
4.792,3.748,0.000
5.177,4.081,0.000
4.763,3.785,0.000
4.748,3.804,0.000
4.705,3.800,0.000
4.690,3.818,0.000
4.703,3.859,0.000
5.061,4.187,0.000
4.679,3.902,0.000
4.657,3.915,0.000
4.635,3.927,0.000
4.606,3.934,0.000
4.590,3.952,0.000
4.581,3.976,0.000
4.559,3.988,0.000
4.557,4.017,0.000
4.548,4.041,0.000
4.458,3.993,0.000
4.881,4.407,0.000
4.500,4.094,0.000
4.477,4.106,0.000
4.454,4.117,0.000
4.438,4.135,0.000
4.782,4.491,0.000
4.412,4.176,0.000
4.389,4.187,0.000
4.366,4.198,0.000
4.324,4.190,0.000
4.327,4.226,0.000
4.316,4.249,0.000
4.306,4.272,0.000
4.258,4.258,0.000
4.279,4.312,0.000
4.249,4.316,0.000
4.238,4.339,0.000
4.215,4.350,0.000
4.680,4.868,0.000
4.193,4.395,0.000
4.194,4.431,0.000
4.146,4.415,0.000
4.135,4.438,0.000
4.105,4.441,0.000
4.094,4.464,0.000
4.136,4.545,0.000
4.083,4.522,0.000
4.041,4.512,0.000
4.358,4.904,0.000
4.017,4.557,0.000
4.191,4.792,0.000
3.987,4.595,0.000
3.963,4.604,0.000
3.939,4.612,0.000
3.956,4.668,0.000
3.926,4.670,0.000
4.217,5.057,0.000
3.978,4.808,0.000
3.865,4.710,0.000
3.835,4.711,0.000
4.147,5.134,0.000
3.809,4.755,0.000
4.092,5.148,0.000
3.826,4.853,0.000
3.737,4.778,0.000
4.040,5.209,0.000
3.710,4.822,0.000
3.685,4.829,0.000
3.672,4.851,0.000
3.653,4.865,0.000
3.634,4.879,0.000
3.635,4.922,0.000
3.595,4.908,0.000
3.865,5.320,0.000
3.567,4.950,0.000
3.537,4.950,0.000
3.807,5.372,0.000
3.508,4.992,0.000
3.765,5.402,0.000
3.484,5.041,0.000
3.686,5.379,0.000
3.409,5.017,0.000
3.405,5.052,0.000
3.375,5.051,0.000
3.632,5.482,0.000
3.350,5.099,0.000
3.532,5.424,0.000
3.310,5.126,0.000
3.280,5.124,0.000
3.536,5.572,0.000
3.244,5.157,0.000
3.488,5.593,0.000
3.199,5.175,0.000
3.193,5.210,0.000
3.422,5.634,0.000
3.142,5.219,0.000
3.374,5.654,0.000
3.348,5.660,0.000
3.072,5.241,0.000
3.056,5.261,0.000
3.026,5.257,0.000
3.014,5.284,0.000
3.002,5.312,0.000
2.977,5.316,0.000
3.243,5.845,0.000
2.931,5.331,0.000
3.127,5.740,0.000
2.893,5.362,0.000
2.859,5.350,0.000
3.081,5.819,0.000
2.838,5.411,0.000
2.813,5.414,0.000
2.799,5.441,0.000
2.766,5.428,0.000
2.745,5.439,0.000
2.719,5.442,0.000
2.694,5.445,0.000
2.672,5.455,0.000
2.655,5.474,0.000
2.637,5.492,0.000
2.612,5.494,0.000
2.598,5.521,0.000
2.569,5.515,0.000
2.547,5.525,0.000
2.551,5.591,0.000
2.716,6.015,0.000
2.485,5.562,0.000
2.649,5.993,0.000
2.438,5.574,0.000
2.416,5.583,0.000
2.373,5.543,0.000
2.358,5.569,0.000
2.333,5.570,0.000
2.325,5.612,0.000
2.534,6.186,0.000
2.291,5.655,0.000
2.445,6.105,0.000
2.253,5.689,0.000
2.256,5.763,0.000
2.381,6.155,0.000
2.354,6.157,0.000
2.163,5.724,0.000
2.116,5.666,0.000
2.279,6.177,0.000
2.080,5.707,0.000
2.061,5.724,0.000
2.035,5.724,0.000
2.013,5.732,0.000
1.993,5.748,0.000
1.973,5.764,0.000
1.942,5.746,0.000
2.056,6.163,0.000
2.057,6.246,0.000
1.885,5.803,0.000
1.841,5.742,0.000
1.988,6.285,0.000
1.822,5.841,0.000
1.794,5.832,0.000
1.911,6.301,0.000
1.884,6.300,0.000
1.853,6.285,0.000
1.700,5.851,0.000
1.677,5.857,0.000
1.787,6.337,0.000
1.633,5.879,0.000
1.735,6.343,0.000
1.587,5.891,0.000
1.559,5.880,0.000
1.664,6.378,0.000
1.513,5.892,0.000
1.603,6.345,0.000
1.469,5.913,0.000
1.445,5.918,0.000
1.449,6.034,0.000
1.401,5.938,0.000
1.372,5.918,0.000
1.454,6.389,0.000
1.329,5.946,0.000
1.304,5.942,0.000
1.282,5.956,0.000
1.259,5.961,0.000
1.234,5.957,0.000
1.216,5.988,0.000
1.189,5.975,0.000
1.262,6.478,0.000
1.143,5.993,0.000
1.116,5.980,0.000
1.181,6.469,0.000
1.063,5.954,0.000
1.046,5.993,0.000
1.103,6.467,0.000
1.084,6.510,0.000
0.975,6.005,0.000
1.029,6.495,0.000
0.928,6.012,0.000
0.904,6.016,0.000
0.956,6.530,0.000
0.855,6.005,0.000
0.909,6.568,0.000
0.875,6.518,0.000
0.787,6.041,0.000
0.765,6.053,0.000
0.782,6.393,0.000
0.775,6.546,0.000
0.689,6.026,0.000
0.668,6.047,0.000
0.647,6.076,0.000
0.618,6.034,0.000
0.643,6.529,0.000
0.573,6.065,0.000
0.592,6.542,0.000
0.527,6.087,0.000
0.502,6.072,0.000
0.518,6.579,0.000
0.455,6.093,0.000
0.430,6.068,0.000
0.439,6.562,0.000
0.383,6.080,0.000
0.358,6.073,0.000
0.335,6.083,0.000
0.310,6.076,0.000
0.287,6.077,0.000
0.263,6.078,0.000
0.239,6.088,0.000
0.215,6.089,0.000
0.207,6.581,0.000
0.168,6.125,0.000
0.156,6.621,0.000
0.120,6.100,0.000
0.103,6.575,0.000
0.072,6.110,0.000
0.048,6.110,0.000
0.026,6.584,0.000
-0.000,6.066,0.000
-0.024,6.084,0.000
-0.048,6.066,0.000
-0.072,6.074,0.000
-0.096,6.092,0.000
-0.119,6.056,0.000
-0.143,6.073,0.000
-0.181,6.589,0.000
-0.191,6.089,0.000
-0.215,6.089,0.000
-0.259,6.587,0.000
-0.263,6.096,0.000
-0.309,6.545,0.000
-0.312,6.111,0.000
-0.335,6.092,0.000
-0.388,6.580,0.000
-0.382,6.072,0.000
-0.439,6.562,0.000
-0.431,6.086,0.000
-0.453,6.058,0.000
-0.477,6.065,0.000
-0.500,6.054,0.000
-0.559,6.449,0.000
-0.550,6.068,0.000
-0.573,6.057,0.000
-0.602,6.116,0.000
-0.620,6.052,0.000
-0.643,6.041,0.000
-0.667,6.038,0.000
-0.691,6.044,0.000
-0.717,6.059,0.000
-0.800,6.543,0.000
-0.765,6.053,0.000
-0.786,6.033,0.000
-0.811,6.038,0.000
-0.834,6.026,0.000
-0.857,6.023,0.000
-0.881,6.019,0.000
-0.900,5.990,0.000
-0.928,6.012,0.000
-0.952,6.009,0.000
-0.975,6.005,0.000
-0.999,6.001,0.000
-1.022,5.997,0.000
-1.044,5.984,0.000
-1.068,5.980,0.000
-1.093,5.985,0.000
-1.120,5.998,0.000
-1.137,5.958,0.000
-1.250,6.416,0.000
-1.283,6.450,0.000
-1.210,5.962,0.000
-1.234,5.957,0.000
-1.263,5.978,0.000
-1.280,5.947,0.000
-1.300,5.925,0.000
-1.327,5.937,0.000
-1.372,6.026,0.000
-1.372,5.918,0.000
-1.471,6.236,0.000
-1.418,5.907,0.000
-1.443,5.910,0.000
-1.464,5.896,0.000
-1.488,5.890,0.000
-1.513,5.892,0.000
-1.536,5.886,0.000
-1.559,5.880,0.000
-1.573,5.840,0.000
-1.596,5.834,0.000
-1.626,5.853,0.000
-1.649,5.847,0.000
-1.674,5.849,0.000
-1.695,5.833,0.000
-1.720,5.835,0.000
-1.741,5.820,0.000
-1.766,5.822,0.000
-1.791,5.823,0.000
-1.822,5.841,0.000
-1.834,5.800,0.000
-2.010,6.270,0.000
-1.885,5.803,0.000
-1.903,5.778,0.000
-2.066,6.193,0.000
-1.951,5.772,0.000
-1.962,5.730,0.000
-1.990,5.739,0.000
-2.019,5.748,0.000
-2.203,6.196,0.000
-2.067,5.741,0.000
-2.083,5.716,0.000
-2.106,5.708,0.000
-2.131,5.708,0.000
-2.150,5.691,0.000
-2.173,5.682,0.000
-2.185,5.649,0.000
-2.224,5.682,0.000
-2.236,5.648,0.000
-2.262,5.648,0.000
-2.284,5.639,0.000
-2.296,5.605,0.000
-2.328,5.620,0.000
-2.350,5.611,0.000
-2.369,5.594,0.000
-2.398,5.601,0.000
-2.609,6.028,0.000
-2.434,5.566,0.000
-2.659,6.015,0.000
-2.482,5.554,0.000
-2.485,5.504,0.000
-2.730,5.983,0.000
-2.543,5.517,0.000
-2.780,5.968,0.000
-2.790,5.929,0.000
-2.597,5.462,0.000
-2.626,5.468,0.000
-2.651,5.466,0.000
-2.665,5.439,0.000
-2.923,5.908,0.000
-2.711,5.426,0.000
-2.905,5.757,0.000
-2.750,5.397,0.000
-2.771,5.386,0.000
-2.784,5.359,0.000
-2.813,5.364,0.000
-2.822,5.329,0.000
-2.859,5.350,0.000
-2.876,5.330,0.000
-2.893,5.311,0.000
-2.935,5.339,0.000
-3.172,5.716,0.000
-2.968,5.300,0.000
-3.083,5.455,0.000
-3.027,5.307,0.000
-3.285,5.706,0.000
-3.038,5.230,0.000
-3.325,5.674,0.000
-3.092,5.229,0.000
-3.370,5.647,0.000
-3.156,5.242,0.000
-3.163,5.207,0.000
-3.202,5.225,0.000
-3.185,5.152,0.000
-3.455,5.540,0.000
-3.481,5.533,0.000
-3.245,5.114,0.000
-3.446,5.383,0.000
-3.290,5.096,0.000
-3.563,5.471,0.000
-3.606,5.490,0.000
-3.345,5.049,0.000
-3.380,5.058,0.000
-3.671,5.447,0.000
-3.399,5.002,0.000
-3.424,4.996,0.000
-3.444,4.983,0.000
-3.760,5.395,0.000
-3.488,4.963,0.000
-3.793,5.353,0.000
-3.527,4.935,0.000
-3.849,5.342,0.000
-3.597,4.950,0.000
-3.886,5.305,0.000
-3.625,4.908,0.000
-3.639,4.886,0.000
-3.669,4.886,0.000
-3.677,4.858,0.000
-3.990,5.228,0.000
-3.710,4.822,0.000
-3.761,4.849,0.000
-3.748,4.792,0.000
-3.794,4.812,0.000
-3.791,4.770,0.000
-3.804,4.748,0.000
-3.828,4.740,0.000
-3.852,4.732,0.000
-4.162,5.071,0.000
-3.895,4.708,0.000
-3.924,4.706,0.000
-4.262,5.070,0.000
-3.916,4.621,0.000
-4.276,5.007,0.000
-3.975,4.617,0.000
-4.320,4.979,0.000
-4.017,4.592,0.000
-4.328,4.909,0.000
-4.053,4.561,0.000
-4.059,4.532,0.000
-4.407,4.881,0.000
-4.082,4.486,0.000
-4.450,4.852,0.000
-4.142,4.480,0.000
-4.153,4.458,0.000
-4.491,4.782,0.000
-4.194,4.431,0.000
-4.534,4.753,0.000
-4.198,4.366,0.000
-4.227,4.362,0.000
-4.257,4.358,0.000
-4.262,4.329,0.000
-4.598,4.635,0.000
-4.289,4.289,0.000
-4.293,4.260,0.000
-4.316,4.249,0.000
-4.333,4.232,0.000
-4.350,4.215,0.000
-4.385,4.216,0.000
-4.395,4.193,0.000
-4.399,4.164,0.000
-4.422,4.152,0.000
-4.470,4.165,0.000
-4.454,4.117,0.000
-4.835,4.434,0.000
-4.473,4.070,0.000
-4.933,4.454,0.000
-4.525,4.053,0.000
-4.548,4.041,0.000
-4.557,4.017,0.000
-4.586,4.011,0.000
-4.955,4.300,0.000
-4.597,3.957,0.000
-4.995,4.266,0.000
-4.641,3.933,0.000
-5.105,4.291,0.000
-4.679,3.902,0.000
-4.667,3.861,0.000
-4.682,3.842,0.000
-4.697,3.824,0.000
-4.712,3.806,0.000
-4.727,3.787,0.000
-4.749,3.774,0.000
-4.750,3.744,0.000
-5.168,4.041,0.000
-4.800,3.723,0.000
-4.800,3.693,0.000
-4.836,3.691,0.000
-4.829,3.656,0.000
-5.202,3.906,0.000
-4.879,3.634,0.000
-4.872,3.599,0.000
-5.305,3.886,0.000
-4.907,3.565,0.000
-5.310,3.826,0.000
-4.899,3.501,0.000
-5.353,3.793,0.000
-5.013,3.523,0.000
-5.427,3.783,0.000
-4.990,3.449,0.000
-5.405,3.704,0.000
-5.024,3.414,0.000
-5.038,3.395,0.000
-5.080,3.395,0.000
-5.094,3.375,0.000
-5.490,3.606,0.000
-5.075,3.305,0.000
-5.103,3.295,0.000
-5.109,3.270,0.000
-5.114,3.245,0.000
-5.533,3.481,0.000
-5.117,3.191,0.000
-5.190,3.208,0.000
-5.172,3.169,0.000
-5.177,3.144,0.000
-5.189,3.124,0.000
-5.201,3.104,0.000
-5.198,3.074,0.000
-5.225,3.063,0.000
-5.237,3.042,0.000
-5.693,3.277,0.000
-5.284,3.014,0.000
-5.273,2.980,0.000
-5.703,3.194,0.000
-5.296,2.939,0.000
-5.308,2.918,0.000
-5.327,2.901,0.000
-5.354,2.889,0.000
-5.310,2.838,0.000
-5.361,2.838,0.000
-5.803,3.043,0.000
-5.375,2.792,0.000
-5.834,3.001,0.000
-5.413,2.758,0.000
-5.934,2.994,0.000
-5.854,2.925,0.000
-5.453,2.698,0.000
-5.431,2.661,0.000
-5.458,2.647,0.000
-5.460,2.622,0.000
-5.470,2.600,0.000
-5.480,2.579,0.000
-5.442,2.535,0.000
-5.501,2.536,0.000
-5.494,2.507,0.000
-5.528,2.496,0.000
-5.554,2.482,0.000
-5.523,2.442,0.000
-5.549,2.427,0.000
-5.501,2.380,0.000
-5.568,2.384,0.000
-5.586,2.365,0.000
-5.578,2.336,0.000
-5.596,2.318,0.000
-5.605,2.296,0.000
-5.597,2.267,0.000
-5.648,2.262,0.000
-5.632,2.230,0.000
-6.109,2.391,0.000
-5.665,2.192,0.000
-5.674,2.170,0.000
-5.674,2.144,0.000
-6.101,2.278,0.000
-5.699,2.103,0.000
-5.699,2.077,0.000
-5.716,2.058,0.000
-5.715,2.032,0.000
-5.748,2.019,0.000
-5.739,1.990,0.000
-5.756,1.971,0.000
-5.755,1.945,0.000
-5.771,1.925,0.000
-5.778,1.903,0.000
-5.777,1.877,0.000
-5.793,1.857,0.000
-5.809,1.837,0.000
-5.808,1.812,0.000
-5.815,1.789,0.000
-5.822,1.766,0.000
-5.828,1.743,0.000
-5.818,1.715,0.000
-5.842,1.697,0.000
-6.322,1.810,0.000
-5.855,1.651,0.000
-6.329,1.758,0.000
-5.894,1.612,0.000
-5.866,1.580,0.000
-5.923,1.570,0.000
-6.363,1.660,0.000
-5.901,1.515,0.000
-6.399,1.616,0.000
-5.913,1.469,0.000
-6.241,1.524,0.000
-5.933,1.424,0.000
-5.930,1.399,0.000
-5.909,1.370,0.000
-5.932,1.350,0.000
-5.937,1.327,0.000
-5.907,1.296,0.000
-5.947,1.280,0.000
-5.952,1.257,0.000
-5.948,1.232,0.000
-5.962,1.210,0.000
-5.975,1.189,0.000
-5.989,1.167,0.000
-5.976,1.140,0.000
-5.980,1.116,0.000
-5.967,1.090,0.000
-5.989,1.069,0.000
-5.984,1.044,0.000
-6.014,1.025,0.000
-6.001,0.999,0.000
-5.996,0.974,0.000
-6.511,1.031,0.000
-6.012,0.928,0.000
-6.488,0.975,0.000
-6.028,0.882,0.000
-6.511,0.927,0.000
-6.044,0.836,0.000
-6.021,0.809,0.000
-6.059,0.790,0.000
-6.036,0.762,0.000
-6.056,0.741,0.000
-6.041,0.715,0.000
-6.044,0.691,0.000
-6.038,0.667,0.000
-6.049,0.644,0.000
-6.043,0.619,0.000
-6.054,0.596,0.000
-6.057,0.573,0.000
-6.059,0.549,0.000
-6.061,0.525,0.000
-6.063,0.501,0.000
-6.065,0.477,0.000
-6.067,0.453,0.000
-6.068,0.430,0.000
-6.096,0.408,0.000
-6.054,0.381,0.000
-6.029,0.356,0.000
-6.574,0.362,0.000
-6.076,0.310,0.000
-6.068,0.286,0.000
-6.078,0.263,0.000
-6.079,0.239,0.000
-6.089,0.215,0.000
-6.565,0.206,0.000
-6.081,0.167,0.000
-6.073,0.143,0.000
-6.091,0.120,0.000
-6.568,0.103,0.000
-6.083,0.072,0.000
-6.119,0.048,0.000
-6.039,0.024,0.000
-6.110,-0.000,0.000
-6.075,-0.024,0.000
-6.083,-0.048,0.000
-6.083,-0.072,0.000
-6.083,-0.096,0.000
-6.074,-0.119,0.000
-6.091,-0.144,0.000
-6.099,-0.168,0.000
-6.116,-0.192,0.000
-6.580,-0.233,0.000
-6.088,-0.239,0.000
-6.570,-0.284,0.000
-6.094,-0.287,0.000
-6.528,-0.334,0.000
-6.101,-0.336,0.000
-6.073,-0.358,0.000
-6.563,-0.413,0.000
-6.043,-0.404,0.000
-6.086,-0.431,0.000
-6.093,-0.455,0.000
-6.056,-0.477,0.000
-6.072,-0.502,0.000
-6.061,-0.525,0.000
-6.059,-0.549,0.000
-6.048,-0.572,0.000
-6.063,-0.597,0.000
-6.061,-0.621,0.000
-6.049,-0.644,0.000
-6.073,-0.670,0.000
-6.044,-0.691,0.000
-6.041,-0.715,0.000
-6.039,-0.739,0.000
-6.009,-0.759,0.000
-5.953,-0.776,0.000
-5.941,-0.798,0.000
-5.964,-0.825,0.000
-5.943,-0.846,0.000
-5.904,-0.864,0.000
-5.945,-0.894,0.000
-5.942,-0.917,0.000
-5.929,-0.939,0.000
-5.925,-0.962,0.000
-5.913,-0.984,0.000
-5.918,-1.009,0.000
-5.914,-1.032,0.000
-5.909,-1.055,0.000
-5.905,-1.079,0.000
-5.910,-1.103,0.000
-5.897,-1.125,0.000
-6.385,-1.244,0.000
-5.896,-1.173,0.000
-6.263,-1.271,0.000
-5.957,-1.234,0.000
-5.961,-1.259,0.000
-6.429,-1.384,0.000
-5.934,-1.302,0.000
-6.418,-1.435,0.000
-5.940,-1.352,0.000
-5.909,-1.370,0.000
-5.921,-1.397,0.000
-5.924,-1.422,0.000
-5.953,-1.454,0.000
-5.913,-1.469,0.000
-5.872,-1.483,0.000
-5.892,-1.513,0.000
-5.826,-1.520,0.000
-5.880,-1.559,0.000
-5.866,-1.580,0.000
-5.885,-1.610,0.000
-5.879,-1.633,0.000
-5.855,-1.651,0.000
-5.832,-1.669,0.000
-6.292,-1.828,0.000
-5.827,-1.718,0.000
-6.285,-1.880,0.000
-5.822,-1.766,0.000
-6.293,-1.936,0.000
-5.808,-1.812,0.000
-5.800,-1.834,0.000
-5.827,-1.868,0.000
-5.794,-1.883,0.000
-5.770,-1.900,0.000
-5.771,-1.925,0.000
-5.772,-1.951,0.000
-5.747,-1.968,0.000
-5.748,-1.993,0.000
-5.715,-2.007,0.000
-5.732,-2.038,0.000
-5.724,-2.061,0.000
-5.716,-2.083,0.000
-5.716,-2.109,0.000
-5.699,-2.128,0.000
-5.699,-2.154,0.000
-5.674,-2.170,0.000
-5.682,-2.198,0.000
-6.094,-2.385,0.000
-5.706,-2.259,0.000
-6.105,-2.445,0.000
-5.572,-2.257,0.000
-5.621,-2.303,0.000
-5.579,-2.311,0.000
-5.537,-2.319,0.000
-5.618,-2.379,0.000
-6.031,-2.582,0.000
-5.591,-2.420,0.000
-6.018,-2.632,0.000
-5.523,-2.442,0.000
-5.932,-2.650,0.000
-5.496,-2.481,0.000
-5.918,-2.700,0.000
-5.476,-2.525,0.000
-5.904,-2.750,0.000
-5.432,-2.556,0.000
-5.875,-2.793,0.000
-5.411,-2.599,0.000
-5.401,-2.620,0.000
-5.391,-2.641,0.000
-5.380,-2.662,0.000
-5.378,-2.687,0.000
-5.319,-2.684,0.000
-5.349,-2.725,0.000
-5.346,-2.750,0.000
-5.375,-2.792,0.000
-5.332,-2.797,0.000
-5.784,-3.062,0.000
-5.302,-2.834,0.000
-5.369,-2.897,0.000
-5.303,-2.889,0.000
-5.268,-2.896,0.000
-5.185,-2.877,0.000
-5.269,-2.951,0.000
-5.226,-2.954,0.000
-5.222,-2.979,0.000
-5.171,-2.977,0.000
-5.199,-3.020,0.000
-5.256,-3.081,0.000
-5.236,-3.097,0.000
-5.640,-3.366,0.000
-5.212,-3.138,0.000
-5.131,-3.116,0.000
-5.141,-3.151,0.000
-5.114,-3.161,0.000
-5.109,-3.186,0.000
-5.089,-3.201,0.000
-5.084,-3.226,0.000
-5.079,-3.251,0.000
-5.458,-3.524,0.000
-5.075,-3.305,0.000
-5.417,-3.558,0.000
-5.012,-3.320,0.000
-5.409,-3.614,0.000
-4.986,-3.360,0.000
-5.380,-3.656,0.000
-4.959,-3.399,0.000
-5.345,-3.694,0.000
-4.932,-3.438,0.000
-4.919,-3.457,0.000
-4.898,-3.471,0.000
-4.884,-3.490,0.000
-4.870,-3.509,0.000
-4.857,-3.528,0.000
-4.835,-3.542,0.000
-4.770,-3.523,0.000
-4.749,-3.536,0.000
-5.124,-3.847,0.000
-4.765,-3.607,0.000
-5.113,-3.902,0.000
-4.700,-3.616,0.000
-4.678,-3.629,0.000
-4.729,-3.698,0.000
-4.714,-3.716,0.000
-4.700,-3.735,0.000
-4.685,-3.753,0.000
-4.691,-3.789,0.000
-4.641,-3.779,0.000
-4.633,-3.803,0.000
-4.667,-3.861,0.000
-4.631,-3.862,0.000
-4.609,-3.874,0.000
-4.545,-3.851,0.000
-4.565,-3.899,0.000
-4.549,-3.917,0.000
-4.534,-3.934,0.000
-4.829,-4.224,0.000
-4.516,-3.982,0.000
-4.777,-4.245,0.000
-4.424,-3.963,0.000
-4.780,-4.316,0.000
-4.386,-3.991,0.000
-4.431,-4.064,0.000
-4.361,-4.032,0.000
-4.291,-3.998,0.000
-4.647,-4.364,0.000
-4.253,-4.025,0.000
-4.618,-4.406,0.000
-4.235,-4.072,0.000
-4.584,-4.442,0.000
-4.236,-4.137,0.000
-4.304,-4.237,0.000
-4.572,-4.536,0.000
-4.213,-4.213,0.000
-4.542,-4.578,0.000
-4.224,-4.291,0.000
-4.226,-4.327,0.000
-4.140,-4.272,0.000
-4.148,-4.314,0.000
-4.112,-4.311,0.000
-4.126,-4.360,0.000
-4.409,-4.695,0.000
-4.036,-4.332,0.000
-4.344,-4.699,0.000
-4.331,-4.722,0.000
-3.997,-4.393,0.000
-4.316,-4.780,0.000
-3.987,-4.451,0.000
-4.316,-4.856,0.000
-3.934,-4.462,0.000
-4.229,-4.835,0.000
-3.881,-4.472,0.000
-3.869,-4.494,0.000
-3.845,-4.502,0.000
-3.845,-4.538,0.000
-3.828,-4.553,0.000
-3.792,-4.547,0.000
-3.780,-4.569,0.000
-3.768,-4.591,0.000
-3.738,-4.592,0.000
-3.766,-4.663,0.000
-3.708,-4.628,0.000
-4.002,-5.036,0.000
-3.683,-4.671,0.000
-3.967,-5.073,0.000
-3.629,-4.678,0.000
-3.932,-5.111,0.000
-3.598,-4.714,0.000
-3.585,-4.735,0.000
-3.818,-5.084,0.000
-3.547,-4.763,0.000
-3.523,-4.770,0.000
-3.811,-5.202,0.000
-3.491,-4.805,0.000
-3.456,-4.796,0.000
-3.474,-4.862,0.000
-3.691,-5.208,0.000
-3.420,-4.867,0.000
-3.687,-5.290,0.000
-3.372,-4.878,0.000
-3.682,-5.372,0.000
-3.374,-4.965,0.000
-3.375,-5.008,0.000
-3.609,-5.402,0.000
-3.325,-5.019,0.000
-3.580,-5.450,0.000
-3.281,-5.038,0.000
-3.256,-5.043,0.000
-3.236,-5.056,0.000
-3.231,-5.091,0.000
-3.197,-5.081,0.000
-3.191,-5.117,0.000
-3.166,-5.121,0.000
-3.137,-5.118,0.000
-3.088,-5.084,0.000
-3.096,-5.143,0.000
-3.076,-5.155,0.000
-3.060,-5.175,0.000
-3.040,-5.187,0.000
-3.015,-5.191,0.000
-2.999,-5.210,0.000
-2.983,-5.230,0.000
-2.954,-5.226,0.000
-3.147,-5.619,0.000
-2.917,-5.257,0.000
-3.130,-5.693,0.000
-2.876,-5.280,0.000
-2.851,-5.283,0.000
-2.826,-5.286,0.000
-2.779,-5.249,0.000
-2.750,-5.243,0.000
-2.751,-5.295,0.000
-2.980,-5.791,0.000
-2.696,-5.292,0.000
-2.894,-5.735,0.000
-2.647,-5.296,0.000
-2.646,-5.348,0.000
-2.601,-5.309,0.000
-2.616,-5.393,0.000
-2.567,-5.346,0.000
-2.546,-5.356,0.000
-2.521,-5.357,0.000
-2.504,-5.375,0.000
-2.483,-5.385,0.000
-2.469,-5.412,0.000
-2.440,-5.405,0.000
-2.419,-5.414,0.000
-2.588,-5.853,0.000
-2.380,-5.441,0.000
-2.548,-5.888,0.000
-2.337,-5.460,0.000
-2.505,-5.915,0.000
-2.309,-5.512,0.000
-2.462,-5.942,0.000
-2.213,-5.401,0.000
-2.226,-5.496,0.000
-2.212,-5.522,0.000
-2.163,-5.462,0.000
-2.138,-5.462,0.000
-2.146,-5.548,0.000
-2.128,-5.565,0.000
-2.194,-5.805,0.000
-2.084,-5.581,0.000
-2.204,-5.973,0.000
-2.034,-5.580,0.000
-2.162,-6.006,0.000
-2.097,-5.896,0.000
-1.947,-5.543,0.000
-1.919,-5.533,0.000
-1.897,-5.540,0.000
-1.851,-5.476,0.000
-1.868,-5.599,0.000
-1.834,-5.571,0.000
-1.962,-6.039,0.000
-1.808,-5.638,0.000
-1.922,-6.078,0.000
-1.744,-5.590,0.000
-1.733,-5.633,0.000
-1.848,-6.092,0.000
-1.681,-5.619,0.000
-1.659,-5.626,0.000
-1.631,-5.614,0.000
-1.607,-5.612,0.000
-1.585,-5.618,0.000
-1.565,-5.633,0.000
-1.543,-5.639,0.000
-1.528,-5.672,0.000
-1.496,-5.642,0.000
-1.479,-5.666,0.000
-1.452,-5.654,0.000
-1.434,-5.678,0.000
-1.412,-5.683,0.000
-1.392,-5.698,0.000
-1.363,-5.676,0.000
-1.343,-5.690,0.000
-1.320,-5.695,0.000
-1.296,-5.691,0.000
-1.276,-5.706,0.000
-1.255,-5.720,0.000
-1.217,-5.651,0.000
-1.319,-6.245,0.000
-1.186,-5.725,0.000
-1.150,-5.665,0.000
-1.128,-5.669,0.000
-1.118,-5.739,0.000
-1.087,-5.697,0.000
-1.073,-5.747,0.000
-1.051,-5.751,0.000
-1.044,-5.847,0.000
-1.105,-6.328,0.000
-0.997,-5.846,0.000
-1.054,-6.329,0.000
-0.951,-5.853,0.000
-0.996,-6.288,0.000
-0.908,-5.879,0.000
-0.955,-6.353,0.000
-0.860,-5.877,0.000
-0.836,-5.871,0.000
-0.811,-5.865,0.000
-0.792,-5.895,0.000
-0.763,-5.853,0.000
-0.743,-5.883,0.000
-0.719,-5.877,0.000
-0.696,-5.880,0.000
-0.672,-5.873,0.000
-0.648,-5.867,0.000
-0.627,-5.888,0.000
-0.605,-5.899,0.000
-0.581,-5.901,0.000
-0.557,-5.895,0.000
-0.536,-5.915,0.000
-0.511,-5.899,0.000
-0.489,-5.919,0.000
-0.462,-5.866,0.000
-0.444,-5.932,0.000
-0.446,-6.301,0.000
-0.397,-5.935,0.000
-0.373,-5.918,0.000
-0.349,-5.920,0.000
-0.324,-5.875,0.000
-0.303,-5.922,0.000
-0.280,-5.923,0.000
-0.257,-5.934,0.000
-0.253,-6.435,0.000
-0.210,-5.936,0.000
-0.189,-6.000,0.000
-0.163,-5.919,0.000
-0.140,-5.919,0.000
-0.117,-5.938,0.000
-0.094,-5.984,0.000
-0.070,-5.930,0.000
-0.047,-5.930,0.000
-0.024,-5.948,0.000
-0.000,-5.921,0.000
0.023,-5.921,0.000
0.046,-5.930,0.000
0.070,-5.939,0.000
0.093,-5.920,0.000
0.116,-5.929,0.000
0.140,-5.938,0.000
0.173,-6.306,0.000
0.187,-5.955,0.000
0.209,-5.926,0.000
0.233,-5.944,0.000
0.255,-5.897,0.000
0.279,-5.923,0.000
0.303,-5.932,0.000
0.326,-5.930,0.000
0.348,-5.911,0.000
0.366,-5.826,0.000
0.390,-5.843,0.000
0.414,-5.851,0.000
0.438,-5.858,0.000
0.458,-5.828,0.000
0.484,-5.855,0.000
0.505,-5.834,0.000
0.527,-5.823,0.000
0.551,-5.830,0.000
0.576,-5.846,0.000
0.649,-6.342,0.000
0.621,-5.842,0.000
0.699,-6.336,0.000
0.667,-5.836,0.000
0.747,-6.314,0.000
0.712,-5.822,0.000
0.799,-6.324,0.000
0.754,-5.788,0.000
0.839,-6.252,0.000
0.794,-5.745,0.000
0.813,-5.713,0.000
0.857,-5.858,0.000
0.932,-6.205,0.000
0.896,-5.806,0.000
0.984,-6.214,0.000
0.926,-5.706,0.000
1.033,-6.206,0.000
0.971,-5.698,0.000
1.078,-6.181,0.000
1.016,-5.690,0.000
1.055,-5.779,0.000
1.074,-5.756,0.000
1.100,-5.771,0.000
1.121,-5.757,0.000
1.146,-5.762,0.000
1.167,-5.748,0.000
1.185,-5.725,0.000
1.212,-5.739,0.000
1.230,-5.716,0.000
1.257,-5.729,0.000
1.277,-5.715,0.000
1.413,-6.208,0.000
1.322,-5.705,0.000
1.462,-6.196,0.000
1.367,-5.694,0.000
1.387,-5.680,0.000
1.398,-5.628,0.000
1.434,-5.678,0.000
1.454,-5.663,0.000
1.478,-5.666,0.000
1.640,-6.186,0.000
1.520,-5.645,0.000
1.552,-5.675,0.000
1.562,-5.624,0.000
1.589,-5.636,0.000
1.611,-5.630,0.000
1.636,-5.632,0.000
1.658,-5.626,0.000
1.686,-5.637,0.000
1.700,-5.604,0.000
1.727,-5.615,0.000
1.738,-5.572,0.000
1.763,-5.574,0.000
1.938,-6.047,0.000
1.806,-5.560,0.000
1.986,-6.031,0.000
1.856,-5.564,0.000
2.035,-6.023,0.000
1.909,-5.575,0.000
2.047,-5.904,0.000
1.946,-5.543,0.000
1.977,-5.561,0.000
1.983,-5.510,0.000
2.002,-5.493,0.000
2.026,-5.494,0.000
2.035,-5.451,0.000
2.076,-5.495,0.000
2.108,-5.513,0.000
2.113,-5.462,0.000
2.131,-5.444,0.000
2.155,-5.445,0.000
2.184,-5.454,0.000
2.198,-5.428,0.000
2.219,-5.419,0.000
2.237,-5.402,0.000
2.258,-5.393,0.000
2.279,-5.384,0.000
2.508,-5.860,0.000
2.329,-5.383,0.000
2.554,-5.841,0.000
2.367,-5.356,0.000
2.388,-5.347,0.000
2.609,-5.780,0.000
2.434,-5.336,0.000
2.451,-5.318,0.000
2.476,-5.317,0.000
2.497,-5.307,0.000
2.489,-5.238,0.000
2.534,-5.279,0.000
2.600,-5.360,0.000
2.608,-5.326,0.000
2.625,-5.307,0.000
2.646,-5.297,0.000
2.667,-5.286,0.000
2.688,-5.276,0.000
2.708,-5.265,0.000
2.742,-5.279,0.000
2.754,-5.252,0.000
2.838,-5.361,0.000
2.795,-5.230,0.000
2.820,-5.227,0.000
2.832,-5.200,0.000
2.848,-5.181,0.000
2.872,-5.177,0.000
2.902,-5.182,0.000
2.926,-5.179,0.000
2.983,-5.230,0.000
2.949,-5.124,0.000
2.987,-5.144,0.000
3.044,-5.195,0.000
3.028,-5.120,0.000
3.135,-5.255,0.000
3.077,-5.112,0.000
3.330,-5.484,0.000
3.103,-5.064,0.000
3.373,-5.457,0.000
3.147,-5.048,0.000
3.153,-5.012,0.000
3.182,-5.015,0.000
3.197,-4.995,0.000
3.221,-4.990,0.000
3.246,-4.985,0.000
3.265,-4.972,0.000
3.285,-4.959,0.000
3.578,-5.355,0.000
3.319,-4.926,0.000
3.633,-5.347,0.000
3.352,-4.892,0.000
3.366,-4.871,0.000
3.401,-4.880,0.000
3.679,-5.236,0.000
3.439,-4.853,0.000
3.744,-5.240,0.000
3.472,-4.819,0.000
3.780,-5.204,0.000
3.460,-4.724,0.000
3.787,-5.128,0.000
3.497,-4.697,0.000
3.593,-4.786,0.000
3.540,-4.677,0.000
3.569,-4.678,0.000
3.542,-4.604,0.000
3.623,-4.671,0.000
3.664,-4.686,0.000
3.682,-4.672,0.000
3.689,-4.643,0.000
3.713,-4.635,0.000
3.725,-4.614,0.000
3.738,-4.592,0.000
3.762,-4.584,0.000
3.774,-4.562,0.000
3.797,-4.555,0.000
3.809,-4.533,0.000
3.833,-4.525,0.000
3.845,-4.503,0.000
3.928,-4.563,0.000
3.934,-4.534,0.000
3.958,-4.526,0.000
3.921,-4.449,0.000
3.945,-4.440,0.000
3.968,-4.431,0.000
3.973,-4.402,0.000
4.058,-4.460,0.000
4.069,-4.438,0.000
4.056,-4.388,0.000
4.055,-4.353,0.000
4.059,-4.323,0.000
4.082,-4.314,0.000
4.093,-4.291,0.000
4.084,-4.248,0.000
4.101,-4.232,0.000
4.175,-4.275,0.000
4.179,-4.246,0.000
4.170,-4.203,0.000
4.199,-4.200,0.000
4.203,-4.171,0.000
4.199,-4.135,0.000
4.242,-4.144,0.000
4.630,-4.488,0.000
4.274,-4.110,0.000
4.718,-4.501,0.000
4.326,-4.096,0.000
4.741,-4.453,0.000
4.392,-4.093,0.000
4.454,-4.118,0.000
4.424,-4.058,0.000
4.440,-4.040,0.000
4.449,-4.017,0.000
4.410,-3.951,0.000
4.446,-3.952,0.000
4.455,-3.928,0.000
4.456,-3.898,0.000
4.478,-3.887,0.000
4.487,-3.863,0.000
4.502,-3.846,0.000
4.517,-3.828,0.000
4.539,-3.816,0.000
4.540,-3.786,0.000
4.590,-3.798,0.000
4.569,-3.751,0.000
4.591,-3.739,0.000
4.620,-3.732,0.000
4.628,-3.708,0.000
4.628,-3.678,0.000
4.649,-3.666,0.000
4.656,-3.642,0.000
4.678,-3.629,0.000
4.692,-3.611,0.000
4.714,-3.598,0.000
4.728,-3.580,0.000
4.734,-3.555,0.000
4.748,-3.537,0.000
4.784,-3.535,0.000
4.783,-3.505,0.000
4.797,-3.486,0.000
4.803,-3.462,0.000
4.839,-3.459,0.000
4.830,-3.424,0.000
4.889,-3.437,0.000
4.857,-3.386,0.000
4.968,-3.434,0.000
4.891,-3.353,0.000
5.320,-3.616,0.000
4.978,-3.355,0.000
4.983,-3.331,0.000
4.996,-3.311,0.000
5.017,-3.296,0.000
5.030,-3.277,0.000
5.471,-3.533,0.000
5.108,-3.271,0.000
5.030,-3.193,0.000
5.035,-3.168,0.000
5.086,-3.172,0.000
5.083,-3.143,0.000
5.064,-3.104,0.000
5.060,-3.074,0.000
5.080,-3.059,0.000
5.084,-3.034,0.000
5.120,-3.029,0.000
5.108,-2.994,0.000
5.127,-2.979,0.000
5.099,-2.936,0.000
5.214,-2.975,0.000
5.241,-2.963,0.000
5.237,-2.934,0.000
5.185,-2.878,0.000
5.707,-3.138,0.000
5.419,-2.952,0.000
5.227,-2.821,0.000
5.221,-2.792,0.000
5.249,-2.780,0.000
5.251,-2.755,0.000
5.254,-2.730,0.000
5.265,-2.709,0.000
5.316,-2.709,0.000
5.310,-2.680,0.000
5.702,-2.850,0.000
5.372,-2.659,0.000
5.557,-2.723,0.000
5.417,-2.628,0.000
5.863,-2.816,0.000
5.438,-2.586,0.000
5.885,-2.770,0.000
5.466,-2.547,0.000
5.459,-2.518,0.000
5.478,-2.500,0.000
5.544,-2.504,0.000
5.481,-2.449,0.000
5.531,-2.446,0.000
5.500,-2.406,0.000
5.484,-2.374,0.000
5.502,-2.356,0.000
5.519,-2.338,0.000
5.537,-2.320,0.000
5.554,-2.301,0.000
5.588,-2.290,0.000
5.555,-2.251,0.000
5.606,-2.246,0.000
5.598,-2.217,0.000
5.590,-2.189,0.000
5.530,-2.140,0.000
5.547,-2.122,0.000
6.047,-2.286,0.000
5.564,-2.078,0.000
6.042,-2.230,0.000
6.051,-2.206,0.000
5.588,-2.012,0.000
6.060,-2.156,0.000
5.604,-1.969,0.000
5.603,-1.944,0.000
5.619,-1.924,0.000
5.644,-1.908,0.000
5.642,-1.883,0.000
5.632,-1.855,0.000
5.631,-1.830,0.000
5.647,-1.811,0.000
5.645,-1.786,0.000
5.661,-1.767,0.000
5.676,-1.747,0.000
5.674,-1.722,0.000
5.681,-1.700,0.000
5.670,-1.672,0.000
5.703,-1.658,0.000
5.692,-1.630,0.000
5.707,-1.610,0.000
5.749,-1.598,0.000
6.196,-1.696,0.000
5.735,-1.545,0.000
5.785,-1.535,0.000
6.231,-1.627,0.000
5.752,-1.478,0.000
5.749,-1.453,0.000
5.764,-1.433,0.000
5.796,-1.416,0.000
5.766,-1.385,0.000
5.780,-1.365,0.000
5.777,-1.340,0.000
5.791,-1.319,0.000
5.796,-1.296,0.000
5.774,-1.268,0.000
5.788,-1.247,0.000
5.793,-1.224,0.000
5.807,-1.203,0.000
5.811,-1.180,0.000
5.807,-1.156,0.000
5.811,-1.133,0.000
5.743,-1.096,0.000
5.756,-1.075,0.000
5.824,-1.064,0.000
5.737,-1.025,0.000
5.778,-1.009,0.000
5.735,-0.979,0.000
5.758,-0.959,0.000
6.292,-1.023,0.000
5.830,-0.924,0.000
6.413,-0.991,0.000
5.800,-0.873,0.000
6.291,-0.921,0.000
6.311,-0.899,0.000
5.810,-0.804,0.000
5.877,-0.790,0.000
5.889,-0.768,0.000
5.883,-0.744,0.000
5.886,-0.721,0.000
5.889,-0.698,0.000
5.846,-0.669,0.000
5.903,-0.653,0.000
5.888,-0.627,0.000
5.890,-0.604,0.000
5.901,-0.582,0.000
5.894,-0.558,0.000
6.265,-0.568,0.000
5.899,-0.512,0.000
6.434,-0.533,0.000
5.912,-0.466,0.000
6.422,-0.481,0.000
5.897,-0.418,0.000
5.917,-0.396,0.000
5.881,-0.371,0.000
5.864,-0.347,0.000
5.921,-0.327,0.000
5.913,-0.303,0.000
5.933,-0.281,0.000
5.970,-0.259,0.000
5.925,-0.234,0.000
5.917,-0.210,0.000
5.918,-0.187,0.000
5.928,-0.164,0.000
5.947,-0.141,0.000
6.423,-0.127,0.000
5.929,-0.094,0.000
5.930,-0.071,0.000
5.930,-0.047,0.000
5.967,-0.024,0.000
5.799,-0.001,0.500
6.529,0.025,0.500
5.939,0.046,0.500
6.282,0.073,0.500
6.029,0.094,0.500
6.551,0.128,0.500
6.001,0.141,0.500
6.510,0.178,0.500
6.009,0.188,0.500
6.008,0.212,0.500
5.962,0.233,0.500
5.997,0.258,0.500
5.923,0.279,0.500
5.904,0.301,0.500
5.921,0.325,0.500
5.975,0.351,0.500
6.000,0.377,0.500
5.990,0.400,0.500
6.006,0.424,0.500
6.471,0.483,0.500
5.994,0.471,0.500
6.010,0.496,0.500
6.008,0.519,0.500
5.988,0.541,0.500
5.940,0.561,0.500
5.965,0.587,0.500
5.981,0.612,0.500
5.969,0.634,0.500
5.994,0.661,0.500
5.973,0.682,0.500
5.970,0.706,0.500
5.968,0.729,0.500
5.991,0.756,0.500
5.962,0.776,0.500
5.968,0.801,0.500
5.964,0.824,0.500
6.448,0.917,0.500
5.967,0.872,0.500
6.448,0.969,0.500
5.995,0.924,0.500
6.377,1.009,0.500
5.979,0.970,0.500
5.939,0.988,0.500
5.900,1.005,0.500
5.914,1.031,0.500
5.838,1.042,0.500
5.905,1.078,0.500
5.910,1.102,0.500
5.861,1.117,0.500
5.910,1.151,0.500
5.897,1.172,0.500
5.874,1.192,0.500
5.870,1.215,0.500
5.865,1.238,0.500
6.375,1.371,0.500
5.873,1.288,0.500
6.418,1.434,0.500
5.889,1.340,0.500
6.353,1.471,0.500
6.180,1.457,0.500
5.837,1.400,0.500
6.373,1.556,0.500
5.852,1.453,0.500
5.838,1.474,0.500
5.867,1.505,0.500
5.826,1.519,0.500
5.811,1.540,0.500
5.805,1.563,0.500
5.764,1.576,0.500
5.723,1.589,0.500
5.804,1.636,0.500
5.754,1.646,0.500
5.799,1.684,0.500
5.697,1.679,0.500
5.752,1.719,0.500
5.727,1.736,0.500
5.668,1.743,0.500
5.644,1.760,0.500
5.646,1.784,0.500
5.647,1.809,0.500
6.110,1.984,0.500
5.633,1.854,0.500
6.110,2.037,0.500
5.696,1.924,0.500
5.619,1.923,0.500
5.603,1.942,0.500
5.525,1.939,0.500
5.588,1.986,0.500
5.580,2.008,0.500
5.563,2.027,0.500
5.572,2.055,0.500
5.512,2.057,0.500
5.548,2.095,0.500
5.573,2.130,0.500
5.557,2.149,0.500
5.531,2.164,0.500
5.523,2.185,0.500
5.497,2.200,0.500
5.488,2.222,0.500
5.479,2.243,0.500
5.487,2.272,0.500
5.495,2.301,0.500
5.478,2.319,0.500
5.943,2.543,0.500
5.460,2.362,0.500
5.916,2.586,0.500
5.432,2.401,0.500
5.415,2.418,0.500
5.397,2.436,0.500
5.420,2.472,0.500
5.394,2.486,0.500
5.393,2.511,0.500
5.374,2.528,0.500
5.381,2.557,0.500
5.313,2.550,0.500
5.336,2.587,0.500
5.318,2.604,0.500
5.274,2.608,0.500
5.330,2.662,0.500
5.728,2.889,0.500
5.365,2.733,0.500
5.346,2.750,0.500
5.336,2.771,0.500
5.333,2.796,0.500
5.306,2.808,0.500
5.295,2.829,0.500
5.268,2.841,0.500
5.280,2.875,0.500
5.269,2.895,0.500
5.289,2.934,0.500
5.238,2.932,0.500
5.250,2.966,0.500
5.223,2.978,0.500
5.638,3.244,0.500
5.618,3.262,0.500
5.226,3.062,0.500
5.191,3.069,0.500
5.559,3.316,0.500
5.143,3.095,0.500
5.567,3.380,0.500
5.172,3.168,0.500
5.540,3.424,0.500
5.109,3.185,0.500
5.513,3.467,0.500
5.369,3.406,0.500
5.087,3.255,0.500
5.465,3.528,0.500
5.023,3.270,0.500
5.444,3.575,0.500
5.012,3.320,0.500
5.007,3.344,0.500
4.994,3.364,0.500
5.387,3.660,0.500
4.967,3.403,0.500
4.969,3.433,0.500
5.324,3.709,0.500
5.028,3.533,0.500
5.366,3.802,0.500
4.986,3.562,0.500
5.330,3.839,0.500
4.929,3.580,0.500
5.293,3.876,0.500
4.865,3.592,0.500
4.887,3.638,0.500
4.873,3.657,0.500
4.837,3.660,0.500
4.823,3.679,0.500
4.829,3.714,0.500
4.808,3.728,0.500
4.765,3.725,0.500
4.785,3.771,0.500
4.714,3.745,0.500
4.995,4.000,0.500
4.713,3.805,0.500
4.670,3.801,0.500
4.690,3.847,0.500
4.668,3.860,0.500
4.652,3.878,0.500
4.623,3.885,0.500
4.622,3.915,0.500
4.613,3.939,0.500
4.591,3.951,0.500
4.582,3.975,0.500
4.933,4.313,0.500
4.557,4.016,0.500
4.555,4.046,0.500
4.512,4.040,0.500
4.483,4.046,0.500
4.481,4.076,0.500
4.471,4.099,0.500
4.435,4.098,0.500
4.419,4.116,0.500
4.410,4.139,0.500
4.400,4.163,0.500
4.383,4.180,0.500
4.367,4.197,0.500
4.350,4.214,0.500
4.321,4.219,0.500
4.676,4.601,0.500
4.313,4.278,0.500
4.634,4.632,0.500
4.260,4.293,0.500
4.603,4.674,0.500
4.258,4.358,0.500
4.216,4.349,0.500
4.205,4.372,0.500
4.175,4.375,0.500
4.511,4.764,0.500
4.153,4.421,0.500
4.457,4.782,0.500
4.094,4.427,0.500
4.430,4.828,0.500
4.095,4.499,0.500
4.392,4.863,0.500
4.042,4.511,0.500
4.024,4.527,0.500
4.006,4.543,0.500
3.988,4.558,0.500
3.953,4.554,0.500
3.987,4.630,0.500
3.963,4.639,0.500
3.934,4.641,0.500
3.910,4.649,0.500
3.851,4.617,0.500
4.203,5.078,0.500
4.178,5.089,0.500
3.842,4.717,0.500
4.138,5.121,0.500
3.805,4.747,0.500
3.797,4.776,0.500
3.773,4.784,0.500
3.759,4.806,0.500
3.730,4.806,0.500
3.933,5.110,0.500
3.702,4.849,0.500
3.989,5.268,0.500
3.648,4.857,0.500
3.952,5.305,0.500
3.626,4.907,0.500
3.859,5.266,0.500
3.577,4.921,0.500
3.841,5.328,0.500
3.538,4.949,0.500
3.808,5.371,0.500
3.494,4.969,0.500
3.474,4.983,0.500
3.455,4.997,0.500
3.445,5.025,0.500
3.547,5.217,0.500
3.406,5.052,0.500
3.659,5.474,0.500
3.361,5.071,0.500
3.341,5.084,0.500
3.321,5.097,0.500
3.311,5.125,0.500
3.542,5.531,0.500
3.265,5.143,0.500
3.511,5.579,0.500
3.230,5.176,0.500
3.200,5.174,0.500
3.175,5.179,0.500
3.168,5.214,0.500
3.148,5.226,0.500
3.072,5.147,0.500
3.102,5.243,0.500
3.104,5.294,0.500
3.057,5.260,0.500
3.062,5.318,0.500
3.015,5.284,0.500
2.981,5.272,0.500
3.067,5.474,0.500
2.944,5.303,0.500
2.940,5.346,0.500
2.907,5.334,0.500
2.932,5.431,0.500
3.112,5.820,0.500
2.852,5.384,0.500
2.823,5.379,0.500
2.805,5.398,0.500
2.784,5.409,0.500
2.747,5.388,0.500
2.957,5.856,0.500
2.700,5.402,0.500
2.911,5.879,0.500
2.678,5.463,0.500
2.724,5.614,0.500
2.848,5.928,0.500
2.636,5.542,0.500
2.815,5.978,0.500
2.581,5.538,0.500
2.797,6.063,0.500
2.526,5.534,0.500
2.512,5.560,0.500
2.479,5.546,0.500
2.663,6.021,0.500
2.428,5.549,0.500
2.400,5.542,0.500
2.586,6.038,0.500
2.377,5.610,0.500
2.536,6.051,0.500
2.536,6.118,0.500
2.307,5.629,0.500
2.278,5.622,0.500
2.443,6.097,0.500
2.244,5.664,0.500
2.401,6.131,0.500
2.199,5.682,0.500
2.350,6.142,0.500
2.142,5.665,0.500
2.135,5.715,0.500
2.104,5.699,0.500
2.087,5.724,0.500
2.059,5.715,0.500
2.051,5.765,0.500
2.029,5.773,0.500
1.994,5.747,0.500
1.992,5.813,0.500
1.946,5.754,0.500
1.929,5.779,0.500
1.907,5.786,0.500
1.881,5.785,0.500
1.853,5.776,0.500
1.841,5.817,0.500
1.962,6.285,0.500
1.790,5.814,0.500
1.788,5.889,0.500
1.749,5.845,0.500
1.726,5.852,0.500
1.708,5.876,0.500
1.671,5.831,0.500
1.758,6.229,0.500
1.639,5.895,0.500
1.609,5.876,0.500
1.583,5.874,0.500
1.549,5.837,0.500
1.548,5.929,0.500
1.523,5.926,0.500
1.493,5.907,0.500
1.468,5.904,0.500
1.451,5.935,0.500
1.421,5.915,0.500
1.400,5.929,0.500
1.375,5.926,0.500
1.344,5.897,0.500
1.317,5.885,0.500
1.307,5.951,0.500
1.280,5.938,0.500
1.257,5.943,0.500
1.235,5.957,0.500
1.212,5.962,0.500
1.188,5.966,0.500
1.178,6.040,0.500
1.145,5.993,0.500
1.118,5.980,0.500
1.094,5.984,0.500
1.069,5.980,0.500
1.044,5.975,0.500
1.027,6.014,0.500
1.005,6.027,0.500
0.977,6.005,0.500
0.954,6.017,0.500
0.929,6.012,0.500
0.985,6.542,0.500
0.880,6.002,0.500
0.875,6.135,0.500
0.835,6.026,0.500
0.817,6.073,0.500
0.852,6.529,0.500
0.767,6.062,0.500
0.739,6.030,0.500
0.716,6.041,0.500
0.693,6.044,0.500
0.670,6.055,0.500
0.646,6.058,0.500
0.622,6.061,0.500
0.592,5.992,0.500
0.571,6.021,0.500
0.547,6.023,0.500
0.526,6.052,0.500
0.502,6.063,0.500
0.507,6.428,0.500
0.454,6.058,0.500
0.432,6.086,0.500
0.409,6.096,0.500
0.407,6.452,0.500
0.360,6.073,0.500
0.336,6.074,0.500
0.311,6.067,0.500
0.288,6.077,0.500
0.264,6.087,0.500
0.241,6.105,0.500
0.216,6.080,0.500
0.193,6.089,0.500
0.182,6.566,0.500
0.145,6.091,0.500
0.131,6.575,0.500
0.097,6.083,0.500
0.077,6.440,0.500
0.049,6.101,0.500
0.027,6.576,0.500
0.001,6.057,0.500
-0.023,6.119,0.500
-0.046,6.012,0.500
-0.075,6.472,0.500
-0.094,6.092,0.500
-0.126,6.496,0.500
-0.141,6.028,0.500
-0.177,6.510,0.500
-0.190,6.081,0.500
-0.214,6.098,0.500
-0.256,6.548,0.500
-0.262,6.104,0.500
-0.308,6.561,0.500
-0.310,6.093,0.500
-0.333,6.074,0.500
-0.385,6.549,0.500
-0.381,6.080,0.500
-0.436,6.538,0.500
-0.428,6.068,0.500
-0.489,6.566,0.500
-0.474,6.047,0.500
-0.538,6.523,0.500
-0.530,6.131,0.500
-0.547,6.059,0.500
-0.569,6.030,0.500
-0.640,6.513,0.500
-0.619,6.052,0.500
-0.683,6.436,0.500
-0.667,6.056,0.500
-0.689,6.035,0.500
-0.715,6.050,0.500
-0.741,6.065,0.500
-0.823,6.525,0.500
-0.785,6.033,0.500
-0.815,6.082,0.500
-0.855,6.190,0.500
-0.852,5.997,0.500
-0.949,6.499,0.500
-0.903,6.016,0.500
-0.925,6.004,0.500
-0.957,6.052,0.500
-0.979,6.040,0.500
-1.077,6.479,0.500
-1.022,6.006,0.500
-1.049,6.019,0.500
-1.131,6.340,0.500
-1.087,5.959,0.500
-1.205,6.465,0.500
-1.140,5.985,0.500
-1.162,5.972,0.500
-1.185,5.967,0.500
-1.209,5.962,0.500
-1.229,5.940,0.500
-1.254,5.944,0.500
-1.281,5.956,0.500
-1.297,5.916,0.500
-1.328,5.946,0.500
-1.349,5.932,0.500
-1.368,5.909,0.500
-1.391,5.904,0.500
-1.421,5.924,0.500
-1.557,6.381,0.500
-1.467,5.913,0.500
-1.491,5.907,0.500
-1.516,5.910,0.500
-1.663,6.379,0.500
-1.569,5.923,0.500
-1.585,5.892,0.500
-1.604,5.868,0.500
-1.625,5.853,0.500
-1.655,5.873,0.500
-1.673,5.849,0.500
-1.827,6.293,0.500
-1.726,5.861,0.500
-1.754,5.871,0.500
-1.767,5.830,0.500
-1.790,5.824,0.500
-1.810,5.808,0.500
-1.830,5.792,0.500
-1.845,5.760,0.500
-1.881,5.795,0.500
-1.899,5.770,0.500
-1.924,5.771,0.500
-1.947,5.764,0.500
-1.969,5.756,0.500
-1.992,5.748,0.500
-2.017,5.749,0.500
-2.037,5.732,0.500
-2.056,5.716,0.500
-2.082,5.716,0.500
-2.104,5.708,0.500
-2.124,5.691,0.500
-2.364,6.261,0.500
-2.171,5.683,0.500
-2.187,5.658,0.500
-2.219,5.674,0.500
-2.434,6.151,0.500
-2.257,5.640,0.500
-2.395,5.917,0.500
-2.461,6.013,0.500
-2.344,5.662,0.500
-2.524,6.030,0.500
-2.371,5.603,0.500
-2.393,5.593,0.500
-2.404,5.559,0.500
-2.433,5.566,0.500
-2.448,5.540,0.500
-2.477,5.547,0.500
-2.510,5.561,0.500
-2.509,5.503,0.500
-2.546,5.525,0.500
-2.556,5.491,0.500
-2.799,5.951,0.500
-2.611,5.495,0.500
-2.852,5.943,0.500
-2.661,5.490,0.500
-2.671,5.456,0.500
-2.693,5.445,0.500
-2.718,5.443,0.500
-2.739,5.432,0.500
-2.761,5.421,0.500
-2.786,5.418,0.500
-2.807,5.407,0.500
-2.845,5.427,0.500
-3.076,5.812,0.500
-2.875,5.381,0.500
-3.136,5.816,0.500
-2.909,5.343,0.500
-2.912,5.300,0.500
-2.955,5.328,0.500
-2.980,5.324,0.500
-2.975,5.266,0.500
-3.261,5.720,0.500
-3.025,5.258,0.500
-3.037,5.230,0.500
-3.324,5.674,0.500
-3.100,5.245,0.500
-3.139,5.263,0.500
-3.173,5.273,0.500
-3.162,5.208,0.500
-3.554,5.803,0.500
-3.179,5.145,0.500
-3.199,5.132,0.500
-3.238,5.150,0.500
-3.263,5.145,0.500
-3.274,5.117,0.500
-3.304,5.119,0.500
-3.319,5.098,0.500
-3.329,5.071,0.500
-3.344,5.050,0.500
-3.369,5.044,0.500
-3.399,5.046,0.500
-3.413,5.025,0.500
-3.658,5.340,0.500
-3.448,4.991,0.500
-3.437,4.933,0.500
-3.482,4.956,0.500
-3.491,4.928,0.500
-3.521,4.929,0.500
-3.843,5.336,0.500
-3.564,4.908,0.500
-3.594,4.908,0.500
-3.587,4.858,0.500
-3.627,4.873,0.500
-3.646,4.859,0.500
-3.660,4.837,0.500
-3.668,4.809,0.500
-3.703,4.815,0.500
-3.722,4.801,0.500
-3.768,4.821,0.500
-4.065,5.159,0.500
-3.790,4.770,0.500
-4.116,5.139,0.500
-3.832,4.747,0.500
-3.840,4.719,0.500
-4.191,5.109,0.500
-3.877,4.688,0.500
-4.211,5.051,0.500
-3.919,4.664,0.500
-3.926,4.635,0.500
-3.956,4.634,0.500
-3.951,4.591,0.500
-3.980,4.589,0.500
-4.027,4.607,0.500
-3.993,4.531,0.500
-4.046,4.555,0.500
-4.052,4.526,0.500
-4.374,4.847,0.500
-4.087,4.494,0.500
-4.129,4.504,0.500
-4.447,4.813,0.500
-4.158,4.465,0.500
-4.170,4.442,0.500
-4.163,4.400,0.500
-4.533,4.754,0.500
-4.216,4.386,0.500
-4.257,4.395,0.500
-4.471,4.579,0.500
-4.254,4.324,0.500
-4.284,4.319,0.500
-4.301,4.303,0.500
-4.324,4.292,0.500
-4.322,4.256,0.500
-4.377,4.276,0.500
-4.368,4.235,0.500
-4.378,4.211,0.500
-4.407,4.206,0.500
-4.424,4.189,0.500
-4.434,4.165,0.500
-4.411,4.111,0.500
-4.486,4.148,0.500
-4.489,4.119,0.500
-4.479,4.077,0.500
-4.528,4.089,0.500
-4.892,4.383,0.500
-4.573,4.065,0.500
-4.950,4.365,0.500
-4.585,4.012,0.500
-4.948,4.296,0.500
-4.603,3.964,0.500
-5.018,4.287,0.500
-4.641,3.934,0.500
-4.656,3.915,0.500
-4.678,3.903,0.500
-4.666,3.862,0.500
-4.674,3.838,0.500
-4.696,3.825,0.500
-4.732,3.823,0.500
-4.775,3.827,0.500
-4.762,3.786,0.500
-4.777,3.767,0.500
-4.948,3.871,0.500
-4.813,3.735,0.500
-5.205,4.006,0.500
-4.842,3.697,0.500
-4.878,3.694,0.500
-5.123,3.848,0.500
-4.886,3.640,0.500
-5.295,3.913,0.500
-4.907,3.596,0.500
-4.921,3.577,0.500
-5.328,3.841,0.500
-4.985,3.564,0.500
-4.963,3.519,0.500
-4.969,3.494,0.500
-4.961,3.459,0.500
-4.997,3.455,0.500
-5.424,3.719,0.500
-5.438,3.697,0.500
-5.081,3.425,0.500
-5.341,3.570,0.500
-5.056,3.351,0.500
-5.084,3.341,0.500
-5.105,3.326,0.500
-5.110,3.301,0.500
-5.123,3.281,0.500
-5.128,3.256,0.500
-5.179,3.259,0.500
-5.161,3.220,0.500
-5.174,3.200,0.500
-5.593,3.429,0.500
-5.138,3.122,0.500
-5.599,3.373,0.500
-5.201,3.105,0.500
-5.221,3.089,0.500
-5.390,3.161,0.500
-5.260,3.057,0.500
-5.678,3.270,0.500
-5.691,3.248,0.500
-5.704,3.225,0.500
-5.292,2.965,0.500
-5.763,3.199,0.500
-5.299,2.915,0.500
-5.334,2.907,0.500
-5.717,3.086,0.500
-5.325,2.848,0.500
-5.790,3.067,0.500
-5.387,2.827,0.500
-5.422,2.818,0.500
-5.417,2.788,0.500
-5.396,2.751,0.500
-5.407,2.730,0.500
-5.345,2.672,0.500
-5.428,2.687,0.500
-5.463,2.677,0.500
-5.465,2.652,0.500
-5.460,2.623,0.500
-5.437,2.586,0.500
-5.480,2.580,0.500
-5.458,2.543,0.500
-5.516,2.544,0.500
-5.518,2.519,0.500
-5.520,2.493,0.500
-5.975,2.671,0.500
-5.531,2.446,0.500
-5.581,2.443,0.500
-5.591,2.421,0.500
-5.568,2.385,0.500
-5.561,2.356,0.500
-5.999,2.514,0.500
-5.604,2.322,0.500
-5.563,2.280,0.500
-5.622,2.278,0.500
-5.606,2.246,0.500
-5.631,2.231,0.500
-5.606,2.195,0.500
-5.657,2.190,0.500
-5.698,2.180,0.500
-5.649,2.136,0.500
-6.048,2.260,0.500
-5.682,2.097,0.500
-5.707,2.081,0.500
-6.157,2.218,0.500
-5.715,2.033,0.500
-5.773,2.028,0.500
-5.747,1.994,0.500
-5.772,1.977,0.500
-6.252,2.114,0.500
-5.779,1.929,0.500
-6.253,2.060,0.500
-5.785,1.881,0.500
-5.835,1.872,0.500
-5.800,1.835,0.500
-5.807,1.813,0.500
-5.814,1.790,0.500
-5.821,1.767,0.500
-5.803,1.736,0.500
-5.818,1.716,0.500
-5.816,1.691,0.500
-5.857,1.678,0.500
-5.846,1.650,0.500
-5.861,1.629,0.500
-5.825,1.595,0.500
-5.900,1.590,0.500
-6.371,1.691,0.500
-5.869,1.533,0.500
-6.206,1.595,0.500
-5.915,1.495,0.500
-5.930,1.474,0.500
-6.327,1.546,0.500
-5.915,1.421,0.500
-6.377,1.506,0.500
-5.926,1.375,0.500
-6.412,1.461,0.500
-5.937,1.328,0.500
-5.951,1.307,0.500
-5.930,1.278,0.500
-5.908,1.249,0.500
-5.948,1.233,0.500
-5.962,1.211,0.500
-6.001,1.195,0.500
-6.462,1.260,0.500
-5.967,1.139,0.500
-6.457,1.206,0.500
-6.010,1.099,0.500
-6.512,1.164,0.500
-5.993,1.047,0.500
-6.032,1.029,0.500
-6.424,1.070,0.500
-6.057,0.985,0.500
-6.043,0.958,0.500
-6.491,1.003,0.500
-6.051,0.911,0.500
-6.515,0.954,0.500
-6.014,0.857,0.500
-6.044,0.837,0.500
-6.038,0.812,0.500
-6.015,0.785,0.500
-6.009,0.760,0.500
-6.047,0.741,0.500
-6.050,0.717,0.500
-6.242,0.715,0.500
-6.056,0.670,0.500
-6.049,0.645,0.500
-6.069,0.623,0.500
-6.425,0.634,0.500
-6.074,0.575,0.500
-6.557,0.595,0.500
-6.096,0.529,0.500
-6.054,0.501,0.500
-6.548,0.516,0.500
-6.067,0.454,0.500
-6.216,0.441,0.500
-6.079,0.407,0.500
-6.071,0.383,0.500
-6.091,0.360,0.500
-6.083,0.336,0.500
-6.111,0.313,0.500
-6.050,0.286,0.500
-6.069,0.263,0.500
-6.079,0.240,0.500
-6.115,0.217,0.500
-6.081,0.192,0.500
-6.081,0.168,0.500
-6.073,0.144,0.500
-6.135,0.121,0.500
-6.056,0.096,0.500
-6.464,0.077,0.500
-6.092,0.049,0.500
-6.084,0.025,0.500
-6.075,0.001,0.500
-6.039,-0.023,0.500
-6.092,-0.047,0.500
-6.083,-0.071,0.500
-6.101,-0.095,0.500
-6.551,-0.128,0.500
-6.064,-0.142,0.500
-6.081,-0.166,0.500
-6.063,-0.190,0.500
-6.080,-0.214,0.500
-6.114,-0.239,0.500
-6.078,-0.262,0.500
-6.032,-0.284,0.500
-6.085,-0.310,0.500
-6.057,-0.332,0.500
-6.082,-0.358,0.500
-6.072,-0.381,0.500
-6.043,-0.403,0.500
-6.068,-0.429,0.500
-6.093,-0.455,0.500
-6.038,-0.474,0.500
-6.176,-0.510,0.500
-6.567,-0.568,0.500
-6.059,-0.548,0.500
-6.118,-0.577,0.500
-6.019,-0.592,0.500
-6.061,-0.620,0.500
-6.049,-0.643,0.500
-6.056,-0.668,0.500
-6.035,-0.689,0.500
-6.452,-0.763,0.500
-6.021,-0.736,0.500
-6.563,-0.828,0.500
-6.068,-0.790,0.500
-5.976,-0.802,0.500
-6.026,-0.833,0.500
-6.049,-0.860,0.500
-6.028,-0.881,0.500
-6.007,-0.902,0.500
-6.030,-0.930,0.500
-6.018,-0.952,0.500
-6.014,-0.976,0.500
-6.464,-1.075,0.500
-6.006,-1.023,0.500
-6.478,-1.130,0.500
-5.989,-1.069,0.500
-6.054,-1.105,0.500
-5.928,-1.106,0.500
-5.993,-1.142,0.500
-5.971,-1.163,0.500
-5.967,-1.186,0.500
-5.962,-1.209,0.500
-5.922,-1.226,0.500
-5.987,-1.264,0.500
-5.939,-1.278,0.500
-5.951,-1.305,0.500
-5.946,-1.328,0.500
-5.949,-1.353,0.500
-5.935,-1.375,0.500
-6.416,-1.513,0.500
-5.924,-1.421,0.500
-5.919,-1.445,0.500
-5.922,-1.470,0.500
-5.907,-1.491,0.500
-5.884,-1.510,0.500
-5.887,-1.535,0.500
-5.898,-1.563,0.500
-6.358,-1.712,0.500
-5.860,-1.602,0.500
-5.879,-1.632,0.500
-5.872,-1.655,0.500
-5.840,-1.671,0.500
-5.791,-1.682,0.500
-5.784,-1.704,0.500
-5.837,-1.745,0.500
-5.788,-1.755,0.500
-6.187,-1.902,0.500
-5.816,-1.813,0.500
-5.826,-1.842,0.500
-6.263,-2.007,0.500
-5.778,-1.876,0.500
-5.779,-1.902,0.500
-6.246,-2.083,0.500
-6.253,-2.112,0.500
-5.781,-1.978,0.500
-5.773,-2.001,0.500
-5.732,-2.012,0.500
-5.732,-2.037,0.500
-5.724,-2.060,0.500
-5.691,-2.073,0.500
-5.716,-2.108,0.500
-5.741,-2.143,0.500
-5.691,-2.150,0.500
-5.707,-2.181,0.500
-5.691,-2.201,0.500
-5.682,-2.223,0.500
-5.632,-2.229,0.500
-5.648,-2.261,0.500
-5.589,-2.263,0.500
-5.630,-2.305,0.500
-5.621,-2.327,0.500
-5.612,-2.349,0.500
-5.619,-2.378,0.500
-5.593,-2.393,0.500
-5.592,-2.419,0.500
-5.582,-2.441,0.500
-5.564,-2.459,0.500
-5.635,-2.517,0.500
-5.994,-2.705,0.500
-5.519,-2.517,0.500
-5.501,-2.535,0.500
-5.969,-2.779,0.500
-5.529,-2.601,0.500
-5.503,-2.615,0.500
-5.484,-2.633,0.500
-5.482,-2.658,0.500
-5.495,-2.691,0.500
-5.445,-2.693,0.500
-5.458,-2.726,0.500
-5.416,-2.732,0.500
-5.421,-2.761,0.500
-5.834,-3.001,0.500
-5.399,-2.804,0.500
-5.427,-2.845,0.500
-5.377,-2.846,0.500
-5.381,-2.875,0.500
-5.354,-2.888,0.500
-5.382,-2.930,0.500
-5.722,-3.145,0.500
-5.297,-2.938,0.500
-5.331,-2.985,0.500
-5.304,-2.997,0.500
-5.292,-3.018,0.500
-5.257,-3.025,0.500
-5.284,-3.068,0.500
-5.241,-3.071,0.500
-5.221,-3.087,0.500
-5.225,-3.117,0.500
-5.212,-3.137,0.500
-5.192,-3.153,0.500
-5.149,-3.155,0.500
-5.175,-3.198,0.500
-5.162,-3.219,0.500
-5.165,-3.248,0.500
-5.084,-3.226,0.500
-5.132,-3.284,0.500
-5.111,-3.299,0.500
-5.083,-3.310,0.500
-5.085,-3.339,0.500
-5.079,-3.364,0.500
-5.044,-3.369,0.500
-5.060,-3.409,0.500
-5.426,-3.687,0.500
-5.026,-3.444,0.500
-5.404,-3.734,0.500
-5.389,-3.755,0.500
-4.985,-3.503,0.500
-5.372,-3.806,0.500
-4.928,-3.521,0.500
-4.929,-3.551,0.500
-4.922,-3.575,0.500
-4.908,-3.595,0.500
-4.880,-3.603,0.500
-4.865,-3.622,0.500
-5.025,-3.772,0.500
-4.900,-3.708,0.500
-4.844,-3.696,0.500
-5.219,-4.014,0.500
-4.828,-3.744,0.500
-5.156,-4.031,0.500
-4.778,-3.766,0.500
-4.763,-3.784,0.500
-4.755,-3.809,0.500
-4.726,-3.816,0.500
-4.718,-3.840,0.500
-4.696,-3.853,0.500
-4.660,-3.855,0.500
-4.679,-3.901,0.500
-4.650,-3.908,0.500
-4.655,-3.944,0.500
-4.613,-3.939,0.500
-4.624,-3.980,0.500
-4.589,-3.981,0.500
-4.921,-4.303,0.500
-4.490,-3.957,0.500
-4.568,-4.058,0.500
-4.479,-4.011,0.500
-4.529,-4.088,0.500
-4.818,-4.383,0.500
-4.431,-4.063,0.500
-4.435,-4.099,0.500
-4.399,-4.098,0.500
-4.748,-4.458,0.500
-4.360,-4.126,0.500
-4.719,-4.500,0.500
-4.695,-4.513,0.500
-4.337,-4.202,0.500
-4.308,-4.207,0.500
-4.642,-4.568,0.500
-4.268,-4.234,0.500
-4.600,-4.599,0.500
-4.627,-4.662,0.500
-4.224,-4.290,0.500
-4.214,-4.313,0.500
-4.516,-4.659,0.500
-4.161,-4.327,0.500
-4.163,-4.363,0.500
-4.127,-4.359,0.500
-4.110,-4.376,0.500
-4.086,-4.385,0.500
-4.081,-4.414,0.500
-4.088,-4.457,0.500
-4.041,-4.440,0.500
-4.041,-4.475,0.500
-4.006,-4.471,0.500
-3.982,-4.480,0.500
-3.940,-4.468,0.500
-3.976,-4.545,0.500
-4.243,-4.888,0.500
-3.935,-4.569,0.500
-3.887,-4.551,0.500
-3.887,-4.586,0.500
-3.863,-4.595,0.500
-3.857,-4.624,0.500
-4.152,-5.018,0.500
-3.820,-4.654,0.500
-3.808,-4.676,0.500
-4.062,-5.029,0.500
-3.765,-4.699,0.500
-4.058,-5.105,0.500
-3.722,-4.721,0.500
-3.726,-4.764,0.500
-3.953,-5.095,0.500
-3.661,-4.757,0.500
-3.760,-4.926,0.500
-3.624,-4.786,0.500
-3.610,-4.807,0.500
-3.591,-4.822,0.500
-3.870,-5.238,0.500
-3.564,-4.864,0.500
-3.534,-4.863,0.500
-3.526,-4.892,0.500
-3.475,-4.862,0.500
-3.477,-4.905,0.500
-3.457,-4.918,0.500
-3.459,-4.961,0.500
-3.414,-4.938,0.500
-3.673,-5.359,0.500
-3.385,-4.980,0.500
-3.640,-5.401,0.500
-3.336,-4.991,0.500
-3.311,-4.997,0.500
-3.316,-5.047,0.500
-3.277,-5.030,0.500
-3.257,-5.043,0.500
-3.242,-5.063,0.500
-3.482,-5.485,0.500
-3.163,-5.027,0.500
-3.177,-5.093,0.500
-3.171,-5.129,0.500
-3.391,-5.532,0.500
-3.126,-5.146,0.500
-3.115,-5.173,0.500
-3.330,-5.579,0.500
-3.079,-5.205,0.500
-3.330,-5.680,0.500
-2.988,-5.143,0.500
-3.018,-5.241,0.500
-2.970,-5.206,0.500
-2.972,-5.257,0.500
-2.934,-5.237,0.500
-3.149,-5.674,0.500
-3.123,-5.679,0.500
-2.889,-5.303,0.500
-2.872,-5.322,0.500
-2.868,-5.365,0.500
-2.818,-5.321,0.500
-2.899,-5.526,0.500
-2.776,-5.343,0.500
-2.755,-5.354,0.500
-2.730,-5.357,0.500
-2.705,-5.359,0.500
-2.696,-5.394,0.500
-2.659,-5.372,0.500
-2.633,-5.374,0.500
-2.659,-5.481,0.500
-2.820,-5.871,0.500
-2.574,-5.413,0.500
-2.560,-5.440,0.500
-2.539,-5.450,0.500
-2.734,-5.929,0.500
-2.720,-5.961,0.500
-2.486,-5.504,0.500
-2.449,-5.481,0.500
-2.439,-5.515,0.500
-2.395,-5.475,0.500
-2.593,-5.992,0.500
-2.560,-5.980,0.500
-2.345,-5.536,0.500
-2.333,-5.570,0.500
-2.298,-5.546,0.500
-2.276,-5.555,0.500
-2.281,-5.630,0.500
-2.463,-6.148,0.500
-2.214,-5.590,0.500
-2.192,-5.598,0.500
-2.173,-5.615,0.500
-2.154,-5.632,0.500
-2.132,-5.641,0.500
-2.113,-5.657,0.500
-2.190,-5.934,0.500
-2.059,-5.648,0.500
-2.028,-5.631,0.500
-2.009,-5.647,0.500
-1.989,-5.664,0.500
-1.967,-5.671,0.500
-1.945,-5.679,0.500
-1.917,-5.670,0.500
-1.900,-5.694,0.500
-1.892,-5.744,0.500
-2.008,-6.179,0.500
-1.836,-5.725,0.500
-1.827,-5.775,0.500
-1.788,-5.730,0.500
-1.766,-5.737,0.500
-1.746,-5.753,0.500
-1.867,-6.240,0.500
-1.840,-6.239,0.500
-1.685,-5.799,0.500
-1.660,-5.797,0.500
-1.627,-5.769,0.500
-1.583,-5.696,0.500
-1.715,-6.266,0.500
-1.703,-6.319,0.500
-1.541,-5.811,0.500
-1.518,-5.817,0.500
-1.480,-5.761,0.500
-1.457,-5.767,0.500
-1.572,-6.328,0.500
-1.429,-5.849,0.500
-1.402,-5.837,0.500
-1.373,-5.816,0.500
-1.471,-6.344,0.500
-1.335,-5.862,0.500
-1.421,-6.356,0.500
-1.396,-6.361,0.500
-1.266,-5.877,0.500
-1.230,-5.820,0.500
-1.203,-5.807,0.500
-1.173,-5.775,0.500
-1.255,-6.308,0.500
-1.223,-6.273,0.500
-1.129,-5.914,0.500
-1.089,-5.829,0.500
-1.069,-5.852,0.500
-1.044,-5.847,0.500
-1.108,-6.344,0.500
-1.075,-6.300,0.500
-0.987,-5.930,0.500
-0.961,-5.916,0.500
-0.939,-5.929,0.500
-0.915,-5.924,0.500
-0.900,-5.981,0.500
-0.859,-5.867,0.500
-0.846,-5.943,0.500
-0.829,-5.991,0.500
-0.801,-5.958,0.500
-0.781,-5.988,0.500
-0.819,-6.477,0.500
-0.729,-5.959,0.500
-0.697,-5.889,0.500
-0.688,-6.009,0.500
-0.654,-5.922,0.500
-0.686,-6.444,0.500
-0.603,-5.881,0.500
-0.636,-6.449,0.500
-0.601,-6.355,0.500
-0.535,-5.906,0.500
-0.512,-5.908,0.500
-0.487,-5.891,0.500
-0.459,-5.828,0.500
-0.438,-5.858,0.500
-0.421,-5.943,0.500
-0.397,-5.926,0.500
-0.374,-5.937,0.500
-0.351,-5.947,0.500
-0.326,-5.921,0.500
-0.303,-5.922,0.500
-0.279,-5.914,0.500
-0.256,-5.915,0.500
-0.232,-5.898,0.500
-0.213,-6.026,0.500
-0.187,-5.955,0.500
-0.163,-5.919,0.500
-0.140,-5.928,0.500
-0.116,-5.910,0.500
-0.093,-5.929,0.500
-0.070,-5.930,0.500
-0.047,-5.948,0.500
-0.024,-5.921,0.500
-0.000,-5.921,0.500
0.023,-5.912,0.500
0.050,-6.448,0.500
0.070,-5.930,0.500
0.093,-5.948,0.500
0.116,-5.947,0.500
0.147,-6.256,0.500
0.162,-5.909,0.500
0.186,-5.927,0.500
0.208,-5.899,0.500
0.234,-5.953,0.500
0.280,-6.491,0.500
0.276,-5.868,0.500
0.304,-5.959,0.500
0.357,-6.495,0.500
0.349,-5.920,0.500
0.377,-6.000,0.500
0.433,-6.474,0.500
0.420,-5.934,0.500
0.443,-5.932,0.500
0.466,-5.930,0.500
0.488,-5.910,0.500
0.508,-5.871,0.500
0.578,-6.390,0.500
0.559,-5.922,0.500
0.585,-5.947,0.500
0.603,-5.890,0.500
0.627,-5.897,0.500
0.652,-5.913,0.500
0.679,-5.937,0.500
0.754,-6.371,0.500
0.782,-6.393,0.500
0.742,-5.874,0.500
0.755,-5.797,0.500
0.777,-5.785,0.500
0.803,-5.810,0.500
0.892,-6.270,0.500
0.850,-5.813,0.500
0.877,-5.837,0.500
0.892,-5.778,0.500
0.913,-5.765,0.500
0.944,-5.817,0.500
0.966,-5.804,0.500
0.999,-5.864,0.500
1.103,-6.320,0.500
1.044,-5.847,0.500
1.063,-5.825,0.500
1.091,-5.847,0.500
1.202,-6.302,0.500
1.228,-6.305,0.500
1.162,-5.843,0.500
1.179,-5.812,0.500
1.208,-5.834,0.500
1.257,-5.952,0.500
1.242,-5.770,0.500
1.271,-5.792,0.500
1.291,-5.778,0.500
1.316,-5.782,0.500
1.345,-5.804,0.500
1.366,-5.790,0.500
1.391,-5.793,0.500
1.522,-6.233,0.500
1.537,-6.187,0.500
1.459,-5.776,0.500
1.508,-5.875,0.500
1.492,-5.720,0.500
1.524,-5.750,0.500
1.552,-5.761,0.500
1.579,-5.773,0.500
1.585,-5.705,0.500
1.617,-5.734,0.500
1.632,-5.701,0.500
1.662,-5.721,0.500
1.679,-5.697,0.500
1.702,-5.690,0.500
1.865,-6.147,0.500
1.752,-5.694,0.500
1.766,-5.661,0.500
1.785,-5.645,0.500
1.799,-5.612,0.500
1.975,-6.078,0.500
1.854,-5.633,0.500
1.877,-5.625,0.500
1.896,-5.609,0.500
2.078,-6.070,0.500
1.961,-5.655,0.500
1.980,-5.638,0.500
2.155,-6.060,0.500
1.999,-5.553,0.500
2.037,-5.589,0.500
2.232,-6.050,0.500
2.074,-5.555,0.500
2.093,-5.539,0.500
2.114,-5.530,0.500
2.149,-5.556,0.500
2.338,-5.975,0.500
2.179,-5.505,0.500
2.208,-5.514,0.500
2.226,-5.496,0.500
2.255,-5.505,0.500
2.266,-5.470,0.500
2.298,-5.487,0.500
2.294,-5.418,0.500
2.505,-5.853,0.500
2.359,-5.451,0.500
2.373,-5.425,0.500
2.604,-5.890,0.500
2.415,-5.406,0.500
2.440,-5.405,0.500
2.458,-5.387,0.500
2.490,-5.402,0.500
2.712,-5.823,0.500
2.517,-5.349,0.500
2.546,-5.356,0.500
2.567,-5.346,0.500
2.807,-5.787,0.500
2.625,-5.358,0.500
2.638,-5.332,0.500
2.646,-5.297,0.500
2.879,-5.706,0.500
2.688,-5.276,0.500
2.721,-5.289,0.500
2.725,-5.246,0.500
2.758,-5.260,0.500
2.775,-5.241,0.500
2.791,-5.222,0.500
2.816,-5.219,0.500
2.854,-5.240,0.500
3.055,-5.557,0.500
2.882,-5.193,0.500
2.902,-5.182,0.500
2.962,-5.242,0.500
2.933,-5.143,0.500
2.944,-5.116,0.500
3.239,-5.576,0.500
3.289,-5.612,0.500
3.051,-5.159,0.500
3.099,-5.194,0.500
3.049,-5.065,0.500
3.088,-5.084,0.500
3.151,-5.142,0.500
3.157,-5.106,0.500
3.128,-5.016,0.500
3.216,-5.112,0.500
3.197,-5.038,0.500
3.265,-5.101,0.500
3.498,-5.417,0.500
3.286,-5.045,0.500
3.306,-5.032,0.500
3.315,-5.004,0.500
3.360,-5.029,0.500
3.631,-5.388,0.500
3.384,-4.980,0.500
3.394,-4.952,0.500
3.408,-4.931,0.500
3.437,-4.932,0.500
3.457,-4.919,0.500
3.429,-4.838,0.500
3.787,-5.299,0.500
3.515,-4.878,0.500
3.507,-4.827,0.500
3.553,-4.850,0.500
3.572,-4.836,0.500
3.601,-4.836,0.500
3.593,-4.786,0.500
3.931,-5.193,0.500
3.946,-5.171,0.500
3.627,-4.714,0.500
3.634,-4.686,0.500
3.675,-4.700,0.500
3.982,-5.051,0.500
4.042,-5.086,0.500
3.702,-4.621,0.500
3.720,-4.606,0.500
3.761,-4.620,0.500
4.086,-4.978,0.500
3.768,-4.555,0.500
3.821,-4.582,0.500
4.128,-4.911,0.500
3.863,-4.559,0.500
3.851,-4.509,0.500
3.881,-4.508,0.500
4.210,-4.852,0.500
3.904,-4.464,0.500
3.934,-4.462,0.500
3.927,-4.419,0.500
3.944,-4.404,0.500
3.974,-4.402,0.500
4.356,-4.787,0.500
4.364,-4.758,0.500
4.044,-4.375,0.500
4.036,-4.332,0.500
4.053,-4.316,0.500
4.070,-4.300,0.500
4.423,-4.636,0.500
4.084,-4.248,0.500
4.127,-4.259,0.500
4.257,-4.358,0.500
4.243,-4.310,0.500
4.222,-4.255,0.500
4.238,-4.238,0.500
4.306,-4.272,0.500
4.519,-4.449,0.500
4.275,-4.175,0.500
4.311,-4.178,0.500
4.340,-4.173,0.500
4.277,-4.081,0.500
4.373,-4.139,0.500
4.724,-4.436,0.500
4.385,-4.086,0.500
4.395,-4.063,0.500
4.424,-4.058,0.500
4.433,-4.034,0.500
4.780,-4.316,0.500
4.478,-4.011,0.500
4.467,-3.969,0.500
4.489,-3.958,0.500
4.525,-3.958,0.500
4.575,-3.970,0.500
4.597,-3.958,0.500
4.537,-3.875,0.500
4.524,-3.834,0.500
4.546,-3.822,0.500
4.547,-3.792,0.500
4.555,-3.768,0.500
4.675,-3.837,0.500
5.001,-4.071,0.500
4.621,-3.732,0.500
4.671,-3.742,0.500
4.635,-3.684,0.500
4.664,-3.677,0.500
4.642,-3.630,0.500
4.715,-3.657,0.500
5.065,-3.897,0.500
4.714,-3.598,0.500
4.721,-3.574,0.500
4.750,-3.566,0.500
4.800,-3.575,0.500
4.978,-3.677,0.500
4.886,-3.579,0.500
4.805,-3.491,0.500
4.870,-3.509,0.500
4.847,-3.464,0.500
5.261,-3.729,0.500
5.315,-3.736,0.500
4.910,-3.422,0.500
4.893,-3.382,0.500
4.838,-3.316,0.500
5.189,-3.527,0.500
4.978,-3.355,0.500
5.021,-3.355,0.500
5.034,-3.335,0.500
4.995,-3.281,0.500
5.053,-3.291,0.500
5.073,-3.276,0.500
5.048,-3.232,0.500
5.030,-3.192,0.500
5.513,-3.468,0.500
5.094,-3.177,0.500
5.114,-3.161,0.500
5.157,-3.160,0.500
5.131,-3.116,0.500
5.158,-3.106,0.500
5.163,-3.081,0.500
5.606,-3.315,0.500
5.148,-3.017,0.500
5.183,-3.011,0.500
5.211,-2.999,0.500
5.214,-2.974,0.500
5.218,-2.949,0.500
5.230,-2.929,0.500
5.257,-2.917,0.500
5.292,-2.909,0.500
5.620,-3.061,0.500
5.283,-2.851,0.500
5.326,-2.847,0.500
5.297,-2.805,0.500
5.711,-2.995,0.500
5.279,-2.742,0.500
5.354,-2.754,0.500
5.341,-2.721,0.500
5.351,-2.700,0.500
5.805,-2.900,0.500
5.397,-2.670,0.500
5.415,-2.653,0.500
5.442,-2.639,0.500
5.648,-2.712,0.500
5.946,-2.827,0.500
5.440,-2.560,0.500
5.458,-2.542,0.500
5.452,-2.513,0.500
5.470,-2.495,0.500
5.870,-2.650,0.500
5.835,-2.607,0.500
5.424,-2.398,0.500
5.508,-2.409,0.500
5.948,-2.574,0.500
5.519,-2.362,0.500
5.528,-2.341,0.500
5.570,-2.333,0.500
5.554,-2.301,0.500
6.019,-2.466,0.500
5.630,-2.280,0.500
5.573,-2.232,0.500
5.615,-2.223,0.500
5.607,-2.194,0.500
5.674,-2.195,0.500
5.616,-2.147,0.500
5.649,-2.135,0.500
6.101,-2.278,0.500
5.640,-2.081,0.500
5.649,-2.059,0.500
5.640,-2.030,0.500
5.682,-2.020,0.500
5.672,-1.992,0.500
5.680,-1.970,0.500
5.722,-1.959,0.500
5.678,-1.919,0.500
5.703,-1.903,0.500
5.736,-1.889,0.500
5.735,-1.863,0.500
5.725,-1.835,0.500
5.715,-1.807,0.500
5.748,-1.793,0.500
6.225,-1.915,0.500
5.753,-1.745,0.500
5.794,-1.733,0.500
5.784,-1.705,0.500
6.216,-1.806,0.500
6.246,-1.788,0.500
6.245,-1.761,0.500
5.749,-1.597,0.500
5.799,-1.586,0.500
5.770,-1.554,0.500
6.288,-1.667,0.500
5.809,-1.516,0.500
5.832,-1.497,0.500
5.776,-1.459,0.500
5.782,-1.436,0.500
5.752,-1.405,0.500
6.247,-1.499,0.500
5.763,-1.359,0.500
5.777,-1.339,0.500
5.897,-1.342,0.500
5.760,-1.287,0.500
5.819,-1.277,0.500
6.264,-1.348,0.500
5.811,-1.227,0.500
6.354,-1.316,0.500
6.090,-1.236,0.500
5.807,-1.155,0.500
5.775,-1.125,0.500
5.780,-1.102,0.500
5.829,-1.088,0.500
6.375,-1.164,0.500
5.856,-1.046,0.500
5.842,-1.019,0.500
5.837,-0.995,0.500
5.831,-0.970,0.500
6.151,-0.999,0.500
5.857,-0.927,0.500
5.879,-0.907,0.500
5.882,-0.884,0.500
5.868,-0.858,0.500
5.871,-0.835,0.500
6.363,-0.880,0.500
5.804,-0.779,0.500
5.880,-0.766,0.500
6.062,-0.766,0.500
5.895,-0.721,0.500
5.825,-0.689,0.500
5.910,-0.676,0.500
6.393,-0.706,0.500
5.897,-0.627,0.500
5.890,-0.603,0.500
5.892,-0.580,0.500
6.379,-0.603,0.500
5.906,-0.535,0.500
6.376,-0.552,0.500
5.928,-0.490,0.500
5.921,-0.466,0.500
5.932,-0.443,0.500
5.934,-0.420,0.500
5.908,-0.395,0.500
5.918,-0.372,0.500
5.993,-0.353,0.500
6.414,-0.353,0.500
5.968,-0.305,0.500
5.933,-0.280,0.500
5.878,-0.254,0.500
6.435,-0.253,0.500
5.954,-0.210,0.500
6.429,-0.202,0.500
5.937,-0.163,0.500
5.947,-0.140,0.500
5.956,-0.117,0.500
5.939,-0.093,0.500
5.948,-0.070,0.500
6.021,-0.047,0.500
5.921,-0.023,0.500
5.875,0.000,1.000
6.030,0.024,1.000
6.012,0.047,1.000
6.012,0.071,1.000
6.002,0.095,1.000
5.938,0.117,1.000
6.028,0.142,1.000
6.510,0.179,1.000
6.009,0.189,1.000
5.990,0.212,1.000
5.998,0.236,1.000
6.006,0.260,1.000
5.978,0.282,1.000
6.076,0.311,1.000
5.994,0.330,1.000
6.002,0.354,1.000
6.000,0.378,1.000
6.017,0.403,1.000
5.970,0.423,1.000
5.995,0.448,1.000
5.939,0.468,1.000
5.983,0.495,1.000
5.972,0.517,1.000
6.502,0.589,1.000
5.949,0.563,1.000
5.947,0.586,1.000
5.972,0.612,1.000
6.188,0.659,1.000
5.976,0.660,1.000
5.955,0.681,1.000
6.436,0.762,1.000
5.994,0.734,1.000
5.947,0.752,1.000
5.935,0.774,1.000
5.967,0.802,1.000
6.451,0.893,1.000
6.424,0.915,1.000
5.849,0.856,1.000
5.918,0.890,1.000
5.933,0.916,1.000
5.920,0.938,1.000
5.925,0.963,1.000
5.904,0.983,1.000
5.918,1.009,1.000
6.408,1.119,1.000
5.909,1.056,1.000
5.878,1.074,1.000
5.910,1.104,1.000
5.923,1.130,1.000
5.910,1.152,1.000
5.879,1.170,1.000
5.927,1.203,1.000
5.878,1.218,1.000
5.873,1.241,1.000
6.232,1.342,1.000
6.354,1.394,1.000
5.858,1.310,1.000
5.853,1.333,1.000
5.857,1.358,1.000
5.860,1.383,1.000
5.855,1.406,1.000
5.893,1.439,1.000
5.843,1.452,1.000
5.829,1.473,1.000
5.814,1.493,1.000
5.817,1.518,1.000
5.829,1.546,1.000
5.822,1.569,1.000
5.790,1.584,1.000
5.810,1.614,1.000
5.812,1.640,1.000
5.762,1.650,1.000
5.721,1.662,1.000
5.749,1.695,1.000
5.760,1.723,1.000
5.753,1.746,1.000
6.209,1.911,1.000
5.773,1.801,1.000
5.749,1.819,1.000
5.725,1.836,1.000
5.943,1.931,1.000
5.770,1.900,1.000
5.711,1.906,1.000
5.704,1.928,1.000
5.671,1.942,1.000
5.680,1.970,1.000
6.122,2.150,1.000
5.673,2.018,1.000
5.673,2.043,1.000
6.043,2.203,1.000
5.674,2.094,1.000
5.682,2.122,1.000
5.615,2.122,1.000
5.582,2.135,1.000
6.029,2.333,1.000
5.928,2.321,1.000
5.444,2.156,1.000
5.547,2.222,1.000
5.488,2.223,1.000
5.960,2.442,1.000
5.912,2.449,1.000
5.470,2.291,1.000
5.824,2.467,1.000
5.468,2.341,1.000
5.417,2.344,1.000
5.748,2.515,1.000
5.424,2.398,1.000
5.414,2.419,1.000
5.430,2.452,1.000
5.395,2.462,1.000
5.385,2.483,1.000
5.830,2.716,1.000
5.365,2.525,1.000
5.347,2.542,1.000
5.345,2.567,1.000
5.335,2.588,1.000
5.333,2.613,1.000
5.743,2.842,1.000
5.305,2.651,1.000
5.335,2.692,1.000
5.284,2.693,1.000
5.281,2.717,1.000
5.262,2.734,1.000
5.348,2.805,1.000
5.670,3.003,1.000
5.230,2.796,1.000
5.219,2.816,1.000
5.183,2.824,1.000
5.196,2.857,1.000
5.660,3.141,1.000
5.109,2.862,1.000
5.154,2.914,1.000
5.159,2.943,1.000
5.139,2.959,1.000
5.120,2.974,1.000
5.116,2.999,1.000
5.515,3.262,1.000
5.170,3.086,1.000
5.127,3.087,1.000
5.123,3.112,1.000
5.141,3.151,1.000
5.098,3.152,1.000
5.512,3.438,1.000
5.492,3.456,1.000
5.083,3.227,1.000
5.056,3.237,1.000
5.020,3.242,1.000
5.038,3.281,1.000
5.443,3.576,1.000
5.456,3.615,1.000
5.051,3.375,1.000
5.045,3.400,1.000
5.024,3.415,1.000
5.047,3.460,1.000
5.390,3.726,1.000
5.034,3.509,1.000
4.977,3.498,1.000
4.927,3.492,1.000
5.299,3.787,1.000
5.225,3.765,1.000
4.900,3.561,1.000
4.914,3.601,1.000
4.879,3.604,1.000
4.886,3.639,1.000
4.843,3.637,1.000
4.871,3.688,1.000
4.967,3.791,1.000
4.828,3.716,1.000
5.024,3.897,1.000
4.764,3.726,1.000
4.749,3.745,1.000
4.741,3.769,1.000
4.761,3.815,1.000
4.774,3.856,1.000
4.690,3.819,1.000
4.682,3.843,1.000
4.673,3.867,1.000
4.651,3.879,1.000
4.650,3.909,1.000
5.005,4.241,1.000
4.605,3.934,1.000
4.590,3.952,1.000
4.628,4.016,1.000
4.605,4.029,1.000
4.616,4.070,1.000
4.587,4.077,1.000
4.571,4.095,1.000
4.574,4.130,1.000
4.551,4.142,1.000
4.881,4.477,1.000
4.840,4.475,1.000
4.489,4.183,1.000
4.467,4.195,1.000
4.456,4.219,1.000
4.465,4.260,1.000
4.385,4.217,1.000
4.400,4.265,1.000
4.402,4.300,1.000
4.341,4.274,1.000
4.696,4.660,1.000
4.339,4.339,1.000
4.284,4.319,1.000
4.255,4.323,1.000
4.250,4.352,1.000
4.565,4.712,1.000
4.530,4.712,1.000
4.187,4.389,1.000
4.188,4.425,1.000
4.134,4.403,1.000
4.128,4.432,1.000
4.447,4.812,1.000
4.094,4.464,1.000
4.082,4.487,1.000
4.112,4.555,1.000
4.041,4.512,1.000
3.999,4.501,1.000
4.328,4.910,1.000
3.987,4.559,1.000
3.975,4.582,1.000
3.957,4.597,1.000
3.951,4.626,1.000
4.241,5.006,1.000
3.903,4.644,1.000
3.884,4.659,1.000
3.855,4.660,1.000
3.836,4.675,1.000
3.818,4.691,1.000
3.805,4.712,1.000
3.820,4.769,1.000
3.801,4.784,1.000
4.119,5.226,1.000
3.736,4.779,1.000
3.734,4.814,1.000
3.704,4.815,1.000
3.989,5.228,1.000
3.964,5.237,1.000
3.652,4.865,1.000
3.638,4.887,1.000
3.614,4.894,1.000
3.589,4.901,1.000
3.575,4.922,1.000
3.551,4.929,1.000
3.537,4.950,1.000
3.532,4.985,1.000
3.498,4.978,1.000
3.498,5.020,1.000
3.453,4.998,1.000
3.695,5.392,1.000
3.439,5.061,1.000
3.404,5.053,1.000
3.404,5.095,1.000
3.355,5.064,1.000
3.426,5.216,1.000
3.339,5.128,1.000
3.299,5.111,1.000
3.289,5.139,1.000
3.235,5.099,1.000
3.493,5.553,1.000
3.219,5.162,1.000
3.198,5.175,1.000
3.178,5.187,1.000
3.413,5.621,1.000
3.387,5.628,1.000
3.112,5.217,1.000
3.101,5.244,1.000
3.305,5.640,1.000
3.059,5.269,1.000
3.025,5.257,1.000
3.044,5.338,1.000
2.988,5.289,1.000
2.976,5.316,1.000
2.951,5.320,1.000
2.934,5.339,1.000
2.913,5.351,1.000
2.888,5.354,1.000
2.867,5.366,1.000
2.834,5.353,1.000
2.829,5.396,1.000
2.804,5.399,1.000
2.774,5.394,1.000
2.761,5.421,1.000
2.736,5.424,1.000
2.723,5.450,1.000
2.895,5.852,1.000
2.695,5.503,1.000
2.658,5.482,1.000
2.629,5.476,1.000
2.623,5.519,1.000
2.745,5.835,1.000
2.561,5.499,1.000
2.554,5.541,1.000
2.525,5.535,1.000
2.693,5.965,1.000
2.474,5.538,1.000
2.470,5.589,1.000
2.459,5.622,1.000
2.412,5.575,1.000
2.397,5.601,1.000
2.542,6.005,1.000
2.356,5.628,1.000
2.516,6.076,1.000
2.477,6.049,1.000
2.283,5.639,1.000
2.261,5.648,1.000
2.239,5.657,1.000
2.239,5.723,1.000
2.361,6.104,1.000
2.172,5.683,1.000
2.147,5.683,1.000
2.127,5.699,1.000
2.132,5.782,1.000
2.199,6.036,1.000
2.060,5.724,1.000
2.038,5.732,1.000
2.015,5.740,1.000
1.992,5.748,1.000
2.124,6.207,1.000
2.105,6.230,1.000
1.925,5.771,1.000
1.910,5.804,1.000
1.874,5.769,1.000
1.859,5.802,1.000
1.831,5.792,1.000
1.819,5.833,1.000
1.933,6.286,1.000
1.881,6.202,1.000
1.747,5.846,1.000
1.722,5.844,1.000
1.709,5.885,1.000
1.674,5.849,1.000
1.663,5.898,1.000
1.762,6.344,1.000
1.600,5.851,1.000
1.579,5.866,1.000
1.558,5.881,1.000
1.540,5.904,1.000
1.514,5.901,1.000
1.606,6.361,1.000
1.464,5.896,1.000
1.445,5.919,1.000
1.430,5.959,1.000
1.497,6.347,1.000
1.441,6.218,1.000
1.344,5.906,1.000
1.328,5.946,1.000
1.303,5.942,1.000
1.278,5.939,1.000
1.258,5.961,1.000
1.233,5.957,1.000
1.208,5.953,1.000
1.188,5.976,1.000
1.163,5.971,1.000
1.144,6.002,1.000
1.119,5.998,1.000
1.175,6.438,1.000
1.069,5.989,1.000
1.047,6.002,1.000
1.022,5.997,1.000
0.994,5.975,1.000
1.057,6.514,1.000
0.951,6.009,1.000
0.929,6.021,1.000
0.906,6.034,1.000
0.880,6.020,1.000
0.858,6.032,1.000
0.830,6.009,1.000
0.808,6.021,1.000
0.788,6.050,1.000
0.766,6.071,1.000
0.737,6.030,1.000
0.713,6.033,1.000
0.686,6.009,1.000
0.668,6.056,1.000
0.638,6.005,1.000
0.617,6.025,1.000
0.597,6.072,1.000
0.569,6.030,1.000
0.548,6.059,1.000
0.525,6.070,1.000
0.497,6.027,1.000
0.472,6.003,1.000
0.453,6.067,1.000
0.429,6.068,1.000
0.407,6.105,1.000
0.413,6.571,1.000
0.384,6.533,1.000
0.331,6.021,1.000
0.311,6.102,1.000
0.285,6.068,1.000
0.262,6.087,1.000
0.239,6.105,1.000
0.231,6.564,1.000
0.191,6.098,1.000
0.167,6.099,1.000
0.141,6.001,1.000
0.119,6.109,1.000
0.095,6.127,1.000
0.071,6.092,1.000
0.047,6.066,1.000
0.023,6.075,1.000
-0.001,6.092,1.000
-0.027,6.568,1.000
-0.049,6.083,1.000
-0.073,6.092,1.000
-0.096,6.074,1.000
-0.121,6.109,1.000
-0.155,6.559,1.000
-0.181,6.566,1.000
-0.192,6.072,1.000
-0.217,6.124,1.000
-0.239,6.061,1.000
-0.264,6.087,1.000
-0.285,6.023,1.000
-0.314,6.128,1.000
-0.363,6.574,1.000
-0.386,6.525,1.000
-0.383,6.080,1.000
-0.407,6.070,1.000
-0.430,6.059,1.000
-0.455,6.075,1.000
-0.522,6.618,1.000
-0.541,6.538,1.000
-0.566,6.528,1.000
-0.550,6.059,1.000
-0.570,6.021,1.000
-0.595,6.028,1.000
-0.621,6.052,1.000
-0.645,6.049,1.000
-0.666,6.020,1.000
-0.695,6.070,1.000
-0.717,6.050,1.000
-0.743,6.065,1.000
-0.818,6.469,1.000
-0.780,5.979,1.000
-0.807,6.003,1.000
-0.833,6.017,1.000
-0.858,6.023,1.000
-0.878,5.993,1.000
-0.905,6.016,1.000
-0.929,6.012,1.000
-0.954,6.017,1.000
-0.978,6.013,1.000
-1.078,6.471,1.000
-1.016,5.953,1.000
-1.056,6.045,1.000
-1.073,6.006,1.000
-1.185,6.484,1.000
-1.119,5.989,1.000
-1.141,5.976,1.000
-1.161,5.954,1.000
-1.189,5.975,1.000
-1.211,5.962,1.000
-1.235,5.957,1.000
-1.260,5.961,1.000
-1.281,5.947,1.000
-1.303,5.933,1.000
-1.330,5.945,1.000
-1.339,5.879,1.000
-1.375,5.926,1.000
-1.507,6.385,1.000
-1.423,5.924,1.000
-1.436,5.875,1.000
-1.476,5.938,1.000
-1.491,5.898,1.000
-1.516,5.901,1.000
-1.532,5.869,1.000
-1.567,5.906,1.000
-1.717,6.372,1.000
-1.609,5.876,1.000
-1.629,5.861,1.000
-1.647,5.838,1.000
-1.678,5.857,1.000
-1.735,5.968,1.000
-1.860,6.308,1.000
-1.747,5.837,1.000
-1.905,6.278,1.000
-1.792,5.823,1.000
-1.815,5.816,1.000
-1.841,5.817,1.000
-2.016,6.284,1.000
-1.884,5.794,1.000
-1.906,5.787,1.000
-1.909,5.720,1.000
-1.946,5.755,1.000
-1.969,5.747,1.000
-2.158,6.220,1.000
-2.172,6.182,1.000
-2.042,5.740,1.000
-2.062,5.724,1.000
-2.084,5.715,1.000
-2.113,5.724,1.000
-2.132,5.707,1.000
-2.158,5.707,1.000
-2.167,5.665,1.000
-2.193,5.665,1.000
-2.395,6.116,1.000
-2.247,5.672,1.000
-2.269,5.664,1.000
-2.291,5.655,1.000
-2.297,5.605,1.000
-2.319,5.595,1.000
-2.544,6.073,1.000
-2.537,5.990,1.000
-2.586,6.038,1.000
-2.603,6.013,1.000
-2.601,5.945,1.000
-2.464,5.572,1.000
-2.479,5.546,1.000
-2.486,5.504,1.000
-2.533,5.550,1.000
-2.548,5.524,1.000
-2.784,5.975,1.000
-2.798,5.943,1.000
-2.613,5.494,1.000
-2.634,5.484,1.000
-2.667,5.497,1.000
-2.677,5.463,1.000
-2.691,5.436,1.000
-2.732,5.465,1.000
-2.737,5.423,1.000
-2.763,5.420,1.000
-2.784,5.409,1.000
-2.977,5.729,1.000
-2.831,5.395,1.000
-2.852,5.384,1.000
-2.852,5.333,1.000
-2.890,5.353,1.000
-2.911,5.342,1.000
-3.173,5.769,1.000
-3.180,5.729,1.000
-2.995,5.346,1.000
-2.994,5.296,1.000
-3.002,5.261,1.000
-3.040,5.280,1.000
-3.074,5.291,1.000
-3.249,5.542,1.000
-3.093,5.228,1.000
-3.132,5.246,1.000
-3.130,5.196,1.000
-3.141,5.169,1.000
-3.340,5.449,1.000
-3.186,5.151,1.000
-3.211,5.146,1.000
-3.231,5.134,1.000
-3.242,5.106,1.000
-3.266,5.101,1.000
-3.286,5.088,1.000
-3.560,5.464,1.000
-3.469,5.279,1.000
-3.336,5.034,1.000
-3.366,5.036,1.000
-3.386,5.022,1.000
-3.415,5.024,1.000
-3.470,5.061,1.000
-3.429,4.960,1.000
-3.454,4.954,1.000
-3.458,4.918,1.000
-3.513,4.956,1.000
-3.811,5.331,1.000
-3.547,4.921,1.000
-3.566,4.907,1.000
-3.575,4.878,1.000
-3.610,4.886,1.000
-3.910,5.248,1.000
-3.926,5.227,1.000
-3.662,4.836,1.000
-3.654,4.786,1.000
-3.667,4.764,1.000
-3.740,4.820,1.000
-3.737,4.778,1.000
-3.745,4.749,1.000
-3.780,4.755,1.000
-3.805,4.747,1.000
-3.812,4.718,1.000
-3.930,4.825,1.000
-3.866,4.709,1.000
-3.862,4.666,1.000
-4.187,5.019,1.000
-3.932,4.676,1.000
-3.911,4.614,1.000
-3.929,4.598,1.000
-4.192,4.868,1.000
-3.982,4.587,1.000
-3.994,4.565,1.000
-4.018,4.556,1.000
-4.048,4.553,1.000
-4.036,4.504,1.000
-4.077,4.515,1.000
-4.411,4.846,1.000
-4.414,4.811,1.000
-4.136,4.473,1.000
-4.172,4.476,1.000
-4.159,4.427,1.000
-4.183,4.418,1.000
-4.524,4.740,1.000
-4.520,4.700,1.000
-4.216,4.349,1.000
-4.227,4.326,1.000
-4.598,4.669,1.000
-4.248,4.280,1.000
-4.340,4.338,1.000
-4.300,4.265,1.000
-4.323,4.255,1.000
-4.366,4.262,1.000
-4.376,4.239,1.000
-4.373,4.203,1.000
-4.415,4.211,1.000
-4.426,4.187,1.000
-4.410,4.139,1.000
-4.452,4.146,1.000
-4.475,4.135,1.000
-4.465,4.093,1.000
-4.487,4.082,1.000
-4.847,4.374,1.000
-4.526,4.052,1.000
-4.528,4.022,1.000
-4.551,4.011,1.000
-4.560,3.987,1.000
-4.980,4.319,1.000
-4.979,4.284,1.000
-4.593,3.921,1.000
-4.629,3.920,1.000
-4.658,3.914,1.000
-5.033,4.196,1.000
-4.661,3.854,1.000
-4.690,3.847,1.000
-4.719,3.840,1.000
-4.727,3.816,1.000
-4.742,3.797,1.000
-4.770,3.790,1.000
-4.785,3.771,1.000
-4.793,3.747,1.000
-4.822,3.739,1.000
-4.822,3.709,1.000
-4.837,3.690,1.000
-4.851,3.671,1.000
-5.228,3.924,1.000
-4.873,3.627,1.000
-4.887,3.608,1.000
-4.923,3.605,1.000
-4.922,3.575,1.000
-4.972,3.581,1.000
-5.351,3.822,1.000
-4.957,3.512,1.000
-4.956,3.482,1.000
-4.977,3.467,1.000
-4.976,3.438,1.000
-5.353,3.667,1.000
-5.032,3.418,1.000
-5.448,3.670,1.000
-5.429,3.626,1.000
-5.042,3.339,1.000
-5.078,3.334,1.000
-5.076,3.304,1.000
-5.492,3.545,1.000
-5.486,3.510,1.000
-5.167,3.278,1.000
-5.112,3.215,1.000
-5.506,3.433,1.000
-5.160,3.189,1.000
-5.165,3.164,1.000
-5.177,3.143,1.000
-5.250,3.160,1.000
-5.263,3.139,1.000
-5.214,3.082,1.000
-5.226,3.062,1.000
-5.238,3.041,1.000
-5.258,3.025,1.000
-5.262,3.000,1.000
-5.274,2.979,1.000
-5.301,2.967,1.000
-5.320,2.951,1.000
-5.339,2.934,1.000
-5.769,3.141,1.000
-5.315,2.867,1.000
-5.374,2.871,1.000
-5.353,2.833,1.000
-5.365,2.812,1.000
-5.808,3.016,1.000
-5.713,2.938,1.000
-5.365,2.732,1.000
-5.408,2.727,1.000
-5.869,2.931,1.000
-5.722,2.829,1.000
-5.448,2.667,1.000
-5.466,2.650,1.000
-5.428,2.605,1.000
-5.438,2.584,1.000
-5.432,2.555,1.000
-5.926,2.759,1.000
-5.517,2.542,1.000
-5.948,2.712,1.000
-5.529,2.495,1.000
-5.539,2.473,1.000
-5.548,2.452,1.000
-5.550,2.426,1.000
-5.567,2.408,1.000
-6.017,2.574,1.000
-5.635,2.385,1.000
-5.595,2.342,1.000
-5.588,2.313,1.000
-5.605,2.295,1.000
-5.623,2.276,1.000
-6.083,2.435,1.000
-6.078,2.405,1.000
-5.649,2.210,1.000
-5.649,2.184,1.000
-5.666,2.165,1.000
-5.666,2.140,1.000
-5.725,2.136,1.000
-5.708,2.104,1.000
-6.172,2.248,1.000
-6.037,2.172,1.000
-5.699,2.025,1.000
-5.715,2.006,1.000
-5.748,1.992,1.000
-5.748,1.966,1.000
-5.871,1.983,1.000
-6.209,2.070,1.000
-5.762,1.896,1.000
-5.811,1.887,1.000
-5.734,1.837,1.000
-5.818,1.839,1.000
-5.782,1.802,1.000
-5.832,1.793,1.000
-6.278,1.903,1.000
-6.271,1.874,1.000
-5.819,1.714,1.000
-5.825,1.691,1.000
-5.728,1.638,1.000
-5.847,1.648,1.000
-5.845,1.622,1.000
-5.894,1.611,1.000
-5.900,1.588,1.000
-5.855,1.551,1.000
-5.878,1.533,1.000
-5.876,1.507,1.000
-5.907,1.491,1.000
-5.904,1.465,1.000
-5.910,1.442,1.000
-5.890,1.413,1.000
-5.930,1.398,1.000
-5.883,1.362,1.000
-5.932,1.349,1.000
-5.937,1.326,1.000
-5.943,1.302,1.000
-5.965,1.283,1.000
-6.072,1.281,1.000
-6.440,1.332,1.000
-5.962,1.209,1.000
-5.958,1.184,1.000
-5.963,1.160,1.000
-5.967,1.137,1.000
-5.989,1.117,1.000
-5.967,1.088,1.000
-5.989,1.068,1.000
-5.993,1.045,1.000
-5.989,1.020,1.000
-5.948,0.989,1.000
-6.005,0.974,1.000
-6.044,0.956,1.000
-6.030,0.929,1.000
-6.016,0.903,1.000
-6.020,0.879,1.000
-6.014,0.855,1.000
-6.035,0.833,1.000
-6.056,0.812,1.000
-6.513,0.847,1.000
-6.036,0.761,1.000
-6.039,0.737,1.000
-6.042,0.714,1.000
-6.027,0.688,1.000
-6.029,0.664,1.000
-6.547,0.695,1.000
-6.034,0.617,1.000
-6.063,0.596,1.000
-6.048,0.570,1.000
-6.085,0.550,1.000
-6.560,0.567,1.000
-6.546,0.540,1.000
-6.065,0.476,1.000
-6.119,0.456,1.000
-6.042,0.426,1.000
-6.088,0.406,1.000
-6.555,0.411,1.000
-6.064,0.356,1.000
-6.551,0.359,1.000
-6.093,0.310,1.000
-6.086,0.286,1.000
-6.078,0.261,1.000
-6.149,0.240,1.000
-6.089,0.214,1.000
-6.133,0.191,1.000
-6.099,0.166,1.000
-6.543,0.153,1.000
-6.109,0.119,1.000
-6.092,0.094,1.000
-6.110,0.071,1.000
-6.110,0.047,1.000
-6.101,0.023,1.000
-6.084,-0.001,1.000
-6.092,-0.025,1.000
-6.083,-0.049,1.000
-6.544,-0.079,1.000
-6.100,-0.097,1.000
-6.091,-0.121,1.000
-6.126,-0.146,1.000
-6.046,-0.168,1.000
-6.063,-0.192,1.000
-6.124,-0.218,1.000
-6.079,-0.240,1.000
-6.096,-0.265,1.000
-6.059,-0.287,1.000
-6.120,-0.314,1.000
-6.566,-0.363,1.000
-6.073,-0.360,1.000
-6.115,-0.386,1.000
-6.123,-0.411,1.000
-6.520,-0.463,1.000
-6.040,-0.453,1.000
-6.047,-0.477,1.000
-6.063,-0.503,1.000
-6.052,-0.526,1.000
-6.059,-0.550,1.000
-6.092,-0.577,1.000
-6.081,-0.600,1.000
-6.061,-0.622,1.000
-6.531,-0.697,1.000
-6.528,-0.722,1.000
-5.991,-0.687,1.000
-6.032,-0.715,1.000
-6.038,-0.740,1.000
-6.018,-0.762,1.000
-6.041,-0.789,1.000
-6.047,-0.814,1.000
-6.026,-0.835,1.000
-6.014,-0.857,1.000
-6.010,-0.881,1.000
-6.503,-0.979,1.000
-6.499,-1.005,1.000
-6.017,-0.955,1.000
-6.013,-0.978,1.000
-5.966,-0.994,1.000
-5.988,-1.022,1.000
-6.010,-1.050,1.000
-6.015,-1.076,1.000
-5.993,-1.096,1.000
-6.006,-1.123,1.000
-5.967,-1.140,1.000
-5.918,-1.155,1.000
-5.958,-1.187,1.000
-6.311,-1.283,1.000
-5.948,-1.233,1.000
-6.426,-1.359,1.000
-5.973,-1.287,1.000
-5.933,-1.303,1.000
-5.928,-1.327,1.000
-5.931,-1.352,1.000
-5.926,-1.375,1.000
-5.921,-1.398,1.000
-5.915,-1.422,1.000
-5.909,-1.445,1.000
-5.921,-1.472,1.000
-5.907,-1.493,1.000
-5.901,-1.517,1.000
-5.886,-1.538,1.000
-6.303,-1.673,1.000
-5.882,-1.586,1.000
-5.885,-1.611,1.000
-5.878,-1.635,1.000
-5.863,-1.655,1.000
-5.899,-1.690,1.000
-6.081,-1.768,1.000
-5.809,-1.714,1.000
-6.277,-1.879,1.000
-6.262,-1.901,1.000
-5.780,-1.780,1.000
-6.255,-1.953,1.000
-5.800,-1.836,1.000
-5.810,-1.864,1.000
-5.777,-1.879,1.000
-5.778,-1.904,1.000
-5.787,-1.932,1.000
-6.200,-2.097,1.000
-6.199,-2.124,1.000
-5.747,-1.995,1.000
-5.723,-2.011,1.000
-5.698,-2.028,1.000
-6.044,-2.178,1.000
-5.715,-2.085,1.000
-5.690,-2.101,1.000
-5.682,-2.123,1.000
-5.715,-2.161,1.000
-5.665,-2.168,1.000
-5.698,-2.206,1.000
-5.681,-2.225,1.000
-5.639,-2.234,1.000
-5.614,-2.250,1.000
-5.638,-2.285,1.000
-5.637,-2.311,1.000
-5.620,-2.330,1.000
-5.619,-2.355,1.000
-5.577,-2.363,1.000
-5.576,-2.389,1.000
-5.574,-2.414,1.000
-5.540,-2.425,1.000
-5.563,-2.461,1.000
-6.011,-2.687,1.000
-5.568,-2.516,1.000
-5.574,-2.545,1.000
-5.532,-2.552,1.000
-5.514,-2.570,1.000
-5.504,-2.592,1.000
-5.462,-2.598,1.000
-5.555,-2.669,1.000
-5.465,-2.652,1.000
-5.463,-2.678,1.000
-5.468,-2.707,1.000
-5.449,-2.725,1.000
-5.431,-2.742,1.000
-5.372,-2.739,1.000
-5.417,-2.789,1.000
-5.366,-2.789,1.000
-5.410,-2.839,1.000
-5.376,-2.848,1.000
-5.333,-2.852,1.000
-5.330,-2.878,1.000
-5.761,-3.139,1.000
-5.720,-3.147,1.000
-5.736,-3.185,1.000
-5.268,-2.952,1.000
-5.272,-2.982,1.000
-5.260,-3.002,1.000
-5.241,-3.018,1.000
-5.237,-3.044,1.000
-5.232,-3.069,1.000
-5.626,-3.329,1.000
-5.606,-3.347,1.000
-5.620,-3.385,1.000
-5.606,-3.407,1.000
-5.566,-3.413,1.000
-5.159,-3.191,1.000
-5.169,-3.225,1.000
-5.126,-3.227,1.000
-5.532,-3.512,1.000
-5.518,-3.534,1.000
-5.340,-3.450,1.000
-5.060,-3.297,1.000
-5.076,-3.336,1.000
-5.071,-3.361,1.000
-5.050,-3.376,1.000
-5.015,-3.381,1.000
-5.009,-3.406,1.000
-5.010,-3.436,1.000
-4.974,-3.440,1.000
-4.983,-3.475,1.000
-4.984,-3.505,1.000
-4.919,-3.488,1.000
-4.941,-3.533,1.000
-4.956,-3.573,1.000
-4.928,-3.582,1.000
-4.963,-3.638,1.000
-4.914,-3.631,1.000
-4.885,-3.640,1.000
-4.857,-3.649,1.000
-4.814,-3.646,1.000
-4.835,-3.692,1.000
-4.856,-3.738,1.000
-4.813,-3.735,1.000
-4.728,-3.699,1.000
-4.783,-3.773,1.000
-4.762,-3.786,1.000
-4.747,-3.805,1.000
-4.732,-3.824,1.000
-4.751,-3.870,1.000
-4.702,-3.861,1.000
-4.686,-3.879,1.000
-4.671,-3.897,1.000
-4.656,-3.916,1.000
-4.667,-3.957,1.000
-4.625,-3.952,1.000
-4.643,-3.999,1.000
-4.948,-4.296,1.000
-4.943,-4.326,1.000
-4.973,-4.386,1.000
-4.553,-4.048,1.000
-4.524,-4.054,1.000
-4.521,-4.084,1.000
-4.886,-4.448,1.000
-4.868,-4.467,1.000
-4.460,-4.125,1.000
-4.443,-4.142,1.000
-4.401,-4.135,1.000
-4.769,-4.516,1.000
-4.740,-4.524,1.000
-4.606,-4.431,1.000
-4.368,-4.235,1.000
-4.338,-4.240,1.000
-4.302,-4.238,1.000
-4.667,-4.633,1.000
-4.654,-4.657,1.000
-4.284,-4.320,1.000
-4.285,-4.355,1.000
-4.250,-4.353,1.000
-4.232,-4.370,1.000
-4.276,-4.450,1.000
-4.161,-4.364,1.000
-4.487,-4.743,1.000
-4.151,-4.423,1.000
-4.146,-4.452,1.000
-4.128,-4.468,1.000
-4.379,-4.777,1.000
-4.081,-4.488,1.000
-4.075,-4.517,1.000
-4.058,-4.533,1.000
-4.022,-4.529,1.000
-4.057,-4.604,1.000
-4.323,-4.945,1.000
-4.298,-4.956,1.000
-4.304,-5.003,1.000
-3.973,-4.654,1.000
-3.926,-4.636,1.000
-3.913,-4.658,1.000
-4.215,-5.058,1.000
-3.876,-4.689,1.000
-3.864,-4.711,1.000
-3.789,-4.656,1.000
-3.827,-4.741,1.000
-4.105,-5.127,1.000
-3.773,-4.750,1.000
-3.770,-4.786,1.000
-3.680,-4.708,1.000
-3.727,-4.808,1.000
-3.955,-5.144,1.000
-3.945,-5.172,1.000
-3.920,-5.181,1.000
-3.646,-4.859,1.000
-3.579,-4.808,1.000
-3.565,-4.830,1.000
-3.551,-4.851,1.000
-3.548,-4.887,1.000
-3.524,-4.893,1.000
-3.494,-4.892,1.000
-3.449,-4.869,1.000
-3.486,-4.964,1.000
-3.467,-4.977,1.000
-3.467,-5.020,1.000
-3.397,-4.960,1.000
-3.388,-4.988,1.000
-3.343,-4.964,1.000
-3.594,-5.383,1.000
-3.274,-4.945,1.000
-3.534,-5.384,1.000
-3.289,-5.054,1.000
-3.250,-5.036,1.000
-3.245,-5.072,1.000
-3.230,-5.092,1.000
-3.224,-5.128,1.000
-3.180,-5.102,1.000
-3.197,-5.176,1.000
-3.159,-5.158,1.000
-3.120,-5.139,1.000
-3.136,-5.213,1.000
-3.129,-5.248,1.000
-3.091,-5.230,1.000
-3.048,-5.203,1.000
-3.081,-5.307,1.000
-2.998,-5.211,1.000
-3.017,-5.293,1.000
-2.996,-5.305,1.000
-2.971,-5.309,1.000
-2.950,-5.320,1.000
-2.938,-5.347,1.000
-2.908,-5.343,1.000
-3.121,-5.788,1.000
-3.106,-5.814,1.000
-2.934,-5.546,1.000
-2.824,-5.388,1.000
-2.815,-5.423,1.000
-2.974,-5.785,1.000
-2.776,-5.453,1.000
-2.751,-5.456,1.000
-2.714,-5.435,1.000
-2.708,-5.477,1.000
-2.683,-5.480,1.000
-2.626,-5.418,1.000
-2.612,-5.445,1.000
-2.610,-5.495,1.000
-2.539,-5.400,1.000
-2.533,-5.442,1.000
-2.512,-5.452,1.000
-2.692,-5.904,1.000
-2.461,-5.455,1.000
-2.458,-5.506,1.000
-2.440,-5.524,1.000
-2.411,-5.517,1.000
-2.382,-5.510,1.000
-2.364,-5.528,1.000
-2.339,-5.529,1.000
-2.352,-5.620,1.000
-2.316,-5.597,1.000
-2.281,-5.572,1.000
-2.434,-6.015,1.000
-2.233,-5.582,1.000
-2.215,-5.599,1.000
-2.196,-5.616,1.000
-2.339,-6.052,1.000
-2.321,-6.077,1.000
-2.280,-6.040,1.000
-2.104,-5.641,1.000
-2.067,-5.607,1.000
-2.069,-5.683,1.000
-2.202,-6.121,1.000
-2.167,-6.099,1.000
-1.993,-5.682,1.000
-1.968,-5.681,1.000
-2.082,-6.086,1.000
-2.068,-6.125,1.000
-1.901,-5.704,1.000
-1.878,-5.711,1.000
-1.859,-5.727,1.000
-1.836,-5.734,1.000
-1.806,-5.715,1.000
-1.794,-5.757,1.000
-1.782,-5.798,1.000
-1.759,-5.805,1.000
-1.736,-5.812,1.000
-1.696,-5.759,1.000
-1.668,-5.748,1.000
-1.650,-5.772,1.000
-1.647,-5.847,1.000
-1.619,-5.836,1.000
-1.587,-5.808,1.000
-1.559,-5.797,1.000
-1.530,-5.777,1.000
-1.632,-6.263,1.000
-1.618,-6.309,1.000
-1.484,-5.882,1.000
-1.448,-5.835,1.000
-1.420,-5.823,1.000
-1.402,-5.846,1.000
-1.381,-5.861,1.000
-1.350,-5.831,1.000
-1.333,-5.862,1.000
-1.300,-5.823,1.000
-1.283,-5.855,1.000
-1.369,-6.367,1.000
-1.317,-6.246,1.000
-1.226,-5.931,1.000
-1.192,-5.883,1.000
-1.169,-5.888,1.000
-1.236,-6.354,1.000
-1.125,-5.906,1.000
-1.093,-5.866,1.000
-1.073,-5.888,1.000
-1.139,-6.388,1.000
-1.030,-5.914,1.000
-1.010,-5.936,1.000
-0.988,-5.948,1.000
-0.962,-5.935,1.000
-0.939,-5.938,1.000
-0.921,-5.977,1.000
-0.891,-5.937,1.000
-0.871,-5.967,1.000
-0.912,-6.424,1.000
-0.886,-6.420,1.000
-0.798,-5.959,1.000
-0.774,-5.953,1.000
-0.750,-5.956,1.000
-0.786,-6.441,1.000
-0.763,-6.468,1.000
-0.680,-5.964,1.000
-0.657,-5.967,1.000
-0.634,-5.978,1.000
-0.660,-6.463,1.000
-0.589,-6.001,1.000
-0.562,-5.968,1.000
-0.543,-6.015,1.000
-0.517,-5.990,1.000
-0.534,-6.491,1.000
-0.508,-6.485,1.000
-0.485,-6.519,1.000
-0.422,-5.988,1.000
-0.399,-5.990,1.000
-0.409,-6.540,1.000
-0.380,-6.478,1.000
-0.354,-6.471,1.000
-0.306,-6.031,1.000
-0.280,-5.987,1.000
-0.258,-6.015,1.000
-0.233,-5.971,1.000
-0.210,-6.008,1.000
-0.188,-6.036,1.000
-0.164,-6.019,1.000
-0.141,-6.055,1.000
-0.116,-6.029,1.000
-0.092,-6.002,1.000
-0.069,-6.012,1.000
-0.049,-6.505,1.000
-0.022,-6.021,1.000
0.002,-6.003,1.000
0.025,-5.957,1.000
0.049,-5.976,1.000
0.073,-6.021,1.000
0.097,-6.047,1.000
0.121,-6.038,1.000
0.144,-6.010,1.000
0.169,-6.063,1.000
0.206,-6.494,1.000
0.214,-6.008,1.000
0.238,-6.016,1.000
0.261,-5.997,1.000
0.285,-5.996,1.000
0.310,-6.022,1.000
0.333,-6.012,1.000
0.359,-6.046,1.000
0.379,-5.991,1.000
0.402,-5.989,1.000
0.430,-6.042,1.000
0.450,-5.995,1.000
0.473,-5.984,1.000
0.497,-5.991,1.000
0.563,-6.472,1.000
0.544,-5.987,1.000
0.568,-5.985,1.000
0.590,-5.974,1.000
0.618,-6.007,1.000
0.692,-6.484,1.000
0.718,-6.481,1.000
0.685,-5.973,1.000
0.708,-5.961,1.000
0.786,-6.408,1.000
0.757,-5.973,1.000
0.768,-5.880,1.000
0.797,-5.922,1.000
0.812,-5.856,1.000
0.838,-5.871,1.000
0.863,-5.885,1.000
0.886,-5.882,1.000
0.909,-5.878,1.000
0.922,-5.811,1.000
0.961,-5.907,1.000
0.996,-5.974,1.000
1.008,-5.899,1.000
1.092,-6.247,1.000
1.137,-6.356,1.000
1.067,-5.833,1.000
1.090,-5.829,1.000
1.110,-5.807,1.000
1.134,-5.811,1.000
1.159,-5.816,1.000
1.287,-6.327,1.000
1.203,-5.797,1.000
1.220,-5.766,1.000
1.349,-6.256,1.000
1.265,-5.756,1.000
1.298,-5.796,1.000
1.310,-5.746,1.000
1.339,-5.767,1.000
1.366,-5.780,1.000
1.388,-5.775,1.000
1.519,-6.208,1.000
1.537,-6.178,1.000
1.459,-5.767,1.000
1.581,-6.150,1.000
1.504,-5.755,1.000
1.524,-5.740,1.000
1.664,-6.171,1.000
1.567,-5.719,1.000
1.582,-5.686,1.000
1.609,-5.698,1.000
1.642,-5.727,1.000
1.656,-5.694,1.000
1.681,-5.696,1.000
1.709,-5.707,1.000
1.726,-5.683,1.000
1.740,-5.650,1.000
1.773,-5.678,1.000
1.790,-5.653,1.000
1.818,-5.664,1.000
1.837,-5.648,1.000
1.862,-5.649,1.000
1.879,-5.625,1.000
1.895,-5.600,1.000
1.920,-5.601,1.000
2.109,-6.076,1.000
2.133,-6.068,1.000
1.989,-5.587,1.000
2.008,-5.570,1.000
2.036,-5.579,1.000
2.051,-5.554,1.000
2.079,-5.563,1.000
2.101,-5.555,1.000
2.126,-5.555,1.000
2.145,-5.538,1.000
2.170,-5.538,1.000
2.195,-5.538,1.000
2.257,-5.630,1.000
2.408,-5.938,1.000
2.239,-5.461,1.000
2.268,-5.469,1.000
2.481,-5.917,1.000
2.332,-5.502,1.000
2.530,-5.905,1.000
2.560,-5.910,1.000
2.382,-5.441,1.000
2.600,-5.874,1.000
2.417,-5.405,1.000
2.438,-5.395,1.000
2.679,-5.866,1.000
2.477,-5.368,1.000
2.521,-5.408,1.000
2.741,-5.819,1.000
2.764,-5.808,1.000
2.549,-5.303,1.000
2.594,-5.343,1.000
2.762,-5.633,1.000
2.632,-5.314,1.000
2.652,-5.304,1.000
2.669,-5.285,1.000
2.694,-5.283,1.000
2.702,-5.248,1.000
2.735,-5.261,1.000
2.765,-5.267,1.000
2.926,-5.521,1.000
2.806,-5.245,1.000
2.822,-5.226,1.000
2.843,-5.215,1.000
2.841,-5.163,1.000
2.892,-5.208,1.000
2.908,-5.189,1.000
2.960,-5.233,1.000
2.981,-5.221,1.000
3.010,-5.225,1.000
2.976,-5.119,1.000
3.000,-5.115,1.000
3.016,-5.095,1.000
3.055,-5.115,1.000
3.212,-5.330,1.000
3.328,-5.475,1.000
3.110,-5.071,1.000
3.106,-5.019,1.000
3.174,-5.085,1.000
3.145,-4.995,1.000
3.189,-5.021,1.000
3.199,-4.993,1.000
3.219,-4.981,1.000
3.248,-4.983,1.000
3.317,-5.046,1.000
3.277,-4.942,1.000
3.342,-4.998,1.000
3.305,-4.901,1.000
3.604,-5.298,1.000
3.365,-4.905,1.000
3.373,-4.877,1.000
3.429,-4.916,1.000
3.469,-4.932,1.000
3.721,-5.247,1.000
3.798,-5.310,1.000
3.516,-4.876,1.000
3.525,-4.848,1.000
3.639,-4.963,1.000
3.568,-4.827,1.000
3.587,-4.813,1.000
3.562,-4.741,1.000
3.630,-4.792,1.000
3.633,-4.756,1.000
3.657,-4.749,1.000
3.944,-5.081,1.000
4.043,-5.166,1.000
3.690,-4.677,1.000
3.737,-4.698,1.000
3.681,-4.591,1.000
3.722,-4.605,1.000
3.746,-4.597,1.000
3.781,-4.604,1.000
4.081,-4.929,1.000
3.898,-4.671,1.000
3.823,-4.545,1.000
3.835,-4.523,1.000
4.200,-4.914,1.000
4.198,-4.873,1.000
3.894,-4.484,1.000
3.906,-4.462,1.000
3.911,-4.433,1.000
3.885,-4.369,1.000
3.902,-4.354,1.000
3.988,-4.414,1.000
3.980,-4.371,1.000
4.004,-4.362,1.000
4.027,-4.353,1.000
4.075,-4.371,1.000
4.394,-4.675,1.000
4.091,-4.319,1.000
4.158,-4.355,1.000
4.181,-4.345,1.000
4.185,-4.316,1.000
4.196,-4.293,1.000
4.194,-4.257,1.000
4.532,-4.564,1.000
4.556,-4.552,1.000
4.276,-4.239,1.000
4.292,-4.222,1.000
4.250,-4.148,1.000
4.247,-4.112,1.000
4.256,-4.089,1.000
4.662,-4.444,1.000
4.703,-4.448,1.000
4.324,-4.058,1.000
4.327,-4.028,1.000
4.343,-4.011,1.000
4.392,-4.025,1.000
4.455,-4.051,1.000
4.464,-4.027,1.000
4.487,-4.015,1.000
4.482,-3.980,1.000
4.504,-3.968,1.000
4.855,-4.244,1.000
4.909,-4.256,1.000
4.558,-3.921,1.000
4.573,-3.903,1.000
4.533,-3.838,1.000
4.534,-3.808,1.000
4.577,-3.814,1.000
4.976,-4.114,1.000
4.585,-3.760,1.000
4.607,-3.748,1.000
4.629,-3.736,1.000
4.615,-3.694,1.000
5.100,-4.050,1.000
4.629,-3.647,1.000
4.644,-3.628,1.000
4.702,-3.644,1.000
5.144,-3.955,1.000
5.029,-3.835,1.000
5.194,-3.929,1.000
5.171,-3.879,1.000
5.094,-3.791,1.000
4.823,-3.559,1.000
4.844,-3.546,1.000
4.894,-3.553,1.000
4.894,-3.523,1.000
5.147,-3.675,1.000
5.315,-3.764,1.000
4.913,-3.450,1.000
4.859,-3.384,1.000
4.940,-3.411,1.000
4.908,-3.361,1.000
5.368,-3.645,1.000
4.979,-3.353,1.000
5.030,-3.358,1.000
5.021,-3.323,1.000
5.026,-3.299,1.000
5.054,-3.289,1.000
5.067,-3.269,1.000
5.065,-3.239,1.000
5.085,-3.224,1.000
5.098,-3.204,1.000
5.125,-3.194,1.000
5.107,-3.155,1.000
5.112,-3.130,1.000
5.116,-3.105,1.000
5.553,-3.340,1.000
5.248,-3.129,1.000
5.160,-3.049,1.000
5.188,-3.038,1.000
5.499,-3.191,1.000
5.196,-2.988,1.000
5.216,-2.972,1.000
5.251,-2.965,1.000
5.247,-2.936,1.000
5.282,-2.928,1.000
5.729,-3.147,1.000
5.636,-3.067,1.000
5.284,-2.848,1.000
5.295,-2.828,1.000
5.306,-2.807,1.000
5.325,-2.790,1.000
5.344,-2.773,1.000
5.411,-2.781,1.000
5.406,-2.752,1.000
5.440,-2.742,1.000
5.483,-2.737,1.000
5.909,-2.921,1.000
5.504,-2.694,1.000
5.467,-2.649,1.000
5.517,-2.647,1.000
5.487,-2.606,1.000
5.530,-2.599,1.000
5.524,-2.570,1.000
5.518,-2.541,1.000
5.552,-2.530,1.000
5.546,-2.501,1.000
5.572,-2.487,1.000
6.023,-2.660,1.000
5.583,-2.439,1.000
5.625,-2.431,1.000
5.610,-2.399,1.000
5.595,-2.366,1.000
5.637,-2.358,1.000
5.621,-2.326,1.000
5.663,-2.317,1.000
6.096,-2.466,1.000
5.995,-2.398,1.000
5.641,-2.231,1.000
5.682,-2.221,1.000
5.675,-2.193,1.000
5.947,-2.271,1.000
6.138,-2.316,1.000
6.176,-2.303,1.000
5.733,-2.113,1.000
5.725,-2.084,1.000
5.725,-2.058,1.000
5.741,-2.039,1.000
6.146,-2.155,1.000
6.214,-2.152,1.000
5.765,-1.971,1.000
5.789,-1.954,1.000
5.763,-1.920,1.000
5.796,-1.906,1.000
5.820,-1.888,1.000
5.811,-1.860,1.000
5.716,-1.805,1.000
5.749,-1.791,1.000
6.203,-1.905,1.000
5.745,-1.740,1.000
5.769,-1.723,1.000
5.776,-1.700,1.000
5.739,-1.665,1.000
5.798,-1.657,1.000
5.822,-1.639,1.000
5.776,-1.602,1.000
6.283,-1.716,1.000
6.235,-1.677,1.000
5.803,-1.536,1.000
5.765,-1.502,1.000
5.806,-1.488,1.000
6.276,-1.582,1.000
5.844,-1.449,1.000
5.832,-1.422,1.000
5.846,-1.401,1.000
5.861,-1.380,1.000
5.857,-1.355,1.000
5.880,-1.336,1.000
5.885,-1.313,1.000
5.820,-1.274,1.000
5.807,-1.248,1.000
5.794,-1.221,1.000
6.291,-1.300,1.000
5.812,-1.177,1.000
5.826,-1.156,1.000
5.821,-1.132,1.000
5.825,-1.109,1.000
5.830,-1.086,1.000
5.852,-1.066,1.000
5.811,-1.035,1.000
5.860,-1.020,1.000
5.846,-0.994,1.000
5.850,-0.971,1.000
5.845,-0.947,1.000
5.866,-0.927,1.000
6.365,-0.980,1.000
6.369,-0.955,1.000
5.868,-0.856,1.000
5.880,-0.834,1.000
5.874,-0.810,1.000
5.868,-0.786,1.000
5.844,-0.759,1.000
5.938,-0.748,1.000
5.896,-0.719,1.000
5.889,-0.695,1.000
5.901,-0.672,1.000
5.895,-0.648,1.000
6.372,-0.675,1.000
6.407,-0.654,1.000
5.893,-0.578,1.000
5.895,-0.555,1.000
5.924,-0.534,1.000
5.936,-0.512,1.000
5.910,-0.486,1.000
6.421,-0.503,1.000
5.923,-0.440,1.000
5.888,-0.414,1.000
5.944,-0.395,1.000
5.937,-0.371,1.000
5.911,-0.346,1.000
5.976,-0.326,1.000
5.932,-0.301,1.000
6.425,-0.300,1.000
6.377,-0.273,1.000
6.411,-0.249,1.000
6.387,-0.223,1.000
5.900,-0.183,1.000
5.872,-0.159,1.000
5.956,-0.138,1.000
5.911,-0.114,1.000
6.440,-0.098,1.000
6.472,-0.074,1.000
6.448,-0.048,1.000
6.012,-0.021,1.000
5.828,0.002,1.500
5.939,0.026,1.500
5.948,0.049,1.500
5.930,0.072,1.500
5.911,0.095,1.500
5.938,0.119,1.500
6.389,0.153,1.500
5.928,0.166,1.500
5.927,0.189,1.500
5.935,0.212,1.500
5.944,0.236,1.500
5.952,0.260,1.500
6.400,0.305,1.500
5.922,0.305,1.500
5.939,0.329,1.500
5.910,0.351,1.500
5.918,0.375,1.500
6.277,0.422,1.500
6.464,0.460,1.500
5.913,0.445,1.500
5.902,0.467,1.500
5.928,0.493,1.500
5.917,0.515,1.500
5.896,0.537,1.500
5.903,0.561,1.500
6.054,0.599,1.500
6.382,0.657,1.500
5.869,0.627,1.500
5.903,0.654,1.500
5.900,0.677,1.500
5.907,0.702,1.500
5.895,0.724,1.500
5.892,0.747,1.500
5.898,0.771,1.500
5.886,0.793,1.500
5.874,0.815,1.500
5.889,0.841,1.500
5.894,0.865,1.500
5.855,0.883,1.500
5.842,0.904,1.500
6.344,1.008,1.500
6.168,1.004,1.500
5.867,0.979,1.500
5.836,0.998,1.500
5.841,1.022,1.500
5.828,1.043,1.500
5.905,1.081,1.500
6.330,1.185,1.500
5.834,1.115,1.500
5.811,1.135,1.500
5.779,1.152,1.500
5.820,1.184,1.500
5.806,1.205,1.500
5.811,1.230,1.500
5.761,1.243,1.500
5.801,1.275,1.500
5.805,1.300,1.500
5.808,1.325,1.500
5.821,1.352,1.500
5.798,1.371,1.500
5.863,1.410,1.500
6.342,1.552,1.500
6.351,1.581,1.500
5.802,1.468,1.500
5.831,1.500,1.500
6.316,1.651,1.500
6.287,1.670,1.500
5.804,1.566,1.500
5.781,1.584,1.500
5.783,1.609,1.500
5.751,1.625,1.500
5.796,1.662,1.500
5.781,1.682,1.500
5.766,1.702,1.500
5.742,1.720,1.500
5.752,1.748,1.500
6.193,1.908,1.500
6.216,1.942,1.500
5.731,1.815,1.500
5.716,1.835,1.500
5.708,1.858,1.500
5.769,1.902,1.500
5.711,1.908,1.500
5.626,1.904,1.500
5.627,1.929,1.500
5.619,1.951,1.500
5.603,1.970,1.500
5.595,1.992,1.500
5.587,2.014,1.500
5.562,2.030,1.500
5.588,2.064,1.500
5.572,2.083,1.500
5.538,2.095,1.500
5.538,2.120,1.500
5.572,2.159,1.500
5.521,2.164,1.500
5.530,2.192,1.500
5.530,2.217,1.500
5.945,2.411,1.500
5.409,2.219,1.500
5.478,2.272,1.500
5.469,2.293,1.500
5.854,2.482,1.500
5.656,2.424,1.500
5.365,2.324,1.500
5.355,2.345,1.500
5.329,2.359,1.500
5.811,2.600,1.500
5.336,2.412,1.500
5.738,2.621,1.500
5.317,2.454,1.500
5.333,2.487,1.500
5.752,2.710,1.500
5.749,2.736,1.500
5.261,2.529,1.500
5.293,2.570,1.500
5.266,2.583,1.500
5.727,2.837,1.500
5.716,2.859,1.500
5.227,2.640,1.500
5.208,2.657,1.500
5.222,2.690,1.500
5.648,2.937,1.500
5.629,2.956,1.500
5.166,2.738,1.500
5.171,2.767,1.500
5.152,2.783,1.500
5.141,2.803,1.500
5.122,2.819,1.500
5.160,2.866,1.500
5.157,2.891,1.500
5.153,2.916,1.500
5.166,2.950,1.500
5.154,2.970,1.500
5.142,2.990,1.500
5.115,3.001,1.500
5.103,3.021,1.500
5.067,3.027,1.500
5.551,3.345,1.500
5.137,3.123,1.500
5.125,3.144,1.500
5.150,3.187,1.500
5.130,3.203,1.500
5.072,3.194,1.500
5.317,3.378,1.500
5.530,3.544,1.500
5.503,3.557,1.500
5.529,3.604,1.500
5.083,3.342,1.500
5.070,3.362,1.500
5.460,3.652,1.500
5.073,3.422,1.500
5.437,3.699,1.500
5.031,3.452,1.500
4.981,3.446,1.500
5.004,3.491,1.500
4.990,3.511,1.500
4.940,3.504,1.500
5.310,3.798,1.500
4.920,3.548,1.500
4.906,3.568,1.500
4.906,3.597,1.500
5.269,3.895,1.500
4.885,3.641,1.500
5.155,3.874,1.500
4.792,3.631,1.500
4.813,3.677,1.500
5.229,4.027,1.500
5.163,4.009,1.500
5.197,4.068,1.500
4.804,3.790,1.500
4.775,3.798,1.500
4.821,3.866,1.500
4.799,3.880,1.500
4.757,3.876,1.500
4.742,3.895,1.500
4.720,3.908,1.500
4.704,3.927,1.500
4.689,3.945,1.500
5.033,4.269,1.500
5.022,4.294,1.500
4.622,3.983,1.500
4.613,4.007,1.500
4.610,4.036,1.500
4.595,4.054,1.500
4.618,4.107,1.500
4.582,4.108,1.500
4.572,4.132,1.500
4.537,4.132,1.500
4.521,4.150,1.500
4.511,4.173,1.500
4.443,4.143,1.500
4.478,4.209,1.500
4.384,4.153,1.500
4.374,4.177,1.500
4.364,4.200,1.500
4.703,4.562,1.500
4.680,4.575,1.500
4.314,4.251,1.500
4.279,4.249,1.500
4.300,4.304,1.500
4.270,4.308,1.500
4.595,4.672,1.500
4.230,4.335,1.500
4.207,4.345,1.500
4.202,4.375,1.500
4.521,4.743,1.500
4.161,4.401,1.500
4.120,4.391,1.500
4.133,4.440,1.500
4.103,4.443,1.500
4.074,4.446,1.500
4.074,4.482,1.500
4.045,4.484,1.500
4.039,4.514,1.500
4.027,4.536,1.500
4.009,4.552,1.500
3.991,4.568,1.500
3.967,4.577,1.500
3.944,4.585,1.500
3.943,4.621,1.500
3.931,4.643,1.500
3.884,4.625,1.500
3.877,4.654,1.500
3.870,4.682,1.500
3.868,4.718,1.500
3.839,4.720,1.500
3.798,4.707,1.500
4.090,5.110,1.500
4.065,5.119,1.500
4.039,5.129,1.500
3.729,4.773,1.500
3.721,4.802,1.500
3.697,4.809,1.500
3.667,4.810,1.500
3.648,4.824,1.500
3.661,4.881,1.500
3.631,4.881,1.500
3.607,4.888,1.500
3.582,4.895,1.500
3.573,4.923,1.500
3.549,4.930,1.500
3.550,4.973,1.500
3.515,4.965,1.500
3.516,5.008,1.500
3.476,4.993,1.500
3.477,5.035,1.500
3.447,5.034,1.500
3.417,5.033,1.500
3.397,5.047,1.500
3.382,5.067,1.500
3.367,5.088,1.500
3.338,5.086,1.500
3.303,5.077,1.500
3.530,5.473,1.500
3.526,5.514,1.500
3.267,5.153,1.500
3.228,5.136,1.500
3.212,5.156,1.500
3.196,5.176,1.500
3.425,5.595,1.500
3.411,5.622,1.500
3.126,5.198,1.500
3.110,5.218,1.500
3.099,5.246,1.500
3.291,5.620,1.500
3.057,5.270,1.500
3.041,5.289,1.500
3.016,5.294,1.500
3.221,5.706,1.500
2.983,5.332,1.500
2.958,5.336,1.500
2.945,5.363,1.500
2.907,5.344,1.500
2.890,5.363,1.500
2.882,5.398,1.500
2.827,5.346,1.500
2.823,5.389,1.500
2.802,5.400,1.500
2.809,5.466,1.500
2.767,5.438,1.500
2.746,5.448,1.500
2.717,5.443,1.500
2.699,5.462,1.500
2.876,5.879,1.500
2.924,6.037,1.500
2.809,5.858,1.500
2.613,5.504,1.500
2.591,5.514,1.500
2.777,5.970,1.500
2.730,5.930,1.500
2.522,5.536,1.500
2.490,5.521,1.500
2.479,5.556,1.500
2.647,5.994,1.500
2.417,5.534,1.500
2.577,5.964,1.500
2.391,5.594,1.500
2.366,5.595,1.500
2.344,5.604,1.500
2.329,5.630,1.500
2.300,5.623,1.500
2.288,5.656,1.500
2.442,6.106,1.500
2.421,6.123,1.500
2.388,6.110,1.500
2.189,5.667,1.500
2.170,5.683,1.500
2.148,5.692,1.500
2.125,5.700,1.500
2.097,5.692,1.500
2.080,5.717,1.500
2.085,5.799,1.500
2.198,6.190,1.500
2.013,5.741,1.500
1.996,5.766,1.500
1.982,5.798,1.500
1.937,5.739,1.500
1.917,5.755,1.500
1.908,5.805,1.500
1.874,5.778,1.500
1.865,5.828,1.500
1.832,5.801,1.500
1.809,5.808,1.500
1.788,5.824,1.500
1.768,5.839,1.500
1.753,5.872,1.500
1.722,5.853,1.500
1.692,5.834,1.500
1.669,5.841,1.500
1.675,5.949,1.500
1.613,5.819,1.500
1.605,5.877,1.500
1.584,5.892,1.500
1.572,5.941,1.500
1.657,6.364,1.500
1.519,5.927,1.500
1.482,5.882,1.500
1.466,5.913,1.500
1.550,6.359,1.500
1.512,6.310,1.500
1.400,5.948,1.500
1.371,5.927,1.500
1.347,5.932,1.500
1.326,5.946,1.500
1.404,6.416,1.500
1.384,6.445,1.500
1.249,5.927,1.500
1.232,5.966,1.500
1.209,5.971,1.500
1.274,6.420,1.500
1.250,6.432,1.500
1.137,5.976,1.500
1.105,5.937,1.500
1.088,5.976,1.500
1.071,6.015,1.500
1.050,6.037,1.500
1.099,6.468,1.500
0.999,6.019,1.500
0.974,6.014,1.500
0.962,6.096,1.500
0.924,6.004,1.500
0.963,6.425,1.500
0.950,6.515,1.500
0.912,6.432,1.500
0.817,5.929,1.500
0.795,5.941,1.500
0.766,5.899,1.500
0.750,5.965,1.500
0.727,5.968,1.500
0.717,6.086,1.500
0.690,6.062,1.500
0.664,6.038,1.500
0.680,6.421,1.500
0.618,6.061,1.500
0.597,6.098,1.500
0.569,6.048,1.500
0.546,6.059,1.500
0.520,6.043,1.500
0.499,6.081,1.500
0.473,6.047,1.500
0.450,6.058,1.500
0.427,6.077,1.500
0.403,6.079,1.500
0.379,6.081,1.500
0.355,6.073,1.500
0.334,6.119,1.500
0.333,6.583,1.500
0.283,6.077,1.500
0.260,6.078,1.500
0.255,6.571,1.500
0.229,6.564,1.500
0.195,6.313,1.500
0.176,6.510,1.500
0.151,6.567,1.500
0.116,6.047,1.500
0.093,6.109,1.500
0.069,6.092,1.500
0.045,6.083,1.500
0.021,6.092,1.500
-0.003,6.092,1.500
-0.029,6.505,1.500
-0.051,6.127,1.500
-0.075,6.092,1.500
-0.098,6.056,1.500
-0.122,6.073,1.500
-0.145,6.037,1.500
-0.170,6.072,1.500
-0.195,6.089,1.500
-0.218,6.062,1.500
-0.242,6.070,1.500
-0.265,6.060,1.500
-0.291,6.112,1.500
-0.314,6.084,1.500
-0.339,6.101,1.500
-0.364,6.126,1.500
-0.386,6.080,1.500
-0.411,6.096,1.500
-0.436,6.112,1.500
-0.460,6.110,1.500
-0.482,6.082,1.500
-0.510,6.133,1.500
-0.527,6.043,1.500
-0.553,6.067,1.500
-0.622,6.547,1.500
-0.599,6.045,1.500
-0.629,6.104,1.500
-0.651,6.084,1.500
-0.706,6.360,1.500
-0.717,6.242,1.500
-0.711,5.979,1.500
-0.732,5.958,1.500
-0.772,6.088,1.500
-0.782,5.979,1.500
-0.805,5.967,1.500
-0.834,6.008,1.500
-0.848,5.934,1.500
-0.878,5.975,1.500
-0.898,5.954,1.500
-0.927,5.985,1.500
-0.948,5.964,1.500
-0.967,5.934,1.500
-1.003,6.009,1.500
-1.029,6.014,1.500
-1.048,5.984,1.500
-1.073,5.988,1.500
-1.096,5.984,1.500
-1.120,5.980,1.500
-1.135,5.931,1.500
-1.168,5.979,1.500
-1.195,5.992,1.500
-1.215,5.970,1.500
-1.235,5.948,1.500
-1.260,5.952,1.500
-1.287,5.964,1.500
-1.288,5.854,1.500
-1.330,5.936,1.500
-1.356,5.940,1.500
-1.371,5.900,1.500
-1.400,5.920,1.500
-1.423,5.915,1.500
-1.447,5.909,1.500
-1.472,5.912,1.500
-1.495,5.906,1.500
-1.505,5.848,1.500
-1.530,5.851,1.500
-1.569,5.905,1.500
-1.588,5.882,1.500
-1.611,5.876,1.500
-1.639,5.886,1.500
-1.645,5.820,1.500
-1.677,5.848,1.500
-1.703,5.850,1.500
-1.723,5.834,1.500
-1.746,5.828,1.500
-1.772,5.829,1.500
-1.792,5.814,1.500
-1.836,5.874,1.500
-1.846,5.825,1.500
-1.874,5.834,1.500
-1.878,5.768,1.500
-1.903,5.769,1.500
-2.085,6.237,1.500
-2.109,6.229,1.500
-2.128,6.206,1.500
-1.999,5.755,1.500
-2.153,6.121,1.500
-2.044,5.739,1.500
-2.052,5.689,1.500
-2.089,5.723,1.500
-2.118,5.731,1.500
-2.131,5.698,1.500
-2.157,5.698,1.500
-2.173,5.673,1.500
-2.188,5.648,1.500
-2.224,5.672,1.500
-2.236,5.639,1.500
-2.268,5.655,1.500
-2.287,5.637,1.500
-2.319,5.653,1.500
-2.328,5.611,1.500
-2.360,5.626,1.500
-2.379,5.609,1.500
-2.390,5.575,1.500
-2.391,5.516,1.500
-2.437,5.564,1.500
-2.477,5.595,1.500
-2.481,5.545,1.500
-2.514,5.559,1.500
-2.532,5.541,1.500
-2.546,5.515,1.500
-2.579,5.529,1.500
-2.608,5.535,1.500
-2.622,5.509,1.500
-2.625,5.459,1.500
-2.859,5.887,1.500
-2.893,5.897,1.500
-2.709,5.467,1.500
-2.734,5.464,1.500
-2.752,5.446,1.500
-2.765,5.419,1.500
-2.782,5.400,1.500
-2.799,5.381,1.500
-2.837,5.402,1.500
-2.854,5.383,1.500
-2.833,5.293,1.500
-2.871,5.313,1.500
-2.904,5.325,1.500
-2.934,5.329,1.500
-2.963,5.333,1.500
-2.993,5.337,1.500
-3.243,5.730,1.500
-3.039,5.321,1.500
-3.038,5.271,1.500
-3.072,5.282,1.500
-3.101,5.285,1.500
-3.104,5.242,1.500
-3.120,5.222,1.500
-3.122,5.180,1.500
-3.143,5.167,1.500
-3.191,5.200,1.500
-3.202,5.173,1.500
-3.227,5.168,1.500
-3.242,5.147,1.500
-3.291,5.179,1.500
-3.283,5.122,1.500
-3.562,5.509,1.500
-3.575,5.482,1.500
-3.343,5.083,1.500
-3.363,5.070,1.500
-3.368,5.034,1.500
-3.402,5.043,1.500
-3.412,5.015,1.500
-3.472,5.060,1.500
-3.462,5.003,1.500
-3.709,5.315,1.500
-3.501,4.975,1.500
-3.531,4.976,1.500
-3.555,4.969,1.500
-3.834,5.314,1.500
-3.868,5.318,1.500
-3.917,5.341,1.500
-3.622,4.899,1.500
-3.636,4.877,1.500
-3.655,4.863,1.500
-3.963,5.229,1.500
-3.959,5.181,1.500
-3.691,4.791,1.500
-3.726,4.798,1.500
-4.039,5.159,1.500
-3.944,4.997,1.500
-3.782,4.754,1.500
-3.795,4.732,1.500
-3.763,4.654,1.500
-3.827,4.695,1.500
-3.862,4.700,1.500
-3.863,4.665,1.500
-3.893,4.663,1.500
-3.929,4.668,1.500
-4.166,4.911,1.500
-3.942,4.610,1.500
-3.954,4.588,1.500
-4.120,4.743,1.500
-3.990,4.557,1.500
-4.020,4.554,1.500
-4.044,4.545,1.500
-4.044,4.509,1.500
-4.079,4.513,1.500
-4.386,4.815,1.500
-4.453,4.850,1.500
-4.418,4.774,1.500
-4.162,4.462,1.500
-4.167,4.432,1.500
-4.178,4.410,1.500
-4.208,4.406,1.500
-4.237,4.402,1.500
-4.248,4.379,1.500
-4.241,4.337,1.500
-4.270,4.333,1.500
-4.287,4.316,1.500
-4.310,4.306,1.500
-4.327,4.289,1.500
-4.344,4.272,1.500
-4.355,4.248,1.500
-4.428,4.286,1.500
-4.413,4.238,1.500
-4.423,4.215,1.500
-4.414,4.173,1.500
-4.437,4.162,1.500
-4.473,4.163,1.500
-4.457,4.115,1.500
-4.466,4.091,1.500
-4.522,4.110,1.500
-4.505,4.062,1.500
-4.527,4.050,1.500
-4.550,4.038,1.500
-4.546,4.003,1.500
-4.534,3.961,1.500
-4.597,3.985,1.500
-4.572,3.932,1.500
-4.615,3.937,1.500
-5.002,4.233,1.500
-5.024,4.218,1.500
-5.023,4.184,1.500
-4.676,3.864,1.500
-4.684,3.840,1.500
-4.984,4.053,1.500
-5.088,4.104,1.500
-5.122,4.099,1.500
-5.145,4.084,1.500
-4.759,3.747,1.500
-4.752,3.712,1.500
-4.844,3.753,1.500
-5.208,4.002,1.500
-5.230,3.987,1.500
-4.853,3.669,1.500
-4.874,3.655,1.500
-4.888,3.636,1.500
-5.286,3.899,1.500
-5.320,3.892,1.500
-5.303,3.848,1.500
-4.952,3.564,1.500
-4.959,3.539,1.500
-4.958,3.510,1.500
-5.382,3.778,1.500
-5.397,3.757,1.500
-5.007,3.456,1.500
-5.013,3.431,1.500
-5.026,3.412,1.500
-5.040,3.392,1.500
-5.068,3.382,1.500
-5.484,3.629,1.500
-5.452,3.577,1.500
-5.085,3.307,1.500
-5.113,3.297,1.500
-5.507,3.521,1.500
-5.541,3.512,1.500
-5.151,3.237,1.500
-5.156,3.212,1.500
-5.146,3.177,1.500
-5.189,3.176,1.500
-5.217,3.164,1.500
-5.221,3.139,1.500
-5.226,3.114,1.500
-5.238,3.094,1.500
-5.227,3.060,1.500
-5.270,3.057,1.500
-5.688,3.269,1.500
-5.694,3.243,1.500
-5.298,2.990,1.500
-5.271,2.948,1.500
-5.306,2.940,1.500
-5.317,2.919,1.500
-5.321,2.894,1.500
-5.332,2.873,1.500
-5.359,2.860,1.500
-5.793,3.063,1.500
-5.397,2.826,1.500
-5.400,2.801,1.500
-5.380,2.764,1.500
-5.826,2.964,1.500
-5.852,2.948,1.500
-5.420,2.704,1.500
-5.446,2.691,1.500
-5.489,2.685,1.500
-5.862,2.839,1.500
-5.908,2.833,1.500
-5.472,2.597,1.500
-5.474,2.572,1.500
-5.492,2.554,1.500
-5.510,2.536,1.500
-5.963,2.716,1.500
-5.995,2.703,1.500
-5.962,2.660,1.500
-5.541,2.446,1.500
-5.534,2.417,1.500
-5.568,2.406,1.500
-5.578,2.384,1.500
-5.612,2.372,1.500
-5.596,2.340,1.500
-5.597,2.315,1.500
-6.065,2.480,1.500
-6.089,2.462,1.500
-5.896,2.357,1.500
-5.674,2.243,1.500
-5.642,2.204,1.500
-5.692,2.198,1.500
-5.659,2.160,1.500
-5.692,2.147,1.500
-5.692,2.122,1.500
-5.725,2.108,1.500
-5.725,2.083,1.500
-5.725,2.057,1.500
-5.708,2.026,1.500
-5.733,2.009,1.500
-5.774,1.998,1.500
-5.782,1.976,1.500
-5.764,1.945,1.500
-5.789,1.927,1.500
-5.805,1.907,1.500
-6.226,2.019,1.500
-5.777,1.848,1.500
-5.793,1.828,1.500
-5.792,1.803,1.500
-6.030,1.851,1.500
-5.823,1.762,1.500
-5.838,1.742,1.500
-5.828,1.714,1.500
-5.843,1.694,1.500
-5.841,1.668,1.500
-5.890,1.657,1.500
-5.871,1.627,1.500
-5.894,1.609,1.500
-5.867,1.576,1.500
-5.873,1.553,1.500
-5.930,1.544,1.500
-5.893,1.509,1.500
-5.899,1.486,1.500
-6.383,1.582,1.500
-6.389,1.556,1.500
-6.365,1.524,1.500
-5.922,1.393,1.500
-5.936,1.372,1.500
-5.984,1.359,1.500
-6.419,1.431,1.500
-6.424,1.405,1.500
-5.948,1.277,1.500
-5.979,1.259,1.500
-5.958,1.230,1.500
-5.963,1.207,1.500
-5.993,1.188,1.500
-5.981,1.161,1.500
-6.011,1.143,1.500
-5.998,1.116,1.500
-5.994,1.091,1.500
-5.989,1.066,1.500
-6.011,1.045,1.500
-6.015,1.022,1.500
-6.071,1.007,1.500
-6.023,0.974,1.500
-6.009,0.948,1.500
-6.013,0.924,1.500
-6.043,0.905,1.500
-6.029,0.878,1.500
-6.032,0.855,1.500
-6.035,0.831,1.500
-6.012,0.804,1.500
-6.024,0.781,1.500
-6.036,0.759,1.500
-6.030,0.734,1.500
-6.094,0.718,1.500
-6.036,0.687,1.500
-6.047,0.664,1.500
-6.041,0.639,1.500
-6.035,0.615,1.500
-6.081,0.595,1.500
-6.066,0.570,1.500
-6.050,0.544,1.500
-6.026,0.518,1.500
-6.081,0.499,1.500
-6.109,0.477,1.500
-6.102,0.452,1.500
-6.077,0.427,1.500
-5.999,0.397,1.500
-6.098,0.380,1.500
-6.596,0.385,1.500
-6.574,0.358,1.500
-6.058,0.306,1.500
-6.121,0.285,1.500
-6.113,0.260,1.500
-6.052,0.234,1.500
-6.098,0.212,1.500
-6.081,0.187,1.500
-6.081,0.163,1.500
-6.117,0.140,1.500
-6.082,0.116,1.500
-6.029,0.091,1.500
-6.083,0.068,1.500
-6.048,0.044,1.500
-6.066,0.020,1.500
-6.003,-0.004,1.500
-5.994,-0.027,1.500
-6.472,-0.055,1.500
-6.488,-0.080,1.500
-6.496,-0.106,1.500
-6.002,-0.122,1.500
-6.010,-0.145,1.500
-6.010,-0.169,1.500
-6.027,-0.193,1.500
-6.026,-0.217,1.500
-6.007,-0.240,1.500
-5.997,-0.263,1.500
-6.014,-0.287,1.500
-5.995,-0.310,1.500
-6.021,-0.335,1.500
-6.001,-0.358,1.500
-5.982,-0.380,1.500
-5.998,-0.405,1.500
-5.970,-0.426,1.500
-6.084,-0.459,1.500
-6.002,-0.476,1.500
-6.071,-0.506,1.500
-6.069,-0.529,1.500
-6.533,-0.596,1.500
-6.593,-0.627,1.500
-6.054,-0.600,1.500
-6.060,-0.625,1.500
-6.523,-0.698,1.500
-6.064,-0.673,1.500
-5.991,-0.689,1.500
-6.592,-0.784,1.500
-6.574,-0.808,1.500
-6.508,-0.826,1.500
-6.505,-0.852,1.500
-6.038,-0.815,1.500
-6.043,-0.840,1.500
-6.502,-0.930,1.500
-6.499,-0.955,1.500
-6.526,-0.985,1.500
-6.012,-0.932,1.500
-5.999,-0.954,1.500
-6.022,-0.982,1.500
-6.009,-1.004,1.500
-6.023,-1.031,1.500
-6.018,-1.054,1.500
-5.988,-1.073,1.500
-6.445,-1.181,1.500
-6.464,-1.211,1.500
-6.001,-1.149,1.500
-5.997,-1.172,1.500
-6.410,-1.279,1.500
-6.436,-1.311,1.500
-6.423,-1.334,1.500
-5.960,-1.263,1.500
-6.032,-1.303,1.500
-5.950,-1.309,1.500
-5.936,-1.331,1.500
-5.957,-1.360,1.500
-5.934,-1.379,1.500
-5.877,-1.390,1.500
-5.915,-1.424,1.500
-5.918,-1.449,1.500
-5.903,-1.470,1.500
-5.906,-1.496,1.500
-6.330,-1.630,1.500
-6.422,-1.680,1.500
-5.862,-1.558,1.500
-5.907,-1.595,1.500
-5.867,-1.609,1.500
-6.297,-1.754,1.500
-5.863,-1.657,1.500
-5.830,-1.673,1.500
-5.832,-1.698,1.500
-5.834,-1.724,1.500
-5.802,-1.739,1.500
-5.820,-1.770,1.500
-5.839,-1.800,1.500
-5.781,-1.807,1.500
-5.791,-1.835,1.500
-5.784,-1.858,1.500
-5.793,-1.886,1.500
-5.769,-1.904,1.500
-5.770,-1.929,1.500
-5.762,-1.952,1.500
-6.175,-2.119,1.500
-6.204,-2.156,1.500
-6.144,-2.162,1.500
-5.739,-2.045,1.500
-5.731,-2.067,1.500
-5.698,-2.081,1.500
-5.715,-2.112,1.500
-5.681,-2.125,1.500
-5.698,-2.157,1.500
-5.689,-2.180,1.500
-5.672,-2.199,1.500
-5.639,-2.211,1.500
-5.630,-2.233,1.500
-5.654,-2.269,1.500
-5.629,-2.284,1.500
-5.669,-2.326,1.500
-5.619,-2.332,1.500
-5.602,-2.350,1.500
-5.551,-2.355,1.500
-5.607,-2.405,1.500
-5.590,-2.423,1.500
-5.596,-2.452,1.500
-5.579,-2.471,1.500
-6.002,-2.686,1.500
-5.985,-2.707,1.500
-5.995,-2.740,1.500
-5.531,-2.554,1.500
-5.537,-2.583,1.500
-5.956,-2.807,1.500
-5.916,-2.817,1.500
-5.498,-2.645,1.500
-5.480,-2.662,1.500
-5.430,-2.664,1.500
-5.451,-2.701,1.500
-5.464,-2.735,1.500
-5.437,-2.748,1.500
-5.850,-2.986,1.500
-5.853,-3.016,1.500
-5.405,-2.812,1.500
-5.417,-2.845,1.500
-5.382,-2.854,1.500
-5.356,-2.867,1.500
-5.758,-3.111,1.500
-5.333,-2.909,1.500
-5.314,-2.926,1.500
-5.302,-2.946,1.500
-5.321,-2.985,1.500
-5.279,-2.988,1.500
-5.290,-3.022,1.500
-5.255,-3.029,1.500
-5.228,-3.041,1.500
-5.223,-3.066,1.500
-5.242,-3.105,1.500
-5.260,-3.143,1.500
-5.210,-3.141,1.500
-5.182,-3.152,1.500
-5.200,-3.191,1.500
-5.598,-3.466,1.500
-5.167,-3.227,1.500
-5.564,-3.505,1.500
-5.119,-3.254,1.500
-5.092,-3.264,1.500
-5.071,-3.279,1.500
-5.125,-3.343,1.500
-5.468,-3.597,1.500
-5.040,-3.344,1.500
-5.041,-3.373,1.500
-5.050,-3.408,1.500
-5.037,-3.428,1.500
-5.038,-3.457,1.500
-4.951,-3.427,1.500
-5.010,-3.497,1.500
-4.939,-3.476,1.500
-4.954,-3.516,1.500
-4.947,-3.540,1.500
-4.919,-3.549,1.500
-5.337,-3.883,1.500
-5.309,-3.894,1.500
-5.312,-3.929,1.500
-4.877,-3.637,1.500
-4.863,-3.656,1.500
-4.862,-3.686,1.500
-4.834,-3.694,1.500
-4.805,-3.702,1.500
-4.790,-3.721,1.500
-4.790,-3.751,1.500
-4.761,-3.758,1.500
-5.039,-4.010,1.500
-4.738,-3.801,1.500
-4.730,-3.825,1.500
-5.097,-4.155,1.500
-4.761,-3.913,1.500
-5.076,-4.205,1.500
-4.608,-3.848,1.500
-4.668,-3.929,1.500
-4.619,-3.919,1.500
-4.992,-4.269,1.500
-4.981,-4.294,1.500
-4.585,-3.984,1.500
-4.570,-4.002,1.500
-4.574,-4.038,1.500
-4.558,-4.056,1.500
-4.516,-4.050,1.500
-4.526,-4.091,1.500
-4.471,-4.073,1.500
-4.533,-4.163,1.500
-4.471,-4.138,1.500
-4.448,-4.150,1.500
-4.438,-4.173,1.500
-4.428,-4.197,1.500
-4.412,-4.214,1.500
-4.383,-4.219,1.500
-4.423,-4.292,1.500
-4.662,-4.559,1.500
-4.333,-4.271,1.500
-4.328,-4.300,1.500
-4.305,-4.311,1.500
-4.282,-4.321,1.500
-4.271,-4.345,1.500
-4.248,-4.355,1.500
-4.237,-4.378,1.500
-4.571,-4.760,1.500
-4.196,-4.405,1.500
-4.185,-4.428,1.500
-4.155,-4.431,1.500
-4.480,-4.814,1.500
-4.439,-4.809,1.500
-4.442,-4.849,1.500
-4.085,-4.496,1.500
-4.382,-4.861,1.500
-4.068,-4.548,1.500
-4.032,-4.544,1.500
-4.020,-4.566,1.500
-3.996,-4.575,1.500
-4.373,-5.046,1.500
-3.989,-4.640,1.500
-3.942,-4.622,1.500
-3.930,-4.644,1.500
-3.906,-4.653,1.500
-3.887,-4.668,1.500
-3.863,-4.676,1.500
-3.851,-4.698,1.500
-3.793,-4.665,1.500
-3.847,-4.770,1.500
-3.795,-4.743,1.500
-3.787,-4.772,1.500
-3.763,-4.780,1.500
-4.081,-5.226,1.500
-3.736,-4.823,1.500
-3.717,-4.838,1.500
-3.644,-4.782,1.500
-3.669,-4.853,1.500
-3.649,-4.867,1.500
-3.636,-4.889,1.500
-3.595,-4.874,1.500
-3.571,-4.881,1.500
-3.541,-4.881,1.500
-3.511,-4.880,1.500
-3.497,-4.901,1.500
-3.483,-4.922,1.500
-3.732,-5.318,1.500
-3.450,-4.957,1.500
-3.410,-4.941,1.500
-3.390,-4.954,1.500
-3.376,-4.975,1.500
-3.326,-4.943,1.500
-3.352,-5.023,1.500
-3.307,-4.999,1.500
-3.292,-5.020,1.500
-3.555,-5.467,1.500
-3.525,-5.467,1.500
-3.508,-5.488,1.500
-3.218,-5.078,1.500
-3.193,-5.083,1.500
-3.173,-5.096,1.500
-3.417,-5.535,1.500
-3.399,-5.555,1.500
-3.187,-5.254,1.500
-3.102,-5.160,1.500
-3.063,-5.141,1.500
-3.057,-5.177,1.500
-3.032,-5.181,1.500
-3.012,-5.193,1.500
-2.991,-5.205,1.500
-3.203,-5.625,1.500
-3.197,-5.665,1.500
-3.171,-5.671,1.500
-2.913,-5.259,1.500
-2.919,-5.317,1.500
-2.859,-5.258,1.500
-2.847,-5.285,1.500
-3.062,-5.739,1.500
-2.855,-5.402,1.500
-2.871,-5.483,1.500
-2.768,-5.337,1.500
-2.743,-5.340,1.500
-2.730,-5.367,1.500
-2.709,-5.377,1.500
-2.886,-5.785,1.500
-2.658,-5.382,1.500
-2.657,-5.433,1.500
-2.616,-5.403,1.500
-2.610,-5.446,1.500
-2.589,-5.456,1.500
-2.564,-5.458,1.500
-2.546,-5.476,1.500
-2.521,-5.478,1.500
-2.503,-5.496,1.500
-2.666,-5.916,1.500
-2.445,-5.482,1.500
-2.420,-5.484,1.500
-2.402,-5.502,1.500
-2.391,-5.536,1.500
-2.369,-5.545,1.500
-2.326,-5.504,1.500
-2.329,-5.572,1.500
-2.293,-5.548,1.500
-2.477,-6.058,1.500
-2.432,-6.016,1.500
-2.414,-6.040,1.500
-2.216,-5.608,1.500
-2.184,-5.592,1.500
-2.156,-5.583,1.500
-2.140,-5.609,1.500
-2.115,-5.608,1.500
-2.268,-6.088,1.500
-2.255,-6.127,1.500
-2.049,-5.633,1.500
-2.042,-5.683,1.500
-2.007,-5.657,1.500
-1.994,-5.691,1.500
-1.972,-5.699,1.500
-1.943,-5.689,1.500
-1.921,-5.697,1.500
-1.870,-5.618,1.500
-1.873,-5.703,1.500
-1.857,-5.728,1.500
-1.818,-5.683,1.500
-1.814,-5.751,1.500
-1.776,-5.706,1.500
-1.769,-5.765,1.500
-1.739,-5.746,1.500
-1.716,-5.752,1.500
-1.681,-5.716,1.500
-1.810,-6.248,1.500
-1.795,-6.286,1.500
-1.690,-6.007,1.500
-1.603,-5.785,1.500
-1.582,-5.800,1.500
-1.562,-5.815,1.500
-1.530,-5.786,1.500
-1.509,-5.801,1.500
-1.491,-5.824,1.500
-1.479,-5.873,1.500
-1.454,-5.871,1.500
-1.418,-5.824,1.500
-1.436,-6.002,1.500
-1.374,-5.844,1.500
-1.351,-5.849,1.500
-1.332,-5.872,1.500
-1.301,-5.842,1.500
-1.292,-5.908,1.500
-1.360,-6.337,1.500
-1.341,-6.373,1.500
-1.220,-5.914,1.500
-1.190,-5.884,1.500
-1.169,-5.897,1.500
-1.147,-5.911,1.500
-1.122,-5.906,1.500
-1.099,-5.911,1.500
-1.074,-5.906,1.500
-1.132,-6.365,1.500
-1.114,-6.409,1.500
-1.090,-6.421,1.500
-0.993,-5.993,1.500
-0.958,-5.926,1.500
-0.938,-5.948,1.500
-0.916,-5.960,1.500
-0.895,-5.981,1.500
-0.866,-5.949,1.500
-0.842,-5.944,1.500
-0.886,-6.436,1.500
-0.865,-6.471,1.500
-0.836,-6.451,1.500
-0.749,-5.965,1.500
-0.727,-5.977,1.500
-0.705,-5.989,1.500
-0.679,-5.974,1.500
-0.656,-5.985,1.500
-0.636,-6.014,1.500
-0.658,-6.471,1.500
-0.632,-6.466,1.500
-0.611,-6.516,1.500
-0.533,-5.934,1.500
-0.515,-5.990,1.500
-0.490,-5.983,1.500
-0.469,-6.012,1.500
-0.444,-5.996,1.500
-0.421,-6.006,1.500
-0.397,-6.008,1.500
-0.375,-6.027,1.500
-0.350,-6.011,1.500
-0.327,-6.012,1.500
-0.303,-6.004,1.500
-0.281,-6.041,1.500
-0.255,-6.007,1.500
-0.232,-6.017,1.500
-0.215,-6.202,1.500
-0.185,-6.009,1.500
-0.161,-6.010,1.500
-0.137,-5.974,1.500
-0.123,-6.496,1.500
-0.090,-6.029,1.500
-0.066,-5.975,1.500
-0.043,-6.003,1.500
-0.019,-5.994,1.500
0.004,-6.003,1.500
0.028,-5.976,1.500
0.056,-6.497,1.500
0.075,-5.993,1.500
0.099,-6.020,1.500
0.122,-6.011,1.500
0.146,-6.019,1.500
0.175,-6.203,1.500
0.209,-6.509,1.500
0.234,-6.493,1.500
0.253,-6.320,1.500
0.262,-5.961,1.500
0.288,-6.014,1.500
0.333,-6.432,1.500
0.337,-6.039,1.500
0.359,-6.010,1.500
0.408,-6.419,1.500
0.439,-6.498,1.500
0.462,-6.464,1.500
0.452,-5.995,1.500
0.476,-5.993,1.500
0.500,-5.991,1.500
0.535,-6.122,1.500
0.551,-6.032,1.500
0.570,-5.985,1.500
0.594,-5.983,1.500
0.615,-5.962,1.500
0.639,-5.960,1.500
0.665,-5.984,1.500
0.734,-6.374,1.500
0.711,-5.970,1.500
0.789,-6.408,1.500
0.815,-6.413,1.500
0.780,-5.952,1.500
0.803,-5.949,1.500
0.829,-5.964,1.500
0.856,-5.987,1.500
0.875,-5.948,1.500
0.899,-5.953,1.500
0.913,-5.887,1.500
0.946,-5.946,1.500
0.977,-5.987,1.500
0.987,-5.903,1.500
1.015,-5.926,1.500
1.036,-5.913,1.500
1.058,-5.900,1.500
1.094,-5.966,1.500
1.108,-5.909,1.500
1.119,-5.842,1.500
1.151,-5.882,1.500
1.253,-6.276,1.500
1.302,-6.389,1.500
1.320,-6.353,1.500
1.228,-5.792,1.500
1.246,-5.769,1.500
1.273,-5.782,1.500
1.302,-5.804,1.500
1.333,-5.835,1.500
1.368,-5.882,1.500
1.383,-5.842,1.500
1.410,-5.854,1.500
1.409,-5.751,1.500
1.429,-5.736,1.500
1.576,-6.219,1.500
1.616,-6.276,1.500
1.506,-5.755,1.500
1.647,-6.192,1.500
1.546,-5.725,1.500
1.567,-5.710,1.500
1.594,-5.721,1.500
1.619,-5.724,1.500
1.641,-5.717,1.500
1.666,-5.720,1.500
1.681,-5.687,1.500
1.719,-5.733,1.500
1.843,-6.059,1.500
1.898,-6.154,1.500
1.770,-5.660,1.500
1.798,-5.670,1.500
1.817,-5.654,1.500
1.842,-5.656,1.500
1.862,-5.640,1.500
1.887,-5.641,1.500
1.900,-5.608,1.500
1.928,-5.618,1.500
2.117,-6.091,1.500
2.149,-6.105,1.500
2.168,-6.082,1.500
2.019,-5.595,1.500
2.201,-6.026,1.500
2.234,-6.041,1.500
2.308,-6.166,1.500
2.103,-5.554,1.500
2.129,-5.555,1.500
2.160,-5.572,1.500
2.169,-5.529,1.500
2.354,-5.933,1.500
2.390,-5.954,1.500
2.422,-5.967,1.500
2.255,-5.494,1.500
2.277,-5.485,1.500
2.305,-5.493,1.500
2.309,-5.442,1.500
2.356,-5.492,1.500
2.366,-5.457,1.500
2.391,-5.456,1.500
2.402,-5.422,1.500
2.412,-5.387,1.500
2.474,-5.469,1.500
2.465,-5.393,1.500
2.490,-5.392,1.500
2.504,-5.365,1.500
2.544,-5.397,1.500
2.766,-5.807,1.500
2.827,-5.876,1.500
2.596,-5.342,1.500
2.613,-5.323,1.500
2.642,-5.330,1.500
2.703,-5.400,1.500
2.659,-5.259,1.500
2.692,-5.274,1.500
2.721,-5.279,1.500
2.973,-5.713,1.500
2.992,-5.694,1.500
2.783,-5.247,1.500
3.040,-5.678,1.500
2.829,-5.233,1.500
2.853,-5.230,1.500
2.865,-5.202,1.500
2.881,-5.183,1.500
2.901,-5.172,1.500
2.922,-5.160,1.500
3.167,-5.542,1.500
3.003,-5.208,1.500
3.005,-5.165,1.500
3.062,-5.215,1.500
3.299,-5.569,1.500
3.346,-5.597,1.500
3.283,-5.445,1.500
3.116,-5.121,1.500
3.117,-5.077,1.500
3.127,-5.049,1.500
3.152,-5.045,1.500
3.186,-5.056,1.500
3.186,-5.012,1.500
3.206,-5.000,1.500
3.220,-4.979,1.500
3.240,-4.967,1.500
3.285,-4.992,1.500
3.324,-5.009,1.500
3.308,-4.943,1.500
3.333,-4.938,1.500
3.363,-4.940,1.500
3.361,-4.897,1.500
3.386,-4.891,1.500
3.373,-4.832,1.500
3.403,-4.834,1.500
3.432,-4.836,1.500
3.435,-4.800,1.500
3.465,-4.801,1.500
3.484,-4.787,1.500
3.530,-4.811,1.500
3.538,-4.782,1.500
3.551,-4.761,1.500
3.564,-4.739,1.500
3.621,-4.776,1.500
3.921,-5.130,1.500
3.586,-4.653,1.500
3.638,-4.683,1.500
3.639,-4.647,1.500
3.991,-5.055,1.500
4.021,-5.052,1.500
4.056,-5.055,1.500
3.724,-4.603,1.500
3.742,-4.589,1.500
3.754,-4.567,1.500
3.801,-4.587,1.500
3.801,-4.551,1.500
3.825,-4.543,1.500
3.843,-4.528,1.500
3.837,-4.485,1.500
4.195,-4.865,1.500
4.209,-4.843,1.500
4.233,-4.832,1.500
3.931,-4.452,1.500
3.936,-4.423,1.500
3.972,-4.428,1.500
3.989,-4.412,1.500
3.994,-4.383,1.500
4.373,-4.761,1.500
4.375,-4.726,1.500
4.046,-4.336,1.500
4.423,-4.703,1.500
4.458,-4.703,1.500
4.404,-4.609,1.500
4.404,-4.574,1.500
4.130,-4.255,1.500
4.147,-4.239,1.500
4.176,-4.236,1.500
4.193,-4.219,1.500
4.203,-4.196,1.500
4.213,-4.173,1.500
4.229,-4.157,1.500
4.245,-4.140,1.500
4.622,-4.473,1.500
4.495,-4.316,1.500
4.294,-4.090,1.500
4.310,-4.073,1.500
4.326,-4.056,1.500
4.715,-4.387,1.500
4.733,-4.368,1.500
4.756,-4.355,1.500
4.396,-3.994,1.500
4.412,-3.977,1.500
4.454,-3.984,1.500
4.449,-3.948,1.500
4.465,-3.930,1.500
4.494,-3.925,1.500
4.489,-3.889,1.500
4.490,-3.859,1.500
4.894,-4.174,1.500
4.904,-4.149,1.500
4.927,-4.135,1.500
4.557,-3.794,1.500
4.572,-3.776,1.500
4.601,-3.770,1.500
5.010,-4.072,1.500
5.007,-4.037,1.500
5.029,-4.023,1.500
4.645,-3.686,1.500
4.667,-3.673,1.500
4.696,-3.666,1.500
4.696,-3.637,1.500
4.695,-3.607,1.500
4.717,-3.594,1.500
4.731,-3.575,1.500
5.147,-3.858,1.500
5.162,-3.838,1.500
5.177,-3.817,1.500
4.757,-3.479,1.500
4.800,-3.482,1.500
4.814,-3.463,1.500
5.223,-3.726,1.500
4.826,-3.414,1.500
4.854,-3.406,1.500
4.913,-3.418,1.500
4.896,-3.378,1.500
4.909,-3.359,1.500
5.329,-3.616,1.500
5.337,-3.590,1.500
5.177,-3.453,1.500
5.140,-3.400,1.500
5.027,-3.297,1.500
5.018,-3.262,1.500
5.083,-3.277,1.500
5.096,-3.257,1.500
5.094,-3.227,1.500
5.084,-3.193,1.500
5.034,-3.134,1.500
5.101,-3.148,1.500
5.144,-3.147,1.500
5.148,-3.122,1.500
5.184,-3.115,1.500
5.173,-3.081,1.500
5.169,-3.052,1.500
5.197,-3.041,1.500
5.178,-3.002,1.500
5.181,-2.977,1.500
5.232,-2.979,1.500
5.260,-2.967,1.500
5.256,-2.938,1.500
5.251,-2.909,1.500
5.271,-2.892,1.500
5.258,-2.859,1.500
5.293,-2.851,1.500
5.718,-3.051,1.500
5.323,-2.813,1.500
5.342,-2.797,1.500
5.369,-2.784,1.500
5.340,-2.742,1.500
5.351,-2.721,1.500
5.394,-2.716,1.500
5.835,-2.910,1.500
5.932,-2.929,1.500
5.844,-2.857,1.500
5.387,-2.608,1.500
5.486,-2.629,1.500
5.440,-2.581,1.500
5.938,-2.789,1.500
5.963,-2.772,1.500
5.974,-2.749,1.500
5.553,-2.528,1.500
5.547,-2.499,1.500
5.564,-2.481,1.500
5.558,-2.452,1.500
5.600,-2.444,1.500
5.634,-2.433,1.500
6.048,-2.583,1.500
6.058,-2.559,1.500
6.089,-2.545,1.500
5.630,-2.327,1.500
5.640,-2.305,1.500
5.632,-2.276,1.500
6.121,-2.446,1.500
5.691,-2.248,1.500
5.700,-2.226,1.500
5.675,-2.191,1.500
5.659,-2.159,1.500
5.709,-2.152,1.500
5.701,-2.124,1.500
5.726,-2.107,1.500
5.717,-2.079,1.500
5.784,-2.077,1.500
5.742,-2.037,1.500
5.733,-2.008,1.500
5.758,-1.992,1.500
5.865,-2.003,1.500
6.224,-2.098,1.500
5.772,-1.921,1.500
5.780,-1.898,1.500
5.796,-1.878,1.500
5.820,-1.861,1.500
5.810,-1.833,1.500
5.809,-1.807,1.500
5.739,-1.761,1.500
5.746,-1.738,1.500
5.779,-1.723,1.500
5.777,-1.698,1.500
5.818,-1.685,1.500
5.772,-1.648,1.500
5.770,-1.622,1.500
5.785,-1.602,1.500
5.809,-1.584,1.500
5.789,-1.554,1.500
5.804,-1.534,1.500
5.783,-1.504,1.500
5.816,-1.488,1.500
5.848,-1.472,1.500
5.845,-1.447,1.500
5.841,-1.422,1.500
5.865,-1.403,1.500
5.861,-1.378,1.500
5.858,-1.353,1.500
5.881,-1.334,1.500
5.859,-1.305,1.500
6.347,-1.387,1.500
6.345,-1.361,1.500
6.365,-1.339,1.500
5.808,-1.198,1.500
5.884,-1.190,1.500
5.808,-1.150,1.500
5.893,-1.143,1.500
5.862,-1.113,1.500
5.857,-1.089,1.500
5.843,-1.062,1.500
5.848,-1.039,1.500
5.833,-1.013,1.500
5.837,-0.990,1.500
5.859,-0.970,1.500
5.845,-0.945,1.500
5.840,-0.920,1.500
5.852,-0.899,1.500
5.856,-0.876,1.500
6.373,-0.927,1.500
5.917,-0.837,1.500
5.875,-0.808,1.500
5.878,-0.785,1.500
6.346,-0.822,1.500
6.390,-0.802,1.500
6.385,-0.776,1.500
5.908,-0.694,1.500
5.892,-0.669,1.500
6.410,-0.702,1.500
6.339,-0.670,1.500
5.900,-0.600,1.500
5.902,-0.577,1.500
6.083,-0.570,1.500
5.915,-0.531,1.500
5.945,-0.510,1.500
5.910,-0.484,1.500
5.912,-0.461,1.500
5.868,-0.434,1.500
5.897,-0.413,1.500
5.990,-0.396,1.500
5.946,-0.369,1.500
5.920,-0.344,1.500
6.390,-0.347,1.500
6.408,-0.322,1.500
6.409,-0.297,1.500
5.934,-0.252,1.500
5.926,-0.228,1.500
5.936,-0.205,1.500
6.462,-0.198,1.500
5.900,-0.157,1.500
5.929,-0.135,1.500
5.947,-0.112,1.500
5.957,-0.089,1.500
5.930,-0.065,1.500
5.939,-0.042,1.500
5.921,-0.018,1.500
5.799,0.005,2.000
5.976,0.028,2.000
5.948,0.052,2.000
6.366,0.080,2.000
5.911,0.098,2.000
5.892,0.120,2.000
5.919,0.144,2.000
6.430,0.182,2.000
6.421,0.207,2.000
6.428,0.232,2.000
5.860,0.235,2.000
5.850,0.258,2.000
6.351,0.305,2.000
5.839,0.303,2.000
5.865,0.328,2.000
5.873,0.351,2.000
5.853,0.373,2.000
5.842,0.395,2.000
5.832,0.418,2.000
5.849,0.442,2.000
5.847,0.465,2.000
5.845,0.488,2.000
5.834,0.510,2.000
6.348,0.580,2.000
6.354,0.606,2.000
6.343,0.630,2.000
5.825,0.602,2.000
5.822,0.624,2.000
5.829,0.648,2.000
5.845,0.673,2.000
5.824,0.694,2.000
5.821,0.717,2.000
5.828,0.741,2.000
5.815,0.763,2.000
5.803,0.784,2.000
5.800,0.807,2.000
5.778,0.827,2.000
5.766,0.848,2.000
5.827,0.881,2.000
5.796,0.899,2.000
5.737,0.913,2.000
5.770,0.942,2.000
5.794,0.969,2.000
6.091,1.044,2.000
5.795,1.016,2.000
5.745,1.031,2.000
5.741,1.053,2.000
6.225,1.167,2.000
5.751,1.102,2.000
5.765,1.128,2.000
5.696,1.138,2.000
5.811,1.184,2.000
5.877,1.222,2.000
6.171,1.308,2.000
5.823,1.259,2.000
5.800,1.278,2.000
5.777,1.296,2.000
6.255,1.429,2.000
6.257,1.456,2.000
6.251,1.480,2.000
5.765,1.389,2.000
5.768,1.414,2.000
5.946,1.482,2.000
6.227,1.578,2.000
6.299,1.623,2.000
5.772,1.511,2.000
5.757,1.532,2.000
5.751,1.554,2.000
5.719,1.569,2.000
5.712,1.592,2.000
5.706,1.614,2.000
6.244,1.793,2.000
6.206,1.809,2.000
5.713,1.689,2.000
5.689,1.706,2.000
5.673,1.726,2.000
5.684,1.754,2.000
5.668,1.773,2.000
5.670,1.798,2.000
5.663,1.821,2.000
5.647,1.840,2.000
5.885,1.943,2.000
5.684,1.902,2.000
5.599,1.898,2.000
5.512,1.892,2.000
5.950,2.069,2.000
5.982,2.106,2.000
5.918,2.110,2.000
5.517,1.991,2.000
5.491,2.007,2.000
5.963,2.206,2.000
5.955,2.229,2.000
5.946,2.252,2.000
5.503,2.109,2.000
5.468,2.121,2.000
5.434,2.132,2.000
5.452,2.164,2.000
5.452,2.189,2.000
5.356,2.174,2.000
5.920,2.431,2.000
5.347,2.220,2.000
5.408,2.270,2.000
5.312,2.255,2.000
5.312,2.279,2.000
5.320,2.308,2.000
5.268,2.309,2.000
5.302,2.349,2.000
5.267,2.358,2.000
5.258,2.379,2.000
5.274,2.412,2.000
5.265,2.432,2.000
5.168,2.412,2.000
5.220,2.461,2.000
5.227,2.490,2.000
5.368,2.583,2.000
5.308,2.580,2.000
5.197,2.552,2.000
5.238,2.597,2.000
5.236,2.622,2.000
5.659,2.861,2.000
5.207,2.659,2.000
5.213,2.688,2.000
5.194,2.704,2.000
5.192,2.728,2.000
5.165,2.740,2.000
5.402,2.893,2.000
5.143,2.781,2.000
5.124,2.796,2.000
5.210,2.870,2.000
5.191,2.886,2.000
5.188,2.911,2.000
5.561,3.149,2.000
5.556,3.175,2.000
5.579,3.218,2.000
5.117,2.978,2.000
5.176,3.040,2.000
5.180,3.069,2.000
5.113,3.057,2.000
5.536,3.339,2.000
5.151,3.135,2.000
5.177,3.178,2.000
5.172,3.203,2.000
5.182,3.238,2.000
5.557,3.502,2.000
5.549,3.528,2.000
5.098,3.270,2.000
5.101,3.299,2.000
5.095,3.324,2.000
5.082,3.344,2.000
5.061,3.359,2.000
5.033,3.369,2.000
5.020,3.389,2.000
4.962,3.378,2.000
5.001,3.433,2.000
5.374,3.721,2.000
4.973,3.473,2.000
4.967,3.497,2.000
4.910,3.486,2.000
4.997,3.577,2.000
4.911,3.545,2.000
4.961,3.611,2.000
4.890,3.589,2.000
5.064,3.747,2.000
4.919,3.669,2.000
4.897,3.683,2.000
4.883,3.703,2.000
4.819,3.684,2.000
5.240,4.038,2.000
4.846,3.765,2.000
4.831,3.784,2.000
4.802,3.792,2.000
4.780,3.806,2.000
4.779,3.835,2.000
5.137,4.156,2.000
4.762,3.884,2.000
4.754,3.908,2.000
4.725,3.916,2.000
4.662,3.894,2.000
4.687,3.947,2.000
5.014,4.255,2.000
4.663,3.989,2.000
4.647,4.008,2.000
4.645,4.037,2.000
4.642,4.067,2.000
4.652,4.108,2.000
4.584,4.080,2.000
4.561,4.092,2.000
4.551,4.116,2.000
4.889,4.456,2.000
4.860,4.465,2.000
4.831,4.473,2.000
4.493,4.193,2.000
4.495,4.228,2.000
4.447,4.216,2.000
4.379,4.185,2.000
4.420,4.257,2.000
4.702,4.564,2.000
4.374,4.279,2.000
4.300,4.240,2.000
4.296,4.270,2.000
4.573,4.581,2.000
4.622,4.667,2.000
4.598,4.679,2.000
4.197,4.305,2.000
4.218,4.360,2.000
4.188,4.363,2.000
4.183,4.393,2.000
4.172,4.415,2.000
4.112,4.386,2.000
4.137,4.448,2.000
4.132,4.477,2.000
4.430,4.839,2.000
4.078,4.490,2.000
4.043,4.486,2.000
4.362,4.879,2.000
4.031,4.544,2.000
4.350,4.943,2.000
3.995,4.576,2.000
3.966,4.578,2.000
4.255,4.951,2.000
3.901,4.575,2.000
3.957,4.679,2.000
3.905,4.653,2.000
3.875,4.655,2.000
3.874,4.691,2.000
3.850,4.699,2.000
3.820,4.700,2.000
4.118,5.107,2.000
4.068,5.086,2.000
3.781,4.766,2.000
3.746,4.760,2.000
3.727,4.774,2.000
3.703,4.782,2.000
3.722,4.846,2.000
3.665,4.811,2.000
3.657,4.840,2.000
3.616,4.825,2.000
3.619,4.868,2.000
3.600,4.882,2.000
3.596,4.918,2.000
3.566,4.918,2.000
3.588,4.989,2.000
3.538,4.960,2.000
3.529,4.988,2.000
3.514,5.009,2.000
3.760,5.405,2.000
3.475,5.037,2.000
3.440,5.028,2.000
3.415,5.035,2.000
3.395,5.048,2.000
3.627,5.438,2.000
3.356,5.074,2.000
3.393,5.175,2.000
3.316,5.101,2.000
3.310,5.136,2.000
3.247,5.081,2.000
3.506,5.536,2.000
3.493,5.563,2.000
3.475,5.583,2.000
3.204,5.192,2.000
3.183,5.205,2.000
3.145,5.187,2.000
3.147,5.237,2.000
3.090,5.189,2.000
3.097,5.247,2.000
3.081,5.266,2.000
3.051,5.263,2.000
3.039,5.290,2.000
3.001,5.272,2.000
2.971,5.268,2.000
2.968,5.310,2.000
3.178,5.739,2.000
3.174,5.786,2.000
3.144,5.785,2.000
2.897,5.380,2.000
2.855,5.352,2.000
2.838,5.371,2.000
2.817,5.382,2.000
2.956,5.703,2.000
3.000,5.843,2.000
2.977,5.855,2.000
2.736,5.434,2.000
2.734,5.484,2.000
2.701,5.471,2.000
2.660,5.442,2.000
2.650,5.476,2.000
2.632,5.494,2.000
2.641,5.568,2.000
2.788,5.939,2.000
2.564,5.517,2.000
2.542,5.527,2.000
2.506,5.504,2.000
2.694,5.982,2.000
2.459,5.516,2.000
2.451,5.558,2.000
2.440,5.592,2.000
2.415,5.593,2.000
2.389,5.595,2.000
2.381,5.637,2.000
2.342,5.605,2.000
2.520,6.100,2.000
2.490,6.095,2.000
2.458,6.083,2.000
2.263,5.666,2.000
2.235,5.658,2.000
2.206,5.650,2.000
2.193,5.684,2.000
2.174,5.701,2.000
2.164,5.742,2.000
2.123,5.701,2.000
2.101,5.709,2.000
2.099,5.776,2.000
2.211,6.160,2.000
2.193,6.183,2.000
2.158,6.162,2.000
2.005,5.800,2.000
2.122,6.216,2.000
1.940,5.757,2.000
1.917,5.764,2.000
2.039,6.211,2.000
1.886,5.821,2.000
1.852,5.795,2.000
1.829,5.802,2.000
1.806,5.809,2.000
1.804,5.883,2.000
1.763,5.832,2.000
1.740,5.839,2.000
1.715,5.837,2.000
1.823,6.294,2.000
1.819,6.376,2.000
1.777,6.323,2.000
1.630,5.889,2.000
1.598,5.861,2.000
1.577,5.876,2.000
1.556,5.890,2.000
1.531,5.888,2.000
1.505,5.885,2.000
1.478,5.874,2.000
1.446,5.845,2.000
1.556,6.397,2.000
1.533,6.411,2.000
1.398,5.948,2.000
1.368,5.928,2.000
1.347,5.942,2.000
1.329,5.973,2.000
1.300,5.952,2.000
1.284,5.992,2.000
1.255,5.971,2.000
1.227,5.950,2.000
1.207,5.972,2.000
1.182,5.968,2.000
1.231,6.346,2.000
1.224,6.445,2.000
1.175,6.324,2.000
1.092,6.012,2.000
1.066,5.998,2.000
1.045,6.020,2.000
1.017,5.998,2.000
0.996,6.019,2.000
0.970,6.006,2.000
0.946,6.010,2.000
0.908,5.916,2.000
0.902,6.034,2.000
0.949,6.523,2.000
0.919,6.496,2.000
0.826,6.009,2.000
0.801,6.004,2.000
0.780,6.024,2.000
0.758,6.045,2.000
0.732,6.030,2.000
0.710,6.042,2.000
0.687,6.054,2.000
0.716,6.537,2.000
0.630,5.970,2.000
0.618,6.088,2.000
0.595,6.099,2.000
0.570,6.092,2.000
0.542,6.042,2.000
0.521,6.079,2.000
0.496,6.063,2.000
0.473,6.074,2.000
0.451,6.102,2.000
0.458,6.552,2.000
0.401,6.079,2.000
0.377,6.081,2.000
0.355,6.117,2.000
0.328,6.057,2.000
0.306,6.094,2.000
0.282,6.086,2.000
0.257,6.078,2.000
0.234,6.088,2.000
0.231,6.719,2.000
0.201,6.581,2.000
0.175,6.582,2.000
0.139,6.126,2.000
0.114,6.074,2.000
0.090,6.074,2.000
0.066,6.092,2.000
0.043,6.119,2.000
0.019,6.119,2.000
-0.006,6.092,2.000
-0.030,6.110,2.000
-0.055,6.316,2.000
-0.077,6.101,2.000
-0.101,6.092,2.000
-0.125,6.073,2.000
-0.160,6.527,2.000
-0.173,6.108,2.000
-0.197,6.080,2.000
-0.220,6.080,2.000
-0.254,6.320,2.000
-0.267,6.060,2.000
-0.293,6.103,2.000
-0.317,6.093,2.000
-0.340,6.074,2.000
-0.366,6.117,2.000
-0.387,6.062,2.000
-0.413,6.087,2.000
-0.435,6.059,2.000
-0.499,6.589,2.000
-0.524,6.579,2.000
-0.509,6.089,2.000
-0.530,6.060,2.000
-0.547,5.978,2.000
-0.578,6.056,2.000
-0.601,6.045,2.000
-0.620,5.998,2.000
-0.649,6.049,2.000
-0.665,5.975,2.000
-0.690,5.981,2.000
-0.715,5.996,2.000
-0.736,5.967,2.000
-0.760,5.973,2.000
-0.845,6.442,2.000
-0.876,6.478,2.000
-0.830,5.963,2.000
-0.846,5.906,2.000
-0.876,5.948,2.000
-0.905,5.980,2.000
-0.939,6.046,2.000
-0.961,6.034,2.000
-0.988,6.048,2.000
-1.010,6.035,2.000
-1.029,6.005,2.000
-1.054,6.009,2.000
-1.075,5.988,2.000
-1.098,5.984,2.000
-1.207,6.432,2.000
-1.229,6.412,2.000
-1.171,5.979,2.000
-1.192,5.966,2.000
-1.313,6.436,2.000
-1.245,5.982,2.000
-1.251,5.899,2.000
-1.286,5.946,2.000
-1.403,6.368,2.000
-1.444,6.432,2.000
-1.366,5.974,2.000
-1.383,5.942,2.000
-1.408,5.946,2.000
-1.436,5.957,2.000
-1.453,5.926,2.000
-1.595,6.396,2.000
-1.495,5.897,2.000
-1.507,5.848,2.000
-1.546,5.902,2.000
-1.560,5.862,2.000
-1.595,5.898,2.000
-1.601,5.832,2.000
-1.636,5.869,2.000
-1.654,5.845,2.000
-1.692,5.889,2.000
-1.705,5.849,2.000
-1.715,5.800,2.000
-1.751,5.835,2.000
-1.774,5.828,2.000
-1.786,5.787,2.000
-1.817,5.806,2.000
-1.979,6.238,2.000
-2.011,6.253,2.000
-1.885,5.784,2.000
-1.908,5.777,2.000
-1.936,5.786,2.000
-1.959,5.778,2.000
-1.976,5.754,2.000
-1.978,5.687,2.000
-2.021,5.738,2.000
-2.061,5.780,2.000
-2.075,5.747,2.000
-2.088,5.714,2.000
-2.114,5.714,2.000
-2.136,5.706,2.000
-2.162,5.705,2.000
-2.191,5.713,2.000
-2.191,5.647,2.000
-2.235,5.696,2.000
-2.248,5.663,2.000
-2.274,5.662,2.000
-2.296,5.653,2.000
-2.492,6.069,2.000
-2.343,5.643,2.000
-2.362,5.625,2.000
-2.377,5.600,2.000
-2.410,5.615,2.000
-2.421,5.581,2.000
-2.447,5.580,2.000
-2.469,5.570,2.000
-2.501,5.584,2.000
-2.523,5.574,2.000
-2.541,5.556,2.000
-2.548,5.514,2.000
-2.570,5.504,2.000
-2.599,5.510,2.000
-2.822,5.922,2.000
-2.838,5.897,2.000
-2.675,5.503,2.000
-2.693,5.485,2.000
-2.703,5.450,2.000
-2.728,5.447,2.000
-2.746,5.429,2.000
-2.991,5.857,2.000
-2.784,5.399,2.000
-2.818,5.412,2.000
-2.831,5.385,2.000
-2.872,5.413,2.000
-2.881,5.378,2.000
-2.898,5.359,2.000
-2.915,5.340,2.000
-2.957,5.367,2.000
-2.965,5.332,2.000
-3.063,5.457,2.000
-3.011,5.316,2.000
-3.001,5.251,2.000
-3.040,5.270,2.000
-3.060,5.258,2.000
-3.081,5.246,2.000
-3.129,5.279,2.000
-3.122,5.221,2.000
-3.134,5.194,2.000
-3.159,5.189,2.000
-3.207,5.222,2.000
-3.218,5.194,2.000
-3.210,5.136,2.000
-3.249,5.154,2.000
-3.274,5.148,2.000
-3.280,5.113,2.000
-3.305,5.108,2.000
-3.559,5.454,2.000
-3.559,5.407,2.000
-3.365,5.068,2.000
-3.380,5.048,2.000
-3.409,5.049,2.000
-3.434,5.043,2.000
-3.439,5.008,2.000
-3.453,4.987,2.000
-3.498,5.009,2.000
-3.523,5.003,2.000
-3.538,4.982,2.000
-3.542,4.946,2.000
-3.540,4.903,2.000
-3.591,4.933,2.000
-3.589,4.890,2.000
-3.802,5.137,2.000
-3.961,5.308,2.000
-3.953,5.255,2.000
-3.676,4.847,2.000
-3.695,4.833,2.000
-3.720,4.825,2.000
-3.744,4.817,2.000
-3.752,4.789,2.000
-4.096,5.185,2.000
-4.116,5.169,2.000
-4.121,5.134,2.000
-3.832,4.736,2.000
-3.845,4.714,2.000
-3.909,4.753,2.000
-3.888,4.691,2.000
-3.901,4.669,2.000
-3.925,4.660,2.000
-3.937,4.638,2.000
-3.961,4.629,2.000
-3.973,4.607,2.000
-4.220,4.854,2.000
-4.334,4.946,2.000
-4.027,4.560,2.000
-4.039,4.537,2.000
-4.051,4.515,2.000
-4.134,4.570,2.000
-4.111,4.509,2.000
-4.116,4.480,2.000
-4.170,4.502,2.000
-4.157,4.454,2.000
-4.157,4.418,2.000
-4.216,4.446,2.000
-4.511,4.720,2.000
-4.551,4.725,2.000
-4.232,4.358,2.000
-4.261,4.354,2.000
-4.272,4.331,2.000
-4.270,4.296,2.000
-4.654,4.646,2.000
-4.678,4.633,2.000
-4.301,4.226,2.000
-4.362,4.253,2.000
-4.373,4.229,2.000
-4.415,4.237,2.000
-4.406,4.195,2.000
-4.370,4.129,2.000
-4.445,4.166,2.000
-4.455,4.143,2.000
-4.839,4.465,2.000
-4.857,4.446,2.000
-4.510,4.096,2.000
-4.520,4.072,2.000
-4.529,4.049,2.000
-4.545,4.031,2.000
-4.567,4.019,2.000
-4.576,3.995,2.000
-4.578,3.965,2.000
-4.614,3.965,2.000
-4.630,3.947,2.000
-4.632,3.917,2.000
-4.613,3.870,2.000
-5.030,4.187,2.000
-5.047,4.167,2.000
-4.686,3.838,2.000
-4.701,3.820,2.000
-4.730,3.812,2.000
-4.758,3.805,2.000
-4.773,3.786,2.000
-4.781,3.762,2.000
-5.197,4.056,2.000
-5.206,4.030,2.000
-5.203,3.996,2.000
-4.847,3.692,2.000
-4.861,3.672,2.000
-4.854,3.637,2.000
-4.883,3.629,2.000
-4.904,3.615,2.000
-4.911,3.590,2.000
-4.925,3.571,2.000
-4.932,3.547,2.000
-4.967,3.543,2.000
-4.930,3.487,2.000
-4.981,3.493,2.000
-4.943,3.438,2.000
-5.015,3.459,2.000
-5.214,3.566,2.000
-5.100,3.459,2.000
-5.048,3.395,2.000
-5.054,3.370,2.000
-5.097,3.370,2.000
-5.103,3.345,2.000
-5.138,3.339,2.000
-5.129,3.305,2.000
-5.127,3.275,2.000
-5.162,3.269,2.000
-5.145,3.230,2.000
-5.158,3.210,2.000
-5.155,3.180,2.000
-5.190,3.174,2.000
-5.210,3.158,2.000
-5.207,3.128,2.000
-5.242,3.121,2.000
-5.616,3.314,2.000
-5.751,3.363,2.000
-5.309,3.077,2.000
-5.291,3.039,2.000
-5.295,3.013,2.000
-5.252,2.962,2.000
-5.318,2.972,2.000
-5.842,3.234,2.000
-5.342,2.930,2.000
-5.361,2.913,2.000
-5.372,2.892,2.000
-5.384,2.871,2.000
-5.395,2.850,2.000
-5.406,2.829,2.000
-5.393,2.795,2.000
-5.452,2.798,2.000
-5.876,2.987,2.000
-5.458,2.747,2.000
-5.445,2.714,2.000
-5.479,2.704,2.000
-5.458,2.667,2.000
-5.476,2.650,2.000
-5.689,2.725,2.000
-5.505,2.610,2.000
-5.523,2.592,2.000
-5.557,2.582,2.000
-5.551,2.553,2.000
-5.978,2.721,2.000
-5.579,2.513,2.000
-5.573,2.483,2.000
-5.542,2.444,2.000
-5.592,2.440,2.000
-5.972,2.578,2.000
-6.077,2.594,2.000
-6.044,2.552,2.000
-5.605,2.341,2.000
-5.631,2.326,2.000
-5.599,2.287,2.000
-5.657,2.285,2.000
-5.674,2.266,2.000
-5.667,2.237,2.000
-5.684,2.218,2.000
-5.676,2.189,2.000
-6.152,2.345,2.000
-5.685,2.142,2.000
-5.701,2.122,2.000
-5.718,2.103,2.000
-5.743,2.087,2.000
-5.726,2.055,2.000
-5.700,2.021,2.000
-5.742,2.010,2.000
-5.750,1.988,2.000
-5.791,1.976,2.000
-5.774,1.945,2.000
-5.764,1.917,2.000
-5.789,1.900,2.000
-6.249,2.024,2.000
-5.770,1.843,2.000
-5.802,1.829,2.000
-5.792,1.801,2.000
-5.799,1.778,2.000
-5.874,1.776,2.000
-5.830,1.737,2.000
-5.811,1.707,2.000
-5.844,1.692,2.000
-6.255,1.784,2.000
-6.247,1.755,2.000
-5.863,1.623,2.000
-5.870,1.600,2.000
-6.359,1.706,2.000
-6.351,1.677,2.000
-6.210,1.614,2.000
-5.911,1.512,2.000
-5.891,1.482,2.000
-5.880,1.454,2.000
-5.920,1.440,2.000
-5.908,1.412,2.000
-5.896,1.385,2.000
-5.902,1.362,2.000
-5.924,1.343,2.000
-6.427,1.430,2.000
-6.417,1.401,2.000
-5.957,1.276,2.000
-5.936,1.248,2.000
-5.976,1.231,2.000
-5.963,1.204,2.000
-5.950,1.178,2.000
-5.981,1.159,2.000
-5.994,1.137,2.000
-6.466,1.200,2.000
-6.470,1.175,2.000
-5.990,1.064,2.000
-6.011,1.043,2.000
-5.981,1.013,2.000
-6.028,0.997,2.000
-6.015,0.971,2.000
-5.992,0.943,2.000
-6.143,0.942,2.000
-6.043,0.902,2.000
-6.029,0.876,2.000
-6.015,0.850,2.000
-6.027,0.828,2.000
-6.432,0.857,2.000
-6.475,0.837,2.000
-6.533,0.819,2.000
-6.039,0.733,2.000
-5.980,0.702,2.000
-6.071,0.688,2.000
-6.065,0.663,2.000
-6.068,0.640,2.000
-6.061,0.615,2.000
-6.081,0.593,2.000
-6.057,0.566,2.000
-6.550,0.587,2.000
-6.061,0.519,2.000
-6.072,0.496,2.000
-6.092,0.473,2.000
-6.032,0.445,2.000
-6.130,0.428,2.000
-6.097,0.402,2.000
-6.063,0.375,2.000
-6.073,0.352,2.000
-6.154,0.333,2.000
-6.076,0.304,2.000
-6.077,0.281,2.000
-6.157,0.260,2.000
-6.532,0.250,2.000
-6.477,0.223,2.000
-6.597,0.201,2.000
-6.010,0.159,2.000
-6.019,0.136,2.000
-6.038,0.113,2.000
-6.118,0.090,2.000
-6.520,0.070,2.000
-6.162,0.042,2.000
-6.030,0.018,2.000
-6.012,-0.006,2.000
-6.012,-0.030,2.000
-6.003,-0.053,2.000
-6.512,-0.083,2.000
-6.520,-0.109,2.000
-6.011,-0.124,2.000
-6.019,-0.148,2.000
-5.964,-0.170,2.000
-6.018,-0.195,2.000
-6.484,-0.236,2.000
-6.484,-0.261,2.000
-6.033,-0.267,2.000
-6.005,-0.289,2.000
-6.031,-0.314,2.000
-5.975,-0.335,2.000
-6.596,-0.396,2.000
-6.080,-0.389,2.000
-6.078,-0.413,2.000
-5.997,-0.431,2.000
-6.022,-0.456,2.000
-6.404,-0.510,2.000
-6.009,-0.503,2.000
-6.060,-0.531,2.000
-6.023,-0.552,2.000
-5.976,-0.571,2.000
-6.520,-0.649,2.000
-5.926,-0.613,2.000
-5.978,-0.642,2.000
-6.037,-0.673,2.000
-5.972,-0.689,2.000
-6.014,-0.718,2.000
-5.949,-0.734,2.000
-5.964,-0.760,2.000
-5.961,-0.783,2.000
-5.976,-0.809,2.000
-5.946,-0.828,2.000
-5.933,-0.851,2.000
-5.983,-0.882,2.000
-5.980,-0.905,2.000
-5.950,-0.925,2.000
-5.955,-0.949,2.000
-5.960,-0.974,2.000
-5.921,-0.992,2.000
-5.978,-1.025,2.000
-5.992,-1.052,2.000
-5.953,-1.069,2.000
-6.001,-1.102,2.000
-6.022,-1.131,2.000
-5.992,-1.149,2.000
-5.970,-1.169,2.000
-5.965,-1.193,2.000
-6.428,-1.312,2.000
-6.446,-1.342,2.000
-6.471,-1.373,2.000
-5.946,-1.286,2.000
-5.950,-1.312,2.000
-5.936,-1.333,2.000
-6.372,-1.457,2.000
-5.934,-1.382,2.000
-5.920,-1.403,2.000
-6.385,-1.540,2.000
-6.394,-1.569,2.000
-5.937,-1.481,2.000
-5.914,-1.500,2.000
-5.891,-1.519,2.000
-5.885,-1.542,2.000
-6.370,-1.696,2.000
-6.363,-1.721,2.000
-5.858,-1.609,2.000
-5.868,-1.637,2.000
-5.853,-1.657,2.000
-5.881,-1.690,2.000
-5.840,-1.703,2.000
-5.825,-1.724,2.000
-5.767,-1.731,2.000
-6.043,-1.840,2.000
-5.813,-1.795,2.000
-5.814,-1.820,2.000
-5.773,-1.832,2.000
-5.808,-1.869,2.000
-6.267,-2.043,2.000
-6.244,-2.063,2.000
-6.243,-2.090,2.000
-6.084,-2.063,2.000
-5.728,-1.968,2.000
-5.712,-1.987,2.000
-5.738,-2.022,2.000
-5.722,-2.041,2.000
-5.688,-2.054,2.000
-5.697,-2.083,2.000
-5.680,-2.102,2.000
-5.689,-2.131,2.000
-5.680,-2.153,2.000
-5.655,-2.169,2.000
-5.663,-2.198,2.000
-5.646,-2.217,2.000
-6.053,-2.404,2.000
-5.570,-2.237,2.000
-5.628,-2.286,2.000
-5.611,-2.305,2.000
-5.602,-2.327,2.000
-5.592,-2.349,2.000
-5.575,-2.367,2.000
-5.574,-2.393,2.000
-5.613,-2.436,2.000
-5.595,-2.454,2.000
-5.562,-2.466,2.000
-5.568,-2.495,2.000
-5.566,-2.520,2.000
-5.492,-2.512,2.000
-5.522,-2.553,2.000
-5.528,-2.582,2.000
-5.962,-2.813,2.000
-5.943,-2.833,2.000
-5.939,-2.860,2.000
-5.495,-2.672,2.000
-5.444,-2.674,2.000
-5.489,-2.723,2.000
-5.873,-2.942,2.000
-5.868,-2.969,2.000
-5.603,-2.862,2.000
-5.454,-2.813,2.000
-5.435,-2.830,2.000
-5.385,-2.831,2.000
-5.374,-2.852,2.000
-5.362,-2.873,2.000
-5.367,-2.903,2.000
-5.340,-2.915,2.000
-5.312,-2.928,2.000
-5.332,-2.966,2.000
-5.305,-2.978,2.000
-5.278,-2.990,2.000
-5.274,-3.015,2.000
-5.262,-3.036,2.000
-5.451,-3.174,2.000
-5.636,-3.311,2.000
-5.650,-3.349,2.000
-5.266,-3.150,2.000
-5.216,-3.148,2.000
-5.143,-3.131,2.000
-5.176,-3.179,2.000
-5.149,-3.190,2.000
-5.181,-3.239,2.000
-5.138,-3.240,2.000
-5.103,-3.246,2.000
-5.135,-3.295,2.000
-5.166,-3.343,2.000
-5.124,-3.345,2.000
-5.074,-3.340,2.000
-5.061,-3.360,2.000
-5.444,-3.646,2.000
-5.463,-3.689,2.000
-5.050,-3.440,2.000
-5.036,-3.459,2.000
-4.994,-3.459,2.000
-4.987,-3.484,2.000
-4.988,-3.513,2.000
-4.967,-3.528,2.000
-4.946,-3.542,2.000
-4.932,-3.562,2.000
-4.932,-3.591,2.000
-4.861,-3.569,2.000
-4.890,-3.619,2.000
-4.875,-3.639,2.000
-4.868,-3.663,2.000
-4.868,-3.693,2.000
-4.825,-3.690,2.000
-4.825,-3.720,2.000
-4.817,-3.745,2.000
-5.231,-4.100,2.000
-4.760,-3.760,2.000
-4.745,-3.779,2.000
-4.737,-3.803,2.000
-5.106,-4.132,2.000
-4.734,-3.863,2.000
-4.699,-3.864,2.000
-4.683,-3.883,2.000
-5.052,-4.222,2.000
-5.042,-4.247,2.000
-4.671,-3.966,2.000
-4.715,-4.035,2.000
-4.613,-3.980,2.000
-4.550,-3.957,2.000
-4.582,-4.016,2.000
-4.605,-4.069,2.000
-4.543,-4.046,2.000
-4.534,-4.069,2.000
-4.518,-4.087,2.000
-4.508,-4.111,2.000
-4.453,-4.093,2.000
-4.450,-4.122,2.000
-4.453,-4.158,2.000
-4.391,-4.132,2.000
-4.414,-4.186,2.000
-4.759,-4.550,2.000
-4.413,-4.252,2.000
-4.390,-4.263,2.000
-4.360,-4.268,2.000
-4.337,-4.279,2.000
-4.327,-4.302,2.000
-4.303,-4.313,2.000
-4.305,-4.348,2.000
-4.263,-4.340,2.000
-4.590,-4.709,2.000
-4.527,-4.682,2.000
-4.236,-4.415,2.000
-4.195,-4.406,2.000
-4.147,-4.390,2.000
-4.148,-4.426,2.000
-4.142,-4.455,2.000
-4.137,-4.485,2.000
-4.435,-4.845,2.000
-4.119,-4.537,2.000
-4.060,-4.507,2.000
-4.054,-4.536,2.000
-4.373,-4.932,2.000
-4.042,-4.594,2.000
-4.024,-4.610,2.000
-3.982,-4.599,2.000
-3.941,-4.588,2.000
-3.969,-4.657,2.000
-4.261,-5.040,2.000
-4.221,-5.032,2.000
-3.891,-4.676,2.000
-3.873,-4.692,2.000
-4.162,-5.082,2.000
-3.830,-4.715,2.000
-4.122,-5.114,2.000
-3.870,-4.841,2.000
-3.780,-4.767,2.000
-3.772,-4.795,2.000
-3.759,-4.817,2.000
-4.030,-5.207,2.000
-3.705,-4.825,2.000
-3.686,-4.840,2.000
-3.916,-5.184,2.000
-3.957,-5.282,2.000
-3.553,-4.782,2.000
-3.577,-4.854,2.000
-3.569,-4.883,2.000
-3.746,-5.168,2.000
-3.520,-4.896,2.000
-3.506,-4.917,2.000
-3.466,-4.901,2.000
-3.457,-4.930,2.000
-3.427,-4.928,2.000
-3.418,-4.957,2.000
-3.654,-5.343,2.000
-3.646,-5.377,2.000
-3.354,-4.989,2.000
-3.325,-4.987,2.000
-3.310,-5.008,2.000
-3.570,-5.447,2.000
-3.281,-5.049,2.000
-3.536,-5.489,2.000
-3.514,-5.502,2.000
-3.240,-5.117,2.000
-3.210,-5.115,2.000
-3.453,-5.550,2.000
-3.203,-5.193,2.000
-3.117,-5.098,2.000
-3.111,-5.134,2.000
-3.095,-5.154,2.000
-3.052,-5.127,2.000
-3.064,-5.194,2.000
-3.039,-5.198,2.000
-3.014,-5.202,2.000
-3.003,-5.229,2.000
-2.973,-5.225,2.000
-3.195,-5.666,2.000
-2.928,-5.241,2.000
-2.911,-5.260,2.000
-3.124,-5.697,2.000
-3.120,-5.744,2.000
-2.832,-5.262,2.000
-2.833,-5.313,2.000
-2.808,-5.316,2.000
-2.996,-5.728,2.000
-2.762,-5.330,2.000
-2.745,-5.349,2.000
-2.728,-5.368,2.000
-2.707,-5.378,2.000
-2.686,-5.389,2.000
-2.861,-5.797,2.000
-2.631,-5.386,2.000
-2.618,-5.412,2.000
-2.601,-5.430,2.000
-2.571,-5.424,2.000
-2.588,-5.515,2.000
-2.533,-5.453,2.000
-2.507,-5.454,2.000
-2.490,-5.472,2.000
-2.453,-5.449,2.000
-2.461,-5.524,2.000
-2.621,-5.945,2.000
-2.432,-5.576,2.000
-2.378,-5.512,2.000
-2.371,-5.554,2.000
-2.524,-5.978,2.000
-2.320,-5.556,2.000
-2.308,-5.590,2.000
-2.280,-5.582,2.000
-2.433,-6.024,2.000
-2.232,-5.592,2.000
-2.204,-5.584,2.000
-2.185,-5.601,2.000
-2.179,-5.651,2.000
-2.138,-5.609,2.000
-2.125,-5.643,2.000
-2.113,-5.676,2.000
-2.084,-5.668,2.000
-2.053,-5.651,2.000
-2.040,-5.684,2.000
-2.135,-6.024,2.000
-2.146,-6.132,2.000
-1.958,-5.665,2.000
-1.938,-5.681,2.000
-1.942,-5.765,2.000
-2.047,-6.157,2.000
-1.877,-5.721,2.000
-1.865,-5.762,2.000
-1.835,-5.744,2.000
-1.807,-5.734,2.000
-1.784,-5.741,2.000
-1.759,-5.740,2.000
-1.882,-6.227,2.000
-1.701,-5.710,2.000
-1.691,-5.760,2.000
-1.674,-5.784,2.000
-1.658,-5.816,2.000
-1.626,-5.788,2.000
-1.591,-5.751,2.000
-1.578,-5.792,2.000
-1.550,-5.781,2.000
-1.654,-6.266,2.000
-1.638,-6.304,2.000
-1.489,-5.825,2.000
-1.457,-5.795,2.000
-1.445,-5.845,2.000
-1.525,-6.274,2.000
-1.397,-5.847,2.000
-1.372,-5.844,2.000
-1.361,-5.902,2.000
-1.330,-5.872,2.000
-1.414,-6.357,2.000
-1.294,-5.926,2.000
-1.263,-5.896,2.000
-1.236,-5.884,2.000
-1.211,-5.880,2.000
-1.193,-5.911,2.000
-1.165,-5.889,2.000
-1.190,-6.143,2.000
-1.122,-5.916,2.000
-1.097,-5.911,2.000
-1.147,-6.321,2.000
-1.139,-6.420,2.000
-1.030,-5.941,2.000
-0.999,-5.901,2.000
-0.979,-5.923,2.000
-0.956,-5.926,2.000
-0.935,-5.948,2.000
-0.918,-5.987,2.000
-0.889,-5.955,2.000
-0.865,-5.959,2.000
-0.843,-5.971,2.000
-0.882,-6.429,2.000
-0.860,-6.456,2.000
-0.766,-5.927,2.000
-0.746,-5.956,2.000
-0.724,-5.968,2.000
-0.756,-6.445,2.000
-0.677,-5.974,2.000
-0.654,-5.985,2.000
-0.630,-5.979,2.000
-0.603,-5.945,2.000
-0.582,-5.975,2.000
-0.607,-6.493,2.000
-0.539,-6.024,2.000
-0.511,-5.981,2.000
-0.489,-6.001,2.000
-0.464,-5.985,2.000
-0.479,-6.503,2.000
-0.419,-6.006,2.000
-0.395,-6.008,2.000
-0.370,-5.992,2.000
-0.374,-6.462,2.000
-0.351,-6.511,2.000
-0.302,-6.031,2.000
-0.276,-5.997,2.000
-0.255,-6.052,2.000
-0.229,-6.008,2.000
-0.206,-5.999,2.000
-0.182,-5.991,2.000
-0.158,-6.001,2.000
-0.135,-5.992,2.000
-0.112,-6.038,2.000
-0.087,-5.984,2.000
-0.064,-6.012,2.000
-0.041,-6.012,2.000
-0.018,-6.505,2.000
0.007,-5.985,2.000
0.030,-6.039,2.000
0.054,-6.012,2.000
0.077,-5.984,2.000
0.109,-6.496,2.000
0.135,-6.511,2.000
0.149,-6.037,2.000
0.171,-5.982,2.000
0.195,-6.009,2.000
0.219,-5.999,2.000
0.264,-6.531,2.000
0.289,-6.514,2.000
0.314,-6.513,2.000
0.339,-6.504,2.000
0.337,-6.003,2.000
0.361,-6.010,2.000
0.385,-6.009,2.000
0.423,-6.217,2.000
0.436,-6.068,2.000
0.458,-6.040,2.000
0.481,-6.029,2.000
0.527,-6.294,2.000
0.570,-6.496,2.000
0.595,-6.494,2.000
0.573,-5.994,2.000
0.597,-5.991,2.000
0.619,-5.980,2.000
0.643,-5.978,2.000
0.666,-5.975,2.000
0.690,-5.972,2.000
0.721,-6.032,2.000
0.738,-5.976,2.000
0.760,-5.964,2.000
0.786,-5.979,2.000
0.807,-5.958,2.000
0.833,-5.972,2.000
0.855,-5.960,2.000
0.880,-5.966,2.000
0.906,-5.980,2.000
0.918,-5.905,2.000
0.946,-5.928,2.000
0.970,-5.933,2.000
0.994,-5.929,2.000
1.020,-5.943,2.000
1.046,-5.957,2.000
1.062,-5.908,2.000
1.087,-5.913,2.000
1.112,-5.918,2.000
1.131,-5.895,2.000
1.149,-5.864,2.000
1.183,-5.913,2.000
1.201,-5.882,2.000
1.328,-6.376,2.000
1.356,-6.386,2.000
1.276,-5.894,2.000
1.285,-5.827,2.000
1.318,-5.866,2.000
1.347,-5.887,2.000
1.366,-5.864,2.000
1.385,-5.841,2.000
1.408,-5.836,2.000
1.435,-5.848,2.000
1.456,-5.833,2.000
1.481,-5.836,2.000
1.517,-5.882,2.000
1.529,-5.833,2.000
1.547,-5.809,2.000
1.570,-5.803,2.000
1.609,-5.858,2.000
1.623,-5.817,2.000
1.638,-5.784,2.000
1.666,-5.795,2.000
1.676,-5.745,2.000
1.719,-5.808,2.000
1.729,-5.758,2.000
1.754,-5.760,2.000
1.924,-6.230,2.000
1.799,-5.746,2.000
1.819,-5.730,2.000
1.842,-5.723,2.000
2.017,-6.184,2.000
2.044,-6.184,2.000
1.909,-5.701,2.000
1.928,-5.685,2.000
1.954,-5.686,2.000
2.143,-6.158,2.000
2.170,-6.158,2.000
2.033,-5.696,2.000
2.046,-5.663,2.000
2.065,-5.646,2.000
2.100,-5.672,2.000
2.109,-5.630,2.000
2.128,-5.613,2.000
2.150,-5.605,2.000
2.179,-5.613,2.000
2.214,-5.638,2.000
2.219,-5.587,2.000
2.231,-5.553,2.000
2.263,-5.570,2.000
2.285,-5.561,2.000
2.314,-5.568,2.000
2.329,-5.543,2.000
2.350,-5.534,2.000
2.576,-5.999,2.000
2.603,-5.996,2.000
2.419,-5.514,2.000
2.584,-5.827,2.000
2.663,-5.943,2.000
2.473,-5.460,2.000
2.509,-5.483,2.000
2.508,-5.424,2.000
2.533,-5.422,2.000
2.570,-5.445,2.000
2.591,-5.435,2.000
2.609,-5.417,2.000
2.626,-5.398,2.000
2.868,-5.838,2.000
2.684,-5.410,2.000
2.693,-5.375,2.000
2.722,-5.380,2.000
2.735,-5.354,2.000
2.769,-5.367,2.000
2.782,-5.340,2.000
2.807,-5.337,2.000
2.828,-5.326,2.000
2.840,-5.299,2.000
2.869,-5.304,2.000
2.873,-5.261,2.000
2.898,-5.257,2.000
2.919,-5.246,2.000
2.974,-5.297,2.000
2.969,-5.238,2.000
2.985,-5.219,2.000
3.001,-5.199,2.000
3.021,-5.187,2.000
3.308,-5.629,2.000
3.062,-5.164,2.000
3.339,-5.582,2.000
3.366,-5.576,2.000
3.136,-5.150,2.000
3.128,-5.092,2.000
3.167,-5.110,2.000
3.384,-5.412,2.000
3.241,-5.138,2.000
3.251,-5.110,2.000
3.252,-5.067,2.000
3.262,-5.039,2.000
3.552,-5.440,2.000
3.569,-5.419,2.000
3.336,-5.023,2.000
3.366,-5.025,2.000
3.370,-4.989,2.000
3.430,-5.035,2.000
3.404,-4.955,2.000
3.424,-4.942,2.000
3.443,-4.928,2.000
3.473,-4.930,2.000
3.763,-5.296,2.000
3.589,-5.010,2.000
3.531,-4.888,2.000
3.534,-4.853,2.000
3.558,-4.846,2.000
3.871,-5.228,2.000
3.872,-5.187,2.000
3.912,-5.197,2.000
3.634,-4.789,2.000
3.647,-4.768,2.000
3.672,-4.761,2.000
3.696,-4.753,2.000
3.703,-4.725,2.000
4.033,-5.104,2.000
4.053,-5.088,2.000
3.781,-4.709,2.000
3.783,-4.673,2.000
3.743,-4.587,2.000
4.127,-5.017,2.000
3.866,-4.663,2.000
3.832,-4.585,2.000
3.868,-4.591,2.000
3.892,-4.582,2.000
3.910,-4.567,2.000
4.143,-4.801,2.000
4.274,-4.914,2.000
3.969,-4.528,2.000
4.017,-4.545,2.000
4.023,-4.516,2.000
4.297,-4.786,2.000
4.370,-4.829,2.000
4.069,-4.462,2.000
4.056,-4.413,2.000
4.086,-4.410,2.000
4.488,-4.806,2.000
4.403,-4.678,2.000
4.265,-4.496,2.000
4.167,-4.358,2.000
4.172,-4.329,2.000
4.182,-4.306,2.000
4.517,-4.614,2.000
4.223,-4.280,2.000
4.290,-4.314,2.000
4.250,-4.240,2.000
4.253,-4.210,2.000
4.224,-4.149,2.000
4.306,-4.196,2.000
4.329,-4.185,2.000
4.286,-4.112,2.000
4.282,-4.076,2.000
4.365,-4.121,2.000
4.387,-4.110,2.000
4.377,-4.069,2.000
4.359,-4.020,2.000
4.805,-4.397,2.000
4.774,-4.334,2.000
4.406,-3.969,2.000
4.483,-4.006,2.000
4.499,-3.988,2.000
4.501,-3.959,2.000
4.913,-4.287,2.000
4.545,-3.935,2.000
4.554,-3.911,2.000
4.569,-3.893,2.000
4.974,-4.205,2.000
4.996,-4.190,2.000
4.642,-3.862,2.000
4.637,-3.827,2.000
4.631,-3.791,2.000
5.055,-4.106,2.000
5.065,-4.081,2.000
4.682,-3.742,2.000
4.711,-3.735,2.000
4.726,-3.717,2.000
4.747,-3.704,2.000
5.132,-3.971,2.000
5.166,-3.966,2.000
5.169,-3.936,2.000
4.790,-3.618,2.000
4.805,-3.599,2.000
4.819,-3.580,2.000
5.230,-3.854,2.000
5.245,-3.833,2.000
4.816,-3.491,2.000
4.882,-3.509,2.000
4.903,-3.495,2.000
5.259,-3.718,2.000
4.915,-3.446,2.000
4.966,-3.452,2.000
4.890,-3.371,2.000
4.978,-3.403,2.000
4.924,-3.338,2.000
4.990,-3.354,2.000
4.995,-3.329,2.000
5.008,-3.310,2.000
4.968,-3.255,2.000
5.026,-3.265,2.000
5.016,-3.231,2.000
5.090,-3.250,2.000
5.080,-3.216,2.000
5.077,-3.186,2.000
5.517,-3.432,2.000
5.133,-3.165,2.000
5.130,-3.135,2.000
5.150,-3.120,2.000
5.542,-3.328,2.000
5.159,-3.070,2.000
5.194,-3.064,2.000
5.167,-3.020,2.000
5.218,-3.023,2.000
5.190,-2.980,2.000
5.186,-2.950,2.000
5.276,-2.974,2.000
5.272,-2.945,2.000
5.276,-2.920,2.000
5.654,-3.100,2.000
5.291,-2.874,2.000
5.262,-2.832,2.000
5.313,-2.832,2.000
5.717,-3.018,2.000
5.785,-3.026,2.000
5.354,-2.773,2.000
5.325,-2.732,2.000
5.416,-2.752,2.000
5.379,-2.706,2.000
5.365,-2.673,2.000
5.400,-2.664,2.000
5.450,-2.662,2.000
5.892,-2.849,2.000
5.455,-2.612,2.000
5.871,-2.782,2.000
5.443,-2.553,2.000
5.445,-2.528,2.000
5.454,-2.507,2.000
5.406,-2.459,2.000
5.457,-2.456,2.000
5.492,-2.446,2.000
5.960,-2.626,2.000
5.689,-2.480,2.000
5.520,-2.381,2.000
5.521,-2.356,2.000
5.539,-2.338,2.000
5.506,-2.299,2.000
5.574,-2.301,2.000
5.566,-2.272,2.000
5.592,-2.257,2.000
5.558,-2.219,2.000
5.592,-2.207,2.000
5.618,-2.191,2.000
5.651,-2.179,2.000
6.048,-2.305,2.000
6.088,-2.292,2.000
5.618,-2.090,2.000
5.643,-2.074,2.000
5.642,-2.049,2.000
5.701,-2.045,2.000
5.922,-2.098,2.000
6.132,-2.145,2.000
5.665,-1.957,2.000
5.682,-1.938,2.000
5.698,-1.918,2.000
5.662,-1.882,2.000
5.721,-1.876,2.000
5.729,-1.854,2.000
5.684,-1.815,2.000
5.726,-1.803,2.000
5.750,-1.786,2.000
5.766,-1.766,2.000
5.798,-1.751,2.000
5.796,-1.726,2.000
5.795,-1.701,2.000
5.818,-1.683,2.000
6.240,-1.778,2.000
6.263,-1.758,2.000
6.277,-1.736,2.000
5.801,-1.580,2.000
5.798,-1.554,2.000
6.305,-1.664,2.000
5.845,-1.518,2.000
5.834,-1.491,2.000
5.839,-1.468,2.000
5.828,-1.440,2.000
6.290,-1.528,2.000
6.288,-1.502,2.000
5.888,-1.382,2.000
5.858,-1.351,2.000
5.819,-1.318,2.000
6.075,-1.350,2.000
6.363,-1.388,2.000
5.957,-1.275,2.000
5.812,-1.220,2.000
5.844,-1.203,2.000
5.893,-1.189,2.000
6.294,-1.244,2.000
6.347,-1.229,2.000
5.916,-1.121,2.000
5.929,-1.100,2.000
6.392,-1.160,2.000
5.848,-1.037,2.000
5.852,-1.014,2.000
5.856,-0.991,2.000
5.860,-0.968,2.000
5.891,-0.950,2.000
5.858,-0.921,2.000
5.871,-0.899,2.000
6.206,-0.925,2.000
5.850,-0.849,2.000
5.863,-0.827,2.000
5.857,-0.803,2.000
5.914,-0.787,2.000
5.899,-0.762,2.000
5.911,-0.740,2.000
5.878,-0.712,2.000
5.890,-0.690,2.000
5.902,-0.668,2.000
6.254,-0.683,2.000
5.907,-0.622,2.000
5.918,-0.599,2.000
5.911,-0.575,2.000
5.904,-0.551,2.000
5.925,-0.530,2.000
5.862,-0.501,2.000
5.929,-0.483,2.000
5.921,-0.459,2.000
5.905,-0.434,2.000
6.376,-0.444,2.000
5.917,-0.389,2.000
5.900,-0.364,2.000
5.911,-0.342,2.000
5.931,-0.319,2.000
6.416,-0.320,2.000
6.006,-0.276,2.000
5.869,-0.247,2.000
5.935,-0.226,2.000
5.981,-0.204,2.000
5.946,-0.180,2.000
5.872,-0.154,2.000
5.929,-0.133,2.000
6.431,-0.119,2.000
6.415,-0.093,2.000
5.966,-0.063,2.000
5.948,-0.040,2.000
5.939,-0.016,2.000
5.790,0.007,2.500
5.921,0.030,2.500
5.921,0.054,2.500
5.957,0.077,2.500
5.957,0.101,2.500
5.956,0.124,2.500
5.919,0.147,2.500
5.937,0.170,2.500
5.982,0.195,2.500
5.954,0.218,2.500
5.944,0.241,2.500
5.859,0.260,2.500
5.830,0.282,2.500
5.848,0.306,2.500
6.315,0.355,2.500
5.836,0.351,2.500
5.834,0.374,2.500
5.889,0.401,2.500
5.869,0.423,2.500
5.839,0.444,2.500
5.828,0.466,2.500
5.900,0.495,2.500
6.367,0.559,2.500
5.850,0.537,2.500
5.838,0.559,2.500
5.827,0.581,2.500
6.332,0.656,2.500
6.322,0.680,2.500
5.857,0.654,2.500
5.845,0.676,2.500
5.805,0.694,2.500
6.252,0.772,2.500
6.147,0.784,2.500
6.320,0.831,2.500
5.867,0.795,2.500
5.800,0.809,2.500
6.310,0.906,2.500
5.812,0.858,2.500
5.762,0.873,2.500
5.786,0.900,2.500
5.792,0.924,2.500
6.307,1.032,2.500
6.295,1.056,2.500
5.781,0.993,2.500
5.850,1.028,2.500
5.754,1.035,2.500
5.859,1.077,2.500
5.837,1.097,2.500
6.357,1.221,2.500
6.328,1.241,2.500
6.323,1.266,2.500
5.846,1.194,2.500
5.805,1.210,2.500
5.801,1.232,2.500
5.814,1.259,2.500
5.800,1.280,2.500
5.786,1.301,2.500
5.816,1.331,2.500
5.775,1.346,2.500
5.761,1.367,2.500
5.773,1.393,2.500
5.786,1.420,2.500
5.780,1.443,2.500
5.757,1.461,2.500
5.777,1.491,2.500
5.736,1.504,2.500
5.667,1.510,2.500
5.679,1.537,2.500
5.753,1.581,2.500
5.738,1.602,2.500
5.714,1.619,2.500
5.708,1.641,2.500
5.693,1.661,2.500
6.167,1.826,2.500
6.176,1.855,2.500
6.176,1.882,2.500
5.657,1.748,2.500
5.914,1.853,2.500
6.004,1.907,2.500
5.592,1.800,2.500
5.576,1.819,2.500
5.560,1.838,2.500
5.579,1.869,2.500
5.528,1.876,2.500
5.538,1.904,2.500
5.521,1.922,2.500
5.532,1.950,2.500
5.515,1.969,2.500
5.454,1.971,2.500
5.499,2.012,2.500
5.491,2.033,2.500
5.483,2.055,2.500
5.467,2.073,2.500
5.458,2.095,2.500
5.433,2.109,2.500
5.979,2.349,2.500
5.924,2.354,2.500
6.028,2.423,2.500
5.425,2.205,2.500
5.416,2.226,2.500
5.416,2.251,2.500
5.424,2.280,2.500
5.381,2.286,2.500
5.381,2.311,2.500
5.371,2.332,2.500
5.362,2.353,2.500
5.336,2.367,2.500
5.832,2.614,2.500
5.326,2.412,2.500
5.308,2.429,2.500
5.340,2.470,2.500
5.372,2.510,2.500
5.363,2.531,2.500
5.361,2.556,2.500
5.376,2.589,2.500
5.341,2.598,2.500
5.322,2.615,2.500
5.353,2.657,2.500
5.728,2.871,2.500
5.710,2.890,2.500
5.385,2.752,2.500
5.343,2.757,2.500
5.364,2.794,2.500
5.305,2.790,2.500
5.310,2.820,2.500
5.322,2.853,2.500
5.280,2.857,2.500
5.276,2.882,2.500
5.265,2.903,2.500
5.269,2.932,2.500
5.304,2.979,2.500
5.300,3.004,2.500
5.304,3.034,2.500
5.695,3.288,2.500
5.302,3.089,2.500
5.252,3.087,2.500
5.225,3.099,2.500
5.197,3.110,2.500
5.216,3.149,2.500
5.203,3.169,2.500
5.183,3.185,2.500
5.201,3.224,2.500
5.188,3.244,2.500
5.153,3.251,2.500
5.147,3.276,2.500
5.127,3.291,2.500
5.069,3.282,2.500
5.101,3.331,2.500
5.066,3.336,2.500
5.038,3.346,2.500
5.397,3.616,2.500
5.449,3.682,2.500
5.027,3.426,2.500
4.999,3.435,2.500
4.978,3.450,2.500
4.950,3.459,2.500
4.966,3.499,2.500
4.937,3.508,2.500
4.931,3.533,2.500
4.931,3.562,2.500
4.874,3.550,2.500
4.853,3.564,2.500
5.189,3.842,2.500
5.257,3.925,2.500
5.235,3.941,2.500
4.782,3.629,2.500
4.818,3.686,2.500
4.817,3.716,2.500
4.788,3.723,2.500
4.767,3.737,2.500
5.104,4.033,2.500
4.744,3.780,2.500
4.722,3.793,2.500
4.701,3.806,2.500
4.699,3.835,2.500
4.684,3.854,2.500
4.662,3.866,2.500
4.654,3.890,2.500
4.785,4.032,2.500
4.982,4.232,2.500
4.594,3.933,2.500
4.592,3.963,2.500
4.610,4.010,2.500
4.588,4.022,2.500
4.565,4.034,2.500
4.582,4.081,2.500
4.553,4.088,2.500
4.557,4.123,2.500
4.534,4.135,2.500
4.518,4.153,2.500
4.853,4.496,2.500
4.472,4.176,2.500
4.462,4.200,2.500
4.452,4.223,2.500
4.776,4.566,2.500
4.780,4.607,2.500
4.402,4.275,2.500
4.379,4.287,2.500
4.356,4.298,2.500
4.345,4.321,2.500
4.639,4.650,2.500
4.317,4.361,2.500
4.306,4.384,2.500
4.283,4.395,2.500
4.272,4.418,2.500
4.272,4.453,2.500
4.212,4.426,2.500
4.219,4.468,2.500
4.491,4.793,2.500
4.190,4.507,2.500
4.088,4.433,2.500
4.172,4.559,2.500
4.473,4.927,2.500
4.113,4.566,2.500
4.071,4.556,2.500
4.071,4.592,2.500
4.000,4.548,2.500
4.069,4.663,2.500
3.965,4.579,2.500
3.998,4.655,2.500
3.929,4.610,2.500
3.916,4.632,2.500
3.909,4.661,2.500
4.130,4.963,2.500
4.151,5.029,2.500
3.843,4.693,2.500
4.126,5.080,2.500
3.812,4.730,2.500
3.782,4.731,2.500
3.752,4.732,2.500
3.745,4.761,2.500
3.802,4.872,2.500
3.713,4.797,2.500
3.666,4.776,2.500
3.984,5.232,2.500
3.661,4.847,2.500
3.637,4.855,2.500
3.612,4.862,2.500
3.614,4.904,2.500
3.585,4.904,2.500
3.565,4.918,2.500
3.613,5.025,2.500
3.547,4.975,2.500
3.497,4.945,2.500
3.780,5.391,2.500
3.518,5.060,2.500
3.443,4.994,2.500
3.414,4.992,2.500
3.404,5.021,2.500
3.384,5.034,2.500
3.365,5.047,2.500
3.340,5.053,2.500
3.344,5.103,2.500
3.579,5.508,2.500
3.295,5.114,2.500
3.255,5.097,2.500
3.240,5.117,2.500
3.496,5.570,2.500
3.214,5.165,2.500
3.180,5.155,2.500
3.182,5.205,2.500
3.144,5.188,2.500
3.146,5.238,2.500
3.098,5.204,2.500
3.082,5.224,2.500
3.044,5.205,2.500
3.050,5.264,2.500
3.016,5.252,2.500
2.996,5.264,2.500
2.962,5.253,2.500
2.958,5.295,2.500
3.177,5.740,2.500
2.904,5.295,2.500
2.879,5.298,2.500
2.879,5.349,2.500
3.083,5.782,2.500
3.064,5.801,2.500
2.795,5.343,2.500
2.795,5.394,2.500
2.778,5.412,2.500
2.748,5.407,2.500
2.755,5.473,2.500
2.718,5.453,2.500
2.677,5.423,2.500
2.802,5.735,2.500
2.857,5.906,2.500
2.620,5.471,2.500
2.603,5.489,2.500
2.573,5.483,2.500
2.700,5.811,2.500
2.541,5.527,2.500
2.523,5.545,2.500
2.487,5.523,2.500
2.498,5.605,2.500
2.465,5.591,2.500
2.436,5.584,2.500
2.404,5.569,2.500
2.576,6.034,2.500
2.370,5.612,2.500
2.331,5.581,2.500
2.329,5.639,2.500
2.294,5.615,2.500
2.305,5.706,2.500
2.260,5.658,2.500
2.231,5.650,2.500
2.209,5.659,2.500
2.183,5.659,2.500
2.158,5.659,2.500
2.139,5.676,2.500
2.101,5.643,2.500
2.100,5.710,2.500
2.084,5.734,2.500
2.061,5.743,2.500
2.024,5.709,2.500
2.001,5.717,2.500
2.002,5.791,2.500
1.979,5.799,2.500
1.957,5.807,2.500
1.914,5.756,2.500
1.894,5.772,2.500
1.866,5.762,2.500
1.844,5.769,2.500
1.837,5.827,2.500
1.804,5.801,2.500
1.778,5.799,2.500
1.758,5.815,2.500
1.730,5.805,2.500
1.710,5.820,2.500
1.719,5.936,2.500
1.666,5.842,2.500
1.636,5.822,2.500
1.611,5.820,2.500
1.605,5.886,2.500
1.584,5.901,2.500
1.549,5.865,2.500
1.526,5.871,2.500
1.632,6.379,2.500
1.480,5.882,2.500
1.459,5.897,2.500
1.440,5.920,2.500
1.415,5.917,2.500
1.515,6.447,2.500
1.358,5.884,2.500
1.345,5.933,2.500
1.324,5.947,2.500
1.300,5.952,2.500
1.269,5.922,2.500
1.254,5.962,2.500
1.235,5.993,2.500
1.203,5.954,2.500
1.178,5.950,2.500
1.160,5.981,2.500
1.135,5.977,2.500
1.203,6.473,2.500
1.092,6.012,2.500
1.056,5.946,2.500
1.041,5.994,2.500
1.017,5.998,2.500
0.992,5.993,2.500
1.051,6.508,2.500
0.946,6.009,2.500
0.923,6.013,2.500
0.972,6.504,2.500
0.878,6.038,2.500
0.925,6.542,2.500
0.828,6.027,2.500
0.802,6.012,2.500
0.786,6.068,2.500
0.824,6.572,2.500
0.737,6.065,2.500
0.711,6.051,2.500
0.687,6.054,2.500
0.663,6.056,2.500
0.641,6.068,2.500
0.616,6.061,2.500
0.591,6.055,2.500
0.567,6.048,2.500
0.544,6.068,2.500
0.521,6.079,2.500
0.536,6.554,2.500
0.472,6.065,2.500
0.446,6.031,2.500
0.427,6.104,2.500
0.403,6.097,2.500
0.377,6.072,2.500
0.353,6.073,2.500
0.329,6.066,2.500
0.305,6.067,2.500
0.282,6.095,2.500
0.279,6.570,2.500
0.233,6.052,2.500
0.210,6.089,2.500
0.186,6.090,2.500
0.162,6.073,2.500
0.138,6.082,2.500
0.123,6.536,2.500
0.091,6.083,2.500
0.067,6.083,2.500
0.043,6.119,2.500
0.020,6.513,2.500
-0.005,6.110,2.500
-0.029,6.083,2.500
-0.053,6.074,2.500
-0.083,6.576,2.500
-0.101,6.100,2.500
-0.124,6.091,2.500
-0.149,6.108,2.500
-0.171,6.046,2.500
-0.197,6.124,2.500
-0.220,6.080,2.500
-0.264,6.587,2.500
-0.268,6.095,2.500
-0.293,6.121,2.500
-0.316,6.093,2.500
-0.340,6.083,2.500
-0.392,6.564,2.500
-0.388,6.098,2.500
-0.412,6.087,2.500
-0.436,6.086,2.500
-0.459,6.075,2.500
-0.480,6.038,2.500
-0.507,6.071,2.500
-0.530,6.069,2.500
-0.554,6.067,2.500
-0.578,6.065,2.500
-0.601,6.054,2.500
-0.621,6.016,2.500
-0.647,6.040,2.500
-0.675,6.073,2.500
-0.752,6.533,2.500
-0.722,6.058,2.500
-0.743,6.038,2.500
-0.828,6.516,2.500
-0.855,6.520,2.500
-0.814,6.029,2.500
-0.839,6.034,2.500
-0.862,6.022,2.500
-0.887,6.028,2.500
-0.910,6.024,2.500
-0.931,6.003,2.500
-0.956,6.008,2.500
-1.058,6.483,2.500
-1.005,6.009,2.500
-1.030,6.014,2.500
-1.052,6.001,2.500
-1.158,6.457,2.500
-1.192,6.499,2.500
-1.121,5.979,2.500
-1.144,5.975,2.500
-1.250,6.392,2.500
-1.292,6.472,2.500
-1.211,5.944,2.500
-1.343,6.462,2.500
-1.261,5.951,2.500
-1.283,5.938,2.500
-1.327,6.027,2.500
-1.335,5.953,2.500
-1.357,5.939,2.500
-1.376,5.917,2.500
-1.395,5.894,2.500
-1.424,5.914,2.500
-1.559,6.364,2.500
-1.592,6.389,2.500
-1.492,5.889,2.500
-1.521,5.909,2.500
-1.545,5.902,2.500
-1.563,5.879,2.500
-1.589,5.882,2.500
-1.612,5.875,2.500
-1.644,5.903,2.500
-1.658,5.863,2.500
-1.676,5.839,2.500
-1.699,5.832,2.500
-1.737,5.876,2.500
-1.750,5.836,2.500
-1.749,5.752,2.500
-1.803,5.847,2.500
-1.813,5.798,2.500
-1.836,5.791,2.500
-1.963,6.108,2.500
-1.876,5.759,2.500
-1.918,5.811,2.500
-1.935,5.786,2.500
-1.946,5.745,2.500
-1.974,5.754,2.500
-2.003,5.763,2.500
-2.022,5.747,2.500
-2.194,6.157,2.500
-2.232,6.186,2.500
-2.087,5.714,2.500
-2.122,5.739,2.500
-2.135,5.706,2.500
-2.157,5.698,2.500
-2.176,5.681,2.500
-2.211,5.705,2.500
-2.208,5.630,2.500
-2.369,5.971,2.500
-2.443,6.089,2.500
-2.284,5.629,2.500
-2.306,5.620,2.500
-2.514,6.059,2.500
-2.371,5.650,2.500
-2.372,5.592,2.500
-2.380,5.550,2.500
-2.427,5.598,2.500
-2.459,5.613,2.500
-2.460,5.554,2.500
-2.496,5.577,2.500
-2.496,5.519,2.500
-2.521,5.517,2.500
-2.539,5.499,2.500
-2.561,5.489,2.500
-2.590,5.495,2.500
-2.694,5.657,2.500
-2.850,5.926,2.500
-2.643,5.440,2.500
-2.695,5.493,2.500
-2.709,5.467,2.500
-2.723,5.440,2.500
-2.768,5.477,2.500
-2.765,5.419,2.500
-2.823,5.478,2.500
-3.006,5.778,2.500
-2.829,5.386,2.500
-2.850,5.375,2.500
-2.871,5.364,2.500
-2.905,5.376,2.500
-3.160,5.794,2.500
-3.168,5.754,2.500
-2.955,5.318,2.500
-2.976,5.306,2.500
-3.208,5.668,2.500
-3.035,5.313,2.500
-3.051,5.294,2.500
-3.059,5.259,2.500
-3.079,5.247,2.500
-3.104,5.242,2.500
-3.129,5.238,2.500
-3.122,5.180,2.500
-3.166,5.205,2.500
-3.168,5.163,2.500
-3.436,5.551,2.500
-3.213,5.145,2.500
-3.238,5.140,2.500
-3.258,5.127,2.500
-3.273,5.107,2.500
-3.288,5.086,2.500
-3.313,5.081,2.500
-3.596,5.468,2.500
-3.353,5.055,2.500
-3.368,5.034,2.500
-3.388,5.021,2.500
-3.417,5.022,2.500
-3.447,5.024,2.500
-3.746,5.414,2.500
-3.481,4.989,2.500
-3.491,4.961,2.500
-3.810,5.370,2.500
-3.560,4.976,2.500
-3.570,4.948,2.500
-3.584,4.927,2.500
-3.603,4.913,2.500
-3.622,4.899,2.500
-3.641,4.884,2.500
-3.979,5.294,2.500
-3.696,4.877,2.500
-3.693,4.834,2.500
-3.723,4.834,2.500
-3.720,4.791,2.500
-3.750,4.790,2.500
-3.785,4.796,2.500
-3.793,4.768,2.500
-4.105,5.118,2.500
-3.830,4.738,2.500
-3.860,4.736,2.500
-3.873,4.714,2.500
-3.880,4.685,2.500
-3.904,4.677,2.500
-3.905,4.641,2.500
-4.249,5.009,2.500
-3.965,4.637,2.500
-3.989,4.629,2.500
-3.966,4.566,2.500
-4.002,4.570,2.500
-4.251,4.817,2.500
-4.073,4.578,2.500
-4.091,4.562,2.500
-4.073,4.507,2.500
-4.402,4.833,2.500
-4.447,4.844,2.500
-4.162,4.498,2.500
-4.143,4.443,2.500
-4.493,4.780,2.500
-4.202,4.436,2.500
-4.214,4.413,2.500
-4.225,4.390,2.500
-4.236,4.367,2.500
-4.259,4.356,2.500
-4.270,4.333,2.500
-4.262,4.291,2.500
-4.310,4.306,2.500
-4.321,4.283,2.500
-4.312,4.241,2.500
-4.707,4.593,2.500
-4.586,4.440,2.500
-4.793,4.604,2.500
-4.410,4.203,2.500
-4.446,4.204,2.500
-4.437,4.162,2.500
-4.479,4.169,2.500
-4.463,4.121,2.500
-4.498,4.122,2.500
-4.528,4.116,2.500
-4.531,4.086,2.500
-4.540,4.063,2.500
-4.549,4.039,2.500
-4.558,4.015,2.500
-4.581,4.003,2.500
-4.583,3.973,2.500
-4.578,3.938,2.500
-4.628,3.949,2.500
-4.663,3.948,2.500
-4.645,3.901,2.500
-4.674,3.894,2.500
-4.675,3.864,2.500
-4.684,3.840,2.500
-4.713,3.833,2.500
-4.728,3.815,2.500
-4.722,3.779,2.500
-4.750,3.772,2.500
-4.786,3.770,2.500
-4.808,3.756,2.500
-5.173,4.009,2.500
-5.220,4.013,2.500
-4.873,3.716,2.500
-5.188,3.924,2.500
-4.866,3.651,2.500
-4.881,3.632,2.500
-5.354,3.951,2.500
-4.952,3.624,2.500
-4.952,3.595,2.500
-4.937,3.554,2.500
-4.951,3.535,2.500
-5.380,3.809,2.500
-4.971,3.491,2.500
-5.000,3.482,2.500
-5.392,3.723,2.500
-5.419,3.711,2.500
-5.033,3.417,2.500
-5.054,3.403,2.500
-5.060,3.378,2.500
-5.088,3.368,2.500
-5.086,3.338,2.500
-5.512,3.587,2.500
-5.127,3.308,2.500
-5.117,3.273,2.500
-5.130,3.253,2.500
-5.574,3.504,2.500
-5.215,3.250,2.500
-5.161,3.188,2.500
-5.173,3.167,2.500
-5.186,3.147,2.500
-5.228,3.145,2.500
-5.218,3.111,2.500
-5.238,3.095,2.500
-5.257,3.079,2.500
-5.269,3.058,2.500
-5.274,3.033,2.500
-5.278,3.008,2.500
-5.733,3.238,2.500
-5.286,2.958,2.500
-5.328,2.954,2.500
-5.285,2.903,2.500
-5.312,2.891,2.500
-5.782,3.117,2.500
-5.428,2.899,2.500
-5.385,2.849,2.500
-5.333,2.795,2.500
-5.837,3.029,2.500
-5.856,3.010,2.500
-5.445,2.772,2.500
-5.456,2.751,2.500
-5.443,2.717,2.500
-5.902,2.918,2.500
-5.472,2.678,2.500
-5.451,2.641,2.500
-5.453,2.616,2.500
-5.519,2.621,2.500
-5.529,2.600,2.500
-5.516,2.567,2.500
-5.930,2.731,2.500
-5.503,2.509,2.500
-5.521,2.491,2.500
-5.563,2.484,2.500
-6.008,2.654,2.500
-5.607,2.450,2.500
-5.584,2.414,2.500
-5.602,2.396,2.500
-5.611,2.374,2.500
-5.620,2.352,2.500
-5.597,2.316,2.500
-6.093,2.494,2.500
-5.631,2.279,2.500
-5.681,2.273,2.500
-6.130,2.425,2.500
-5.690,2.225,2.500
-5.674,2.193,2.500
-5.675,2.168,2.500
-5.691,2.149,2.500
-5.758,2.148,2.500
-5.725,2.110,2.500
-5.750,2.094,2.500
-5.691,2.047,2.500
-5.699,2.025,2.500
-5.749,2.017,2.500
-5.765,1.997,2.500
-6.185,2.116,2.500
-6.223,2.101,2.500
-5.738,1.912,2.500
-5.779,1.901,2.500
-5.795,1.881,2.500
-5.794,1.856,2.500
-5.893,1.862,2.500
-5.850,1.823,2.500
-5.815,1.787,2.500
-5.805,1.759,2.500
-5.820,1.739,2.500
-5.878,1.731,2.500
-5.842,1.696,2.500
-5.849,1.673,2.500
-5.856,1.650,2.500
-6.299,1.748,2.500
-6.351,1.736,2.500
-5.875,1.581,2.500
-5.881,1.558,2.500
-6.386,1.665,2.500
-6.370,1.634,2.500
-5.907,1.490,2.500
-5.896,1.463,2.500
-6.312,1.540,2.500
-6.402,1.535,2.500
-5.981,1.410,2.500
-5.918,1.370,2.500
-5.906,1.343,2.500
-6.418,1.433,2.500
-5.968,1.308,2.500
-5.921,1.273,2.500
-5.944,1.254,2.500
-5.949,1.231,2.500
-5.927,1.202,2.500
-5.993,1.191,2.500
-5.972,1.162,2.500
-5.976,1.139,2.500
-5.963,1.112,2.500
-6.011,1.096,2.500
-6.006,1.071,2.500
-5.976,1.042,2.500
-6.397,1.089,2.500
-6.001,0.998,2.500
-6.014,0.975,2.500
-6.000,0.949,2.500
-6.056,0.934,2.500
-5.972,0.897,2.500
-6.028,0.881,2.500
-6.440,0.915,2.500
-6.009,0.830,2.500
-6.030,0.809,2.500
-6.033,0.785,2.500
-6.501,0.820,2.500
-6.535,0.798,2.500
-6.042,0.714,2.500
-6.071,0.693,2.500
-6.126,0.675,2.500
-6.093,0.647,2.500
-6.052,0.619,2.500
-6.054,0.595,2.500
-6.065,0.572,2.500
-6.534,0.591,2.500
-6.087,0.526,2.500
-6.054,0.499,2.500
-6.065,0.476,2.500
-6.519,0.486,2.500
-6.568,0.464,2.500
-6.079,0.405,2.500
-6.072,0.381,2.500
-6.073,0.357,2.500
-6.566,0.360,2.500
-6.093,0.310,2.500
-6.095,0.286,2.500
-6.087,0.262,2.500
-6.149,0.241,2.500
-6.035,0.212,2.500
-6.036,0.189,2.500
-6.534,0.179,2.500
-6.204,0.145,2.500
-6.091,0.119,2.500
-6.029,0.094,2.500
-6.074,0.071,2.500
-6.584,0.051,2.500
-6.110,0.023,2.500
-6.048,-0.001,2.500
-6.084,-0.025,2.500
-6.083,-0.049,2.500
-6.110,-0.073,2.500
-6.083,-0.096,2.500
-6.170,-0.122,2.500
-6.082,-0.144,2.500
-6.072,-0.168,2.500
-6.557,-0.207,2.500
-6.548,-0.232,2.500
-6.079,-0.240,2.500
-6.078,-0.263,2.500
-6.441,-0.305,2.500
-6.111,-0.313,2.500
-6.048,-0.334,2.500
-6.064,-0.358,2.500
-6.116,-0.385,2.500
-6.061,-0.406,2.500
-6.568,-0.466,2.500
-6.620,-0.496,2.500
-6.109,-0.481,2.500
-6.072,-0.502,2.500
-6.536,-0.567,2.500
-6.094,-0.553,2.500
-6.065,-0.574,2.500
-6.063,-0.598,2.500
-6.061,-0.622,2.500
-6.049,-0.644,2.500
-6.056,-0.669,2.500
-6.062,-0.694,2.500
-6.085,-0.721,2.500
-6.344,-0.777,2.500
-6.532,-0.826,2.500
-5.970,-0.779,2.500
-5.994,-0.806,2.500
-5.964,-0.825,2.500
-5.979,-0.851,2.500
-5.913,-0.866,2.500
-6.480,-0.975,2.500
-6.056,-0.935,2.500
-6.009,-0.952,2.500
-6.005,-0.976,2.500
-6.001,-0.999,2.500
-6.490,-1.107,2.500
-6.002,-1.048,2.500
-6.015,-1.075,2.500
-5.967,-1.090,2.500
-6.006,-1.122,2.500
-5.976,-1.140,2.500
-5.910,-1.152,2.500
-6.427,-1.279,2.500
-6.483,-1.316,2.500
-6.447,-1.336,2.500
-5.978,-1.263,2.500
-5.947,-1.281,2.500
-5.933,-1.302,2.500
-5.937,-1.327,2.500
-5.966,-1.359,2.500
-6.414,-1.487,2.500
-5.938,-1.401,2.500
-5.915,-1.420,2.500
-5.884,-1.437,2.500
-5.921,-1.471,2.500
-5.890,-1.488,2.500
-5.910,-1.518,2.500
-5.878,-1.534,2.500
-5.889,-1.562,2.500
-6.195,-1.669,2.500
-5.910,-1.617,2.500
-5.870,-1.631,2.500
-5.855,-1.651,2.500
-6.299,-1.804,2.500
-6.307,-1.833,2.500
-5.844,-1.723,2.500
-5.888,-1.761,2.500
-6.308,-1.914,2.500
-6.293,-1.936,2.500
-5.850,-1.825,2.500
-5.817,-1.840,2.500
-5.793,-1.857,2.500
-5.803,-1.885,2.500
-5.778,-1.903,2.500
-6.109,-2.038,2.500
-5.772,-1.951,2.500
-6.169,-2.112,2.500
-5.756,-1.996,2.500
-5.723,-2.010,2.500
-5.673,-2.017,2.500
-6.173,-2.222,2.500
-5.707,-2.080,2.500
-5.691,-2.099,2.500
-5.708,-2.131,2.500
-5.649,-2.135,2.500
-5.674,-2.169,2.500
-6.089,-2.356,2.500
-5.632,-2.204,2.500
-6.085,-2.409,2.500
-5.639,-2.258,2.500
-6.073,-2.460,2.500
-5.630,-2.306,2.500
-5.612,-2.325,2.500
-6.044,-2.531,2.500
-6.041,-2.558,2.500
-5.609,-2.401,2.500
-5.567,-2.409,2.500
-5.582,-2.441,2.500
-5.588,-2.470,2.500
-5.563,-2.485,2.500
-6.001,-2.709,2.500
-5.543,-2.529,2.500
-5.517,-2.543,2.500
-5.961,-2.776,2.500
-5.513,-2.594,2.500
-5.526,-2.627,2.500
-5.508,-2.645,2.500
-5.474,-2.655,2.500
-5.471,-2.680,2.500
-5.397,-2.670,2.500
-5.442,-2.719,2.500
-5.906,-2.980,2.500
-5.421,-2.762,2.500
-5.402,-2.779,2.500
-5.829,-3.027,2.500
-5.817,-3.050,2.500
-5.384,-2.850,2.500
-5.318,-2.842,2.500
-5.338,-2.880,2.500
-5.327,-2.901,2.500
-5.292,-2.909,2.500
-5.327,-2.956,2.500
-5.285,-2.959,2.500
-5.281,-2.984,2.500
-5.261,-3.001,2.500
-5.679,-3.268,2.500
-5.261,-3.055,2.500
-5.226,-3.062,2.500
-5.214,-3.083,2.500
-5.417,-3.232,2.500
-5.205,-3.133,2.500
-5.192,-3.153,2.500
-5.187,-3.178,2.500
-5.160,-3.189,2.500
-5.177,-3.228,2.500
-5.150,-3.239,2.500
-5.144,-3.264,2.500
-5.438,-3.480,2.500
-5.156,-3.328,2.500
-5.106,-3.324,2.500
-5.497,-3.610,2.500
-5.042,-3.340,2.500
-5.066,-3.384,2.500
-5.038,-3.394,2.500
-5.032,-3.419,2.500
-5.026,-3.444,2.500
-5.378,-3.716,2.500
-5.020,-3.498,2.500
-4.941,-3.472,2.500
-4.978,-3.527,2.500
-4.964,-3.547,2.500
-4.951,-3.566,2.500
-5.327,-3.869,2.500
-4.922,-3.605,2.500
-4.901,-3.619,2.500
-5.281,-3.932,2.500
-4.873,-3.657,2.500
-4.851,-3.671,2.500
-4.837,-3.690,2.500
-4.815,-3.704,2.500
-5.209,-4.039,2.500
-4.793,-3.747,2.500
-4.764,-3.755,2.500
-5.130,-4.076,2.500
-5.133,-4.111,2.500
-4.775,-3.855,2.500
-4.718,-3.840,2.500
-4.724,-3.875,2.500
-4.688,-3.877,2.500
-4.680,-3.901,2.500
-4.651,-3.908,2.500
-4.642,-3.932,2.500
-5.007,-4.275,2.500
-4.631,-3.986,2.500
-4.569,-3.963,2.500
-4.600,-4.022,2.500
-4.551,-4.011,2.500
-4.561,-4.052,2.500
-4.539,-4.064,2.500
-4.523,-4.082,2.500
-4.474,-4.070,2.500
-4.818,-4.417,2.500
-4.836,-4.468,2.500
-4.452,-4.146,2.500
-4.416,-4.145,2.500
-4.771,-4.514,2.500
-4.428,-4.223,2.500
-4.399,-4.228,2.500
-4.370,-4.233,2.500
-4.359,-4.256,2.500
-4.311,-4.242,2.500
-4.669,-4.631,2.500
-4.309,-4.307,2.500
-4.304,-4.337,2.500
-4.287,-4.353,2.500
-4.258,-4.358,2.500
-4.583,-4.727,2.500
-4.211,-4.378,2.500
-4.200,-4.401,2.500
-4.189,-4.424,2.500
-4.190,-4.460,2.500
-4.430,-4.752,2.500
-4.196,-4.537,2.500
-4.131,-4.502,2.500
-4.095,-4.499,2.500
-4.078,-4.515,2.500
-4.066,-4.537,2.500
-4.060,-4.566,2.500
-4.042,-4.582,2.500
-4.012,-4.585,2.500
-4.000,-4.607,2.500
-3.970,-4.610,2.500
-3.958,-4.632,2.500
-3.962,-4.674,2.500
-4.207,-5.003,2.500
-3.886,-4.658,2.500
-3.845,-4.645,2.500
-4.168,-5.076,2.500
-3.859,-4.737,2.500
-3.812,-4.718,2.500
-3.788,-4.726,2.500
-3.786,-4.762,2.500
-4.073,-5.163,2.500
-3.743,-4.784,2.500
-3.724,-4.799,2.500
-3.706,-4.814,2.500
-3.681,-4.821,2.500
-3.980,-5.255,2.500
-3.643,-4.850,2.500
-3.635,-4.878,2.500
-3.573,-4.835,2.500
-3.617,-4.935,2.500
-3.582,-4.928,2.500
-3.568,-4.949,2.500
-3.829,-5.356,2.500
-3.529,-4.977,2.500
-3.499,-4.976,2.500
-3.480,-4.990,2.500
-3.727,-5.389,2.500
-3.470,-5.061,2.500
-3.386,-4.979,2.500
-3.361,-4.985,2.500
-3.346,-5.005,2.500
-3.634,-5.481,2.500
-3.322,-5.054,2.500
-3.321,-5.097,2.500
-3.297,-5.102,2.500
-3.233,-5.047,2.500
-3.508,-5.525,2.500
-3.482,-5.532,2.500
-3.188,-5.108,2.500
-3.177,-5.136,2.500
-3.138,-5.117,2.500
-3.118,-5.130,2.500
-3.357,-5.572,2.500
-3.091,-5.177,2.500
-3.067,-5.182,2.500
-3.291,-5.611,2.500
-3.035,-5.221,2.500
-2.996,-5.202,2.500
-2.994,-5.245,2.500
-2.969,-5.249,2.500
-2.952,-5.268,2.500
-2.914,-5.248,2.500
-3.143,-5.713,2.500
-2.903,-5.326,2.500
-2.865,-5.306,2.500
-2.840,-5.309,2.500
-3.038,-5.734,2.500
-3.030,-5.774,2.500
-2.756,-5.302,2.500
-2.748,-5.337,2.500
-2.719,-5.332,2.500
-2.851,-5.646,2.500
-2.697,-5.393,2.500
-2.887,-5.829,2.500
-2.643,-5.390,2.500
-2.610,-5.376,2.500
-2.612,-5.435,2.500
-2.591,-5.445,2.500
-2.562,-5.439,2.500
-2.540,-5.449,2.500
-2.614,-5.666,2.500
-2.486,-5.444,2.500
-2.461,-5.445,2.500
-2.440,-5.455,2.500
-2.414,-5.456,2.500
-2.426,-5.540,2.500
-2.390,-5.517,2.500
-2.389,-5.575,2.500
-2.346,-5.535,2.500
-2.324,-5.544,2.500
-2.303,-5.554,2.500
-2.437,-5.944,2.500
-2.456,-6.058,2.500
-2.441,-6.089,2.500
-2.222,-5.606,2.500
-2.193,-5.598,2.500
-2.168,-5.598,2.500
-2.149,-5.615,2.500
-2.299,-6.077,2.500
-2.108,-5.640,2.500
-2.099,-5.682,2.500
-2.067,-5.665,2.500
-2.039,-5.656,2.500
-2.184,-6.136,2.500
-1.991,-5.663,2.500
-1.975,-5.688,2.500
-1.961,-5.721,2.500
-1.919,-5.669,2.500
-1.911,-5.719,2.500
-1.882,-5.710,2.500
-1.874,-5.760,2.500
-1.835,-5.716,2.500
-1.815,-5.731,2.500
-1.793,-5.739,2.500
-1.770,-5.746,2.500
-1.898,-6.247,2.500
-1.725,-5.759,2.500
-1.707,-5.783,2.500
-1.680,-5.773,2.500
-1.657,-5.779,2.500
-1.632,-5.777,2.500
-1.607,-5.775,2.500
-1.667,-6.084,2.500
-1.575,-5.839,2.500
-1.548,-5.828,2.500
-1.516,-5.799,2.500
-1.495,-5.814,2.500
-1.584,-6.259,2.500
-1.458,-5.860,2.500
-1.440,-5.883,2.500
-1.408,-5.854,2.500
-1.381,-5.842,2.500
-1.366,-5.882,2.500
-1.443,-6.326,2.500
-1.330,-5.936,2.500
-1.295,-5.889,2.500
-1.270,-5.886,2.500
-1.243,-5.873,2.500
-1.305,-6.290,2.500
-1.300,-6.390,2.500
-1.179,-5.914,2.500
-1.151,-5.892,2.500
-1.121,-5.860,2.500
-1.108,-5.918,2.500
-1.177,-6.430,2.500
-1.063,-5.936,2.500
-1.036,-5.922,2.500
-1.018,-5.953,2.500
-0.999,-5.983,2.500
-0.989,-6.074,2.500
-0.943,-5.938,2.500
-0.993,-6.412,2.500
-0.897,-5.945,2.500
-0.872,-5.939,2.500
-0.922,-6.455,2.500
-0.823,-5.928,2.500
-0.806,-5.976,2.500
-0.779,-5.952,2.500
-0.810,-6.389,2.500
-0.795,-6.472,2.500
-0.711,-5.979,2.500
-0.687,-5.982,2.500
-0.665,-5.993,2.500
-0.639,-5.978,2.500
-0.654,-6.358,2.500
-0.592,-5.983,2.500
-0.569,-5.985,2.500
-0.576,-6.324,2.500
-0.522,-5.998,2.500
-0.500,-6.009,2.500
-0.475,-6.002,2.500
-0.449,-5.968,2.500
-0.429,-6.015,2.500
-0.433,-6.426,2.500
-0.382,-6.027,2.500
-0.359,-6.037,2.500
-0.357,-6.430,2.500
-0.336,-6.504,2.500
-0.287,-6.014,2.500
-0.263,-6.006,2.500
-0.239,-5.998,2.500
-0.216,-6.008,2.500
-0.206,-6.461,2.500
-0.169,-6.037,2.500
-0.157,-6.511,2.500
-0.121,-6.002,2.500
-0.098,-6.029,2.500
-0.074,-6.012,2.500
-0.051,-6.074,2.500
-0.029,-6.481,2.500
-0.003,-6.003,2.500
0.020,-6.003,2.500
0.044,-5.994,2.500
0.068,-6.021,2.500
0.091,-6.011,2.500
0.115,-6.011,2.500
0.138,-6.010,2.500
0.162,-6.028,2.500
0.186,-6.018,2.500
0.209,-6.008,2.500
0.233,-6.008,2.500
0.256,-6.007,2.500
0.280,-6.005,2.500
0.303,-5.986,2.500
0.355,-6.519,2.500
0.353,-6.038,2.500
0.373,-5.982,2.500
0.399,-6.017,2.500
0.422,-6.006,2.500
0.481,-6.479,2.500
0.507,-6.493,2.500
0.492,-5.992,2.500
0.511,-5.936,2.500
0.542,-6.024,2.500
0.561,-5.968,2.500
0.588,-6.001,2.500
0.609,-5.981,2.500
0.634,-5.988,2.500
0.656,-5.976,2.500
0.679,-5.964,2.500
0.706,-5.998,2.500
0.792,-6.505,2.500
0.753,-5.992,2.500
0.775,-5.971,2.500
0.799,-5.977,2.500
0.821,-5.965,2.500
0.908,-6.409,2.500
0.868,-5.958,2.500
0.893,-5.964,2.500
0.912,-5.933,2.500
0.937,-5.939,2.500
0.976,-6.032,2.500
0.982,-5.922,2.500
1.005,-5.918,2.500
1.116,-6.416,2.500
1.055,-5.928,2.500
1.081,-5.941,2.500
1.093,-5.875,2.500
1.123,-5.906,2.500
1.240,-6.386,2.500
1.270,-6.404,2.500
1.194,-5.901,2.500
1.221,-5.914,2.500
1.224,-5.812,2.500
1.260,-5.869,2.500
1.283,-5.864,2.500
1.310,-5.877,2.500
1.331,-5.863,2.500
1.356,-5.866,2.500
1.379,-5.861,2.500
1.398,-5.838,2.500
1.516,-6.226,2.500
1.566,-6.322,2.500
1.460,-5.795,2.500
1.505,-5.876,2.500
1.507,-5.792,2.500
1.655,-6.258,2.500
1.565,-5.823,2.500
1.590,-5.826,2.500
1.620,-5.846,2.500
1.631,-5.796,2.500
1.656,-5.798,2.500
1.676,-5.783,2.500
1.711,-5.819,2.500
1.721,-5.770,2.500
1.882,-6.218,2.500
1.772,-5.773,2.500
1.784,-5.732,2.500
1.809,-5.733,2.500
1.834,-5.735,2.500
2.008,-6.195,2.500
1.896,-5.771,2.500
1.896,-5.696,2.500
1.918,-5.688,2.500
1.941,-5.681,2.500
1.963,-5.673,2.500
1.991,-5.682,2.500
2.010,-5.666,2.500
2.188,-6.091,2.500
2.052,-5.641,2.500
2.219,-6.028,2.500
2.280,-6.118,2.500
2.112,-5.600,2.500
2.140,-5.609,2.500
2.169,-5.617,2.500
2.194,-5.617,2.500
2.402,-6.079,2.500
2.414,-6.040,2.500
2.257,-5.582,2.500
2.440,-5.969,2.500
2.488,-6.019,2.500
2.329,-5.572,2.500
2.337,-5.529,2.500
2.362,-5.529,2.500
2.398,-5.552,2.500
2.413,-5.526,2.500
2.632,-5.966,2.500
2.452,-5.499,2.500
2.470,-5.481,2.500
2.693,-5.913,2.500
2.524,-5.486,2.500
2.746,-5.906,2.500
2.564,-5.458,2.500
2.577,-5.432,2.500
2.602,-5.430,2.500
2.824,-5.833,2.500
2.645,-5.409,2.500
2.666,-5.399,2.500
2.675,-5.364,2.500
2.717,-5.393,2.500
2.725,-5.359,2.500
2.975,-5.793,2.500
2.784,-5.369,2.500
2.763,-5.278,2.500
2.814,-5.323,2.500
2.839,-5.320,2.500
3.062,-5.684,2.500
3.115,-5.729,2.500
2.888,-5.263,2.500
2.913,-5.259,2.500
2.925,-5.232,2.500
3.196,-5.665,2.500
2.988,-5.248,2.500
2.991,-5.205,2.500
3.011,-5.193,2.500
3.036,-5.189,2.500
3.056,-5.177,2.500
3.317,-5.568,2.500
3.092,-5.145,2.500
3.117,-5.141,2.500
3.147,-5.144,2.500
3.157,-5.116,2.500
3.158,-5.073,2.500
3.159,-5.030,2.500
3.222,-5.086,2.500
3.511,-5.495,2.500
3.267,-5.068,2.500
3.277,-5.040,2.500
3.312,-5.050,2.500
3.317,-5.014,2.500
3.331,-4.994,2.500
3.366,-5.003,2.500
3.607,-5.316,2.500
3.669,-5.362,2.500
3.430,-4.971,2.500
3.720,-5.346,2.500
3.745,-5.338,2.500
3.478,-4.915,2.500
3.497,-4.902,2.500
3.484,-4.844,2.500
3.546,-4.888,2.500
3.544,-4.845,2.500
3.793,-5.144,2.500
3.784,-5.089,2.500
3.617,-4.825,2.500
3.630,-4.804,2.500
3.908,-5.129,2.500
3.673,-4.782,2.500
3.681,-4.753,2.500
3.694,-4.732,2.500
3.729,-4.738,2.500
4.048,-5.102,2.500
3.783,-4.730,2.500
3.768,-4.673,2.500
3.780,-4.651,2.500
3.833,-4.678,2.500
3.828,-4.635,2.500
4.167,-5.005,2.500
3.876,-4.619,2.500
4.206,-4.972,2.500
3.895,-4.568,2.500
3.925,-4.566,2.500
3.931,-4.537,2.500
3.972,-4.549,2.500
3.966,-4.506,2.500
4.317,-4.866,2.500
4.001,-4.475,2.500
4.360,-4.838,2.500
4.385,-4.827,2.500
4.078,-4.454,2.500
4.102,-4.445,2.500
4.064,-4.369,2.500
4.124,-4.399,2.500
4.484,-4.745,2.500
4.146,-4.354,2.500
4.169,-4.344,2.500
4.523,-4.675,2.500
4.216,-4.324,2.500
4.233,-4.307,2.500
4.237,-4.278,2.500
4.247,-4.255,2.500
4.245,-4.219,2.500
4.603,-4.539,2.500
4.310,-4.217,2.500
4.314,-4.188,2.500
4.317,-4.158,2.500
4.346,-4.154,2.500
4.363,-4.136,2.500
4.726,-4.446,2.500
4.434,-4.139,2.500
4.418,-4.091,2.500
4.414,-4.055,2.500
4.436,-4.044,2.500
4.452,-4.027,2.500
4.859,-4.360,2.500
4.786,-4.261,2.500
4.506,-3.980,2.500
4.501,-3.944,2.500
4.842,-4.209,2.500
4.539,-3.915,2.500
4.568,-3.909,2.500
4.576,-3.885,2.500
4.592,-3.867,2.500
4.614,-3.855,2.500
5.014,-4.156,2.500
4.651,-3.824,2.500
4.652,-3.794,2.500
4.667,-3.776,2.500
4.696,-3.769,2.500
4.738,-3.773,2.500
4.697,-3.709,2.500
4.725,-3.702,2.500
4.740,-3.684,2.500
4.776,-3.681,2.500
4.776,-3.652,2.500
4.797,-3.638,2.500
4.804,-3.614,2.500
4.811,-3.590,2.500
5.248,-3.884,2.500
4.876,-3.579,2.500
4.875,-3.549,2.500
4.830,-3.487,2.500
4.888,-3.500,2.500
4.880,-3.465,2.500
5.318,-3.745,2.500
4.951,-3.458,2.500
4.920,-3.407,2.500
4.948,-3.398,2.500
4.984,-3.394,2.500
5.034,-3.399,2.500
5.385,-3.606,2.500
5.009,-3.325,2.500
5.044,-3.320,2.500
5.447,-3.555,2.500
5.025,-3.251,2.500
5.045,-3.236,2.500
5.073,-3.226,2.500
5.086,-3.206,2.500
5.098,-3.186,2.500
5.543,-3.434,2.500
5.138,-3.156,2.500
5.128,-3.121,2.500
5.140,-3.101,2.500
5.152,-3.081,2.500
5.664,-3.357,2.500
5.223,-3.068,2.500
5.196,-3.025,2.500
5.208,-3.004,2.500
5.654,-3.232,2.500
5.215,-2.954,2.500
5.243,-2.943,2.500
5.678,-3.158,2.500
5.258,-2.897,2.500
5.253,-2.868,2.500
5.304,-2.869,2.500
5.741,-3.076,2.500
5.710,-3.031,2.500
5.329,-2.802,2.500
5.332,-2.777,2.500
5.351,-2.760,2.500
5.370,-2.743,2.500
5.340,-2.701,2.500
5.367,-2.689,2.500
5.418,-2.687,2.500
5.874,-2.885,2.500
5.447,-2.649,2.500
5.433,-2.616,2.500
5.411,-2.579,2.500
5.445,-2.569,2.500
5.504,-2.570,2.500
5.465,-2.526,2.500
5.451,-2.494,2.500
5.501,-2.491,2.500
5.487,-2.458,2.500
5.626,-2.494,2.500
5.539,-2.429,2.500
5.515,-2.393,2.500
5.835,-2.505,2.500
6.009,-2.552,2.500
5.560,-2.335,2.500
5.560,-2.310,2.500
5.578,-2.291,2.500
5.620,-2.283,2.500
5.587,-2.244,2.500
5.596,-2.222,2.500
5.613,-2.204,2.500
5.622,-2.182,2.500
5.613,-2.153,2.500
5.613,-2.128,2.500
5.622,-2.106,2.500
6.009,-2.224,2.500
6.124,-2.239,2.500
5.671,-2.049,2.500
5.645,-2.014,2.500
6.112,-2.154,2.500
5.687,-1.979,2.500
5.686,-1.953,2.500
5.693,-1.931,2.500
5.701,-1.909,2.500
5.726,-1.892,2.500
5.733,-1.869,2.500
5.714,-1.839,2.500
5.722,-1.816,2.500
5.703,-1.786,2.500
6.192,-1.912,2.500
5.751,-1.751,2.500
5.758,-1.729,2.500
6.183,-1.830,2.500
6.283,-1.833,2.500
5.795,-1.666,2.500
5.785,-1.638,2.500
5.800,-1.618,2.500
5.806,-1.595,2.500
5.821,-1.575,2.500
5.810,-1.547,2.500
5.798,-1.520,2.500
6.252,-1.612,2.500
5.990,-1.520,2.500
5.816,-1.451,2.500
5.830,-1.431,2.500
5.923,-1.429,2.500
5.850,-1.387,2.500
5.890,-1.372,2.500
5.852,-1.339,2.500
5.857,-1.316,2.500
5.871,-1.295,2.500
5.894,-1.276,2.500
5.881,-1.249,2.500
5.814,-1.211,2.500
5.908,-1.206,2.500
5.904,-1.181,2.500
5.855,-1.148,2.500
5.913,-1.135,2.500
5.891,-1.107,2.500
6.406,-1.177,2.500
6.441,-1.158,2.500
5.895,-1.036,2.500
5.934,-1.019,2.500
5.938,-0.995,2.500
5.942,-0.972,2.500
5.937,-0.947,2.500
5.887,-0.915,2.500
5.872,-0.890,2.500
5.939,-0.876,2.500
6.439,-0.924,2.500
5.918,-0.825,2.500
6.462,-0.875,2.500
5.925,-0.779,2.500
5.901,-0.752,2.500
5.894,-0.728,2.500
5.978,-0.715,2.500
5.981,-0.691,2.500
5.866,-0.654,2.500
5.960,-0.641,2.500
6.486,-0.672,2.500
5.919,-0.590,2.500
6.483,-0.620,2.500
5.969,-0.548,2.500
5.998,-0.526,2.500
5.991,-0.502,2.500
6.452,-0.515,2.500
6.502,-0.494,2.500
6.005,-0.432,2.500
5.935,-0.404,2.500
6.000,-0.385,2.500
6.090,-0.366,2.500
6.003,-0.337,2.500
6.013,-0.314,2.500
5.969,-0.289,2.500
6.006,-0.267,2.500
6.499,-0.263,2.500
5.990,-0.219,2.500
6.000,-0.196,2.500
6.037,-0.173,2.500
6.037,-0.149,2.500
5.956,-0.124,2.500
6.544,-0.111,2.500
5.966,-0.077,2.500
5.948,-0.054,2.500
5.902,-0.030,2.500
6.308,-0.008,3.000
5.948,0.016,3.000
5.921,0.039,3.000
5.966,0.063,3.000
5.966,0.087,3.000
5.938,0.109,3.000
5.956,0.133,3.000
5.946,0.156,3.000
5.909,0.179,3.000
6.363,0.217,3.000
5.990,0.228,3.000
5.961,0.250,3.000
5.933,0.273,3.000
6.023,0.300,3.000
6.503,0.350,3.000
5.929,0.342,3.000
5.882,0.363,3.000
5.926,0.389,3.000
5.860,0.408,3.000
5.896,0.433,3.000
5.912,0.458,3.000
6.419,0.523,3.000
5.872,0.501,3.000
5.916,0.528,3.000
5.904,0.551,3.000
5.902,0.574,3.000
5.807,0.588,3.000
5.898,0.620,3.000
6.410,0.700,3.000
5.920,0.670,3.000
5.935,0.695,3.000
5.923,0.717,3.000
5.902,0.738,3.000
5.899,0.761,3.000
5.869,0.781,3.000
5.829,0.799,3.000
5.881,0.829,3.000
5.869,0.851,3.000
6.239,0.930,3.000
5.889,0.901,3.000
5.867,0.922,3.000
5.855,0.943,3.000
5.851,0.966,3.000
5.865,0.992,3.000
6.322,1.095,3.000
5.884,1.043,3.000
5.835,1.058,3.000
6.119,1.134,3.000
6.352,1.203,3.000
5.822,1.127,3.000
5.809,1.148,3.000
5.813,1.172,3.000
6.292,1.295,3.000
5.954,1.249,3.000
5.870,1.256,3.000
5.865,1.279,3.000
6.358,1.413,3.000
5.873,1.329,3.000
6.377,1.470,3.000
5.853,1.373,3.000
5.848,1.396,3.000
5.842,1.419,3.000
5.837,1.442,3.000
5.848,1.469,3.000
5.834,1.490,3.000
5.784,1.501,3.000
5.778,1.524,3.000
5.825,1.561,3.000
6.284,1.710,3.000
5.821,1.609,3.000
5.806,1.629,3.000
5.791,1.649,3.000
5.749,1.662,3.000
5.717,1.677,3.000
5.762,1.715,3.000
5.677,1.714,3.000
5.679,1.739,3.000
6.158,1.912,3.000
5.674,1.786,3.000
5.667,1.808,3.000
5.651,1.828,3.000
5.652,1.853,3.000
5.881,1.953,3.000
6.112,2.057,3.000
5.622,1.916,3.000
5.614,1.938,3.000
6.110,2.136,3.000
5.607,1.985,3.000
5.599,2.007,3.000
5.592,2.029,3.000
5.592,2.054,3.000
5.541,2.060,3.000
5.559,2.092,3.000
5.507,2.097,3.000
6.002,2.313,3.000
5.978,2.330,3.000
5.508,2.172,3.000
5.491,2.190,3.000
5.912,2.385,3.000
5.541,2.261,3.000
5.439,2.244,3.000
5.439,2.269,3.000
5.455,2.301,3.000
5.488,2.341,3.000
5.420,2.337,3.000
5.436,2.369,3.000
5.444,2.398,3.000
5.876,2.616,3.000
5.458,2.455,3.000
5.415,2.462,3.000
5.355,2.460,3.000
5.396,2.504,3.000
5.419,2.541,3.000
5.754,2.725,3.000
5.795,2.773,3.000
5.314,2.568,3.000
5.321,2.597,3.000
5.827,2.873,3.000
5.540,2.758,3.000
5.363,2.697,3.000
5.385,2.734,3.000
5.350,2.743,3.000
5.307,2.747,3.000
5.328,2.785,3.000
5.317,2.806,3.000
5.322,2.835,3.000
5.295,2.847,3.000
5.252,2.851,3.000
5.327,2.919,3.000
5.671,3.136,3.000
5.756,3.213,3.000
5.300,2.986,3.000
5.273,2.998,3.000
5.284,3.032,3.000
5.280,3.057,3.000
5.253,3.069,3.000
5.271,3.107,3.000
5.244,3.119,3.000
5.224,3.135,3.000
5.516,3.340,3.000
5.207,3.180,3.000
5.156,3.178,3.000
5.144,3.198,3.000
5.154,3.232,3.000
5.134,3.248,3.000
5.113,3.263,3.000
5.108,3.288,3.000
5.080,3.298,3.000
5.488,3.594,3.000
5.474,3.615,3.000
5.048,3.363,3.000
5.050,3.392,3.000
5.029,3.407,3.000
5.008,3.422,3.000
4.995,3.442,3.000
4.974,3.456,3.000
5.366,3.760,3.000
4.976,3.515,3.000
4.948,3.525,3.000
4.941,3.549,3.000
4.920,3.563,3.000
5.221,3.813,3.000
4.892,3.602,3.000
4.834,3.589,3.000
5.233,3.917,3.000
5.249,3.961,3.000
4.842,3.684,3.000
4.799,3.681,3.000
4.819,3.727,3.000
4.791,3.735,3.000
4.741,3.726,3.000
4.747,3.761,3.000
4.740,3.786,3.000
4.704,3.787,3.000
5.094,4.134,3.000
5.084,4.159,3.000
4.700,3.876,3.000
4.725,3.929,3.000
4.710,3.947,3.000
4.694,3.966,3.000
4.672,3.978,3.000
4.562,3.916,3.000
4.627,4.003,3.000
4.632,4.039,3.000
4.589,4.034,3.000
4.587,4.063,3.000
4.557,4.070,3.000
4.911,4.420,3.000
4.558,4.135,3.000
4.535,4.147,3.000
4.512,4.159,3.000
4.496,4.176,3.000
4.454,4.170,3.000
4.399,4.151,3.000
4.395,4.180,3.000
4.430,4.246,3.000
4.401,4.252,3.000
4.838,4.711,3.000
4.716,4.628,3.000
4.350,4.303,3.000
4.327,4.314,3.000
4.323,4.343,3.000
4.312,4.366,3.000
4.245,4.333,3.000
4.228,4.350,3.000
4.266,4.423,3.000
4.194,4.383,3.000
4.225,4.450,3.000
4.159,4.415,3.000
4.490,4.805,3.000
4.100,4.422,3.000
4.447,4.834,3.000
4.089,4.480,3.000
4.072,4.496,3.000
4.048,4.505,3.000
4.042,4.535,3.000
4.030,4.557,3.000
4.269,4.865,3.000
4.000,4.595,3.000
3.976,4.604,3.000
3.993,4.660,3.000
3.934,4.629,3.000
3.910,4.637,3.000
3.892,4.652,3.000
3.879,4.675,3.000
3.955,4.804,3.000
3.820,4.677,3.000
3.835,4.734,3.000
4.105,5.107,3.000
3.787,4.750,3.000
3.752,4.744,3.000
3.744,4.772,3.000
3.725,4.787,3.000
3.975,5.149,3.000
3.693,4.823,3.000
3.679,4.845,3.000
3.644,4.838,3.000
3.620,4.845,3.000
3.617,4.881,3.000
3.613,4.916,3.000
3.568,4.894,3.000
3.554,4.916,3.000
3.535,4.930,3.000
3.515,4.943,3.000
3.496,4.957,3.000
3.466,4.956,3.000
3.462,4.992,3.000
3.722,5.412,3.000
3.438,5.041,3.000
3.393,5.017,3.000
3.373,5.031,3.000
3.363,5.059,3.000
3.593,5.451,3.000
3.314,5.070,3.000
3.289,5.076,3.000
3.303,5.141,3.000
3.268,5.131,3.000
3.238,5.129,3.000
3.209,5.127,3.000
3.207,5.169,3.000
3.365,5.472,3.000
3.162,5.187,3.000
3.146,5.207,3.000
3.108,5.189,3.000
3.092,5.208,3.000
3.094,5.259,3.000
3.064,5.256,3.000
3.017,5.221,3.000
3.010,5.256,3.000
2.993,5.276,3.000
2.986,5.311,3.000
2.947,5.291,3.000
2.931,5.311,3.000
2.897,5.299,3.000
3.110,5.741,3.000
3.098,5.774,3.000
3.072,5.779,3.000
2.826,5.367,3.000
2.801,5.370,3.000
2.788,5.397,3.000
2.771,5.416,3.000
2.750,5.427,3.000
2.946,5.871,3.000
2.699,5.432,3.000
2.693,5.475,3.000
2.687,5.517,3.000
2.639,5.472,3.000
2.757,5.775,3.000
2.596,5.492,3.000
2.578,5.510,3.000
2.545,5.496,3.000
2.523,5.506,3.000
2.502,5.516,3.000
2.473,5.510,3.000
2.498,5.624,3.000
2.610,5.941,3.000
2.616,6.016,3.000
2.389,5.556,3.000
2.375,5.582,3.000
2.353,5.591,3.000
2.344,5.633,3.000
2.309,5.609,3.000
2.283,5.610,3.000
2.440,6.064,3.000
2.451,6.161,3.000
2.233,5.678,3.000
2.198,5.653,3.000
2.176,5.662,3.000
2.141,5.637,3.000
2.128,5.671,3.000
2.106,5.679,3.000
2.331,6.362,3.000
2.068,5.712,3.000
2.036,5.695,3.000
2.031,5.753,3.000
1.997,5.728,3.000
2.143,6.225,3.000
1.955,5.751,3.000
1.924,5.734,3.000
1.910,5.767,3.000
2.043,6.251,3.000
1.867,5.790,3.000
1.834,5.763,3.000
1.830,5.830,3.000
1.796,5.803,3.000
1.771,5.802,3.000
1.886,6.267,3.000
1.723,5.807,3.000
1.707,5.839,3.000
1.814,6.296,3.000
1.659,5.844,3.000
1.634,5.842,3.000
1.604,5.822,3.000
1.586,5.846,3.000
1.697,6.354,3.000
1.546,5.884,3.000
1.519,5.873,3.000
1.487,5.844,3.000
1.589,6.349,3.000
1.491,6.059,3.000
1.431,5.913,3.000
1.401,5.893,3.000
1.384,5.924,3.000
1.450,6.316,3.000
1.328,5.891,3.000
1.318,5.957,3.000
1.289,5.936,3.000
1.372,6.440,3.000
1.248,5.972,3.000
1.217,5.942,3.000
1.197,5.965,3.000
1.174,5.969,3.000
1.244,6.458,3.000
1.137,6.030,3.000
1.105,5.991,3.000
1.082,5.996,3.000
1.064,6.035,3.000
1.115,6.473,3.000
1.010,5.999,3.000
0.986,6.003,3.000
1.038,6.478,3.000
0.943,6.037,3.000
0.914,6.006,3.000
0.889,6.000,3.000
0.864,5.995,3.000
0.848,6.051,3.000
0.898,6.593,3.000
0.799,6.049,3.000
0.776,6.052,3.000
0.750,6.037,3.000
0.726,6.040,3.000
0.704,6.060,3.000
0.679,6.046,3.000
0.655,6.048,3.000
0.632,6.060,3.000
0.607,6.053,3.000
0.634,6.577,3.000
0.562,6.084,3.000
0.538,6.078,3.000
0.512,6.062,3.000
0.488,6.064,3.000
0.506,6.604,3.000
0.443,6.103,3.000
0.418,6.078,3.000
0.390,6.026,3.000
0.370,6.090,3.000
0.359,6.306,3.000
0.321,6.057,3.000
0.320,6.537,3.000
0.274,6.069,3.000
0.251,6.096,3.000
0.246,6.603,3.000
0.205,6.151,3.000
0.180,6.134,3.000
0.155,6.082,3.000
0.131,6.082,3.000
0.115,6.552,3.000
0.089,6.560,3.000
0.059,6.092,3.000
0.035,6.083,3.000
0.011,6.075,3.000
-0.014,6.568,3.000
-0.038,6.283,3.000
-0.060,6.092,3.000
-0.084,6.092,3.000
-0.108,6.083,3.000
-0.132,6.082,3.000
-0.169,6.590,3.000
-0.194,6.573,3.000
-0.203,6.071,3.000
-0.228,6.088,3.000
-0.251,6.069,3.000
-0.276,6.095,3.000
-0.323,6.568,3.000
-0.323,6.084,3.000
-0.347,6.074,3.000
-0.381,6.237,3.000
-0.396,6.088,3.000
-0.418,6.060,3.000
-0.443,6.076,3.000
-0.466,6.066,3.000
-0.531,6.578,3.000
-0.514,6.071,3.000
-0.540,6.086,3.000
-0.562,6.066,3.000
-0.586,6.073,3.000
-0.609,6.053,3.000
-0.632,6.051,3.000
-0.656,6.048,3.000
-0.684,6.081,3.000
-0.708,6.078,3.000
-0.728,6.049,3.000
-0.753,6.055,3.000
-0.777,6.052,3.000
-0.794,5.996,3.000
-0.822,6.028,3.000
-0.847,6.033,3.000
-0.940,6.509,3.000
-0.897,6.044,3.000
-0.920,6.040,3.000
-0.941,6.019,3.000
-0.964,6.007,3.000
-1.072,6.520,3.000
-1.012,6.008,3.000
-1.037,6.012,3.000
-1.058,5.991,3.000
-1.081,5.987,3.000
-1.197,6.482,3.000
-1.130,5.987,3.000
-1.163,6.034,3.000
-1.172,5.952,3.000
-1.200,5.973,3.000
-1.319,6.434,3.000
-1.251,5.981,3.000
-1.271,5.958,3.000
-1.290,5.936,3.000
-1.312,5.922,3.000
-1.445,6.407,3.000
-1.362,5.929,3.000
-1.389,5.941,3.000
-1.407,5.910,3.000
-1.434,5.921,3.000
-1.461,5.933,3.000
-1.491,5.953,3.000
-1.504,5.904,3.000
-1.650,6.374,3.000
-1.543,5.866,3.000
-1.573,5.886,3.000
-1.591,5.863,3.000
-1.631,5.916,3.000
-1.773,6.333,3.000
-1.668,5.869,3.000
-1.678,5.820,3.000
-1.709,5.839,3.000
-1.744,5.874,3.000
-1.899,6.304,3.000
-1.772,5.801,3.000
-1.803,5.820,3.000
-1.828,5.821,3.000
-1.846,5.797,3.000
-1.874,5.806,3.000
-1.894,5.791,3.000
-2.046,6.175,3.000
-1.942,5.784,3.000
-1.950,5.734,3.000
-1.973,5.727,3.000
-2.007,5.752,3.000
-2.209,6.252,3.000
-2.058,5.753,3.000
-2.075,5.728,3.000
-2.109,5.753,3.000
-2.120,5.712,3.000
-2.145,5.712,3.000
-2.174,5.720,3.000
-2.196,5.711,3.000
-2.387,6.136,3.000
-2.228,5.661,3.000
-2.260,5.677,3.000
-2.276,5.651,3.000
-2.298,5.642,3.000
-2.327,5.650,3.000
-2.352,5.649,3.000
-2.374,5.639,3.000
-2.390,5.614,3.000
-2.398,5.572,3.000
-2.427,5.579,3.000
-2.456,5.585,3.000
-2.645,5.952,3.000
-2.517,5.606,3.000
-2.514,5.540,3.000
-2.536,5.530,3.000
-2.557,5.520,3.000
-2.583,5.518,3.000
-2.818,5.959,3.000
-2.634,5.513,3.000
-2.648,5.487,3.000
-2.669,5.477,3.000
-2.687,5.458,3.000
-2.934,5.903,3.000
-2.737,5.453,3.000
-2.739,5.402,3.000
-2.780,5.431,3.000
-2.801,5.420,3.000
-3.046,5.837,3.000
-3.032,5.755,3.000
-2.861,5.379,3.000
-2.865,5.336,3.000
-2.890,5.333,3.000
-3.164,5.783,3.000
-2.958,5.357,3.000
-2.966,5.322,3.000
-3.181,5.656,3.000
-3.008,5.298,3.000
-3.261,5.693,3.000
-3.049,5.275,3.000
-3.061,5.247,3.000
-3.320,5.640,3.000
-3.111,5.238,3.000
-3.127,5.218,3.000
-3.152,5.214,3.000
-3.172,5.201,3.000
-3.438,5.587,3.000
-3.489,5.620,3.000
-3.229,5.156,3.000
-3.235,5.121,3.000
-3.226,5.063,3.000
-3.521,5.479,3.000
-3.328,5.134,3.000
-3.324,5.084,3.000
-3.344,5.071,3.000
-3.369,5.065,3.000
-3.650,5.442,3.000
-3.424,5.061,3.000
-3.634,5.327,3.000
-3.705,5.385,3.000
-3.478,5.013,3.000
-3.493,4.992,3.000
-3.522,4.993,3.000
-3.552,4.993,3.000
-3.551,4.950,3.000
-3.571,4.936,3.000
-3.870,5.307,3.000
-3.900,5.304,3.000
-3.634,4.901,3.000
-3.642,4.873,3.000
-3.661,4.858,3.000
-3.691,4.858,3.000
-3.678,4.801,3.000
-3.724,4.822,3.000
-3.737,4.800,3.000
-3.756,4.786,3.000
-3.791,4.792,3.000
-3.805,4.770,3.000
-3.807,4.734,3.000
-3.831,4.726,3.000
-3.821,4.676,3.000
-3.873,4.703,3.000
-3.903,4.701,3.000
-3.916,4.679,3.000
-3.911,4.636,3.000
-4.270,5.022,3.000
-3.971,4.632,3.000
-3.977,4.603,3.000
-3.978,4.568,3.000
-4.216,4.803,3.000
-4.383,4.955,3.000
-4.084,4.580,3.000
-4.079,4.538,3.000
-4.090,4.515,3.000
-4.108,4.499,3.000
-4.102,4.457,3.000
-4.462,4.810,3.000
-4.118,4.405,3.000
-4.548,4.826,3.000
-4.202,4.424,3.000
-4.207,4.395,3.000
-4.249,4.403,3.000
-4.272,4.393,3.000
-4.252,4.338,3.000
-4.269,4.322,3.000
-4.280,4.299,3.000
-4.309,4.294,3.000
-4.682,4.629,3.000
-4.343,4.260,3.000
-4.359,4.243,3.000
-4.730,4.568,3.000
-4.386,4.203,3.000
-4.409,4.192,3.000
-4.406,4.156,3.000
-4.422,4.139,3.000
-4.522,4.199,3.000
-4.487,4.134,3.000
-4.497,4.110,3.000
-4.513,4.093,3.000
-4.895,4.404,3.000
-4.545,4.057,3.000
-4.568,4.045,3.000
-4.577,4.021,3.000
-4.957,4.321,3.000
-4.608,3.985,3.000
-4.597,3.944,3.000
-4.633,3.943,3.000
-4.826,4.075,3.000
-4.677,3.918,3.000
-4.672,3.883,3.000
-4.660,3.842,3.000
-4.716,3.857,3.000
-5.101,4.138,3.000
-4.746,3.820,3.000
-4.761,3.801,3.000
-4.769,3.777,3.000
-5.177,4.067,3.000
-4.826,3.761,3.000
-4.813,3.721,3.000
-4.828,3.702,3.000
-5.241,3.986,3.000
-4.864,3.669,3.000
-4.878,3.650,3.000
-4.900,3.636,3.000
-4.885,3.596,3.000
-5.324,3.887,3.000
-4.928,3.568,3.000
-4.963,3.564,3.000
-4.948,3.524,3.000
-5.005,3.535,3.000
-5.055,3.540,3.000
-5.011,3.480,3.000
-5.047,3.476,3.000
-5.060,3.456,3.000
-5.059,3.426,3.000
-5.058,3.396,3.000
-5.064,3.372,3.000
-5.475,3.614,3.000
-5.515,3.610,3.000
-5.556,3.605,3.000
-5.124,3.296,3.000
-5.129,3.271,3.000
-5.142,3.251,3.000
-5.162,3.236,3.000
-5.152,3.201,3.000
-5.613,3.457,3.000
-5.237,3.198,3.000
-5.242,3.173,3.000
-5.209,3.125,3.000
-5.229,3.109,3.000
-5.264,3.102,3.000
-5.230,3.054,3.000
-5.265,3.047,3.000
-5.262,3.017,3.000
-5.711,3.245,3.000
-5.316,2.994,3.000
-5.313,2.964,3.000
-5.316,2.939,3.000
-5.359,2.935,3.000
-5.355,2.905,3.000
-5.806,3.121,3.000
-5.370,2.859,3.000
-5.373,2.834,3.000
-5.408,2.825,3.000
-5.356,2.771,3.000
-5.445,2.791,3.000
-5.441,2.761,3.000
-5.451,2.740,3.000
-5.430,2.703,3.000
-5.449,2.685,3.000
-6.096,2.974,3.000
-5.494,2.654,3.000
-5.480,2.621,3.000
-5.522,2.614,3.000
-5.533,2.593,3.000
-5.987,2.777,3.000
-5.529,2.538,3.000
-5.539,2.516,3.000
-5.565,2.502,3.000
-5.599,2.491,3.000
-5.584,2.458,3.000
-5.578,2.429,3.000
-5.579,2.404,3.000
-5.572,2.375,3.000
-6.052,2.552,3.000
-5.631,2.348,3.000
-5.632,2.323,3.000
-5.625,2.294,3.000
-5.650,2.278,3.000
-6.109,2.435,3.000
-5.643,2.224,3.000
-5.718,2.228,3.000
-6.195,2.386,3.000
-5.686,2.164,3.000
-5.694,2.142,3.000
-5.719,2.125,3.000
-5.711,2.097,3.000
-5.727,2.077,3.000
-5.702,2.043,3.000
-6.185,2.188,3.000
-6.223,2.175,3.000
-5.759,1.987,3.000
-5.742,1.956,3.000
-5.791,1.948,3.000
-5.732,1.902,3.000
-6.272,2.054,3.000
-5.797,1.874,3.000
-5.804,1.851,3.000
-5.820,1.831,3.000
-5.793,1.798,3.000
-6.303,1.929,3.000
-5.833,1.760,3.000
-5.840,1.737,3.000
-5.855,1.716,3.000
-6.303,1.821,3.000
-5.868,1.670,3.000
-5.858,1.642,3.000
-5.855,1.617,3.000
-6.353,1.728,3.000
-5.885,1.576,3.000
-5.883,1.550,3.000
-5.880,1.525,3.000
-5.920,1.511,3.000
-5.918,1.485,3.000
-5.941,1.466,3.000
-5.895,1.430,3.000
-5.892,1.405,3.000
-5.871,1.376,3.000
-5.902,1.359,3.000
-6.391,1.445,3.000
-5.948,1.320,3.000
-5.953,1.297,3.000
-5.932,1.268,3.000
-5.911,1.239,3.000
-6.395,1.314,3.000
-5.972,1.203,3.000
-5.968,1.178,3.000
-5.973,1.155,3.000
-6.029,1.141,3.000
-6.459,1.196,3.000
-6.004,1.087,3.000
-5.990,1.061,3.000
-5.995,1.037,3.000
-6.453,1.090,3.000
-6.020,0.993,3.000
-5.998,0.965,3.000
-6.019,0.944,3.000
-6.022,0.921,3.000
-6.458,0.961,3.000
-5.950,0.862,3.000
-5.953,0.838,3.000
-6.045,0.827,3.000
-6.057,0.805,3.000
-6.042,0.779,3.000
-6.072,0.758,3.000
-6.101,0.737,3.000
-6.516,0.762,3.000
-6.054,0.684,3.000
-6.074,0.662,3.000
-6.068,0.637,3.000
-6.527,0.659,3.000
-6.055,0.588,3.000
-6.057,0.564,3.000
-6.095,0.543,3.000
-6.529,0.556,3.000
-6.116,0.497,3.000
-6.101,0.471,3.000
-6.041,0.443,3.000
-6.060,0.420,3.000
-6.071,0.397,3.000
-6.072,0.373,3.000
-6.100,0.351,3.000
-6.119,0.328,3.000
-6.085,0.302,3.000
-6.077,0.278,3.000
-6.078,0.254,3.000
-6.595,0.250,3.000
-6.124,0.208,3.000
-6.107,0.183,3.000
-6.126,0.160,3.000
-6.091,0.135,3.000
-6.091,0.111,3.000
-6.576,0.094,3.000
-6.092,0.063,3.000
-6.083,0.039,3.000
-6.084,0.015,3.000
-6.584,-0.009,3.000
-6.576,-0.035,3.000
-6.083,-0.056,3.000
-6.110,-0.080,3.000
-6.583,-0.113,3.000
-6.082,-0.128,3.000
-6.099,-0.152,3.000
-6.099,-0.176,3.000
-6.107,-0.200,3.000
-6.079,-0.223,3.000
-6.087,-0.248,3.000
-6.095,-0.272,3.000
-6.537,-0.317,3.000
-6.075,-0.319,3.000
-6.083,-0.343,3.000
-6.090,-0.368,3.000
-6.071,-0.390,3.000
-6.577,-0.449,3.000
-6.077,-0.439,3.000
-6.075,-0.462,3.000
-6.029,-0.483,3.000
-6.062,-0.509,3.000
-6.496,-0.571,3.000
-6.058,-0.557,3.000
-6.065,-0.582,3.000
-6.053,-0.605,3.000
-6.086,-0.632,3.000
-6.538,-0.705,3.000
-6.081,-0.680,3.000
-6.043,-0.699,3.000
-6.067,-0.726,3.000
-6.020,-0.745,3.000
-6.052,-0.773,3.000
-6.023,-0.793,3.000
-6.046,-0.820,3.000
-6.025,-0.842,3.000
-6.509,-0.935,3.000
-6.045,-0.893,3.000
-6.032,-0.915,3.000
-6.020,-0.937,3.000
-6.025,-0.962,3.000
-5.995,-0.982,3.000
-6.501,-1.091,3.000
-6.004,-1.032,3.000
-6.035,-1.062,3.000
-6.472,-1.165,3.000
-6.027,-1.109,3.000
-5.953,-1.119,3.000
-5.992,-1.151,3.000
-5.944,-1.166,3.000
-6.008,-1.203,3.000
-5.969,-1.220,3.000
-5.894,-1.229,3.000
-5.933,-1.261,3.000
-5.928,-1.284,3.000
-6.383,-1.409,3.000
-5.935,-1.335,3.000
-6.403,-1.466,3.000
-5.942,-1.385,3.000
-5.876,-1.394,3.000
-5.853,-1.413,3.000
-6.379,-1.567,3.000
-5.937,-1.483,3.000
-5.888,-1.495,3.000
-5.899,-1.523,3.000
-6.384,-1.675,3.000
-5.844,-1.558,3.000
-5.881,-1.592,3.000
-5.866,-1.613,3.000
-6.342,-1.770,3.000
-5.862,-1.661,3.000
-5.829,-1.677,3.000
-5.831,-1.702,3.000
-6.245,-1.850,3.000
-5.852,-1.758,3.000
-5.819,-1.773,3.000
-5.812,-1.796,3.000
-5.771,-1.808,3.000
-6.290,-1.998,3.000
-5.740,-1.848,3.000
-5.775,-1.884,3.000
-5.768,-1.907,3.000
-5.743,-1.924,3.000
-5.917,-2.008,3.000
-5.778,-1.986,3.000
-5.737,-1.997,3.000
-5.762,-2.032,3.000
-5.713,-2.039,3.000
-6.192,-2.238,3.000
-5.755,-2.105,3.000
-5.680,-2.103,3.000
-5.680,-2.129,3.000
-5.655,-2.145,3.000
-6.095,-2.339,3.000
-5.679,-2.205,3.000
-6.121,-2.404,3.000
-5.637,-2.240,3.000
-5.628,-2.262,3.000
-5.619,-2.284,3.000
-5.561,-2.286,3.000
-5.601,-2.328,3.000
-5.492,-2.308,3.000
-5.591,-2.376,3.000
-5.573,-2.394,3.000
-5.556,-2.412,3.000
-5.579,-2.448,3.000
-5.561,-2.467,3.000
-5.527,-2.478,3.000
-5.590,-2.532,3.000
-5.751,-2.632,3.000
-5.546,-2.565,3.000
-5.520,-2.579,3.000
-5.485,-2.589,3.000
-5.491,-2.618,3.000
-5.481,-2.640,3.000
-5.791,-2.818,3.000
-5.476,-2.691,3.000
-5.898,-2.927,3.000
-5.486,-2.749,3.000
-5.436,-2.751,3.000
-5.425,-2.772,3.000
-5.398,-2.786,3.000
-5.403,-2.815,3.000
-5.642,-2.967,3.000
-5.334,-2.832,3.000
-5.354,-2.870,3.000
-5.335,-2.887,3.000
-5.499,-3.003,3.000
-5.312,-2.929,3.000
-5.308,-2.954,3.000
-5.706,-3.205,3.000
-5.262,-2.982,3.000
-5.311,-3.038,3.000
-5.277,-3.046,3.000
-5.249,-3.057,3.000
-5.656,-3.324,3.000
-5.263,-3.121,3.000
-5.198,-3.110,3.000
-5.231,-3.158,3.000
-5.610,-3.416,3.000
-5.198,-3.194,3.000
-5.178,-3.210,3.000
-5.158,-3.225,3.000
-5.146,-3.246,3.000
-5.133,-3.266,3.000
-5.481,-3.518,3.000
-5.107,-3.306,3.000
-5.109,-3.336,3.000
-5.088,-3.351,3.000
-5.104,-3.390,3.000
-5.062,-3.391,3.000
-5.026,-3.396,3.000
-5.020,-3.420,3.000
-5.043,-3.465,3.000
-5.037,-3.490,3.000
-4.958,-3.464,3.000
-4.995,-3.519,3.000
-4.959,-3.523,3.000
-4.938,-3.538,3.000
-4.953,-3.578,3.000
-4.939,-3.597,3.000
-4.904,-3.601,3.000
-5.273,-3.904,3.000
-4.868,-3.634,3.000
-4.854,-3.653,3.000
-4.846,-3.677,3.000
-4.818,-3.685,3.000
-5.189,-4.002,3.000
-4.824,-3.750,3.000
-4.795,-3.758,3.000
-4.773,-3.772,3.000
-4.758,-3.790,3.000
-5.134,-4.122,3.000
-4.749,-3.844,3.000
-4.700,-3.835,3.000
-4.719,-3.881,3.000
-4.690,-3.889,3.000
-4.675,-3.907,3.000
-5.041,-4.247,3.000
-4.664,-3.961,3.000
-4.635,-3.968,3.000
-4.626,-3.991,3.000
-4.597,-3.998,3.000
-4.581,-4.016,3.000
-4.559,-4.028,3.000
-4.536,-4.040,3.000
-4.682,-4.202,3.000
-4.524,-4.093,3.000
-4.502,-4.105,3.000
-4.453,-4.093,3.000
-4.463,-4.134,3.000
-4.447,-4.152,3.000
-4.456,-4.193,3.000
-4.375,-4.150,3.000
-4.404,-4.210,3.000
-4.381,-4.221,3.000
-4.723,-4.587,3.000
-4.341,-4.249,3.000
-4.325,-4.266,3.000
-4.320,-4.296,3.000
-4.291,-4.300,3.000
-4.621,-4.668,3.000
-4.608,-4.691,3.000
-4.252,-4.363,3.000
-4.235,-4.380,3.000
-4.242,-4.422,3.000
-4.490,-4.717,3.000
-4.183,-4.429,3.000
-4.166,-4.446,3.000
-4.154,-4.468,3.000
-4.131,-4.478,3.000
-4.440,-4.851,3.000
-4.084,-4.497,3.000
-4.072,-4.520,3.000
-4.054,-4.536,3.000
-3.989,-4.498,3.000
-4.344,-4.937,3.000
-4.000,-4.583,3.000
-3.982,-4.599,3.000
-3.953,-4.601,3.000
-3.894,-4.569,3.000
-3.939,-4.659,3.000
-3.938,-4.695,3.000
-3.846,-4.621,3.000
-4.212,-5.101,3.000
-3.843,-4.693,3.000
-4.142,-5.098,3.000
-3.795,-4.709,3.000
-3.777,-4.724,3.000
-3.780,-4.767,3.000
-3.750,-4.767,3.000
-4.055,-5.197,3.000
-3.735,-4.825,3.000
-3.705,-4.825,3.000
-3.681,-4.833,3.000
-3.715,-4.917,3.000
-3.653,-4.876,3.000
-3.639,-4.897,3.000
-3.609,-4.897,3.000
-3.621,-4.954,3.000
-3.566,-4.918,3.000
-3.562,-4.954,3.000
-3.532,-4.953,3.000
-3.497,-4.945,3.000
-3.698,-5.273,3.000
-3.396,-4.883,3.000
-3.408,-4.942,3.000
-3.389,-4.955,3.000
-3.578,-5.276,3.000
-3.360,-4.996,3.000
-3.335,-5.002,3.000
-3.583,-5.420,3.000
-3.311,-5.051,3.000
-3.424,-5.268,3.000
-3.256,-5.054,3.000
-3.236,-5.067,3.000
-3.221,-5.087,3.000
-3.459,-5.509,3.000
-3.191,-5.127,3.000
-3.152,-5.109,3.000
-3.136,-5.129,3.000
-3.125,-5.157,3.000
-3.350,-5.576,3.000
-3.085,-5.181,3.000
-3.042,-5.154,3.000
-3.017,-5.158,3.000
-3.266,-5.635,3.000
-2.976,-5.182,3.000
-2.960,-5.201,3.000
-2.958,-5.245,3.000
-2.937,-5.256,3.000
-3.147,-5.684,3.000
-2.874,-5.239,3.000
-2.879,-5.298,3.000
-2.850,-5.294,3.000
-3.065,-5.747,3.000
-2.821,-5.340,3.000
-2.775,-5.303,3.000
-2.791,-5.385,3.000
-2.754,-5.365,3.000
-2.728,-5.367,3.000
-2.728,-5.418,3.000
-2.686,-5.389,3.000
-2.649,-5.367,3.000
-2.636,-5.393,3.000
-2.826,-5.841,3.000
-2.605,-5.438,3.000
-2.580,-5.440,3.000
-2.547,-5.426,3.000
-2.704,-5.818,3.000
-2.520,-5.478,3.000
-2.705,-5.942,3.000
-2.443,-5.424,3.000
-2.440,-5.475,3.000
-2.444,-5.542,3.000
-2.595,-5.947,3.000
-2.390,-5.536,3.000
-2.368,-5.546,3.000
-2.350,-5.563,3.000
-2.517,-6.024,3.000
-2.296,-5.556,3.000
-2.274,-5.565,3.000
-2.255,-5.583,3.000
-2.230,-5.583,3.000
-2.398,-6.072,3.000
-2.186,-5.600,3.000
-2.164,-5.609,3.000
-2.142,-5.617,3.000
-2.300,-6.102,3.000
-2.101,-5.642,3.000
-2.073,-5.634,3.000
-2.038,-5.608,3.000
-2.041,-5.684,3.000
-2.003,-5.649,3.000
-2.147,-6.132,3.000
-1.968,-5.690,3.000
-1.945,-5.698,3.000
-1.920,-5.697,3.000
-2.071,-6.225,3.000
-1.881,-5.729,3.000
-1.905,-5.879,3.000
-1.825,-5.709,3.000
-1.808,-5.734,3.000
-1.788,-5.749,3.000
-1.917,-6.249,3.000
-1.743,-5.763,3.000
-1.707,-5.727,3.000
-1.829,-6.226,3.000
-1.667,-5.757,3.000
-1.647,-5.773,3.000
-1.627,-5.788,3.000
-1.740,-6.284,3.000
-1.707,-6.260,3.000
-1.561,-5.815,3.000
-1.538,-5.821,3.000
-1.518,-5.836,3.000
-1.618,-6.325,3.000
-1.472,-5.848,3.000
-1.444,-5.836,3.000
-1.422,-5.842,3.000
-1.407,-5.882,3.000
-1.380,-5.870,3.000
-1.357,-5.875,3.000
-1.444,-6.367,3.000
-1.314,-5.903,3.000
-1.278,-5.847,3.000
-1.261,-5.878,3.000
-1.237,-5.883,3.000
-1.289,-6.251,3.000
-1.191,-5.893,3.000
-1.264,-6.381,3.000
-1.148,-5.920,3.000
-1.125,-5.924,3.000
-1.100,-5.920,3.000
-1.074,-5.906,3.000
-1.052,-5.919,3.000
-1.121,-6.456,3.000
-1.007,-5.936,3.000
-0.981,-5.922,3.000
-0.958,-5.926,3.000
-0.951,-6.036,3.000
-0.914,-5.951,3.000
-0.889,-5.946,3.000
-0.864,-5.940,3.000
-0.852,-6.024,3.000
-0.820,-5.965,3.000
-0.796,-5.959,3.000
-0.773,-5.971,3.000
-0.752,-5.992,3.000
-0.796,-6.551,3.000
-0.704,-5.989,3.000
-0.680,-5.983,3.000
-0.654,-5.967,3.000
-0.639,-6.050,3.000
-0.607,-5.972,3.000
-0.634,-6.490,3.000
-0.560,-5.977,3.000
-0.538,-5.988,3.000
-0.514,-5.990,3.000
-0.533,-6.515,3.000
-0.470,-6.030,3.000
-0.444,-5.996,3.000
-0.419,-5.979,3.000
-0.398,-6.026,3.000
-0.371,-5.973,3.000
-0.381,-6.549,3.000
-0.326,-6.003,3.000
-0.302,-5.995,3.000
-0.279,-6.015,3.000
-0.276,-6.499,3.000
-0.232,-6.017,3.000
-0.208,-6.008,3.000
-0.184,-6.009,3.000
-0.161,-6.028,3.000
-0.138,-6.037,3.000
-0.113,-6.002,3.000
-0.090,-6.020,3.000
-0.066,-6.012,3.000
-0.043,-6.021,3.000
-0.019,-6.048,3.000
0.004,-5.985,3.000
0.030,-6.513,3.000
0.052,-6.039,3.000
0.075,-6.012,3.000
0.099,-6.029,3.000
0.123,-6.020,3.000
0.146,-6.010,3.000
0.170,-6.010,3.000
0.193,-6.000,3.000
0.218,-6.035,3.000
0.241,-6.016,3.000
0.264,-6.006,3.000
0.287,-6.005,3.000
0.337,-6.504,3.000
0.336,-6.021,3.000
0.359,-6.019,3.000
0.382,-6.009,3.000
0.440,-6.506,3.000
0.427,-5.970,3.000
0.450,-5.968,3.000
0.476,-5.993,3.000
0.500,-6.000,3.000
0.521,-5.971,3.000
0.590,-6.470,3.000
0.571,-5.994,3.000
0.595,-6.001,3.000
0.617,-5.980,3.000
0.650,-6.067,3.000
0.663,-5.966,3.000
0.685,-5.955,3.000
0.711,-5.970,3.000
0.733,-5.958,3.000
0.822,-6.469,3.000
0.783,-5.979,3.000
0.804,-5.958,3.000
0.828,-5.955,3.000
0.849,-5.934,3.000
0.873,-5.939,3.000
0.971,-6.432,3.000
0.921,-5.941,3.000
1.021,-6.416,3.000
0.968,-5.934,3.000
1.003,-6.000,3.000
1.014,-5.926,3.000
1.041,-5.940,3.000
1.062,-5.927,3.000
1.084,-5.913,3.000
1.111,-5.927,3.000
1.129,-5.896,3.000
1.256,-6.423,3.000
1.282,-6.426,3.000
1.194,-5.864,3.000
1.225,-5.895,3.000
1.239,-5.846,3.000
1.371,-6.350,3.000
1.292,-5.871,3.000
1.315,-5.866,3.000
1.336,-5.852,3.000
1.445,-6.217,3.000
1.388,-5.868,3.000
1.397,-5.801,3.000
1.432,-5.848,3.000
1.453,-5.834,3.000
1.476,-5.828,3.000
1.499,-5.822,3.000
1.544,-5.903,3.000
1.547,-5.819,3.000
1.572,-5.822,3.000
1.595,-5.815,3.000
1.610,-5.783,3.000
1.638,-5.794,3.000
1.656,-5.770,3.000
1.821,-6.253,3.000
1.693,-5.731,3.000
1.726,-5.759,3.000
1.757,-5.778,3.000
1.774,-5.754,3.000
1.791,-5.730,3.000
1.819,-5.740,3.000
1.839,-5.724,3.000
1.867,-5.734,3.000
1.884,-5.709,3.000
1.900,-5.685,3.000
1.923,-5.677,3.000
2.118,-6.175,3.000
1.979,-5.696,3.000
1.992,-5.663,3.000
2.024,-5.680,3.000
2.207,-6.119,3.000
2.231,-6.110,3.000
2.081,-5.631,3.000
2.094,-5.597,3.000
2.128,-5.623,3.000
2.332,-6.089,3.000
2.169,-5.597,3.000
2.191,-5.589,3.000
2.210,-5.572,3.000
2.422,-6.037,3.000
2.257,-5.563,3.000
2.289,-5.579,3.000
2.496,-6.016,3.000
2.343,-5.585,3.000
2.337,-5.510,3.000
2.554,-5.956,3.000
2.394,-5.524,3.000
2.412,-5.507,3.000
2.445,-5.522,3.000
2.634,-5.886,3.000
2.488,-5.503,3.000
2.502,-5.476,3.000
2.531,-5.483,3.000
2.538,-5.440,3.000
2.555,-5.422,3.000
2.782,-5.844,3.000
2.629,-5.467,3.000
2.627,-5.408,3.000
2.660,-5.422,3.000
2.685,-5.419,3.000
2.921,-5.839,3.000
2.711,-5.366,3.000
2.744,-5.379,3.000
2.757,-5.353,3.000
3.009,-5.785,3.000
2.803,-5.339,3.000
2.820,-5.320,3.000
2.841,-5.309,3.000
2.870,-5.313,3.000
2.870,-5.262,3.000
2.903,-5.275,3.000
2.920,-5.255,3.000
2.940,-5.244,3.000
2.956,-5.225,3.000
3.230,-5.656,3.000
3.011,-5.225,3.000
3.036,-5.220,3.000
3.033,-5.170,3.000
3.322,-5.611,3.000
3.092,-5.177,3.000
3.370,-5.592,3.000
3.128,-5.145,3.000
3.139,-5.117,3.000
3.197,-5.165,3.000
3.462,-5.545,3.000
3.223,-5.118,3.000
3.224,-5.075,3.000
3.239,-5.054,3.000
3.540,-5.476,3.000
3.283,-5.036,3.000
3.303,-5.023,3.000
3.328,-5.018,3.000
3.621,-5.413,3.000
3.367,-4.992,3.000
3.382,-4.971,3.000
3.375,-4.920,3.000
3.719,-5.376,3.000
3.450,-4.945,3.000
3.464,-4.924,3.000
3.479,-4.903,3.000
3.466,-4.845,3.000
3.796,-5.263,3.000
3.525,-4.848,3.000
3.560,-4.856,3.000
3.553,-4.805,3.000
3.566,-4.784,3.000
3.612,-4.806,3.000
3.647,-4.813,3.000
3.655,-4.785,3.000
3.733,-4.848,3.000
3.687,-4.749,3.000
3.717,-4.748,3.000
3.752,-4.755,3.000
3.754,-4.719,3.000
3.761,-4.690,3.000
3.774,-4.668,3.000
3.815,-4.682,3.000
3.827,-4.660,3.000
4.018,-4.852,3.000
3.841,-4.602,3.000
3.876,-4.607,3.000
4.233,-4.991,3.000
3.912,-4.577,3.000
3.930,-4.561,3.000
3.954,-4.553,3.000
4.279,-4.888,3.000
3.990,-4.521,3.000
3.995,-4.492,3.000
4.013,-4.477,3.000
4.377,-4.844,3.000
4.036,-4.432,3.000
4.059,-4.422,3.000
4.095,-4.426,3.000
4.106,-4.404,3.000
4.123,-4.387,3.000
4.128,-4.358,3.000
4.368,-4.575,3.000
4.162,-4.326,3.000
4.148,-4.277,3.000
4.164,-4.260,3.000
4.226,-4.289,3.000
4.217,-4.247,3.000
4.567,-4.564,3.000
4.289,-4.252,3.000
4.292,-4.222,3.000
4.347,-4.243,3.000
4.306,-4.170,3.000
4.263,-4.096,3.000
4.662,-4.444,3.000
4.388,-4.150,3.000
4.655,-4.368,3.000
4.313,-4.016,3.000
4.416,-4.079,3.000
4.813,-4.411,3.000
4.448,-4.044,3.000
4.830,-4.357,3.000
4.493,-4.021,3.000
4.502,-3.998,3.000
4.457,-3.926,3.000
4.922,-4.302,3.000
4.480,-3.885,3.000
4.551,-3.915,3.000
4.580,-3.909,3.000
4.983,-4.219,3.000
4.548,-3.820,3.000
4.653,-3.877,3.000
5.032,-4.160,3.000
4.663,-3.824,3.000
4.657,-3.788,3.000
4.671,-3.770,3.000
4.629,-3.706,3.000
4.715,-3.744,3.000
4.723,-3.720,3.000
4.744,-3.707,3.000
4.759,-3.689,3.000
4.780,-3.675,3.000
4.780,-3.646,3.000
4.795,-3.627,3.000
4.802,-3.603,3.000
5.276,-3.926,3.000
4.844,-3.576,3.000
4.844,-3.546,3.000
4.836,-3.511,3.000
5.272,-3.796,3.000
5.307,-3.790,3.000
4.906,-3.475,3.000
4.920,-3.455,3.000
4.889,-3.405,3.000
5.379,-3.715,3.000
4.975,-3.407,3.000
4.973,-3.378,3.000
4.964,-3.343,3.000
5.430,-3.625,3.000
4.998,-3.309,3.000
5.033,-3.304,3.000
5.452,-3.548,3.000
5.439,-3.509,3.000
5.072,-3.245,3.000
5.085,-3.225,3.000
5.082,-3.195,3.000
5.527,-3.445,3.000
5.130,-3.169,3.000
5.135,-3.144,3.000
5.116,-3.106,3.000
5.152,-3.099,3.000
5.217,-3.111,3.000
5.621,-3.322,3.000
5.156,-3.020,3.000
5.200,-3.018,3.000
5.219,-3.002,3.000
5.658,-3.225,3.000
5.243,-2.961,3.000
5.246,-2.936,3.000
5.250,-2.911,3.000
5.687,-3.124,3.000
5.296,-2.883,3.000
5.339,-2.879,3.000
5.303,-2.833,3.000
5.306,-2.808,3.000
5.754,-3.016,3.000
5.368,-2.787,3.000
5.355,-2.753,3.000
5.804,-2.955,3.000
5.392,-2.719,3.000
5.379,-2.686,3.000
5.389,-2.665,3.000
5.842,-2.860,3.000
5.402,-2.618,3.000
5.420,-2.601,3.000
5.447,-2.587,3.000
5.894,-2.772,3.000
5.442,-2.533,3.000
5.452,-2.512,3.000
5.478,-2.498,3.000
6.058,-2.734,3.000
5.514,-2.462,3.000
5.557,-2.455,3.000
5.500,-2.404,3.000
5.476,-2.368,3.000
5.544,-2.372,3.000
6.013,-2.544,3.000
5.628,-2.356,3.000
5.555,-2.299,3.000
5.605,-2.295,3.000
6.088,-2.464,3.000
5.673,-2.270,3.000
5.649,-2.235,3.000
5.674,-2.219,3.000
5.699,-2.203,3.000
5.633,-2.152,3.000
5.691,-2.149,3.000
5.716,-2.133,3.000
5.774,-2.129,3.000
5.733,-2.088,3.000
5.674,-2.041,3.000
5.716,-2.031,3.000
6.220,-2.183,3.000
5.782,-2.004,3.000
5.714,-1.955,3.000
6.245,-2.109,3.000
5.813,-1.938,3.000
5.787,-1.904,3.000
5.727,-1.859,3.000
6.172,-1.977,3.000
5.826,-1.841,3.000
5.825,-1.816,3.000
5.772,-1.775,3.000
6.286,-1.905,3.000
5.863,-1.752,3.000
5.776,-1.701,3.000
5.774,-1.676,3.000
6.323,-1.809,3.000
5.821,-1.641,3.000
5.802,-1.611,3.000
6.305,-1.724,3.000
5.840,-1.572,3.000
5.803,-1.537,3.000
5.895,-1.537,3.000
5.841,-1.499,3.000
6.291,-1.588,3.000
5.817,-1.444,3.000
5.849,-1.428,3.000
5.855,-1.405,3.000
5.869,-1.384,3.000
5.909,-1.369,3.000
5.862,-1.334,3.000
5.859,-1.309,3.000
5.890,-1.291,3.000
5.869,-1.263,3.000
5.891,-1.243,3.000
6.362,-1.317,3.000
5.910,-1.199,3.000
5.914,-1.176,3.000
5.919,-1.152,3.000
6.374,-1.215,3.000
5.972,-1.114,3.000
5.923,-1.081,3.000
5.892,-1.051,3.000
5.976,-1.042,3.000
6.357,-1.083,3.000
5.913,-0.983,3.000
5.952,-0.966,3.000
5.965,-0.944,3.000
5.951,-0.918,3.000
6.441,-0.967,3.000
5.967,-0.872,3.000
6.432,-0.915,3.000
6.000,-0.829,3.000
5.968,-0.801,3.000
5.971,-0.777,3.000
5.965,-0.753,3.000
5.985,-0.732,3.000
5.970,-0.706,3.000
6.479,-0.740,3.000
5.976,-0.659,3.000
5.987,-0.637,3.000
5.990,-0.613,3.000
5.992,-0.590,3.000
5.985,-0.565,3.000
6.014,-0.544,3.000
5.981,-0.517,3.000
5.965,-0.492,3.000
6.011,-0.473,3.000
6.511,-0.486,3.000
6.497,-0.459,3.000
5.999,-0.401,3.000
6.009,-0.378,3.000
6.011,-0.354,3.000
6.535,-0.359,3.000
6.085,-0.310,3.000
6.014,-0.283,3.000
6.015,-0.260,3.000
6.007,-0.236,3.000
6.044,-0.213,3.000
5.964,-0.187,3.000
6.001,-0.165,3.000
6.037,-0.142,3.000
6.447,-0.126,3.000
5.966,-0.093,3.000
5.939,-0.070,3.000
5.948,-0.046,3.000
5.799,-0.022,3.500
6.003,0.000,3.500
6.012,0.024,3.500
5.930,0.047,3.500
6.512,0.077,3.500
6.029,0.095,3.500
5.984,0.118,3.500
5.938,0.140,3.500
5.928,0.163,3.500
5.918,0.186,3.500
5.972,0.211,3.500
6.443,0.253,3.500
5.952,0.258,3.500
5.951,0.281,3.500
5.968,0.305,3.500
6.447,0.355,3.500
5.965,0.352,3.500
5.918,0.373,3.500
5.898,0.395,3.500
6.416,0.454,3.500
5.959,0.446,3.500
5.930,0.467,3.500
5.910,0.489,3.500
5.908,0.512,3.500
5.915,0.536,3.500
6.229,0.589,3.500
5.992,0.590,3.500
5.990,0.614,3.500
5.969,0.635,3.500
6.134,0.677,3.500
6.486,0.742,3.500
5.997,0.710,3.500
5.968,0.730,3.500
5.965,0.754,3.500
5.971,0.778,3.500
6.455,0.867,3.500
5.955,0.824,3.500
5.943,0.846,3.500
5.958,0.872,3.500
5.981,0.899,3.500
5.977,0.923,3.500
5.938,0.940,3.500
5.934,0.964,3.500
5.930,0.987,3.500
6.420,1.094,3.500
5.949,1.038,3.500
5.936,1.060,3.500
5.896,1.077,3.500
5.910,1.103,3.500
6.390,1.219,3.500
5.945,1.158,3.500
5.888,1.171,3.500
5.892,1.196,3.500
5.878,1.217,3.500
5.891,1.244,3.500
6.134,1.320,3.500
5.916,1.298,3.500
6.006,1.342,3.500
5.940,1.352,3.500
6.079,1.409,3.500
5.938,1.401,3.500
5.916,1.420,3.500
5.919,1.445,3.500
5.904,1.466,3.500
5.890,1.487,3.500
6.377,1.637,3.500
5.895,1.538,3.500
5.880,1.559,3.500
5.857,1.577,3.500
5.834,1.596,3.500
6.344,1.762,3.500
6.329,1.785,3.500
5.874,1.681,3.500
5.834,1.694,3.500
5.775,1.702,3.500
5.717,1.709,3.500
6.240,1.892,3.500
5.772,1.775,3.500
5.739,1.790,3.500
5.732,1.812,3.500
5.734,1.838,3.500
5.726,1.860,3.500
6.194,2.039,3.500
5.712,1.905,3.500
5.687,1.922,3.500
5.722,1.959,3.500
5.697,1.975,3.500
6.271,2.202,3.500
5.690,2.023,3.500
5.648,2.033,3.500
6.142,2.238,3.500
5.657,2.087,3.500
5.590,2.087,3.500
5.624,2.125,3.500
5.556,2.124,3.500
6.022,2.329,3.500
5.556,2.174,3.500
5.522,2.186,3.500
5.497,2.201,3.500
5.962,2.414,3.500
5.513,2.258,3.500
5.496,2.276,3.500
5.529,2.315,3.500
5.478,2.319,3.500
5.502,2.355,3.500
5.451,2.358,3.500
5.901,2.580,3.500
5.441,2.405,3.500
5.423,2.422,3.500
5.480,2.473,3.500
5.429,2.476,3.500
5.452,2.513,3.500
5.846,2.722,3.500
5.456,2.567,3.500
5.438,2.584,3.500
5.428,2.606,3.500
5.561,2.696,3.500
5.399,2.644,3.500
5.389,2.665,3.500
5.386,2.691,3.500
5.822,2.937,3.500
5.357,2.729,3.500
5.354,2.754,3.500
5.328,2.766,3.500
5.325,2.792,3.500
5.763,3.050,3.500
5.303,2.833,3.500
5.299,2.858,3.500
5.288,2.879,3.500
5.701,3.133,3.500
5.304,2.942,3.500
5.254,2.941,3.500
5.297,2.993,3.500
5.285,3.013,3.500
5.273,3.034,3.500
5.269,3.059,3.500
5.681,3.328,3.500
5.237,3.096,3.500
5.186,3.094,3.500
5.220,3.142,3.500
5.208,3.162,3.500
5.188,3.178,3.500
5.205,3.217,3.500
5.140,3.204,3.500
5.580,3.509,3.500
5.174,3.282,3.500
5.147,3.293,3.500
5.141,3.318,3.500
5.098,3.319,3.500
5.491,3.605,3.500
5.065,3.354,3.500
5.037,3.364,3.500
5.031,3.389,3.500
5.025,3.414,3.500
5.412,3.708,3.500
4.976,3.438,3.500
4.962,3.457,3.500
4.934,3.466,3.500
4.935,3.496,3.500
5.351,3.822,3.500
4.936,3.555,3.500
4.901,3.559,3.500
4.880,3.573,3.500
4.873,3.598,3.500
4.866,3.622,3.500
4.873,3.657,3.500
4.837,3.660,3.500
4.830,3.684,3.500
4.808,3.698,3.500
4.787,3.711,3.500
4.807,3.757,3.500
4.743,3.738,3.500
4.743,3.767,3.500
4.749,3.803,3.500
4.699,3.793,3.500
5.125,4.171,3.500
4.676,3.836,3.500
4.668,3.860,3.500
4.680,3.901,3.500
4.651,3.908,3.500
4.656,3.943,3.500
4.654,3.973,3.500
4.651,4.002,3.500
4.655,4.038,3.500
4.646,4.062,3.500
4.611,4.063,3.500
4.588,4.075,3.500
4.572,4.093,3.500
4.917,4.437,3.500
4.553,4.141,3.500
4.523,4.147,3.500
4.533,4.188,3.500
4.491,4.182,3.500
4.863,4.564,3.500
4.464,4.223,3.500
4.416,4.210,3.500
4.949,4.756,3.500
4.414,4.275,3.500
4.385,4.280,3.500
4.738,4.661,3.500
4.363,4.327,3.500
4.353,4.350,3.500
4.329,4.361,3.500
4.306,4.372,3.500
4.629,4.737,3.500
4.290,4.424,3.500
4.236,4.403,3.500
4.231,4.433,3.500
4.549,4.803,3.500
4.244,4.516,3.500
4.196,4.501,3.500
4.167,4.505,3.500
4.161,4.534,3.500
4.469,4.909,3.500
4.125,4.567,3.500
4.078,4.550,3.500
4.001,4.500,3.500
4.335,4.914,3.500
4.059,4.637,3.500
3.994,4.600,3.500
3.999,4.643,3.500
3.929,4.598,3.500
3.923,4.627,3.500
4.228,5.027,3.500
3.892,4.664,3.500
3.862,4.666,3.500
3.844,4.681,3.500
3.820,4.689,3.500
3.807,4.711,3.500
4.103,5.119,3.500
3.792,4.768,3.500
3.762,4.769,3.500
3.727,4.763,3.500
3.675,4.735,3.500
3.997,5.192,3.500
3.687,4.828,3.500
3.668,4.842,3.500
3.665,4.878,3.500
3.625,4.864,3.500
3.899,5.276,3.500
3.597,4.906,3.500
3.567,4.906,3.500
3.548,4.920,3.500
3.528,4.934,3.500
3.809,5.371,3.500
3.765,5.353,3.500
3.500,5.019,3.500
3.451,4.989,3.500
3.431,5.002,3.500
3.426,5.038,3.500
3.628,5.380,3.500
3.372,5.042,3.500
3.362,5.070,3.500
3.595,5.469,3.500
3.317,5.089,3.500
3.307,5.117,3.500
3.282,5.122,3.500
3.247,5.113,3.500
3.423,5.436,3.500
3.231,5.176,3.500
3.177,5.135,3.500
3.190,5.201,3.500
3.151,5.183,3.500
3.144,5.218,3.500
3.368,5.639,3.500
3.090,5.220,3.500
3.092,5.270,3.500
3.049,5.244,3.500
3.271,5.678,3.500
3.209,5.621,3.500
2.995,5.295,3.500
2.962,5.283,3.500
2.936,5.287,3.500
3.167,5.755,3.500
2.903,5.326,3.500
2.882,5.337,3.500
2.853,5.333,3.500
2.849,5.375,3.500
2.993,5.702,3.500
3.027,5.821,3.500
2.781,5.401,3.500
2.760,5.411,3.500
2.731,5.406,3.500
2.931,5.860,3.500
2.692,5.436,3.500
2.675,5.454,3.500
2.657,5.473,3.500
2.632,5.475,3.500
2.603,5.469,3.500
2.772,5.885,3.500
2.571,5.514,3.500
2.546,5.516,3.500
2.520,5.517,3.500
2.498,5.527,3.500
2.484,5.553,3.500
2.655,5.999,3.500
2.451,5.597,3.500
2.404,5.549,3.500
2.572,6.001,3.500
2.385,5.625,3.500
2.346,5.594,3.500
2.327,5.611,3.500
2.302,5.612,3.500
2.474,6.101,3.500
2.284,5.696,3.500
2.252,5.680,3.500
2.217,5.656,3.500
2.321,5.990,3.500
2.172,5.673,3.500
2.150,5.682,3.500
2.121,5.673,3.500
2.268,6.139,3.500
2.086,5.715,3.500
2.225,6.172,3.500
2.035,5.714,3.500
2.009,5.714,3.500
1.993,5.738,3.500
1.967,5.738,3.500
2.104,6.214,3.500
1.931,5.778,3.500
1.883,5.710,3.500
1.874,5.760,3.500
2.011,6.261,3.500
1.834,5.791,3.500
1.971,6.307,3.500
1.784,5.788,3.500
1.761,5.795,3.500
1.848,6.169,3.500
1.720,5.826,3.500
1.827,6.276,3.500
1.665,5.805,3.500
1.647,5.829,3.500
1.638,5.886,3.500
1.603,5.850,3.500
1.576,5.839,3.500
1.555,5.854,3.500
1.662,6.355,3.500
1.525,5.926,3.500
1.497,5.915,3.500
1.474,5.921,3.500
1.558,6.365,3.500
1.421,5.906,3.500
1.388,5.868,3.500
1.375,5.917,3.500
1.456,6.381,3.500
1.336,5.962,3.500
1.303,5.924,3.500
1.295,5.998,3.500
1.260,5.952,3.500
1.231,5.930,3.500
1.210,5.944,3.500
1.186,5.949,3.500
1.259,6.446,3.500
1.143,5.975,3.500
1.115,5.953,3.500
1.091,5.958,3.500
1.074,5.997,3.500
1.043,5.957,3.500
1.023,5.979,3.500
0.998,5.974,3.500
1.000,6.134,3.500
0.955,6.008,3.500
0.926,5.977,3.500
0.904,5.989,3.500
0.884,6.019,3.500
0.860,6.022,3.500
0.833,5.999,3.500
0.813,6.029,3.500
0.786,6.006,3.500
0.765,6.026,3.500
0.798,6.496,3.500
0.717,6.032,3.500
0.694,6.035,3.500
0.666,6.002,3.500
0.701,6.554,3.500
0.623,6.043,3.500
0.598,6.036,3.500
0.578,6.074,3.500
0.596,6.541,3.500
0.525,6.025,3.500
0.504,6.054,3.500
0.519,6.548,3.500
0.454,6.031,3.500
0.432,6.050,3.500
0.408,6.043,3.500
0.418,6.579,3.500
0.362,6.082,3.500
0.360,6.471,3.500
0.340,6.575,3.500
0.291,6.085,3.500
0.269,6.131,3.500
0.243,6.088,3.500
0.219,6.097,3.500
0.195,6.098,3.500
0.172,6.108,3.500
0.147,6.073,3.500
0.123,6.082,3.500
0.100,6.118,3.500
0.076,6.101,3.500
0.051,6.083,3.500
0.028,6.136,3.500
0.004,6.568,3.500
-0.020,6.101,3.500
-0.047,6.537,3.500
-0.068,6.083,3.500
-0.092,6.092,3.500
-0.116,6.091,3.500
-0.140,6.108,3.500
-0.163,6.081,3.500
-0.187,6.081,3.500
-0.211,6.071,3.500
-0.235,6.070,3.500
-0.259,6.078,3.500
-0.305,6.561,3.500
-0.306,6.058,3.500
-0.329,6.048,3.500
-0.383,6.557,3.500
-0.377,6.054,3.500
-0.405,6.114,3.500
-0.427,6.086,3.500
-0.450,6.067,3.500
-0.511,6.548,3.500
-0.497,6.063,3.500
-0.520,6.043,3.500
-0.542,6.033,3.500
-0.615,6.547,3.500
-0.596,6.090,3.500
-0.618,6.070,3.500
-0.636,6.014,3.500
-0.714,6.506,3.500
-0.745,6.550,3.500
-0.709,6.024,3.500
-0.742,6.100,3.500
-0.752,5.983,3.500
-0.779,6.007,3.500
-0.870,6.510,3.500
-0.826,6.000,3.500
-0.846,5.970,3.500
-0.883,6.064,3.500
-0.972,6.496,3.500
-0.920,5.987,3.500
-0.949,6.018,3.500
-0.971,6.006,3.500
-0.993,5.993,3.500
-1.018,5.998,3.500
-1.034,5.950,3.500
-1.061,5.963,3.500
-1.081,5.941,3.500
-1.108,5.955,3.500
-1.223,6.437,3.500
-1.261,6.494,3.500
-1.179,5.950,3.500
-1.201,5.937,3.500
-1.226,5.941,3.500
-1.258,5.979,3.500
-1.273,5.931,3.500
-1.294,5.917,3.500
-1.317,5.912,3.500
-1.346,5.933,3.500
-1.475,6.384,3.500
-1.393,5.922,3.500
-1.416,5.916,3.500
-1.433,5.885,3.500
-1.590,6.421,3.500
-1.496,5.942,3.500
-1.513,5.911,3.500
-1.539,5.913,3.500
-1.679,6.350,3.500
-1.578,5.875,3.500
-1.601,5.869,3.500
-1.629,5.880,3.500
-1.657,5.890,3.500
-1.680,5.884,3.500
-1.700,5.869,3.500
-1.850,6.294,3.500
-1.736,5.821,3.500
-1.751,5.789,3.500
-1.906,6.211,3.500
-1.823,5.859,3.500
-1.841,5.835,3.500
-1.845,5.769,3.500
-1.873,5.779,3.500
-1.909,5.813,3.500
-1.921,5.772,3.500
-1.935,5.739,3.500
-1.955,5.723,3.500
-2.147,6.207,3.500
-2.008,5.733,3.500
-2.031,5.725,3.500
-2.050,5.709,3.500
-2.073,5.701,3.500
-2.095,5.692,3.500
-2.124,5.701,3.500
-2.298,6.094,3.500
-2.175,5.701,3.500
-2.178,5.642,3.500
-2.213,5.667,3.500
-2.431,6.153,3.500
-2.257,5.649,3.500
-2.259,5.591,3.500
-2.305,5.640,3.500
-2.341,5.663,3.500
-2.336,5.588,3.500
-2.364,5.596,3.500
-2.520,5.900,3.500
-2.398,5.552,3.500
-2.437,5.584,3.500
-2.651,6.010,3.500
-2.488,5.581,3.500
-2.702,5.996,3.500
-2.517,5.529,3.500
-2.546,5.535,3.500
-2.769,5.956,3.500
-2.586,5.507,3.500
-2.805,5.913,3.500
-2.629,5.486,3.500
-2.654,5.484,3.500
-2.885,5.901,3.500
-2.693,5.455,3.500
-2.707,5.428,3.500
-2.893,5.745,3.500
-2.770,5.446,3.500
-2.787,5.428,3.500
-2.796,5.393,3.500
-2.821,5.390,3.500
-2.838,5.371,3.500
-2.868,5.375,3.500
-2.880,5.348,3.500
-2.905,5.345,3.500
-3.160,5.758,3.500
-2.952,5.330,3.500
-2.981,5.333,3.500
-2.993,5.306,3.500
-3.019,5.302,3.500
-3.026,5.267,3.500
-3.060,5.278,3.500
-3.058,5.228,3.500
-3.323,5.629,3.500
-3.118,5.234,3.500
-3.427,5.703,3.500
-3.145,5.187,3.500
-3.269,5.345,3.500
-3.195,5.177,3.500
-3.206,5.150,3.500
-3.230,5.144,3.500
-3.236,5.109,3.500
-3.537,5.535,3.500
-3.310,5.136,3.500
-3.301,5.078,3.500
-3.341,5.095,3.500
-3.336,5.045,3.500
-3.366,5.046,3.500
-3.375,5.018,3.500
-3.440,5.071,3.500
-3.440,5.028,3.500
-3.712,5.381,3.500
-3.484,5.008,3.500
-3.504,4.995,3.500
-3.518,4.974,3.500
-3.814,5.347,3.500
-3.537,4.917,3.500
-3.572,4.925,3.500
-3.580,4.896,3.500
-3.584,4.861,3.500
-3.914,5.265,3.500
-3.654,4.875,3.500
-3.936,5.209,3.500
-3.676,4.825,3.500
-3.972,5.172,3.500
-3.719,4.803,3.500
-4.042,5.178,3.500
-3.768,4.788,3.500
-3.770,4.752,3.500
-3.881,4.853,3.500
-3.829,4.750,3.500
-4.132,5.085,3.500
-3.821,4.665,3.500
-3.868,4.684,3.500
-3.920,4.710,3.500
-4.237,5.050,3.500
-3.917,4.631,3.500
-3.953,4.636,3.500
-3.912,4.553,3.500
-4.000,4.618,3.500
-4.320,4.948,3.500
-4.025,4.574,3.500
-4.049,4.564,3.500
-4.067,4.549,3.500
-4.397,4.879,3.500
-4.108,4.523,3.500
-4.132,4.513,3.500
-4.125,4.471,3.500
-4.137,4.448,3.500
-4.160,4.439,3.500
-4.178,4.422,3.500
-4.201,4.412,3.500
-4.212,4.389,3.500
-4.230,4.373,3.500
-4.277,4.388,3.500
-4.270,4.346,3.500
-4.287,4.329,3.500
-4.304,4.312,3.500
-4.333,4.308,3.500
-4.710,4.645,3.500
-4.380,4.286,3.500
-4.346,4.219,3.500
-4.638,4.468,3.500
-4.417,4.222,3.500
-4.691,4.448,3.500
-4.424,4.163,3.500
-4.441,4.145,3.500
-4.450,4.122,3.500
-4.848,4.455,3.500
-4.496,4.099,3.500
-4.518,4.087,3.500
-4.528,4.063,3.500
-4.544,4.045,3.500
-4.566,4.033,3.500
-4.595,4.027,3.500
-4.969,4.320,3.500
-4.627,3.991,3.500
-4.978,4.260,3.500
-4.617,3.920,3.500
-4.660,3.925,3.500
-4.648,3.884,3.500
-4.697,3.894,3.500
-4.706,3.870,3.500
-5.132,4.187,3.500
-4.708,3.810,3.500
-4.737,3.803,3.500
-4.759,3.790,3.500
-4.767,3.766,3.500
-4.809,3.769,3.500
-4.789,3.723,3.500
-4.846,3.736,3.500
-4.811,3.679,3.500
-4.875,3.698,3.500
-4.861,3.658,3.500
-4.904,3.660,3.500
-5.267,3.898,3.500
-4.911,3.605,3.500
-5.310,3.866,3.500
-4.925,3.556,3.500
-5.308,3.801,3.500
-4.982,3.538,3.500
-4.981,3.508,3.500
-4.987,3.484,3.500
-5.400,3.740,3.500
-5.029,3.454,3.500
-5.035,3.430,3.500
-5.027,3.395,3.500
-5.047,3.380,3.500
-5.090,3.380,3.500
-5.372,3.537,3.500
-5.087,3.320,3.500
-5.100,3.300,3.500
-5.098,3.271,3.500
-5.156,3.279,3.500
-5.153,3.250,3.500
-5.159,3.225,3.500
-5.171,3.204,3.500
-5.176,3.179,3.500
-5.219,3.177,3.500
-5.239,3.161,3.500
-5.236,3.132,3.500
-5.664,3.357,3.500
-5.230,3.073,3.500
-5.257,3.061,3.500
-5.254,3.032,3.500
-5.281,3.020,3.500
-5.293,2.999,3.500
-5.721,3.212,3.500
-5.347,2.974,3.500
-5.759,3.174,3.500
-5.386,2.941,3.500
-5.312,2.873,3.500
-5.796,3.106,3.500
-5.397,2.865,3.500
-5.757,3.027,3.500
-5.356,2.790,3.500
-5.415,2.793,3.500
-5.449,2.784,3.500
-5.930,3.000,3.500
-5.479,2.745,3.500
-5.450,2.704,3.500
-5.468,2.686,3.500
-5.893,2.866,3.500
-5.489,2.643,3.500
-5.500,2.622,3.500
-5.510,2.600,3.500
-5.520,2.578,3.500
-5.976,2.763,3.500
-5.548,2.539,3.500
-5.969,2.703,3.500
-5.552,2.488,3.500
-5.553,2.462,3.500
-5.611,2.462,3.500
-5.572,2.419,3.500
-5.606,2.407,3.500
-5.599,2.378,3.500
-5.609,2.356,3.500
-5.626,2.338,3.500
-5.635,2.316,3.500
-6.107,2.481,3.500
-5.637,2.265,3.500
-5.654,2.246,3.500
-6.099,2.395,3.500
-5.688,2.208,3.500
-6.125,2.350,3.500
-5.688,2.157,3.500
-5.713,2.141,3.500
-5.730,2.121,3.500
-5.747,2.102,3.500
-5.696,2.058,3.500
-5.738,2.048,3.500
-5.820,2.051,3.500
-5.795,2.017,3.500
-5.795,1.991,3.500
-5.778,1.960,3.500
-5.718,1.915,3.500
-5.768,1.906,3.500
-6.252,2.039,3.500
-5.816,1.872,3.500
-5.865,1.862,3.500
-5.780,1.810,3.500
-5.813,1.795,3.500
-6.253,1.905,3.500
-5.792,1.740,3.500
-5.825,1.724,3.500
-5.840,1.704,3.500
-5.872,1.688,3.500
-5.879,1.665,3.500
-6.349,1.772,3.500
-5.909,1.624,3.500
-5.821,1.575,3.500
-5.844,1.557,3.500
-6.323,1.658,3.500
-6.352,1.639,3.500
-5.879,1.492,3.500
-5.902,1.473,3.500
-5.891,1.446,3.500
-6.385,1.541,3.500
-5.893,1.398,3.500
-5.899,1.375,3.500
-5.956,1.363,3.500
-5.987,1.346,3.500
-5.897,1.301,3.500
-6.404,1.387,3.500
-5.951,1.264,3.500
-6.126,1.276,3.500
-5.943,1.214,3.500
-6.471,1.295,3.500
-6.022,1.181,3.500
-6.009,1.154,3.500
-5.996,1.127,3.500
-6.522,1.199,3.500
-6.014,1.081,3.500
-6.000,1.055,3.500
-5.978,1.027,3.500
-6.462,1.084,3.500
-6.021,0.985,3.500
-6.548,1.045,3.500
-6.037,0.939,3.500
-6.024,0.913,3.500
-6.027,0.889,3.500
-6.031,0.866,3.500
-6.025,0.841,3.500
-6.028,0.817,3.500
-6.512,0.857,3.500
-6.052,0.772,3.500
-6.046,0.747,3.500
-6.058,0.725,3.500
-6.043,0.699,3.500
-6.335,0.707,3.500
-6.057,0.652,3.500
-6.051,0.627,3.500
-6.045,0.603,3.500
-6.108,0.585,3.500
-6.429,0.590,3.500
-6.069,0.533,3.500
-6.071,0.509,3.500
-6.073,0.486,3.500
-6.093,0.463,3.500
-6.085,0.438,3.500
-6.561,0.447,3.500
-6.071,0.390,3.500
-6.064,0.365,3.500
-6.038,0.340,3.500
-6.146,0.322,3.500
-6.076,0.294,3.500
-6.078,0.270,3.500
-6.096,0.247,3.500
-6.079,0.223,3.500
-6.604,0.216,3.500
-6.108,0.176,3.500
-6.064,0.151,3.500
-6.082,0.127,3.500
-6.074,0.103,3.500
-6.092,0.079,3.500
-6.092,0.056,3.500
-6.537,0.034,3.500
-6.110,0.008,3.500
-6.084,-0.016,3.500
-6.057,-0.040,3.500
-6.083,-0.064,3.500
-6.047,-0.087,3.500
-6.118,-0.112,3.500
-6.100,-0.136,3.500
-6.108,-0.160,3.500
-6.573,-0.198,3.500
-6.098,-0.208,3.500
-6.516,-0.248,3.500
-6.052,-0.254,3.500
-6.121,-0.281,3.500
-6.076,-0.303,3.500
-6.075,-0.326,3.500
-6.557,-0.378,3.500
-6.063,-0.374,3.500
-6.546,-0.429,3.500
-6.078,-0.422,3.500
-6.137,-0.451,3.500
-6.048,-0.468,3.500
-6.443,-0.524,3.500
-6.026,-0.514,3.500
-6.033,-0.538,3.500
-6.031,-0.562,3.500
-6.545,-0.636,3.500
-6.035,-0.610,3.500
-6.033,-0.634,3.500
-6.048,-0.660,3.500
-6.045,-0.683,3.500
-6.492,-0.760,3.500
-6.066,-0.734,3.500
-6.054,-0.757,3.500
-6.051,-0.780,3.500
-6.527,-0.868,3.500
-6.054,-0.829,3.500
-6.033,-0.850,3.500
-6.073,-0.880,3.500
-6.504,-0.969,3.500
-6.493,-0.993,3.500
-5.966,-0.937,3.500
-6.024,-0.970,3.500
-6.011,-0.992,3.500
-6.016,-1.017,3.500
-6.012,-1.041,3.500
-6.498,-1.151,3.500
-5.986,-1.085,3.500
-5.982,-1.108,3.500
-5.951,-1.127,3.500
-5.964,-1.154,3.500
-6.421,-1.268,3.500
-5.964,-1.202,3.500
-5.933,-1.220,3.500
-5.937,-1.245,3.500
-5.949,-1.272,3.500
-5.918,-1.290,3.500
-5.922,-1.315,3.500
-6.391,-1.446,3.500
-5.911,-1.362,3.500
-6.395,-1.500,3.500
-5.865,-1.400,3.500
-5.877,-1.427,3.500
-5.863,-1.448,3.500
-6.134,-1.540,3.500
-5.903,-1.507,3.500
-5.828,-1.512,3.500
-5.891,-1.553,3.500
-5.842,-1.565,3.500
-6.413,-1.745,3.500
-5.872,-1.623,3.500
-5.823,-1.634,3.500
-5.842,-1.664,3.500
-5.895,-1.704,3.500
-5.846,-1.715,3.500
-5.848,-1.740,3.500
-5.833,-1.760,3.500
-5.826,-1.783,3.500
-6.288,-1.952,3.500
-5.769,-1.816,3.500
-5.779,-1.844,3.500
-5.788,-1.872,3.500
-5.764,-1.889,3.500
-6.196,-2.057,3.500
-5.758,-1.937,3.500
-5.742,-1.957,3.500
-5.734,-1.979,3.500
-5.743,-2.008,3.500
-6.192,-2.192,3.500
-5.718,-2.050,3.500
-5.694,-2.066,3.500
-5.685,-2.088,3.500
-5.669,-2.108,3.500
-5.686,-2.139,3.500
-5.644,-2.149,3.500
-5.635,-2.171,3.500
-5.643,-2.199,3.500
-5.660,-2.231,3.500
-6.049,-2.413,3.500
-5.634,-2.272,3.500
-5.625,-2.295,3.500
-5.599,-2.310,3.500
-5.606,-2.339,3.500
-6.038,-2.546,3.500
-5.572,-2.376,3.500
-5.504,-2.373,3.500
-5.561,-2.423,3.500
-5.543,-2.441,3.500
-5.550,-2.470,3.500
-6.005,-2.701,3.500
-5.530,-2.514,3.500
-5.512,-2.531,3.500
-5.478,-2.542,3.500
-5.500,-2.578,3.500
-5.929,-2.808,3.500
-5.480,-2.622,3.500
-5.462,-2.639,3.500
-5.467,-2.668,3.500
-5.425,-2.674,3.500
-5.422,-2.699,3.500
-5.861,-2.947,3.500
-5.448,-2.766,3.500
-5.866,-3.007,3.500
-5.379,-2.784,3.500
-5.376,-2.809,3.500
-5.788,-3.054,3.500
-5.369,-2.860,3.500
-5.785,-3.110,3.500
-5.331,-2.893,3.500
-5.328,-2.919,3.500
-5.301,-2.931,3.500
-5.729,-3.197,3.500
-5.277,-2.972,3.500
-5.281,-3.002,3.500
-5.677,-3.256,3.500
-5.257,-3.043,3.500
-5.230,-3.055,3.500
-5.210,-3.071,3.500
-5.198,-3.091,3.500
-5.186,-3.112,3.500
-5.189,-3.141,3.500
-5.108,-3.119,3.500
-5.187,-3.196,3.500
-5.152,-3.202,3.500
-5.169,-3.241,3.500
-5.571,-3.524,3.500
-5.151,-3.286,3.500
-5.116,-3.292,3.500
-5.118,-3.322,3.500
-5.163,-3.380,3.500
-5.553,-3.667,3.500
-5.071,-3.377,3.500
-5.043,-3.387,3.500
-5.445,-3.688,3.500
-4.994,-3.411,3.500
-5.409,-3.726,3.500
-5.011,-3.481,3.500
-5.019,-3.516,3.500
-4.969,-3.510,3.500
-4.969,-3.540,3.500
-4.948,-3.554,3.500
-4.927,-3.568,3.500
-5.336,-3.897,3.500
-4.892,-3.602,3.500
-5.287,-3.924,3.500
-4.871,-3.645,3.500
-4.856,-3.664,3.500
-4.849,-3.689,3.500
-5.322,-4.082,3.500
-5.127,-3.964,3.500
-4.798,-3.740,3.500
-4.783,-3.759,3.500
-5.149,-4.079,3.500
-4.802,-3.835,3.500
-5.036,-4.054,3.500
-4.717,-3.828,3.500
-4.695,-3.841,3.500
-5.049,-4.164,3.500
-4.692,-3.900,3.500
-4.656,-3.901,3.500
-4.654,-3.931,3.500
-5.019,-4.273,3.500
-4.623,-3.968,3.500
-4.621,-3.997,3.500
-4.599,-4.010,3.500
-4.596,-4.039,3.500
-4.952,-4.386,3.500
-4.545,-4.058,3.500
-4.805,-4.324,3.500
-4.513,-4.093,3.500
-4.523,-4.135,3.500
-4.842,-4.462,3.500
-4.464,-4.146,3.500
-4.441,-4.157,3.500
-4.800,-4.529,3.500
-4.421,-4.204,3.500
-4.386,-4.203,3.500
-4.376,-4.227,3.500
-4.391,-4.275,3.500
-4.342,-4.261,3.500
-4.344,-4.297,3.500
-4.302,-4.289,3.500
-4.310,-4.331,3.500
-4.262,-4.316,3.500
-4.276,-4.364,3.500
-4.247,-4.368,3.500
-4.224,-4.379,3.500
-4.219,-4.408,3.500
-4.189,-4.412,3.500
-4.178,-4.434,3.500
-4.496,-4.810,3.500
-4.143,-4.467,3.500
-4.089,-4.444,3.500
-4.108,-4.499,3.500
-4.301,-4.749,3.500
-4.054,-4.512,3.500
-4.054,-4.548,3.500
-4.036,-4.563,3.500
-4.007,-4.566,3.500
-4.334,-4.978,3.500
-3.982,-4.611,3.500
-3.924,-4.579,3.500
-3.952,-4.648,3.500
-3.951,-4.684,3.500
-3.904,-4.666,3.500
-3.886,-4.681,3.500
-3.884,-4.717,3.500
-3.843,-4.705,3.500
-4.145,-5.115,3.500
-3.817,-4.748,3.500
-3.782,-4.743,3.500
-3.780,-4.778,3.500
-3.755,-4.786,3.500
-3.731,-4.794,3.500
-4.000,-5.180,3.500
-3.715,-4.851,3.500
-3.685,-4.851,3.500
-3.661,-4.859,3.500
-3.658,-4.894,3.500
-3.906,-5.271,3.500
-3.598,-4.894,3.500
-3.589,-4.923,3.500
-3.621,-5.008,3.500
-3.545,-4.944,3.500
-3.505,-4.929,3.500
-3.512,-4.979,3.500
-3.751,-5.363,3.500
-3.467,-4.999,3.500
-3.448,-5.012,3.500
-3.393,-4.974,3.500
-3.403,-5.032,3.500
-3.663,-5.462,3.500
-3.369,-5.066,3.500
-3.344,-5.072,3.500
-3.289,-5.032,3.500
-3.270,-5.045,3.500
-3.401,-5.293,3.500
-3.230,-5.071,3.500
-3.196,-5.060,3.500
-3.185,-5.088,3.500
-3.438,-5.541,3.500
-3.164,-5.144,3.500
-3.153,-5.171,3.500
-3.096,-5.122,3.500
-3.094,-5.165,3.500
-3.181,-5.358,3.500
-3.067,-5.213,3.500
-3.033,-5.201,3.500
-3.004,-5.198,3.500
-2.988,-5.217,3.500
-2.972,-5.237,3.500
-2.947,-5.240,3.500
-2.922,-5.244,3.500
-2.879,-5.216,3.500
-2.889,-5.283,3.500
-2.864,-5.286,3.500
-2.847,-5.305,3.500
-2.797,-5.260,3.500
-3.009,-5.713,3.500
-2.805,-5.378,3.500
-2.751,-5.325,3.500
-2.735,-5.344,3.500
-2.718,-5.363,3.500
-2.925,-5.828,3.500
-2.683,-5.400,3.500
-2.650,-5.386,3.500
-2.637,-5.413,3.500
-2.836,-5.880,3.500
-2.595,-5.433,3.500
-2.577,-5.452,3.500
-2.556,-5.462,3.500
-2.523,-5.447,3.500
-2.528,-5.514,3.500
-2.480,-5.467,3.500
-2.654,-5.912,3.500
-2.441,-5.494,3.500
-2.448,-5.569,3.500
-2.390,-5.497,3.500
-2.577,-5.990,3.500
-2.358,-5.540,3.500
-2.336,-5.549,3.500
-2.304,-5.534,3.500
-2.282,-5.543,3.500
-2.270,-5.577,3.500
-2.441,-6.064,3.500
-2.223,-5.586,3.500
-2.198,-5.586,3.500
-2.173,-5.586,3.500
-2.167,-5.637,3.500
-2.319,-6.103,3.500
-2.113,-5.628,3.500
-2.097,-5.654,3.500
-2.249,-6.137,3.500
-2.053,-5.670,3.500
-2.027,-5.669,3.500
-2.172,-6.149,3.500
-1.989,-5.702,3.500
-1.958,-5.684,3.500
-1.932,-5.683,3.500
-1.907,-5.682,3.500
-1.888,-5.698,3.500
-2.021,-6.183,3.500
-1.846,-5.722,3.500
-1.831,-5.755,3.500
-1.939,-6.176,3.500
-1.778,-5.743,3.500
-1.748,-5.724,3.500
-1.741,-5.783,3.500
-1.713,-5.772,3.500
-1.685,-5.762,3.500
-1.663,-5.768,3.500
-1.779,-6.265,3.500
-1.632,-5.833,3.500
-1.611,-5.848,3.500
-1.562,-5.758,3.500
-1.551,-5.808,3.500
-1.538,-5.849,3.500
-1.659,-6.412,3.500
-1.483,-5.826,3.500
-1.586,-6.333,3.500
-1.441,-5.855,3.500
-1.416,-5.852,3.500
-1.391,-5.849,3.500
-1.360,-5.819,3.500
-1.375,-5.989,3.500
-1.322,-5.865,3.500
-1.297,-5.861,3.500
-1.274,-5.866,3.500
-1.339,-6.283,3.500
-1.306,-6.248,3.500
-1.211,-5.907,3.500
-1.184,-5.894,3.500
-1.263,-6.421,3.500
-1.144,-5.939,3.500
-1.118,-5.926,3.500
-1.089,-5.903,3.500
-1.070,-5.925,3.500
-1.051,-5.956,3.500
-1.109,-6.434,3.500
-0.994,-5.902,3.500
-1.059,-6.442,3.500
-0.950,-5.927,3.500
-0.931,-5.958,3.500
-0.979,-6.431,3.500
-0.883,-5.956,3.500
-0.858,-5.950,3.500
-0.906,-6.458,3.500
-0.818,-6.001,3.500
-0.855,-6.465,3.500
-0.761,-5.936,3.500
-0.740,-5.957,3.500
-0.776,-6.450,3.500
-0.694,-5.972,3.500
-0.672,-5.983,3.500
-0.649,-5.986,3.500
-0.674,-6.462,3.500
-0.602,-6.000,3.500
-0.581,-6.020,3.500
-0.554,-5.995,3.500
-0.534,-6.033,3.500
-0.509,-6.018,3.500
-0.482,-5.984,3.500
-0.462,-6.030,3.500
-0.436,-5.996,3.500
-0.414,-6.025,3.500
-0.388,-5.990,3.500
-0.367,-6.019,3.500
-0.342,-6.002,3.500
-0.318,-5.995,3.500
-0.312,-6.350,3.500
-0.271,-6.006,3.500
-0.249,-6.052,3.500
-0.225,-6.035,3.500
-0.200,-5.991,3.500
-0.177,-6.027,3.500
-0.165,-6.487,3.500
-0.129,-5.993,3.500
-0.106,-6.002,3.500
-0.090,-6.536,3.500
-0.059,-6.021,3.500
-0.035,-6.012,3.500
-0.012,-6.012,3.500
0.012,-5.976,3.500
0.036,-6.030,3.500
0.064,-6.512,3.500
0.082,-5.984,3.500
0.106,-6.002,3.500
0.130,-6.020,3.500
0.155,-6.064,3.500
0.175,-5.937,3.500
0.198,-5.927,3.500
0.222,-5.935,3.500
0.243,-5.888,3.500
0.271,-5.997,3.500
0.296,-6.023,3.500
0.317,-5.976,3.500
0.368,-6.462,3.500
0.376,-6.177,3.500
0.387,-5.963,3.500
0.410,-5.962,3.500
0.436,-5.996,3.500
0.456,-5.940,3.500
0.480,-5.956,3.500
0.498,-5.881,3.500
0.530,-5.989,3.500
0.547,-5.914,3.500
0.621,-6.435,3.500
0.593,-5.900,3.500
0.616,-5.898,3.500
0.637,-5.877,3.500
0.664,-5.911,3.500
0.688,-5.918,3.500
0.705,-5.860,3.500
0.729,-5.866,3.500
0.821,-6.396,3.500
0.787,-5.951,3.500
0.803,-5.894,3.500
0.823,-5.863,3.500
0.849,-5.887,3.500
0.886,-5.974,3.500
0.894,-5.872,3.500
0.907,-5.804,3.500
1.020,-6.359,3.500
0.972,-5.915,3.500
0.998,-5.929,3.500
1.023,-5.933,3.500
1.064,-6.026,3.500
1.068,-5.916,3.500
1.177,-6.373,3.500
1.121,-5.943,3.500
1.138,-5.903,3.500
1.138,-5.782,3.500
1.184,-5.894,3.500
1.205,-5.881,3.500
1.225,-5.858,3.500
1.253,-5.880,3.500
1.277,-5.875,3.500
1.406,-6.351,3.500
1.329,-5.891,3.500
1.342,-5.842,3.500
1.379,-5.898,3.500
1.396,-5.866,3.500
1.476,-6.098,3.500
1.427,-5.794,3.500
1.445,-5.770,3.500
1.488,-5.844,3.500
1.526,-5.898,3.500
1.529,-5.814,3.500
1.549,-5.800,3.500
1.572,-5.793,3.500
1.600,-5.805,3.500
1.618,-5.781,3.500
1.640,-5.775,3.500
1.663,-5.768,3.500
1.693,-5.787,3.500
1.718,-5.789,3.500
1.733,-5.757,3.500
1.753,-5.741,3.500
1.773,-5.726,3.500
1.801,-5.736,3.500
1.978,-6.214,3.500
1.851,-5.739,3.500
1.857,-5.680,3.500
1.888,-5.698,3.500
1.913,-5.699,3.500
2.099,-6.174,3.500
1.955,-5.676,3.500
1.971,-5.651,3.500
1.999,-5.660,3.500
2.009,-5.618,3.500
2.044,-5.644,3.500
2.078,-5.670,3.500
2.271,-6.121,3.500
2.123,-5.654,3.500
2.135,-5.620,3.500
2.329,-6.057,3.500
2.192,-5.637,3.500
2.205,-5.603,3.500
2.223,-5.586,3.500
2.255,-5.602,3.500
2.294,-5.634,3.500
2.289,-5.559,3.500
2.311,-5.550,3.500
2.530,-6.010,3.500
2.354,-5.532,3.500
2.593,-6.026,3.500
2.401,-5.521,3.500
2.412,-5.487,3.500
2.644,-5.952,3.500
2.470,-5.501,3.500
2.674,-5.894,3.500
2.714,-5.920,3.500
2.519,-5.439,3.500
2.544,-5.437,3.500
2.589,-5.476,3.500
2.591,-5.425,3.500
2.600,-5.390,3.500
2.598,-5.331,3.500
2.663,-5.410,3.500
3.019,-6.074,3.500
2.701,-5.381,3.500
2.718,-5.363,3.500
2.956,-5.776,3.500
2.760,-5.341,3.500
2.998,-5.746,3.500
2.798,-5.311,3.500
2.823,-5.308,3.500
2.999,-5.587,3.500
2.869,-5.294,3.500
2.889,-5.282,3.500
2.914,-5.279,3.500
3.178,-5.703,3.500
3.185,-5.663,3.500
2.972,-5.236,3.500
2.992,-5.225,3.500
3.013,-5.213,3.500
3.056,-5.240,3.500
3.262,-5.543,3.500
3.074,-5.177,3.500
3.090,-5.157,3.500
3.124,-5.168,3.500
3.140,-5.148,3.500
3.164,-5.144,3.500
3.170,-5.108,3.500
3.186,-5.088,3.500
3.230,-5.113,3.500
3.235,-5.078,3.500
3.260,-5.073,3.500
3.270,-5.045,3.500
3.285,-5.025,3.500
3.590,-5.444,3.500
3.334,-5.014,3.500
3.359,-5.008,3.500
3.358,-4.965,3.500
3.388,-4.967,3.500
3.691,-5.366,3.500
3.411,-4.917,3.500
3.446,-4.926,3.500
3.512,-4.978,3.500
3.531,-4.965,3.500
3.540,-4.936,3.500
3.555,-4.915,3.500
3.584,-4.916,3.500
3.609,-4.909,3.500
3.921,-5.289,3.500
3.653,-4.887,3.500
3.661,-4.859,3.500
3.685,-4.851,3.500
3.672,-4.794,3.500
3.713,-4.808,3.500
3.731,-4.794,3.500
3.739,-4.765,3.500
3.758,-4.750,3.500
3.788,-4.749,3.500
3.812,-4.741,3.500
3.847,-4.747,3.500
3.866,-4.732,3.500
3.810,-4.627,3.500
4.155,-5.005,3.500
4.180,-4.995,3.500
3.865,-4.582,3.500
3.900,-4.587,3.500
3.941,-4.599,3.500
3.924,-4.543,3.500
3.936,-4.520,3.500
3.954,-4.505,3.500
4.007,-4.530,3.500
4.007,-4.494,3.500
4.369,-4.862,3.500
4.036,-4.456,3.500
4.048,-4.433,3.500
4.107,-4.464,3.500
4.064,-4.381,3.500
4.112,-4.398,3.500
4.135,-4.389,3.500
4.159,-4.379,3.500
4.492,-4.693,3.500
4.174,-4.327,3.500
4.197,-4.317,3.500
4.214,-4.300,3.500
4.244,-4.297,3.500
4.248,-4.267,3.500
4.602,-4.586,3.500
4.281,-4.234,3.500
4.285,-4.204,3.500
4.288,-4.175,3.500
4.707,-4.547,3.500
4.354,-4.172,3.500
4.357,-4.143,3.500
4.373,-4.126,3.500
4.356,-4.077,3.500
4.761,-4.421,3.500
4.401,-4.055,3.500
4.411,-4.032,3.500
4.812,-4.365,3.500
4.469,-4.021,3.500
4.492,-4.010,3.500
4.507,-3.992,3.500
4.509,-3.963,3.500
4.532,-3.951,3.500
4.581,-3.962,3.500
4.597,-3.944,3.500
4.578,-3.897,3.500
4.593,-3.879,3.500
4.974,-4.167,3.500
4.630,-3.849,3.500
4.632,-3.819,3.500
4.653,-3.806,3.500
4.647,-3.771,3.500
4.985,-4.013,3.500
4.691,-3.746,3.500
4.720,-3.739,3.500
4.960,-3.897,3.500
4.677,-3.645,3.500
4.756,-3.677,3.500
5.187,-3.978,3.500
4.785,-3.640,3.500
5.199,-3.923,3.500
4.821,-3.607,3.500
4.813,-3.572,3.500
5.290,-3.894,3.500
4.841,-3.534,3.500
4.862,-3.521,3.500
4.802,-3.448,3.500
4.860,-3.461,3.500
4.903,-3.463,3.500
4.902,-3.434,3.500
5.369,-3.729,3.500
4.891,-3.369,3.500
4.919,-3.360,3.500
4.978,-3.371,3.500
4.915,-3.301,3.500
5.041,-3.357,3.500
5.017,-3.313,3.500
5.038,-3.298,3.500
5.050,-3.278,3.500
5.457,-3.511,3.500
5.091,-3.248,3.500
5.089,-3.218,3.500
5.071,-3.179,3.500
5.504,-3.421,3.500
5.119,-3.153,3.500
5.260,-3.212,3.500
5.151,-3.118,3.500
5.179,-3.107,3.500
5.160,-3.068,3.500
5.172,-3.048,3.500
5.207,-3.041,3.500
5.203,-3.012,3.500
5.223,-2.996,3.500
5.648,-3.210,3.500
5.238,-2.950,3.500
5.297,-2.956,3.500
5.246,-2.900,3.500
5.296,-2.901,3.500
5.308,-2.880,3.500
5.743,-3.088,3.500
5.330,-2.839,3.500
5.325,-2.809,3.500
5.765,-3.012,3.500
5.355,-2.772,3.500
5.774,-2.960,3.500
5.369,-2.725,3.500
5.331,-2.680,3.500
5.382,-2.679,3.500
5.409,-2.666,3.500
5.419,-2.645,3.500
5.478,-2.647,3.500
5.504,-2.633,3.500
5.746,-2.721,3.500
5.508,-2.582,3.500
5.559,-2.579,3.500
5.529,-2.539,3.500
6.001,-2.727,3.500
6.005,-2.700,3.500
6.008,-2.674,3.500
6.026,-2.653,3.500
5.577,-2.430,3.500
5.546,-2.390,3.500
5.596,-2.386,3.500
5.622,-2.371,3.500
5.664,-2.362,3.500
6.035,-2.489,3.500
5.617,-2.291,3.500
5.650,-2.279,3.500
6.130,-2.445,3.500
5.651,-2.228,3.500
5.718,-2.228,3.500
5.669,-2.183,3.500
5.719,-2.177,3.500
6.170,-2.321,3.500
5.702,-2.120,3.500
5.719,-2.100,3.500
6.219,-2.256,3.500
5.727,-2.052,3.500
5.858,-2.074,3.500
5.743,-2.007,3.500
5.809,-2.005,3.500
6.232,-2.124,3.500
5.783,-1.945,3.500
5.790,-1.922,3.500
5.781,-1.894,3.500
6.280,-2.030,3.500
5.787,-1.846,3.500
5.778,-1.818,3.500
5.810,-1.803,3.500
5.834,-1.786,3.500
5.799,-1.750,3.500
5.856,-1.742,3.500
6.326,-1.855,3.500
5.861,-1.694,3.500
5.851,-1.666,3.500
6.324,-1.774,3.500
5.881,-1.625,3.500
6.353,-1.728,3.500
5.876,-1.574,3.500
5.908,-1.557,3.500
5.828,-1.512,3.500
6.447,-1.646,3.500
5.831,-1.464,3.500
5.949,-1.469,3.500
5.834,-1.416,3.500
5.874,-1.401,3.500
5.853,-1.372,3.500
5.867,-1.351,3.500
5.881,-1.330,3.500
5.887,-1.307,3.500
5.918,-1.290,3.500
5.870,-1.255,3.500
6.505,-1.364,3.500
5.906,-1.214,3.500
5.929,-1.195,3.500
5.916,-1.168,3.500
5.894,-1.140,3.500
5.916,-1.120,3.500
5.956,-1.103,3.500
5.880,-1.065,3.500
5.946,-1.053,3.500
5.933,-1.027,3.500
5.883,-0.995,3.500
6.410,-1.058,3.500
5.944,-0.957,3.500
6.481,-1.017,3.500
5.961,-0.912,3.500
5.911,-0.880,3.500
6.374,-0.924,3.500
5.854,-0.825,3.500
5.829,-0.798,3.500
5.969,-0.793,3.500
5.854,-0.755,3.500
6.391,-0.798,3.500
5.850,-0.708,3.500
5.862,-0.686,3.500
5.947,-0.672,3.500
5.904,-0.644,3.500
5.879,-0.618,3.500
5.900,-0.596,3.500
5.975,-0.580,3.500
5.923,-0.552,3.500
5.907,-0.527,3.500
5.918,-0.504,3.500
5.929,-0.482,3.500
5.922,-0.458,3.500
5.951,-0.437,3.500
5.934,-0.412,3.500
5.890,-0.386,3.500
6.493,-0.400,3.500
5.929,-0.342,3.500
6.021,-0.323,3.500
6.040,-0.301,3.500
5.988,-0.274,3.500
6.016,-0.252,3.500
6.035,-0.229,3.500
6.237,-0.212,3.500
6.018,-0.181,3.500
6.001,-0.157,3.500
6.527,-0.145,3.500
6.002,-0.110,3.500
6.020,-0.087,3.500
6.012,-0.063,3.500
5.856,-0.038,4.000
6.030,-0.016,4.000
6.012,0.008,4.000
6.012,0.032,4.000
6.528,0.060,4.000
6.021,0.079,4.000
6.020,0.102,4.000
5.993,0.126,4.000
5.983,0.149,4.000
6.518,0.188,4.000
6.009,0.197,4.000
5.999,0.220,4.000
6.016,0.244,4.000
6.514,0.290,4.000
5.987,0.290,4.000
6.013,0.315,4.000
5.975,0.337,4.000
6.501,0.392,4.000
6.027,0.387,4.000
5.998,0.409,4.000
5.987,0.432,4.000
6.510,0.495,4.000
6.002,0.480,4.000
5.946,0.499,4.000
6.504,0.572,4.000
5.987,0.550,4.000
5.985,0.573,4.000
6.000,0.599,4.000
6.016,0.624,4.000
5.968,0.643,4.000
5.984,0.668,4.000
5.963,0.690,4.000
5.987,0.716,4.000
6.456,0.798,4.000
5.973,0.762,4.000
5.916,0.779,4.000
5.931,0.804,4.000
6.466,0.903,4.000
5.960,0.856,4.000
5.930,0.875,4.000
5.953,0.903,4.000
5.859,0.912,4.000
6.400,1.022,4.000
5.968,0.977,4.000
5.929,0.995,4.000
5.916,1.016,4.000
6.414,1.128,4.000
5.944,1.069,4.000
5.922,1.089,4.000
5.900,1.109,4.000
5.895,1.132,4.000
5.917,1.160,4.000
5.904,1.182,4.000
5.899,1.205,4.000
5.886,1.226,4.000
5.881,1.250,4.000
5.885,1.275,4.000
6.352,1.402,4.000
5.857,1.317,4.000
5.860,1.342,4.000
5.873,1.369,4.000
5.832,1.383,4.000
6.346,1.532,4.000
5.839,1.434,4.000
5.833,1.456,4.000
5.845,1.484,4.000
6.306,1.627,4.000
5.876,1.541,4.000
5.818,1.550,4.000
5.742,1.554,4.000
6.288,1.728,4.000
5.782,1.614,4.000
5.784,1.639,4.000
5.778,1.662,4.000
5.736,1.674,4.000
6.283,1.860,4.000
5.775,1.735,4.000
5.760,1.755,4.000
6.253,1.932,4.000
5.746,1.800,4.000
5.687,1.806,4.000
5.749,1.850,4.000
6.161,2.010,4.000
5.700,1.884,4.000
5.701,1.909,4.000
5.702,1.935,4.000
5.711,1.963,4.000
5.661,1.970,4.000
5.679,2.002,4.000
6.126,2.187,4.000
5.654,2.043,4.000
5.646,2.065,4.000
5.638,2.087,4.000
5.613,2.103,4.000
5.570,2.112,4.000
5.959,2.287,4.000
5.621,2.182,4.000
5.604,2.201,4.000
5.537,2.200,4.000
5.595,2.248,4.000
5.561,2.260,4.000
5.569,2.289,4.000
5.560,2.311,4.000
5.543,2.329,4.000
5.517,2.344,4.000
5.541,2.379,4.000
5.523,2.398,4.000
5.514,2.419,4.000
5.520,2.448,4.000
5.519,2.473,4.000
5.940,2.690,4.000
5.467,2.502,4.000
5.465,2.527,4.000
5.496,2.567,4.000
5.445,2.570,4.000
5.419,2.583,4.000
5.853,2.819,4.000
5.398,2.626,4.000
5.817,2.858,4.000
5.394,2.676,4.000
5.455,2.733,4.000
5.882,2.976,4.000
5.362,2.739,4.000
5.430,2.801,4.000
5.395,2.810,4.000
5.392,2.836,4.000
5.373,2.853,4.000
5.354,2.870,4.000
5.382,2.912,4.000
5.339,2.916,4.000
5.766,3.178,4.000
5.316,2.958,4.000
5.312,2.983,4.000
5.339,3.025,4.000
5.688,3.253,4.000
5.292,3.054,4.000
5.234,3.048,4.000
5.237,3.077,4.000
5.575,3.305,4.000
5.228,3.128,4.000
5.216,3.148,4.000
5.189,3.159,4.000
5.191,3.189,4.000
5.156,3.195,4.000
5.166,3.230,4.000
5.153,3.250,4.000
5.140,3.270,4.000
5.105,3.276,4.000
5.115,3.310,4.000
5.513,3.599,4.000
5.088,3.350,4.000
5.075,3.370,4.000
5.069,3.395,4.000
5.027,3.395,4.000
5.480,3.733,4.000
5.022,3.450,4.000
5.001,3.464,4.000
4.965,3.469,4.000
5.292,3.727,4.000
4.960,3.523,4.000
4.939,3.537,4.000
4.932,3.562,4.000
5.335,3.885,4.000
4.911,3.606,4.000
4.883,3.614,4.000
4.875,3.639,4.000
5.223,3.930,4.000
4.840,3.671,4.000
4.832,3.696,4.000
4.818,3.715,4.000
4.796,3.728,4.000
4.767,3.736,4.000
4.774,3.771,4.000
4.738,3.773,4.000
4.758,3.820,4.000
4.701,3.805,4.000
4.679,3.818,4.000
4.712,3.875,4.000
5.081,4.212,4.000
4.655,3.890,4.000
4.632,3.902,4.000
4.603,3.909,4.000
4.615,3.950,4.000
4.967,4.285,4.000
4.577,3.980,4.000
4.555,3.992,4.000
4.546,4.016,4.000
4.900,4.363,4.000
4.521,4.057,4.000
4.478,4.051,4.000
4.476,4.081,4.000
4.466,4.104,4.000
4.819,4.463,4.000
4.427,4.133,4.000
4.418,4.157,4.000
4.760,4.514,4.000
4.365,4.173,4.000
4.753,4.579,4.000
4.352,4.226,4.000
4.329,4.236,4.000
4.331,4.272,4.000
4.624,4.597,4.000
4.291,4.300,4.000
4.262,4.304,4.000
4.251,4.327,4.000
4.209,4.318,4.000
4.248,4.392,4.000
4.548,4.739,4.000
4.183,4.393,4.000
4.238,4.486,4.000
4.148,4.426,4.000
4.462,4.799,4.000
4.119,4.465,4.000
4.090,4.468,4.000
4.072,4.484,4.000
4.072,4.520,4.000
4.303,4.814,4.000
3.995,4.505,4.000
3.995,4.540,4.000
3.989,4.570,4.000
4.305,4.971,4.000
3.970,4.621,4.000
3.941,4.623,4.000
3.917,4.632,4.000
4.211,5.020,4.000
3.880,4.662,4.000
4.043,4.896,4.000
3.849,4.699,4.000
3.803,4.680,4.000
3.823,4.743,4.000
4.102,5.130,4.000
3.775,4.759,4.000
3.756,4.774,4.000
4.032,5.165,4.000
3.724,4.810,4.000
3.711,4.832,4.000
3.980,5.225,4.000
3.662,4.847,4.000
3.920,5.231,4.000
3.618,4.868,4.000
3.589,4.868,4.000
3.575,4.889,4.000
3.550,4.896,4.000
3.542,4.925,4.000
3.819,5.354,4.000
3.503,4.952,4.000
3.488,4.973,4.000
3.499,5.030,4.000
3.414,4.949,4.000
3.744,5.473,4.000
3.405,5.020,4.000
3.385,5.033,4.000
3.360,5.039,4.000
3.350,5.067,4.000
3.326,5.073,4.000
3.301,5.078,4.000
3.295,5.114,4.000
3.275,5.127,4.000
3.269,5.162,4.000
3.225,5.137,4.000
3.205,5.150,4.000
3.441,5.577,4.000
3.155,5.160,4.000
3.149,5.195,4.000
3.124,5.199,4.000
3.349,5.623,4.000
3.083,5.224,4.000
3.328,5.690,4.000
3.046,5.256,4.000
3.017,5.252,4.000
2.996,5.264,4.000
2.993,5.306,4.000
2.964,5.303,4.000
2.943,5.314,4.000
2.918,5.318,4.000
2.901,5.337,4.000
3.114,5.783,4.000
2.829,5.305,4.000
2.830,5.355,4.000
2.809,5.366,4.000
2.796,5.393,4.000
2.945,5.737,4.000
2.757,5.423,4.000
2.728,5.418,4.000
2.703,5.420,4.000
2.908,5.890,4.000
2.672,5.465,4.000
2.646,5.468,4.000
2.625,5.478,4.000
2.611,5.505,4.000
2.775,5.910,4.000
2.564,5.517,4.000
2.524,5.486,4.000
2.600,5.710,4.000
2.488,5.522,4.000
2.463,5.524,4.000
2.441,5.534,4.000
2.430,5.568,4.000
2.404,5.569,4.000
2.376,5.562,4.000
2.559,6.058,4.000
2.335,5.589,4.000
2.317,5.606,4.000
2.298,5.623,4.000
2.279,5.640,4.000
2.257,5.649,4.000
2.225,5.633,4.000
2.206,5.650,4.000
2.362,6.120,4.000
2.168,5.684,4.000
2.133,5.659,4.000
2.133,5.726,4.000
2.089,5.676,4.000
2.079,5.717,4.000
2.149,5.984,4.000
2.019,5.692,4.000
2.002,5.716,4.000
2.129,6.155,4.000
1.960,5.740,4.000
2.073,6.149,4.000
1.918,5.764,4.000
1.895,5.771,4.000
2.025,6.248,4.000
1.845,5.769,4.000
1.827,5.793,4.000
1.807,5.809,4.000
1.769,5.765,4.000
1.904,6.295,4.000
1.741,5.838,4.000
1.708,5.811,4.000
1.817,6.271,4.000
1.662,5.824,4.000
1.642,5.839,4.000
1.745,6.300,4.000
1.596,5.852,4.000
1.573,5.858,4.000
1.546,5.847,4.000
1.532,5.888,4.000
1.508,5.894,4.000
1.481,5.882,4.000
1.460,5.897,4.000
1.437,5.902,4.000
1.530,6.396,4.000
1.395,5.931,4.000
1.369,5.927,4.000
1.344,5.924,4.000
1.325,5.947,4.000
1.299,5.943,4.000
1.270,5.922,4.000
1.256,5.971,4.000
1.327,6.433,4.000
1.202,5.945,4.000
1.172,5.915,4.000
1.156,5.955,4.000
1.136,5.977,4.000
1.110,5.972,4.000
1.089,5.985,4.000
1.060,5.963,4.000
1.042,5.994,4.000
1.097,6.460,4.000
0.993,5.993,4.000
0.968,5.988,4.000
0.943,5.983,4.000
0.917,5.969,4.000
0.898,5.999,4.000
0.926,6.357,4.000
0.857,6.050,4.000
0.827,6.009,4.000
0.869,6.503,4.000
0.780,6.015,4.000
0.758,6.036,4.000
0.739,6.074,4.000
0.707,6.007,4.000
0.737,6.487,4.000
0.661,6.030,4.000
0.639,6.041,4.000
0.619,6.079,4.000
0.591,6.046,4.000
0.581,6.187,4.000
0.542,6.033,4.000
0.518,6.035,4.000
0.533,6.507,4.000
0.472,6.047,4.000
0.449,6.058,4.000
0.424,6.051,4.000
0.432,6.522,4.000
0.375,6.027,4.000
0.353,6.056,4.000
0.327,6.012,4.000
0.305,6.040,4.000
0.304,6.545,4.000
0.259,6.087,4.000
0.235,6.088,4.000
0.228,6.572,4.000
0.187,6.072,4.000
0.164,6.117,4.000
0.140,6.100,4.000
0.115,6.074,4.000
0.092,6.083,4.000
0.073,6.584,4.000
0.044,6.083,4.000
0.021,6.399,4.000
-0.004,6.584,4.000
-0.028,6.048,4.000
-0.052,6.092,4.000
-0.082,6.591,4.000
-0.100,6.100,4.000
-0.123,6.073,4.000
-0.147,6.055,4.000
-0.170,6.054,4.000
-0.198,6.159,4.000
-0.236,6.556,4.000
-0.242,6.061,4.000
-0.266,6.060,4.000
-0.313,6.545,4.000
-0.313,6.049,4.000
-0.338,6.065,4.000
-0.357,5.992,4.000
-0.384,6.045,4.000
-0.408,6.052,4.000
-0.468,6.552,4.000
-0.455,6.040,4.000
-0.480,6.056,4.000
-0.498,5.982,4.000
-0.526,6.034,4.000
-0.552,6.058,4.000
-0.573,6.021,4.000
-0.598,6.036,4.000
-0.673,6.534,4.000
-0.649,6.067,4.000
-0.670,6.038,4.000
-0.693,6.026,4.000
-0.720,6.050,4.000
-0.799,6.496,4.000
-0.766,6.035,4.000
-0.786,6.006,4.000
-0.871,6.454,4.000
-0.835,6.008,4.000
-0.867,6.066,4.000
-0.882,6.001,4.000
-0.904,5.989,4.000
-0.932,6.012,4.000
-1.031,6.487,4.000
-0.976,5.987,4.000
-1.002,6.000,4.000
-1.112,6.497,4.000
-1.048,5.984,4.000
-1.078,6.014,4.000
-1.096,5.984,4.000
-1.115,5.953,4.000
-1.236,6.459,4.000
-1.163,5.953,4.000
-1.197,6.001,4.000
-1.210,5.944,4.000
-1.232,5.930,4.000
-1.275,6.020,4.000
-1.384,6.413,4.000
-1.311,5.959,4.000
-1.325,5.910,4.000
-1.362,5.965,4.000
-1.480,6.367,4.000
-1.396,5.903,4.000
-1.419,5.897,4.000
-1.564,6.388,4.000
-1.466,5.886,4.000
-1.489,5.880,4.000
-1.496,5.814,4.000
-1.542,5.894,4.000
-1.569,5.905,4.000
-1.712,6.341,4.000
-1.608,5.867,4.000
-1.631,5.861,4.000
-1.650,5.837,4.000
-1.811,6.314,4.000
-1.693,5.815,4.000
-1.721,5.826,4.000
-1.741,5.811,4.000
-1.759,5.787,4.000
-1.797,5.831,4.000
-1.804,5.773,4.000
-1.843,5.816,4.000
-1.849,5.758,4.000
-1.858,5.708,4.000
-1.908,5.786,4.000
-1.931,5.778,4.000
-1.937,5.720,4.000
-1.965,5.729,4.000
-2.155,6.205,4.000
-2.019,5.739,4.000
-2.020,5.672,4.000
-2.052,5.689,4.000
-2.080,5.698,4.000
-2.105,5.698,4.000
-2.134,5.706,4.000
-2.156,5.698,4.000
-2.169,5.665,4.000
-2.188,5.648,4.000
-2.397,6.115,4.000
-2.232,5.630,4.000
-2.261,5.638,4.000
-2.287,5.637,4.000
-2.499,6.091,4.000
-2.344,5.652,4.000
-2.543,6.064,4.000
-2.375,5.601,4.000
-2.397,5.592,4.000
-2.408,5.558,4.000
-2.622,5.988,4.000
-2.470,5.579,4.000
-2.477,5.537,4.000
-2.484,5.495,4.000
-2.520,5.517,4.000
-2.546,5.515,4.000
-2.560,5.489,4.000
-2.581,5.479,4.000
-2.603,5.469,4.000
-2.617,5.443,4.000
-2.859,5.887,4.000
-2.671,5.446,4.000
-2.692,5.435,4.000
-2.710,5.417,4.000
-2.933,5.806,4.000
-2.752,5.395,4.000
-2.790,5.416,4.000
-2.799,5.382,4.000
-2.832,5.394,4.000
-2.853,5.383,4.000
-2.874,5.372,4.000
-3.018,5.587,4.000
-2.899,5.318,4.000
-2.916,5.299,4.000
-2.967,5.341,4.000
-2.944,5.252,4.000
-2.987,5.279,4.000
-3.003,5.260,4.000
-3.259,5.657,4.000
-3.058,5.259,4.000
-3.312,5.645,4.000
-3.090,5.220,4.000
-3.124,5.230,4.000
-3.390,5.626,4.000
-3.151,5.183,4.000
-3.176,5.178,4.000
-3.192,5.158,4.000
-3.478,5.572,4.000
-3.227,5.125,4.000
-3.513,5.531,4.000
-3.301,5.152,4.000
-3.302,5.109,4.000
-3.308,5.074,4.000
-3.327,5.061,4.000
-3.367,5.078,4.000
-3.367,5.035,4.000
-3.392,5.029,4.000
-3.411,5.016,4.000
-3.431,5.002,4.000
-3.451,4.989,4.000
-3.726,5.342,4.000
-3.495,4.969,4.000
-3.520,4.962,4.000
-3.534,4.941,4.000
-3.645,5.054,4.000
-3.552,4.884,4.000
-3.633,4.956,4.000
-3.627,4.906,4.000
-3.641,4.885,4.000
-3.649,4.856,4.000
-3.981,5.254,4.000
-3.693,4.835,4.000
-3.706,4.813,4.000
-3.736,4.813,4.000
-4.063,5.191,4.000
-3.763,4.769,4.000
-3.776,4.747,4.000
-3.800,4.739,4.000
-4.129,5.108,4.000
-3.826,4.696,4.000
-3.883,4.729,4.000
-3.896,4.706,4.000
-3.898,4.671,4.000
-3.916,4.655,4.000
-3.934,4.640,4.000
-3.953,4.625,4.000
-3.953,4.589,4.000
-4.322,4.977,4.000
-3.989,4.558,4.000
-4.007,4.542,4.000
-4.031,4.533,4.000
-4.282,4.778,4.000
-4.066,4.501,4.000
-4.401,4.833,4.000
-4.107,4.476,4.000
-4.119,4.453,4.000
-4.516,4.844,4.000
-4.503,4.792,4.000
-4.183,4.417,4.000
-4.207,4.407,4.000
-4.559,4.739,4.000
-4.254,4.386,4.000
-4.258,4.357,4.000
-4.282,4.347,4.000
-4.280,4.311,4.000
-4.303,4.300,4.000
-4.659,4.619,4.000
-4.330,4.260,4.000
-4.712,4.599,4.000
-4.364,4.226,4.000
-4.399,4.227,4.000
-4.435,4.228,4.000
-4.420,4.181,4.000
-4.436,4.163,4.000
-4.719,4.394,4.000
-4.813,4.446,4.000
-4.472,4.099,4.000
-4.501,4.093,4.000
-4.490,4.051,4.000
-4.912,4.397,4.000
-4.562,4.051,4.000
-4.571,4.028,4.000
-4.567,3.992,4.000
-4.609,3.997,4.000
-4.612,3.968,4.000
-4.627,3.950,4.000
-4.622,3.914,4.000
-4.672,3.925,4.000
-5.052,4.210,4.000
-4.702,3.888,4.000
-4.711,3.864,4.000
-4.726,3.845,4.000
-5.148,4.155,4.000
-4.742,3.797,4.000
-5.168,4.105,4.000
-4.834,3.809,4.000
-4.807,3.757,4.000
-4.822,3.738,4.000
-4.830,3.714,4.000
-4.851,3.700,4.000
-4.873,3.686,4.000
-4.880,3.662,4.000
-4.901,3.648,4.000
-4.923,3.634,4.000
-4.894,3.583,4.000
-4.937,3.585,4.000
-4.951,3.566,4.000
-5.358,3.827,4.000
-4.993,3.537,4.000
-5.000,3.512,4.000
-5.021,3.497,4.000
-5.424,3.747,4.000
-5.019,3.438,4.000
-5.032,3.418,4.000
-5.454,3.674,4.000
-5.066,3.384,4.000
-5.124,3.393,4.000
-5.115,3.358,4.000
-5.099,3.319,4.000
-5.089,3.284,4.000
-5.109,3.269,4.000
-5.137,3.259,4.000
-5.187,3.262,4.000
-5.567,3.470,4.000
-5.183,3.203,4.000
-5.188,3.178,4.000
-5.392,3.274,4.000
-5.205,3.132,4.000
-5.240,3.125,4.000
-5.214,3.082,4.000
-5.272,3.088,4.000
-5.307,3.081,4.000
-5.700,3.279,4.000
-5.692,3.245,4.000
-5.312,3.001,4.000
-5.324,2.980,4.000
-5.297,2.938,4.000
-5.347,2.938,4.000
-5.335,2.905,4.000
-5.378,2.900,4.000
-5.366,2.867,4.000
-5.361,2.837,4.000
-5.404,2.833,4.000
-5.815,3.019,4.000
-5.378,2.766,4.000
-5.888,2.999,4.000
-5.440,2.744,4.000
-5.450,2.722,4.000
-5.453,2.697,4.000
-5.448,2.668,4.000
-5.490,2.662,4.000
-5.493,2.636,4.000
-5.503,2.615,4.000
-5.537,2.604,4.000
-5.882,2.739,4.000
-5.557,2.561,4.000
-5.575,2.543,4.000
-5.585,2.521,4.000
-5.587,2.495,4.000
-5.573,2.463,4.000
-5.598,2.448,4.000
-6.043,2.614,4.000
-5.609,2.400,4.000
-5.586,2.364,4.000
-5.620,2.353,4.000
-5.629,2.331,4.000
-5.646,2.312,4.000
-5.939,2.405,4.000
-5.689,2.277,4.000
-5.665,2.242,4.000
-5.747,2.248,4.000
-5.682,2.197,4.000
-5.674,2.169,4.000
-5.691,2.150,4.000
-5.724,2.137,4.000
-5.691,2.099,4.000
-5.716,2.082,4.000
-5.741,2.066,4.000
-6.219,2.210,4.000
-5.757,2.021,4.000
-5.748,1.992,4.000
-5.756,1.970,4.000
-6.200,2.095,4.000
-5.780,1.927,4.000
-5.770,1.899,4.000
-5.786,1.879,4.000
-5.802,1.859,4.000
-6.285,1.987,4.000
-5.816,1.814,4.000
-5.798,1.783,4.000
-5.839,1.770,4.000
-6.147,1.838,4.000
-5.844,1.722,4.000
-5.876,1.706,4.000
-5.857,1.676,4.000
-5.864,1.653,4.000
-5.862,1.628,4.000
-5.842,1.598,4.000
-5.891,1.586,4.000
-6.447,1.709,4.000
-5.861,1.529,4.000
-5.927,1.521,4.000
-5.907,1.491,4.000
-5.921,1.470,4.000
-6.472,1.580,4.000
-5.916,1.420,4.000
-5.921,1.396,4.000
-6.345,1.470,4.000
-5.958,1.356,4.000
-5.937,1.327,4.000
-5.934,1.301,4.000
-6.272,1.350,4.000
-5.970,1.260,4.000
-5.975,1.237,4.000
-5.979,1.213,4.000
-6.442,1.281,4.000
-5.980,1.165,4.000
-6.054,1.154,4.000
-5.989,1.118,4.000
-5.976,1.091,4.000
-6.032,1.077,4.000
-6.689,1.167,4.000
-6.015,1.025,4.000
-6.062,1.009,4.000
-6.022,0.978,4.000
-6.044,0.957,4.000
-6.004,0.926,4.000
-6.154,0.925,4.000
-6.028,0.882,4.000
-6.032,0.858,4.000
-6.079,0.840,4.000
-6.260,0.841,4.000
-6.033,0.786,4.000
-6.062,0.766,4.000
-6.628,0.811,4.000
-6.059,0.717,4.000
-6.000,0.686,4.000
-6.056,0.668,4.000
-5.996,0.638,4.000
-6.122,0.627,4.000
-6.552,0.645,4.000
-6.074,0.574,4.000
-6.094,0.552,4.000
-6.567,0.569,4.000
-6.089,0.503,4.000
-6.100,0.480,4.000
-6.093,0.455,4.000
-6.575,0.465,4.000
-6.061,0.405,4.000
-6.063,0.381,4.000
-6.588,0.388,4.000
-6.074,0.334,4.000
-6.076,0.310,4.000
-6.068,0.286,4.000
-6.078,0.263,4.000
-6.105,0.240,4.000
-6.572,0.232,4.000
-6.036,0.190,4.000
-6.117,0.168,4.000
-6.073,0.143,4.000
-6.091,0.120,4.000
-6.552,0.103,4.000
-6.512,0.077,4.000
-6.012,0.047,4.000
-6.021,0.024,4.000
-6.030,0.000,4.000
-6.048,-0.024,4.000
-6.119,-0.048,4.000
-6.021,-0.071,4.000
-6.011,-0.094,4.000
-5.993,-0.118,4.000
-6.598,-0.155,4.000
-6.010,-0.165,4.000
-6.081,-0.191,4.000
-6.080,-0.215,4.000
-6.088,-0.239,4.000
-6.122,-0.264,4.000
-6.086,-0.287,4.000
-6.076,-0.310,4.000
-6.110,-0.336,4.000
-6.108,-0.360,4.000
-6.080,-0.382,4.000
-6.070,-0.406,4.000
-6.068,-0.429,4.000
-6.550,-0.489,4.000
-6.135,-0.483,4.000
-6.116,-0.505,4.000
-6.070,-0.525,4.000
-6.059,-0.548,4.000
-6.074,-0.574,4.000
-6.063,-0.597,4.000
-6.070,-0.622,4.000
-6.067,-0.645,4.000
-6.038,-0.666,4.000
-6.044,-0.691,4.000
-6.068,-0.718,4.000
-6.082,-0.744,4.000
-6.044,-0.763,4.000
-6.059,-0.789,4.000
-6.047,-0.812,4.000
-6.026,-0.833,4.000
-6.023,-0.857,4.000
-6.072,-0.888,4.000
-6.034,-0.907,4.000
-6.021,-0.929,4.000
-6.026,-0.954,4.000
-6.066,-0.985,4.000
-5.992,-0.997,4.000
-6.015,-1.025,4.000
-5.993,-1.045,4.000
-6.451,-1.151,4.000
-5.993,-1.094,4.000
-5.998,-1.119,4.000
-5.976,-1.139,4.000
-5.971,-1.163,4.000
-5.993,-1.191,4.000
-6.476,-1.314,4.000
-5.957,-1.233,4.000
-5.944,-1.255,4.000
-6.008,-1.293,4.000
-5.942,-1.303,4.000
-5.946,-1.328,4.000
-5.941,-1.352,4.000
-5.944,-1.377,4.000
-6.401,-1.509,4.000
-5.933,-1.424,4.000
-5.919,-1.445,4.000
-5.904,-1.466,4.000
-5.899,-1.489,4.000
-5.893,-1.512,4.000
-6.340,-1.654,4.000
-5.881,-1.558,4.000
-5.866,-1.579,4.000
-5.902,-1.614,4.000
-6.411,-1.780,4.000
-5.864,-1.653,4.000
-5.900,-1.688,4.000
-5.893,-1.711,4.000
-6.285,-1.852,4.000
-5.837,-1.745,4.000
-5.830,-1.768,4.000
-6.316,-1.942,4.000
-5.833,-1.819,4.000
-5.809,-1.836,4.000
-5.835,-1.870,4.000
-5.761,-1.871,4.000
-6.262,-2.061,4.000
-5.754,-1.919,4.000
-5.747,-1.941,4.000
-6.185,-2.116,4.000
-5.781,-2.004,4.000
-6.100,-2.141,4.000
-5.741,-2.040,4.000
-5.724,-2.060,4.000
-5.708,-2.079,4.000
-5.683,-2.095,4.000
-5.708,-2.130,4.000
-6.137,-2.318,4.000
-5.658,-2.162,4.000
-5.658,-2.188,4.000
-6.102,-2.387,4.000
-5.673,-2.245,4.000
-5.598,-2.241,4.000
-5.631,-2.280,4.000
-5.614,-2.298,4.000
-5.613,-2.324,4.000
-6.044,-2.530,4.000
-5.594,-2.368,4.000
-5.552,-2.376,4.000
-6.021,-2.604,4.000
-5.558,-2.430,4.000
-5.540,-2.448,4.000
-5.579,-2.491,4.000
-5.545,-2.502,4.000
-5.527,-2.520,4.000
-5.501,-2.535,4.000
-5.507,-2.564,4.000
-5.965,-2.805,4.000
-5.479,-2.603,4.000
-5.461,-2.621,4.000
-5.474,-2.654,4.000
-5.440,-2.664,4.000
-5.437,-2.689,4.000
-5.435,-2.714,4.000
-5.975,-3.014,4.000
-5.413,-2.757,4.000
-5.363,-2.757,4.000
-5.407,-2.807,4.000
-5.804,-3.042,4.000
-5.369,-2.841,4.000
-5.342,-2.854,4.000
-5.355,-2.888,4.000
-5.328,-2.900,4.000
-5.332,-2.930,4.000
-5.305,-2.942,4.000
-5.285,-2.958,4.000
-5.266,-2.975,4.000
-5.277,-3.009,4.000
-5.266,-3.029,4.000
-5.246,-3.045,4.000
-5.242,-3.070,4.000
-5.661,-3.346,4.000
-5.432,-3.240,4.000
-5.205,-3.132,4.000
-5.208,-3.162,4.000
-5.165,-3.163,4.000
-5.287,-3.267,4.000
-5.140,-3.204,4.000
-5.105,-3.210,4.000
-5.115,-3.244,4.000
-5.139,-3.288,4.000
-5.126,-3.308,4.000
-5.128,-3.338,4.000
-5.418,-3.557,4.000
-5.058,-3.349,4.000
-5.044,-3.369,4.000
-5.474,-3.687,4.000
-5.354,-3.637,4.000
-5.019,-3.438,4.000
-5.006,-3.458,4.000
-4.992,-3.477,4.000
-5.050,-3.547,4.000
-4.964,-3.516,4.000
-4.987,-3.561,4.000
-4.951,-3.565,4.000
-4.923,-3.574,4.000
-4.916,-3.599,4.000
-4.902,-3.618,4.000
-4.859,-3.616,4.000
-4.880,-3.662,4.000
-4.859,-3.676,4.000
-4.837,-3.689,4.000
-4.816,-3.703,4.000
-4.822,-3.738,4.000
-4.842,-3.784,4.000
-4.786,-3.770,4.000
-4.764,-3.784,4.000
-4.783,-3.830,4.000
-5.093,-4.110,4.000
-4.726,-3.845,4.000
-4.697,-3.852,4.000
-5.074,-4.195,4.000
-4.673,-3.895,4.000
-5.041,-4.235,4.000
-4.970,-4.209,4.000
-4.627,-3.950,4.000
-4.605,-3.962,4.000
-4.603,-3.992,4.000
-5.010,-4.379,4.000
-4.545,-4.004,4.000
-4.536,-4.028,4.000
-4.526,-4.051,4.000
-4.889,-4.410,4.000
-4.507,-4.099,4.000
-4.491,-4.116,4.000
-4.469,-4.128,4.000
-4.778,-4.449,4.000
-4.436,-4.163,4.000
-4.445,-4.205,4.000
-4.403,-4.198,4.000
-4.719,-4.534,4.000
-4.389,-4.251,4.000
-4.385,-4.280,4.000
-4.349,-4.279,4.000
-4.320,-4.283,4.000
-4.328,-4.325,4.000
-4.628,-4.661,4.000
-4.269,-4.334,4.000
-4.283,-4.382,4.000
-4.254,-4.386,4.000
-4.560,-4.739,4.000
-4.207,-4.407,4.000
-4.202,-4.436,4.000
-4.525,-4.815,4.000
-4.155,-4.456,4.000
-4.143,-4.479,4.000
-4.484,-4.885,4.000
-4.102,-4.505,4.000
-4.078,-4.514,4.000
-4.131,-4.608,4.000
-4.060,-4.566,4.000
-4.031,-4.568,4.000
-4.019,-4.591,4.000
-4.207,-4.844,4.000
-3.971,-4.609,4.000
-3.947,-4.618,4.000
-3.952,-4.660,4.000
-3.922,-4.662,4.000
-3.875,-4.643,4.000
-3.897,-4.706,4.000
-3.884,-4.728,4.000
-3.837,-4.709,4.000
-4.129,-5.108,4.000
-3.789,-4.725,4.000
-3.781,-4.754,4.000
-4.083,-5.175,4.000
-3.744,-4.784,4.000
-3.731,-4.805,4.000
-3.712,-4.820,4.000
-3.698,-4.842,4.000
-3.690,-4.870,4.000
-3.660,-4.871,4.000
-3.651,-4.899,4.000
-3.622,-4.899,4.000
-3.597,-4.906,4.000
-3.609,-4.963,4.000
-3.569,-4.949,4.000
-3.565,-4.984,4.000
-3.520,-4.962,4.000
-3.454,-4.910,4.000
-3.481,-4.989,4.000
-3.431,-4.959,4.000
-3.680,-5.364,4.000
-3.361,-4.941,4.000
-3.402,-5.044,4.000
-3.647,-5.453,4.000
-3.342,-5.040,4.000
-3.303,-5.023,4.000
-3.565,-5.469,4.000
-3.268,-5.057,4.000
-3.253,-5.077,4.000
-3.539,-5.571,4.000
-3.223,-5.118,4.000
-3.198,-5.123,4.000
-3.173,-5.128,4.000
-3.144,-5.125,4.000
-3.156,-5.191,4.000
-3.366,-5.585,4.000
-3.046,-5.099,4.000
-3.067,-5.181,4.000
-3.042,-5.185,4.000
-3.017,-5.189,4.000
-3.037,-5.271,4.000
-3.003,-5.260,4.000
-2.947,-5.209,4.000
-2.944,-5.252,4.000
-2.911,-5.240,4.000
-2.912,-5.291,4.000
-3.060,-5.611,4.000
-2.862,-5.298,4.000
-2.819,-5.269,4.000
-3.050,-5.754,4.000
-2.799,-5.331,4.000
-2.774,-5.334,4.000
-2.979,-5.783,4.000
-2.740,-5.371,4.000
-2.739,-5.422,4.000
-2.678,-5.352,4.000
-2.669,-5.387,4.000
-2.652,-5.406,4.000
-2.856,-5.880,4.000
-2.601,-5.410,4.000
-2.588,-5.437,4.000
-2.570,-5.455,4.000
-2.553,-5.473,4.000
-2.527,-5.475,4.000
-2.498,-5.468,4.000
-2.480,-5.486,4.000
-2.474,-5.529,4.000
-2.640,-5.963,4.000
-2.412,-5.507,4.000
-2.401,-5.541,4.000
-2.572,-6.001,4.000
-2.365,-5.576,4.000
-2.325,-5.544,4.000
-2.307,-5.562,4.000
-2.285,-5.571,4.000
-2.260,-5.571,4.000
-2.245,-5.597,4.000
-2.213,-5.580,4.000
-2.197,-5.606,4.000
-2.344,-6.050,4.000
-2.332,-6.090,4.000
-2.134,-5.640,4.000
-2.112,-5.648,4.000
-2.081,-5.631,4.000
-2.242,-6.140,4.000
-2.040,-5.655,4.000
-2.017,-5.663,4.000
-1.995,-5.671,4.000
-1.982,-5.705,4.000
-2.121,-6.183,4.000
-1.928,-5.694,4.000
-1.888,-5.650,4.000
-1.886,-5.718,4.000
-2.006,-6.162,4.000
-1.838,-5.724,4.000
-1.830,-5.774,4.000
-1.793,-5.738,4.000
-1.883,-6.108,4.000
-1.754,-5.769,4.000
-1.728,-5.768,4.000
-1.706,-5.774,4.000
-1.678,-5.764,4.000
-1.796,-6.260,4.000
-1.638,-5.794,4.000
-1.615,-5.800,4.000
-1.718,-6.266,4.000
-1.567,-5.804,4.000
-1.551,-5.836,4.000
-1.656,-6.332,4.000
-1.501,-5.831,4.000
-1.480,-5.846,4.000
-1.453,-5.834,4.000
-1.434,-5.857,4.000
-1.526,-6.340,4.000
-1.382,-5.842,4.000
-1.355,-5.830,4.000
-1.340,-5.870,4.000
-1.317,-5.875,4.000
-1.294,-5.880,4.000
-1.269,-5.877,4.000
-1.350,-6.371,4.000
-1.230,-5.922,4.000
-1.200,-5.891,4.000
-1.274,-6.387,4.000
-1.153,-5.900,4.000
-1.132,-5.914,4.000
-1.112,-5.936,4.000
-1.084,-5.914,4.000
-1.152,-6.426,4.000
-1.111,-6.344,4.000
-1.014,-5.926,4.000
-0.992,-5.939,4.000
-0.970,-5.951,4.000
-0.948,-5.964,4.000
-0.921,-5.941,4.000
-0.896,-5.936,4.000
-0.874,-5.948,4.000
-0.922,-6.447,4.000
-0.824,-5.928,4.000
-0.806,-5.976,4.000
-0.781,-5.961,4.000
-0.756,-5.955,4.000
-0.737,-5.994,4.000
-0.716,-6.014,4.000
-0.688,-5.982,4.000
-0.663,-5.966,4.000
-0.671,-6.264,4.000
-0.618,-5.998,4.000
-0.591,-5.965,4.000
-0.573,-6.021,4.000
-0.592,-6.486,4.000
-0.523,-5.998,4.000
-0.498,-5.982,4.000
-0.479,-6.038,4.000
-0.485,-6.438,4.000
-0.424,-5.933,4.000
-0.400,-5.926,4.000
-0.380,-5.973,4.000
-0.384,-6.445,4.000
-0.331,-5.939,4.000
-0.307,-5.931,4.000
-0.282,-5.896,4.000
-0.261,-5.943,4.000
-0.238,-5.953,4.000
-0.215,-5.981,4.000
-0.190,-5.909,4.000
-0.167,-5.937,4.000
-0.144,-5.947,4.000
-0.120,-5.910,4.000
-0.097,-5.938,4.000
-0.074,-5.966,4.000
-0.051,-5.939,4.000
-0.027,-5.893,4.000
-0.004,-6.039,4.000
0.019,-5.939,4.000
0.042,-5.921,4.000
0.066,-5.930,4.000
0.089,-5.957,4.000
0.114,-6.020,4.000
0.135,-5.892,4.000
0.159,-5.946,4.000
0.183,-5.946,4.000
0.205,-5.908,4.000
0.230,-5.953,4.000
0.274,-6.443,4.000
0.276,-5.942,4.000
0.299,-5.932,4.000
0.322,-5.921,4.000
0.375,-6.437,4.000
0.370,-5.946,4.000
0.389,-5.880,4.000
0.412,-5.879,4.000
0.476,-6.431,4.000
0.462,-5.930,4.000
0.485,-5.919,4.000
0.510,-5.936,4.000
0.531,-5.915,4.000
0.556,-5.932,4.000
0.577,-5.902,4.000
0.599,-5.890,4.000
0.624,-5.906,4.000
0.699,-6.378,4.000
0.673,-5.919,4.000
0.695,-5.908,4.000
0.717,-5.896,4.000
0.741,-5.902,4.000
0.763,-5.890,4.000
0.790,-5.914,4.000
0.806,-5.856,4.000
0.831,-5.871,4.000
0.856,-5.877,4.000
0.880,-5.883,4.000
0.978,-6.366,4.000
0.923,-5.858,4.000
0.942,-5.827,4.000
0.972,-5.868,4.000
1.079,-6.357,4.000
1.014,-5.833,4.000
1.035,-5.820,4.000
1.063,-5.843,4.000
1.091,-5.866,4.000
1.100,-5.790,4.000
1.224,-6.306,4.000
1.165,-5.880,4.000
1.184,-5.857,4.000
1.200,-5.817,4.000
1.223,-5.812,4.000
1.251,-5.834,4.000
1.270,-5.811,4.000
1.289,-5.788,4.000
1.314,-5.792,4.000
1.353,-5.858,4.000
1.494,-6.355,4.000
1.510,-6.311,4.000
1.407,-5.780,4.000
1.440,-5.818,4.000
1.452,-5.768,4.000
1.613,-6.302,4.000
1.502,-5.775,4.000
1.536,-5.812,4.000
1.561,-5.815,4.000
1.584,-5.809,4.000
1.602,-5.785,4.000
1.639,-5.831,4.000
1.657,-5.807,4.000
1.668,-5.757,4.000
1.698,-5.777,4.000
1.863,-6.249,4.000
1.741,-5.755,4.000
1.760,-5.739,4.000
1.807,-5.809,4.000
1.959,-6.211,4.000
1.833,-5.735,4.000
1.850,-5.711,4.000
1.881,-5.729,4.000
2.059,-6.187,4.000
1.935,-5.740,4.000
1.931,-5.655,4.000
1.965,-5.682,4.000
1.987,-5.674,4.000
2.007,-5.658,4.000
2.047,-5.700,4.000
2.060,-5.667,4.000
2.073,-5.634,4.000
2.095,-5.625,4.000
2.133,-5.659,4.000
2.142,-5.617,4.000
2.132,-5.524,4.000
2.183,-5.592,4.000
2.222,-5.625,4.000
2.404,-6.018,4.000
2.225,-5.507,4.000
2.250,-5.506,4.000
2.317,-5.606,4.000
2.335,-5.589,4.000
2.315,-5.480,4.000
2.365,-5.537,4.000
2.365,-5.478,4.000
2.408,-5.518,4.000
2.430,-5.509,4.000
2.403,-5.391,4.000
2.447,-5.432,4.000
2.495,-5.480,4.000
2.512,-5.462,4.000
2.534,-5.452,4.000
2.563,-5.458,4.000
2.760,-5.819,4.000
2.594,-5.414,4.000
2.579,-5.330,4.000
2.648,-5.417,4.000
2.872,-5.818,4.000
2.646,-5.307,4.000
2.683,-5.329,4.000
2.733,-5.375,4.000
2.721,-5.300,4.000
2.767,-5.338,4.000
2.792,-5.335,4.000
2.800,-5.300,4.000
2.859,-5.360,4.000
2.842,-5.278,4.000
2.888,-5.314,4.000
3.136,-5.717,4.000
2.908,-5.252,4.000
2.950,-5.279,4.000
2.953,-5.237,4.000
2.987,-5.248,4.000
3.240,-5.641,4.000
3.006,-5.186,4.000
3.040,-5.197,4.000
3.065,-5.193,4.000
3.344,-5.616,4.000
3.110,-5.177,4.000
3.121,-5.149,4.000
3.160,-5.167,4.000
3.428,-5.556,4.000
3.177,-5.104,4.000
3.197,-5.092,4.000
3.222,-5.087,4.000
3.506,-5.488,4.000
3.281,-5.091,4.000
3.315,-5.101,4.000
3.335,-5.088,4.000
3.631,-5.492,4.000
3.375,-5.061,4.000
3.478,-5.171,4.000
3.420,-5.042,4.000
3.440,-5.029,4.000
3.464,-5.022,4.000
3.499,-5.030,4.000
3.498,-4.988,4.000
3.533,-4.996,4.000
3.538,-4.960,4.000
3.552,-4.939,4.000
3.597,-4.961,4.000
3.596,-4.918,4.000
3.610,-4.897,4.000
3.937,-5.297,4.000
3.637,-4.854,4.000
3.678,-4.868,4.000
3.697,-4.854,4.000
4.000,-5.210,4.000
3.724,-4.811,4.000
3.748,-4.803,4.000
3.773,-4.795,4.000
4.091,-5.158,4.000
3.816,-4.772,4.000
3.823,-4.743,4.000
3.836,-4.721,4.000
3.860,-4.713,4.000
3.879,-4.698,4.000
3.880,-4.662,4.000
3.904,-4.654,4.000
3.940,-4.659,4.000
3.946,-4.630,4.000
3.988,-4.641,4.000
3.977,-4.592,4.000
4.018,-4.603,4.000
4.024,-4.574,4.000
4.042,-4.558,4.000
4.066,-4.549,4.000
4.072,-4.520,4.000
4.090,-4.504,4.000
4.137,-4.520,4.000
4.459,-4.833,4.000
4.118,-4.429,4.000
4.160,-4.439,4.000
4.147,-4.390,4.000
4.225,-4.438,4.000
4.212,-4.390,4.000
4.179,-4.322,4.000
4.209,-4.318,4.000
4.575,-4.657,4.000
4.255,-4.298,4.000
4.260,-4.268,4.000
4.263,-4.239,4.000
4.261,-4.203,4.000
4.290,-4.199,4.000
4.672,-4.537,4.000
4.387,-4.227,4.000
4.352,-4.160,4.000
4.388,-4.162,4.000
4.755,-4.474,4.000
4.807,-4.488,4.000
4.411,-4.085,4.000
4.420,-4.062,4.000
4.449,-4.057,4.000
4.418,-3.997,4.000
4.501,-4.040,4.000
4.876,-4.342,4.000
4.499,-3.975,4.000
4.514,-3.957,4.000
4.933,-4.289,4.000
4.931,-4.254,4.000
4.554,-3.898,4.000
4.590,-3.897,4.000
4.605,-3.879,4.000
5.004,-4.181,4.000
4.635,-3.843,4.000
4.622,-3.802,4.000
4.665,-3.806,4.000
5.075,-4.107,4.000
4.681,-3.758,4.000
4.717,-3.757,4.000
5.123,-4.047,4.000
4.718,-3.697,4.000
4.761,-3.701,4.000
4.703,-3.627,4.000
5.160,-3.947,4.000
5.131,-3.893,4.000
4.782,-3.599,4.000
4.774,-3.563,4.000
4.781,-3.539,4.000
4.974,-3.652,4.000
4.823,-3.512,4.000
4.815,-3.477,4.000
4.821,-3.453,4.000
4.849,-3.445,4.000
4.937,-3.478,4.000
4.869,-3.401,4.000
4.897,-3.393,4.000
4.873,-3.347,4.000
4.901,-3.339,4.000
4.929,-3.330,4.000
5.120,-3.429,4.000
4.932,-3.276,4.000
4.960,-3.266,4.000
5.027,-3.282,4.000
4.939,-3.197,4.000
4.999,-3.208,4.000
5.019,-3.193,4.000
5.008,-3.158,4.000
5.036,-3.149,4.000
5.025,-3.114,4.000
5.474,-3.363,4.000
5.065,-3.084,4.000
5.053,-3.050,4.000
5.097,-3.049,4.000
5.540,-3.285,4.000
5.089,-2.990,4.000
5.172,-3.012,4.000
5.144,-2.969,4.000
5.172,-2.958,4.000
5.183,-2.937,4.000
5.171,-2.903,4.000
5.254,-2.923,4.000
5.257,-2.898,4.000
5.284,-2.886,4.000
5.296,-2.865,4.000
5.439,-2.915,4.000
5.724,-3.039,4.000
5.337,-2.807,4.000
5.324,-2.773,4.000
5.830,-3.008,4.000
5.362,-2.740,4.000
5.388,-2.727,4.000
5.407,-2.710,4.000
5.848,-2.902,4.000
5.388,-2.647,4.000
5.406,-2.630,4.000
5.489,-2.644,4.000
5.900,-2.813,4.000
5.502,-2.597,4.000
5.552,-2.594,4.000
5.530,-2.557,4.000
6.008,-2.750,4.000
5.550,-2.514,4.000
5.584,-2.503,4.000
5.520,-2.448,4.000
5.675,-2.490,4.000
6.018,-2.613,4.000
5.614,-2.411,4.000
5.632,-2.393,4.000
5.633,-2.367,4.000
5.634,-2.342,4.000
5.643,-2.319,4.000
5.611,-2.280,4.000
5.686,-2.285,4.000
5.993,-2.381,4.000
6.136,-2.410,4.000
5.688,-2.208,4.000
5.680,-2.179,4.000
5.697,-2.160,4.000
6.121,-2.294,4.000
5.680,-2.103,4.000
5.713,-2.090,4.000
5.730,-2.071,4.000
5.972,-2.132,4.000
5.804,-2.046,4.000
5.762,-2.006,4.000
5.753,-1.978,4.000
5.752,-1.952,4.000
6.258,-2.096,4.000
5.734,-1.896,4.000
5.784,-1.887,4.000
5.791,-1.864,4.000
6.290,-1.998,4.000
5.831,-1.827,4.000
5.812,-1.796,4.000
5.811,-1.770,4.000
6.033,-1.812,4.000
5.850,-1.732,4.000
5.899,-1.722,4.000
5.847,-1.681,4.000
5.845,-1.656,4.000
6.372,-1.778,4.000
5.866,-1.613,4.000
5.881,-1.592,4.000
5.878,-1.566,4.000
5.893,-1.546,4.000
5.839,-1.507,4.000
6.359,-1.614,4.000
5.842,-1.459,4.000
5.830,-1.432,4.000
5.853,-1.413,4.000
5.806,-1.377,4.000
5.873,-1.369,4.000
5.860,-1.342,4.000
5.821,-1.309,4.000
5.880,-1.298,4.000
6.262,-1.356,4.000
5.898,-1.253,4.000
5.912,-1.232,4.000
5.899,-1.205,4.000
5.868,-1.175,4.000
5.900,-1.157,4.000
6.412,-1.231,4.000
5.917,-1.112,4.000
5.913,-1.088,4.000
5.944,-1.069,4.000
6.407,-1.127,4.000
5.934,-1.019,4.000
5.929,-0.995,4.000
5.888,-0.964,4.000
5.955,-0.951,4.000
5.887,-0.916,4.000
5.917,-0.897,4.000
5.839,-0.862,4.000
5.861,-0.842,4.000
5.963,-0.833,4.000
5.894,-0.799,4.000
5.907,-0.778,4.000
5.864,-0.749,4.000
6.392,-0.790,4.000
5.906,-0.707,4.000
5.918,-0.685,4.000
5.893,-0.658,4.000
5.896,-0.635,4.000
5.898,-0.612,4.000
6.408,-0.640,4.000
6.229,-0.597,4.000
5.914,-0.543,4.000
5.907,-0.519,4.000
5.928,-0.498,4.000
6.444,-0.516,4.000
5.895,-0.448,4.000
6.440,-0.464,4.000
5.953,-0.406,4.000
6.000,-0.385,4.000
5.928,-0.357,4.000
6.446,-0.363,4.000
5.995,-0.314,4.000
5.996,-0.291,4.000
6.006,-0.268,4.000
5.989,-0.243,4.000
6.008,-0.220,4.000
6.445,-0.211,4.000
6.010,-0.173,4.000
5.983,-0.149,4.000
6.527,-0.137,4.000
5.984,-0.102,4.000
6.011,-0.079,4.000
5.865,-0.054,4.500
6.012,-0.032,4.500
6.505,-0.009,4.500
6.039,0.016,4.500
6.030,0.039,4.500
6.012,0.063,4.500
6.029,0.087,4.500
6.029,0.110,4.500
5.992,0.133,4.500
6.542,0.171,4.500
6.036,0.181,4.500
6.009,0.204,4.500
6.026,0.229,4.500
6.007,0.251,4.500
6.015,0.275,4.500
6.481,0.322,4.500
6.003,0.322,4.500
6.038,0.348,4.500
6.508,0.401,4.500
6.035,0.395,4.500
5.998,0.416,4.500
6.005,0.441,4.500
6.012,0.465,4.500
6.515,0.529,4.500
5.963,0.508,4.500
5.988,0.534,4.500
5.986,0.557,4.500
6.474,0.629,4.500
5.982,0.604,4.500
5.988,0.629,4.500
5.977,0.651,4.500
6.001,0.678,4.500
5.998,0.701,4.500
5.995,0.725,4.500
6.470,0.808,4.500
5.963,0.769,4.500
6.448,0.857,4.500
5.965,0.817,4.500
5.962,0.840,4.500
5.950,0.862,4.500
5.929,0.883,4.500
5.952,0.910,4.500
5.930,0.931,4.500
5.927,0.954,4.500
5.923,0.977,4.500
5.946,1.005,4.500
5.951,1.030,4.500
5.920,1.048,4.500
6.081,1.102,4.500
5.849,1.083,4.500
5.818,1.101,4.500
5.876,1.136,4.500
5.933,1.171,4.500
5.885,1.186,4.500
6.340,1.303,4.500
5.893,1.236,4.500
5.870,1.255,4.500
6.089,1.327,4.500
5.869,1.303,4.500
5.916,1.338,4.500
5.859,1.349,4.500
5.862,1.374,4.500
5.848,1.395,4.500
5.842,1.418,4.500
5.872,1.449,4.500
5.857,1.470,4.500
5.834,1.489,4.500
5.837,1.514,4.500
6.298,1.660,4.500
5.746,1.539,4.500
5.810,1.580,4.500
5.821,1.608,4.500
6.271,1.759,4.500
5.791,1.649,4.500
5.776,1.669,4.500
6.180,1.812,4.500
5.771,1.717,4.500
6.243,1.884,4.500
5.723,1.751,4.500
5.768,1.790,4.500
6.213,1.955,4.500
6.426,2.050,4.500
5.738,1.855,4.500
5.722,1.875,4.500
5.680,1.886,4.500
5.715,1.922,4.500
5.682,1.936,4.500
5.597,1.932,4.500
5.667,1.981,4.500
5.642,1.997,4.500
5.643,2.022,4.500
5.652,2.050,4.500
6.129,2.251,4.500
5.601,2.082,4.500
6.126,2.304,4.500
6.087,2.317,4.500
5.602,2.158,4.500
5.602,2.183,4.500
5.585,2.201,4.500
5.667,2.260,4.500
6.040,2.436,4.500
5.533,2.257,4.500
5.516,2.275,4.500
5.557,2.318,4.500
6.001,2.530,4.500
5.564,2.372,4.500
5.562,2.397,4.500
5.634,2.454,4.500
5.584,2.459,4.500
5.590,2.488,4.500
5.548,2.495,4.500
5.819,2.644,4.500
5.553,2.550,4.500
5.980,2.774,4.500
5.476,2.567,4.500
5.498,2.603,4.500
5.947,2.844,4.500
5.478,2.646,4.500
5.499,2.683,4.500
5.892,2.904,4.500
5.462,2.719,4.500
5.443,2.736,4.500
5.433,2.758,4.500
5.461,2.799,4.500
5.395,2.792,4.500
5.808,3.034,4.500
5.365,2.830,4.500
5.648,3.008,4.500
5.366,2.885,4.500
5.355,2.906,4.500
5.428,2.973,4.500
5.521,3.052,4.500
5.320,2.969,4.500
5.309,2.989,4.500
5.724,3.253,4.500
5.277,3.027,4.500
5.281,3.056,4.500
5.246,3.063,4.500
5.618,3.311,4.500
5.244,3.118,4.500
5.633,3.379,4.500
5.220,3.159,4.500
5.169,3.157,4.500
5.612,3.457,4.500
5.219,3.244,4.500
5.359,3.359,4.500
5.142,3.252,4.500
5.129,3.272,4.500
5.557,3.575,4.500
5.118,3.322,4.500
5.097,3.337,4.500
5.069,3.347,4.500
5.056,3.367,4.500
5.058,3.397,4.500
5.432,3.679,4.500
5.456,3.727,4.500
5.017,3.456,4.500
4.997,3.470,4.500
4.983,3.490,4.500
5.320,3.757,4.500
4.970,3.539,4.500
4.941,3.549,4.500
4.891,3.542,4.500
4.906,3.582,4.500
5.309,3.908,4.500
4.913,3.647,4.500
4.878,3.650,4.500
4.878,3.680,4.500
4.856,3.694,4.500
4.842,3.713,4.500
4.827,3.732,4.500
4.805,3.745,4.500
4.825,3.791,4.500
4.783,3.788,4.500
5.058,4.039,4.500
4.753,3.826,4.500
5.088,4.129,4.500
4.702,3.846,4.500
4.687,3.864,4.500
4.699,3.905,4.500
5.035,4.218,4.500
4.648,3.925,4.500
4.626,3.938,4.500
4.985,4.277,4.500
4.581,3.962,4.500
4.586,3.998,4.500
4.543,3.992,4.500
4.541,4.022,4.500
4.545,4.057,4.500
4.503,4.051,4.500
4.539,4.116,4.500
4.510,4.122,4.500
4.448,4.098,4.500
4.458,4.140,4.500
4.422,4.139,4.500
4.425,4.174,4.500
4.754,4.520,4.500
4.386,4.203,4.500
4.476,4.323,4.500
4.359,4.243,4.500
4.323,4.242,4.500
4.637,4.585,4.500
4.290,4.276,4.500
4.286,4.305,4.500
4.231,4.284,4.500
4.239,4.326,4.500
4.197,4.317,4.500
4.230,4.385,4.500
4.194,4.382,4.500
4.183,4.405,4.500
4.184,4.441,4.500
4.149,4.438,4.500
4.125,4.447,4.500
4.108,4.463,4.500
4.090,4.479,4.500
4.410,4.868,4.500
4.055,4.511,4.500
4.366,4.897,4.500
4.025,4.550,4.500
4.007,4.566,4.500
3.989,4.581,4.500
4.006,4.637,4.500
3.959,4.619,4.500
3.923,4.614,4.500
3.911,4.637,4.500
3.899,4.659,4.500
3.863,4.653,4.500
3.850,4.675,4.500
3.838,4.697,4.500
3.842,4.740,4.500
3.999,4.975,4.500
3.804,4.770,4.500
3.775,4.771,4.500
4.060,5.173,4.500
3.732,4.793,4.500
3.718,4.815,4.500
3.678,4.801,4.500
3.669,4.830,4.500
3.650,4.844,4.500
3.610,4.830,4.500
3.612,4.873,4.500
3.604,4.901,4.500
3.590,4.923,4.500
3.549,4.908,4.500
3.535,4.929,4.500
3.511,4.936,4.500
3.527,5.000,4.500
3.601,5.148,4.500
3.468,4.999,4.500
3.443,5.005,4.500
3.423,5.018,4.500
3.394,5.017,4.500
3.384,5.045,4.500
3.633,5.463,4.500
3.339,5.064,4.500
3.319,5.077,4.500
3.304,5.097,4.500
3.534,5.499,4.500
3.264,5.123,4.500
3.239,5.128,4.500
3.224,5.149,4.500
3.199,5.154,4.500
3.220,5.234,4.500
3.172,5.201,4.500
3.138,5.191,4.500
3.127,5.219,4.500
3.106,5.231,4.500
3.086,5.243,4.500
3.056,5.240,4.500
3.035,5.252,4.500
3.028,5.287,4.500
3.238,5.706,4.500
2.943,5.232,4.500
2.961,5.314,4.500
3.167,5.736,4.500
2.907,5.314,4.500
2.903,5.356,4.500
2.877,5.360,4.500
3.058,5.750,4.500
2.827,5.367,4.500
2.814,5.394,4.500
2.789,5.397,4.500
2.768,5.408,4.500
2.746,5.418,4.500
2.957,5.891,4.500
2.700,5.432,4.500
2.682,5.450,4.500
2.661,5.461,4.500
2.643,5.479,4.500
2.751,5.760,4.500
2.608,5.516,4.500
2.609,5.574,4.500
2.767,5.974,4.500
2.524,5.506,4.500
2.510,5.532,4.500
2.481,5.525,4.500
2.459,5.535,4.500
2.448,5.569,4.500
2.669,6.137,4.500
2.397,5.572,4.500
2.393,5.622,4.500
2.360,5.607,4.500
2.516,6.042,4.500
2.313,5.617,4.500
2.304,5.659,4.500
2.444,6.071,4.500
2.263,5.685,4.500
2.221,5.644,4.500
2.378,6.114,4.500
2.177,5.662,4.500
2.167,5.703,4.500
2.136,5.687,4.500
2.116,5.704,4.500
2.103,5.737,4.500
2.209,6.101,4.500
2.040,5.703,4.500
2.015,5.703,4.500
1.992,5.710,4.500
1.984,5.760,4.500
2.145,6.307,4.500
1.936,5.767,4.500
1.911,5.766,4.500
2.007,6.137,4.500
1.865,5.781,4.500
1.845,5.797,4.500
1.820,5.796,4.500
1.792,5.786,4.500
1.772,5.801,4.500
1.892,6.282,4.500
1.726,5.815,4.500
1.713,5.856,4.500
1.668,5.785,4.500
1.658,5.835,4.500
1.630,5.824,4.500
1.612,5.848,4.500
1.593,5.871,4.500
1.575,5.894,4.500
1.545,5.875,4.500
1.515,5.855,4.500
1.514,5.947,4.500
1.471,5.875,4.500
1.457,5.916,4.500
1.434,5.921,4.500
1.402,5.892,4.500
1.369,5.854,4.500
1.356,5.903,4.500
1.338,5.934,4.500
1.290,5.826,4.500
1.292,5.945,4.500
1.269,5.950,4.500
1.344,6.429,4.500
1.227,5.986,4.500
1.193,5.938,4.500
1.166,5.925,4.500
1.245,6.457,4.500
1.123,5.952,4.500
1.108,6.000,4.500
1.076,5.960,4.500
1.056,5.982,4.500
1.114,6.457,4.500
1.008,5.982,4.500
0.993,6.038,4.500
0.963,6.007,4.500
1.015,6.489,4.500
0.916,6.014,4.500
0.889,5.991,4.500
0.866,6.004,4.500
0.908,6.473,4.500
0.881,6.461,4.500
0.794,6.005,4.500
0.770,5.999,4.500
0.747,6.011,4.500
0.725,6.022,4.500
0.701,6.025,4.500
0.679,6.045,4.500
0.711,6.561,4.500
0.632,6.051,4.500
0.651,6.480,4.500
0.584,6.047,4.500
0.562,6.066,4.500
0.536,6.051,4.500
0.510,6.026,4.500
0.487,6.037,4.500
0.463,6.039,4.500
0.439,6.032,4.500
0.415,6.034,4.500
0.415,6.386,4.500
0.369,6.055,4.500
0.345,6.056,4.500
0.324,6.101,4.500
0.326,6.638,4.500
0.273,6.033,4.500
0.252,6.105,4.500
0.227,6.088,4.500
0.204,6.098,4.500
0.179,6.081,4.500
0.156,6.099,4.500
0.132,6.091,4.500
0.108,6.083,4.500
0.087,6.341,4.500
0.060,6.110,4.500
0.036,6.057,4.500
0.012,6.101,4.500
-0.013,6.576,4.500
-0.038,6.576,4.500
-0.059,6.074,4.500
-0.083,6.074,4.500
-0.107,6.056,4.500
-0.131,6.082,4.500
-0.155,6.073,4.500
-0.180,6.107,4.500
-0.202,6.062,4.500
-0.245,6.564,4.500
-0.249,6.052,4.500
-0.273,6.060,4.500
-0.299,6.085,4.500
-0.323,6.093,4.500
-0.345,6.056,4.500
-0.369,6.055,4.500
-0.421,6.491,4.500
-0.419,6.096,4.500
-0.439,6.041,4.500
-0.465,6.066,4.500
-0.489,6.064,4.500
-0.554,6.553,4.500
-0.533,6.024,4.500
-0.553,5.986,4.500
-0.583,6.047,4.500
-0.604,6.018,4.500
-0.679,6.509,4.500
-0.653,6.031,4.500
-0.681,6.063,4.500
-0.704,6.052,4.500
-0.723,6.014,4.500
-0.751,6.046,4.500
-0.775,6.043,4.500
-0.794,6.005,4.500
-0.822,6.037,4.500
-0.845,6.025,4.500
-0.865,5.995,4.500
-0.891,6.009,4.500
-0.977,6.415,4.500
-0.941,6.019,4.500
-0.963,6.007,4.500
-0.982,5.977,4.500
-1.107,6.577,4.500
-1.117,6.481,4.500
-1.055,5.982,4.500
-1.082,5.996,4.500
-1.104,5.983,4.500
-1.203,6.376,4.500
-1.149,5.965,4.500
-1.173,5.960,4.500
-1.196,5.956,4.500
-1.226,5.986,4.500
-1.241,5.938,4.500
-1.262,5.924,4.500
-1.293,5.954,4.500
-1.324,5.983,4.500
-1.344,5.960,4.500
-1.361,5.929,4.500
-1.500,6.419,4.500
-1.469,6.177,4.500
-1.435,5.930,4.500
-1.465,5.950,4.500
-1.479,5.910,4.500
-1.481,5.818,4.500
-1.645,6.359,4.500
-1.551,5.901,4.500
-1.563,5.852,4.500
-1.643,6.055,4.500
-1.616,5.865,4.500
-1.641,5.867,4.500
-1.662,5.852,4.500
-1.685,5.846,4.500
-1.844,6.304,4.500
-1.733,5.841,4.500
-1.756,5.834,4.500
-1.776,5.818,4.500
-1.807,5.837,4.500
-1.970,6.274,4.500
-1.837,5.772,4.500
-2.016,6.251,4.500
-1.882,5.757,4.500
-1.913,5.775,4.500
-1.936,5.767,4.500
-1.941,5.709,4.500
-2.146,6.233,4.500
-2.058,5.900,4.500
-2.017,5.711,4.500
-2.066,5.778,4.500
-2.071,5.720,4.500
-2.129,5.811,4.500
-2.106,5.679,4.500
-2.122,5.654,4.500
-2.148,5.654,4.500
-2.314,6.019,4.500
-2.199,5.653,4.500
-2.221,5.645,4.500
-2.246,5.644,4.500
-2.265,5.627,4.500
-2.300,5.651,4.500
-2.509,6.096,4.500
-2.338,5.616,4.500
-2.360,5.607,4.500
-2.593,6.094,4.500
-2.393,5.564,4.500
-2.419,5.563,4.500
-2.441,5.553,4.500
-2.477,5.576,4.500
-2.480,5.526,4.500
-2.502,5.516,4.500
-2.512,5.482,4.500
-2.571,5.552,4.500
-2.787,5.956,4.500
-2.592,5.484,4.500
-2.614,5.474,4.500
-2.857,5.923,4.500
-2.657,5.453,4.500
-2.854,5.800,4.500
-2.699,5.432,4.500
-2.733,5.445,4.500
-2.722,5.371,4.500
-2.747,5.368,4.500
-3.019,5.843,4.500
-2.805,5.378,4.500
-2.826,5.367,4.500
-3.080,5.793,4.500
-2.898,5.399,4.500
-2.906,5.365,4.500
-2.940,5.376,4.500
-2.948,5.342,4.500
-3.200,5.745,4.500
-3.223,5.732,4.500
-2.994,5.276,4.500
-3.032,5.295,4.500
-3.039,5.260,4.500
-3.309,5.674,4.500
-3.076,5.228,4.500
-3.097,5.216,4.500
-3.122,5.211,4.500
-3.147,5.207,4.500
-3.181,5.217,4.500
-3.450,5.608,4.500
-3.212,5.177,4.500
-3.233,5.164,4.500
-3.253,5.151,4.500
-3.541,5.560,4.500
-3.525,5.486,4.500
-3.299,5.090,4.500
-3.333,5.100,4.500
-3.373,5.116,4.500
-3.645,5.483,4.500
-3.383,5.045,4.500
-3.403,5.032,4.500
-3.428,5.026,4.500
-3.442,5.005,4.500
-3.467,4.999,4.500
-3.724,5.324,4.500
-3.501,4.964,4.500
-3.515,4.943,4.500
-3.530,4.922,4.500
-3.565,4.930,4.500
-3.879,5.320,4.500
-3.598,4.895,4.500
-3.591,4.845,4.500
-3.668,4.909,4.500
-3.967,5.265,4.500
-3.978,5.237,4.500
-3.704,4.837,4.500
-3.723,4.823,4.500
-3.747,4.815,4.500
-3.777,4.814,4.500
-3.796,4.799,4.500
-3.804,4.770,4.500
-3.845,4.783,4.500
-4.130,5.097,4.500
-3.865,4.732,4.500
-3.873,4.703,4.500
-3.885,4.681,4.500
-3.938,4.706,4.500
-3.922,4.651,4.500
-3.934,4.628,4.500
-3.947,4.606,4.500
-4.000,4.631,4.500
-4.006,4.602,4.500
-4.007,4.566,4.500
-4.325,4.890,4.500
-4.042,4.534,4.500
-4.406,4.903,4.500
-4.404,4.863,4.500
-4.102,4.493,4.500
-4.149,4.509,4.500
-4.167,4.493,4.500
-4.184,4.477,4.500
-4.190,4.447,4.500
-4.528,4.769,4.500
-4.536,4.740,4.500
-4.230,4.385,4.500
-4.247,4.368,4.500
-4.270,4.358,4.500
-4.306,4.360,4.500
-4.639,4.661,4.500
-4.315,4.301,4.500
-4.332,4.284,4.500
-4.348,4.267,4.500
-4.734,4.609,4.500
-4.382,4.233,4.500
-4.386,4.203,4.500
-4.402,4.186,4.500
-4.463,4.211,4.500
-4.784,4.478,4.500
-4.464,4.146,4.500
-4.474,4.123,4.500
-4.516,4.129,4.500
-4.519,4.099,4.500
-4.515,4.064,4.500
-4.545,4.058,4.500
-4.567,4.046,4.500
-4.576,4.022,4.500
-4.572,3.986,4.500
-4.554,3.939,4.500
-4.623,3.968,4.500
-5.019,4.273,4.500
-4.661,3.937,4.500
-4.636,3.884,4.500
-4.685,3.895,4.500
-4.700,3.876,4.500
-4.715,3.858,4.500
-4.717,3.828,4.500
-5.110,4.114,4.500
-4.733,3.780,4.500
-4.803,3.805,4.500
-4.776,3.754,4.500
-4.784,3.729,4.500
-4.813,3.721,4.500
-4.820,3.697,4.500
-4.856,3.694,4.500
-4.835,3.648,4.500
-5.163,3.864,4.500
-4.870,3.616,4.500
-4.899,3.607,4.500
-4.913,3.588,4.500
-4.934,3.574,4.500
-4.955,3.559,4.500
-4.955,3.530,4.500
-5.358,3.785,4.500
-5.367,3.760,4.500
-5.011,3.481,4.500
-5.024,3.461,4.500
-5.023,3.432,4.500
-5.037,3.412,4.500
-5.043,3.387,4.500
-5.486,3.654,4.500
-5.077,3.352,4.500
-5.097,3.337,4.500
-5.073,3.293,4.500
-5.123,3.297,4.500
-5.497,3.507,4.500
-5.119,3.238,4.500
-5.116,3.208,4.500
-5.197,3.230,4.500
-5.179,3.191,4.500
-5.169,3.157,4.500
-5.189,3.141,4.500
-5.632,3.380,4.500
-5.267,3.132,4.500
-5.256,3.098,4.500
-5.230,3.055,4.500
-5.296,3.066,4.500
-5.262,3.018,4.500
-5.250,2.984,4.500
-5.709,3.216,4.500
-5.351,2.986,4.500
-5.308,2.935,4.500
-5.320,2.914,4.500
-5.355,2.906,4.500
-5.366,2.885,4.500
-5.393,2.872,4.500
-5.388,2.843,4.500
-5.376,2.809,4.500
-5.426,2.809,4.500
-5.731,2.938,4.500
-5.448,2.766,4.500
-5.443,2.737,4.500
-5.462,2.719,4.500
-5.496,2.709,4.500
-5.910,2.885,4.500
-5.525,2.670,4.500
-5.480,2.622,4.500
-5.514,2.612,4.500
-5.976,2.801,4.500
-5.534,2.568,4.500
-5.536,2.543,4.500
-6.015,2.734,4.500
-5.564,2.503,4.500
-5.598,2.492,4.500
-5.568,2.452,4.500
-5.601,2.441,4.500
-5.643,2.433,4.500
-5.580,2.379,4.500
-6.074,2.562,4.500
-5.623,2.346,4.500
-5.648,2.330,4.500
-5.633,2.298,4.500
-5.650,2.279,4.500
-6.094,2.430,4.500
-5.668,2.235,4.500
-5.676,2.213,4.500
-5.677,2.187,4.500
-5.694,2.168,4.500
-6.170,2.321,4.500
-5.702,2.120,4.500
-5.685,2.088,4.500
-6.182,2.243,4.500
-5.710,2.047,4.500
-5.751,2.036,4.500
-5.751,2.011,4.500
-5.776,1.994,4.500
-6.254,2.132,4.500
-5.732,1.929,4.500
-5.723,1.900,4.500
-6.279,2.058,4.500
-5.737,1.855,4.500
-5.813,1.855,4.500
-5.811,1.829,4.500
-5.810,1.804,4.500
-5.842,1.789,4.500
-5.824,1.758,4.500
-6.303,1.876,4.500
-6.242,1.831,4.500
-5.844,1.689,4.500
-5.868,1.671,4.500
-5.874,1.648,4.500
-6.354,1.756,4.500
-5.879,1.600,4.500
-5.893,1.579,4.500
-5.882,1.551,4.500
-5.914,1.535,4.500
-5.937,1.516,4.500
-5.918,1.486,4.500
-5.915,1.461,4.500
-5.912,1.435,4.500
-5.917,1.412,4.500
-5.940,1.393,4.500
-5.954,1.372,4.500
-6.002,1.358,4.500
-6.358,1.412,4.500
-5.953,1.298,4.500
-5.940,1.271,4.500
-5.954,1.249,4.500
-6.403,1.317,4.500
-5.981,1.206,4.500
-5.986,1.182,4.500
-5.973,1.155,4.500
-6.477,1.227,4.500
-5.982,1.109,4.500
-5.995,1.087,4.500
-5.946,1.054,4.500
-5.977,1.035,4.500
-6.484,1.097,4.500
-6.488,1.071,4.500
-6.076,0.979,4.500
-6.019,0.945,4.500
-6.040,0.924,4.500
-6.504,0.969,4.500
-5.985,0.868,4.500
-6.033,0.851,4.500
-6.071,0.832,4.500
-6.048,0.804,4.500
-6.060,0.782,4.500
-5.992,0.749,4.500
-6.022,0.729,4.500
-5.971,0.699,4.500
-6.080,0.687,4.500
-6.553,0.715,4.500
-6.050,0.636,4.500
-6.026,0.610,4.500
-6.064,0.589,4.500
-6.031,0.562,4.500
-6.086,0.543,4.500
-6.070,0.518,4.500
-6.037,0.491,4.500
-6.541,0.506,4.500
-6.049,0.444,4.500
-6.078,0.423,4.500
-6.079,0.399,4.500
-6.081,0.375,4.500
-6.573,0.379,4.500
-6.092,0.328,4.500
-6.076,0.303,4.500
-6.104,0.280,4.500
-6.140,0.258,4.500
-6.603,0.251,4.500
-6.089,0.208,4.500
-6.116,0.185,4.500
-6.090,0.160,4.500
-6.091,0.136,4.500
-6.083,0.112,4.500
-6.136,0.089,4.500
-6.065,0.064,4.500
-6.600,0.044,4.500
-6.075,0.016,4.500
-6.084,-0.008,4.500
-6.092,-0.031,4.500
-6.092,-0.055,4.500
-6.092,-0.079,4.500
-6.083,-0.103,4.500
-6.109,-0.128,4.500
-6.055,-0.150,4.500
-6.116,-0.176,4.500
-6.596,-0.215,4.500
-6.044,-0.221,4.500
-6.070,-0.246,4.500
-6.051,-0.269,4.500
-6.094,-0.295,4.500
-6.084,-0.318,4.500
-6.056,-0.341,4.500
-6.143,-0.370,4.500
-6.578,-0.422,4.500
-6.087,-0.414,4.500
-6.077,-0.438,4.500
-6.518,-0.495,4.500
-6.579,-0.526,4.500
-6.053,-0.508,4.500
-6.043,-0.531,4.500
-6.085,-0.558,4.500
-6.100,-0.584,4.500
-6.027,-0.601,4.500
-6.025,-0.625,4.500
-6.546,-0.705,4.500
-6.055,-0.676,4.500
-6.043,-0.699,4.500
-6.049,-0.723,4.500
-6.064,-0.749,4.500
-6.531,-0.833,4.500
-6.032,-0.793,4.500
-6.532,-0.885,4.500
-6.051,-0.844,4.500
-6.022,-0.864,4.500
-5.957,-0.879,4.500
-5.997,-0.909,4.500
-6.029,-0.938,4.500
-6.016,-0.960,4.500
-6.039,-0.988,4.500
-6.026,-1.010,4.500
-6.005,-1.031,4.500
-6.461,-1.136,4.500
-6.005,-1.080,4.500
-5.948,-1.094,4.500
-5.979,-1.123,4.500
-6.061,-1.163,4.500
-6.469,-1.268,4.500
-5.983,-1.197,4.500
-6.012,-1.228,4.500
-5.973,-1.244,4.500
-5.985,-1.271,4.500
-5.963,-1.291,4.500
-5.949,-1.313,4.500
-5.996,-1.347,4.500
-6.441,-1.474,4.500
-6.412,-1.494,4.500
-5.928,-1.406,4.500
-5.922,-1.429,4.500
-5.925,-1.454,4.500
-5.928,-1.480,4.500
-6.366,-1.616,4.500
-5.891,-1.520,4.500
-5.902,-1.547,4.500
-5.921,-1.577,4.500
-5.881,-1.591,4.500
-5.866,-1.612,4.500
-5.800,-1.618,4.500
-5.988,-1.696,4.500
-6.335,-1.821,4.500
-5.840,-1.704,4.500
-5.833,-1.727,4.500
-5.835,-1.752,4.500
-5.837,-1.778,4.500
-6.200,-1.915,4.500
-5.797,-1.815,4.500
-6.283,-1.995,4.500
-6.305,-2.029,4.500
-5.809,-1.895,4.500
-5.751,-1.901,4.500
-5.811,-1.946,4.500
-6.301,-2.138,4.500
-5.787,-1.988,4.500
-5.762,-2.005,4.500
-6.165,-2.173,4.500
-5.755,-2.053,4.500
-5.738,-2.073,4.500
-5.697,-2.083,4.500
-5.738,-2.124,4.500
-6.031,-2.259,4.500
-5.688,-2.157,4.500
-5.688,-2.182,4.500
-6.116,-2.374,4.500
-6.055,-2.377,4.500
-5.654,-2.246,4.500
-5.976,-2.401,4.500
-5.644,-2.293,4.500
-5.627,-2.312,4.500
-5.667,-2.354,4.500
-5.870,-2.466,4.500
-5.583,-2.371,4.500
-5.598,-2.404,4.500
-5.548,-2.408,4.500
-5.595,-2.455,4.500
-5.578,-2.473,4.500
-5.568,-2.495,4.500
-5.998,-2.716,4.500
-5.937,-2.716,4.500
-5.514,-2.549,4.500
-5.520,-2.578,4.500
-5.462,-2.577,4.500
-5.972,-2.846,4.500
-5.473,-2.635,4.500
-5.495,-2.672,4.500
-5.444,-2.674,4.500
-5.434,-2.696,4.500
-5.471,-2.741,4.500
-5.421,-2.742,4.500
-5.863,-2.995,4.500
-5.383,-2.777,4.500
-5.380,-2.802,4.500
-5.361,-2.819,4.500
-5.405,-2.869,4.500
-5.755,-3.084,4.500
-5.343,-2.890,4.500
-5.765,-3.148,4.500
-5.297,-2.919,4.500
-5.712,-3.177,4.500
-5.305,-2.978,4.500
-5.293,-2.999,4.500
-5.274,-3.015,4.500
-5.262,-3.036,4.500
-5.670,-3.301,4.500
-5.245,-3.082,4.500
-5.210,-3.089,4.500
-5.206,-3.114,4.500
-5.657,-3.414,4.500
-5.597,-3.407,4.500
-5.169,-3.175,4.500
-5.164,-3.200,4.500
-5.211,-3.257,4.500
-5.093,-3.211,4.500
-5.111,-3.251,4.500
-5.105,-3.275,4.500
-5.078,-3.286,4.500
-5.139,-3.354,4.500
-5.081,-3.345,4.500
-5.127,-3.404,4.500
-5.048,-3.380,4.500
-5.049,-3.410,4.500
-5.036,-3.429,4.500
-5.051,-3.469,4.500
-5.419,-3.753,4.500
-4.966,-3.468,4.500
-4.988,-3.513,4.500
-4.953,-3.517,4.500
-4.953,-3.547,4.500
-4.939,-3.566,4.500
-4.940,-3.596,4.500
-4.933,-3.621,4.500
-4.861,-3.598,4.500
-5.271,-3.933,4.500
-5.223,-3.930,4.500
-4.882,-3.703,4.500
-4.861,-3.717,4.500
-4.846,-3.736,4.500
-4.824,-3.750,4.500
-5.170,-4.051,4.500
-4.795,-3.787,4.500
-4.787,-3.812,4.500
-4.744,-3.808,4.500
-4.708,-3.810,4.500
-4.748,-3.873,4.500
-4.706,-3.869,4.500
-4.670,-3.871,4.500
-4.655,-3.889,4.500
-4.667,-3.930,4.500
-4.651,-3.949,4.500
-4.629,-3.961,4.500
-4.586,-3.956,4.500
-4.604,-4.003,4.500
-4.952,-4.339,4.500
-4.586,-4.051,4.500
-4.550,-4.051,4.500
-4.534,-4.069,4.500
-4.518,-4.087,4.500
-4.489,-4.093,4.500
-4.480,-4.116,4.500
-4.483,-4.152,4.500
-4.428,-4.133,4.500
-4.437,-4.175,4.500
-4.414,-4.186,4.500
-4.765,-4.554,4.500
-4.388,-4.227,4.500
-4.384,-4.256,4.500
-4.348,-4.255,4.500
-4.357,-4.297,4.500
-4.340,-4.314,4.500
-4.304,-4.312,4.500
-4.293,-4.335,4.500
-4.270,-4.346,4.500
-4.618,-4.737,4.500
-4.578,-4.732,4.500
-4.219,-4.396,4.500
-4.214,-4.425,4.500
-4.208,-4.454,4.500
-4.167,-4.445,4.500
-4.137,-4.448,4.500
-4.132,-4.478,4.500
-4.451,-4.862,4.500
-4.432,-4.880,4.500
-4.073,-4.519,4.500
-4.072,-4.555,4.500
-4.390,-4.949,4.500
-4.031,-4.580,4.500
-4.019,-4.603,4.500
-4.006,-4.625,4.500
-3.988,-4.641,4.500
-3.947,-4.629,4.500
-3.952,-4.672,4.500
-3.939,-4.694,4.500
-3.898,-4.682,4.500
-3.879,-4.698,4.500
-4.167,-5.087,4.500
-3.842,-4.728,4.500
-3.813,-4.729,4.500
-4.122,-5.154,4.500
-3.781,-4.766,4.500
-3.762,-4.781,4.500
-3.754,-4.809,4.500
-3.725,-4.810,4.500
-3.716,-4.839,4.500
-3.687,-4.839,4.500
-3.673,-4.861,4.500
-4.036,-5.386,4.500
-3.640,-4.897,4.500
-3.605,-4.889,4.500
-3.891,-5.321,4.500
-3.795,-5.233,4.500
-3.812,-5.300,4.500
-3.502,-4.909,4.500
-3.513,-4.966,4.500
-3.463,-4.936,4.500
-3.418,-4.913,4.500
-3.399,-4.926,4.500
-3.390,-4.954,4.500
-3.656,-5.390,4.500
-3.381,-5.026,4.500
-3.341,-5.009,4.500
-3.331,-5.037,4.500
-3.287,-5.012,4.500
-3.272,-5.033,4.500
-3.537,-5.488,4.500
-3.515,-5.502,4.500
-3.236,-5.109,4.500
-3.192,-5.084,4.500
-3.187,-5.119,4.500
-3.171,-5.139,4.500
-3.137,-5.129,4.500
-3.126,-5.156,4.500
-3.101,-5.161,4.500
-3.081,-5.173,4.500
-3.088,-5.231,4.500
-3.045,-5.205,4.500
-3.251,-5.607,4.500
-3.004,-5.228,4.500
-2.979,-5.232,4.500
-2.941,-5.213,4.500
-2.938,-5.256,4.500
-3.140,-5.669,4.500
-3.118,-5.682,4.500
-2.880,-5.298,4.500
-2.855,-5.301,4.500
-2.838,-5.320,4.500
-2.817,-5.331,4.500
-2.817,-5.382,4.500
-2.759,-5.321,4.500
-2.754,-5.364,4.500
-2.742,-5.391,4.500
-2.724,-5.410,4.500
-2.687,-5.388,4.500
-2.662,-5.391,4.500
-2.649,-5.417,4.500
-2.608,-5.387,4.500
-2.822,-5.888,4.500
-2.596,-5.472,4.500
-2.552,-5.434,4.500
-2.523,-5.427,4.500
-2.524,-5.486,4.500
-2.506,-5.504,4.500
-2.470,-5.481,4.500
-2.652,-5.948,4.500
-2.416,-5.476,4.500
-2.405,-5.510,4.500
-2.384,-5.519,4.500
-2.369,-5.545,4.500
-2.535,-5.999,4.500
-2.322,-5.555,4.500
-2.293,-5.548,4.500
-2.261,-5.532,4.500
-2.256,-5.582,4.500
-2.426,-6.070,4.500
-2.192,-5.549,4.500
-2.184,-5.592,4.500
-2.168,-5.617,4.500
-2.330,-6.107,4.500
-2.124,-5.634,4.500
-2.096,-5.625,4.500
-2.080,-5.650,4.500
-2.055,-5.650,4.500
-2.032,-5.658,4.500
-2.001,-5.640,4.500
-1.988,-5.674,4.500
-2.132,-6.162,4.500
-1.940,-5.681,4.500
-1.924,-5.705,4.500
-1.907,-5.730,4.500
-2.037,-6.203,4.500
-2.020,-6.233,4.500
-1.834,-5.735,4.500
-1.803,-5.716,4.500
-1.784,-5.732,4.500
-1.758,-5.730,4.500
-1.886,-6.234,4.500
-1.719,-5.761,4.500
-1.696,-5.768,4.500
-1.673,-5.774,4.500
-1.658,-5.807,4.500
-1.630,-5.796,4.500
-1.605,-5.794,4.500
-1.718,-6.299,4.500
-1.671,-6.220,4.500
-1.539,-5.821,4.500
-1.516,-5.827,4.500
-1.617,-6.317,4.500
-1.477,-5.865,4.500
-1.443,-5.827,4.500
-1.547,-6.351,4.500
-1.397,-5.838,4.500
-1.374,-5.844,4.500
-1.356,-5.866,4.500
-1.337,-5.889,4.500
-1.309,-5.877,4.500
-1.286,-5.882,4.500
-1.252,-5.834,4.500
-1.236,-5.874,4.500
-1.206,-5.843,4.500
-1.196,-5.910,4.500
-1.174,-5.924,4.500
-1.141,-5.875,4.500
-1.123,-5.906,4.500
-1.103,-5.928,4.500
-1.081,-5.941,4.500
-1.053,-5.919,4.500
-1.031,-5.932,4.500
-1.011,-5.954,4.500
-1.068,-6.441,4.500
-0.961,-5.944,4.500
-0.934,-5.921,4.500
-0.911,-5.924,4.500
-0.882,-5.892,4.500
-0.868,-5.958,4.500
-0.843,-5.953,4.500
-0.815,-5.920,4.500
-0.797,-5.959,4.500
-0.777,-5.989,4.500
-0.755,-6.010,4.500
-0.724,-5.950,4.500
-0.705,-5.989,4.500
-0.682,-6.000,4.500
-0.661,-6.021,4.500
-0.633,-5.979,4.500
-0.657,-6.455,4.500
-0.585,-5.974,4.500
-0.564,-6.004,4.500
-0.538,-5.979,4.500
-0.515,-5.990,4.500
-0.492,-6.001,4.500
-0.471,-6.030,4.500
-0.446,-6.014,4.500
-0.424,-6.042,4.500
-0.431,-6.499,4.500
-0.370,-5.946,4.500
-0.346,-5.929,4.500
-0.323,-5.940,4.500
-0.328,-6.505,4.500
-0.277,-5.942,4.500
-0.253,-5.925,4.500
-0.230,-5.935,4.500
-0.204,-5.871,4.500
-0.183,-5.946,4.500
-0.160,-5.946,4.500
-0.136,-5.938,4.500
-0.113,-5.938,4.500
-0.090,-5.948,4.500
-0.067,-5.939,4.500
-0.043,-5.957,4.500
-0.020,-5.948,4.500
0.003,-5.958,4.500
0.027,-5.930,4.500
0.050,-5.966,4.500
0.080,-6.440,4.500
0.097,-5.948,4.500
0.121,-5.965,4.500
0.144,-5.947,4.500
0.166,-5.909,4.500
0.190,-5.945,4.500
0.221,-6.141,4.500
0.236,-5.925,4.500
0.259,-5.924,4.500
0.306,-6.417,4.500
0.307,-5.940,4.500
0.329,-5.921,4.500
0.356,-5.983,4.500
0.377,-5.946,4.500
0.400,-5.935,4.500
0.423,-5.924,4.500
0.484,-6.422,4.500
0.511,-6.444,4.500
0.491,-5.900,4.500
0.515,-5.908,4.500
0.540,-5.924,4.500
0.561,-5.903,4.500
0.586,-5.919,4.500
0.609,-5.908,4.500
0.630,-5.887,4.500
0.657,-5.921,4.500
0.738,-6.422,4.500
0.708,-5.952,4.500
0.720,-5.858,4.500
0.811,-6.389,4.500
0.772,-5.898,4.500
0.791,-5.868,4.500
0.822,-5.919,4.500
0.844,-5.907,4.500
0.942,-6.412,4.500
0.890,-5.900,4.500
0.910,-5.878,4.500
0.936,-5.893,4.500
0.960,-5.889,4.500
0.984,-5.894,4.500
1.000,-5.845,4.500
1.035,-5.913,4.500
1.124,-6.275,4.500
1.070,-5.842,4.500
1.095,-5.847,4.500
1.118,-5.842,4.500
1.140,-5.838,4.500
1.169,-5.860,4.500
1.183,-5.811,4.500
1.194,-5.752,4.500
1.228,-5.801,4.500
1.255,-5.815,4.500
1.280,-5.818,4.500
1.296,-5.787,4.500
1.325,-5.808,4.500
1.348,-5.803,4.500
1.358,-5.744,4.500
1.391,-5.783,4.500
1.427,-5.831,4.500
1.432,-5.754,4.500
1.455,-5.749,4.500
1.611,-6.261,4.500
1.637,-6.262,4.500
1.532,-5.767,4.500
1.538,-5.699,4.500
1.570,-5.728,4.500
1.597,-5.739,4.500
1.617,-5.724,4.500
1.640,-5.718,4.500
1.660,-5.703,4.500
1.669,-5.652,4.500
1.736,-5.794,4.500
1.877,-6.178,4.500
1.749,-5.676,4.500
1.763,-5.643,4.500
1.791,-5.653,4.500
1.816,-5.655,4.500
1.841,-5.656,4.500
1.863,-5.649,4.500
1.885,-5.642,4.500
1.910,-5.643,4.500
1.944,-5.670,4.500
1.951,-5.619,4.500
1.970,-5.603,4.500
1.986,-5.578,4.500
2.011,-5.579,4.500
2.042,-5.596,4.500
2.240,-6.064,4.500
2.077,-5.555,4.500
2.098,-5.546,4.500
2.308,-6.030,4.500
2.135,-5.513,4.500
2.160,-5.513,4.500
2.216,-5.589,4.500
2.214,-5.521,4.500
2.235,-5.512,4.500
2.468,-6.018,4.500
2.275,-5.486,4.500
2.304,-5.494,4.500
2.289,-5.400,4.500
2.358,-5.501,4.500
2.397,-5.533,4.500
2.386,-5.449,4.500
2.404,-5.431,4.500
2.603,-5.819,4.500
2.469,-5.462,4.500
2.471,-5.411,4.500
2.489,-5.393,4.500
2.510,-5.383,4.500
2.531,-5.373,4.500
2.603,-5.469,4.500
2.573,-5.353,4.500
2.602,-5.359,4.500
2.839,-5.790,4.500
2.640,-5.330,4.500
2.665,-5.328,4.500
2.900,-5.741,4.500
2.686,-5.266,4.500
2.715,-5.272,4.500
2.736,-5.261,4.500
2.773,-5.283,4.500
2.781,-5.248,4.500
2.832,-5.293,4.500
3.087,-5.716,4.500
3.055,-5.604,4.500
2.903,-5.275,4.500
2.914,-5.248,4.500
2.944,-5.252,4.500
2.942,-5.201,4.500
3.217,-5.635,4.500
2.997,-5.202,4.500
3.008,-5.174,4.500
3.042,-5.186,4.500
3.076,-5.197,4.500
3.087,-5.169,4.500
3.098,-5.142,4.500
3.375,-5.552,4.500
3.148,-5.133,4.500
3.168,-5.120,4.500
3.178,-5.093,4.500
3.208,-5.095,4.500
3.233,-5.090,4.500
3.526,-5.504,4.500
3.306,-5.117,4.500
3.327,-5.104,4.500
3.347,-5.091,4.500
3.616,-5.455,4.500
3.382,-5.057,4.500
3.426,-5.080,4.500
3.436,-5.052,4.500
3.451,-5.032,4.500
3.460,-5.003,4.500
3.480,-4.990,4.500
3.806,-5.411,4.500
3.809,-5.371,4.500
3.554,-4.970,4.500
3.563,-4.942,4.500
3.593,-4.942,4.500
3.602,-4.914,4.500
3.611,-4.885,4.500
3.640,-4.885,4.500
3.654,-4.864,4.500
3.932,-5.192,4.500
3.982,-5.214,4.500
3.711,-4.820,4.500
3.736,-4.813,4.500
3.760,-4.805,4.500
3.779,-4.790,4.500
3.792,-4.769,4.500
3.805,-4.747,4.500
3.796,-4.697,4.500
3.853,-4.730,4.500
3.883,-4.729,4.500
3.896,-4.707,4.500
3.898,-4.671,4.500
3.910,-4.649,4.500
4.258,-5.022,4.500
4.267,-4.993,4.500
3.993,-4.636,4.500
3.994,-4.600,4.500
4.024,-4.598,4.500
4.048,-4.589,4.500
4.060,-4.566,4.500
4.066,-4.537,4.500
4.078,-4.515,4.500
4.096,-4.499,4.500
4.137,-4.508,4.500
4.131,-4.466,4.500
4.154,-4.456,4.500
4.166,-4.434,4.500
4.213,-4.449,4.500
4.213,-4.414,4.500
4.199,-4.365,4.500
4.528,-4.670,4.500
4.214,-4.313,4.500
4.219,-4.283,4.500
4.254,-4.286,4.500
4.278,-4.275,4.500
4.275,-4.240,4.500
4.285,-4.217,4.500
4.302,-4.200,4.500
4.690,-4.542,4.500
4.690,-4.507,4.500
4.358,-4.155,4.500
4.367,-4.132,4.500
4.397,-4.127,4.500
4.406,-4.103,4.500
4.429,-4.092,4.500
4.432,-4.063,4.500
4.468,-4.063,4.500
4.517,-4.076,4.500
4.459,-3.992,4.500
4.440,-3.944,4.500
4.524,-3.987,4.500
4.540,-3.969,4.500
4.542,-3.939,4.500
4.591,-3.951,4.500
4.600,-3.927,4.500
4.964,-4.204,4.500
4.603,-3.868,4.500
4.618,-3.849,4.500
4.626,-3.825,4.500
4.825,-3.958,4.500
4.684,-3.812,4.500
4.713,-3.805,4.500
4.700,-3.764,4.500
4.714,-3.745,4.500
5.140,-4.051,4.500
4.751,-3.714,4.500
4.758,-3.689,4.500
5.175,-3.980,4.500
4.787,-3.652,4.500
4.773,-3.611,4.500
4.808,-3.609,4.500
4.830,-3.595,4.500
4.865,-3.592,4.500
4.851,-3.552,4.500
5.250,-3.813,4.500
5.291,-3.811,4.500
4.899,-3.500,4.500
4.913,-3.481,4.500
4.934,-3.466,4.500
4.948,-3.447,4.500
4.939,-3.412,4.500
4.900,-3.357,4.500
5.420,-3.682,4.500
5.355,-3.607,4.500
4.992,-3.334,4.500
5.027,-3.330,4.500
5.033,-3.305,4.500
5.458,-3.553,4.500
4.998,-3.226,4.500
5.506,-3.523,4.500
5.084,-3.225,4.500
5.097,-3.205,4.500
5.094,-3.176,4.500
5.145,-3.180,4.500
5.150,-3.155,4.500
5.147,-3.125,4.500
5.159,-3.105,4.500
5.607,-3.345,4.500
5.586,-3.302,4.500
5.195,-3.044,4.500
5.207,-3.023,4.500
5.631,-3.240,4.500
5.215,-2.974,4.500
5.234,-2.957,4.500
5.285,-2.959,4.500
5.596,-3.104,4.500
5.253,-2.887,4.500
5.706,-3.107,4.500
5.299,-2.858,4.500
5.287,-2.825,4.500
5.314,-2.813,4.500
5.340,-2.800,4.500
5.351,-2.779,4.500
5.799,-2.983,4.500
5.349,-2.725,4.500
5.400,-2.724,4.500
5.862,-2.928,4.500
5.413,-2.677,4.500
5.399,-2.644,4.500
5.458,-2.647,4.500
5.444,-2.614,4.500
5.495,-2.611,4.500
5.505,-2.590,4.500
5.523,-2.572,4.500
5.525,-2.546,4.500
6.110,-2.787,4.500
5.585,-2.521,4.500
5.563,-2.485,4.500
5.564,-2.459,4.500
6.090,-2.663,4.500
6.057,-2.621,4.500
5.601,-2.397,4.500
5.602,-2.372,4.500
5.644,-2.363,4.500
5.637,-2.334,4.500
5.646,-2.312,4.500
5.631,-2.280,4.500
5.672,-2.271,4.500
6.129,-2.426,4.500
5.665,-2.217,4.500
6.148,-2.378,4.500
5.691,-2.176,4.500
5.716,-2.159,4.500
5.658,-2.112,4.500
5.733,-2.114,4.500
6.013,-2.191,4.500
6.180,-2.225,4.500
5.724,-2.035,4.500
5.740,-2.015,4.500
5.765,-1.999,4.500
5.730,-1.962,4.500
5.780,-1.953,4.500
5.788,-1.931,4.500
5.762,-1.897,4.500
5.811,-1.888,4.500
5.877,-1.884,4.500
5.809,-1.837,4.500
5.825,-1.817,4.500
6.270,-1.929,4.500
5.830,-1.768,4.500
5.829,-1.743,4.500
5.844,-1.723,4.500
5.868,-1.704,4.500
6.337,-1.814,4.500
5.889,-1.661,4.500
5.879,-1.633,4.500
5.894,-1.612,4.500
5.866,-1.580,4.500
5.906,-1.566,4.500
5.904,-1.540,4.500
5.901,-1.515,4.500
6.384,-1.612,4.500
5.913,-1.469,4.500
5.910,-1.443,4.500
5.915,-1.420,4.500
5.938,-1.401,4.500
5.839,-1.353,4.500
5.914,-1.346,4.500
6.379,-1.426,4.500
5.881,-1.290,4.500
5.877,-1.265,4.500
5.891,-1.244,4.500
6.370,-1.319,4.500
5.901,-1.198,4.500
5.852,-1.164,4.500
5.901,-1.150,4.500
5.897,-1.125,4.500
5.928,-1.107,4.500
5.958,-1.088,4.500
5.918,-1.057,4.500
5.905,-1.031,4.500
6.420,-1.095,4.500
6.385,-1.063,4.500
5.970,-0.970,4.500
5.938,-0.941,4.500
5.951,-0.919,4.500
6.456,-0.971,4.500
5.940,-0.869,4.500
6.005,-0.855,4.500
5.946,-0.823,4.500
5.895,-0.792,4.500
6.006,-0.783,4.500
5.974,-0.755,4.500
5.959,-0.729,4.500
5.979,-0.708,4.500
5.919,-0.677,4.500
6.458,-0.713,4.500
5.978,-0.637,4.500
5.936,-0.608,4.500
6.417,-0.632,4.500
6.476,-0.612,4.500
5.906,-0.535,4.500
6.070,-0.526,4.500
6.467,-0.535,4.500
5.930,-0.467,4.500
5.959,-0.446,4.500
5.906,-0.419,4.500
5.999,-0.401,4.500
5.955,-0.375,4.500
5.993,-0.354,4.500
6.021,-0.332,4.500
6.536,-0.334,4.500
6.425,-0.303,4.500
6.015,-0.260,4.500
6.508,-0.256,4.500
6.026,-0.214,4.500
6.000,-0.189,4.500
6.028,-0.166,4.500
6.028,-0.143,4.500
6.332,-0.125,4.500
6.011,-0.095,4.500
5.883,-0.070,5.000
6.030,-0.048,5.000
5.994,-0.024,5.000
6.012,-0.001,5.000
6.066,0.023,5.000
6.048,0.047,5.000
5.994,0.070,5.000
6.011,0.094,5.000
6.047,0.118,5.000
6.028,0.141,5.000
6.037,0.165,5.000
6.000,0.188,5.000
5.990,0.211,5.000
5.998,0.235,5.000
6.015,0.259,5.000
6.032,0.284,5.000
5.995,0.306,5.000
6.012,0.330,5.000
6.020,0.354,5.000
6.484,0.407,5.000
5.990,0.400,5.000
6.015,0.425,5.000
6.022,0.449,5.000
5.966,0.469,5.000
5.992,0.494,5.000
6.008,0.520,5.000
6.041,0.546,5.000
6.021,0.568,5.000
5.983,0.588,5.000
6.415,0.656,5.000
6.460,0.687,5.000
5.940,0.655,5.000
5.982,0.683,5.000
5.979,0.707,5.000
5.923,0.724,5.000
5.974,0.754,5.000
5.971,0.777,5.000
5.886,0.790,5.000
6.240,0.862,5.000
5.961,0.847,5.000
5.958,0.871,5.000
5.909,0.888,5.000
6.445,0.994,5.000
5.938,0.940,5.000
5.952,0.966,5.000
5.984,0.995,5.000
5.927,1.009,5.000
5.923,1.033,5.000
5.919,1.056,5.000
5.941,1.084,5.000
5.883,1.097,5.000
6.366,1.213,5.000
5.928,1.154,5.000
5.861,1.165,5.000
5.883,1.193,5.000
6.370,1.318,5.000
5.909,1.247,5.000
5.878,1.264,5.000
5.925,1.299,5.000
5.832,1.303,5.000
6.358,1.446,5.000
6.321,1.464,5.000
5.843,1.377,5.000
5.846,1.402,5.000
5.841,1.425,5.000
5.861,1.455,5.000
6.299,1.590,5.000
5.823,1.494,5.000
5.826,1.519,5.000
5.820,1.542,5.000
5.831,1.569,5.000
5.799,1.585,5.000
5.810,1.613,5.000
6.261,1.764,5.000
5.780,1.653,5.000
5.782,1.679,5.000
6.270,1.847,5.000
5.760,1.721,5.000
5.771,1.749,5.000
5.781,1.777,5.000
5.748,1.792,5.000
5.733,1.812,5.000
5.734,1.837,5.000
6.225,2.021,5.000
5.736,1.887,5.000
5.703,1.901,5.000
5.696,1.924,5.000
5.722,1.958,5.000
6.008,2.082,5.000
5.681,1.994,5.000
6.174,2.194,5.000
5.674,2.041,5.000
5.649,2.057,5.000
5.708,2.104,5.000
5.733,2.139,5.000
5.870,2.216,5.000
5.616,2.146,5.000
5.666,2.190,5.000
5.674,2.219,5.000
5.714,2.261,5.000
5.673,2.270,5.000
5.639,2.282,5.000
6.020,2.464,5.000
5.580,2.310,5.000
5.538,2.318,5.000
5.570,2.357,5.000
5.536,2.368,5.000
5.632,2.436,5.000
5.533,2.419,5.000
5.524,2.440,5.000
5.555,2.480,5.000
5.601,2.527,5.000
5.551,2.531,5.000
5.542,2.553,5.000
5.523,2.571,5.000
5.489,2.581,5.000
5.982,2.842,5.000
5.936,2.848,5.000
5.482,2.657,5.000
5.472,2.679,5.000
5.469,2.704,5.000
5.459,2.726,5.000
5.471,2.759,5.000
5.429,2.764,5.000
5.869,3.018,5.000
5.407,2.807,5.000
5.396,2.828,5.000
5.377,2.845,5.000
5.358,2.862,5.000
5.830,3.143,5.000
5.351,2.912,5.000
5.293,2.908,5.000
5.344,2.963,5.000
5.752,3.219,5.000
5.297,2.992,5.000
5.293,3.017,5.000
5.273,3.033,5.000
5.300,3.076,5.000
5.234,3.066,5.000
5.268,3.113,5.000
5.278,3.147,5.000
5.243,3.154,5.000
5.201,3.157,5.000
5.241,3.209,5.000
5.595,3.456,5.000
5.171,3.222,5.000
5.150,3.238,5.000
5.145,3.263,5.000
5.184,3.316,5.000
5.459,3.522,5.000
5.114,3.328,5.000
5.086,3.338,5.000
5.058,3.348,5.000
5.140,3.432,5.000
5.031,3.388,5.000
5.055,3.433,5.000
5.027,3.442,5.000
4.976,3.437,5.000
4.978,3.467,5.000
4.993,3.507,5.000
4.986,3.531,5.000
4.951,3.535,5.000
4.937,3.555,5.000
4.952,3.595,5.000
5.306,3.884,5.000
4.902,3.618,5.000
4.888,3.637,5.000
4.895,3.672,5.000
5.245,3.967,5.000
4.852,3.700,5.000
4.844,3.724,5.000
4.780,3.705,5.000
4.794,3.746,5.000
5.172,4.074,5.000
5.144,4.085,5.000
4.749,3.802,5.000
4.741,3.826,5.000
4.747,3.861,5.000
4.731,3.880,5.000
4.682,3.870,5.000
4.674,3.894,5.000
5.011,4.209,5.000
5.090,4.310,5.000
4.674,3.989,5.000
4.612,3.967,5.000
4.616,4.003,5.000
4.952,4.328,5.000
4.552,4.010,5.000
4.536,4.027,5.000
4.546,4.069,5.000
4.497,4.057,5.000
4.854,4.413,5.000
4.837,4.432,5.000
4.449,4.110,5.000
4.459,4.151,5.000
4.397,4.126,5.000
4.426,4.186,5.000
4.384,4.179,5.000
4.400,4.227,5.000
4.364,4.226,5.000
4.322,4.218,5.000
4.637,4.561,5.000
4.327,4.289,5.000
4.291,4.287,5.000
4.280,4.310,5.000
4.503,4.570,5.000
4.246,4.344,5.000
4.229,4.361,5.000
4.200,4.364,5.000
4.536,4.751,5.000
4.512,4.763,5.000
4.172,4.439,5.000
4.137,4.436,5.000
4.131,4.465,5.000
4.090,4.455,5.000
4.084,4.485,5.000
4.377,4.844,5.000
4.137,4.614,5.000
4.031,4.532,5.000
4.031,4.568,5.000
3.972,4.537,5.000
4.312,4.965,5.000
3.930,4.561,5.000
3.942,4.611,5.000
3.952,4.660,5.000
4.229,5.026,5.000
3.910,4.684,5.000
3.880,4.686,5.000
3.850,4.687,5.000
3.832,4.702,5.000
3.819,4.724,5.000
4.104,5.118,5.000
3.776,4.747,5.000
3.796,4.810,5.000
3.772,4.818,5.000
3.715,4.784,5.000
4.017,5.216,5.000
3.698,4.841,5.000
3.642,4.806,5.000
3.644,4.849,5.000
3.625,4.863,5.000
3.606,4.877,5.000
3.592,4.899,5.000
3.557,4.891,5.000
3.554,4.927,5.000
3.519,4.919,5.000
3.708,5.226,5.000
3.501,4.976,5.000
3.471,4.975,5.000
3.446,4.981,5.000
3.729,5.436,5.000
3.699,5.437,5.000
3.392,5.029,5.000
3.368,5.034,5.000
3.382,5.099,5.000
3.489,5.305,5.000
3.318,5.089,5.000
3.298,5.102,5.000
3.258,5.084,5.000
3.258,5.127,5.000
3.509,5.571,5.000
3.441,5.511,5.000
3.197,5.165,5.000
3.181,5.185,5.000
3.128,5.144,5.000
3.131,5.195,5.000
3.097,5.184,5.000
3.081,5.204,5.000
3.065,5.224,5.000
3.306,5.685,5.000
3.024,5.248,5.000
3.004,5.260,5.000
2.987,5.279,5.000
2.984,5.322,5.000
2.972,5.349,5.000
2.925,5.314,5.000
2.904,5.325,5.000
2.845,5.266,5.000
2.862,5.348,5.000
2.854,5.383,5.000
3.061,5.829,5.000
2.799,5.381,5.000
2.786,5.408,5.000
2.757,5.403,5.000
2.966,5.869,5.000
2.714,5.425,5.000
2.693,5.435,5.000
2.676,5.454,5.000
2.866,5.901,5.000
2.629,5.467,5.000
2.600,5.461,5.000
2.571,5.455,5.000
2.560,5.489,5.000
2.531,5.483,5.000
2.528,5.533,5.000
2.510,5.551,5.000
2.478,5.537,5.000
2.456,5.546,5.000
2.441,5.572,5.000
2.419,5.582,5.000
2.387,5.567,5.000
2.375,5.601,5.000
2.538,6.050,5.000
2.328,5.611,5.000
2.306,5.620,5.000
2.264,5.579,5.000
2.265,5.646,5.000
2.243,5.655,5.000
2.214,5.647,5.000
2.176,5.614,5.000
2.170,5.665,5.000
2.144,5.665,5.000
2.131,5.698,5.000
2.115,5.723,5.000
2.253,6.170,5.000
2.055,5.698,5.000
2.029,5.697,5.000
2.013,5.722,5.000
1.999,5.755,5.000
1.977,5.763,5.000
1.951,5.762,5.000
1.926,5.761,5.000
1.897,5.752,5.000
1.886,5.793,5.000
2.004,6.239,5.000
1.832,5.782,5.000
1.807,5.781,5.000
1.787,5.797,5.000
1.753,5.769,5.000
1.731,5.776,5.000
1.721,5.826,5.000
1.838,6.314,5.000
1.798,6.268,5.000
1.650,5.837,5.000
1.627,5.844,5.000
1.601,5.841,5.000
1.624,6.016,5.000
1.683,6.333,5.000
1.537,5.877,5.000
1.518,5.900,5.000
1.504,5.940,5.000
1.467,5.895,5.000
1.440,5.883,5.000
1.421,5.906,5.000
1.396,5.903,5.000
1.369,5.891,5.000
1.459,6.396,5.000
1.330,5.936,5.000
1.385,6.298,5.000
1.281,5.938,5.000
1.264,5.969,5.000
1.235,5.948,5.000
1.307,6.421,5.000
1.184,5.940,5.000
1.173,6.005,5.000
1.138,5.949,5.000
1.118,5.971,5.000
1.094,5.975,5.000
1.158,6.465,5.000
1.047,5.984,5.000
1.024,5.988,5.000
0.997,5.974,5.000
1.057,6.491,5.000
1.027,6.464,5.000
0.928,5.994,5.000
0.899,5.963,5.000
0.890,6.063,5.000
0.857,6.005,5.000
0.835,6.017,5.000
0.810,6.011,5.000
0.788,6.023,5.000
0.763,6.018,5.000
0.741,6.038,5.000
0.717,6.032,5.000
0.749,6.525,5.000
0.667,6.020,5.000
0.646,6.049,5.000
0.624,6.060,5.000
0.597,6.036,5.000
0.578,6.083,5.000
0.549,6.032,5.000
0.526,6.043,5.000
0.540,6.506,5.000
0.478,6.047,5.000
0.492,6.550,5.000
0.431,6.050,5.000
0.408,6.061,5.000
0.385,6.080,5.000
0.362,6.091,5.000
0.333,6.012,5.000
0.312,6.058,5.000
0.312,6.561,5.000
0.284,6.515,5.000
0.239,6.034,5.000
0.217,6.080,5.000
0.209,6.573,5.000
0.182,6.534,5.000
0.145,6.064,5.000
0.122,6.091,5.000
0.098,6.100,5.000
0.074,6.083,5.000
0.050,6.101,5.000
0.026,6.084,5.000
0.002,6.084,5.000
-0.023,6.576,5.000
-0.050,6.638,5.000
-0.069,6.065,5.000
-0.094,6.118,5.000
-0.118,6.109,5.000
-0.153,6.598,5.000
-0.164,6.055,5.000
-0.189,6.089,5.000
-0.213,6.080,5.000
-0.236,6.061,5.000
-0.262,6.104,5.000
-0.309,6.592,5.000
-0.308,6.067,5.000
-0.331,6.048,5.000
-0.383,6.533,5.000
-0.411,6.571,5.000
-0.403,6.061,5.000
-0.426,6.042,5.000
-0.470,6.316,5.000
-0.477,6.091,5.000
-0.493,5.983,5.000
-0.526,6.096,5.000
-0.546,6.050,5.000
-0.568,6.030,5.000
-0.591,6.019,5.000
-0.615,6.026,5.000
-0.699,6.586,5.000
-0.665,6.038,5.000
-0.690,6.053,5.000
-0.772,6.539,5.000
-0.792,6.489,5.000
-0.754,5.983,5.000
-0.780,5.997,5.000
-0.867,6.471,5.000
-0.832,6.026,5.000
-0.855,6.023,5.000
-0.879,6.020,5.000
-0.907,6.042,5.000
-0.930,6.039,5.000
-0.954,6.035,5.000
-0.976,6.023,5.000
-0.997,6.001,5.000
-1.053,6.185,5.000
-1.133,6.502,5.000
-1.083,6.076,5.000
-1.093,5.994,5.000
-1.117,5.989,5.000
-1.130,5.932,5.000
-1.157,5.945,5.000
-1.177,5.923,5.000
-1.209,5.962,5.000
-1.238,5.983,5.000
-1.265,5.996,5.000
-1.306,6.076,5.000
-1.408,6.424,5.000
-1.328,5.946,5.000
-1.341,5.897,5.000
-1.378,5.953,5.000
-1.391,5.904,5.000
-1.419,5.916,5.000
-1.440,5.902,5.000
-1.459,5.879,5.000
-1.493,5.916,5.000
-1.514,5.901,5.000
-1.530,5.870,5.000
-1.692,6.387,5.000
-1.774,6.593,5.000
-1.618,5.919,5.000
-1.629,5.870,5.000
-1.779,6.315,5.000
-1.809,6.323,5.000
-1.691,5.825,5.000
-1.721,5.844,5.000
-1.755,5.871,5.000
-1.908,6.293,5.000
-1.937,6.301,5.000
-1.813,5.816,5.000
-1.820,5.758,5.000
-2.014,6.285,5.000
-2.031,6.255,5.000
-1.899,5.770,5.000
-1.921,5.763,5.000
-2.105,6.230,5.000
-2.124,6.207,5.000
-1.989,5.740,5.000
-2.018,5.749,5.000
-2.025,5.699,5.000
-2.213,6.151,5.000
-2.243,6.157,5.000
-2.098,5.691,5.000
-2.127,5.700,5.000
-2.143,5.675,5.000
-2.184,5.716,5.000
-2.181,5.641,5.000
-2.277,5.819,5.000
-2.426,6.129,5.000
-2.267,5.664,5.000
-2.276,5.622,5.000
-2.400,5.861,5.000
-2.324,5.613,5.000
-2.546,6.081,5.000
-2.566,6.063,5.000
-2.383,5.568,5.000
-2.426,5.608,5.000
-2.423,5.541,5.000
-2.448,5.540,5.000
-2.481,5.555,5.000
-2.517,5.577,5.000
-2.528,5.543,5.000
-2.546,5.525,5.000
-2.575,5.531,5.000
-2.809,5.972,5.000
-2.823,5.940,5.000
-2.625,5.468,5.000
-2.662,5.490,5.000
-2.896,5.913,5.000
-2.891,5.845,5.000
-2.719,5.442,5.000
-2.948,5.843,5.000
-2.769,5.437,5.000
-2.783,5.410,5.000
-2.808,5.407,5.000
-2.821,5.380,5.000
-2.867,5.416,5.000
-2.859,5.350,5.000
-2.901,5.378,5.000
-2.909,5.343,5.000
-2.930,5.331,5.000
-2.956,5.328,5.000
-2.963,5.293,5.000
-2.984,5.281,5.000
-3.018,5.292,5.000
-3.034,5.273,5.000
-3.060,5.268,5.000
-3.080,5.256,5.000
-3.307,5.592,5.000
-3.365,5.641,5.000
-3.137,5.212,5.000
-3.167,5.215,5.000
-3.419,5.580,5.000
-3.445,5.574,5.000
-3.238,5.192,5.000
-3.225,5.127,5.000
-3.666,5.777,5.000
-3.541,5.532,5.000
-3.300,5.111,5.000
-3.329,5.113,5.000
-3.349,5.100,5.000
-3.427,5.174,5.000
-3.443,5.153,5.000
-3.675,5.454,5.000
-3.731,5.491,5.000
-3.449,5.033,5.000
-3.454,4.997,5.000
-3.483,4.998,5.000
-3.503,4.985,5.000
-3.523,4.971,5.000
-3.552,4.971,5.000
-3.577,4.964,5.000
-3.879,5.339,5.000
-3.590,4.901,5.000
-3.604,4.879,5.000
-3.639,4.886,5.000
-3.663,4.879,5.000
-3.677,4.858,5.000
-3.696,4.843,5.000
-3.688,4.793,5.000
-4.021,5.184,5.000
-4.027,5.149,5.000
-3.755,4.764,5.000
-3.780,4.756,5.000
-3.955,4.936,5.000
-3.811,4.719,5.000
-3.858,4.738,5.000
-3.882,4.730,5.000
-3.878,4.687,5.000
-3.902,4.679,5.000
-3.915,4.657,5.000
-3.939,4.648,5.000
-3.968,4.646,5.000
-3.981,4.624,5.000
-4.039,4.654,5.000
-4.017,4.592,5.000
-4.029,4.570,5.000
-4.029,4.534,5.000
-4.065,4.538,5.000
-4.065,4.502,5.000
-4.307,4.733,5.000
-4.136,4.509,5.000
-4.099,4.434,5.000
-4.177,4.483,5.000
-4.513,4.805,5.000
-4.537,4.793,5.000
-4.199,4.402,5.000
-4.204,4.372,5.000
-4.533,4.677,5.000
-4.257,4.358,5.000
-4.280,4.348,5.000
-4.291,4.325,5.000
-4.327,4.326,5.000
-4.306,4.272,5.000
-4.664,4.591,5.000
-4.384,4.281,5.000
-4.375,4.239,5.000
-4.386,4.216,5.000
-4.370,4.168,5.000
-4.432,4.194,5.000
-4.442,4.170,5.000
-4.445,4.141,5.000
-4.858,4.490,5.000
-4.631,4.246,5.000
-4.500,4.094,5.000
-4.536,4.094,5.000
-4.532,4.058,5.000
-4.541,4.035,5.000
-4.564,4.023,5.000
-4.580,4.005,5.000
-4.629,4.016,5.000
-4.611,3.969,5.000
-4.633,3.956,5.000
-4.655,3.944,5.000
-4.678,3.931,5.000
-4.645,3.873,5.000
-4.695,3.883,5.000
-4.703,3.859,5.000
-5.125,4.171,5.000
-5.117,4.131,5.000
-4.741,3.798,5.000
-5.179,4.115,5.000
-4.820,3.798,5.000
-4.793,3.747,5.000
-5.378,4.170,5.000
-5.181,3.985,5.000
-4.815,3.674,5.000
-4.983,3.771,5.000
-5.278,3.962,5.000
-4.858,3.617,5.000
-4.880,3.603,5.000
-5.312,3.890,5.000
-5.321,3.865,5.000
-4.922,3.545,5.000
-4.950,3.536,5.000
-5.353,3.793,5.000
-5.368,3.771,5.000
-5.331,3.714,5.000
-4.998,3.453,5.000
-5.169,3.541,5.000
-5.433,3.691,5.000
-5.038,3.394,5.000
-5.044,3.369,5.000
-5.065,3.354,5.000
-5.424,3.562,5.000
-5.091,3.314,5.000
-5.074,3.275,5.000
-5.117,3.274,5.000
-5.145,3.264,5.000
-5.135,3.229,5.000
-5.140,3.204,5.000
-5.183,3.203,5.000
-5.614,3.439,5.000
-5.193,3.153,5.000
-5.197,3.128,5.000
-5.187,3.093,5.000
-5.634,3.330,5.000
-5.234,3.066,5.000
-5.223,3.032,5.000
-5.258,3.025,5.000
-5.277,3.009,5.000
-5.266,2.975,5.000
-5.293,2.963,5.000
-5.289,2.933,5.000
-5.332,2.930,5.000
-5.359,2.917,5.000
-5.339,2.879,5.000
-5.350,2.858,5.000
-5.385,2.850,5.000
-5.396,2.828,5.000
-5.399,2.803,5.000
-5.855,3.011,5.000
-5.636,2.870,5.000
-5.424,2.735,5.000
-5.435,2.714,5.000
-5.909,2.922,5.000
-5.899,2.888,5.000
-5.442,2.638,5.000
-5.469,2.624,5.000
-5.487,2.607,5.000
-5.497,2.585,5.000
-5.499,2.560,5.000
-5.485,2.527,5.000
-5.511,2.513,5.000
-5.521,2.491,5.000
-5.571,2.487,5.000
-5.573,2.462,5.000
-5.574,2.436,5.000
-5.576,2.411,5.000
-5.610,2.400,5.000
-5.594,2.367,5.000
-5.612,2.349,5.000
-5.621,2.327,5.000
-5.655,2.314,5.000
-5.672,2.296,5.000
-5.648,2.260,5.000
-5.665,2.241,5.000
-5.649,2.209,5.000
-5.633,2.177,5.000
-6.106,2.333,5.000
-5.700,2.152,5.000
-5.700,2.126,5.000
-5.716,2.107,5.000
-5.691,2.072,5.000
-6.181,2.223,5.000
-6.061,2.153,5.000
-5.790,2.031,5.000
-6.236,2.160,5.000
-5.781,1.977,5.000
-5.772,1.949,5.000
-5.771,1.923,5.000
-5.779,1.901,5.000
-5.820,1.889,5.000
-5.811,1.861,5.000
-5.809,1.835,5.000
-5.808,1.810,5.000
-5.781,1.776,5.000
-5.831,1.767,5.000
-6.301,1.882,5.000
-5.776,1.701,5.000
-5.826,1.690,5.000
-5.849,1.672,5.000
-5.864,1.652,5.000
-5.854,1.624,5.000
-5.843,1.596,5.000
-5.883,1.582,5.000
-5.820,1.541,5.000
-5.887,1.534,5.000
-5.884,1.509,5.000
-6.354,1.602,5.000
-6.368,1.579,5.000
-5.893,1.437,5.000
-5.933,1.422,5.000
-5.922,1.395,5.000
-5.944,1.375,5.000
-5.915,1.344,5.000
-5.938,1.325,5.000
-5.951,1.303,5.000
-5.930,1.274,5.000
-5.927,1.249,5.000
-5.975,1.235,5.000
-5.980,1.211,5.000
-5.906,1.172,5.000
-5.954,1.158,5.000
-6.414,1.221,5.000
-5.998,1.117,5.000
-5.941,1.083,5.000
-6.007,1.070,5.000
-5.993,1.044,5.000
-6.032,1.026,5.000
-6.495,1.078,5.000
-5.979,0.969,5.000
-6.009,0.949,5.000
-6.476,0.997,5.000
-6.409,0.961,5.000
-6.020,0.878,5.000
-6.032,0.856,5.000
-6.062,0.836,5.000
-6.021,0.806,5.000
-6.050,0.786,5.000
-6.001,0.755,5.000
-6.551,0.799,5.000
-6.476,0.764,5.000
-6.044,0.689,5.000
-6.056,0.666,5.000
-6.067,0.643,5.000
-6.096,0.622,5.000
-6.072,0.595,5.000
-6.563,0.617,5.000
-6.077,0.548,5.000
-6.105,0.526,5.000
-6.063,0.498,5.000
-6.065,0.475,5.000
-6.597,0.490,5.000
-6.069,0.427,5.000
-6.105,0.405,5.000
-6.098,0.381,5.000
-6.073,0.355,5.000
-6.092,0.332,5.000
-6.067,0.307,5.000
-6.041,0.282,5.000
-6.096,0.261,5.000
-6.097,0.237,5.000
-6.062,0.211,5.000
-6.081,0.188,5.000
-6.117,0.165,5.000
-6.535,0.151,5.000
-6.488,0.124,5.000
-6.065,0.092,5.000
-6.544,0.074,5.000
-6.092,0.045,5.000
-6.057,0.021,5.000
-6.101,-0.003,5.000
-6.084,-0.027,5.000
-6.101,-0.051,5.000
-6.101,-0.075,5.000
-6.065,-0.098,5.000
-6.109,-0.123,5.000
-6.091,-0.147,5.000
-6.090,-0.171,5.000
-6.080,-0.194,5.000
-6.580,-0.236,5.000
-6.571,-0.262,5.000
-6.060,-0.265,5.000
-6.129,-0.292,5.000
-6.084,-0.314,5.000
-6.065,-0.337,5.000
-6.099,-0.363,5.000
-6.071,-0.385,5.000
-6.087,-0.410,5.000
-6.068,-0.433,5.000
-6.102,-0.459,5.000
-6.073,-0.481,5.000
-6.036,-0.502,5.000
-6.087,-0.531,5.000
-6.058,-0.552,5.000
-6.074,-0.577,5.000
-6.063,-0.600,5.000
-6.139,-0.632,5.000
-6.049,-0.647,5.000
-6.055,-0.672,5.000
-6.070,-0.698,5.000
-6.050,-0.719,5.000
-6.047,-0.743,5.000
-6.035,-0.766,5.000
-6.067,-0.794,5.000
-6.064,-0.818,5.000
-6.052,-0.841,5.000
-6.031,-0.862,5.000
-6.036,-0.887,5.000
-6.050,-0.913,5.000
-6.029,-0.934,5.000
-6.026,-0.958,5.000
-6.013,-0.980,5.000
-6.027,-1.007,5.000
-6.031,-1.032,5.000
-6.001,-1.051,5.000
-6.006,-1.076,5.000
-6.019,-1.103,5.000
-5.997,-1.123,5.000
-5.966,-1.142,5.000
-5.971,-1.167,5.000
-5.983,-1.194,5.000
-5.953,-1.212,5.000
-5.956,-1.237,5.000
-5.960,-1.262,5.000
-5.929,-1.280,5.000
-5.950,-1.309,5.000
-5.945,-1.333,5.000
-5.957,-1.360,5.000
-5.917,-1.375,5.000
-5.929,-1.403,5.000
-5.923,-1.426,5.000
-5.935,-1.453,5.000
-5.937,-1.479,5.000
-5.923,-1.500,5.000
-5.883,-1.514,5.000
-5.885,-1.540,5.000
-5.862,-1.558,5.000
-5.907,-1.595,5.000
-5.875,-1.611,5.000
-5.903,-1.644,5.000
-5.880,-1.662,5.000
-5.865,-1.683,5.000
-5.858,-1.706,5.000
-5.851,-1.729,5.000
-5.903,-1.770,5.000
-5.854,-1.780,5.000
-5.771,-1.779,5.000
-6.277,-1.962,5.000
-6.276,-1.989,5.000
-5.809,-1.866,5.000
-5.810,-1.892,5.000
-5.794,-1.912,5.000
-5.770,-1.929,5.000
-5.779,-1.957,5.000
-5.788,-1.986,5.000
-5.763,-2.003,5.000
-5.739,-2.020,5.000
-5.747,-2.048,5.000
-5.731,-2.068,5.000
-5.739,-2.096,5.000
-5.723,-2.116,5.000
-5.731,-2.144,5.000
-5.706,-2.161,5.000
-5.811,-2.227,5.000
-6.146,-2.383,5.000
-5.672,-2.224,5.000
-5.655,-2.243,5.000
-5.654,-2.269,5.000
-5.645,-2.291,5.000
-5.652,-2.320,5.000
-5.619,-2.332,5.000
-5.626,-2.361,5.000
-5.608,-2.380,5.000
-5.591,-2.398,5.000
-5.638,-2.445,5.000
-5.604,-2.456,5.000
-5.562,-2.464,5.000
-5.593,-2.504,5.000
-5.527,-2.500,5.000
-5.541,-2.533,5.000
-5.970,-2.758,5.000
-5.959,-2.781,5.000
-5.519,-2.602,5.000
-5.500,-2.620,5.000
-5.912,-2.844,5.000
-5.886,-2.860,5.000
-5.485,-2.692,5.000
-5.451,-2.702,5.000
-5.888,-2.947,5.000
-5.397,-2.729,5.000
-5.387,-2.750,5.000
-5.810,-2.995,5.000
-5.813,-3.025,5.000
-5.370,-2.821,5.000
-5.359,-2.842,5.000
-5.769,-3.090,5.000
-5.519,-2.984,5.000
-5.325,-2.905,5.000
-5.367,-2.956,5.000
-5.309,-2.951,5.000
-5.282,-2.964,5.000
-5.271,-2.984,5.000
-5.290,-3.023,5.000
-5.656,-3.261,5.000
-5.250,-3.055,5.000
-5.238,-3.076,5.000
-5.651,-3.348,5.000
-5.698,-3.406,5.000
-5.179,-3.124,5.000
-5.618,-3.418,5.000
-5.215,-3.201,5.000
-5.149,-3.189,5.000
-5.537,-3.459,5.000
-5.537,-3.489,5.000
-5.111,-3.250,5.000
-5.114,-3.279,5.000
-5.502,-3.559,5.000
-5.035,-3.285,5.000
-5.060,-3.329,5.000
-5.076,-3.369,5.000
-5.033,-3.369,5.000
-5.027,-3.394,5.000
-5.036,-3.429,5.000
-5.447,-3.740,5.000
-5.009,-3.468,5.000
-5.039,-3.518,5.000
-5.364,-3.777,5.000
-5.375,-3.816,5.000
-5.302,-3.796,5.000
-4.933,-3.561,5.000
-4.954,-3.606,5.000
-5.257,-3.858,5.000
-4.919,-3.639,5.000
-4.862,-3.627,5.000
-5.198,-3.910,5.000
-4.847,-3.676,5.000
-4.826,-3.690,5.000
-4.818,-3.714,5.000
-4.811,-3.738,5.000
-4.775,-3.741,5.000
-5.173,-4.085,5.000
-5.182,-4.125,5.000
-4.765,-3.824,5.000
-4.730,-3.826,5.000
-4.721,-3.851,5.000
-4.706,-3.869,5.000
-4.691,-3.888,5.000
-5.065,-4.231,5.000
-4.660,-3.924,5.000
-4.618,-3.920,5.000
-4.643,-3.972,5.000
-4.600,-3.967,5.000
-4.611,-4.009,5.000
-4.922,-4.313,5.000
-4.553,-4.021,5.000
-4.564,-4.063,5.000
-4.912,-4.408,5.000
-4.771,-4.314,5.000
-4.489,-4.092,5.000
-4.499,-4.134,5.000
-4.477,-4.146,5.000
-4.454,-4.157,5.000
-4.450,-4.187,5.000
-4.789,-4.541,5.000
-4.754,-4.544,5.000
-4.388,-4.227,5.000
-4.724,-4.586,5.000
-4.323,-4.230,5.000
-4.331,-4.272,5.000
-4.352,-4.326,5.000
-4.291,-4.299,5.000
-4.281,-4.323,5.000
-4.258,-4.333,5.000
-4.253,-4.362,5.000
-4.248,-4.392,5.000
-4.194,-4.370,5.000
-4.201,-4.412,5.000
-4.153,-4.396,5.000
-4.178,-4.458,5.000
-4.149,-4.461,5.000
-4.143,-4.491,5.000
-4.114,-4.494,5.000
-4.108,-4.523,5.000
-4.066,-4.513,5.000
-4.055,-4.535,5.000
-4.043,-4.558,5.000
-4.025,-4.574,5.000
-4.036,-4.623,5.000
-4.006,-4.625,5.000
-3.953,-4.601,5.000
-3.952,-4.637,5.000
-3.951,-4.672,5.000
-3.921,-4.674,5.000
-3.892,-4.676,5.000
-3.885,-4.705,5.000
-3.872,-4.727,5.000
-3.881,-4.776,5.000
-3.834,-4.757,5.000
-3.810,-4.765,5.000
-3.769,-4.752,5.000
-3.783,-4.809,5.000
-3.781,-4.845,5.000
-3.735,-4.825,5.000
-3.721,-4.846,5.000
-3.697,-4.854,5.000
-3.656,-4.840,5.000
-3.658,-4.883,5.000
-3.639,-4.897,5.000
-3.615,-4.904,5.000
-3.569,-4.882,5.000
-3.860,-5.324,5.000
-3.848,-5.352,5.000
-3.532,-4.953,5.000
-3.471,-4.909,5.000
-3.730,-5.319,5.000
-3.759,-5.405,5.000
-3.408,-4.942,5.000
-3.404,-4.977,5.000
-3.399,-5.013,5.000
-3.370,-5.011,5.000
-3.340,-5.010,5.000
-3.320,-5.023,5.000
-3.305,-5.043,5.000
-3.231,-4.972,5.000
-3.290,-5.107,5.000
-3.540,-5.542,5.000
-3.488,-5.509,5.000
-3.196,-5.092,5.000
-3.176,-5.105,5.000
-3.165,-5.132,5.000
-3.159,-5.168,5.000
-3.116,-5.142,5.000
-3.072,-5.115,5.000
-3.075,-5.166,5.000
-3.073,-5.209,5.000
-3.030,-5.182,5.000
-3.028,-5.225,5.000
-2.971,-5.174,5.000
-2.973,-5.225,5.000
-2.966,-5.261,5.000
-2.945,-5.272,5.000
-2.937,-5.307,5.000
-2.904,-5.295,5.000
-2.896,-5.330,5.000
-2.858,-5.310,5.000
-3.075,-5.768,5.000
-2.988,-5.659,5.000
-2.782,-5.319,5.000
-2.766,-5.338,5.000
-2.736,-5.333,5.000
-2.736,-5.384,5.000
-2.707,-5.378,5.000
-2.689,-5.397,5.000
-2.652,-5.375,5.000
-2.647,-5.418,5.000
-2.622,-5.420,5.000
-2.604,-5.439,5.000
-2.575,-5.433,5.000
-2.561,-5.459,5.000
-2.540,-5.469,5.000
-2.515,-5.471,5.000
-2.489,-5.472,5.000
-2.475,-5.499,5.000
-2.450,-5.500,5.000
-2.425,-5.501,5.000
-2.396,-5.494,5.000
-2.583,-5.987,5.000
-2.553,-5.983,5.000
-2.352,-5.572,5.000
-2.344,-5.614,5.000
-2.298,-5.565,5.000
-2.289,-5.607,5.000
-2.257,-5.592,5.000
-2.229,-5.584,5.000
-2.213,-5.609,5.000
-2.188,-5.609,5.000
-2.166,-5.618,5.000
-2.144,-5.626,5.000
-2.125,-5.643,5.000
-2.103,-5.651,5.000
-2.071,-5.634,5.000
-2.052,-5.651,5.000
-2.033,-5.667,5.000
-2.023,-5.709,5.000
-1.985,-5.675,5.000
-1.963,-5.682,5.000
-1.961,-5.749,5.000
-2.086,-6.195,5.000
-1.896,-5.705,5.000
-1.882,-5.738,5.000
-2.020,-6.242,5.000
-1.823,-5.710,5.000
-1.809,-5.743,5.000
-1.789,-5.759,5.000
-1.766,-5.766,5.000
-1.741,-5.764,5.000
-1.703,-5.719,5.000
-1.696,-5.777,5.000
-1.792,-6.194,5.000
-1.645,-5.773,5.000
-1.627,-5.797,5.000
-1.607,-5.812,5.000
-1.582,-5.810,5.000
-1.559,-5.816,5.000
-1.538,-5.830,5.000
-1.515,-5.836,5.000
-1.495,-5.851,5.000
-1.470,-5.848,5.000
-1.442,-5.836,5.000
-1.415,-5.825,5.000
-1.398,-5.856,5.000
-1.373,-5.853,5.000
-1.348,-5.850,5.000
-1.331,-5.881,5.000
-1.413,-6.358,5.000
-1.283,-5.883,5.000
-1.254,-5.861,5.000
-1.231,-5.866,5.000
-1.214,-5.897,5.000
-1.174,-5.822,5.000
-1.169,-5.916,5.000
-1.244,-6.425,5.000
-1.217,-6.422,5.000
-1.099,-5.929,5.000
-1.071,-5.907,5.000
-1.053,-5.937,5.000
-1.026,-5.924,5.000
-1.089,-6.437,5.000
-1.059,-6.410,5.000
-0.958,-5.944,5.000
-0.933,-5.939,5.000
-0.907,-5.925,5.000
-0.961,-6.450,5.000
-0.860,-5.932,5.000
-0.846,-5.998,5.000
-0.883,-6.445,5.000
-0.858,-6.448,5.000
-0.769,-5.963,5.000
-0.746,-5.966,5.000
-0.723,-5.977,5.000
-0.708,-6.051,5.000
-0.687,-6.080,5.000
-0.705,-6.466,5.000
-0.682,-6.485,5.000
-0.610,-6.026,5.000
-0.586,-6.028,5.000
-0.559,-5.995,5.000
-0.536,-6.006,5.000
-0.512,-6.008,5.000
-0.488,-6.001,5.000
-0.464,-5.994,5.000
-0.442,-6.014,5.000
-0.417,-5.998,5.000
-0.393,-5.999,5.000
-0.369,-5.992,5.000
-0.344,-5.966,5.000
-0.322,-6.003,5.000
-0.325,-6.521,5.000
-0.297,-6.490,5.000
-0.252,-6.007,5.000
-0.229,-6.026,5.000
-0.205,-6.018,5.000
-0.181,-6.018,5.000
-0.158,-6.055,5.000
-0.134,-6.029,5.000
-0.119,-6.504,5.000
-0.086,-6.002,5.000
-0.063,-6.003,5.000
-0.039,-6.021,5.000
-0.016,-6.021,5.000
0.009,-6.424,5.000
0.032,-6.003,5.000
0.060,-6.513,5.000
0.085,-6.456,5.000
0.102,-6.002,5.000
0.127,-6.056,5.000
0.150,-6.028,5.000
0.189,-6.550,5.000
0.196,-5.991,5.000
0.221,-6.017,5.000
0.245,-6.016,5.000
0.268,-6.015,5.000
0.294,-6.050,5.000
0.315,-5.995,5.000
0.339,-6.011,5.000
0.363,-6.019,5.000
0.382,-5.945,5.000
0.409,-5.989,5.000
0.425,-5.887,5.000
0.451,-5.922,5.000
0.475,-5.929,5.000
0.501,-5.964,5.000
0.522,-5.925,5.000
0.543,-5.905,5.000
0.566,-5.903,5.000
0.591,-5.919,5.000
0.613,-5.898,5.000
0.676,-6.263,5.000
0.665,-5.948,5.000
0.678,-5.854,5.000
0.765,-6.386,5.000
0.794,-6.416,5.000
0.784,-6.139,5.000
0.777,-5.897,5.000
0.799,-5.885,5.000
0.894,-6.394,5.000
0.919,-6.391,5.000
0.944,-6.387,5.000
0.891,-5.872,5.000
0.924,-5.931,5.000
0.939,-5.874,5.000
1.043,-6.363,5.000
0.985,-5.866,5.000
1.005,-5.844,5.000
1.028,-5.840,5.000
1.057,-5.872,5.000
1.103,-5.992,5.000
1.102,-5.855,5.000
1.219,-6.340,5.000
1.144,-5.828,5.000
1.164,-5.805,5.000
1.196,-5.846,5.000
1.211,-5.805,5.000
1.236,-5.809,5.000
1.259,-5.804,5.000
1.275,-5.772,5.000
1.306,-5.803,5.000
1.327,-5.789,5.000
1.343,-5.757,5.000
1.370,-5.770,5.000
1.397,-5.782,5.000
1.418,-5.768,5.000
1.436,-5.744,5.000
1.465,-5.765,5.000
1.479,-5.724,5.000
1.501,-5.718,5.000
1.526,-5.721,5.000
1.678,-6.192,5.000
1.561,-5.673,5.000
1.598,-5.720,5.000
1.751,-6.172,5.000
1.819,-6.320,5.000
1.663,-5.692,5.000
1.691,-5.703,5.000
1.710,-5.688,5.000
1.735,-5.690,5.000
1.908,-6.168,5.000
1.908,-6.083,5.000
1.780,-5.598,5.000
1.816,-5.635,5.000
1.861,-5.698,5.000
1.875,-5.664,5.000
1.897,-5.657,5.000
2.082,-6.129,5.000
1.932,-5.616,5.000
1.948,-5.591,5.000
1.976,-5.601,5.000
1.995,-5.584,5.000
2.027,-5.602,5.000
2.042,-5.577,5.000
2.058,-5.552,5.000
2.099,-5.595,5.000
2.105,-5.544,5.000
2.126,-5.536,5.000
2.342,-6.025,5.000
2.360,-6.001,5.000
2.178,-5.476,5.000
2.217,-5.510,5.000
2.255,-5.544,5.000
2.263,-5.501,5.000
2.288,-5.500,5.000
2.500,-5.944,5.000
2.524,-5.934,5.000
2.350,-5.465,5.000
2.371,-5.455,5.000
2.554,-5.814,5.000
2.403,-5.411,5.000
2.435,-5.427,5.000
2.453,-5.409,5.000
2.489,-5.433,5.000
2.499,-5.398,5.000
2.512,-5.372,5.000
2.533,-5.362,5.000
2.781,-5.827,5.000
2.595,-5.383,5.000
2.636,-5.413,5.000
2.658,-5.403,5.000
2.679,-5.392,5.000
2.676,-5.333,5.000
2.717,-5.363,5.000
2.705,-5.288,5.000
2.771,-5.366,5.000
2.755,-5.282,5.000
2.758,-5.239,5.000
2.826,-5.317,5.000
2.847,-5.305,5.000
2.859,-5.278,5.000
2.906,-5.314,5.000
2.922,-5.295,5.000
2.921,-5.244,5.000
2.955,-5.256,5.000
2.962,-5.221,5.000
3.184,-5.561,5.000
3.262,-5.646,5.000
3.019,-5.178,5.000
3.044,-5.174,5.000
3.349,-5.641,5.000
3.355,-5.601,5.000
3.142,-5.199,5.000
3.139,-5.149,5.000
3.187,-5.182,5.000
3.146,-5.070,5.000
3.195,-5.104,5.000
3.229,-5.114,5.000
3.490,-5.480,5.000
3.525,-5.486,5.000
3.593,-5.545,5.000
3.343,-5.114,5.000
3.319,-5.034,5.000
3.388,-5.095,5.000
3.383,-5.045,5.000
3.408,-5.039,5.000
3.714,-5.446,5.000
3.478,-5.056,5.000
3.416,-4.925,5.000
3.492,-4.992,5.000
3.522,-4.993,5.000
3.541,-4.979,5.000
3.551,-4.951,5.000
3.586,-4.958,5.000
3.600,-4.937,5.000
3.609,-4.909,5.000
3.617,-4.880,5.000
3.631,-4.859,5.000
3.677,-4.880,5.000
3.712,-4.886,5.000
3.699,-4.830,5.000
3.718,-4.815,5.000
3.742,-4.808,5.000
3.767,-4.800,5.000
3.785,-4.785,5.000
3.777,-4.735,5.000
3.840,-4.776,5.000
3.836,-4.733,5.000
3.877,-4.745,5.000
3.867,-4.696,5.000
3.886,-4.681,5.000
3.904,-4.665,5.000
3.900,-4.623,5.000
4.260,-5.010,5.000
4.290,-5.005,5.000
4.380,-5.070,5.000
3.989,-4.581,5.000
4.025,-4.585,5.000
4.373,-4.943,5.000
4.055,-4.547,5.000
4.067,-4.524,5.000
4.102,-4.528,5.000
4.102,-4.492,5.000
4.126,-4.483,5.000
4.143,-4.467,5.000
4.149,-4.437,5.000
4.190,-4.447,5.000
4.208,-4.430,5.000
4.207,-4.394,5.000
4.218,-4.371,5.000
4.191,-4.310,5.000
4.221,-4.306,5.000
4.250,-4.302,5.000
4.236,-4.254,5.000
4.284,-4.269,5.000
4.419,-4.369,5.000
4.311,-4.229,5.000
4.308,-4.193,5.000
4.318,-4.170,5.000
4.341,-4.159,5.000
4.344,-4.130,5.000
4.380,-4.131,5.000
4.761,-4.455,5.000
4.399,-4.084,5.000
4.808,-4.428,5.000
4.451,-4.068,5.000
4.447,-4.032,5.000
4.842,-4.355,5.000
4.859,-4.336,5.000
4.876,-4.317,5.000
4.503,-3.956,5.000
4.553,-3.968,5.000
4.548,-3.932,5.000
4.577,-3.926,5.000
4.579,-3.896,5.000
4.601,-3.884,5.000
4.630,-3.877,5.000
4.638,-3.853,5.000
4.653,-3.835,5.000
4.682,-3.828,5.000
5.052,-4.098,5.000
4.677,-3.763,5.000
4.706,-3.756,5.000
4.784,-3.787,5.000
4.742,-3.724,5.000
4.736,-3.689,5.000
4.771,-3.687,5.000
4.772,-3.657,5.000
4.800,-3.649,5.000
4.757,-3.587,5.000
4.843,-3.622,5.000
4.843,-3.593,5.000
5.252,-3.864,5.000
5.274,-3.848,5.000
4.863,-3.519,5.000
4.847,-3.479,5.000
5.299,-3.772,5.000
5.334,-3.765,5.000
4.910,-3.437,5.000
5.389,-3.741,5.000
4.967,-3.419,5.000
4.951,-3.379,5.000
4.994,-3.380,5.000
5.014,-3.365,5.000
5.020,-3.341,5.000
5.251,-3.465,5.000
5.031,-3.291,5.000
5.437,-3.526,5.000
5.491,-3.531,5.000
5.077,-3.237,5.000
5.067,-3.202,5.000
5.087,-3.187,5.000
5.176,-3.214,5.000
5.150,-3.170,5.000
5.140,-3.136,5.000
5.175,-3.130,5.000
5.172,-3.100,5.000
5.161,-3.066,5.000
5.188,-3.055,5.000
5.231,-3.053,5.000
5.173,-2.991,5.000
5.216,-2.989,5.000
5.244,-2.978,5.000
5.247,-2.952,5.000
5.251,-2.927,5.000
5.722,-3.160,5.000
5.266,-2.882,5.000
5.277,-2.861,5.000
5.296,-2.845,5.000
5.757,-3.063,5.000
5.740,-3.025,5.000
5.330,-2.782,5.000
5.316,-2.749,5.000
5.343,-2.736,5.000
5.370,-2.723,5.000
5.389,-2.706,5.000
5.399,-2.685,5.000
5.394,-2.656,5.000
5.460,-2.662,5.000
5.423,-2.617,5.000
5.376,-2.568,5.000
5.410,-2.559,5.000
5.445,-2.549,5.000
5.536,-2.565,5.000
5.554,-2.547,5.000
5.540,-2.514,5.000
5.566,-2.500,5.000
5.575,-2.478,5.000
5.593,-2.459,5.000
5.579,-2.427,5.000
5.604,-2.412,5.000
5.606,-2.386,5.000
5.623,-2.368,5.000
6.092,-2.537,5.000
6.110,-2.516,5.000
5.634,-2.295,5.000
5.651,-2.276,5.000
5.677,-2.260,5.000
5.661,-2.228,5.000
5.694,-2.216,5.000
6.116,-2.352,5.000
6.191,-2.353,5.000
5.761,-2.164,5.000
5.728,-2.126,5.000
5.728,-2.100,5.000
5.720,-2.072,5.000
5.745,-2.055,5.000
5.736,-2.027,5.000
6.187,-2.159,5.000
5.760,-1.984,5.000
5.776,-1.965,5.000
6.257,-2.101,5.000
5.817,-1.927,5.000
5.791,-1.894,5.000
5.781,-1.865,5.000
5.822,-1.853,5.000
5.829,-1.831,5.000
5.828,-1.805,5.000
5.827,-1.779,5.000
5.817,-1.751,5.000
5.824,-1.729,5.000
5.839,-1.708,5.000
5.888,-1.697,5.000
5.886,-1.672,5.000
5.867,-1.642,5.000
5.865,-1.616,5.000
5.863,-1.591,5.000
5.817,-1.554,5.000
5.892,-1.549,5.000
5.829,-1.508,5.000
5.896,-1.501,5.000
5.901,-1.478,5.000
5.881,-1.448,5.000
5.852,-1.416,5.000
5.849,-1.391,5.000
6.093,-1.424,5.000
6.355,-1.459,5.000
5.865,-1.322,5.000
5.870,-1.299,5.000
6.341,-1.377,5.000
6.370,-1.357,5.000
5.894,-1.232,5.000
5.881,-1.205,5.000
6.306,-1.266,5.000
5.908,-1.162,5.000
5.948,-1.146,5.000
5.917,-1.116,5.000
5.948,-1.097,5.000
5.952,-1.074,5.000
6.429,-1.134,5.000
6.442,-1.110,5.000
5.866,-0.987,5.000
5.806,-0.954,5.000
5.892,-0.944,5.000
5.940,-0.928,5.000
6.391,-0.973,5.000
6.355,-0.942,5.000
5.888,-0.849,5.000
5.873,-0.823,5.000
6.445,-0.877,5.000
6.433,-0.850,5.000
5.900,-0.756,5.000
5.885,-0.731,5.000
6.426,-0.772,5.000
6.421,-0.746,5.000
5.911,-0.663,5.000
5.905,-0.639,5.000
6.430,-0.670,5.000
6.448,-0.647,5.000
5.912,-0.569,5.000
5.905,-0.545,5.000
6.439,-0.569,5.000
6.442,-0.544,5.000
5.902,-0.475,5.000
5.922,-0.453,5.000
5.914,-0.429,5.000
5.998,-0.412,5.000
5.945,-0.385,5.000
5.956,-0.362,5.000
5.939,-0.337,5.000
5.931,-0.313,5.000
5.932,-0.290,5.000
6.024,-0.271,5.000
6.034,-0.248,5.000
6.017,-0.223,5.000
5.991,-0.199,5.000
5.991,-0.175,5.000
6.028,-0.153,5.000
6.029,-0.129,5.000
6.011,-0.105,5.000
6.056,-0.082,5.000
5.893,-0.056,5.500
6.003,-0.034,5.500
6.021,-0.010,5.500
6.030,0.013,5.500
6.021,0.037,5.500
6.012,0.061,5.500
6.029,0.084,5.500
6.038,0.108,5.500
5.992,0.131,5.500
6.297,0.162,5.500
6.009,0.179,5.500
6.501,0.219,5.500
6.460,0.243,5.500
6.016,0.250,5.500
5.988,0.272,5.500
5.978,0.295,5.500
6.519,0.348,5.500
6.446,0.369,5.500
5.983,0.366,5.500
5.990,0.390,5.500
6.489,0.449,5.500
6.005,0.439,5.500
5.994,0.462,5.500
6.001,0.486,5.500
5.981,0.508,5.500
6.487,0.577,5.500
6.485,0.602,5.500
5.984,0.579,5.500
5.982,0.603,5.500
6.461,0.677,5.500
6.490,0.706,5.500
5.983,0.674,5.500
5.980,0.698,5.500
6.442,0.777,5.500
6.407,0.799,5.500
5.963,0.767,5.500
5.924,0.786,5.500
6.461,0.883,5.500
5.927,0.834,5.500
5.959,0.862,5.500
6.231,0.926,5.500
6.446,0.984,5.500
5.948,0.932,5.500
5.945,0.956,5.500
6.379,1.051,5.500
6.358,1.073,5.500
5.924,1.024,5.500
5.938,1.050,5.500
6.424,1.163,5.500
6.520,1.206,5.500
5.916,1.119,5.500
5.912,1.142,5.500
5.916,1.167,5.500
5.858,1.179,5.500
5.898,1.212,5.500
5.902,1.237,5.500
5.897,1.260,5.500
5.830,1.269,5.500
5.896,1.308,5.500
5.855,1.323,5.500
5.841,1.344,5.500
5.862,1.373,5.500
5.866,1.398,5.500
5.851,1.419,5.500
5.863,1.447,5.500
5.805,1.456,5.500
5.852,1.493,5.500
5.828,1.511,5.500
6.321,1.665,5.500
6.322,1.692,5.500
5.819,1.582,5.500
5.830,1.610,5.500
6.263,1.756,5.500
5.791,1.648,5.500
5.870,1.695,5.500
5.726,1.678,5.500
5.848,1.739,5.500
5.764,1.739,5.500
5.758,1.761,5.500
5.827,1.808,5.500
5.820,1.831,5.500
5.745,1.832,5.500
5.772,1.866,5.500
5.739,1.880,5.500
5.791,1.922,5.500
5.825,1.959,5.500
5.784,1.970,5.500
5.759,1.987,5.500
5.751,2.010,5.500
5.727,2.026,5.500
5.727,2.052,5.500
5.727,2.077,5.500
5.727,2.103,5.500
5.727,2.129,5.500
5.677,2.135,5.500
5.694,2.167,5.500
5.694,2.193,5.500
5.685,2.215,5.500
5.676,2.237,5.500
5.676,2.263,5.500
5.658,2.282,5.500
5.649,2.304,5.500
5.632,2.323,5.500
5.615,2.342,5.500
5.630,2.374,5.500
5.580,2.379,5.500
5.611,2.418,5.500
5.553,2.419,5.500
5.584,2.459,5.500
5.590,2.488,5.500
5.532,2.488,5.500
5.449,2.476,5.500
5.990,2.751,5.500
6.001,2.784,5.500
5.508,2.582,5.500
5.482,2.596,5.500
5.488,2.625,5.500
5.525,2.670,5.500
5.938,2.898,5.500
5.360,2.642,5.500
5.454,2.715,5.500
5.910,2.971,5.500
5.864,2.977,5.500
5.414,2.775,5.500
5.426,2.809,5.500
5.835,3.050,5.500
5.412,2.855,5.500
5.377,2.864,5.500
5.799,3.118,5.500
5.821,3.159,5.500
5.343,2.927,5.500
5.308,2.935,5.500
5.320,2.969,5.500
5.339,3.007,5.500
5.289,3.007,5.500
5.277,3.027,5.500
5.288,3.061,5.500
5.276,3.082,5.500
5.225,3.080,5.500
5.251,3.123,5.500
5.216,3.130,5.500
5.659,3.426,5.500
5.645,3.448,5.500
5.187,3.196,5.500
5.197,3.231,5.500
5.161,3.237,5.500
5.149,3.257,5.500
5.143,3.282,5.500
5.123,3.298,5.500
5.132,3.332,5.500
5.521,3.616,5.500
5.069,3.348,5.500
5.085,3.387,5.500
5.472,3.676,5.500
5.489,3.719,5.500
5.045,3.447,5.500
5.002,3.447,5.500
5.010,3.482,5.500
5.004,3.506,5.500
5.383,3.804,5.500
4.962,3.535,5.500
4.955,3.560,5.500
4.934,3.574,5.500
4.941,3.609,5.500
4.884,3.597,5.500
4.913,3.648,5.500
4.919,3.683,5.500
4.856,3.665,5.500
4.855,3.695,5.500
4.937,3.788,5.500
5.214,4.033,5.500
4.818,3.757,5.500
4.783,3.760,5.500
4.789,3.795,5.500
4.760,3.803,5.500
4.738,3.816,5.500
4.744,3.851,5.500
4.735,3.875,5.500
4.679,3.860,5.500
4.684,3.896,5.500
4.676,3.920,5.500
4.660,3.938,5.500
4.651,3.962,5.500
4.643,3.986,5.500
4.587,3.969,5.500
4.578,3.993,5.500
4.562,4.011,5.500
4.559,4.041,5.500
4.530,4.047,5.500
4.508,4.059,5.500
4.870,4.419,5.500
4.811,4.401,5.500
4.460,4.112,5.500
4.443,4.129,5.500
4.610,4.318,5.500
4.417,4.170,5.500
4.401,4.187,5.500
4.522,4.337,5.500
4.342,4.197,5.500
4.319,4.208,5.500
4.341,4.262,5.500
4.311,4.267,5.500
4.301,4.290,5.500
4.253,4.275,5.500
4.273,4.330,5.500
4.299,4.391,5.500
4.214,4.338,5.500
4.210,4.367,5.500
4.193,4.384,5.500
4.248,4.477,5.500
4.158,4.416,5.500
4.141,4.433,5.500
4.123,4.449,5.500
4.136,4.498,5.500
4.118,4.514,5.500
4.064,4.491,5.500
4.070,4.533,5.500
4.035,4.529,5.500
4.035,4.565,5.500
4.023,4.587,5.500
3.958,4.549,5.500
3.963,4.592,5.500
3.957,4.621,5.500
3.939,4.637,5.500
3.920,4.652,5.500
3.896,4.661,5.500
3.861,4.655,5.500
3.854,4.684,5.500
3.813,4.672,5.500
3.828,4.728,5.500
3.821,4.757,5.500
3.780,4.744,5.500
3.772,4.773,5.500
3.726,4.753,5.500
3.718,4.781,5.500
3.710,4.810,5.500
3.697,4.832,5.500
3.662,4.825,5.500
3.621,4.811,5.500
3.634,4.868,5.500
3.615,4.882,5.500
3.724,5.071,5.500
3.582,4.917,5.500
3.557,4.924,5.500
3.802,5.307,5.500
3.513,4.945,5.500
3.494,4.959,5.500
3.479,4.980,5.500
3.455,4.986,5.500
3.445,5.014,5.500
3.415,5.013,5.500
3.425,5.070,5.500
3.371,5.032,5.500
3.371,5.075,5.500
3.331,5.058,5.500
3.316,5.079,5.500
3.320,5.129,5.500
3.461,5.393,5.500
3.256,5.118,5.500
3.264,5.175,5.500
3.466,5.542,5.500
3.191,5.148,5.500
3.157,5.138,5.500
3.164,5.196,5.500
3.148,5.216,5.500
3.110,5.198,5.500
3.103,5.233,5.500
3.082,5.245,5.500
3.057,5.249,5.500
3.036,5.261,5.500
2.998,5.242,5.500
2.991,5.277,5.500
3.212,5.720,5.500
3.193,5.740,5.500
2.928,5.312,5.500
2.924,5.355,5.500
3.122,5.770,5.500
3.095,5.775,5.500
2.849,5.365,5.500
2.827,5.377,5.500
2.815,5.403,5.500
2.777,5.383,5.500
2.760,5.402,5.500
2.944,5.818,5.500
2.705,5.399,5.500
2.716,5.473,5.500
2.675,5.444,5.500
2.653,5.455,5.500
2.639,5.481,5.500
2.614,5.483,5.500
2.596,5.502,5.500
2.571,5.504,5.500
2.557,5.530,5.500
2.535,5.540,5.500
2.495,5.509,5.500
2.480,5.535,5.500
2.672,6.026,5.500
2.655,6.051,5.500
2.415,5.564,5.500
2.585,6.021,5.500
2.375,5.591,5.500
2.356,5.609,5.500
2.529,6.087,5.500
2.309,5.619,5.500
2.439,6.004,5.500
2.261,5.629,5.500
2.242,5.646,5.500
2.217,5.646,5.500
2.201,5.671,5.500
2.182,5.688,5.500
2.144,5.655,5.500
2.131,5.689,5.500
2.112,5.705,5.500
2.083,5.697,5.500
2.064,5.713,5.500
2.041,5.721,5.500
2.022,5.738,5.500
1.993,5.729,5.500
1.974,5.745,5.500
1.942,5.727,5.500
1.928,5.760,5.500
1.920,5.810,5.500
1.883,5.775,5.500
1.855,5.766,5.500
1.838,5.790,5.500
1.802,5.755,5.500
1.790,5.796,5.500
1.767,5.803,5.500
1.787,5.952,5.500
1.741,5.884,5.500
1.701,5.832,5.500
1.673,5.821,5.500
1.794,6.335,5.500
1.634,5.860,5.500
1.604,5.841,5.500
1.588,5.873,5.500
1.565,5.879,5.500
1.540,5.876,5.500
1.514,5.874,5.500
1.493,5.888,5.500
1.475,5.911,5.500
1.517,6.183,5.500
1.422,5.897,5.500
1.397,5.894,5.500
1.380,5.925,5.500
1.350,5.904,5.500
1.331,5.927,5.500
1.311,5.950,5.500
1.282,5.929,5.500
1.263,5.951,5.500
1.236,5.939,5.500
1.212,5.943,5.500
1.194,5.974,5.500
1.176,6.005,5.500
1.142,5.957,5.500
1.109,5.909,5.500
1.102,6.001,5.500
1.162,6.473,5.500
1.050,5.983,5.500
1.027,5.987,5.500
0.999,5.965,5.500
0.977,5.978,5.500
0.956,5.999,5.500
0.927,5.967,5.500
0.907,5.998,5.500
0.886,6.019,5.500
0.863,6.022,5.500
0.835,5.999,5.500
0.815,6.029,5.500
0.791,6.023,5.500
0.766,6.017,5.500
0.744,6.038,5.500
0.719,6.023,5.500
0.695,6.026,5.500
0.670,6.020,5.500
0.651,6.066,5.500
0.624,6.034,5.500
0.601,6.045,5.500
0.575,6.029,5.500
0.553,6.041,5.500
0.530,6.060,5.500
0.507,6.062,5.500
0.480,6.029,5.500
0.457,6.040,5.500
0.434,6.059,5.500
0.409,6.034,5.500
0.386,6.053,5.500
0.363,6.064,5.500
0.342,6.118,5.500
0.315,6.066,5.500
0.291,6.050,5.500
0.290,6.570,5.500
0.265,6.587,5.500
0.220,6.062,5.500
0.196,6.063,5.500
0.173,6.090,5.500
0.148,6.064,5.500
0.135,6.575,5.500
0.109,6.575,5.500
0.077,6.074,5.500
0.053,6.101,5.500
0.032,6.600,5.500
0.006,6.553,5.500
-0.019,6.084,5.500
-0.043,6.101,5.500
-0.066,6.065,5.500
-0.091,6.101,5.500
-0.114,6.065,5.500
-0.138,6.082,5.500
-0.163,6.099,5.500
-0.186,6.081,5.500
-0.209,6.062,5.500
-0.235,6.114,5.500
-0.258,6.087,5.500
-0.283,6.104,5.500
-0.307,6.102,5.500
-0.354,6.527,5.500
-0.381,6.549,5.500
-0.376,6.054,5.500
-0.399,6.044,5.500
-0.457,6.537,5.500
-0.484,6.550,5.500
-0.472,6.065,5.500
-0.495,6.054,5.500
-0.520,6.061,5.500
-0.544,6.059,5.500
-0.569,6.075,5.500
-0.637,6.522,5.500
-0.613,6.035,5.500
-0.639,6.050,5.500
-0.668,6.100,5.500
-0.694,6.115,5.500
-0.708,6.024,5.500
-0.733,6.030,5.500
-0.757,6.027,5.500
-0.781,6.033,5.500
-0.799,5.986,5.500
-0.826,6.009,5.500
-0.920,6.504,5.500
-0.876,6.020,5.500
-0.897,5.999,5.500
-0.995,6.477,5.500
-1.024,6.496,5.500
-0.966,5.979,5.500
-0.993,5.993,5.500
-1.022,6.024,5.500
-1.041,5.994,5.500
-1.059,5.955,5.500
-1.092,6.003,5.500
-1.107,5.955,5.500
-1.219,6.414,5.500
-1.159,5.972,5.500
-1.184,5.976,5.500
-1.291,6.384,5.500
-1.245,6.036,5.500
-1.251,5.945,5.500
-1.270,5.922,5.500
-1.290,5.900,5.500
-1.327,5.955,5.500
-1.457,6.421,5.500
-1.375,5.953,5.500
-1.399,5.948,5.500
-1.412,5.899,5.500
-1.447,5.945,5.500
-1.460,5.897,5.500
-1.488,5.908,5.500
-1.504,5.876,5.500
-1.662,6.387,5.500
-1.550,5.864,5.500
-1.573,5.858,5.500
-1.729,6.337,5.500
-1.617,5.837,5.500
-1.642,5.839,5.500
-1.668,5.841,5.500
-1.688,5.826,5.500
-1.711,5.819,5.500
-1.873,6.279,5.500
-1.762,5.823,5.500
-1.780,5.799,5.500
-1.802,5.792,5.500
-1.828,5.793,5.500
-1.982,6.196,5.500
-1.873,5.779,5.500
-1.904,5.797,5.500
-2.082,6.254,5.500
-1.947,5.773,5.500
-1.958,5.732,5.500
-1.986,5.741,5.500
-2.018,5.758,5.500
-2.043,5.758,5.500
-2.051,5.709,5.500
-2.067,5.684,5.500
-2.114,5.742,5.500
-2.293,6.155,5.500
-2.329,6.175,5.500
-2.166,5.675,5.500
-2.201,5.700,5.500
-2.207,5.650,5.500
-2.246,5.682,5.500
-2.261,5.657,5.500
-2.280,5.640,5.500
-2.489,6.087,5.500
-2.321,5.614,5.500
-2.350,5.621,5.500
-2.570,6.079,5.500
-2.387,5.586,5.500
-2.416,5.593,5.500
-2.442,5.591,5.500
-2.463,5.582,5.500
-2.485,5.572,5.500
-2.504,5.554,5.500
-2.736,6.006,5.500
-2.759,5.995,5.500
-2.569,5.524,5.500
-2.587,5.506,5.500
-2.830,5.962,5.500
-2.630,5.486,5.500
-2.648,5.467,5.500
-2.681,5.481,5.500
-2.714,5.494,5.500
-2.736,5.483,5.500
-2.737,5.433,5.500
-2.771,5.446,5.500
-2.784,5.419,5.500
-3.060,5.900,5.500
-2.802,5.350,5.500
-2.848,5.386,5.500
-2.894,5.421,5.500
-2.894,5.371,5.500
-2.911,5.352,5.500
-2.953,5.379,5.500
-3.195,5.766,5.500
-3.237,5.787,5.500
-3.229,5.720,5.500
-3.015,5.294,5.500
-3.045,5.297,5.500
-3.061,5.278,5.500
-3.082,5.266,5.500
-3.107,5.261,5.500
-3.123,5.241,5.500
-3.144,5.229,5.500
-3.151,5.194,5.500
-3.180,5.196,5.500
-3.191,5.169,5.500
-3.221,5.171,5.500
-3.251,5.174,5.500
-3.262,5.146,5.500
-3.291,5.148,5.500
-3.292,5.105,5.500
-3.337,5.129,5.500
-3.352,5.109,5.500
-3.362,5.081,5.500
-3.382,5.067,5.500
-3.402,5.054,5.500
-3.437,5.063,5.500
-3.506,5.121,5.500
-3.491,5.057,5.500
-3.481,5.000,5.500
-3.490,4.972,5.500
-3.520,4.973,5.500
-3.545,4.966,5.500
-3.569,4.959,5.500
-3.594,4.952,5.500
-3.705,5.063,5.500
-3.628,4.917,5.500
-3.631,4.881,5.500
-3.955,5.273,5.500
-3.669,4.852,5.500
-3.694,4.845,5.500
-3.713,4.830,5.500
-3.759,4.851,5.500
-3.745,4.794,5.500
-4.054,5.148,5.500
-4.094,5.157,5.500
-3.785,4.729,5.500
-3.853,4.776,5.500
-3.850,4.733,5.500
-3.857,4.705,5.500
-3.898,4.717,5.500
-4.209,5.053,5.500
-4.259,5.072,5.500
-3.993,4.717,5.500
-3.955,4.635,5.500
-3.967,4.612,5.500
-3.985,4.597,5.500
-4.317,4.940,5.500
-4.352,4.941,5.500
-4.045,4.556,5.500
-4.080,4.560,5.500
-4.075,4.518,5.500
-4.122,4.534,5.500
-4.122,4.498,5.500
-4.151,4.495,5.500
-4.157,4.466,5.500
-4.199,4.475,5.500
-4.180,4.420,5.500
-4.197,4.404,5.500
-4.528,4.714,5.500
-4.238,4.377,5.500
-4.255,4.360,5.500
-4.622,4.700,5.500
-4.646,4.687,5.500
-4.325,4.329,5.500
-4.317,4.287,5.500
-4.352,4.288,5.500
-4.363,4.265,5.500
-4.354,4.223,5.500
-4.351,4.187,5.500
-4.413,4.213,5.500
-4.423,4.190,5.500
-4.433,4.166,5.500
-4.462,4.161,5.500
-4.472,4.137,5.500
-4.851,4.452,5.500
-4.504,4.102,5.500
-4.494,4.061,5.500
-4.543,4.072,5.500
-4.566,4.060,5.500
-4.568,4.031,5.500
-4.564,3.995,5.500
-4.573,3.971,5.500
-4.629,3.988,5.500
-4.645,3.970,5.500
-4.837,4.101,5.500
-5.044,4.244,5.500
-4.657,3.887,5.500
-4.679,3.874,5.500
-4.722,3.878,5.500
-4.730,3.854,5.500
-4.766,3.852,5.500
-4.753,3.811,5.500
-5.171,4.113,5.500
-5.200,4.102,5.500
-4.819,3.771,5.500
-4.827,3.747,5.500
-4.827,3.717,5.500
-4.828,3.687,5.500
-4.835,3.663,5.500
-4.864,3.654,5.500
-4.878,3.635,5.500
-4.899,3.621,5.500
-4.921,3.607,5.500
-5.040,3.665,5.500
-4.949,3.569,5.500
-5.343,3.821,5.500
-5.332,3.781,5.500
-4.962,3.490,5.500
-4.961,3.460,5.500
-5.054,3.496,5.500
-5.039,3.456,5.500
-5.023,3.416,5.500
-5.044,3.401,5.500
-5.057,3.381,5.500
-5.085,3.371,5.500
-5.076,3.337,5.500
-5.082,3.312,5.500
-5.576,3.603,5.500
-5.531,3.543,5.500
-5.128,3.257,5.500
-5.118,3.222,5.500
-5.153,3.216,5.500
-5.166,3.196,5.500
-5.156,3.162,5.500
-5.199,3.160,5.500
-5.633,3.394,5.500
-5.639,3.367,5.500
-5.228,3.094,5.500
-5.209,3.055,5.500
-5.260,3.057,5.500
-5.256,3.028,5.500
-5.276,3.011,5.500
-5.717,3.234,5.500
-5.737,3.215,5.500
-5.334,2.962,5.500
-5.322,2.928,5.500
-5.767,3.143,5.500
-5.787,3.124,5.500
-5.364,2.869,5.500
-5.344,2.831,5.500
-5.363,2.815,5.500
-5.398,2.806,5.500
-5.401,2.780,5.500
-5.845,2.980,5.500
-5.835,2.946,5.500
-5.504,2.752,5.500
-5.428,2.687,5.500
-5.447,2.670,5.500
-5.473,2.656,5.500
-5.491,2.639,5.500
-5.421,2.579,5.500
-5.935,2.795,5.500
-5.939,2.768,5.500
-5.943,2.741,5.500
-5.946,2.715,5.500
-5.528,2.497,5.500
-6.004,2.684,5.500
-6.021,2.664,5.500
-5.573,2.439,5.500
-5.550,2.403,5.500
-5.705,2.444,5.500
-5.593,2.370,5.500
-5.594,2.344,5.500
-5.612,2.326,5.500
-5.621,2.304,5.500
-5.638,2.285,5.500
-5.631,2.256,5.500
-5.639,2.234,5.500
-5.665,2.218,5.500
-5.657,2.190,5.500
-5.607,2.145,5.500
-5.665,2.142,5.500
-5.674,2.120,5.500
-5.724,2.113,5.500
-5.699,2.078,5.500
-5.707,2.056,5.500
-5.723,2.036,5.500
-5.723,2.011,5.500
-5.731,1.988,5.500
-5.730,1.963,5.500
-6.252,2.114,5.500
-5.737,1.915,5.500
-5.786,1.906,5.500
-6.231,2.026,5.500
-6.239,2.001,5.500
-5.783,1.830,5.500
-5.790,1.807,5.500
-5.806,1.787,5.500
-5.830,1.769,5.500
-5.820,1.741,5.500
-5.827,1.719,5.500
-5.816,1.691,5.500
-5.840,1.673,5.500
-5.846,1.650,5.500
-5.853,1.627,5.500
-6.358,1.740,5.500
-5.865,1.581,5.500
-5.863,1.555,5.500
-5.886,1.537,5.500
-5.892,1.514,5.500
-5.890,1.488,5.500
-5.938,1.476,5.500
-5.918,1.446,5.500
-5.924,1.423,5.500
-5.921,1.398,5.500
-5.900,1.368,5.500
-5.932,1.351,5.500
-5.920,1.324,5.500
-5.899,1.295,5.500
-5.938,1.279,5.500
-6.364,1.345,5.500
-5.957,1.234,5.500
-5.936,1.206,5.500
-6.284,1.251,5.500
-5.989,1.167,5.500
-5.976,1.141,5.500
-5.971,1.115,5.500
-5.984,1.094,5.500
-6.458,1.154,5.500
-5.993,1.047,5.500
-5.979,1.020,5.500
-5.983,0.996,5.500
-6.499,1.056,5.500
-6.495,1.029,5.500
-6.038,0.933,5.500
-6.025,0.906,5.500
-6.037,0.884,5.500
-5.979,0.851,5.500
-6.009,0.832,5.500
-6.056,0.814,5.500
-6.032,0.787,5.500
-6.044,0.764,5.500
-6.021,0.737,5.500
-6.050,0.716,5.500
-6.044,0.692,5.500
-6.064,0.670,5.500
-6.005,0.639,5.500
-6.043,0.620,5.500
-6.063,0.597,5.500
-6.118,0.579,5.500
-6.068,0.550,5.500
-6.043,0.524,5.500
-6.063,0.501,5.500
-6.074,0.478,5.500
-6.084,0.455,5.500
-6.630,0.470,5.500
-6.096,0.408,5.500
-6.107,0.384,5.500
-6.073,0.358,5.500
-6.083,0.335,5.500
-6.093,0.312,5.500
-6.077,0.287,5.500
-6.087,0.263,5.500
-6.579,0.259,5.500
-6.097,0.216,5.500
-6.089,0.191,5.500
-6.081,0.167,5.500
-6.100,0.144,5.500
-6.082,0.120,5.500
-6.092,0.096,5.500
-6.083,0.072,5.500
-6.576,0.052,5.500
-6.513,0.026,5.500
-6.465,0.000,5.500
-6.092,-0.024,5.500
-6.101,-0.048,5.500
-6.127,-0.072,5.500
-6.065,-0.095,5.500
-6.047,-0.119,5.500
-6.100,-0.144,5.500
-6.081,-0.167,5.500
-6.549,-0.206,5.500
-6.541,-0.231,5.500
-6.595,-0.259,5.500
-6.096,-0.264,5.500
-6.059,-0.286,5.500
-6.111,-0.312,5.500
-6.030,-0.332,5.500
-6.135,-0.362,5.500
-6.054,-0.381,5.500
-6.096,-0.408,5.500
-6.552,-0.464,5.500
-6.049,-0.452,5.500
-6.579,-0.518,5.500
-6.577,-0.544,5.500
-6.070,-0.526,5.500
-6.032,-0.547,5.500
-6.065,-0.574,5.500
-6.107,-0.602,5.500
-6.061,-0.621,5.500
-6.023,-0.641,5.500
-6.064,-0.670,5.500
-6.557,-0.750,5.500
-6.538,-0.774,5.500
-6.065,-0.742,5.500
-6.036,-0.763,5.500
-6.521,-0.850,5.500
-6.502,-0.874,5.500
-6.506,-0.900,5.500
-5.996,-0.854,5.500
-6.063,-0.888,5.500
-6.077,-0.914,5.500
-6.012,-0.929,5.500
-6.456,-1.023,5.500
-6.483,-1.054,5.500
-6.053,-1.008,5.500
-6.014,-1.026,5.500
-6.486,-1.133,5.500
-6.512,-1.164,5.500
-6.485,-1.185,5.500
-5.980,-1.117,5.500
-5.993,-1.144,5.500
-5.989,-1.167,5.500
-5.984,-1.191,5.500
-5.962,-1.211,5.500
-5.974,-1.238,5.500
-6.442,-1.361,5.500
-6.436,-1.386,5.500
-5.959,-1.308,5.500
-5.946,-1.330,5.500
-5.966,-1.359,5.500
-5.935,-1.376,5.500
-6.438,-1.520,5.500
-5.941,-1.427,5.500
-5.910,-1.444,5.500
-5.921,-1.472,5.500
-6.360,-1.607,5.500
-5.909,-1.518,5.500
-5.878,-1.535,5.500
-5.906,-1.567,5.500
-5.891,-1.588,5.500
-5.851,-1.601,5.500
-5.878,-1.634,5.500
-5.863,-1.655,5.500
-5.857,-1.678,5.500
-5.850,-1.701,5.500
-5.844,-1.724,5.500
-5.820,-1.741,5.500
-5.813,-1.764,5.500
-5.865,-1.805,5.500
-5.833,-1.820,5.500
-5.792,-1.833,5.500
-5.999,-1.924,5.500
-6.246,-2.031,5.500
-6.246,-2.058,5.500
-5.812,-1.940,5.500
-5.780,-1.955,5.500
-5.789,-1.983,5.500
-5.714,-1.983,5.500
-5.740,-2.017,5.500
-5.715,-2.033,5.500
-5.698,-2.053,5.500
-5.732,-2.090,5.500
-6.191,-2.285,5.500
-5.715,-2.135,5.500
-5.690,-2.152,5.500
-6.179,-2.364,5.500
-5.682,-2.199,5.500
-5.673,-2.222,5.500
-6.136,-2.431,5.500
-6.097,-2.443,5.500
-5.646,-2.288,5.500
-5.621,-2.304,5.500
-5.636,-2.336,5.500
-5.635,-2.362,5.500
-5.602,-2.373,5.500
-5.600,-2.399,5.500
-6.042,-2.616,5.500
-5.922,-2.592,5.500
-5.547,-2.454,5.500
-5.570,-2.490,5.500
-5.536,-2.501,5.500
-5.502,-2.512,5.500
-5.993,-2.764,5.500
-6.003,-2.798,5.500
-5.488,-2.584,5.500
-5.502,-2.617,5.500
-5.499,-2.642,5.500
-5.489,-2.664,5.500
-5.478,-2.686,5.500
-5.499,-2.723,5.500
-5.433,-2.717,5.500
-5.470,-2.762,5.500
-5.420,-2.763,5.500
-5.417,-2.789,5.500
-5.390,-2.802,5.500
-5.410,-2.839,5.500
-5.360,-2.840,5.500
-5.364,-2.869,5.500
-5.773,-3.117,5.500
-5.781,-3.151,5.500
-5.377,-2.958,5.500
-5.295,-2.940,5.500
-5.307,-2.974,5.500
-5.280,-2.986,5.500
-5.276,-3.011,5.500
-5.241,-3.019,5.500
-5.603,-3.257,5.500
-5.638,-3.307,5.500
-5.619,-3.325,5.500
-5.216,-3.114,5.500
-5.203,-3.135,5.500
-5.214,-3.169,5.500
-5.194,-3.185,5.500
-5.181,-3.205,5.500
-5.183,-3.235,5.500
-5.163,-3.251,5.500
-5.113,-3.247,5.500
-5.115,-3.277,5.500
-5.139,-3.321,5.500
-5.119,-3.336,5.500
-5.541,-3.642,5.500
-5.085,-3.371,5.500
-5.050,-3.377,5.500
-5.066,-3.416,5.500
-5.052,-3.436,5.500
-5.423,-3.719,5.500
-5.415,-3.745,5.500
-5.012,-3.495,5.500
-4.983,-3.505,5.500
-4.962,-3.519,5.500
-4.963,-3.549,5.500
-4.942,-3.563,5.500
-4.920,-3.578,5.500
-5.304,-3.888,5.500
-5.269,-3.895,5.500
-4.878,-3.635,5.500
-4.871,-3.660,5.500
-4.856,-3.679,5.500
-4.828,-3.687,5.500
-4.834,-3.722,5.500
-4.827,-3.747,5.500
-4.798,-3.755,5.500
-4.776,-3.768,5.500
-4.803,-3.820,5.500
-5.137,-4.119,5.500
-5.121,-4.139,5.500
-4.716,-3.843,5.500
-4.694,-3.855,5.500
-4.706,-3.896,5.500
-4.691,-3.915,5.500
-4.662,-3.922,5.500
-4.613,-3.911,5.500
-4.631,-3.958,5.500
-4.952,-4.267,5.500
-4.620,-4.012,5.500
-4.960,-4.342,5.500
-4.562,-4.025,5.500
-4.553,-4.049,5.500
-4.530,-4.061,5.500
-4.521,-4.084,5.500
-4.511,-4.108,5.500
-4.495,-4.126,5.500
-4.466,-4.131,5.500
-4.443,-4.143,5.500
-4.439,-4.172,5.500
-4.417,-4.184,5.500
-4.400,-4.201,5.500
-4.390,-4.224,5.500
-4.380,-4.248,5.500
-4.369,-4.271,5.500
-4.327,-4.263,5.500
-4.329,-4.299,5.500
-4.312,-4.316,5.500
-4.295,-4.333,5.500
-4.272,-4.344,5.500
-4.255,-4.360,5.500
-4.580,-4.730,5.500
-4.567,-4.754,5.500
-4.543,-4.766,5.500
-4.162,-4.401,5.500
-4.384,-4.673,5.500
-4.410,-4.738,5.500
-4.435,-4.802,5.500
-4.110,-4.485,5.500
-4.110,-4.521,5.500
-4.104,-4.550,5.500
-4.338,-4.847,5.500
-4.039,-4.549,5.500
-4.033,-4.578,5.500
-3.997,-4.574,5.500
-3.997,-4.610,5.500
-3.984,-4.632,5.500
-3.983,-4.668,5.500
-3.936,-4.650,5.500
-3.924,-4.672,5.500
-3.900,-4.681,5.500
-3.870,-4.682,5.500
-4.179,-5.098,5.500
-4.169,-5.126,5.500
-3.837,-4.755,5.500
-3.818,-4.770,5.500
-3.794,-4.778,5.500
-3.775,-4.793,5.500
-3.756,-4.808,5.500
-3.726,-4.809,5.500
-3.707,-4.823,5.500
-3.688,-4.838,5.500
-3.642,-4.817,5.500
-3.640,-4.853,5.500
-3.636,-4.888,5.500
-3.622,-4.910,5.500
-3.893,-5.320,5.500
-3.578,-4.931,5.500
-3.575,-4.966,5.500
-3.550,-4.973,5.500
-3.520,-4.973,5.500
-3.506,-4.994,5.500
-3.506,-5.036,5.500
-3.714,-5.379,5.500
-3.728,-5.446,5.500
-3.680,-5.421,5.500
-3.352,-4.980,5.500
-3.352,-5.023,5.500
-3.377,-5.103,5.500
-3.298,-5.027,5.500
-3.308,-5.085,5.500
-3.254,-5.045,5.500
-3.204,-5.012,5.500
-3.238,-5.108,5.500
-3.199,-5.090,5.500
-3.188,-5.118,5.500
-3.177,-5.146,5.500
-3.162,-5.166,5.500
-3.123,-5.148,5.500
-3.117,-5.183,5.500
-3.334,-5.595,5.500
-3.067,-5.192,5.500
-3.046,-5.204,5.500
-3.008,-5.185,5.500
-3.258,-5.667,5.500
-2.998,-5.263,5.500
-2.955,-5.236,5.500
-2.948,-5.271,5.500
-2.918,-5.267,5.500
-2.902,-5.286,5.500
-2.873,-5.281,5.500
-2.873,-5.332,5.500
-3.078,-5.767,5.500
-2.818,-5.331,5.500
-2.798,-5.342,5.500
-2.768,-5.337,5.500
-2.760,-5.372,5.500
-2.950,-5.798,5.500
-2.709,-5.377,5.500
-2.688,-5.388,5.500
-2.675,-5.414,5.500
-2.650,-5.417,5.500
-2.628,-5.427,5.500
-2.583,-5.388,5.500
-2.799,-5.898,5.500
-2.553,-5.433,5.500
-2.746,-5.906,5.500
-2.726,-5.923,5.500
-2.555,-5.608,5.500
-2.478,-5.497,5.500
-2.449,-5.491,5.500
-2.435,-5.517,5.500
-2.420,-5.543,5.500
-2.388,-5.527,5.500
-2.362,-5.528,5.500
-2.344,-5.546,5.500
-2.512,-6.009,5.500
-2.304,-5.572,5.500
-2.279,-5.573,5.500
-2.264,-5.599,5.500
-2.241,-5.608,5.500
-2.210,-5.591,5.500
-2.188,-5.600,5.500
-2.182,-5.650,5.500
-2.137,-5.600,5.500
-2.134,-5.659,5.500
-2.118,-5.684,5.500
-2.099,-5.701,5.500
-2.052,-5.641,5.500
-2.063,-5.742,5.500
-2.022,-5.700,5.500
-1.988,-5.674,5.500
-1.966,-5.682,5.500
-1.946,-5.698,5.500
-1.936,-5.739,5.500
-1.890,-5.679,5.500
-1.874,-5.703,5.500
-1.851,-5.710,5.500
-1.831,-5.726,5.500
-1.814,-5.751,5.500
-1.797,-5.775,5.500
-1.908,-6.219,5.500
-1.886,-6.234,5.500
-1.862,-6.241,5.500
-1.696,-5.768,5.500
-1.656,-5.713,5.500
-1.655,-5.798,5.500
-1.630,-5.796,5.500
-1.612,-5.820,5.500
-1.580,-5.791,5.500
-1.559,-5.806,5.500
-1.541,-5.830,5.500
-1.516,-5.827,5.500
-1.619,-6.325,5.500
-1.470,-5.839,5.500
-1.428,-5.765,5.500
-1.424,-5.850,5.500
-1.399,-5.847,5.500
-1.372,-5.835,5.500
-1.357,-5.875,5.500
-1.332,-5.872,5.500
-1.307,-5.868,5.500
-1.286,-5.882,5.500
-1.263,-5.887,5.500
-1.331,-6.326,5.500
-1.316,-6.378,5.500
-1.218,-6.023,5.500
-1.172,-5.915,5.500
-1.144,-5.893,5.500
-1.122,-5.906,5.500
-1.101,-5.920,5.500
-1.074,-5.906,5.500
-1.134,-6.381,5.500
-1.118,-6.432,5.500
-1.004,-5.918,5.500
-0.984,-5.940,5.500
-0.968,-5.988,5.500
-0.937,-5.948,5.500
-0.910,-5.924,5.500
-0.888,-5.937,5.500
-0.870,-5.976,5.500
-0.842,-5.953,5.500
-0.819,-5.956,5.500
-0.872,-6.534,5.500
-0.838,-6.467,5.500
-0.750,-5.974,5.500
-0.726,-5.977,5.500
-0.704,-5.989,5.500
-0.678,-5.974,5.500
-0.709,-6.466,5.500
-0.631,-5.979,5.500
-0.610,-5.999,5.500
-0.635,-6.498,5.500
-0.609,-6.500,5.500
-0.537,-5.988,5.500
-0.523,-6.096,5.500
-0.489,-5.974,5.500
-0.467,-5.994,5.500
-0.445,-6.014,5.500
-0.420,-6.006,5.500
-0.399,-6.044,5.500
-0.371,-5.973,5.500
-0.350,-6.020,5.500
-0.326,-6.012,5.500
-0.302,-6.013,5.500
-0.278,-6.006,5.500
-0.276,-6.515,5.500
-0.252,-6.556,5.500
-0.207,-6.008,5.500
-0.184,-6.009,5.500
-0.161,-6.055,5.500
-0.137,-6.019,5.500
-0.113,-6.011,5.500
-0.089,-5.966,5.500
-0.066,-6.039,5.500
-0.042,-6.021,5.500
-0.018,-6.012,5.500
0.005,-6.003,5.500
0.029,-5.994,5.500
0.052,-5.994,5.500
0.081,-6.415,5.500
0.108,-6.504,5.500
0.123,-6.011,5.500
0.147,-6.028,5.500
0.185,-6.534,5.500
0.211,-6.541,5.500
0.218,-6.008,5.500
0.240,-5.971,5.500
0.266,-6.024,5.500
0.289,-6.023,5.500
0.338,-6.496,5.500
0.335,-5.994,5.500
0.361,-6.037,5.500
0.383,-6.009,5.500
0.407,-6.007,5.500
0.432,-6.024,5.500
0.492,-6.502,5.500
0.517,-6.492,5.500
0.543,-6.498,5.500
0.525,-5.998,5.500
0.549,-5.996,5.500
0.572,-5.994,5.500
0.644,-6.481,5.500
0.619,-5.989,5.500
0.644,-5.996,5.500
0.671,-6.029,5.500
0.687,-5.954,5.500
0.719,-6.023,5.500
0.795,-6.448,5.500
0.753,-5.919,5.500
0.782,-5.961,5.500
0.807,-5.967,5.500
0.824,-5.919,5.500
0.854,-5.960,5.500
0.876,-5.948,5.500
0.901,-5.953,5.500
1.001,-6.444,5.500
1.016,-6.376,5.500
0.958,-5.862,5.500
0.975,-5.821,5.500
1.016,-5.926,5.500
1.027,-5.850,5.500
1.061,-5.908,5.500
1.089,-5.931,5.500
1.096,-5.837,5.500
1.119,-5.833,5.500
1.148,-5.864,5.500
1.267,-6.339,5.500
1.189,-5.828,5.500
1.212,-5.824,5.500
1.233,-5.810,5.500
1.258,-5.814,5.500
1.280,-5.809,5.500
1.299,-5.786,5.500
1.334,-5.834,5.500
1.363,-5.855,5.500
1.367,-5.770,5.500
1.394,-5.783,5.500
1.421,-5.795,5.500
1.551,-6.217,5.500
1.589,-6.266,5.500
1.480,-5.742,5.500
1.496,-5.710,5.500
1.521,-5.713,5.500
1.550,-5.733,5.500
1.573,-5.727,5.500
1.598,-5.730,5.500
1.623,-5.732,5.500
1.640,-5.708,5.500
1.688,-5.789,5.500
1.690,-5.713,5.500
1.861,-6.199,5.500
1.902,-6.246,5.500
1.766,-5.718,5.500
1.785,-5.703,5.500
1.794,-5.652,5.500
1.977,-6.146,5.500
1.880,-5.767,5.500
1.878,-5.683,5.500
1.885,-5.632,5.500
2.039,-6.013,5.500
2.124,-6.182,5.500
1.999,-5.746,5.500
2.007,-5.696,5.500
2.020,-5.662,5.500
2.052,-5.680,5.500
2.065,-5.646,5.500
2.258,-6.100,5.500
2.279,-6.084,5.500
2.134,-5.630,5.500
2.341,-6.103,5.500
2.169,-5.588,5.500
2.210,-5.630,5.500
2.222,-5.596,5.500
2.238,-5.570,5.500
2.270,-5.587,5.500
2.257,-5.494,5.500
2.296,-5.527,5.500
2.335,-5.559,5.500
2.350,-5.534,5.500
2.372,-5.524,5.500
2.408,-5.548,5.500
2.419,-5.514,5.500
2.441,-5.504,5.500
2.462,-5.495,5.500
2.687,-5.933,5.500
2.505,-5.475,5.500
2.538,-5.490,5.500
2.552,-5.463,5.500
2.570,-5.445,5.500
2.572,-5.394,5.500
2.624,-5.449,5.500
2.614,-5.374,5.500
2.752,-5.601,5.500
2.905,-5.856,5.500
2.697,-5.383,5.500
2.710,-5.356,5.500
2.748,-5.378,5.500
2.761,-5.351,5.500
2.790,-5.356,5.500
2.807,-5.337,5.500
2.832,-5.334,5.500
2.840,-5.299,5.500
2.874,-5.311,5.500
2.890,-5.292,5.500
2.902,-5.265,5.500
2.919,-5.246,5.500
3.173,-5.651,5.500
3.223,-5.687,5.500
2.976,-5.203,5.500
2.996,-5.191,5.500
3.026,-5.195,5.500
3.055,-5.199,5.500
3.066,-5.171,5.500
3.091,-5.167,5.500
3.093,-5.124,5.500
3.150,-5.173,5.500
3.409,-5.549,5.500
3.435,-5.542,5.500
3.163,-5.059,5.500
3.212,-5.093,5.500
3.492,-5.488,5.500
3.242,-5.052,5.500
3.262,-5.039,5.500
3.302,-5.057,5.500
3.307,-5.021,5.500
3.326,-5.008,5.500
3.351,-5.002,5.500
3.668,-5.430,5.500
3.658,-5.369,5.500
3.415,-4.970,5.500
3.424,-4.942,5.500
3.443,-4.928,5.500
3.783,-5.369,5.500
3.772,-5.309,5.500
3.507,-4.895,5.500
3.562,-4.931,5.500
3.550,-4.874,5.500
3.569,-4.860,5.500
3.583,-4.839,5.500
3.602,-4.825,5.500
3.664,-4.868,5.500
3.704,-4.881,5.500
3.691,-4.825,5.500
4.031,-5.226,5.500
4.056,-5.216,5.500
3.753,-4.788,5.500
3.783,-4.787,5.500
4.103,-5.149,5.500
3.955,-4.925,5.500
3.834,-4.735,5.500
3.858,-4.727,5.500
3.876,-4.712,5.500
3.895,-4.696,5.500
4.223,-5.051,5.500
4.238,-5.029,5.500
3.939,-4.637,5.500
3.985,-4.655,5.500
3.975,-4.605,5.500
3.993,-4.590,5.500
4.028,-4.594,5.500
4.345,-4.916,5.500
4.064,-4.562,5.500
4.029,-4.487,5.500
4.052,-4.477,5.500
4.082,-4.475,5.500
4.081,-4.439,5.500
4.422,-4.771,5.500
4.116,-4.407,5.500
4.127,-4.384,5.500
4.151,-4.374,5.500
4.168,-4.358,5.500
4.166,-4.322,5.500
4.189,-4.312,5.500
4.579,-4.676,5.500
4.236,-4.292,5.500
4.246,-4.269,5.500
4.295,-4.284,5.500
4.280,-4.235,5.500
4.572,-4.489,5.500
4.287,-4.176,5.500
4.329,-4.184,5.500
4.712,-4.519,5.500
4.382,-4.169,5.500
4.365,-4.121,5.500
4.395,-4.116,5.500
4.397,-4.086,5.500
4.393,-4.051,5.500
4.835,-4.423,5.500
4.465,-4.052,5.500
4.461,-4.017,5.500
4.484,-4.005,5.500
4.499,-3.988,5.500
4.522,-3.976,5.500
4.551,-3.970,5.500
4.539,-3.928,5.500
4.561,-3.916,5.500
4.964,-4.228,5.500
4.592,-3.880,5.500
4.600,-3.857,5.500
5.026,-4.180,5.500
4.651,-3.837,5.500
4.652,-3.808,5.500
4.660,-3.784,5.500
5.085,-4.095,5.500
4.732,-3.781,5.500
4.733,-3.751,5.500
4.655,-3.659,5.500
4.748,-3.703,5.500
4.875,-3.771,5.500
4.770,-3.660,5.500
4.763,-3.624,5.500
4.820,-3.638,5.500
4.820,-3.609,5.500
4.754,-3.530,5.500
4.841,-3.565,5.500
5.285,-3.860,5.500
5.287,-3.830,5.500
4.816,-3.460,5.500
4.911,-3.499,5.500
4.939,-3.490,5.500
4.923,-3.450,5.500
4.930,-3.426,5.500
4.958,-3.416,5.500
4.941,-3.377,5.500
5.405,-3.662,5.500
5.013,-3.368,5.500
4.996,-3.328,5.500
4.986,-3.293,5.500
5.428,-3.555,5.500
5.381,-3.494,5.500
5.055,-3.254,5.500
5.053,-3.224,5.500
5.081,-3.214,5.500
5.124,-3.213,5.500
5.090,-3.165,5.500
5.497,-3.387,5.500
5.571,-3.403,5.500
5.564,-3.369,5.500
5.163,-3.098,5.500
5.167,-3.073,5.500
5.187,-3.058,5.500
5.207,-3.042,5.500
5.234,-3.030,5.500
5.254,-3.014,5.500
5.250,-2.985,5.500
5.246,-2.955,5.500
5.265,-2.939,5.500
5.699,-3.152,5.500
5.280,-2.893,5.500
5.682,-3.084,5.500
5.303,-2.851,5.500
5.266,-2.805,5.500
5.357,-2.826,5.500
5.304,-2.772,5.500
5.347,-2.768,5.500
5.358,-2.747,5.500
5.369,-2.726,5.500
5.371,-2.700,5.500
5.438,-2.707,5.500
5.441,-2.682,5.500
5.411,-2.641,5.500
5.478,-2.647,5.500
5.890,-2.817,5.500
5.450,-2.581,5.500
5.476,-2.567,5.500
5.454,-2.530,5.500
5.545,-2.546,5.500
5.944,-2.701,5.500
5.556,-2.499,5.500
5.614,-2.498,5.500
5.568,-2.452,5.500
5.610,-2.444,5.500
5.579,-2.404,5.500
5.947,-2.535,5.500
5.606,-2.364,5.500
5.615,-2.342,5.500
5.616,-2.316,5.500
5.641,-2.301,5.500
5.642,-2.275,5.500
5.659,-2.256,5.500
6.074,-2.394,5.500
6.142,-2.393,5.500
5.710,-2.199,5.500
5.710,-2.174,5.500
5.711,-2.148,5.500
5.702,-2.119,5.500
5.777,-2.121,5.500
5.719,-2.074,5.500
5.735,-2.055,5.500
6.170,-2.183,5.500
6.208,-2.169,5.500
6.172,-2.130,5.500
5.742,-1.956,5.500
5.816,-1.956,5.500
5.807,-1.928,5.500
5.781,-1.894,5.500
5.831,-1.885,5.500
6.273,-2.000,5.500
5.820,-1.831,5.500
5.827,-1.808,5.500
5.834,-1.785,5.500
5.841,-1.762,5.500
5.857,-1.742,5.500
5.855,-1.716,5.500
5.895,-1.703,5.500
5.902,-1.680,5.500
5.892,-1.652,5.500
5.881,-1.624,5.500
6.054,-1.646,5.500
5.902,-1.580,5.500
5.900,-1.554,5.500
5.880,-1.525,5.500
5.938,-1.515,5.500
6.255,-1.569,5.500
5.889,-1.453,5.500
5.860,-1.421,5.500
5.866,-1.398,5.500
6.349,-1.487,5.500
5.929,-1.364,5.500
5.908,-1.335,5.500
5.798,-1.286,5.500
5.883,-1.281,5.500
6.136,-1.311,5.500
6.398,-1.340,5.500
5.880,-1.208,5.500
5.876,-1.183,5.500
6.342,-1.251,5.500
6.434,-1.243,5.500
5.943,-1.124,5.500
5.938,-1.099,5.500
5.907,-1.069,5.500
5.929,-1.049,5.500
5.951,-1.029,5.500
5.946,-1.004,5.500
5.959,-0.982,5.500
5.962,-0.958,5.500
5.931,-0.929,5.500
5.916,-0.903,5.500
5.956,-0.885,5.500
5.968,-0.863,5.500
5.971,-0.840,5.500
5.983,-0.818,5.500
6.472,-0.858,5.500
5.999,-0.772,5.500
5.921,-0.738,5.500
5.995,-0.723,5.500
5.954,-0.695,5.500
5.974,-0.673,5.500
5.968,-0.649,5.500
6.477,-0.679,5.500
6.097,-0.614,5.500
5.902,-0.571,5.500
5.986,-0.556,5.500
5.898,-0.524,5.500
6.481,-0.550,5.500
5.911,-0.479,5.500
5.994,-0.462,5.500
5.905,-0.431,5.500
5.943,-0.411,5.500
5.899,-0.384,5.500
6.037,-0.370,5.500
6.135,-0.351,5.500
5.949,-0.317,5.500
6.032,-0.298,5.500
6.006,-0.273,5.500
6.078,-0.252,5.500
6.035,-0.227,5.500
6.036,-0.203,5.500
6.063,-0.180,5.500
6.019,-0.155,5.500
5.974,-0.131,5.500
6.002,-0.108,5.500
6.512,-0.091,5.500
6.030,-0.061,5.500
6.358,-0.039,6.000
6.257,-0.014,6.000
6.057,0.010,6.000
6.012,0.034,6.000
6.048,0.058,6.000
6.020,0.081,6.000
6.038,0.105,6.000
6.011,0.128,6.000
6.339,0.160,6.000
6.009,0.176,6.000
6.018,0.200,6.000
6.008,0.223,6.000
6.475,0.266,6.000
6.585,0.296,6.000
6.489,0.317,6.000
6.013,0.318,6.000
6.011,0.341,6.000
6.019,0.366,6.000
5.990,0.387,6.000
5.989,0.411,6.000
5.996,0.435,6.000
6.478,0.496,6.000
6.011,0.484,6.000
6.576,0.555,6.000
6.503,0.575,6.000
5.978,0.552,6.000
5.975,0.575,6.000
6.009,0.603,6.000
5.998,0.625,6.000
5.986,0.648,6.000
6.037,0.677,6.000
6.373,0.740,6.000
5.978,0.718,6.000
5.975,0.742,6.000
5.945,0.762,6.000
5.942,0.785,6.000
5.966,0.812,6.000
5.963,0.836,6.000
5.959,0.859,6.000
5.956,0.882,6.000
6.439,0.980,6.000
5.940,0.928,6.000
5.883,0.943,6.000
6.012,0.988,6.000
5.946,1.001,6.000
5.925,1.021,6.000
5.894,1.040,6.000
5.890,1.063,6.000
6.428,1.186,6.000
5.917,1.116,6.000
5.895,1.136,6.000
6.390,1.257,6.000
6.401,1.285,6.000
5.898,1.209,6.000
5.955,1.245,6.000
5.898,1.257,6.000
5.875,1.276,6.000
5.879,1.301,6.000
5.856,1.320,6.000
5.851,1.343,6.000
6.357,1.486,6.000
5.858,1.393,6.000
5.861,1.418,6.000
5.829,1.435,6.000
5.841,1.462,6.000
5.852,1.490,6.000
5.794,1.499,6.000
5.788,1.522,6.000
5.800,1.549,6.000
5.811,1.577,6.000
5.813,1.602,6.000
5.798,1.622,6.000
5.801,1.648,6.000
6.266,1.806,6.000
5.779,1.691,6.000
5.720,1.698,6.000
6.072,1.828,6.000
5.750,1.756,6.000
5.752,1.781,6.000
5.813,1.825,6.000
5.729,1.824,6.000
5.790,1.868,6.000
6.228,2.037,6.000
6.257,2.073,6.000
5.776,1.939,6.000
5.768,1.962,6.000
5.760,1.984,6.000
5.810,2.027,6.000
5.744,2.030,6.000
5.728,2.049,6.000
5.728,2.075,6.000
5.728,2.100,6.000
5.720,2.123,6.000
5.745,2.158,6.000
5.711,2.171,6.000
5.703,2.193,6.000
5.686,2.212,6.000
5.677,2.235,6.000
5.644,2.247,6.000
5.651,2.276,6.000
5.980,2.435,6.000
6.110,2.516,6.000
5.608,2.336,6.000
5.655,2.381,6.000
5.589,2.380,6.000
5.629,2.422,6.000
5.611,2.441,6.000
5.569,2.449,6.000
5.575,2.478,6.000
5.574,2.503,6.000
5.564,2.525,6.000
5.530,2.536,6.000
5.536,2.565,6.000
5.977,2.798,6.000
5.547,2.624,6.000
5.505,2.630,6.000
5.479,2.644,6.000
5.818,2.836,6.000
5.886,2.898,6.000
5.455,2.713,6.000
5.452,2.738,6.000
5.886,2.985,6.000
5.501,2.817,6.000
5.388,2.786,6.000
5.369,2.803,6.000
5.405,2.849,6.000
5.379,2.861,6.000
5.391,2.895,6.000
5.317,2.882,6.000
5.352,2.929,6.000
5.356,2.958,6.000
5.314,2.962,6.000
5.310,2.987,6.000
5.551,3.152,6.000
5.719,3.277,6.000
5.289,3.059,6.000
5.231,3.053,6.000
5.674,3.341,6.000
5.238,3.112,6.000
5.233,3.137,6.000
5.251,3.176,6.000
5.216,3.183,6.000
5.188,3.194,6.000
5.176,3.214,6.000
5.163,3.234,6.000
5.135,3.245,6.000
5.122,3.265,6.000
5.110,3.285,6.000
5.583,3.621,6.000
5.536,3.621,6.000
5.070,3.345,6.000
5.065,3.370,6.000
5.066,3.400,6.000
5.067,3.430,6.000
5.025,3.430,6.000
5.011,3.449,6.000
5.434,3.772,6.000
5.342,3.739,6.000
4.970,3.508,6.000
5.351,3.809,6.000
4.978,3.573,6.000
4.943,3.577,6.000
4.943,3.607,6.000
4.900,3.605,6.000
4.900,3.635,6.000
4.900,3.665,6.000
4.871,3.673,6.000
4.857,3.693,6.000
5.194,3.981,6.000
5.216,4.031,6.000
5.200,4.051,6.000
5.190,4.076,6.000
4.818,3.814,6.000
4.741,3.784,6.000
4.754,3.825,6.000
4.739,3.843,6.000
4.730,3.868,6.000
4.722,3.892,6.000
4.624,3.842,6.000
4.664,3.906,6.000
4.655,3.930,6.000
4.620,3.931,6.000
4.611,3.955,6.000
4.629,4.002,6.000
4.580,3.991,6.000
4.557,4.003,6.000
4.555,4.033,6.000
4.526,4.039,6.000
4.510,4.057,6.000
4.494,4.074,6.000
4.700,4.295,6.000
4.462,4.109,6.000
4.484,4.163,6.000
4.790,4.482,6.000
4.515,4.258,6.000
4.416,4.197,6.000
4.374,4.190,6.000
4.370,4.220,6.000
4.360,4.243,6.000
4.343,4.260,6.000
4.301,4.252,6.000
4.309,4.294,6.000
4.261,4.279,6.000
4.616,4.673,6.000
4.592,4.685,6.000
4.235,4.355,6.000
4.199,4.352,6.000
4.213,4.401,6.000
4.190,4.411,6.000
4.160,4.414,6.000
4.106,4.391,6.000
4.143,4.467,6.000
4.120,4.476,6.000
4.102,4.492,6.000
4.079,4.502,6.000
4.067,4.524,6.000
4.037,4.527,6.000
4.180,4.724,6.000
4.031,4.592,6.000
3.984,4.574,6.000
4.012,4.644,6.000
3.971,4.633,6.000
3.929,4.621,6.000
3.905,4.630,6.000
3.899,4.659,6.000
3.981,4.795,6.000
4.186,5.082,6.000
3.843,4.704,6.000
3.836,4.733,6.000
4.125,5.131,6.000
4.061,5.092,6.000
3.785,4.785,6.000
3.783,4.821,6.000
3.748,4.815,6.000
3.707,4.801,6.000
3.699,4.830,6.000
3.664,4.823,6.000
3.656,4.852,6.000
3.941,5.274,6.000
3.925,5.296,6.000
3.872,5.267,6.000
3.579,4.908,6.000
3.565,4.930,6.000
3.535,4.929,6.000
3.531,4.965,6.000
3.496,4.957,6.000
3.477,4.971,6.000
3.716,5.358,6.000
3.448,5.012,6.000
3.428,5.026,6.000
3.515,5.197,6.000
3.408,5.082,6.000
3.455,5.196,6.000
3.353,5.086,6.000
3.329,5.092,6.000
3.299,5.090,6.000
3.264,5.081,6.000
3.273,5.139,6.000
3.239,5.129,6.000
3.209,5.126,6.000
3.184,5.131,6.000
3.201,5.204,6.000
3.162,5.187,6.000
3.137,5.191,6.000
3.117,5.204,6.000
3.132,5.277,6.000
3.085,5.243,6.000
3.060,5.248,6.000
3.012,5.213,6.000
3.010,5.256,6.000
2.971,5.237,6.000
2.977,5.295,6.000
2.952,5.299,6.000
3.174,5.751,6.000
3.151,5.763,6.000
3.151,5.817,6.000
2.881,5.368,6.000
2.851,5.364,6.000
2.847,5.406,6.000
2.821,5.410,6.000
2.776,5.373,6.000
2.758,5.392,6.000
2.968,5.859,6.000
2.942,5.864,6.000
2.699,5.432,6.000
2.681,5.451,6.000
2.648,5.437,6.000
2.658,5.512,6.000
2.826,5.921,6.000
2.826,5.981,6.000
2.570,5.495,6.000
2.545,5.496,6.000
2.530,5.523,6.000
2.505,5.524,6.000
2.490,5.550,6.000
2.469,5.560,6.000
2.447,5.570,6.000
2.411,5.547,6.000
2.399,5.581,6.000
2.561,6.023,6.000
2.544,6.047,6.000
2.347,5.641,6.000
2.311,5.618,6.000
2.299,5.651,6.000
2.264,5.627,6.000
2.419,6.081,6.000
2.226,5.662,6.000
2.197,5.654,6.000
2.191,5.704,6.000
2.153,5.671,6.000
2.131,5.679,6.000
2.108,5.688,6.000
2.086,5.696,6.000
2.073,5.729,6.000
2.047,5.729,6.000
2.175,6.164,6.000
1.993,5.720,6.000
1.971,5.727,6.000
1.960,5.769,6.000
1.928,5.751,6.000
1.895,5.725,6.000
1.883,5.766,6.000
1.852,5.748,6.000
1.838,5.781,6.000
1.818,5.796,6.000
1.939,6.267,6.000
1.921,6.298,6.000
1.742,5.792,6.000
1.721,5.807,6.000
1.709,5.848,6.000
1.683,5.846,6.000
1.655,5.836,6.000
1.637,5.859,6.000
1.612,5.857,6.000
1.589,5.863,6.000
1.670,6.262,6.000
1.678,6.391,6.000
1.519,5.882,6.000
1.496,5.888,6.000
1.482,5.928,6.000
1.448,5.890,6.000
1.425,5.896,6.000
1.395,5.876,6.000
1.493,6.396,6.000
1.467,6.402,6.000
1.441,6.400,6.000
1.305,5.906,6.000
1.285,5.928,6.000
1.266,5.950,6.000
1.241,5.947,6.000
1.215,5.943,6.000
1.189,5.930,6.000
1.167,5.943,6.000
1.140,5.930,6.000
1.124,5.970,6.000
1.110,6.026,6.000
1.161,6.449,6.000
1.137,6.461,6.000
1.027,5.969,6.000
1.006,5.991,6.000
1.002,6.116,6.000
0.962,6.016,6.000
0.933,5.985,6.000
0.909,5.988,6.000
0.883,5.974,6.000
0.863,6.004,6.000
0.837,5.990,6.000
0.817,6.019,6.000
0.792,6.014,6.000
0.769,6.017,6.000
0.802,6.479,6.000
0.748,6.246,6.000
0.699,6.034,6.000
0.752,6.726,6.000
0.709,6.569,6.000
0.631,6.077,6.000
0.603,6.036,6.000
0.583,6.073,6.000
0.600,6.525,6.000
0.576,6.543,6.000
0.510,6.071,6.000
0.484,6.046,6.000
0.463,6.075,6.000
0.474,6.559,6.000
0.417,6.113,6.000
0.389,6.053,6.000
0.365,6.055,6.000
0.342,6.056,6.000
0.318,6.057,6.000
0.293,6.041,6.000
0.293,6.570,6.000
0.267,6.555,6.000
0.241,6.548,6.000
0.199,6.063,6.000
0.176,6.081,6.000
0.152,6.091,6.000
0.128,6.082,6.000
0.103,6.056,6.000
0.080,6.056,6.000
0.057,6.136,6.000
0.035,6.560,6.000
0.008,6.084,6.000
-0.016,6.075,6.000
-0.039,6.057,6.000
-0.063,6.074,6.000
-0.088,6.092,6.000
-0.111,6.091,6.000
-0.135,6.091,6.000
-0.159,6.073,6.000
-0.197,6.557,6.000
-0.223,6.541,6.000
-0.231,6.079,6.000
-0.254,6.052,6.000
-0.279,6.086,6.000
-0.303,6.085,6.000
-0.326,6.075,6.000
-0.349,6.056,6.000
-0.376,6.099,6.000
-0.397,6.062,6.000
-0.419,6.024,6.000
-0.444,6.041,6.000
-0.471,6.092,6.000
-0.533,6.555,6.000
-0.516,6.053,6.000
-0.540,6.051,6.000
-0.563,6.040,6.000
-0.587,6.037,6.000
-0.608,6.008,6.000
-0.631,6.006,6.000
-0.656,6.012,6.000
-0.682,6.027,6.000
-0.704,6.016,6.000
-0.790,6.529,6.000
-0.748,5.983,6.000
-0.842,6.530,6.000
-0.799,6.004,6.000
-0.820,5.983,6.000
-0.851,6.033,6.000
-0.871,6.003,6.000
-0.894,6.000,6.000
-1.016,6.638,6.000
-1.019,6.489,6.000
-0.965,5.989,6.000
-0.993,6.011,6.000
-1.092,6.453,6.000
-1.122,6.480,6.000
-1.059,5.973,6.000
-1.081,5.960,6.000
-1.109,5.982,6.000
-1.124,5.933,6.000
-1.159,5.990,6.000
-1.179,5.968,6.000
-1.198,5.937,6.000
-1.223,5.941,6.000
-1.250,5.954,6.000
-1.280,5.983,6.000
-1.285,5.892,6.000
-1.316,5.921,6.000
-1.447,6.391,6.000
-1.475,6.401,6.000
-1.392,5.931,6.000
-1.405,5.883,6.000
-1.424,5.860,6.000
-1.470,5.949,6.000
-1.476,5.874,6.000
-1.504,5.886,6.000
-1.657,6.380,6.000
-1.672,6.336,6.000
-1.584,5.910,6.000
-1.594,5.853,6.000
-1.614,5.838,6.000
-1.649,5.874,6.000
-1.667,5.851,6.000
-1.683,5.818,6.000
-1.706,5.812,6.000
-1.734,5.822,6.000
-1.751,5.798,6.000
-1.774,5.791,6.000
-1.799,5.793,6.000
-1.828,5.803,6.000
-1.842,5.770,6.000
-1.876,5.796,6.000
-1.882,5.738,6.000
-1.910,5.748,6.000
-1.933,5.740,6.000
-1.961,5.749,6.000
-1.986,5.750,6.000
-2.006,5.734,6.000
-2.035,5.743,6.000
-2.039,5.684,6.000
-2.074,5.710,6.000
-2.099,5.710,6.000
-2.118,5.693,6.000
-2.138,5.677,6.000
-2.144,5.626,6.000
-2.275,5.901,6.000
-2.211,5.668,6.000
-2.236,5.667,6.000
-2.259,5.658,6.000
-2.271,5.625,6.000
-2.306,5.649,6.000
-2.325,5.631,6.000
-2.354,5.638,6.000
-2.373,5.621,6.000
-2.374,5.563,6.000
-2.417,5.602,6.000
-2.425,5.560,6.000
-2.443,5.542,6.000
-2.461,5.525,6.000
-2.547,5.659,6.000
-2.530,5.562,6.000
-2.544,5.536,6.000
-2.562,5.518,6.000
-2.592,5.523,6.000
-2.621,5.529,6.000
-2.631,5.495,6.000
-2.637,5.453,6.000
-2.682,5.490,6.000
-2.692,5.456,6.000
-2.709,5.437,6.000
-2.747,5.458,6.000
-2.772,5.455,6.000
-2.789,5.436,6.000
-2.811,5.425,6.000
-3.037,5.806,6.000
-2.861,5.419,6.000
-2.858,5.360,6.000
-2.879,5.349,6.000
-3.003,5.528,6.000
-3.162,5.766,6.000
-3.200,5.781,6.000
-2.963,5.303,6.000
-3.237,5.742,6.000
-3.000,5.272,6.000
-3.020,5.260,6.000
-3.301,5.697,6.000
-3.057,5.229,6.000
-3.091,5.240,6.000
-3.112,5.227,6.000
-3.394,5.651,6.000
-3.153,5.203,6.000
-3.192,5.221,6.000
-3.184,5.163,6.000
-3.223,5.180,6.000
-3.234,5.153,6.000
-3.259,5.147,6.000
-3.510,5.496,6.000
-3.309,5.136,6.000
-3.315,5.101,6.000
-3.330,5.081,6.000
-3.626,5.486,6.000
-3.394,5.091,6.000
-3.390,5.041,6.000
-3.434,5.064,6.000
-3.434,5.022,6.000
-3.454,5.008,6.000
-3.484,5.009,6.000
-3.467,4.944,6.000
-3.528,4.989,6.000
-3.537,4.960,6.000
-3.582,4.982,6.000
-3.566,4.918,6.000
-3.606,4.933,6.000
-3.620,4.911,6.000
-3.629,4.883,6.000
-3.653,4.876,6.000
-3.678,4.868,6.000
-3.691,4.847,6.000
-3.721,4.846,6.000
-3.729,4.818,6.000
-3.759,4.817,6.000
-3.810,4.843,6.000
-3.775,4.759,6.000
-3.805,4.758,6.000
-3.834,4.757,6.000
-3.847,4.735,6.000
-3.877,4.734,6.000
-3.896,4.718,6.000
-3.892,4.676,6.000
-4.232,5.044,6.000
-3.934,4.652,6.000
-3.992,4.683,6.000
-3.976,4.628,6.000
-3.994,4.612,6.000
-4.012,4.596,6.000
-4.019,4.567,6.000
-4.054,4.571,6.000
-4.084,4.568,6.000
-4.036,4.480,6.000
-4.066,4.477,6.000
-4.132,4.513,6.000
-4.137,4.484,6.000
-4.100,4.409,6.000
-4.118,4.393,6.000
-4.166,4.409,6.000
-4.170,4.380,6.000
-4.163,4.338,6.000
-4.539,4.693,6.000
-4.209,4.318,6.000
-4.220,4.295,6.000
-4.205,4.246,6.000
-4.781,4.790,6.000
-4.283,4.257,6.000
-4.293,4.234,6.000
-4.297,4.205,6.000
-4.288,4.163,6.000
-4.336,4.177,6.000
-4.685,4.478,6.000
-4.726,4.481,6.000
-4.418,4.156,6.000
-4.408,4.115,6.000
-4.659,4.314,6.000
-4.626,4.251,6.000
-4.456,4.062,6.000
-4.466,4.039,6.000
-4.853,4.355,6.000
-4.557,4.057,6.000
-4.526,3.998,6.000
-4.453,3.902,6.000
-4.537,3.944,6.000
-4.895,4.222,6.000
-4.513,3.861,6.000
-4.528,3.843,6.000
-4.536,3.820,6.000
-4.558,3.808,6.000
-4.573,3.790,6.000
-4.566,3.754,6.000
-4.610,3.760,6.000
-4.624,3.741,6.000
-4.625,3.712,6.000
-4.746,3.778,6.000
-4.654,3.675,6.000
-4.668,3.657,6.000
-5.053,3.927,6.000
-5.127,3.951,6.000
-4.783,3.657,6.000
-4.762,3.611,6.000
-5.186,3.900,6.000
-4.848,3.616,6.000
-4.833,3.576,6.000
-4.847,3.557,6.000
-5.279,3.842,6.000
-5.300,3.826,6.000
-4.881,3.494,6.000
-4.902,3.480,6.000
-4.931,3.471,6.000
-4.929,3.442,6.000
-4.950,3.427,6.000
-4.949,3.398,6.000
-5.442,3.705,6.000
-5.431,3.666,6.000
-5.056,3.384,6.000
-5.084,3.374,6.000
-5.097,3.354,6.000
-5.102,3.329,6.000
-5.123,3.314,6.000
-5.143,3.298,6.000
-5.134,3.264,6.000
-5.139,3.239,6.000
-5.182,3.237,6.000
-5.180,3.208,6.000
-5.154,3.164,6.000
-5.212,3.172,6.000
-5.209,3.142,6.000
-5.214,3.117,6.000
-5.219,3.092,6.000
-5.223,3.067,6.000
-5.657,3.292,6.000
-5.683,3.277,6.000
-5.274,3.014,6.000
-5.255,2.976,6.000
-5.708,3.202,6.000
-5.278,2.934,6.000
-5.298,2.918,6.000
-5.325,2.905,6.000
-5.336,2.884,6.000
-5.355,2.868,6.000
-5.343,2.834,6.000
-5.362,2.817,6.000
-5.397,2.808,6.000
-5.455,2.811,6.000
-5.331,2.721,6.000
-5.373,2.716,6.000
-5.950,2.979,6.000
-5.934,2.942,6.000
-5.453,2.677,6.000
-5.464,2.655,6.000
-5.498,2.645,6.000
-5.500,2.620,6.000
-5.487,2.587,6.000
-5.521,2.576,6.000
-5.523,2.551,6.000
-5.525,2.526,6.000
-5.518,2.496,6.000
-6.002,2.687,6.000
-5.570,2.467,6.000
-5.604,2.456,6.000
-5.630,2.441,6.000
-6.036,2.589,6.000
-5.576,2.366,6.000
-5.601,2.351,6.000
-5.569,2.312,6.000
-6.084,2.497,6.000
-5.604,2.274,6.000
-5.629,2.259,6.000
-5.571,2.210,6.000
-6.122,2.401,6.000
-5.664,2.196,6.000
-5.656,2.167,6.000
-5.664,2.145,6.000
-5.673,2.123,6.000
-5.689,2.103,6.000
-5.698,2.081,6.000
-5.706,2.059,6.000
-5.747,2.048,6.000
-5.739,2.020,6.000
-5.755,2.000,6.000
-5.763,1.977,6.000
-6.243,2.115,6.000
-6.199,2.073,6.000
-5.752,1.898,6.000
-5.785,1.884,6.000
-5.775,1.856,6.000
-5.774,1.830,6.000
-5.806,1.815,6.000
-5.762,1.777,6.000
-5.820,1.770,6.000
-5.827,1.747,6.000
-5.809,1.716,6.000
-5.875,1.711,6.000
-5.830,1.673,6.000
-5.820,1.645,6.000
-5.843,1.627,6.000
-6.350,1.741,6.000
-5.865,1.584,6.000
-5.854,1.556,6.000
-6.347,1.660,6.000
-5.900,1.519,6.000
-5.880,1.489,6.000
-5.886,1.466,6.000
-6.326,1.549,6.000
-5.906,1.422,6.000
-5.911,1.399,6.000
-5.900,1.371,6.000
-5.905,1.348,6.000
-5.919,1.327,6.000
-5.924,1.304,6.000
-5.964,1.288,6.000
-5.960,1.263,6.000
-5.965,1.239,6.000
-5.953,1.212,6.000
-5.940,1.185,6.000
-5.962,1.165,6.000
-5.966,1.142,6.000
-5.971,1.118,6.000
-6.053,1.109,6.000
-5.962,1.068,6.000
-6.010,1.053,6.000
-6.083,1.041,6.000
-5.983,0.999,6.000
-6.013,0.980,6.000
-5.982,0.951,6.000
-6.003,0.930,6.000
-5.989,0.904,6.000
-6.019,0.884,6.000
-6.057,0.866,6.000
-6.026,0.837,6.000
-6.011,0.811,6.000
-5.997,0.785,6.000
-6.578,0.835,6.000
-6.029,0.741,6.000
-6.050,0.719,6.000
-6.070,0.698,6.000
-6.082,0.675,6.000
-6.040,0.646,6.000
-6.043,0.622,6.000
-6.098,0.604,6.000
-6.819,0.648,6.000
-6.050,0.551,6.000
-6.025,0.525,6.000
-6.577,0.547,6.000
-6.047,0.479,6.000
-6.058,0.456,6.000
-6.567,0.469,6.000
-6.608,0.445,6.000
-6.080,0.386,6.000
-6.073,0.361,6.000
-6.056,0.336,6.000
-6.084,0.314,6.000
-6.138,0.293,6.000
-6.078,0.266,6.000
-6.025,0.240,6.000
-6.572,0.236,6.000
-6.054,0.193,6.000
-6.072,0.170,6.000
-6.091,0.147,6.000
-6.109,0.123,6.000
-6.056,0.098,6.000
-6.074,0.075,6.000
-6.092,0.051,6.000
-6.101,0.027,6.000
-6.084,0.003,6.000
-6.066,-0.021,6.000
-6.101,-0.045,6.000
-6.110,-0.069,6.000
-6.101,-0.093,6.000
-6.144,-0.118,6.000
-6.126,-0.141,6.000
-6.081,-0.164,6.000
-6.072,-0.188,6.000
-6.089,-0.212,6.000
-6.070,-0.236,6.000
-6.051,-0.259,6.000
-6.553,-0.306,6.000
-6.576,-0.333,6.000
-6.075,-0.331,6.000
-6.573,-0.385,6.000
-6.072,-0.379,6.000
-6.088,-0.404,6.000
-6.583,-0.463,6.000
-6.084,-0.452,6.000
-6.065,-0.475,6.000
-6.499,-0.534,6.000
-6.088,-0.524,6.000
-6.068,-0.547,6.000
-6.066,-0.571,6.000
-6.568,-0.644,6.000
-6.087,-0.621,6.000
-6.058,-0.642,6.000
-6.038,-0.664,6.000
-6.526,-0.744,6.000
-6.539,-0.771,6.000
-6.039,-0.736,6.000
-6.036,-0.760,6.000
-6.514,-0.846,6.000
-6.030,-0.807,6.000
-6.009,-0.829,6.000
-6.049,-0.858,6.000
-5.993,-0.874,6.000
-6.025,-0.903,6.000
-6.048,-0.931,6.000
-6.035,-0.953,6.000
-6.014,-0.974,6.000
-6.526,-1.084,6.000
-6.015,-1.023,6.000
-6.011,-1.047,6.000
-6.007,-1.070,6.000
-5.976,-1.089,6.000
-6.511,-1.213,6.000
-6.011,-1.144,6.000
-6.015,-1.169,6.000
-6.481,-1.287,6.000
-6.023,-1.220,6.000
-5.958,-1.231,6.000
-5.961,-1.257,6.000
-5.956,-1.280,6.000
-5.994,-1.313,6.000
-5.946,-1.327,6.000
-5.958,-1.354,6.000
-6.415,-1.484,6.000
-5.990,-1.411,6.000
-5.950,-1.426,6.000
-5.884,-1.435,6.000
-6.406,-1.589,6.000
-5.942,-1.498,6.000
-5.893,-1.511,6.000
-6.356,-1.656,6.000
-6.387,-1.691,6.000
-5.875,-1.580,6.000
-5.886,-1.608,6.000
-5.888,-1.633,6.000
-6.360,-1.791,6.000
-5.841,-1.670,6.000
-5.885,-1.708,6.000
-5.776,-1.701,6.000
-5.804,-1.733,6.000
-6.309,-1.911,6.000
-5.949,-1.828,6.000
-5.817,-1.812,6.000
-5.801,-1.833,6.000
-5.794,-1.855,6.000
-5.812,-1.886,6.000
-5.779,-1.901,6.000
-5.788,-1.929,6.000
-5.772,-1.949,6.000
-5.781,-1.977,6.000
-6.131,-2.124,6.000
-5.741,-2.014,6.000
-5.741,-2.039,6.000
-5.848,-2.103,6.000
-5.791,-2.109,6.000
-5.725,-2.110,6.000
-5.692,-2.123,6.000
-5.675,-2.142,6.000
-5.708,-2.181,6.000
-5.658,-2.187,6.000
-5.666,-2.216,6.000
-5.665,-2.241,6.000
-5.665,-2.267,6.000
-5.631,-2.279,6.000
-5.671,-2.321,6.000
-5.646,-2.337,6.000
-5.636,-2.359,6.000
-5.611,-2.374,6.000
-5.610,-2.400,6.000
-5.584,-2.415,6.000
-5.599,-2.447,6.000
-5.573,-2.462,6.000
-5.563,-2.484,6.000
-5.561,-2.509,6.000
-5.511,-2.513,6.000
-5.987,-2.758,6.000
-5.579,-2.597,6.000
-5.513,-2.593,6.000
-5.503,-2.614,6.000
-5.485,-2.632,6.000
-5.482,-2.657,6.000
-5.440,-2.663,6.000
-5.421,-2.681,6.000
-5.459,-2.726,6.000
-5.440,-2.743,6.000
-5.437,-2.769,6.000
-5.426,-2.790,6.000
-5.391,-2.799,6.000
-5.845,-3.064,6.000
-5.393,-2.854,6.000
-5.366,-2.867,6.000
-5.774,-3.114,6.000
-5.790,-3.152,6.000
-5.332,-2.930,6.000
-5.320,-2.951,6.000
-5.285,-2.958,6.000
-5.297,-2.992,6.000
-5.686,-3.241,6.000
-5.273,-3.034,6.000
-5.276,-3.063,6.000
-5.257,-3.080,6.000
-5.252,-3.105,6.000
-5.225,-3.116,6.000
-5.235,-3.150,6.000
-5.230,-3.176,6.000
-5.203,-3.187,6.000
-5.183,-3.203,6.000
-5.163,-3.218,6.000
-5.157,-3.243,6.000
-5.493,-3.484,6.000
-5.154,-3.298,6.000
-5.134,-3.313,6.000
-5.498,-3.579,6.000
-5.517,-3.622,6.000
-5.087,-3.369,6.000
-5.059,-3.379,6.000
-5.441,-3.665,6.000
-5.446,-3.700,6.000
-5.033,-3.448,6.000
-5.012,-3.463,6.000
-5.006,-3.488,6.000
-5.007,-3.518,6.000
-4.971,-3.522,6.000
-5.036,-3.597,6.000
-4.958,-3.571,6.000
-4.929,-3.580,6.000
-4.908,-3.594,6.000
-4.908,-3.624,6.000
-4.901,-3.649,6.000
-4.873,-3.657,6.000
-4.900,-3.708,6.000
-4.844,-3.695,6.000
-4.780,-3.676,6.000
-5.234,-4.059,6.000
-4.807,-3.758,6.000
-4.778,-3.766,6.000
-4.763,-3.784,6.000
-4.755,-3.809,6.000
-4.754,-3.838,6.000
-5.125,-4.171,6.000
-4.710,-3.864,6.000
-4.702,-3.889,6.000
-4.679,-3.901,6.000
-5.058,-4.251,6.000
-4.662,-3.949,6.000
-4.626,-3.950,6.000
-4.597,-3.957,6.000
-4.595,-3.987,6.000
-4.593,-4.016,6.000
-4.564,-4.023,6.000
-4.574,-4.064,6.000
-4.519,-4.047,6.000
-4.876,-4.401,6.000
-4.905,-4.462,6.000
-4.490,-4.118,6.000
-4.487,-4.147,6.000
-4.458,-4.153,6.000
-4.788,-4.496,6.000
-4.425,-4.188,6.000
-4.415,-4.211,6.000
-4.746,-4.563,6.000
-4.394,-4.258,6.000
-4.359,-4.257,6.000
-4.304,-4.236,6.000
-4.331,-4.297,6.000
-4.315,-4.314,6.000
-4.279,-4.312,6.000
-4.280,-4.348,6.000
-4.257,-4.358,6.000
-4.240,-4.375,6.000
-4.229,-4.398,6.000
-4.187,-4.389,6.000
-4.206,-4.444,6.000
-4.177,-4.447,6.000
-4.129,-4.431,6.000
-4.124,-4.461,6.000
-4.094,-4.464,6.000
-4.112,-4.519,6.000
-4.077,-4.515,6.000
-4.059,-4.531,6.000
-4.353,-4.898,6.000
-4.344,-4.927,6.000
-4.005,-4.579,6.000
-4.016,-4.628,6.000
-3.975,-4.617,6.000
-3.963,-4.639,6.000
-3.950,-4.662,6.000
-3.926,-4.670,6.000
-3.908,-4.686,6.000
-3.878,-4.687,6.000
-3.859,-4.703,6.000
-3.863,-4.745,6.000
-3.806,-4.712,6.000
-3.815,-4.762,6.000
-3.774,-4.749,6.000
-3.739,-4.743,6.000
-3.764,-4.813,6.000
-3.745,-4.828,6.000
-3.710,-4.822,6.000
-3.712,-4.864,6.000
-3.997,-5.281,6.000
-3.669,-4.886,6.000
-3.639,-4.886,6.000
-3.656,-4.950,6.000
-3.600,-4.915,6.000
-3.581,-4.929,6.000
-3.567,-4.950,6.000
-3.542,-4.957,6.000
-3.517,-4.964,6.000
-3.513,-4.999,6.000
-3.756,-5.389,6.000
-3.464,-5.012,6.000
-3.424,-4.996,6.000
-3.434,-5.054,6.000
-3.414,-5.067,6.000
-3.385,-5.066,6.000
-3.370,-5.086,6.000
-3.364,-5.122,6.000
-3.266,-5.015,6.000
-3.231,-5.005,6.000
-3.524,-5.506,6.000
-3.269,-5.152,6.000
-3.206,-5.097,6.000
-3.210,-5.147,6.000
-3.180,-5.144,6.000
-3.150,-5.142,6.000
-3.121,-5.139,6.000
-3.101,-5.151,6.000
-3.052,-5.116,6.000
-3.069,-5.191,6.000
-3.040,-5.187,6.000
-3.024,-5.207,6.000
-2.985,-5.187,6.000
-3.001,-5.261,6.000
-2.949,-5.218,6.000
-2.942,-5.254,6.000
-2.921,-5.265,6.000
-2.896,-5.269,6.000
-2.862,-5.256,6.000
-2.863,-5.307,6.000
-2.808,-5.254,6.000
-2.804,-5.298,6.000
-2.800,-5.340,6.000
-2.792,-5.375,6.000
-2.758,-5.362,6.000
-2.737,-5.373,6.000
-2.708,-5.368,6.000
-2.707,-5.418,6.000
-2.673,-5.405,6.000
-2.640,-5.391,6.000
-2.623,-5.410,6.000
-2.836,-5.907,6.000
-2.573,-5.414,6.000
-2.567,-5.456,6.000
-2.739,-5.882,6.000
-2.516,-5.460,6.000
-2.491,-5.462,6.000
-2.477,-5.488,6.000
-2.474,-5.538,6.000
-2.430,-5.499,6.000
-2.401,-5.492,6.000
-2.390,-5.526,6.000
-2.351,-5.494,6.000
-2.343,-5.536,6.000
-2.339,-5.587,6.000
-2.314,-5.588,6.000
-2.302,-5.622,6.000
-2.260,-5.581,6.000
-2.234,-5.581,6.000
-2.411,-6.093,6.000
-2.200,-5.624,6.000
-2.184,-5.649,6.000
-2.328,-6.091,6.000
-2.295,-6.078,6.000
-2.115,-5.666,6.000
-2.092,-5.674,6.000
-2.226,-6.112,6.000
-2.219,-6.166,6.000
-2.025,-5.699,6.000
-1.982,-5.647,6.000
-2.117,-6.108,6.000
-2.114,-6.177,6.000
-1.933,-5.721,6.000
-1.904,-5.712,6.000
-1.888,-5.736,6.000
-1.999,-6.156,6.000
-1.834,-5.725,6.000
-1.814,-5.741,6.000
-1.950,-6.256,6.000
-1.777,-5.781,6.000
-1.744,-5.753,6.000
-1.727,-5.778,6.000
-1.704,-5.784,6.000
-1.679,-5.782,6.000
-1.658,-5.797,6.000
-1.633,-5.795,6.000
-1.605,-5.784,6.000
-1.588,-5.808,6.000
-1.567,-5.823,6.000
-1.537,-5.803,6.000
-1.521,-5.835,6.000
-1.525,-5.944,6.000
-1.471,-5.829,6.000
-1.454,-5.861,6.000
-1.546,-6.335,6.000
-1.410,-5.881,6.000
-1.375,-5.834,6.000
-1.354,-5.848,6.000
-1.437,-6.319,6.000
-1.314,-5.885,6.000
-1.297,-5.916,6.000
-1.275,-5.930,6.000
-1.327,-6.294,6.000
-1.221,-5.905,6.000
-1.186,-5.848,6.000
-1.185,-5.967,6.000
-1.145,-5.884,6.000
-1.128,-5.923,6.000
-1.098,-5.892,6.000
-1.167,-6.399,6.000
-1.150,-6.451,6.000
-1.034,-5.932,6.000
-1.006,-5.909,6.000
-0.985,-5.931,6.000
-0.969,-5.979,6.000
-0.947,-5.991,6.000
-0.915,-5.942,6.000
-0.893,-5.954,6.000
-0.877,-6.002,6.000
-0.845,-5.952,6.000
-0.843,-6.105,6.000
-0.801,-5.977,6.000
-0.775,-5.962,6.000
-0.753,-5.974,6.000
-0.791,-6.481,6.000
-0.707,-5.988,6.000
-0.682,-5.982,6.000
-0.658,-5.976,6.000
-0.687,-6.476,6.000
-0.664,-6.503,6.000
-0.639,-6.505,6.000
-0.566,-6.003,6.000
-0.543,-6.015,6.000
-0.517,-5.990,6.000
-0.494,-6.001,6.000
-0.469,-5.985,6.000
-0.449,-6.031,6.000
-0.458,-6.497,6.000
-0.401,-6.026,6.000
-0.399,-6.370,6.000
-0.356,-6.073,6.000
-0.331,-6.057,6.000
-0.306,-6.031,6.000
-0.283,-6.050,6.000
-0.258,-6.024,6.000
-0.236,-6.070,6.000
-0.211,-6.026,6.000
-0.188,-6.063,6.000
-0.164,-6.028,6.000
-0.139,-5.992,6.000
-0.125,-6.471,6.000
-0.092,-6.020,6.000
-0.074,-6.496,6.000
-0.045,-6.021,6.000
-0.022,-6.075,6.000
0.002,-6.513,6.000
0.028,-6.521,6.000
0.050,-6.083,6.000
0.073,-6.021,6.000
0.097,-6.011,6.000
0.130,-6.487,6.000
0.145,-6.055,6.000
0.168,-6.010,6.000
0.191,-6.018,6.000
0.214,-5.999,6.000
0.238,-6.007,6.000
0.262,-6.006,6.000
0.287,-6.032,6.000
0.311,-6.040,6.000
0.334,-6.021,6.000
0.357,-6.010,6.000
0.380,-6.000,6.000
0.403,-5.998,6.000
0.428,-6.015,6.000
0.487,-6.479,6.000
0.474,-5.993,6.000
0.496,-5.973,6.000
0.522,-5.998,6.000
0.545,-5.987,6.000
0.571,-6.012,6.000
0.643,-6.497,6.000
0.616,-5.989,6.000
0.642,-6.005,6.000
0.668,-6.029,6.000
0.687,-5.982,6.000
0.771,-6.491,6.000
0.735,-5.985,6.000
0.755,-5.955,6.000
0.782,-5.979,6.000
0.873,-6.478,6.000
0.830,-5.982,6.000
0.851,-5.961,6.000
0.876,-5.966,6.000
0.965,-6.400,6.000
0.924,-5.968,6.000
0.943,-5.938,6.000
0.966,-5.934,6.000
1.075,-6.440,6.000
1.010,-5.908,6.000
1.043,-5.957,6.000
1.069,-5.971,6.000
1.084,-5.923,6.000
1.203,-6.425,6.000
1.149,-6.010,6.000
1.156,-5.918,6.000
1.181,-5.922,6.000
1.202,-5.909,6.000
1.224,-5.895,6.000
1.253,-5.917,6.000
1.261,-5.841,6.000
1.401,-6.369,6.000
1.314,-5.867,6.000
1.337,-5.861,6.000
1.379,-5.934,6.000
1.385,-5.859,6.000
1.408,-5.854,6.000
1.545,-6.311,6.000
1.577,-6.335,6.000
1.477,-5.837,6.000
1.498,-5.822,6.000
1.652,-6.316,6.000
1.548,-5.828,6.000
1.567,-5.804,6.000
1.683,-6.140,6.000
1.605,-5.766,6.000
1.645,-5.820,6.000
1.658,-5.779,6.000
1.690,-5.807,6.000
1.718,-5.817,6.000
1.731,-5.776,6.000
1.753,-5.769,6.000
1.923,-6.239,6.000
1.796,-5.747,6.000
1.813,-5.723,6.000
1.847,-5.750,6.000
1.866,-5.734,6.000
1.886,-5.718,6.000
1.909,-5.711,6.000
1.934,-5.711,6.000
1.956,-5.704,6.000
1.985,-5.713,6.000
1.998,-5.680,6.000
2.023,-5.680,6.000
2.033,-5.638,6.000
2.068,-5.664,6.000
2.090,-5.656,6.000
2.109,-5.639,6.000
2.320,-6.128,6.000
2.166,-5.656,6.000
2.172,-5.606,6.000
2.380,-6.071,6.000
2.236,-5.639,6.000
2.252,-5.613,6.000
2.257,-5.563,6.000
2.469,-6.018,6.000
2.487,-5.993,6.000
2.329,-5.552,6.000
2.362,-5.568,6.000
2.373,-5.534,6.000
2.398,-5.533,6.000
2.416,-5.515,6.000
2.449,-5.530,6.000
2.467,-5.512,6.000
2.485,-5.494,6.000
2.510,-5.493,6.000
2.490,-5.392,6.000
2.813,-6.030,6.000
2.555,-5.422,6.000
2.596,-5.453,6.000
2.606,-5.418,6.000
2.654,-5.464,6.000
2.668,-5.438,6.000
2.685,-5.419,6.000
2.691,-5.376,6.000
2.720,-5.382,6.000
2.737,-5.363,6.000
2.998,-5.818,6.000
2.779,-5.341,6.000
2.800,-5.330,6.000
2.825,-5.327,6.000
3.089,-5.770,6.000
2.875,-5.321,6.000
2.883,-5.286,6.000
2.895,-5.259,6.000
2.998,-5.394,6.000
2.950,-5.259,6.000
2.957,-5.224,6.000
2.982,-5.220,6.000
3.012,-5.224,6.000
3.032,-5.212,6.000
3.043,-5.185,6.000
3.064,-5.173,6.000
3.089,-5.168,6.000
3.109,-5.156,6.000
3.157,-5.190,6.000
3.149,-5.132,6.000
3.146,-5.081,6.000
3.467,-5.551,6.000
3.224,-5.117,6.000
3.230,-5.082,6.000
3.519,-5.490,6.000
3.279,-5.071,6.000
3.284,-5.036,6.000
3.299,-5.015,6.000
3.324,-5.010,6.000
3.354,-5.011,6.000
3.378,-5.006,6.000
3.378,-4.963,6.000
3.356,-4.889,6.000
3.729,-5.388,6.000
3.451,-4.945,6.000
3.460,-4.916,6.000
3.485,-4.910,6.000
3.509,-4.904,6.000
3.475,-4.816,6.000
3.537,-4.861,6.000
3.567,-4.862,6.000
3.581,-4.841,6.000
3.855,-5.169,6.000
3.619,-4.812,6.000
3.627,-4.784,6.000
3.984,-5.212,6.000
3.675,-4.769,6.000
3.699,-4.762,6.000
3.690,-4.712,6.000
3.725,-4.719,6.000
3.789,-4.760,6.000
3.762,-4.689,6.000
3.803,-4.702,6.000
3.799,-4.659,6.000
4.151,-5.050,6.000
3.836,-4.629,6.000
3.860,-4.621,6.000
3.883,-4.613,6.000
3.913,-4.611,6.000
3.914,-4.575,6.000
3.943,-4.574,6.000
4.272,-4.916,6.000
4.312,-4.923,6.000
3.985,-4.513,6.000
3.997,-4.491,6.000
4.370,-4.872,6.000
4.044,-4.473,6.000
4.068,-4.463,6.000
4.061,-4.421,6.000
4.109,-4.438,6.000
4.108,-4.402,6.000
4.119,-4.379,6.000
4.142,-4.370,6.000
4.153,-4.347,6.000
4.170,-4.331,6.000
4.187,-4.314,6.000
4.210,-4.304,6.000
4.234,-4.294,6.000
4.231,-4.258,6.000
4.620,-4.613,6.000
4.278,-4.237,6.000
4.288,-4.214,6.000
4.304,-4.197,6.000
4.334,-4.193,6.000
4.350,-4.176,6.000
4.366,-4.159,6.000
4.383,-4.142,6.000
4.399,-4.124,6.000
4.415,-4.107,6.000
4.733,-4.368,6.000
4.474,-4.096,6.000
4.463,-4.055,6.000
4.479,-4.037,6.000
4.461,-3.989,6.000
4.518,-4.008,6.000
4.520,-3.978,6.000
4.535,-3.960,6.000
4.551,-3.942,6.000
4.559,-3.919,6.000
4.851,-4.136,6.000
4.618,-3.906,6.000
4.633,-3.888,6.000
4.634,-3.858,6.000
5.046,-4.167,6.000
4.601,-3.770,6.000
4.666,-3.792,6.000
5.107,-4.118,6.000
4.709,-3.766,6.000
4.724,-3.748,6.000
4.732,-3.724,6.000
4.760,-3.716,6.000
4.682,-3.625,6.000
4.768,-3.662,6.000
4.775,-3.638,6.000
4.804,-3.630,6.000
4.760,-3.567,6.000
4.759,-3.538,6.000
4.846,-3.573,6.000
4.896,-3.580,6.000
4.881,-3.540,6.000
4.895,-3.521,6.000
4.924,-3.512,6.000
4.901,-3.467,6.000
4.922,-3.453,6.000
4.965,-3.454,6.000
4.934,-3.404,6.000
4.984,-3.410,6.000
4.998,-3.390,6.000
5.011,-3.370,6.000
5.017,-3.346,6.000
5.015,-3.316,6.000
5.028,-3.296,6.000
5.056,-3.286,6.000
5.054,-3.257,6.000
5.066,-3.237,6.000
5.094,-3.226,6.000
5.107,-3.206,6.000
5.112,-3.182,6.000
5.109,-3.152,6.000
5.182,-3.169,6.000
5.157,-3.126,6.000
5.192,-3.119,6.000
5.173,-3.080,6.000
5.185,-3.060,6.000
5.174,-3.026,6.000
5.201,-3.015,6.000
5.229,-3.003,6.000
5.241,-2.983,6.000
5.237,-2.953,6.000
5.685,-3.177,6.000
5.705,-3.158,6.000
5.279,-2.896,6.000
5.251,-2.853,6.000
5.310,-2.858,6.000
5.313,-2.833,6.000
5.324,-2.812,6.000
5.327,-2.787,6.000
5.322,-2.758,6.000
5.794,-2.974,6.000
5.351,-2.720,6.000
5.824,-2.932,6.000
5.381,-2.682,6.000
5.391,-2.661,6.000
5.851,-2.860,6.000
5.492,-2.657,6.000
5.487,-2.628,6.000
5.970,-2.831,6.000
5.988,-2.811,6.000
5.517,-2.563,6.000
5.527,-2.541,6.000
5.986,-2.724,6.000
5.563,-2.505,6.000
5.613,-2.501,6.000
5.591,-2.465,6.000
5.576,-2.432,6.000
5.610,-2.421,6.000
5.562,-2.375,6.000
5.538,-2.339,6.000
5.622,-2.348,6.000
5.672,-2.343,6.000
5.624,-2.297,6.000
5.616,-2.268,6.000
5.674,-2.266,6.000
5.667,-2.237,6.000
5.684,-2.218,6.000
5.676,-2.189,6.000
5.685,-2.167,6.000
5.701,-2.148,6.000
5.726,-2.131,6.000
5.718,-2.103,6.000
5.743,-2.086,6.000
5.718,-2.052,6.000
6.351,-2.251,6.000
5.759,-2.016,6.000
5.725,-1.978,6.000
6.224,-2.124,6.000
5.807,-1.956,6.000
5.790,-1.925,6.000
5.945,-1.951,6.000
6.308,-2.042,6.000
5.812,-1.856,6.000
5.828,-1.836,6.000
5.801,-1.803,6.000
5.817,-1.783,6.000
6.288,-1.900,6.000
5.856,-1.744,6.000
5.820,-1.709,6.000
6.317,-1.828,6.000
5.876,-1.675,6.000
5.840,-1.640,6.000
5.880,-1.627,6.000
5.870,-1.599,6.000
6.389,-1.714,6.000
5.848,-1.544,6.000
5.905,-1.534,6.000
5.937,-1.517,6.000
5.917,-1.488,6.000
5.914,-1.462,6.000
5.954,-1.447,6.000
6.389,-1.526,6.000
5.965,-1.401,6.000
5.937,-1.369,6.000
6.421,-1.454,6.000
5.973,-1.328,6.000
6.021,-1.314,6.000
6.176,-1.323,6.000
6.474,-1.360,6.000
5.993,-1.234,6.000
5.963,-1.204,6.000
6.413,-1.268,6.000
6.517,-1.262,6.000
5.951,-1.128,6.000
5.911,-1.097,6.000
6.486,-1.177,6.000
5.920,-1.050,6.000
6.456,-1.119,6.000
5.928,-1.004,6.000
5.905,-0.976,6.000
5.935,-0.957,6.000
5.957,-0.937,6.000
5.943,-0.910,6.000
5.946,-0.887,6.000
5.941,-0.862,6.000
5.962,-0.842,6.000
5.956,-0.817,6.000
5.968,-0.795,6.000
5.989,-0.774,6.000
5.974,-0.748,6.000
5.995,-0.726,6.000
5.989,-0.702,6.000
6.375,-0.722,6.000
6.506,-0.711,6.000
6.006,-0.632,6.000
5.981,-0.606,6.000
6.394,-0.622,6.000
5.968,-0.557,6.000
5.997,-0.536,6.000
5.981,-0.511,6.000
6.515,-0.531,6.000
6.012,-0.466,6.000
5.996,-0.441,6.000
6.006,-0.418,6.000
5.972,-0.392,6.000
6.516,-0.402,6.000
6.486,-0.375,6.000
6.030,-0.325,6.000
6.067,-0.303,6.000
6.033,-0.277,6.000
5.989,-0.252,6.000
6.008,-0.229,6.000
6.026,-0.206,6.000
5.964,-0.180,6.000
6.028,-0.158,6.000
6.439,-0.144,6.000
6.029,-0.111,6.000
5.966,-0.086,6.000
6.030,-0.064,6.000
6.012,-0.040,6.000
5.884,-0.016,6.500
6.545,0.008,6.500
6.110,0.031,6.500
6.480,0.059,6.500
6.092,0.079,6.500
6.118,0.104,6.500
6.109,0.128,6.500
6.126,0.152,6.500
6.108,0.176,6.500
6.089,0.199,6.500
6.088,0.223,6.500
6.586,0.267,6.500
6.601,0.294,6.500
6.076,0.294,6.500
6.049,0.317,6.500
6.542,0.368,6.500
6.588,0.397,6.500
6.053,0.388,6.500
6.078,0.414,6.500
6.059,0.437,6.500
6.066,0.461,6.500
6.586,0.527,6.500
6.062,0.509,6.500
6.051,0.532,6.500
6.084,0.559,6.500
6.538,0.626,6.500
6.009,0.600,6.500
5.989,0.621,6.500
6.004,0.647,6.500
6.028,0.673,6.500
5.990,0.693,6.500
6.482,0.776,6.500
6.424,0.794,6.500
5.990,0.765,6.500
6.005,0.790,6.500
5.975,0.810,6.500
5.963,0.833,6.500
6.455,0.927,6.500
5.956,0.880,6.500
5.935,0.900,6.500
5.923,0.922,6.500
5.946,0.950,6.500
5.942,0.973,6.500
5.947,0.998,6.500
5.943,1.021,6.500
5.930,1.043,6.500
5.908,1.063,6.500
5.948,1.094,6.500
5.908,1.111,6.500
5.957,1.145,6.500
5.917,1.161,6.500
5.895,1.181,6.500
5.943,1.215,6.500
5.877,1.225,6.500
5.863,1.246,6.500
5.884,1.275,6.500
5.897,1.302,6.500
5.892,1.325,6.500
5.869,1.344,6.500
5.864,1.367,6.500
5.841,1.386,6.500
5.835,1.409,6.500
5.838,1.434,6.500
5.824,1.455,6.500
5.836,1.482,6.500
6.306,1.628,6.500
5.815,1.526,6.500
5.800,1.546,6.500
5.803,1.572,6.500
6.326,1.740,6.500
5.816,1.624,6.500
5.775,1.637,6.500
5.778,1.663,6.500
5.797,1.693,6.500
5.773,1.710,6.500
5.783,1.738,6.500
5.811,1.771,6.500
5.761,1.781,6.500
5.754,1.804,6.500
5.738,1.824,6.500
5.731,1.846,6.500
5.783,1.888,6.500
6.266,2.073,6.500
5.810,1.947,6.500
5.769,1.959,6.500
5.659,1.947,6.500
6.240,2.174,6.500
5.762,2.033,6.500
5.754,2.055,6.500
5.721,2.069,6.500
5.738,2.100,6.500
6.196,2.296,6.500
5.770,2.164,6.500
5.696,2.162,6.500
6.080,2.335,6.500
5.654,2.197,6.500
5.703,2.241,6.500
5.670,2.254,6.500
5.669,2.280,6.500
5.627,2.289,6.500
5.634,2.317,6.500
5.633,2.343,6.500
5.600,2.355,6.500
5.615,2.387,6.500
5.662,2.433,6.500
5.596,2.431,6.500
5.562,2.442,6.500
5.569,2.472,6.500
6.029,2.704,6.500
5.621,2.548,6.500
5.547,2.541,6.500
5.561,2.574,6.500
5.519,2.580,6.500
5.501,2.598,6.500
5.499,2.624,6.500
5.504,2.653,6.500
5.486,2.671,6.500
5.880,2.891,6.500
5.883,2.921,6.500
5.446,2.731,6.500
5.435,2.753,6.500
5.683,2.906,6.500
5.398,2.787,6.500
5.379,2.804,6.500
5.407,2.846,6.500
5.356,2.846,6.500
5.384,2.888,6.500
5.381,2.914,6.500
5.323,2.909,6.500
5.373,2.964,6.500
5.354,2.981,6.500
5.319,2.989,6.500
5.276,2.993,6.500
5.288,3.027,6.500
5.701,3.293,6.500
5.702,3.323,6.500
5.251,3.089,6.500
5.239,3.109,6.500
5.676,3.398,6.500
5.622,3.396,6.500
5.232,3.189,6.500
5.175,3.182,6.500
5.207,3.230,6.500
5.601,3.505,6.500
5.152,3.252,6.500
5.139,3.272,6.500
5.156,3.312,6.500
5.113,3.313,6.500
5.107,3.338,6.500
5.094,3.358,6.500
5.088,3.382,6.500
5.031,3.373,6.500
5.047,3.412,6.500
5.019,3.422,6.500
5.425,3.731,6.500
5.014,3.477,6.500
4.986,3.486,6.500
4.993,3.521,6.500
4.980,3.541,6.500
4.944,3.545,6.500
4.952,3.580,6.500
4.952,3.610,6.500
4.873,3.582,6.500
4.916,3.643,6.500
4.895,3.657,6.500
4.831,3.639,6.500
4.859,3.690,6.500
4.851,3.715,6.500
4.823,3.723,6.500
4.815,3.747,6.500
4.807,3.771,6.500
4.785,3.785,6.500
4.743,3.782,6.500
4.742,3.811,6.500
4.734,3.835,6.500
5.069,4.140,6.500
5.095,4.195,6.500
4.688,3.891,6.500
4.666,3.904,6.500
4.691,3.956,6.500
5.022,4.269,6.500
4.646,3.981,6.500
4.611,3.982,6.500
4.595,4.000,6.500
4.573,4.013,6.500
4.563,4.036,6.500
4.514,4.025,6.500
4.558,4.096,6.500
4.522,4.096,6.500
4.513,4.120,6.500
4.470,4.113,6.500
4.467,4.143,6.500
4.483,4.190,6.500
4.421,4.166,6.500
4.411,4.189,6.500
4.414,4.225,6.500
4.739,4.571,6.500
4.732,4.601,6.500
4.351,4.264,6.500
4.335,4.281,6.500
4.324,4.304,6.500
4.320,4.334,6.500
4.602,4.654,6.500
4.285,4.368,6.500
4.256,4.372,6.500
4.353,4.507,6.500
4.227,4.412,6.500
4.192,4.409,6.500
4.174,4.425,6.500
4.504,4.813,6.500
4.158,4.477,6.500
4.104,4.455,6.500
4.110,4.497,6.500
4.444,4.900,6.500
4.081,4.536,6.500
4.098,4.591,6.500
4.027,4.548,6.500
4.356,4.958,6.500
4.015,4.606,6.500
3.991,4.615,6.500
4.287,4.997,6.500
3.949,4.639,6.500
3.919,4.641,6.500
3.912,4.670,6.500
3.900,4.692,6.500
3.870,4.694,6.500
4.158,5.084,6.500
4.148,5.113,6.500
3.820,4.746,6.500
3.801,4.761,6.500
3.782,4.776,6.500
3.758,4.784,6.500
3.739,4.799,6.500
4.116,5.325,6.500
3.712,4.842,6.500
3.704,4.871,6.500
3.679,4.878,6.500
3.655,4.885,6.500
3.625,4.886,6.500
3.632,4.935,6.500
3.597,4.928,6.500
3.572,4.935,6.500
3.558,4.956,6.500
3.559,4.999,6.500
3.514,4.977,6.500
3.500,4.998,6.500
3.760,5.415,6.500
3.765,5.468,6.500
3.440,5.039,6.500
3.396,5.015,6.500
3.401,5.066,6.500
3.356,5.042,6.500
3.351,5.077,6.500
3.326,5.083,6.500
3.301,5.089,6.500
3.549,5.518,6.500
3.346,5.247,6.500
3.260,5.157,6.500
3.202,5.110,6.500
3.449,5.553,6.500
3.460,5.620,6.500
3.155,5.170,6.500
3.154,5.213,6.500
3.378,5.633,6.500
3.103,5.222,6.500
3.074,5.219,6.500
3.044,5.216,6.500
3.037,5.251,6.500
3.231,5.636,6.500
3.031,5.336,6.500
2.984,5.302,6.500
2.933,5.259,6.500
3.173,5.742,6.500
3.150,5.755,6.500
2.887,5.324,6.500
2.871,5.343,6.500
3.093,5.812,6.500
3.041,5.768,6.500
2.808,5.377,6.500
3.032,5.862,6.500
2.769,5.407,6.500
2.740,5.402,6.500
2.774,5.522,6.500
2.693,5.415,6.500
2.688,5.458,6.500
2.655,5.444,6.500
2.653,5.494,6.500
2.616,5.473,6.500
2.606,5.507,6.500
2.588,5.525,6.500
2.555,5.511,6.500
2.529,5.513,6.500
2.522,5.555,6.500
2.497,5.557,6.500
2.468,5.551,6.500
2.657,6.041,6.500
2.428,5.578,6.500
2.588,6.011,6.500
2.580,6.058,6.500
2.365,5.615,6.500
2.336,5.607,6.500
2.307,5.600,6.500
2.469,6.061,6.500
2.446,6.071,6.500
2.241,5.627,6.500
2.226,5.652,6.500
2.207,5.669,6.500
2.191,5.694,6.500
2.153,5.661,6.500
2.133,5.678,6.500
2.289,6.165,6.500
2.104,5.736,6.500
2.069,5.711,6.500
2.047,5.719,6.500
2.030,5.744,6.500
2.002,5.735,6.500
1.976,5.735,6.500
2.116,6.218,6.500
1.923,5.725,6.500
1.912,5.766,6.500
1.886,5.765,6.500
1.866,5.781,6.500
1.838,5.771,6.500
1.823,5.804,6.500
1.793,5.786,6.500
1.775,5.810,6.500
1.752,5.816,6.500
1.732,5.832,6.500
1.704,5.822,6.500
1.686,5.845,6.500
1.796,6.318,6.500
1.635,5.841,6.500
1.612,5.848,6.500
1.603,5.905,6.500
1.569,5.869,6.500
1.669,6.345,6.500
1.648,6.366,6.500
1.490,5.852,6.500
1.474,5.884,6.500
1.563,6.347,6.500
1.546,6.384,6.500
1.400,5.884,6.500
1.385,5.924,6.500
1.358,5.912,6.500
1.335,5.917,6.500
1.312,5.922,6.500
1.290,5.936,6.500
1.265,5.932,6.500
1.244,5.946,6.500
1.222,5.960,6.500
1.193,5.938,6.500
1.172,5.952,6.500
1.148,5.956,6.500
1.125,5.961,6.500
1.105,5.982,6.500
1.081,5.987,6.500
1.139,6.453,6.500
1.120,6.496,6.500
1.080,6.414,6.500
0.985,5.994,6.500
0.960,5.989,6.500
0.940,6.011,6.500
0.985,6.470,6.500
0.892,6.018,6.500
0.868,6.012,6.500
0.843,6.007,6.500
0.887,6.508,6.500
0.800,6.049,6.500
0.773,6.025,6.500
0.750,6.037,6.500
0.726,6.031,6.500
0.701,6.025,6.500
0.678,6.037,6.500
0.653,6.030,6.500
0.632,6.059,6.500
0.607,6.044,6.500
0.582,6.038,6.500
0.568,6.145,6.500
0.536,6.060,6.500
0.510,6.035,6.500
0.484,6.011,6.500
0.466,6.083,6.500
0.439,6.041,6.500
0.417,6.069,6.500
0.392,6.053,6.500
0.372,6.108,6.500
0.346,6.074,6.500
0.319,6.022,6.500
0.298,6.076,6.500
0.276,6.121,6.500
0.269,6.523,6.500
0.227,6.097,6.500
0.202,6.071,6.500
0.179,6.099,6.500
0.165,6.487,6.500
0.141,6.575,6.500
0.106,6.056,6.500
0.083,6.056,6.500
0.059,6.083,6.500
0.035,6.083,6.500
0.011,6.066,6.500
-0.014,6.584,6.500
-0.037,6.092,6.500
-0.060,6.065,6.500
-0.091,6.583,6.500
-0.108,6.056,6.500
-0.132,6.091,6.500
-0.169,6.566,6.500
-0.180,6.099,6.500
-0.203,6.062,6.500
-0.227,6.062,6.500
-0.272,6.563,6.500
-0.278,6.130,6.500
-0.299,6.067,6.500
-0.323,6.075,6.500
-0.345,6.029,6.500
-0.370,6.054,6.500
-0.395,6.071,6.500
-0.416,6.025,6.500
-0.442,6.059,6.500
-0.466,6.057,6.500
-0.489,6.046,6.500
-0.511,6.026,6.500
-0.582,6.558,6.500
-0.562,6.066,6.500
-0.582,6.020,6.500
-0.658,6.535,6.500
-0.657,6.282,6.500
-0.659,6.066,6.500
-0.679,6.028,6.500
-0.761,6.532,6.500
-0.734,6.092,6.500
-0.751,6.028,6.500
-0.772,6.007,6.500
-0.865,6.527,6.500
-0.822,6.019,6.500
-0.840,5.980,6.500
-0.870,6.021,6.500
-0.894,6.018,6.500
-0.993,6.509,6.500
-0.942,6.019,6.500
-0.965,6.007,6.500
-0.987,5.994,6.500
-1.083,6.422,6.500
-1.035,5.995,6.500
-1.051,5.947,6.500
-1.081,5.978,6.500
-1.101,5.956,6.500
-1.125,5.952,6.500
-1.148,5.947,6.500
-1.178,5.977,6.500
-1.200,5.964,6.500
-1.321,6.434,6.500
-1.245,5.946,6.500
-1.270,5.949,6.500
-1.299,5.970,6.500
-1.319,5.948,6.500
-1.338,5.925,6.500
-1.361,5.920,6.500
-1.486,6.349,6.500
-1.410,5.918,6.500
-1.433,5.912,6.500
-1.456,5.907,6.500
-1.471,5.866,6.500
-1.617,6.342,6.500
-1.646,6.351,6.500
-1.617,6.140,6.500
-1.575,5.885,6.500
-1.584,5.828,6.500
-1.745,6.324,6.500
-1.779,6.347,6.500
-1.664,5.851,6.500
-1.682,5.828,6.500
-1.833,6.258,6.500
-1.756,5.907,6.500
-1.754,5.816,6.500
-1.763,5.766,6.500
-1.934,6.236,6.500
-1.827,5.812,6.500
-1.845,5.788,6.500
-1.876,5.806,6.500
-2.046,6.250,6.500
-1.924,5.799,6.500
-1.938,5.767,6.500
-1.958,5.750,6.500
-1.963,5.692,6.500
-2.009,5.752,6.500
-2.035,5.752,6.500
-2.048,5.719,6.500
-2.071,5.711,6.500
-2.084,5.678,6.500
-2.109,5.678,6.500
-2.144,5.703,6.500
-2.160,5.678,6.500
-2.179,5.661,6.500
-2.221,5.702,6.500
-2.230,5.660,6.500
-2.243,5.626,6.500
-2.278,5.651,6.500
-2.300,5.642,6.500
-2.312,5.608,6.500
-2.331,5.590,6.500
-2.349,5.573,6.500
-2.575,6.042,6.500
-2.389,5.546,6.500
-2.415,5.545,6.500
-2.665,6.055,6.500
-2.455,5.518,6.500
-2.491,5.541,6.500
-2.524,5.555,6.500
-2.553,5.561,6.500
-2.764,5.959,6.500
-2.585,5.517,6.500
-2.814,5.944,6.500
-2.625,5.488,6.500
-2.867,5.936,6.500
-2.675,5.483,6.500
-2.709,5.497,6.500
-2.722,5.470,6.500
-2.732,5.436,6.500
-2.753,5.425,6.500
-3.003,5.859,6.500
-3.033,5.861,6.500
-2.821,5.400,6.500
-2.842,5.389,6.500
-2.843,5.338,6.500
-2.897,5.390,6.500
-2.906,5.355,6.500
-2.931,5.351,6.500
-2.956,5.347,6.500
-2.964,5.313,6.500
-3.148,5.590,6.500
-3.015,5.304,6.500
-3.031,5.285,6.500
-3.310,5.719,6.500
-3.068,5.253,6.500
-3.089,5.241,6.500
-3.114,5.237,6.500
-3.157,5.262,6.500
-3.401,5.619,6.500
-3.175,5.200,6.500
-3.205,5.202,6.500
-3.221,5.182,6.500
-3.236,5.162,6.500
-3.257,5.149,6.500
-3.272,5.129,6.500
-3.571,5.550,6.500
-3.336,5.140,6.500
-3.322,5.075,6.500
-3.352,5.077,6.500
-3.387,5.086,6.500
-3.352,4.991,6.500
-3.417,5.044,6.500
-3.432,5.023,6.500
-3.744,5.435,6.500
-3.481,5.011,6.500
-3.491,4.983,6.500
-3.536,5.005,6.500
-3.535,4.962,6.500
-3.570,4.970,6.500
-3.862,5.332,6.500
-3.593,4.920,6.500
-3.586,4.870,6.500
-3.600,4.849,6.500
-3.917,5.233,6.500
-3.670,4.863,6.500
-3.689,4.849,6.500
-3.703,4.827,6.500
-3.732,4.826,6.500
-4.014,5.149,6.500
-4.064,5.170,6.500
-3.805,4.803,6.500
-3.808,4.767,6.500
-3.837,4.766,6.500
-3.840,4.730,6.500
-3.852,4.708,6.500
-3.877,4.700,6.500
-3.895,4.685,6.500
-3.919,4.676,6.500
-3.903,4.620,6.500
-4.279,5.025,6.500
-3.968,4.623,6.500
-3.998,4.621,6.500
-3.999,4.585,6.500
-4.022,4.576,6.500
-4.040,4.560,6.500
-4.370,4.893,6.500
-4.058,4.508,6.500
-4.129,4.551,6.500
-4.433,4.847,6.500
-4.111,4.460,6.500
-4.497,4.841,6.500
-4.158,4.441,6.500
-4.524,4.794,6.500
-4.205,4.421,6.500
-4.562,4.758,6.500
-4.246,4.394,6.500
-4.251,4.365,6.500
-4.262,4.341,6.500
-4.316,4.362,6.500
-4.296,4.308,6.500
-4.319,4.297,6.500
-4.713,4.653,6.500
-4.295,4.207,6.500
-4.311,4.190,6.500
-4.321,4.167,6.500
-4.491,4.296,6.500
-4.367,4.145,6.500
-4.759,4.481,6.500
-4.419,4.129,6.500
-4.409,4.087,6.500
-4.698,4.321,6.500
-4.448,4.058,6.500
-4.457,4.035,6.500
-4.466,4.011,6.500
-4.488,4.000,6.500
-4.897,4.330,6.500
-4.472,3.922,6.500
-4.846,4.217,6.500
-4.503,3.887,6.500
-4.497,3.851,6.500
-4.498,3.822,6.500
-4.548,3.834,6.500
-4.953,4.142,6.500
-4.585,3.804,6.500
-4.935,4.061,6.500
-4.601,3.756,6.500
-4.623,3.744,6.500
-4.652,3.737,6.500
-4.659,3.713,6.500
-4.659,3.683,6.500
-5.106,4.004,6.500
-4.688,3.647,6.500
-4.886,3.770,6.500
-4.635,3.547,6.500
-4.664,3.541,6.500
-4.745,3.572,6.500
-5.121,3.824,6.500
-4.721,3.496,6.500
-4.749,3.489,6.500
-4.748,3.459,6.500
-4.769,3.446,6.500
-4.857,3.481,6.500
-4.796,3.408,6.500
-4.855,3.422,6.500
-4.876,3.408,6.500
-4.889,3.388,6.500
-4.895,3.364,6.500
-4.908,3.345,6.500
-4.921,3.325,6.500
-4.942,3.311,6.500
-5.384,3.577,6.500
-4.967,3.272,6.500
-5.406,3.531,6.500
-4.985,3.228,6.500
-5.013,3.218,6.500
-4.972,3.164,6.500
-5.454,3.441,6.500
-5.043,3.154,6.500
-5.480,3.398,6.500
-5.044,3.100,6.500
-5.088,3.099,6.500
-5.162,3.117,6.500
-5.190,3.106,6.500
-5.171,3.067,6.500
-5.635,3.313,6.500
-5.187,3.022,6.500
-5.222,3.015,6.500
-5.211,2.981,6.500
-5.207,2.951,6.500
-5.699,3.201,6.500
-5.370,2.988,6.500
-5.343,2.946,6.500
-5.799,3.168,6.500
-5.374,2.908,6.500
-5.369,2.879,6.500
-5.365,2.849,6.500
-5.408,2.845,6.500
-5.411,2.819,6.500
-5.406,2.790,6.500
-5.891,3.011,6.500
-5.452,2.759,6.500
-5.470,2.742,6.500
-5.520,2.740,6.500
-5.492,2.699,6.500
-5.510,2.681,6.500
-5.449,2.625,6.500
-5.507,2.626,6.500
-5.517,2.605,6.500
-5.936,2.774,6.500
-5.473,2.531,6.500
-5.548,2.539,6.500
-5.517,2.499,6.500
-5.559,2.492,6.500
-5.990,2.657,6.500
-5.546,2.434,6.500
-5.564,2.416,6.500
-5.590,2.401,6.500
-5.583,2.372,6.500
-6.070,2.551,6.500
-5.618,2.335,6.500
-5.594,2.299,6.500
-5.578,2.267,6.500
-5.620,2.259,6.500
-5.629,2.236,6.500
-5.613,2.204,6.500
-5.604,2.176,6.500
-5.655,2.170,6.500
-5.655,2.144,6.500
-5.672,2.125,6.500
-5.688,2.106,6.500
-6.176,2.259,6.500
-6.170,2.230,6.500
-5.679,2.027,6.500
-5.712,2.014,6.500
-5.695,1.982,6.500
-6.159,2.117,6.500
-6.294,2.135,6.500
-6.273,2.101,6.500
-5.818,1.923,6.500
-6.304,2.056,6.500
-5.783,1.861,6.500
-6.342,2.014,6.500
-6.028,1.888,6.500
-5.880,1.816,6.500
-5.811,1.770,6.500
-5.886,1.767,6.500
-6.373,1.887,6.500
-5.874,1.714,6.500
-6.358,1.828,6.500
-5.904,1.672,6.500
-5.919,1.652,6.500
-5.942,1.633,6.500
-5.940,1.607,6.500
-5.887,1.568,6.500
-5.927,1.554,6.500
-6.421,1.656,6.500
-5.948,1.509,6.500
-5.928,1.480,6.500
-6.348,1.558,6.500
-5.974,1.441,6.500
-6.452,1.530,6.500
-5.968,1.390,6.500
-5.982,1.369,6.500
-6.004,1.349,6.500
-5.992,1.322,6.500
-6.015,1.302,6.500
-6.045,1.284,6.500
-6.016,1.253,6.500
-6.012,1.227,6.500
-5.930,1.186,6.500
-6.507,1.275,6.500
-5.975,1.146,6.500
-5.970,1.121,6.500
-5.940,1.091,6.500
-5.970,1.073,6.500
-5.974,1.049,6.500
-6.427,1.103,6.500
-5.991,1.004,6.500
-5.960,0.975,6.500
-5.990,0.955,6.500
-6.011,0.935,6.500
-5.971,0.904,6.500
-6.036,0.890,6.500
-6.517,0.935,6.500
-6.017,0.839,6.500
-6.020,0.815,6.500
-6.014,0.790,6.500
-6.008,0.765,6.500
-6.367,0.786,6.500
-6.041,0.721,6.500
-6.525,0.753,6.500
-6.544,0.729,6.500
-6.031,0.648,6.500
-6.051,0.626,6.500
-6.045,0.602,6.500
-6.029,0.576,6.500
-6.478,0.593,6.500
-6.051,0.530,6.500
-6.584,0.551,6.500
-6.055,0.483,6.500
-6.084,0.461,6.500
-6.006,0.431,6.500
-6.506,0.442,6.500
-6.045,0.386,6.500
-6.541,0.392,6.500
-6.056,0.339,6.500
-6.163,0.321,6.500
-6.059,0.292,6.500
-6.069,0.268,6.500
-6.061,0.244,6.500
-6.548,0.238,6.500
-6.071,0.197,6.500
-6.550,0.187,6.500
-6.037,0.148,6.500
-6.064,0.125,6.500
-6.065,0.101,6.500
-6.065,0.077,6.500
-6.074,0.054,6.500
-6.057,0.030,6.500
-6.101,0.006,6.500
-6.075,-0.018,6.500
-6.057,-0.042,6.500
-6.119,-0.066,6.500
-6.065,-0.089,6.500
-6.100,-0.114,6.500
-6.055,-0.137,6.500
-6.099,-0.162,6.500
-6.081,-0.185,6.500
-6.089,-0.209,6.500
-6.088,-0.233,6.500
-6.069,-0.256,6.500
-6.538,-0.302,6.500
-6.094,-0.305,6.500
-6.299,-0.341,6.500
-6.038,-0.350,6.500
-6.054,-0.375,6.500
-6.079,-0.401,6.500
-6.069,-0.424,6.500
-6.558,-0.484,6.500
-6.556,-0.510,6.500
-6.090,-0.498,6.500
-6.070,-0.520,6.500
-6.103,-0.547,6.500
-6.084,-0.569,6.500
-6.576,-0.642,6.500
-6.703,-0.681,6.500
-6.076,-0.641,6.500
-6.047,-0.662,6.500
-6.054,-0.687,6.500
-6.068,-0.713,6.500
-6.505,-0.790,6.500
-6.063,-0.760,6.500
-6.042,-0.782,6.500
-6.039,-0.806,6.500
-6.044,-0.830,6.500
-6.032,-0.853,6.500
-6.038,-0.878,6.500
-6.402,-0.957,6.500
-6.013,-0.923,6.500
-6.010,-0.946,6.500
-5.988,-0.967,6.500
-6.088,-1.008,6.500
-6.024,-1.021,6.500
-6.029,-1.047,6.500
-6.050,-1.075,6.500
-5.968,-1.084,6.500
-5.999,-1.114,6.500
-6.003,-1.140,6.500
-6.007,-1.165,6.500
-6.037,-1.195,6.500
-5.954,-1.203,6.500
-5.958,-1.228,6.500
-6.435,-1.353,6.500
-5.966,-1.279,6.500
-6.478,-1.415,6.500
-5.964,-1.328,6.500
-5.942,-1.347,6.500
-5.936,-1.371,6.500
-6.432,-1.512,6.500
-5.942,-1.421,6.500
-5.954,-1.449,6.500
-5.914,-1.464,6.500
-5.882,-1.480,6.500
-6.379,-1.632,6.500
-5.905,-1.536,6.500
-6.403,-1.692,6.500
-5.901,-1.584,6.500
-6.360,-1.734,6.500
-5.889,-1.630,6.500
-5.891,-1.656,6.500
-5.901,-1.684,6.500
-5.860,-1.697,6.500
-5.845,-1.718,6.500
-5.847,-1.743,6.500
-5.832,-1.764,6.500
-6.287,-1.928,6.500
-5.834,-1.815,6.500
-6.287,-1.983,6.500
-5.820,-1.861,6.500
-5.838,-1.892,6.500
-5.780,-1.898,6.500
-5.772,-1.921,6.500
-5.790,-1.952,6.500
-6.260,-2.138,6.500
-5.758,-1.991,6.500
-5.742,-2.011,6.500
-6.205,-2.201,6.500
-5.751,-2.065,6.500
-5.742,-2.088,6.500
-6.194,-2.279,6.500
-5.734,-2.136,6.500
-5.726,-2.158,6.500
-5.676,-2.165,6.500
-5.675,-2.191,6.500
-5.708,-2.229,6.500
-6.131,-2.422,6.500
-5.633,-2.251,6.500
-5.649,-2.283,6.500
-5.623,-2.298,6.500
-5.630,-2.327,6.500
-6.060,-2.533,6.500
-5.612,-2.371,6.500
-5.594,-2.390,6.500
-5.593,-2.415,6.500
-5.584,-2.437,6.500
-5.574,-2.459,6.500
-6.028,-2.688,6.500
-5.981,-2.695,6.500
-5.545,-2.525,6.500
-5.527,-2.543,6.500
-5.541,-2.576,6.500
-6.044,-2.838,6.500
-5.520,-2.619,6.500
-5.937,-2.846,6.500
-5.500,-2.662,6.500
-5.465,-2.672,6.500
-5.471,-2.702,6.500
-5.483,-2.735,6.500
-5.901,-2.972,6.500
-5.423,-2.758,6.500
-5.364,-2.755,6.500
-5.401,-2.800,6.500
-5.405,-2.830,6.500
-5.869,-3.102,6.500
-5.344,-2.851,6.500
-5.364,-2.889,6.500
-5.805,-3.156,6.500
-5.349,-2.935,6.500
-5.314,-2.944,6.500
-5.760,-3.221,6.500
-5.306,-2.994,6.500
-5.310,-3.024,6.500
-5.702,-3.277,6.500
-5.682,-3.295,6.500
-5.228,-3.059,6.500
-5.223,-3.084,6.500
-5.656,-3.370,6.500
-5.222,-3.139,6.500
-5.209,-3.159,6.500
-5.197,-3.180,6.500
-5.642,-3.483,6.500
-5.194,-3.234,6.500
-5.166,-3.245,6.500
-5.161,-3.270,6.500
-5.141,-3.286,6.500
-5.120,-3.301,6.500
-5.122,-3.331,6.500
-5.153,-3.380,6.500
-5.452,-3.607,6.500
-5.061,-3.376,6.500
-5.047,-3.396,6.500
-5.049,-3.426,6.500
-5.401,-3.696,6.500
-5.021,-3.466,6.500
-5.001,-3.480,6.500
-5.428,-3.809,6.500
-4.973,-3.519,6.500
-4.959,-3.539,6.500
-4.974,-3.579,6.500
-5.329,-3.867,6.500
-4.903,-3.587,6.500
-4.903,-3.616,6.500
-5.283,-3.929,6.500
-4.860,-3.644,6.500
-4.867,-3.679,6.500
-4.880,-3.720,6.500
-5.227,-4.016,6.500
-4.837,-3.747,6.500
-5.201,-4.062,6.500
-4.752,-3.741,6.500
-4.779,-3.793,6.500
-4.819,-3.856,6.500
-4.742,-3.825,6.500
-4.727,-3.844,6.500
-4.691,-3.845,6.500
-4.690,-3.875,6.500
-5.065,-4.219,6.500
-4.666,-3.917,6.500
-4.657,-3.941,6.500
-4.615,-3.937,6.500
-4.980,-4.282,6.500
-4.611,-3.996,6.500
-4.970,-4.342,6.500
-4.572,-4.026,6.500
-4.563,-4.050,6.500
-4.554,-4.074,6.500
-4.511,-4.068,6.500
-4.528,-4.115,6.500
-4.486,-4.109,6.500
-4.483,-4.139,6.500
-4.440,-4.132,6.500
-4.444,-4.168,6.500
-4.440,-4.198,6.500
-4.411,-4.203,6.500
-4.413,-4.238,6.500
-4.390,-4.250,6.500
-4.361,-4.254,6.500
-4.706,-4.627,6.500
-4.321,-4.282,6.500
-4.317,-4.312,6.500
-4.306,-4.335,6.500
-4.627,-4.695,6.500
-4.266,-4.362,6.500
-4.273,-4.404,6.500
-4.566,-4.744,6.500
-4.208,-4.406,6.500
-4.196,-4.429,6.500
-4.191,-4.458,6.500
-4.149,-4.449,6.500
-4.138,-4.472,6.500
-4.132,-4.501,6.500
-4.103,-4.504,6.500
-4.097,-4.533,6.500
-4.061,-4.529,6.500
-4.376,-4.919,6.500
-4.043,-4.581,6.500
-3.978,-4.543,6.500
-4.001,-4.606,6.500
-3.995,-4.635,6.500
-3.959,-4.631,6.500
-3.947,-4.653,6.500
-3.923,-4.662,6.500
-3.910,-4.684,6.500
-4.204,-5.077,6.500
-3.895,-4.742,6.500
-3.854,-4.730,6.500
-3.830,-4.738,6.500
-3.850,-4.801,6.500
-4.114,-5.171,6.500
-3.780,-4.790,6.500
-3.744,-4.783,6.500
-3.736,-4.812,6.500
-4.022,-5.222,6.500
-3.699,-4.841,6.500
-3.658,-4.828,6.500
-3.655,-4.863,6.500
-3.652,-4.899,6.500
-3.900,-5.275,6.500
-3.613,-4.927,6.500
-3.557,-4.891,6.500
-3.564,-4.941,6.500
-3.539,-4.948,6.500
-3.819,-5.383,6.500
-3.500,-4.976,6.500
-3.486,-4.997,6.500
-3.471,-5.018,6.500
-3.441,-5.017,6.500
-3.442,-5.059,6.500
-3.377,-5.006,6.500
-3.332,-4.982,6.500
-3.343,-5.040,6.500
-3.323,-5.053,6.500
-3.317,-5.089,6.500
-3.268,-5.057,6.500
-3.527,-5.504,6.500
-3.224,-5.075,6.500
-3.204,-5.087,6.500
-3.188,-5.108,6.500
-3.168,-5.120,6.500
-3.148,-5.132,6.500
-3.123,-5.137,6.500
-3.378,-5.605,6.500
-3.087,-5.169,6.500
-3.072,-5.189,6.500
-3.060,-5.216,6.500
-3.026,-5.205,6.500
-3.006,-5.217,6.500
-2.981,-5.221,6.500
-2.969,-5.248,6.500
-3.089,-5.510,6.500
-2.919,-5.256,6.500
-3.167,-5.755,6.500
-2.882,-5.286,6.500
-2.857,-5.290,6.500
-2.836,-5.301,6.500
-2.803,-5.288,6.500
-2.885,-5.495,6.500
-2.782,-5.350,6.500
-2.748,-5.337,6.500
-2.764,-5.419,6.500
-2.710,-5.366,6.500
-2.689,-5.377,6.500
-2.668,-5.388,6.500
-2.663,-5.430,6.500
-2.665,-5.489,6.500
-2.601,-5.410,6.500
-2.579,-5.421,6.500
-2.592,-5.504,6.500
-2.552,-5.473,6.500
-2.735,-5.928,6.500
-2.498,-5.469,6.500
-2.480,-5.487,6.500
-2.451,-5.480,6.500
-2.648,-5.985,6.500
-2.436,-5.565,6.500
-2.390,-5.517,6.500
-2.375,-5.543,6.500
-2.504,-5.907,6.500
-2.335,-5.569,6.500
-2.327,-5.611,6.500
-2.284,-5.571,6.500
-2.269,-5.597,6.500
-2.217,-5.530,6.500
-2.215,-5.589,6.500
-2.193,-5.598,6.500
-2.178,-5.623,6.500
-2.165,-5.657,6.500
-2.130,-5.632,6.500
-2.111,-5.648,6.500
-2.080,-5.631,6.500
-2.060,-5.648,6.500
-2.041,-5.664,6.500
-2.013,-5.655,6.500
-1.997,-5.680,6.500
-2.133,-6.145,6.500
-1.943,-5.670,6.500
-1.933,-5.712,6.500
-2.073,-6.208,6.500
-1.882,-5.710,6.500
-1.857,-5.709,6.500
-2.000,-6.232,6.500
-1.817,-5.740,6.500
-1.800,-5.764,6.500
-1.772,-5.754,6.500
-1.878,-6.186,6.500
-1.732,-5.785,6.500
-1.707,-5.783,6.500
-1.686,-5.799,6.500
-1.664,-5.805,6.500
-1.776,-6.291,6.500
-1.613,-5.801,6.500
-1.588,-5.798,6.500
-1.565,-5.805,6.500
-1.545,-5.820,6.500
-1.652,-6.324,6.500
-1.503,-5.849,6.500
-1.600,-6.330,6.500
-1.444,-5.808,6.500
-1.551,-6.342,6.500
-1.405,-5.846,6.500
-1.372,-5.807,6.500
-1.363,-5.874,6.500
-1.440,-6.319,6.500
-1.315,-5.876,6.500
-1.296,-5.898,6.500
-1.265,-5.868,6.500
-1.231,-5.820,6.500
-1.324,-6.385,6.500
-1.203,-5.918,6.500
-1.165,-5.852,6.500
-1.139,-5.838,6.500
-1.111,-5.816,6.500
-1.078,-5.765,6.500
-1.060,-5.797,6.500
-1.041,-5.819,6.500
-1.107,-6.336,6.500
-1.001,-5.864,6.500
-0.973,-5.840,6.500
-1.033,-6.349,6.500
-0.929,-5.857,6.500
-0.906,-5.860,6.500
-0.880,-5.846,6.500
-0.869,-5.931,6.500
-0.912,-6.400,6.500
-0.815,-5.883,6.500
-0.791,-5.877,6.500
-0.829,-6.354,6.500
-0.800,-6.324,6.500
-0.724,-5.904,6.500
-0.699,-5.898,6.500
-0.740,-6.463,6.500
-0.654,-5.912,6.500
-0.631,-5.915,6.500
-0.607,-5.917,6.500
-0.639,-6.473,6.500
-0.563,-5.949,6.500
-0.544,-5.996,6.500
-0.564,-6.496,6.500
-0.491,-5.928,6.500
-0.471,-5.966,6.500
-0.451,-6.013,6.500
-0.428,-6.024,6.500
-0.403,-6.008,6.500
-0.378,-6.000,6.500
-0.354,-5.983,6.500
-0.331,-6.003,6.500
-0.308,-6.004,6.500
-0.287,-6.059,6.500
-0.261,-6.006,6.500
-0.238,-6.025,6.500
-0.231,-6.493,6.500
-0.189,-6.000,6.500
-0.180,-6.502,6.500
-0.155,-6.527,6.500
-0.119,-6.029,6.500
-0.095,-6.011,6.500
-0.078,-6.528,6.500
-0.048,-6.039,6.500
-0.024,-6.021,6.500
-0.001,-6.030,6.500
0.023,-6.030,6.500
0.051,-6.536,6.500
0.070,-5.994,6.500
0.094,-6.011,6.500
0.128,-6.583,6.500
0.141,-6.019,6.500
0.165,-6.019,6.500
0.189,-6.036,6.500
0.207,-5.880,6.500
0.235,-6.007,6.500
0.259,-6.006,6.500
0.284,-6.032,6.500
0.306,-6.004,6.500
0.329,-5.994,6.500
0.358,-6.073,6.500
0.377,-6.009,6.500
0.401,-5.999,6.500
0.428,-6.051,6.500
0.449,-6.013,6.500
0.470,-5.975,6.500
0.503,-6.089,6.500
0.531,-6.140,6.500
0.588,-6.494,6.500
0.568,-6.012,6.500
0.590,-5.992,6.500
0.667,-6.518,6.500
0.637,-5.987,6.500
0.661,-5.994,6.500
0.685,-5.991,6.500
0.708,-5.988,6.500
0.728,-5.950,6.500
0.820,-6.493,6.500
0.775,-5.953,6.500
0.800,-5.959,6.500
0.826,-5.973,6.500
0.854,-6.005,6.500
0.870,-5.949,6.500
0.973,-6.472,6.500
0.918,-5.951,6.500
0.943,-5.956,6.500
1.045,-6.436,6.500
0.985,-5.922,6.500
1.010,-5.927,6.500
1.033,-5.923,6.500
1.060,-5.936,6.500
1.080,-5.914,6.500
1.105,-5.919,6.500
1.135,-5.950,6.500
1.150,-5.901,6.500
1.176,-5.914,6.500
1.241,-6.116,6.500
1.219,-5.887,6.500
1.347,-6.380,6.500
1.267,-5.886,6.500
1.286,-5.864,6.500
1.311,-5.867,6.500
1.340,-5.888,6.500
1.366,-5.892,6.500
1.387,-5.878,6.500
1.406,-5.855,6.500
1.424,-5.832,6.500
1.568,-6.313,6.500
1.479,-5.855,6.500
1.497,-5.832,6.500
1.520,-5.826,6.500
1.546,-5.829,6.500
1.566,-5.814,6.500
1.587,-5.799,6.500
1.621,-5.836,6.500
1.779,-6.306,6.500
1.662,-5.806,6.500
1.672,-5.756,6.500
1.853,-6.285,6.500
1.728,-5.777,6.500
1.748,-5.762,6.500
1.908,-6.202,6.500
1.799,-5.765,6.500
1.821,-5.758,6.500
1.838,-5.734,6.500
1.872,-5.760,6.500
1.883,-5.719,6.500
1.903,-5.703,6.500
1.934,-5.721,6.500
1.948,-5.688,6.500
2.132,-6.146,6.500
1.998,-5.689,6.500
2.018,-5.673,6.500
2.204,-6.120,6.500
2.059,-5.648,6.500
2.084,-5.649,6.500
2.113,-5.657,6.500
2.135,-5.649,6.500
2.312,-6.046,6.500
2.170,-5.607,6.500
2.192,-5.598,6.500
2.326,-5.873,6.500
2.246,-5.606,6.500
2.257,-5.572,6.500
2.276,-5.555,6.500
2.339,-5.645,6.500
2.319,-5.537,6.500
2.352,-5.552,6.500
2.573,-6.009,6.500
2.581,-5.962,6.500
2.406,-5.500,6.500
2.435,-5.507,6.500
2.631,-5.887,6.500
2.471,-5.471,6.500
2.481,-5.436,6.500
2.721,-5.900,6.500
2.539,-5.450,6.500
2.564,-5.448,6.500
2.582,-5.429,6.500
2.615,-5.444,6.500
2.609,-5.376,6.500
2.657,-5.423,6.500
2.679,-5.412,6.500
2.688,-5.378,6.500
2.709,-5.367,6.500
2.742,-5.380,6.500
2.755,-5.354,6.500
2.776,-5.343,6.500
2.806,-5.348,6.500
2.805,-5.297,6.500
2.847,-5.326,6.500
2.864,-5.306,6.500
2.876,-5.279,6.500
2.906,-5.284,6.500
2.935,-5.288,6.500
3.167,-5.654,6.500
2.950,-5.218,6.500
2.984,-5.230,6.500
3.009,-5.226,6.500
3.029,-5.214,6.500
3.018,-5.147,6.500
3.304,-5.585,6.500
3.293,-5.516,6.500
3.116,-5.173,6.500
3.108,-5.115,6.500
3.133,-5.110,6.500
3.129,-5.059,6.500
3.447,-5.526,6.500
3.469,-5.512,6.500
3.232,-5.091,6.500
3.242,-5.063,6.500
3.233,-5.004,6.500
3.568,-5.477,6.500
3.277,-4.986,6.500
3.316,-5.004,6.500
3.336,-4.991,6.500
3.335,-4.947,6.500
3.334,-4.904,6.500
3.678,-5.365,6.500
3.409,-4.930,6.500
3.444,-4.939,6.500
3.448,-4.903,6.500
3.482,-4.912,6.500
3.502,-4.898,6.500
3.542,-4.913,6.500
3.540,-4.870,6.500
3.511,-4.790,6.500
3.573,-4.835,6.500
3.603,-4.835,6.500
3.611,-4.807,6.500
3.942,-5.205,6.500
3.648,-4.778,6.500
3.662,-4.757,6.500
4.012,-5.170,6.500
3.688,-4.714,6.500
3.729,-4.728,6.500
3.775,-4.748,6.500
3.771,-4.705,6.500
3.784,-4.683,6.500
3.797,-4.661,6.500
3.815,-4.646,6.500
4.054,-4.898,6.500
3.863,-4.630,6.500
3.870,-4.601,6.500
3.894,-4.593,6.500
4.241,-4.963,6.500
3.935,-4.569,6.500
3.930,-4.526,6.500
4.294,-4.907,6.500
3.995,-4.529,6.500
4.338,-4.879,6.500
3.994,-4.457,6.500
4.030,-4.461,6.500
4.059,-4.459,6.500
4.065,-4.430,6.500
4.076,-4.407,6.500
4.099,-4.398,6.500
4.465,-4.752,6.500
4.183,-4.417,6.500
4.163,-4.362,6.500
4.554,-4.733,6.500
4.198,-4.329,6.500
4.196,-4.293,6.500
4.225,-4.290,6.500
4.210,-4.241,6.500
4.252,-4.250,6.500
4.269,-4.233,6.500
4.299,-4.229,6.500
4.315,-4.212,6.500
4.338,-4.201,6.500
4.322,-4.153,6.500
4.351,-4.148,6.500
4.368,-4.131,6.500
4.390,-4.120,6.500
4.400,-4.097,6.500
4.784,-4.419,6.500
4.405,-4.038,6.500
4.421,-4.020,6.500
4.477,-4.039,6.500
4.480,-4.010,6.500
4.482,-3.980,6.500
4.650,-4.097,6.500
4.533,-3.962,6.500
4.556,-3.951,6.500
4.571,-3.933,6.500
4.573,-3.903,6.500
4.588,-3.885,6.500
4.590,-3.855,6.500
4.626,-3.855,6.500
4.627,-3.825,6.500
4.656,-3.818,6.500
4.671,-3.800,6.500
4.650,-3.753,6.500
4.707,-3.769,6.500
4.715,-3.744,6.500
4.708,-3.709,6.500
4.744,-3.707,6.500
5.185,-4.019,6.500
4.773,-3.670,6.500
5.160,-3.935,6.500
4.816,-3.643,6.500
4.823,-3.619,6.500
5.186,-3.859,6.500
4.808,-3.548,6.500
4.895,-3.583,6.500
5.277,-3.831,6.500
4.894,-3.523,6.500
4.900,-3.499,6.500
4.906,-3.474,6.500
4.927,-3.460,6.500
4.934,-3.436,6.500
5.372,-3.710,6.500
5.387,-3.689,6.500
5.401,-3.668,6.500
4.987,-3.358,6.500
4.993,-3.333,6.500
5.073,-3.358,6.500
5.026,-3.299,6.500
5.032,-3.274,6.500
5.473,-3.531,6.500
5.050,-3.229,6.500
5.085,-3.224,6.500
5.453,-3.427,6.500
5.118,-3.189,6.500
5.115,-3.159,6.500
5.097,-3.120,6.500
5.588,-3.391,6.500
5.567,-3.349,6.500
5.156,-3.074,6.500
5.176,-3.058,6.500
5.180,-3.033,6.500
5.216,-3.026,6.500
5.251,-3.019,6.500
5.659,-3.224,6.500
5.266,-2.973,6.500
5.215,-2.918,6.500
5.274,-2.923,6.500
5.695,-3.127,6.500
5.313,-2.890,6.500
5.268,-2.840,6.500
5.287,-2.823,6.500
5.291,-2.798,6.500
5.349,-2.802,6.500
5.352,-2.777,6.500
5.363,-2.756,6.500
5.374,-2.735,6.500
5.361,-2.702,6.500
5.379,-2.685,6.500
5.860,-2.896,6.500
5.416,-2.650,6.500
5.402,-2.617,6.500
5.461,-2.619,6.500
5.898,-2.800,6.500
5.465,-2.569,6.500
5.476,-2.547,6.500
5.558,-2.559,6.500
5.991,-2.730,6.500
5.538,-2.497,6.500
5.547,-2.475,6.500
5.987,-2.643,6.500
5.591,-2.442,6.500
5.593,-2.417,6.500
5.643,-2.412,6.500
6.064,-2.564,6.500
5.612,-2.347,6.500
5.630,-2.329,6.500
5.663,-2.316,6.500
6.147,-2.486,6.500
5.632,-2.252,6.500
5.666,-2.240,6.500
5.675,-2.218,6.500
5.700,-2.202,6.500
6.039,-2.306,6.500
5.709,-2.154,6.500
6.177,-2.303,6.500
5.717,-2.106,6.500
5.734,-2.086,6.500
5.742,-2.064,6.500
6.190,-2.197,6.500
5.758,-2.018,6.500
5.757,-1.993,6.500
6.170,-2.109,6.500
5.781,-1.950,6.500
5.780,-1.925,6.500
6.210,-2.041,6.500
5.770,-1.871,6.500
5.794,-1.854,6.500
5.818,-1.836,6.500
5.859,-1.824,6.500
5.816,-1.786,6.500
5.856,-1.773,6.500
5.804,-1.732,6.500
6.391,-1.880,6.500
5.860,-1.699,6.500
5.858,-1.673,6.500
5.856,-1.648,6.500
6.345,-1.759,6.500
5.877,-1.604,6.500
5.867,-1.576,6.500
5.898,-1.560,6.500
5.896,-1.535,6.500
5.902,-1.512,6.500
5.942,-1.497,6.500
6.391,-1.583,6.500
5.928,-1.444,6.500
5.942,-1.423,6.500
5.939,-1.397,6.500
5.919,-1.368,6.500
5.958,-1.353,6.500
5.947,-1.325,6.500
5.960,-1.304,6.500
5.974,-1.282,6.500
5.979,-1.259,6.500
6.448,-1.331,6.500
5.980,-1.210,6.500
5.976,-1.185,6.500
5.989,-1.163,6.500
6.491,-1.234,6.500
5.998,-1.116,6.500
5.994,-1.091,6.500
6.024,-1.072,6.500
6.020,-1.047,6.500
6.507,-1.105,6.500
6.010,-0.996,6.500
6.014,-0.973,6.500
6.027,-0.951,6.500
6.048,-0.930,6.500
6.017,-0.901,6.500
6.515,-0.949,6.500
6.519,-0.923,6.500
6.018,-0.828,6.500
6.030,-0.806,6.500
6.289,-0.815,6.500
6.525,-0.820,6.500
6.065,-0.738,6.500
6.006,-0.707,6.500
6.542,-0.744,6.500
6.047,-0.664,6.500
6.102,-0.645,6.500
6.070,-0.618,6.500
6.561,-0.642,6.500
6.066,-0.569,6.500
6.059,-0.545,6.500
6.070,-0.522,6.500
6.116,-0.501,6.500
6.083,-0.475,6.500
6.067,-0.449,6.500
6.121,-0.429,6.500
6.079,-0.402,6.500
6.587,-0.410,6.500
6.082,-0.354,6.500
6.075,-0.330,6.500
6.137,-0.309,6.500
6.530,-0.303,6.500
6.078,-0.258,6.500
6.097,-0.235,6.500
6.115,-0.212,6.500
6.009,-0.185,6.500
6.264,-0.168,6.500
6.213,-0.142,6.500
6.056,-0.115,6.500
6.512,-0.098,6.500
6.057,-0.067,6.500
6.021,-0.043,6.500
6.048,-0.019,6.500
5.865,0.004,7.000
6.030,0.028,7.000
6.021,0.052,7.000
6.012,0.075,7.000
6.047,0.099,7.000
6.495,0.132,7.000
5.992,0.146,7.000
6.019,0.170,7.000
6.063,0.195,7.000
6.044,0.218,7.000
5.971,0.239,7.000
6.033,0.265,7.000
5.996,0.287,7.000
6.004,0.311,7.000
5.994,0.334,7.000
5.974,0.357,7.000
6.516,0.415,7.000
6.016,0.407,7.000
6.024,0.431,7.000
6.022,0.455,7.000
6.476,0.515,7.000
6.000,0.501,7.000
6.016,0.526,7.000
5.996,0.548,7.000
5.994,0.571,7.000
6.018,0.598,7.000
5.998,0.619,7.000
6.013,0.645,7.000
6.465,0.719,7.000
5.955,0.686,7.000
5.961,0.710,7.000
5.976,0.736,7.000
5.964,0.758,7.000
5.997,0.786,7.000
5.985,0.809,7.000
5.928,0.825,7.000
5.942,0.851,7.000
6.514,0.959,7.000
5.962,0.901,7.000
5.950,0.923,7.000
5.955,0.948,7.000
5.942,0.970,7.000
5.930,0.992,7.000
5.943,1.018,7.000
5.913,1.037,7.000
5.900,1.059,7.000
5.913,1.085,7.000
5.909,1.108,7.000
5.940,1.138,7.000
5.891,1.153,7.000
5.922,1.183,7.000
5.917,1.206,7.000
5.904,1.228,7.000
5.908,1.253,7.000
6.366,1.376,7.000
5.871,1.293,7.000
5.910,1.326,7.000
5.861,1.340,7.000
5.864,1.365,7.000
5.815,1.377,7.000
5.845,1.408,7.000
5.839,1.431,7.000
5.860,1.461,7.000
5.828,1.477,7.000
6.284,1.619,7.000
5.754,1.507,7.000
5.810,1.546,7.000
5.830,1.576,7.000
5.884,1.615,7.000
5.817,1.621,7.000
5.802,1.642,7.000
6.275,1.802,7.000
5.772,1.682,7.000
5.756,1.703,7.000
5.767,1.730,7.000
6.153,1.873,7.000
5.753,1.776,7.000
6.254,1.957,7.000
5.972,1.895,7.000
5.808,1.868,7.000
5.725,1.866,7.000
5.717,1.888,7.000
5.727,1.916,7.000
5.745,1.947,7.000
6.249,2.146,7.000
6.233,2.168,7.000
5.746,2.024,7.000
5.705,2.035,7.000
5.747,2.075,7.000
5.714,2.088,7.000
5.706,2.111,7.000
6.173,2.312,7.000
6.171,2.339,7.000
5.722,2.194,7.000
5.680,2.204,7.000
5.688,2.232,7.000
5.695,2.261,7.000
5.654,2.270,7.000
5.653,2.296,7.000
5.644,2.318,7.000
6.080,2.525,7.000
5.617,2.359,7.000
5.592,2.374,7.000
6.043,2.594,7.000
6.040,2.621,7.000
5.596,2.454,7.000
5.562,2.465,7.000
5.576,2.498,7.000
6.055,2.741,7.000
5.532,2.531,7.000
5.522,2.552,7.000
5.966,2.786,7.000
5.502,2.596,7.000
5.540,2.640,7.000
5.607,2.699,7.000
5.799,2.820,7.000
5.484,2.693,7.000
5.458,2.707,7.000
5.880,2.945,7.000
5.476,2.770,7.000
5.426,2.771,7.000
5.852,3.018,7.000
5.396,2.810,7.000
5.393,2.835,7.000
5.374,2.852,7.000
5.370,2.877,7.000
5.398,2.919,7.000
5.779,3.155,7.000
5.328,2.936,7.000
5.324,2.961,7.000
5.796,3.253,7.000
5.749,3.257,7.000
5.289,3.024,7.000
5.323,3.071,7.000
5.257,3.061,7.000
5.697,3.347,7.000
5.540,3.284,7.000
5.244,3.136,7.000
5.209,3.143,7.000
5.644,3.436,7.000
5.191,3.189,7.000
5.171,3.204,7.000
5.181,3.239,7.000
5.543,3.495,7.000
5.133,3.265,7.000
5.135,3.295,7.000
5.534,3.581,7.000
5.116,3.340,7.000
5.074,3.340,7.000
5.119,3.399,7.000
5.438,3.642,7.000
5.041,3.405,7.000
5.028,3.425,7.000
5.036,3.460,7.000
5.015,3.474,7.000
4.987,3.484,7.000
5.376,3.787,7.000
4.974,3.533,7.000
4.931,3.532,7.000
4.939,3.567,7.000
4.968,3.617,7.000
5.301,3.892,7.000
4.890,3.620,7.000
4.861,3.628,7.000
4.825,3.631,7.000
5.045,3.828,7.000
5.167,3.952,7.000
4.789,3.693,7.000
4.803,3.734,7.000
5.182,4.061,7.000
4.766,3.766,7.000
4.765,3.796,7.000
5.146,4.132,7.000
4.701,3.805,7.000
4.693,3.829,7.000
4.685,3.853,7.000
5.050,4.187,7.000
4.675,3.907,7.000
4.646,3.914,7.000
4.989,4.236,7.000
4.615,3.950,7.000
4.586,3.957,7.000
4.853,4.221,7.000
4.568,4.004,7.000
4.545,4.016,7.000
4.543,4.046,7.000
4.540,4.076,7.000
4.550,4.117,7.000
4.488,4.093,7.000
4.466,4.105,7.000
4.830,4.475,7.000
4.427,4.134,7.000
4.391,4.133,7.000
4.439,4.211,7.000
4.391,4.198,7.000
4.387,4.228,7.000
4.358,4.232,7.000
4.341,4.250,7.000
4.681,4.619,7.000
4.301,4.277,7.000
4.303,4.313,7.000
4.280,4.324,7.000
4.524,4.606,7.000
4.264,4.376,7.000
4.222,4.367,7.000
4.199,4.377,7.000
4.212,4.426,7.000
4.183,4.430,7.000
4.171,4.453,7.000
4.166,4.482,7.000
4.160,4.511,7.000
4.113,4.495,7.000
4.431,4.881,7.000
4.089,4.540,7.000
4.036,4.517,7.000
4.362,4.921,7.000
4.012,4.561,7.000
4.023,4.611,7.000
4.045,4.672,7.000
3.964,4.615,7.000
4.255,4.994,7.000
3.921,4.639,7.000
3.915,4.668,7.000
3.902,4.691,7.000
3.849,4.665,7.000
4.225,5.161,7.000
3.841,4.729,7.000
3.828,4.751,7.000
3.798,4.752,7.000
3.796,4.788,7.000
3.749,4.768,7.000
3.731,4.783,7.000
3.744,4.839,7.000
3.975,5.179,7.000
3.722,4.890,7.000
3.634,4.812,7.000
3.970,5.301,7.000
3.643,4.905,7.000
3.624,4.919,7.000
3.605,4.934,7.000
3.575,4.933,7.000
3.540,4.926,7.000
3.536,4.961,7.000
3.516,4.975,7.000
3.497,4.989,7.000
3.487,5.017,7.000
3.750,5.440,7.000
3.438,5.030,7.000
3.428,5.058,7.000
3.672,5.465,7.000
3.638,5.459,7.000
3.368,5.098,7.000
3.329,5.082,7.000
3.352,5.161,7.000
3.289,5.108,7.000
3.278,5.135,7.000
3.538,5.590,7.000
3.228,5.146,7.000
3.213,5.166,7.000
3.455,5.605,7.000
3.181,5.206,7.000
3.415,5.638,7.000
3.140,5.231,7.000
3.101,5.213,7.000
3.170,5.375,7.000
3.051,5.222,7.000
3.288,5.677,7.000
3.032,5.284,7.000
3.012,5.296,7.000
3.004,5.331,7.000
3.213,5.756,7.000
2.923,5.284,7.000
2.915,5.319,7.000
2.890,5.323,7.000
2.898,5.389,7.000
2.857,5.361,7.000
2.835,5.372,7.000
2.991,5.722,7.000
2.801,5.410,7.000
2.735,5.334,7.000
2.978,5.863,7.000
2.955,5.875,7.000
2.704,5.430,7.000
2.898,5.877,7.000
2.657,5.443,7.000
2.644,5.469,7.000
2.832,5.918,7.000
2.608,5.506,7.000
2.579,5.500,7.000
2.572,5.542,7.000
2.528,5.504,7.000
2.731,6.008,7.000
2.492,5.540,7.000
2.467,5.541,7.000
2.644,6.004,7.000
2.423,5.561,7.000
2.401,5.570,7.000
2.386,5.596,7.000
2.344,5.556,7.000
2.315,5.548,7.000
2.310,5.599,7.000
2.295,5.625,7.000
2.276,5.642,7.000
2.247,5.634,7.000
2.219,5.626,7.000
2.405,6.171,7.000
2.181,5.660,7.000
2.155,5.660,7.000
2.161,5.743,7.000
2.120,5.702,7.000
2.092,5.694,7.000
2.084,5.744,7.000
2.044,5.702,7.000
2.024,5.718,7.000
2.162,6.185,7.000
1.982,5.742,7.000
1.960,5.750,7.000
1.943,5.774,7.000
1.914,5.765,7.000
1.894,5.781,7.000
1.874,5.797,7.000
1.979,6.205,7.000
1.826,5.803,7.000
1.801,5.802,7.000
1.934,6.318,7.000
1.755,5.816,7.000
1.722,5.788,7.000
1.714,5.846,7.000
1.689,5.844,7.000
1.666,5.851,7.000
1.633,5.823,7.000
1.751,6.339,7.000
1.726,6.346,7.000
1.567,5.851,7.000
1.544,5.857,7.000
1.532,5.906,7.000
1.496,5.860,7.000
1.477,5.883,7.000
1.454,5.889,7.000
1.437,5.921,7.000
1.409,5.909,7.000
1.390,5.932,7.000
1.367,5.937,7.000
1.342,5.934,7.000
1.316,5.930,7.000
1.359,6.237,7.000
1.371,6.416,7.000
1.239,5.910,7.000
1.216,5.915,7.000
1.302,6.462,7.000
1.178,5.968,7.000
1.149,5.947,7.000
1.126,5.951,7.000
1.111,5.999,7.000
1.075,5.934,7.000
1.056,5.964,7.000
1.035,5.986,7.000
1.094,6.477,7.000
0.986,5.976,7.000
0.966,6.006,7.000
0.948,6.045,7.000
0.918,6.005,7.000
0.895,6.017,7.000
0.872,6.021,7.000
0.855,6.077,7.000
0.818,5.983,7.000
0.795,5.986,7.000
0.841,6.530,7.000
0.750,6.010,7.000
0.723,5.986,7.000
0.707,6.051,7.000
0.680,6.028,7.000
0.655,6.021,7.000
0.683,6.509,7.000
0.614,6.088,7.000
0.586,6.046,7.000
0.565,6.075,7.000
0.542,6.086,7.000
0.556,6.537,7.000
0.491,6.055,7.000
0.467,6.048,7.000
0.445,6.085,7.000
0.418,6.042,7.000
0.394,6.035,7.000
0.373,6.081,7.000
0.353,6.144,7.000
0.325,6.075,7.000
0.299,6.041,7.000
0.277,6.086,7.000
0.252,6.043,7.000
0.228,6.053,7.000
0.206,6.098,7.000
0.181,6.072,7.000
0.158,6.082,7.000
0.144,6.543,7.000
0.110,6.074,7.000
0.085,6.047,7.000
0.067,6.536,7.000
0.038,6.075,7.000
0.014,6.075,7.000
-0.010,6.084,7.000
-0.034,6.092,7.000
-0.057,6.048,7.000
-0.081,6.074,7.000
-0.105,6.056,7.000
-0.130,6.109,7.000
-0.154,6.108,7.000
-0.191,6.573,7.000
-0.200,6.054,7.000
-0.224,6.062,7.000
-0.249,6.096,7.000
-0.272,6.069,7.000
-0.294,6.032,7.000
-0.318,6.031,7.000
-0.343,6.056,7.000
-0.367,6.055,7.000
-0.390,6.044,7.000
-0.411,6.007,7.000
-0.438,6.041,7.000
-0.463,6.066,7.000
-0.485,6.037,7.000
-0.552,6.553,7.000
-0.531,6.016,7.000
-0.559,6.058,7.000
-0.584,6.073,7.000
-0.605,6.044,7.000
-0.630,6.051,7.000
-0.705,6.522,7.000
-0.675,6.019,7.000
-0.700,6.034,7.000
-0.728,6.067,7.000
-0.747,6.020,7.000
-0.774,6.043,7.000
-0.794,6.014,7.000
-0.817,6.010,7.000
-0.839,5.990,7.000
-0.865,6.004,7.000
-0.891,6.018,7.000
-0.912,5.997,7.000
-1.013,6.490,7.000
-1.033,6.454,7.000
-0.975,5.942,7.000
-1.006,5.982,7.000
-1.120,6.504,7.000
-1.061,6.017,7.000
-1.076,5.970,7.000
-1.098,5.956,7.000
-1.154,6.124,7.000
-1.147,5.956,7.000
-1.170,5.952,7.000
-1.195,5.956,7.000
-1.220,5.960,7.000
-1.240,5.938,7.000
-1.317,6.186,7.000
-1.302,5.997,7.000
-1.310,5.923,7.000
-1.325,5.883,7.000
-1.357,5.912,7.000
-1.392,5.958,7.000
-1.407,5.919,7.000
-1.518,6.276,7.000
-1.451,5.899,7.000
-1.475,5.893,7.000
-1.498,5.887,7.000
-1.523,5.890,7.000
-1.551,5.901,7.000
-1.558,5.835,7.000
-1.588,5.854,7.000
-1.596,5.796,7.000
-1.631,5.833,7.000
-1.794,6.319,7.000
-1.682,5.837,7.000
-1.697,5.805,7.000
-1.862,6.274,7.000
-1.895,6.297,7.000
-1.774,5.810,7.000
-1.791,5.786,7.000
-1.819,5.796,7.000
-1.839,5.780,7.000
-1.870,5.798,7.000
-2.026,6.198,7.000
-1.902,5.741,7.000
-1.933,5.759,7.000
-1.995,5.867,7.000
-2.133,6.195,7.000
-1.997,5.727,7.000
-2.005,5.677,7.000
-2.217,6.200,7.000
-2.077,5.737,7.000
-2.084,5.687,7.000
-2.128,5.737,7.000
-2.144,5.712,7.000
-2.157,5.679,7.000
-2.173,5.654,7.000
-2.199,5.653,7.000
-2.224,5.653,7.000
-2.253,5.661,7.000
-2.272,5.643,7.000
-2.301,5.651,7.000
-2.316,5.625,7.000
-2.338,5.616,7.000
-2.364,5.615,7.000
-2.382,5.598,7.000
-2.408,5.596,7.000
-2.416,5.554,7.000
-2.441,5.553,7.000
-2.463,5.543,7.000
-2.484,5.534,7.000
-2.510,5.532,7.000
-2.532,5.522,7.000
-2.553,5.512,7.000
-2.567,5.486,7.000
-2.804,5.931,7.000
-2.618,5.482,7.000
-2.663,5.519,7.000
-2.673,5.485,7.000
-2.679,5.442,7.000
-2.712,5.456,7.000
-2.950,5.877,7.000
-2.739,5.402,7.000
-2.768,5.407,7.000
-3.019,5.842,7.000
-2.818,5.401,7.000
-2.840,5.390,7.000
-2.865,5.387,7.000
-3.100,5.773,7.000
-2.899,5.349,7.000
-2.890,5.282,7.000
-2.928,5.302,7.000
-3.213,5.765,7.000
-2.961,5.263,7.000
-3.012,5.306,7.000
-3.037,5.302,7.000
-3.283,5.680,7.000
-3.074,5.270,7.000
-3.077,5.227,7.000
-3.093,5.208,7.000
-3.177,5.301,7.000
-3.143,5.198,7.000
-3.163,5.186,7.000
-3.188,5.181,7.000
-3.209,5.169,7.000
-3.215,5.133,7.000
-3.512,5.560,7.000
-3.260,5.115,7.000
-3.270,5.087,7.000
-3.310,5.104,7.000
-3.582,5.477,7.000
-3.340,5.063,7.000
-3.360,5.050,7.000
-3.385,5.044,7.000
-3.384,5.002,7.000
-3.429,5.025,7.000
-3.449,5.012,7.000
-3.453,4.976,7.000
-3.498,4.999,7.000
-3.523,4.992,7.000
-3.537,4.971,7.000
-3.547,4.943,7.000
-3.571,4.936,7.000
-3.575,4.900,7.000
-3.599,4.894,7.000
-3.608,4.865,7.000
-3.929,5.254,7.000
-3.667,4.865,7.000
-3.687,4.850,7.000
-3.722,4.857,7.000
-4.020,5.204,7.000
-3.727,4.786,7.000
-3.751,4.778,7.000
-3.787,4.784,7.000
-4.116,5.159,7.000
-3.813,4.740,7.000
-3.859,4.760,7.000
-3.872,4.738,7.000
-3.874,4.702,7.000
-3.870,4.659,7.000
-4.242,5.066,7.000
-3.963,4.696,7.000
-3.936,4.627,7.000
-3.954,4.611,7.000
-4.285,4.957,7.000
-4.002,4.594,7.000
-4.014,4.571,7.000
-4.038,4.562,7.000
-4.056,4.546,7.000
-4.044,4.497,7.000
-4.097,4.521,7.000
-4.103,4.491,7.000
-4.444,4.826,7.000
-4.505,4.854,7.000
-4.156,4.443,7.000
-4.167,4.420,7.000
-4.185,4.404,7.000
-4.549,4.749,7.000
-4.518,4.680,7.000
-4.236,4.354,7.000
-4.588,4.678,7.000
-4.289,4.339,7.000
-4.256,4.272,7.000
-4.298,4.280,7.000
-4.683,4.628,7.000
-4.696,4.604,7.000
-4.373,4.254,7.000
-4.358,4.206,7.000
-4.400,4.214,7.000
-4.423,4.202,7.000
-4.802,4.527,7.000
-4.456,4.168,7.000
-4.453,4.132,7.000
-4.476,4.120,7.000
-4.873,4.451,7.000
-4.515,4.091,7.000
-4.524,4.067,7.000
-4.560,4.067,7.000
-4.569,4.043,7.000
-4.578,4.020,7.000
-4.594,4.002,7.000
-4.636,4.007,7.000
-4.993,4.280,7.000
-4.641,3.947,7.000
-4.650,3.923,7.000
-4.631,3.876,7.000
-5.017,4.166,7.000
-4.661,3.840,7.000
-4.641,3.793,7.000
-4.649,3.769,7.000
-4.692,3.773,7.000
-4.700,3.749,7.000
-4.729,3.742,7.000
-4.750,3.729,7.000
-4.708,3.666,7.000
-4.765,3.680,7.000
-4.773,3.656,7.000
-4.808,3.654,7.000
-5.226,3.939,7.000
-5.242,3.919,7.000
-4.815,3.570,7.000
-4.843,3.562,7.000
-4.850,3.537,7.000
-4.886,3.534,7.000
-4.892,3.510,7.000
-4.913,3.496,7.000
-5.367,3.787,7.000
-5.349,3.743,7.000
-4.954,3.437,7.000
-4.931,3.392,7.000
-4.974,3.393,7.000
-4.980,3.369,7.000
-4.955,3.324,7.000
-5.021,3.339,7.000
-5.470,3.607,7.000
-5.024,3.285,7.000
-5.060,3.280,7.000
-5.027,3.231,7.000
-5.513,3.512,7.000
-5.083,3.211,7.000
-5.118,3.205,7.000
-5.123,3.180,7.000
-5.143,3.165,7.000
-5.141,3.135,7.000
-5.206,3.147,7.000
-5.614,3.364,7.000
-5.177,3.074,7.000
-5.599,3.295,7.000
-5.178,3.020,7.000
-5.182,2.995,7.000
-5.146,2.947,7.000
-5.244,2.976,7.000
-5.240,2.947,7.000
-5.268,2.935,7.000
-5.652,3.120,7.000
-5.306,2.902,7.000
-5.333,2.890,7.000
-5.297,2.843,7.000
-5.316,2.827,7.000
-5.777,3.042,7.000
-5.354,2.793,7.000
-5.325,2.751,7.000
-5.826,2.981,7.000
-5.817,2.948,7.000
-5.373,2.697,7.000
-5.847,2.905,7.000
-5.345,2.630,7.000
-5.848,2.849,7.000
-5.358,2.584,7.000
-5.812,2.775,7.000
-5.378,2.542,7.000
-5.380,2.517,7.000
-5.406,2.503,7.000
-5.424,2.486,7.000
-5.409,2.453,7.000
-5.427,2.436,7.000
-5.428,2.411,7.000
-5.462,2.400,7.000
-5.430,2.361,7.000
-5.939,2.554,7.000
-5.941,2.528,7.000
-5.508,2.318,7.000
-5.492,2.286,7.000
-5.492,2.261,7.000
-5.510,2.242,7.000
-5.586,2.248,7.000
-5.611,2.233,7.000
-5.586,2.197,7.000
-5.629,2.188,7.000
-5.620,2.160,7.000
-5.620,2.135,7.000
-5.603,2.103,7.000
-5.637,2.090,7.000
-5.628,2.062,7.000
-5.645,2.043,7.000
-6.125,2.190,7.000
-5.669,2.001,7.000
-5.711,1.991,7.000
-5.676,1.954,7.000
-5.701,1.937,7.000
-5.734,1.924,7.000
-5.741,1.901,7.000
-6.191,2.023,7.000
-6.214,2.003,7.000
-5.721,1.820,7.000
-5.813,1.824,7.000
-5.795,1.793,7.000
-5.861,1.788,7.000
-5.817,1.750,7.000
-6.305,1.870,7.000
-5.814,1.699,7.000
-5.846,1.684,7.000
-5.852,1.661,7.000
-6.348,1.775,7.000
-6.325,1.741,7.000
-5.880,1.594,7.000
-6.316,1.686,7.000
-5.875,1.543,7.000
-5.890,1.522,7.000
-5.887,1.497,7.000
-6.364,1.592,7.000
-6.378,1.569,7.000
-5.861,1.417,7.000
-5.901,1.402,7.000
-5.898,1.377,7.000
-5.921,1.358,7.000
-5.926,1.335,7.000
-5.949,1.315,7.000
-6.373,1.383,7.000
-5.942,1.265,7.000
-5.964,1.245,7.000
-5.943,1.216,7.000
-5.947,1.193,7.000
-5.943,1.168,7.000
-5.948,1.144,7.000
-5.970,1.124,7.000
-6.405,1.180,7.000
-5.978,1.077,7.000
-5.974,1.052,7.000
-5.978,1.029,7.000
-5.999,1.008,7.000
-5.959,0.977,7.000
-5.998,0.960,7.000
-5.967,0.931,7.000
-5.988,0.910,7.000
-6.018,0.890,7.000
-6.013,0.865,7.000
-6.016,0.842,7.000
-5.984,0.813,7.000
-6.023,0.794,7.000
-6.017,0.770,7.000
-6.518,0.808,7.000
-6.023,0.722,7.000
-6.008,0.697,7.000
-6.028,0.675,7.000
-6.013,0.649,7.000
-6.024,0.627,7.000
-6.045,0.605,7.000
-6.011,0.578,7.000
-6.040,0.556,7.000
-6.042,0.533,7.000
-6.053,0.510,7.000
-6.055,0.486,7.000
-6.066,0.463,7.000
-6.535,0.473,7.000
-6.553,0.448,7.000
-6.071,0.391,7.000
-6.037,0.365,7.000
-6.056,0.342,7.000
-6.543,0.344,7.000
-6.059,0.295,7.000
-6.077,0.272,7.000
-6.070,0.248,7.000
-6.053,0.223,7.000
-6.142,0.202,7.000
-6.054,0.176,7.000
-6.511,0.163,7.000
-6.064,0.128,7.000
-6.567,0.113,7.000
-6.065,0.080,7.000
-6.057,0.057,7.000
-6.066,0.033,7.000
-6.101,0.009,7.000
-6.075,-0.015,7.000
-6.560,-0.042,7.000
-6.074,-0.063,7.000
-6.047,-0.086,7.000
-6.056,-0.110,7.000
-6.100,-0.135,7.000
-6.082,-0.158,7.000
-6.063,-0.182,7.000
-6.080,-0.206,7.000
-6.017,-0.228,7.000
-6.061,-0.253,7.000
-6.059,-0.277,7.000
-6.103,-0.303,7.000
-6.551,-0.351,7.000
-6.056,-0.348,7.000
-6.556,-0.403,7.000
-6.570,-0.430,7.000
-6.087,-0.422,7.000
-6.076,-0.445,7.000
-6.065,-0.469,7.000
-6.046,-0.491,7.000
-6.079,-0.518,7.000
-6.199,-0.552,7.000
-6.556,-0.610,7.000
-6.090,-0.591,7.000
-6.053,-0.611,7.000
-6.033,-0.633,7.000
-6.530,-0.711,7.000
-6.511,-0.735,7.000
-6.007,-0.702,7.000
-6.505,-0.787,7.000
-6.019,-0.752,7.000
-6.007,-0.774,7.000
-6.022,-0.800,7.000
-6.010,-0.823,7.000
-5.971,-0.841,7.000
-6.003,-0.870,7.000
-6.008,-0.895,7.000
-5.996,-0.917,7.000
-5.992,-0.941,7.000
-5.997,-0.965,7.000
-5.985,-0.988,7.000
-5.972,-1.010,7.000
-5.994,-1.038,7.000
-5.982,-1.060,7.000
-5.995,-1.086,7.000
-5.982,-1.108,7.000
-6.461,-1.223,7.000
-6.441,-1.246,7.000
-5.977,-1.180,7.000
-5.972,-1.204,7.000
-5.976,-1.229,7.000
-5.954,-1.249,7.000
-5.958,-1.274,7.000
-5.927,-1.292,7.000
-5.930,-1.317,7.000
-5.951,-1.346,7.000
-5.937,-1.368,7.000
-5.932,-1.391,7.000
-5.935,-1.416,7.000
-5.912,-1.435,7.000
-6.422,-1.586,7.000
-6.408,-1.609,7.000
-5.894,-1.505,7.000
-5.889,-1.528,7.000
-6.359,-1.677,7.000
-5.885,-1.577,7.000
-5.853,-1.593,7.000
-5.872,-1.623,7.000
-5.883,-1.651,7.000
-5.851,-1.667,7.000
-5.878,-1.699,7.000
-5.871,-1.722,7.000
-5.865,-1.745,7.000
-5.849,-1.766,7.000
-5.842,-1.789,7.000
-6.250,-1.941,7.000
-5.828,-1.835,7.000
-5.787,-1.847,7.000
-5.771,-1.867,7.000
-5.814,-1.906,7.000
-5.799,-1.926,7.000
-6.248,-2.103,7.000
-5.767,-1.966,7.000
-5.775,-1.994,7.000
-5.743,-2.008,7.000
-5.726,-2.028,7.000
-6.016,-2.157,7.000
-5.727,-2.079,7.000
-5.710,-2.098,7.000
-5.694,-2.118,7.000
-5.702,-2.146,7.000
-5.652,-2.153,7.000
-5.701,-2.197,7.000
-5.693,-2.220,7.000
-5.676,-2.239,7.000
-5.601,-2.235,7.000
-6.098,-2.461,7.000
-5.657,-2.309,7.000
-5.632,-2.324,7.000
-5.647,-2.357,7.000
-6.073,-2.563,7.000
-6.056,-2.583,7.000
-5.619,-2.423,7.000
-5.601,-2.442,7.000
-5.591,-2.464,7.000
-5.557,-2.475,7.000
-5.983,-2.692,7.000
-5.986,-2.722,7.000
-5.544,-2.547,7.000
-5.566,-2.584,7.000
-5.524,-2.591,7.000
-5.498,-2.605,7.000
-5.439,-2.604,7.000
-5.485,-2.652,7.000
-5.561,-2.716,7.000
-5.480,-2.703,7.000
-5.453,-2.716,7.000
-5.854,-2.945,7.000
-5.432,-2.759,7.000
-5.437,-2.789,7.000
-5.410,-2.802,7.000
-5.415,-2.831,7.000
-5.419,-2.861,7.000
-5.384,-2.870,7.000
-5.798,-3.119,7.000
-5.695,-3.093,7.000
-5.327,-2.920,7.000
-5.237,-2.897,7.000
-5.327,-2.975,7.000
-5.384,-3.034,7.000
-5.249,-2.986,7.000
-5.710,-3.278,7.000
-5.264,-3.049,7.000
-5.237,-3.061,7.000
-5.248,-3.095,7.000
-5.205,-3.097,7.000
-5.624,-3.377,7.000
-5.196,-3.148,7.000
-5.577,-3.409,7.000
-5.163,-3.184,7.000
-5.151,-3.204,7.000
-5.108,-3.205,7.000
-5.072,-3.211,7.000
-5.113,-3.264,7.000
-5.100,-3.284,7.000
-5.057,-3.285,7.000
-5.074,-3.324,7.000
-5.068,-3.349,7.000
-5.018,-3.344,7.000
-5.042,-3.389,7.000
-5.469,-3.708,7.000
-5.044,-3.448,7.000
-4.987,-3.438,7.000
-4.958,-3.447,7.000
-4.981,-3.492,7.000
-4.953,-3.502,7.000
-4.932,-3.516,7.000
-4.940,-3.551,7.000
-4.933,-3.575,7.000
-4.933,-3.605,7.000
-5.288,-3.896,7.000
-5.170,-3.841,7.000
-4.876,-3.653,7.000
-4.855,-3.666,7.000
-4.826,-3.675,7.000
-5.185,-3.980,7.000
-5.182,-4.010,7.000
-4.803,-3.748,7.000
-4.761,-3.744,7.000
-4.808,-3.813,7.000
-4.773,-3.815,7.000
-4.737,-3.817,7.000
-4.722,-3.836,7.000
-4.768,-3.904,7.000
-5.072,-4.186,7.000
-4.670,-3.885,7.000
-4.675,-3.921,7.000
-5.022,-4.246,7.000
-4.637,-3.952,7.000
-4.628,-3.976,7.000
-4.989,-4.320,7.000
-4.557,-3.977,7.000
-4.548,-4.001,7.000
-4.559,-4.042,7.000
-4.549,-4.066,7.000
-4.520,-4.072,7.000
-4.524,-4.107,7.000
-4.520,-4.137,7.000
-4.472,-4.125,7.000
-4.839,-4.499,7.000
-4.459,-4.178,7.000
-4.436,-4.189,7.000
-4.451,-4.237,7.000
-4.396,-4.218,7.000
-4.373,-4.229,7.000
-4.369,-4.258,7.000
-4.346,-4.269,7.000
-4.329,-4.286,7.000
-4.666,-4.656,7.000
-4.289,-4.314,7.000
-4.618,-4.682,7.000
-4.268,-4.360,7.000
-4.592,-4.729,7.000
-4.557,-4.730,7.000
-4.210,-4.404,7.000
-4.156,-4.382,7.000
-4.193,-4.456,7.000
-4.164,-4.460,7.000
-4.104,-4.430,7.000
-4.240,-4.613,7.000
-4.093,-4.489,7.000
-4.093,-4.525,7.000
-4.058,-4.521,7.000
-4.063,-4.563,7.000
-4.028,-4.559,7.000
-3.998,-4.562,7.000
-4.289,-4.933,7.000
-4.301,-4.985,7.000
-3.950,-4.615,7.000
-4.226,-4.977,7.000
-3.936,-4.673,7.000
-3.884,-4.648,7.000
-3.905,-4.711,7.000
-4.192,-5.097,7.000
-4.172,-5.114,7.000
-4.117,-5.087,7.000
-3.814,-4.751,7.000
-3.806,-4.780,7.000
-3.782,-4.788,7.000
-3.752,-4.789,7.000
-4.079,-5.248,7.000
-3.714,-4.818,7.000
-3.722,-4.868,7.000
-3.682,-4.854,7.000
-3.641,-4.840,7.000
-3.947,-5.289,7.000
-3.630,-4.904,7.000
-3.605,-4.911,7.000
-3.596,-4.940,7.000
-3.561,-4.932,7.000
-3.552,-4.961,7.000
-3.522,-4.960,7.000
-3.796,-5.390,7.000
-3.483,-4.988,7.000
-3.459,-4.994,7.000
-3.454,-5.029,7.000
-3.616,-5.310,7.000
-3.483,-5.157,7.000
-3.390,-5.062,7.000
-3.350,-5.046,7.000
-3.359,-5.104,7.000
-3.330,-5.102,7.000
-3.319,-5.130,7.000
-3.256,-5.076,7.000
-3.226,-5.073,7.000
-3.206,-5.086,7.000
-3.460,-5.536,7.000
-3.434,-5.543,7.000
-3.155,-5.139,7.000
-3.135,-5.151,7.000
-3.120,-5.171,7.000
-3.127,-5.229,7.000
-3.079,-5.195,7.000
-3.031,-5.161,7.000
-3.038,-5.219,7.000
-3.254,-5.642,7.000
-2.979,-5.212,7.000
-2.963,-5.231,7.000
-3.156,-5.623,7.000
-3.169,-5.699,7.000
-2.910,-5.282,7.000
-2.880,-5.277,7.000
-2.868,-5.304,7.000
-2.851,-5.323,7.000
-2.818,-5.311,7.000
-3.041,-5.786,7.000
-2.784,-5.349,7.000
-2.759,-5.352,7.000
-2.976,-5.829,7.000
-2.717,-5.373,7.000
-2.700,-5.392,7.000
-2.671,-5.386,7.000
-2.658,-5.413,7.000
-2.636,-5.423,7.000
-2.848,-5.919,7.000
-2.808,-5.894,7.000
-2.568,-5.446,7.000
-2.566,-5.496,7.000
-2.522,-5.458,7.000
-2.508,-5.484,7.000
-2.645,-5.845,7.000
-2.457,-5.487,7.000
-2.439,-5.505,7.000
-2.410,-5.498,7.000
-2.572,-5.931,7.000
-2.388,-5.566,7.000
-2.338,-5.509,7.000
-2.334,-5.560,7.000
-2.312,-5.569,7.000
-2.284,-5.561,7.000
-2.265,-5.579,7.000
-2.236,-5.571,7.000
-2.211,-5.571,7.000
-2.193,-5.588,7.000
-2.167,-5.588,7.000
-2.152,-5.614,7.000
-2.324,-6.135,7.000
-2.108,-5.630,7.000
-2.079,-5.622,7.000
-2.045,-5.596,7.000
-2.065,-5.722,7.000
-2.007,-5.629,7.000
-2.003,-5.688,7.000
-2.141,-6.159,7.000
-1.955,-5.695,7.000
-1.932,-5.702,7.000
-1.913,-5.719,7.000
-1.885,-5.709,7.000
-1.871,-5.742,7.000
-2.000,-6.223,7.000
-1.817,-5.731,7.000
-1.896,-6.060,7.000
-1.770,-5.736,7.000
-1.755,-5.769,7.000
-1.730,-5.767,7.000
-1.840,-6.223,7.000
-1.687,-5.789,7.000
-1.657,-5.770,7.000
-1.629,-5.759,7.000
-1.621,-5.817,7.000
-1.593,-5.806,7.000
-1.568,-5.804,7.000
-1.680,-6.317,7.000
-1.529,-5.842,7.000
-1.502,-5.831,7.000
-1.472,-5.810,7.000
-1.467,-5.886,7.000
-1.433,-5.848,7.000
-1.531,-6.355,7.000
-1.498,-6.330,7.000
-1.364,-5.864,7.000
-1.331,-5.826,7.000
-1.324,-5.901,7.000
-1.404,-6.376,7.000
-1.273,-5.894,7.000
-1.241,-5.855,7.000
-1.229,-5.913,7.000
-1.204,-5.909,7.000
-1.174,-5.878,7.000
-1.152,-5.891,7.000
-1.131,-5.905,7.000
-1.108,-5.909,7.000
-1.086,-5.922,7.000
-1.147,-6.395,7.000
-1.041,-5.939,7.000
-1.022,-5.970,7.000
-0.996,-5.956,7.000
-0.969,-5.942,7.000
-0.945,-5.937,7.000
-0.913,-5.887,7.000
-0.979,-6.479,7.000
-0.879,-5.975,7.000
-0.853,-5.960,7.000
-0.830,-5.973,7.000
-0.804,-5.958,7.000
-0.782,-5.970,7.000
-0.764,-6.017,7.000
-0.741,-6.020,7.000
-0.711,-5.970,7.000
-0.681,-5.918,7.000
-0.720,-6.481,7.000
-0.642,-5.996,7.000
-0.620,-6.007,7.000
-0.594,-5.992,7.000
-0.568,-5.967,7.000
-0.551,-6.041,7.000
-0.524,-5.998,7.000
-0.499,-5.991,7.000
-0.476,-6.002,7.000
-0.451,-5.986,7.000
-0.465,-6.504,7.000
-0.406,-6.016,7.000
-0.412,-6.484,7.000
-0.358,-6.001,7.000
-0.337,-6.056,7.000
-0.308,-5.959,7.000
-0.288,-6.014,7.000
-0.264,-6.015,7.000
-0.257,-6.435,7.000
-0.235,-6.525,7.000
-0.192,-6.000,7.000
-0.169,-6.019,7.000
-0.144,-5.947,7.000
-0.121,-5.984,7.000
-0.098,-6.002,7.000
-0.081,-6.560,7.000
-0.051,-6.003,7.000
-0.027,-6.003,7.000
-0.004,-6.075,7.000
0.020,-6.021,7.000
0.044,-6.021,7.000
0.067,-5.957,7.000
0.090,-5.975,7.000
0.114,-6.011,7.000
0.148,-6.447,7.000
0.162,-6.028,7.000
0.185,-6.009,7.000
0.210,-6.035,7.000
0.252,-6.508,7.000
0.256,-6.007,7.000
0.281,-6.032,7.000
0.304,-6.013,7.000
0.327,-6.012,7.000
0.352,-6.038,7.000
0.374,-6.000,7.000
0.430,-6.491,7.000
0.421,-5.997,7.000
0.449,-6.049,7.000
0.468,-5.994,7.000
0.492,-5.992,7.000
0.518,-6.017,7.000
0.539,-5.988,7.000
0.608,-6.468,7.000
0.583,-5.956,7.000
0.662,-6.495,7.000
0.690,-6.516,7.000
0.656,-5.976,7.000
0.681,-5.982,7.000
0.728,-6.180,7.000
0.727,-5.968,7.000
0.750,-5.965,7.000
0.779,-6.007,7.000
0.868,-6.487,7.000
0.827,-6.000,7.000
0.845,-5.961,7.000
0.876,-6.011,7.000
0.891,-5.946,7.000
0.917,-5.960,7.000
0.942,-5.965,7.000
0.964,-5.953,7.000
0.977,-5.886,7.000
1.006,-5.918,7.000
1.043,-5.994,7.000
1.054,-5.919,7.000
1.167,-6.407,7.000
1.108,-5.955,7.000
1.123,-5.906,7.000
1.152,-5.928,7.000
1.189,-5.993,7.000
1.189,-5.875,7.000
1.216,-5.888,7.000
1.236,-5.865,7.000
1.264,-5.887,7.000
1.289,-5.891,7.000
1.409,-6.317,7.000
1.334,-5.871,7.000
1.353,-5.849,7.000
1.371,-5.826,7.000
1.405,-5.864,7.000
1.421,-5.832,7.000
1.451,-5.853,7.000
1.474,-5.847,7.000
1.492,-5.824,7.000
1.643,-6.310,7.000
1.547,-5.847,7.000
1.568,-5.832,7.000
1.576,-5.773,7.000
1.736,-6.261,7.000
1.629,-5.787,7.000
1.652,-5.781,7.000
1.810,-6.240,7.000
1.692,-5.750,7.000
1.725,-5.778,7.000
1.745,-5.763,7.000
1.765,-5.747,7.000
1.780,-5.714,7.000
1.954,-6.188,7.000
1.951,-6.095,7.000
1.852,-5.710,7.000
1.875,-5.703,7.000
1.906,-5.721,7.000
1.923,-5.696,7.000
1.948,-5.697,7.000
2.134,-6.162,7.000
1.995,-5.690,7.000
2.009,-5.657,7.000
2.212,-6.151,7.000
2.228,-6.120,7.000
2.060,-5.590,7.000
2.107,-5.650,7.000
2.297,-6.086,7.000
2.148,-5.625,7.000
2.157,-5.583,7.000
2.374,-6.073,7.000
2.217,-5.607,7.000
2.229,-5.574,7.000
2.258,-5.582,7.000
2.277,-5.564,7.000
2.302,-5.564,7.000
2.467,-5.896,7.000
2.331,-5.512,7.000
2.582,-6.039,7.000
2.389,-5.527,7.000
2.414,-5.526,7.000
2.432,-5.508,7.000
2.461,-5.515,7.000
2.498,-5.537,7.000
2.490,-5.462,7.000
2.537,-5.510,7.000
2.540,-5.459,7.000
2.736,-5.821,7.000
2.594,-5.463,7.000
2.608,-5.437,7.000
2.801,-5.781,7.000
2.643,-5.400,7.000
2.668,-5.398,7.000
2.912,-5.834,7.000
2.914,-5.780,7.000
2.748,-5.398,7.000
2.744,-5.339,7.000
2.765,-5.328,7.000
2.856,-5.451,7.000
2.799,-5.290,7.000
2.836,-5.311,7.000
2.870,-5.324,7.000
2.887,-5.304,7.000
3.128,-5.694,7.000
2.941,-5.305,7.000
2.949,-5.270,7.000
2.970,-5.258,7.000
2.986,-5.239,7.000
3.247,-5.646,7.000
3.022,-5.207,7.000
3.020,-5.157,7.000
3.063,-5.184,7.000
3.079,-5.164,7.000
3.085,-5.128,7.000
3.392,-5.588,7.000
3.102,-5.065,7.000
3.145,-5.092,7.000
3.141,-5.040,7.000
3.209,-5.105,7.000
3.186,-5.023,7.000
3.471,-5.425,7.000
3.308,-5.127,7.000
3.284,-5.046,7.000
3.254,-4.957,7.000
3.560,-5.377,7.000
3.308,-4.955,7.000
3.312,-4.919,7.000
3.668,-5.401,7.000
3.607,-5.266,7.000
3.646,-5.279,7.000
3.436,-4.933,7.000
3.461,-4.927,7.000
3.732,-5.269,7.000
3.494,-4.892,7.000
3.524,-4.893,7.000
3.817,-5.257,7.000
3.843,-5.249,7.000
3.554,-4.815,7.000
3.579,-4.808,7.000
3.598,-4.794,7.000
3.925,-5.187,7.000
3.657,-4.794,7.000
3.659,-4.759,7.000
3.689,-4.759,7.000
3.713,-4.751,7.000
3.726,-4.729,7.000
3.745,-4.715,7.000
3.775,-4.714,7.000
4.101,-5.080,7.000
3.800,-4.670,7.000
3.819,-4.655,7.000
3.860,-4.668,7.000
3.861,-4.632,7.000
3.873,-4.610,7.000
3.874,-4.574,7.000
3.915,-4.586,7.000
3.915,-4.550,7.000
4.038,-4.655,7.000
3.969,-4.540,7.000
3.987,-4.524,7.000
4.150,-4.672,7.000
3.986,-4.452,7.000
4.034,-4.470,7.000
4.045,-4.448,7.000
4.087,-4.458,7.000
4.098,-4.435,7.000
4.097,-4.400,7.000
4.176,-4.449,7.000
4.138,-4.374,7.000
4.136,-4.338,7.000
4.166,-4.335,7.000
4.170,-4.305,7.000
4.244,-4.347,7.000
4.217,-4.285,7.000
4.246,-4.281,7.000
4.244,-4.246,7.000
4.286,-4.254,7.000
4.657,-4.587,7.000
4.300,-4.202,7.000
4.317,-4.185,7.000
4.340,-4.174,7.000
4.349,-4.151,7.000
4.379,-4.146,7.000
4.402,-4.135,7.000
4.391,-4.093,7.000
4.531,-4.190,7.000
4.752,-4.359,7.000
4.453,-4.053,7.000
4.442,-4.011,7.000
4.484,-4.018,7.000
4.493,-3.994,7.000
4.509,-3.977,7.000
4.518,-3.953,7.000
4.492,-3.899,7.000
4.556,-3.923,7.000
4.550,-3.888,7.000
4.607,-3.905,7.000
4.581,-3.852,7.000
4.617,-3.851,7.000
4.673,-3.867,7.000
4.661,-3.826,7.000
4.683,-3.813,7.000
4.670,-3.772,7.000
4.733,-3.793,7.000
5.092,-4.048,7.000
4.735,-3.734,7.000
4.735,-3.704,7.000
5.139,-3.987,7.000
4.800,-3.694,7.000
4.793,-3.659,7.000
4.779,-3.618,7.000
4.814,-3.616,7.000
4.829,-3.597,7.000
4.850,-3.583,7.000
4.886,-3.580,7.000
4.936,-3.587,7.000
4.899,-3.531,7.000
5.084,-3.634,7.000
5.339,-3.785,7.000
4.918,-3.457,7.000
4.947,-3.448,7.000
4.908,-3.393,7.000
4.966,-3.404,7.000
4.987,-3.390,7.000
5.196,-3.502,7.000
5.395,-3.605,7.000
5.019,-3.326,7.000
5.025,-3.301,7.000
4.984,-3.247,7.000
5.058,-3.266,7.000
5.086,-3.256,7.000
5.076,-3.222,7.000
5.096,-3.207,7.000
5.109,-3.187,7.000
5.129,-3.171,7.000
5.164,-3.165,7.000
5.177,-3.145,7.000
5.150,-3.101,7.000
5.163,-3.081,7.000
5.167,-3.056,7.000
5.179,-3.036,7.000
5.214,-3.029,7.000
5.226,-3.008,7.000
5.222,-2.979,7.000
5.304,-2.998,7.000
5.444,-3.049,7.000
5.233,-2.904,7.000
5.323,-2.927,7.000
5.740,-3.127,7.000
5.315,-2.868,7.000
5.278,-2.821,7.000
5.345,-2.830,7.000
5.324,-2.792,7.000
5.335,-2.772,7.000
5.354,-2.755,7.000
5.838,-2.975,7.000
5.367,-2.708,7.000
5.418,-2.707,7.000
5.844,-2.892,7.000
5.407,-2.649,7.000
5.401,-2.620,7.000
5.420,-2.602,7.000
5.446,-2.589,7.000
5.448,-2.564,7.000
5.442,-2.535,7.000
6.001,-2.766,7.000
5.918,-2.700,7.000
5.561,-2.511,7.000
5.554,-2.482,7.000
5.596,-2.474,7.000
5.566,-2.434,7.000
5.599,-2.423,7.000
5.593,-2.394,7.000
5.626,-2.382,7.000
5.611,-2.350,7.000
5.621,-2.328,7.000
5.654,-2.316,7.000
5.663,-2.294,7.000
5.664,-2.268,7.000
5.665,-2.243,7.000
6.153,-2.408,7.000
5.682,-2.198,7.000
5.682,-2.173,7.000
5.732,-2.166,7.000
5.724,-2.137,7.000
6.170,-2.276,7.000
6.179,-2.252,7.000
5.724,-2.060,7.000
5.732,-2.038,7.000
5.748,-2.018,7.000
5.773,-2.002,7.000
5.747,-1.967,7.000
5.772,-1.950,7.000
6.216,-2.073,7.000
5.812,-1.913,7.000
5.786,-1.880,7.000
5.819,-1.865,7.000
5.792,-1.831,7.000
6.300,-1.965,7.000
5.832,-1.794,7.000
5.856,-1.776,7.000
5.837,-1.745,7.000
5.869,-1.730,7.000
5.842,-1.697,7.000
5.874,-1.681,7.000
6.345,-1.789,7.000
5.862,-1.628,7.000
5.877,-1.607,7.000
5.900,-1.589,7.000
5.872,-1.556,7.000
6.409,-1.672,7.000
5.884,-1.510,7.000
5.907,-1.491,7.000
5.913,-1.468,7.000
6.366,-1.554,7.000
6.425,-1.542,7.000
5.904,-1.392,7.000
6.399,-1.482,7.000
5.949,-1.354,7.000
6.410,-1.432,7.000
5.960,-1.307,7.000
5.965,-1.283,7.000
5.961,-1.258,7.000
5.992,-1.240,7.000
5.971,-1.211,7.000
5.984,-1.190,7.000
6.447,-1.255,7.000
5.993,-1.142,7.000
6.441,-1.202,7.000
6.011,-1.097,7.000
6.185,-1.104,7.000
6.532,-1.139,7.000
6.006,-1.023,7.000
6.045,-1.005,7.000
6.014,-0.976,7.000
6.087,-0.963,7.000
6.021,-0.929,7.000
5.999,-0.901,7.000
6.546,-0.957,7.000
6.032,-0.857,7.000
6.000,-0.829,7.000
6.056,-0.812,7.000
6.041,-0.786,7.000
6.036,-0.761,7.000
6.065,-0.741,7.000
6.059,-0.716,7.000
6.044,-0.690,7.000
6.056,-0.667,7.000
6.093,-0.647,7.000
6.052,-0.619,7.000
6.090,-0.599,7.000
6.571,-0.620,7.000
6.085,-0.550,7.000
6.465,-0.559,7.000
6.522,-0.538,7.000
6.029,-0.473,7.000
6.040,-0.450,7.000
6.033,-0.426,7.000
6.070,-0.405,7.000
6.027,-0.378,7.000
6.064,-0.356,7.000
6.012,-0.330,7.000
6.022,-0.306,7.000
6.050,-0.284,7.000
6.024,-0.259,7.000
6.500,-0.254,7.000
6.525,-0.229,7.000
5.982,-0.187,7.000
5.946,-0.162,7.000
6.028,-0.141,7.000
6.029,-0.117,7.000
6.038,-0.093,7.000
6.568,-0.076,7.000
6.521,-0.050,7.000
6.030,-0.022,7.000
6.039,0.001,7.000
5.865,0.024,7.500
6.039,0.049,7.500
6.021,0.072,7.500
6.002,0.096,7.500
6.047,0.120,7.500
6.019,0.143,7.500
6.019,0.167,7.500
6.054,0.192,7.500
6.509,0.232,7.500
5.989,0.237,7.500
6.024,0.262,7.500
6.014,0.285,7.500
6.022,0.309,7.500
6.519,0.360,7.500
5.974,0.354,7.500
6.009,0.380,7.500
6.007,0.403,7.500
6.051,0.430,7.500
6.518,0.489,7.500
5.957,0.471,7.500
5.991,0.497,7.500
6.567,0.571,7.500
6.014,0.546,7.500
6.003,0.569,7.500
6.010,0.594,7.500
6.025,0.619,7.500
5.987,0.639,7.500
6.417,0.710,7.500
6.325,0.725,7.500
5.970,0.708,7.500
5.967,0.732,7.500
6.501,0.823,7.500
5.952,0.778,7.500
6.029,0.812,7.500
5.964,0.827,7.500
6.335,0.904,7.500
5.957,0.874,7.500
5.945,0.896,7.500
6.681,1.033,7.500
5.955,0.945,7.500
5.925,0.964,7.500
5.921,0.988,7.500
5.988,1.023,7.500
5.904,1.032,7.500
5.980,1.070,7.500
5.923,1.084,7.500
5.927,1.109,7.500
5.887,1.125,7.500
5.910,1.153,7.500
5.807,1.157,7.500
5.891,1.198,7.500
5.913,1.227,7.500
5.846,1.237,7.500
6.343,1.368,7.500
5.872,1.291,7.500
5.893,1.319,7.500
6.319,1.441,7.500
5.865,1.362,7.500
5.860,1.385,7.500
5.819,1.399,7.500
6.365,1.557,7.500
5.843,1.454,7.500
5.828,1.474,7.500
5.814,1.495,7.500
5.817,1.520,7.500
5.811,1.543,7.500
5.796,1.563,7.500
5.763,1.579,7.500
5.766,1.604,7.500
6.298,1.779,7.500
5.856,1.679,7.500
5.841,1.700,7.500
5.749,1.697,7.500
6.300,1.887,7.500
5.761,1.750,7.500
5.763,1.775,7.500
5.832,1.822,7.500
6.232,1.974,7.500
5.792,1.860,7.500
5.785,1.882,7.500
5.803,1.913,7.500
5.820,1.944,7.500
5.754,1.947,7.500
5.763,1.976,7.500
5.780,2.007,7.500
6.029,2.120,7.500
5.739,2.044,7.500
5.731,2.066,7.500
5.723,2.089,7.500
5.723,2.114,7.500
6.160,2.303,7.500
5.690,2.153,7.500
5.690,2.178,7.500
5.673,2.198,7.500
6.130,2.402,7.500
5.664,2.245,7.500
5.647,2.264,7.500
5.621,2.280,7.500
6.128,2.513,7.500
5.603,2.324,7.500
5.610,2.353,7.500
5.601,2.375,7.500
5.575,2.390,7.500
5.615,2.433,7.500
5.581,2.444,7.500
5.611,2.484,7.500
5.529,2.473,7.500
5.543,2.506,7.500
5.534,2.528,7.500
5.556,2.564,7.500
5.538,2.582,7.500
5.551,2.615,7.500
5.509,2.622,7.500
5.927,2.850,7.500
5.472,2.658,7.500
5.454,2.675,7.500
5.499,2.724,7.500
5.449,2.726,7.500
5.430,2.743,7.500
5.458,2.785,7.500
5.416,2.790,7.500
5.855,3.045,7.500
5.766,3.028,7.500
5.375,2.849,7.500
5.379,2.879,7.500
5.360,2.896,7.500
5.349,2.917,7.500
5.782,3.182,7.500
5.707,3.171,7.500
5.314,2.980,7.500
5.696,3.223,7.500
5.298,3.026,7.500
5.317,3.064,7.500
5.312,3.089,7.500
5.285,3.101,7.500
5.242,3.104,7.500
5.659,3.381,7.500
5.195,3.131,7.500
5.213,3.170,7.500
5.200,3.191,7.500
5.173,3.202,7.500
5.585,3.487,7.500
5.524,3.480,7.500
5.142,3.267,7.500
5.543,3.553,7.500
5.549,3.587,7.500
5.118,3.337,7.500
5.090,3.348,7.500
5.099,3.382,7.500
5.049,3.378,7.500
5.050,3.407,7.500
5.417,3.686,7.500
5.002,3.432,7.500
5.039,3.487,7.500
4.982,3.476,7.500
4.983,3.506,7.500
5.376,3.815,7.500
4.962,3.550,7.500
4.897,3.533,7.500
4.876,3.547,7.500
4.920,3.608,7.500
4.877,3.607,7.500
5.278,3.936,7.500
5.238,3.937,7.500
4.827,3.659,7.500
4.820,3.683,7.500
4.812,3.707,7.500
4.798,3.726,7.500
4.776,3.739,7.500
5.156,4.070,7.500
4.876,3.880,7.500
5.130,4.115,7.500
5.156,4.169,7.500
4.688,3.821,7.500
4.673,3.840,7.500
4.692,3.886,7.500
4.656,3.888,7.500
4.634,3.900,7.500
5.021,4.259,7.500
4.617,3.948,7.500
4.594,3.960,7.500
4.592,3.990,7.500
4.563,3.996,7.500
4.567,4.032,7.500
4.538,4.038,7.500
4.509,4.044,7.500
4.526,4.091,7.500
4.517,4.115,7.500
4.461,4.097,7.500
4.465,4.132,7.500
4.803,4.481,7.500
4.419,4.155,7.500
4.396,4.166,7.500
4.406,4.208,7.500
4.421,4.256,7.500
4.321,4.193,7.500
4.685,4.582,7.500
4.633,4.566,7.500
4.316,4.288,7.500
4.342,4.348,7.500
4.251,4.290,7.500
4.271,4.345,7.500
4.235,4.342,7.500
4.568,4.720,7.500
4.544,4.732,7.500
4.190,4.398,7.500
4.173,4.415,7.500
4.488,4.785,7.500
4.144,4.454,7.500
4.108,4.451,7.500
4.133,4.512,7.500
4.109,4.522,7.500
4.068,4.512,7.500
4.038,4.515,7.500
4.044,4.557,7.500
4.492,5.102,7.500
3.996,4.575,7.500
3.955,4.564,7.500
3.948,4.593,7.500
3.942,4.622,7.500
3.929,4.644,7.500
4.028,4.799,7.500
4.208,5.054,7.500
3.874,4.690,7.500
3.862,4.712,7.500
3.826,4.707,7.500
3.802,4.715,7.500
4.068,5.086,7.500
3.776,4.758,7.500
3.752,4.766,7.500
3.722,4.767,7.500
3.993,5.155,7.500
3.701,4.817,7.500
3.682,4.832,7.500
3.668,4.853,7.500
3.649,4.868,7.500
3.924,5.277,7.500
3.621,4.910,7.500
3.581,4.896,7.500
3.577,4.932,7.500
3.877,5.389,7.500
3.502,4.909,7.500
3.504,4.952,7.500
3.479,4.958,7.500
3.454,4.964,7.500
3.739,5.419,7.500
3.430,5.013,7.500
3.406,5.020,7.500
3.386,5.033,7.500
3.654,5.477,7.500
3.346,5.059,7.500
3.321,5.065,7.500
3.321,5.108,7.500
3.277,5.083,7.500
3.550,5.555,7.500
3.246,5.124,7.500
3.245,5.167,7.500
3.215,5.165,7.500
3.190,5.170,7.500
3.179,5.197,7.500
3.172,5.232,7.500
3.147,5.237,7.500
3.109,5.219,7.500
3.093,5.239,7.500
3.072,5.251,7.500
3.302,5.696,7.500
3.172,5.520,7.500
3.238,5.687,7.500
2.963,5.252,7.500
2.951,5.279,7.500
2.943,5.314,7.500
2.896,5.279,7.500
2.897,5.329,7.500
2.876,5.341,7.500
2.859,5.360,7.500
3.058,5.786,7.500
2.813,5.374,7.500
2.792,5.385,7.500
2.779,5.412,7.500
2.757,5.423,7.500
2.896,5.752,7.500
2.719,5.452,7.500
2.689,5.447,7.500
2.878,5.887,7.500
2.861,5.912,7.500
2.621,5.470,7.500
2.603,5.489,7.500
2.597,5.531,7.500
2.560,5.509,7.500
2.535,5.511,7.500
2.665,5.854,7.500
2.502,5.555,7.500
2.477,5.557,7.500
2.480,5.623,7.500
2.444,5.600,7.500
2.404,5.569,7.500
2.382,5.578,7.500
2.357,5.580,7.500
2.532,6.061,7.500
2.310,5.590,7.500
2.291,5.607,7.500
2.292,5.673,7.500
2.260,5.658,7.500
2.228,5.642,7.500
2.212,5.667,7.500
2.180,5.651,7.500
2.164,5.676,7.500
2.139,5.676,7.500
2.120,5.693,7.500
2.104,5.718,7.500
2.246,6.181,7.500
2.044,5.692,7.500
2.021,5.700,7.500
2.010,5.742,7.500
1.979,5.724,7.500
1.957,5.732,7.500
2.100,6.232,7.500
1.909,5.739,7.500
1.889,5.755,7.500
1.877,5.796,7.500
1.852,5.795,7.500
1.821,5.777,7.500
1.806,5.809,7.500
1.770,5.774,7.500
1.771,5.857,7.500
1.733,5.813,7.500
1.710,5.820,7.500
1.870,6.458,7.500
1.810,6.347,7.500
1.629,5.797,7.500
1.616,5.837,7.500
1.600,5.869,7.500
1.570,5.850,7.500
1.542,5.839,7.500
1.526,5.871,7.500
1.620,6.333,7.500
1.480,5.883,7.500
1.455,5.880,7.500
1.436,5.903,7.500
1.414,5.917,7.500
1.387,5.905,7.500
1.475,6.392,7.500
1.450,6.398,7.500
1.317,5.921,7.500
1.290,5.909,7.500
1.376,6.423,7.500
1.248,5.936,7.500
1.226,5.950,7.500
1.187,5.875,7.500
1.177,5.950,7.500
1.159,5.981,7.500
1.223,6.445,7.500
1.109,5.973,7.500
1.092,6.012,7.500
1.062,5.981,7.500
1.143,6.586,7.500
1.015,5.989,7.500
0.993,6.002,7.500
0.966,5.988,7.500
0.946,6.010,7.500
0.922,6.013,7.500
0.892,5.973,7.500
0.871,5.994,7.500
0.850,6.015,7.500
0.891,6.492,7.500
0.803,6.021,7.500
0.775,5.998,7.500
0.818,6.525,7.500
0.737,6.074,7.500
0.705,6.007,7.500
0.710,6.268,7.500
0.660,6.039,7.500
0.636,6.032,7.500
0.611,6.026,7.500
0.632,6.490,7.500
0.566,6.057,7.500
0.542,6.050,7.500
0.519,6.070,7.500
0.534,6.539,7.500
0.470,6.056,7.500
0.444,6.023,7.500
0.423,6.060,7.500
0.430,6.538,7.500
0.375,6.063,7.500
0.350,6.047,7.500
0.328,6.075,7.500
0.304,6.076,7.500
0.280,6.077,7.500
0.255,6.060,7.500
0.232,6.061,7.500
0.208,6.071,7.500
0.185,6.107,7.500
0.173,6.566,7.500
0.136,6.055,7.500
0.112,6.056,7.500
0.089,6.101,7.500
0.065,6.065,7.500
0.041,6.066,7.500
0.017,6.092,7.500
-0.007,6.513,7.500
-0.030,6.048,7.500
-0.054,6.066,7.500
-0.079,6.110,7.500
-0.102,6.065,7.500
-0.126,6.064,7.500
-0.149,6.055,7.500
-0.173,6.045,7.500
-0.198,6.071,7.500
-0.241,6.611,7.500
-0.246,6.087,7.500
-0.269,6.069,7.500
-0.293,6.059,7.500
-0.317,6.066,7.500
-0.339,6.038,7.500
-0.363,6.037,7.500
-0.387,6.044,7.500
-0.411,6.052,7.500
-0.434,6.032,7.500
-0.459,6.048,7.500
-0.484,6.064,7.500
-0.507,6.053,7.500
-0.530,6.034,7.500
-0.554,6.040,7.500
-0.626,6.538,7.500
-0.652,6.544,7.500
-0.626,6.042,7.500
-0.649,6.031,7.500
-0.676,6.055,7.500
-0.695,6.017,7.500
-0.720,6.023,7.500
-0.746,6.038,7.500
-0.771,6.043,7.500
-0.790,6.005,7.500
-0.882,6.509,7.500
-0.910,6.521,7.500
-0.862,6.004,7.500
-0.885,6.001,7.500
-0.910,6.006,7.500
-0.935,6.011,7.500
-0.955,5.981,7.500
-0.981,5.995,7.500
-1.002,5.973,7.500
-1.027,5.978,7.500
-1.140,6.485,7.500
-1.069,5.944,7.500
-1.099,5.975,7.500
-1.122,5.970,7.500
-1.147,5.974,7.500
-1.174,5.987,7.500
-1.194,5.965,7.500
-1.216,5.952,7.500
-1.237,5.938,7.500
-1.261,5.933,7.500
-1.280,5.911,7.500
-1.307,5.923,7.500
-1.332,5.927,7.500
-1.348,5.887,7.500
-1.500,6.435,7.500
-1.512,6.376,7.500
-1.423,5.896,7.500
-1.524,6.207,7.500
-1.467,5.876,7.500
-1.495,5.888,7.500
-1.511,5.856,7.500
-1.530,5.833,7.500
-1.566,5.878,7.500
-1.585,5.855,7.500
-1.620,5.892,7.500
-1.626,5.825,7.500
-1.793,6.327,7.500
-1.679,5.838,7.500
-1.705,5.840,7.500
-1.710,5.773,7.500
-1.892,6.298,7.500
-1.841,6.042,7.500
-1.783,5.770,7.500
-1.816,5.797,7.500
-1.831,5.764,7.500
-1.856,5.765,7.500
-1.887,5.783,7.500
-1.888,5.708,7.500
-2.079,6.206,7.500
-1.947,5.736,7.500
-1.984,5.770,7.500
-2.080,5.973,7.500
-2.002,5.678,7.500
-2.179,6.103,7.500
-2.074,5.738,7.500
-2.084,5.696,7.500
-2.101,5.671,7.500
-2.145,5.721,7.500
-2.142,5.646,7.500
-2.354,6.132,7.500
-2.206,5.679,7.500
-2.215,5.637,7.500
-2.240,5.637,7.500
-2.279,5.669,7.500
-2.281,5.611,7.500
-2.307,5.610,7.500
-2.332,5.609,7.500
-2.337,5.559,7.500
-2.369,5.574,7.500
-2.394,5.573,7.500
-2.623,6.039,7.500
-2.442,5.562,7.500
-2.453,5.528,7.500
-2.489,5.551,7.500
-2.496,5.509,7.500
-2.525,5.515,7.500
-2.764,5.976,7.500
-2.568,5.495,7.500
-2.794,5.918,7.500
-2.615,5.483,7.500
-2.641,5.481,7.500
-2.647,5.438,7.500
-2.680,5.452,7.500
-2.693,5.425,7.500
-2.727,5.438,7.500
-2.736,5.404,7.500
-2.761,5.401,7.500
-2.790,5.406,7.500
-2.803,5.379,7.500
-2.816,5.352,7.500
-3.078,5.794,7.500
-3.089,5.761,7.500
-2.913,5.381,7.500
-3.138,5.743,7.500
-2.929,5.311,7.500
-2.946,5.292,7.500
-2.967,5.281,7.500
-2.970,5.238,7.500
-3.026,5.288,7.500
-3.042,5.268,7.500
-3.311,5.682,7.500
-3.309,5.628,7.500
-3.090,5.209,7.500
-3.092,5.166,7.500
-3.145,5.208,7.500
-3.161,5.188,7.500
-3.177,5.168,7.500
-3.466,5.589,7.500
-3.217,5.142,7.500
-3.237,5.130,7.500
-3.272,5.139,7.500
-3.268,5.089,7.500
-3.317,5.121,7.500
-3.332,5.100,7.500
-3.303,5.013,7.500
-3.635,5.471,7.500
-3.372,5.031,7.500
-3.392,5.018,7.500
-3.422,5.019,7.500
-3.441,5.006,7.500
-3.461,4.992,7.500
-3.470,4.964,7.500
-3.490,4.950,7.500
-3.525,4.958,7.500
-3.529,4.923,7.500
-3.848,5.323,7.500
-3.562,4.888,7.500
-3.586,4.881,7.500
-3.632,4.902,7.500
-3.662,4.902,7.500
-3.665,4.867,7.500
-3.652,4.810,7.500
-3.929,5.133,7.500
-3.706,4.802,7.500
-4.033,5.184,7.500
-4.059,5.174,7.500
-3.773,4.772,7.500
-3.786,4.750,7.500
-3.811,4.742,7.500
-3.846,4.748,7.500
-3.842,4.705,7.500
-4.174,5.071,7.500
-3.890,4.689,7.500
-3.886,4.646,7.500
-3.921,4.651,7.500
-3.940,4.636,7.500
-3.952,4.613,7.500
-3.999,4.631,7.500
-4.312,4.955,7.500
-4.029,4.593,7.500
-4.024,4.551,7.500
-4.048,4.541,7.500
-4.060,4.519,7.500
-4.071,4.496,7.500
-4.449,4.875,7.500
-4.101,4.458,7.500
-4.136,4.461,7.500
-4.154,4.445,7.500
-4.189,4.448,7.500
-4.195,4.418,7.500
-4.212,4.402,7.500
-4.180,4.334,7.500
-4.240,4.362,7.500
-4.270,4.358,7.500
-4.281,4.335,7.500
-4.285,4.306,7.500
-4.315,4.301,7.500
-4.300,4.253,7.500
-4.323,4.242,7.500
-4.390,4.275,7.500
-4.394,4.245,7.500
-4.411,4.228,7.500
-4.782,4.548,7.500
-4.450,4.199,7.500
-4.812,4.505,7.500
-4.813,4.470,7.500
-4.474,4.123,7.500
-4.496,4.111,7.500
-4.519,4.099,7.500
-4.535,4.081,7.500
-4.525,4.040,7.500
-4.574,4.052,7.500
-4.934,4.336,7.500
-4.612,4.021,7.500
-4.985,4.313,7.500
-4.617,3.962,7.500
-4.632,3.944,7.500
-4.681,3.954,7.500
-4.677,3.919,7.500
-4.685,3.894,7.500
-4.721,3.893,7.500
-5.102,4.174,7.500
-4.710,3.822,7.500
-5.129,4.129,7.500
-5.139,4.104,7.500
-4.789,3.794,7.500
-4.790,3.764,7.500
-4.812,3.751,7.500
-4.820,3.726,7.500
-4.849,3.718,7.500
-4.863,3.699,7.500
-5.275,3.980,7.500
-4.871,3.645,7.500
-4.892,3.631,7.500
-4.914,3.617,7.500
-4.928,3.598,7.500
-4.927,3.568,7.500
-4.934,3.543,7.500
-4.970,3.539,7.500
-4.984,3.520,7.500
-4.990,3.495,7.500
-5.004,3.475,7.500
-5.010,3.451,7.500
-5.024,3.431,7.500
-5.059,3.426,7.500
-5.058,3.396,7.500
-5.130,3.415,7.500
-5.482,3.619,7.500
-5.090,3.332,7.500
-5.562,3.610,7.500
-5.537,3.562,7.500
-5.137,3.276,7.500
-5.149,3.256,7.500
-5.162,3.236,7.500
-5.205,3.234,7.500
-5.187,3.195,7.500
-5.626,3.435,7.500
-5.646,3.417,7.500
-5.232,3.138,7.500
-5.653,3.360,7.500
-5.249,3.093,7.500
-5.284,3.085,7.500
-5.273,3.051,7.500
-5.308,3.044,7.500
-5.289,3.005,7.500
-5.309,2.989,7.500
-5.305,2.959,7.500
-5.332,2.947,7.500
-5.782,3.166,7.500
-5.363,2.909,7.500
-5.359,2.880,7.500
-5.812,3.094,7.500
-5.796,3.056,7.500
-5.408,2.825,7.500
-5.834,3.018,7.500
-5.860,3.002,7.500
-5.441,2.761,7.500
-5.468,2.747,7.500
-5.462,2.718,7.500
-5.449,2.685,7.500
-5.403,2.636,7.500
-5.430,2.622,7.500
-5.440,2.601,7.500
-5.385,2.549,7.500
-5.444,2.550,7.500
-5.487,2.544,7.500
-5.464,2.508,7.500
-5.474,2.486,7.500
-5.955,2.676,7.500
-5.493,2.443,7.500
-6.083,2.677,7.500
-5.504,2.396,7.500
-5.967,2.570,7.500
-5.531,2.356,7.500
-5.557,2.342,7.500
-5.491,2.288,7.500
-5.448,2.246,7.500
-5.508,2.245,7.500
-5.559,2.241,7.500
-5.492,2.188,7.500
-5.534,2.180,7.500
-5.534,2.155,7.500
-5.517,2.123,7.500
-5.551,2.111,7.500
-6.044,2.272,7.500
-5.619,2.087,7.500
-6.069,2.227,7.500
-6.100,2.211,7.500
-5.557,1.990,7.500
-6.087,2.152,7.500
-5.624,1.964,7.500
-5.606,1.933,7.500
-5.622,1.914,7.500
-5.630,1.892,7.500
-5.672,1.881,7.500
-5.636,1.845,7.500
-6.167,1.992,7.500
-5.659,1.803,7.500
-5.666,1.781,7.500
-5.673,1.759,7.500
-6.174,1.887,7.500
-6.182,1.863,7.500
-5.693,1.692,7.500
-6.204,1.817,7.500
-6.211,1.792,7.500
-5.774,1.642,7.500
-5.746,1.609,7.500
-5.743,1.584,7.500
-5.810,1.578,7.500
-5.825,1.558,7.500
-5.823,1.533,7.500
-5.863,1.519,7.500
-6.303,1.606,7.500
-5.814,1.457,7.500
-5.820,1.434,7.500
-5.834,1.414,7.500
-5.875,1.399,7.500
-5.880,1.376,7.500
-6.371,1.464,7.500
-6.369,1.438,7.500
-5.870,1.301,7.500
-6.372,1.386,7.500
-6.259,1.335,7.500
-5.893,1.233,7.500
-5.889,1.208,7.500
-5.929,1.192,7.500
-5.890,1.160,7.500
-5.930,1.144,7.500
-5.899,1.114,7.500
-6.436,1.189,7.500
-5.934,1.072,7.500
-6.437,1.137,7.500
-6.410,1.106,7.500
-5.955,1.004,7.500
-5.941,0.977,7.500
-5.936,0.953,7.500
-5.949,0.931,7.500
-5.970,0.910,7.500
-6.442,0.956,7.500
-5.932,0.857,7.500
-5.971,0.838,7.500
-6.492,0.886,7.500
-5.951,0.788,7.500
-5.963,0.766,7.500
-6.510,0.810,7.500
-5.969,0.719,7.500
-6.016,0.701,7.500
-5.956,0.670,7.500
-5.986,0.649,7.500
-5.970,0.624,7.500
-5.982,0.601,7.500
-6.506,0.628,7.500
-6.013,0.557,7.500
-5.989,0.531,7.500
-5.982,0.507,7.500
-6.001,0.485,7.500
-6.057,0.465,7.500
-6.076,0.443,7.500
-6.078,0.419,7.500
-6.097,0.396,7.500
-6.037,0.368,7.500
-6.038,0.344,7.500
-6.084,0.323,7.500
-6.076,0.299,7.500
-6.077,0.275,7.500
-6.087,0.251,7.500
-6.132,0.229,7.500
-6.321,0.211,7.500
-6.090,0.180,7.500
-6.082,0.155,7.500
-6.100,0.132,7.500
-6.135,0.109,7.500
-6.056,0.083,7.500
-6.057,0.060,7.500
-6.057,0.036,7.500
-6.553,0.013,7.500
-6.057,-0.012,7.500
-6.048,-0.036,7.500
-6.074,-0.060,7.500
-6.038,-0.083,7.500
-6.056,-0.107,7.500
-6.559,-0.142,7.500
-6.064,-0.155,7.500
-6.027,-0.178,7.500
-6.159,-0.206,7.500
-6.579,-0.246,7.500
-6.061,-0.250,7.500
-6.569,-0.297,7.500
-6.576,-0.323,7.500
-6.039,-0.321,7.500
-6.047,-0.345,7.500
-6.055,-0.369,7.500
-6.132,-0.398,7.500
-6.157,-0.424,7.500
-6.120,-0.446,7.500
-6.118,-0.470,7.500
-6.134,-0.495,7.500
-6.123,-0.518,7.500
-6.139,-0.544,7.500
-6.595,-0.611,7.500
-6.561,-0.634,7.500
-6.123,-0.615,7.500
-6.121,-0.640,7.500
-6.135,-0.665,7.500
-6.098,-0.686,7.500
-6.087,-0.709,7.500
-6.092,-0.734,7.500
-6.115,-0.761,7.500
-6.086,-0.781,7.500
-6.135,-0.812,7.500
-6.097,-0.832,7.500
-6.077,-0.853,7.500
-6.091,-0.879,7.500
-6.113,-0.907,7.500
-6.066,-0.925,7.500
-6.071,-0.950,7.500
-6.585,-1.057,7.500
-6.489,-1.067,7.500
-6.060,-1.021,7.500
-6.480,-1.118,7.500
-5.973,-1.055,7.500
-5.978,-1.080,7.500
-5.965,-1.102,7.500
-5.987,-1.130,7.500
-5.965,-1.151,7.500
-5.951,-1.172,7.500
-5.973,-1.201,7.500
-5.994,-1.230,7.500
-5.928,-1.241,7.500
-5.932,-1.266,7.500
-5.945,-1.293,7.500
-5.931,-1.314,7.500
-5.908,-1.334,7.500
-5.903,-1.357,7.500
-5.924,-1.386,7.500
-5.892,-1.403,7.500
-5.887,-1.426,7.500
-6.378,-1.572,7.500
-6.379,-1.599,7.500
-5.887,-1.500,7.500
-6.366,-1.649,7.500
-6.360,-1.674,7.500
-5.860,-1.567,7.500
-5.879,-1.597,7.500
-5.949,-1.641,7.500
-5.850,-1.638,7.500
-5.843,-1.661,7.500
-5.828,-1.682,7.500
-5.813,-1.702,7.500
-5.815,-1.727,7.500
-5.833,-1.758,7.500
-5.792,-1.770,7.500
-5.794,-1.796,7.500
-5.795,-1.821,7.500
-6.121,-1.950,7.500
-5.772,-1.864,7.500
-5.765,-1.887,7.500
-6.242,-2.070,7.500
-6.249,-2.099,7.500
-5.742,-1.955,7.500
-5.735,-1.977,7.500
-5.760,-2.011,7.500
-6.200,-2.192,7.500
-5.719,-2.048,7.500
-5.686,-2.061,7.500
-6.203,-2.276,7.500
-6.105,-2.267,7.500
-5.645,-2.121,7.500
-6.154,-2.341,7.500
-5.702,-2.194,7.500
-5.669,-2.207,7.500
-6.141,-2.419,7.500
-5.627,-2.242,7.500
-5.626,-2.267,7.500
-5.642,-2.299,7.500
-5.600,-2.308,7.500
-5.566,-2.320,7.500
-5.590,-2.355,7.500
-5.597,-2.384,7.500
-5.596,-2.410,7.500
-5.578,-2.428,7.500
-5.560,-2.447,7.500
-6.002,-2.669,7.500
-5.541,-2.490,7.500
-5.523,-2.508,7.500
-6.212,-2.851,7.500
-5.495,-2.548,7.500
-5.485,-2.569,7.500
-5.475,-2.591,7.500
-5.840,-2.792,7.500
-5.470,-2.642,7.500
-5.444,-2.655,7.500
-5.513,-2.716,7.500
-5.415,-2.694,7.500
-5.436,-2.731,7.500
-5.433,-2.757,7.500
-5.516,-2.826,7.500
-5.396,-2.791,7.500
-5.369,-2.804,7.500
-5.373,-2.833,7.500
-5.347,-2.846,7.500
-5.343,-2.871,7.500
-5.308,-2.879,7.500
-5.352,-2.930,7.500
-5.301,-2.930,7.500
-5.297,-2.955,7.500
-5.278,-2.971,7.500
-5.258,-2.988,7.500
-5.262,-3.017,7.500
-5.258,-3.042,7.500
-5.665,-3.308,7.500
-5.219,-3.074,7.500
-5.214,-3.099,7.500
-5.633,-3.378,7.500
-5.205,-3.150,7.500
-5.177,-3.161,7.500
-5.165,-3.181,7.500
-5.145,-3.197,7.500
-5.147,-3.226,7.500
-5.149,-3.256,7.500
-5.571,-3.553,7.500
-5.094,-3.277,7.500
-5.096,-3.307,7.500
-5.068,-3.317,7.500
-5.062,-3.342,7.500
-5.012,-3.337,7.500
-5.036,-3.381,7.500
-5.008,-3.391,7.500
-4.980,-3.401,7.500
-5.003,-3.446,7.500
-4.982,-3.460,7.500
-4.976,-3.485,7.500
-4.969,-3.509,7.500
-4.977,-3.544,7.500
-4.934,-3.543,7.500
-4.928,-3.568,7.500
-4.899,-3.577,7.500
-4.871,-3.585,7.500
-4.892,-3.631,7.500
-4.885,-3.655,7.500
-5.269,-3.975,7.500
-4.835,-3.678,7.500
-4.835,-3.707,7.500
-5.227,-4.041,7.500
-4.812,-3.751,7.500
-4.784,-3.759,7.500
-4.776,-3.783,7.500
-4.788,-3.824,7.500
-4.746,-3.820,7.500
-4.745,-3.850,7.500
-4.723,-3.863,7.500
-4.687,-3.865,7.500
-4.965,-4.127,7.500
-4.677,-3.918,7.500
-4.681,-3.954,7.500
-4.625,-3.938,7.500
-4.670,-4.008,7.500
-4.601,-3.980,7.500
-4.585,-3.998,7.500
-4.603,-4.045,7.500
-4.934,-4.371,7.500
-4.558,-4.069,7.500
-4.917,-4.425,7.500
-4.824,-4.376,7.500
-4.490,-4.105,7.500
-4.474,-4.123,7.500
-4.818,-4.475,7.500
-4.409,-4.127,7.500
-4.431,-4.181,7.500
-4.396,-4.180,7.500
-4.398,-4.216,7.500
-4.382,-4.233,7.500
-4.378,-4.262,7.500
-4.336,-4.255,7.500
-4.338,-4.291,7.500
-4.340,-4.326,7.500
-4.298,-4.318,7.500
-4.281,-4.335,7.500
-4.276,-4.365,7.500
-4.234,-4.356,7.500
-4.205,-4.360,7.500
-4.557,-4.763,7.500
-4.195,-4.418,7.500
-4.202,-4.460,7.500
-4.154,-4.445,7.500
-4.487,-4.839,7.500
-4.452,-4.840,7.500
-4.113,-4.506,7.500
-4.089,-4.516,7.500
-4.395,-4.892,7.500
-4.060,-4.555,7.500
-4.059,-4.590,7.500
-4.347,-4.955,7.500
-4.000,-4.595,7.500
-3.964,-4.591,7.500
-3.952,-4.613,7.500
-3.945,-4.642,7.500
-3.899,-4.624,7.500
-3.926,-4.693,7.500
-3.885,-4.682,7.500
-4.184,-5.083,7.500
-4.174,-5.112,7.500
-3.835,-4.734,7.500
-4.119,-5.126,7.500
-3.803,-4.771,7.500
-3.751,-4.744,7.500
-3.755,-4.787,7.500
-4.024,-5.172,7.500
-3.711,-4.809,7.500
-3.703,-4.838,7.500
-3.690,-4.859,7.500
-3.654,-4.852,7.500
-3.646,-4.881,7.500
-3.800,-5.129,7.500
-3.628,-4.938,7.500
-3.873,-5.315,7.500
-3.569,-4.938,7.500
-3.549,-4.952,7.500
-3.591,-5.051,7.500
-3.510,-4.979,7.500
-3.781,-5.409,7.500
-3.496,-5.043,7.500
-3.451,-5.020,7.500
-3.432,-5.034,7.500
-3.422,-5.062,7.500
-3.377,-5.039,7.500
-3.387,-5.096,7.500
-3.352,-5.087,7.500
-3.361,-5.145,7.500
-3.317,-5.121,7.500
-3.311,-5.156,7.500
-3.272,-5.139,7.500
-3.261,-5.167,7.500
-3.227,-5.157,7.500
-3.206,-5.170,7.500
-3.186,-5.183,7.500
-3.147,-5.165,7.500
-3.150,-5.215,7.500
-3.093,-5.166,7.500
-3.095,-5.217,7.500
-3.079,-5.237,7.500
-3.090,-5.302,7.500
-2.997,-5.191,7.500
-3.013,-5.265,7.500
-2.957,-5.214,7.500
-2.949,-5.249,7.500
-2.907,-5.221,7.500
-2.904,-5.264,7.500
-2.883,-5.276,7.500
-3.108,-5.741,7.500
-2.841,-5.298,7.500
-2.808,-5.285,7.500
-2.804,-5.328,7.500
-2.770,-5.315,7.500
-2.770,-5.366,7.500
-2.741,-5.361,7.500
-2.748,-5.428,7.500
-2.743,-5.470,7.500
-2.685,-5.409,7.500
-2.652,-5.395,7.500
-2.861,-5.877,7.500
-2.610,-5.416,7.500
-2.577,-5.402,7.500
-2.583,-5.469,7.500
-2.550,-5.455,7.500
-2.524,-5.456,7.500
-2.507,-5.474,7.500
-2.485,-5.484,7.500
-2.467,-5.502,7.500
-2.632,-5.931,7.500
-2.413,-5.497,7.500
-2.395,-5.514,7.500
-2.549,-5.932,7.500
-2.352,-5.533,7.500
-2.333,-5.551,7.500
-2.312,-5.560,7.500
-2.290,-5.569,7.500
-2.398,-5.898,7.500
-2.242,-5.578,7.500
-2.214,-5.570,7.500
-2.185,-5.562,7.500
-2.177,-5.604,7.500
-2.155,-5.613,7.500
-2.132,-5.621,7.500
-2.104,-5.613,7.500
-2.085,-5.629,7.500
-2.060,-5.629,7.500
-2.062,-5.704,7.500
-2.037,-5.704,7.500
-2.002,-5.678,7.500
-1.980,-5.686,7.500
-2.118,-6.159,7.500
-1.930,-5.684,7.500
-2.074,-6.190,7.500
-2.032,-6.145,7.500
-1.874,-5.741,7.500
-1.843,-5.723,7.500
-1.823,-5.738,7.500
-1.787,-5.702,7.500
-1.775,-5.744,7.500
-1.753,-5.751,7.500
-1.735,-5.775,7.500
-1.705,-5.756,7.500
-1.682,-5.762,7.500
-1.662,-5.778,7.500
-1.642,-5.793,7.500
-1.616,-5.791,7.500
-1.601,-5.823,7.500
-1.576,-5.821,7.500
-1.550,-5.818,7.500
-1.525,-5.815,7.500
-1.502,-5.821,7.500
-1.482,-5.836,7.500
-1.459,-5.842,7.500
-1.436,-5.847,7.500
-1.421,-5.888,7.500
-1.392,-5.867,7.500
-1.367,-5.864,7.500
-1.338,-5.843,7.500
-1.315,-5.848,7.500
-1.292,-5.853,7.500
-1.273,-5.876,7.500
-1.255,-5.907,7.500
-1.230,-5.903,7.500
-1.201,-5.882,7.500
-1.185,-5.921,7.500
-1.157,-5.900,7.500
-1.132,-5.895,7.500
-1.132,-6.022,7.500
-1.097,-5.966,7.500
-1.066,-5.926,7.500
-1.044,-5.939,7.500
-1.104,-6.427,7.500
-0.997,-5.947,7.500
-0.971,-5.933,7.500
-0.949,-5.946,7.500
-0.922,-5.923,7.500
-0.904,-5.962,7.500
-0.955,-6.475,7.500
-0.849,-5.915,7.500
-0.837,-5.999,7.500
-0.807,-5.958,7.500
-0.865,-6.574,7.500
-0.764,-5.990,7.500
-0.740,-5.993,7.500
-0.716,-5.987,7.500
-0.749,-6.478,7.500
-0.664,-5.948,7.500
-0.644,-5.986,7.500
-0.621,-5.989,7.500
-0.648,-6.504,7.500
-0.623,-6.507,7.500
-0.547,-5.960,7.500
-0.564,-6.424,7.500
-0.544,-6.490,7.500
-0.480,-6.011,7.500
-0.454,-5.977,7.500
-0.431,-5.987,7.500
-0.407,-5.989,7.500
-0.380,-5.927,7.500
-0.362,-6.028,7.500
-0.338,-6.012,7.500
-0.314,-6.004,7.500
-0.291,-6.023,7.500
-0.267,-6.015,7.500
-0.243,-6.016,7.500
-0.219,-5.999,7.500
-0.196,-6.009,7.500
-0.172,-6.001,7.500
-0.148,-6.010,7.500
-0.126,-6.047,7.500
-0.101,-6.002,7.500
-0.084,-6.520,7.500
-0.059,-6.615,7.500
-0.030,-6.003,7.500
-0.007,-6.030,7.500
0.017,-6.171,7.500
0.041,-6.012,7.500
0.064,-5.985,7.500
0.088,-6.047,7.500
0.112,-6.029,7.500
0.135,-6.010,7.500
0.158,-6.001,7.500
0.183,-6.018,7.500
0.223,-6.509,7.500
0.230,-6.017,7.500
0.253,-6.016,7.500
0.301,-6.530,7.500
0.302,-6.031,7.500
0.324,-6.012,7.500
0.348,-6.011,7.500
0.372,-6.010,7.500
0.395,-6.008,7.500
0.419,-6.015,7.500
0.441,-5.987,7.500
0.465,-5.994,7.500
0.490,-6.010,7.500
0.514,-6.008,7.500
0.537,-5.997,7.500
0.563,-6.022,7.500
0.582,-5.975,7.500
0.609,-6.008,7.500
0.630,-5.979,7.500
0.710,-6.490,7.500
0.728,-6.423,7.500
0.698,-5.953,7.500
0.722,-5.950,7.500
0.810,-6.470,7.500
0.775,-5.998,7.500
0.795,-5.968,7.500
0.819,-5.965,7.500
0.893,-6.320,7.500
0.863,-5.941,7.500
0.888,-5.946,7.500
0.914,-5.960,7.500
0.930,-5.912,7.500
0.959,-5.944,7.500
0.984,-5.949,7.500
1.088,-6.421,7.500
1.029,-5.932,7.500
1.148,-6.467,7.500
1.165,-6.416,7.500
1.097,-5.911,7.500
1.214,-6.399,7.500
1.145,-5.911,7.500
1.269,-6.412,7.500
1.190,-5.893,7.500
1.318,-6.394,7.500
1.311,-6.238,7.500
1.263,-5.896,7.500
1.279,-5.856,7.500
1.300,-5.842,7.500
1.439,-6.352,7.500
1.352,-5.858,7.500
1.377,-5.861,7.500
1.522,-6.365,7.500
1.403,-5.771,7.500
1.448,-5.854,7.500
1.467,-5.830,7.500
1.487,-5.816,7.500
1.535,-5.905,7.500
1.540,-5.830,7.500
1.563,-5.824,7.500
1.583,-5.809,7.500
1.608,-5.812,7.500
1.626,-5.788,7.500
1.649,-5.781,7.500
1.809,-6.248,7.500
1.689,-5.751,7.500
1.722,-5.779,7.500
1.734,-5.737,7.500
1.768,-5.765,7.500
1.782,-5.732,7.500
1.813,-5.751,7.500
1.838,-5.752,7.500
1.852,-5.720,7.500
1.878,-5.721,7.500
1.886,-5.670,7.500
1.925,-5.714,7.500
1.936,-5.673,7.500
2.136,-6.178,7.500
1.978,-5.649,7.500
1.991,-5.615,7.500
2.031,-5.658,7.500
2.066,-5.684,7.500
2.254,-6.127,7.500
2.110,-5.668,7.500
2.373,-6.298,7.500
2.139,-5.609,7.500
2.158,-5.592,7.500
2.196,-5.626,7.500
2.208,-5.592,7.500
2.237,-5.600,7.500
2.255,-5.583,7.500
2.270,-5.557,7.500
2.306,-5.581,7.500
2.520,-6.032,7.500
2.339,-5.538,7.500
2.548,-5.967,7.500
2.584,-5.987,7.500
2.426,-5.560,7.500
2.635,-5.974,7.500
2.455,-5.508,7.500
2.443,-5.424,7.500
2.502,-5.496,7.500
2.512,-5.462,7.500
2.534,-5.452,7.500
2.555,-5.442,7.500
2.580,-5.440,7.500
2.602,-5.430,7.500
2.615,-5.403,7.500
2.636,-5.393,7.500
2.669,-5.407,7.500
2.683,-5.380,7.500
2.704,-5.370,7.500
2.729,-5.367,7.500
2.996,-5.836,7.500
2.775,-5.353,7.500
2.767,-5.286,7.500
2.800,-5.300,7.500
3.065,-5.746,7.500
2.850,-5.293,7.500
2.888,-5.314,7.500
3.133,-5.710,7.500
2.882,-5.204,7.500
2.951,-5.279,7.500
2.958,-5.244,7.500
2.956,-5.193,7.500
2.999,-5.221,7.500
3.015,-5.201,7.500
3.027,-5.174,7.500
3.061,-5.185,7.500
3.086,-5.181,7.500
3.097,-5.153,7.500
3.122,-5.149,7.500
3.142,-5.136,7.500
3.162,-5.124,7.500
3.177,-5.104,7.500
3.197,-5.091,7.500
3.472,-5.481,7.500
3.247,-5.081,7.500
3.252,-5.046,7.500
3.287,-5.056,7.500
3.307,-5.043,7.500
3.316,-5.015,7.500
3.316,-4.971,7.500
3.351,-4.981,7.500
3.406,-5.020,7.500
3.682,-5.382,7.500
3.739,-5.419,7.500
3.434,-4.935,7.500
3.484,-4.965,7.500
3.472,-4.908,7.500
3.492,-4.894,7.500
3.495,-4.858,7.500
3.530,-4.867,7.500
3.554,-4.860,7.500
3.563,-4.831,7.500
3.598,-4.839,7.500
3.590,-4.789,7.500
3.630,-4.803,7.500
3.649,-4.789,7.500
3.992,-5.196,7.500
3.659,-4.725,7.500
3.711,-4.753,7.500
3.713,-4.717,7.500
3.737,-4.709,7.500
3.767,-4.709,7.500
3.774,-4.680,7.500
3.798,-4.672,7.500
3.856,-4.706,7.500
3.908,-4.731,7.500
3.853,-4.627,7.500
3.842,-4.577,7.500
4.201,-4.966,7.500
3.919,-4.595,7.500
3.919,-4.559,7.500
3.931,-4.537,7.500
3.967,-4.542,7.500
3.979,-4.519,7.500
3.996,-4.504,7.500
3.990,-4.461,7.500
4.013,-4.452,7.500
4.019,-4.423,7.500
4.048,-4.420,7.500
4.102,-4.444,7.500
4.107,-4.415,7.500
4.137,-4.412,7.500
4.123,-4.363,7.500
4.481,-4.704,7.500
4.511,-4.698,7.500
4.200,-4.340,7.500
4.210,-4.317,7.500
4.196,-4.268,7.500
4.238,-4.277,7.500
4.248,-4.254,7.500
4.220,-4.192,7.500
4.320,-4.258,7.500
4.311,-4.216,7.500
4.315,-4.187,7.500
4.363,-4.201,7.500
4.347,-4.153,7.500
4.416,-4.185,7.500
4.406,-4.143,7.500
4.389,-4.095,7.500
4.452,-4.120,7.500
4.755,-4.367,7.500
4.457,-4.061,7.500
4.814,-4.351,7.500
4.843,-4.343,7.500
4.498,-4.002,7.500
4.494,-3.967,7.500
4.905,-4.296,7.500
4.545,-3.949,7.500
4.554,-3.925,7.500
4.590,-3.925,7.500
4.584,-3.889,7.500
4.600,-3.871,7.500
4.636,-3.871,7.500
4.623,-3.829,7.500
4.652,-3.823,7.500
5.004,-4.079,7.500
4.724,-3.820,7.500
4.690,-3.762,7.500
5.077,-4.040,7.500
4.733,-3.736,7.500
4.719,-3.695,7.500
4.839,-3.759,7.500
4.984,-3.839,7.500
4.748,-3.628,7.500
4.784,-3.626,7.500
4.820,-3.623,7.500
4.820,-3.594,7.500
4.826,-3.569,7.500
4.862,-3.566,7.500
4.884,-3.553,7.500
4.883,-3.523,7.500
4.889,-3.498,7.500
4.925,-3.495,7.500
4.931,-3.470,7.500
4.938,-3.446,7.500
4.914,-3.400,7.500
5.370,-3.685,7.500
4.978,-3.387,7.500
4.946,-3.337,7.500
5.012,-3.353,7.500
5.002,-3.318,7.500
5.023,-3.304,7.500
5.013,-3.269,7.500
5.041,-3.259,7.500
5.046,-3.234,7.500
5.089,-3.234,7.500
5.497,-3.463,7.500
5.092,-3.180,7.500
5.135,-3.178,7.500
5.132,-3.149,7.500
5.571,-3.388,7.500
5.149,-3.104,7.500
5.192,-3.102,7.500
5.181,-3.068,7.500
5.162,-3.029,7.500
5.228,-3.041,7.500
5.232,-3.015,7.500
5.221,-2.982,7.500
5.240,-2.965,7.500
5.252,-2.945,7.500
5.271,-2.929,7.500
5.747,-3.164,7.500
5.732,-3.126,7.500
5.744,-3.103,7.500
5.763,-3.084,7.500
5.343,-2.833,7.500
5.315,-2.791,7.500
5.350,-2.782,7.500
5.369,-2.766,7.500
5.395,-2.753,7.500
5.374,-2.715,7.500
5.393,-2.698,7.500
5.387,-2.669,7.500
5.854,-2.872,7.500
5.887,-2.859,7.500
5.418,-2.605,7.500
5.420,-2.580,7.500
5.511,-2.597,7.500
5.489,-2.560,7.500
5.523,-2.550,7.500
5.550,-2.535,7.500
5.478,-2.477,7.500
5.553,-2.484,7.500
5.563,-2.463,7.500
5.564,-2.437,7.500
5.566,-2.412,7.500
5.608,-2.404,7.500
5.601,-2.375,7.500
5.610,-2.353,7.500
5.595,-2.321,7.500
5.653,-2.319,7.500
5.646,-2.290,7.500
5.613,-2.251,7.500
5.704,-2.262,7.500
5.689,-2.230,7.500
6.139,-2.378,7.500
5.690,-2.178,7.500
5.706,-2.159,7.500
5.723,-2.140,7.500
5.723,-2.114,7.500
5.715,-2.086,7.500
5.723,-2.063,7.500
5.781,-2.059,7.500
5.739,-2.018,7.500
5.764,-2.001,7.500
5.780,-1.982,7.500
5.779,-1.956,7.500
5.778,-1.931,7.500
5.811,-1.916,7.500
5.768,-1.877,7.500
5.784,-1.857,7.500
6.292,-1.993,7.500
6.314,-1.973,7.500
5.814,-1.791,7.500
5.846,-1.776,7.500
5.853,-1.753,7.500
5.843,-1.725,7.500
5.858,-1.705,7.500
5.856,-1.679,7.500
5.863,-1.656,7.500
5.861,-1.631,7.500
5.850,-1.603,7.500
5.908,-1.594,7.500
6.394,-1.698,7.500
5.843,-1.527,7.500
5.892,-1.515,7.500
5.898,-1.492,7.500
5.878,-1.462,7.500
5.926,-1.450,7.500
5.898,-1.418,7.500
5.963,-1.409,7.500
5.943,-1.380,7.500
5.949,-1.357,7.500
5.945,-1.331,7.500
6.234,-1.370,7.500
5.964,-1.286,7.500
5.969,-1.263,7.500
6.000,-1.245,7.500
5.970,-1.214,7.500
6.465,-1.288,7.500
5.971,-1.166,7.500
5.984,-1.144,7.500
5.980,-1.119,7.500
5.984,-1.095,7.500
5.997,-1.073,7.500
6.493,-1.136,7.500
5.997,-1.024,7.500
6.018,-1.004,7.500
6.013,-0.979,7.500
6.008,-0.954,7.500
6.522,-1.009,7.500
6.016,-0.906,7.500
5.984,-0.878,7.500
6.023,-0.859,7.500
6.052,-0.839,7.500
6.038,-0.813,7.500
6.583,-0.860,7.500
6.070,-0.769,7.500
6.047,-0.742,7.500
6.554,-0.778,7.500
6.044,-0.693,7.500
6.099,-0.675,7.500
6.102,-0.651,7.500
6.052,-0.622,7.500
6.089,-0.602,7.500
6.647,-0.630,7.500
6.023,-0.547,7.500
6.061,-0.527,7.500
6.514,-0.540,7.500
6.002,-0.474,7.500
5.986,-0.449,7.500
6.015,-0.428,7.500
6.079,-0.408,7.500
6.000,-0.379,7.500
6.028,-0.357,7.500
6.057,-0.335,7.500
6.004,-0.308,7.500
6.005,-0.285,7.500
5.997,-0.261,7.500
5.953,-0.236,7.500
6.008,-0.214,7.500
5.936,-0.188,7.500
5.992,-0.166,7.500
6.001,-0.143,7.500
6.011,-0.120,7.500
5.948,-0.095,7.500
6.039,-0.073,7.500
6.021,-0.049,7.500
6.021,-0.025,7.500
5.994,-0.002,7.500
5.957,0.022,7.500
5.893,0.045,8.000
6.012,0.069,8.000
6.038,0.093,8.000
6.029,0.117,8.000
6.001,0.140,8.000
5.992,0.163,8.000
6.036,0.188,8.000
5.981,0.210,8.000
6.007,0.235,8.000
6.024,0.259,8.000
5.996,0.281,8.000
5.995,0.305,8.000
6.021,0.330,8.000
5.975,0.351,8.000
6.000,0.376,8.000
6.043,0.403,8.000
6.033,0.426,8.000
6.013,0.448,8.000
6.029,0.473,8.000
6.001,0.495,8.000
5.990,0.518,8.000
5.979,0.540,8.000
5.994,0.565,8.000
6.497,0.639,8.000
5.999,0.613,8.000
6.500,0.690,8.000
6.100,0.672,8.000
5.982,0.683,8.000
5.970,0.705,8.000
5.968,0.729,8.000
5.956,0.751,8.000
5.971,0.777,8.000
5.985,0.803,8.000
5.991,0.828,8.000
5.979,0.850,8.000
5.958,0.871,8.000
5.945,0.893,8.000
5.897,0.909,8.000
5.929,0.938,8.000
5.952,0.966,8.000
5.984,0.995,8.000
5.953,1.014,8.000
5.914,1.031,8.000
5.980,1.067,8.000
5.888,1.074,8.000
5.910,1.102,8.000
5.941,1.132,8.000
5.910,1.151,8.000
5.941,1.181,8.000
5.892,1.195,8.000
5.852,1.211,8.000
5.891,1.243,8.000
5.869,1.263,8.000
6.322,1.386,8.000
5.859,1.309,8.000
5.880,1.338,8.000
6.321,1.464,8.000
6.260,1.476,8.000
5.984,1.436,8.000
5.875,1.434,8.000
5.809,1.442,8.000
5.855,1.478,8.000
5.849,1.501,8.000
5.895,1.538,8.000
5.829,1.545,8.000
5.908,1.591,8.000
5.894,1.612,8.000
5.827,1.618,8.000
5.864,1.653,8.000
5.857,1.676,8.000
5.817,1.689,8.000
5.827,1.717,8.000
5.896,1.763,8.000
5.822,1.765,8.000
6.293,1.935,8.000
5.825,1.816,8.000
5.801,1.834,8.000
5.844,1.873,8.000
5.786,1.879,8.000
5.795,1.908,8.000
6.253,2.086,8.000
5.763,1.948,8.000
5.781,1.979,8.000
5.756,1.996,8.000
5.757,2.021,8.000
5.765,2.050,8.000
5.724,2.060,8.000
5.733,2.089,8.000
5.724,2.111,8.000
5.846,2.182,8.000
5.716,2.159,8.000
5.674,2.169,8.000
5.699,2.204,8.000
5.706,2.233,8.000
5.656,2.239,8.000
5.664,2.268,8.000
5.655,2.290,8.000
5.638,2.309,8.000
5.629,2.331,8.000
5.636,2.360,8.000
5.627,2.382,8.000
5.601,2.397,8.000
5.591,2.419,8.000
5.614,2.455,8.000
5.580,2.467,8.000
6.026,2.692,8.000
5.569,2.514,8.000
5.543,2.529,8.000
5.557,2.562,8.000
5.555,2.587,8.000
5.480,2.579,8.000
5.518,2.623,8.000
5.548,2.664,8.000
5.466,2.651,8.000
5.463,2.676,8.000
5.437,2.690,8.000
5.442,2.719,8.000
5.399,2.725,8.000
5.428,2.766,8.000
5.433,2.795,8.000
6.078,3.157,8.000
5.987,3.140,8.000
5.369,2.843,8.000
5.563,2.974,8.000
5.808,3.134,8.000
5.381,2.931,8.000
5.354,2.944,8.000
5.757,3.195,8.000
5.308,2.973,8.000
5.334,3.015,8.000
5.733,3.270,8.000
5.272,3.035,8.000
5.245,3.047,8.000
5.233,3.067,8.000
5.252,3.106,8.000
5.232,3.122,8.000
5.212,3.138,8.000
5.207,3.163,8.000
5.187,3.179,8.000
5.212,3.222,8.000
5.184,3.234,8.000
5.172,3.254,8.000
5.129,3.255,8.000
5.131,3.285,8.000
5.133,3.315,8.000
5.090,3.315,8.000
5.070,3.331,8.000
5.108,3.385,8.000
5.065,3.385,8.000
5.067,3.415,8.000
5.039,3.425,8.000
4.996,3.424,8.000
5.012,3.464,8.000
4.983,3.474,8.000
4.977,3.498,8.000
4.970,3.523,8.000
4.935,3.527,8.000
4.899,3.531,8.000
5.262,3.824,8.000
4.900,3.590,8.000
4.929,3.641,8.000
4.893,3.645,8.000
4.857,3.648,8.000
4.822,3.651,8.000
4.829,3.686,8.000
4.800,3.694,8.000
4.785,3.713,8.000
4.771,3.732,8.000
4.749,3.745,8.000
4.748,3.774,8.000
4.699,3.765,8.000
4.719,3.812,8.000
4.704,3.830,8.000
4.688,3.849,8.000
4.666,3.861,8.000
4.665,3.891,8.000
4.650,3.909,8.000
4.634,3.928,8.000
4.632,3.957,8.000
4.650,4.004,8.000
4.567,3.964,8.000
4.572,4.000,8.000
4.920,4.339,8.000
4.721,4.196,8.000
4.518,4.048,8.000
4.515,4.077,8.000
4.499,4.095,8.000
4.463,4.095,8.000
4.460,4.124,8.000
4.450,4.148,8.000
4.421,4.153,8.000
4.398,4.164,8.000
4.401,4.200,8.000
4.372,4.205,8.000
4.355,4.222,8.000
4.377,4.276,8.000
4.316,4.250,8.000
4.305,4.273,8.000
4.301,4.302,8.000
4.315,4.351,8.000
4.255,4.323,8.000
4.238,4.340,8.000
4.239,4.376,8.000
4.197,4.367,8.000
4.198,4.403,8.000
4.169,4.406,8.000
4.151,4.423,8.000
4.146,4.452,8.000
4.092,4.429,8.000
4.093,4.465,8.000
4.099,4.507,8.000
4.064,4.503,8.000
4.046,4.519,8.000
4.388,4.940,8.000
4.010,4.551,8.000
4.010,4.587,8.000
3.992,4.602,8.000
3.957,4.598,8.000
3.944,4.620,8.000
4.250,5.018,8.000
3.919,4.665,8.000
3.849,4.618,8.000
3.899,4.716,8.000
3.870,4.717,8.000
3.829,4.705,8.000
3.816,4.727,8.000
3.808,4.756,8.000
3.767,4.743,8.000
3.760,4.771,8.000
4.200,5.373,8.000
3.722,4.801,8.000
3.703,4.815,8.000
3.690,4.837,8.000
3.665,4.844,8.000
3.646,4.859,8.000
3.616,4.859,8.000
3.603,4.880,8.000
3.599,4.916,8.000
3.538,4.872,8.000
3.534,4.908,8.000
3.520,4.929,8.000
3.480,4.913,8.000
3.807,5.420,8.000
3.736,5.364,8.000
3.463,5.013,8.000
3.433,5.012,8.000
3.403,5.010,8.000
3.393,5.039,8.000
3.393,5.081,8.000
3.349,5.058,8.000
3.596,5.478,8.000
3.284,5.046,8.000
3.318,5.141,8.000
3.518,5.500,8.000
3.526,5.560,8.000
3.224,5.128,8.000
3.213,5.155,8.000
3.456,5.595,8.000
3.177,5.188,8.000
3.152,5.193,8.000
3.136,5.213,8.000
3.120,5.233,8.000
3.086,5.222,8.000
3.061,5.226,8.000
3.045,5.246,8.000
3.279,5.700,8.000
3.008,5.278,8.000
2.992,5.297,8.000
2.967,5.301,8.000
2.941,5.305,8.000
2.925,5.324,8.000
2.921,5.367,8.000
2.862,5.308,8.000
2.862,5.358,8.000
2.824,5.338,8.000
3.049,5.818,8.000
2.786,5.368,8.000
2.769,5.387,8.000
2.980,5.853,8.000
2.899,5.751,8.000
2.709,5.427,8.000
2.840,5.744,8.000
2.898,5.921,8.000
2.653,5.475,8.000
2.616,5.453,8.000
2.595,5.463,8.000
2.584,5.497,8.000
2.563,5.508,8.000
2.748,5.966,8.000
2.728,5.984,8.000
2.487,5.513,8.000
2.458,5.506,8.000
2.447,5.541,8.000
2.432,5.566,8.000
2.407,5.568,8.000
2.595,6.068,8.000
2.391,5.652,8.000
2.341,5.596,8.000
2.326,5.621,8.000
2.484,6.072,8.000
2.268,5.606,8.000
2.440,6.098,8.000
2.416,6.108,8.000
2.212,5.658,8.000
2.186,5.658,8.000
2.332,6.107,8.000
2.132,5.650,8.000
2.129,5.708,8.000
2.100,5.700,8.000
2.078,5.708,8.000
2.055,5.716,8.000
2.030,5.716,8.000
1.984,5.656,8.000
1.988,5.740,8.000
1.968,5.756,8.000
1.937,5.739,8.000
1.909,5.729,8.000
1.883,5.728,8.000
1.872,5.770,8.000
1.860,5.811,8.000
1.934,6.126,8.000
1.951,6.264,8.000
1.929,6.279,8.000
1.753,5.788,8.000
1.738,5.821,8.000
1.720,5.845,8.000
1.690,5.826,8.000
1.662,5.815,8.000
1.658,5.890,8.000
1.621,5.845,8.000
1.598,5.852,8.000
1.707,6.351,8.000
1.682,6.357,8.000
1.529,5.870,8.000
1.631,6.363,8.000
1.582,6.276,8.000
1.460,5.888,8.000
1.434,5.885,8.000
1.424,5.942,8.000
1.503,6.386,8.000
1.369,5.918,8.000
1.342,5.906,8.000
1.433,6.426,8.000
1.295,5.917,8.000
1.272,5.922,8.000
1.260,5.979,8.000
1.225,5.932,8.000
1.202,5.936,8.000
1.184,5.967,8.000
1.157,5.954,8.000
1.139,5.985,8.000
1.110,5.963,8.000
1.177,6.462,8.000
1.063,5.972,8.000
1.041,5.985,8.000
1.019,5.998,8.000
0.994,5.993,8.000
0.965,5.961,8.000
0.939,5.947,8.000
0.930,6.048,8.000
0.905,6.043,8.000
0.875,6.002,8.000
0.854,6.023,8.000
0.899,6.522,8.000
0.804,6.012,8.000
0.841,6.482,8.000
0.755,6.001,8.000
0.733,6.021,8.000
0.711,6.033,8.000
0.687,6.036,8.000
0.664,6.047,8.000
0.640,6.041,8.000
0.615,6.035,8.000
0.648,6.615,8.000
0.574,6.110,8.000
0.548,6.085,8.000
0.569,6.614,8.000
0.502,6.116,8.000
0.477,6.100,8.000
0.454,6.120,8.000
0.425,6.051,8.000
0.434,6.554,8.000
0.377,6.054,8.000
0.354,6.055,8.000
0.359,6.590,8.000
0.310,6.146,8.000
0.283,6.068,8.000
0.258,6.051,8.000
0.249,6.435,8.000
0.211,6.071,8.000
0.187,6.063,8.000
0.164,6.081,8.000
0.139,6.055,8.000
0.115,6.056,8.000
0.091,6.047,8.000
0.068,6.048,8.000
0.044,6.048,8.000
0.020,6.048,8.000
-0.004,6.084,8.000
-0.030,6.560,8.000
-0.051,6.057,8.000
-0.075,6.083,8.000
-0.100,6.100,8.000
-0.123,6.065,8.000
-0.147,6.073,8.000
-0.171,6.099,8.000
-0.195,6.072,8.000
-0.218,6.071,8.000
-0.240,6.016,8.000
-0.266,6.060,8.000
-0.287,6.005,8.000
-0.313,6.058,8.000
-0.338,6.065,8.000
-0.361,6.055,8.000
-0.384,6.045,8.000
-0.409,6.061,8.000
-0.432,6.050,8.000
-0.456,6.049,8.000
-0.481,6.056,8.000
-0.506,6.071,8.000
-0.527,6.034,8.000
-0.548,6.005,8.000
-0.578,6.074,8.000
-0.598,6.027,8.000
-0.621,6.025,8.000
-0.648,6.049,8.000
-0.670,6.029,8.000
-0.695,6.044,8.000
-0.718,6.032,8.000
-0.744,6.047,8.000
-0.771,6.070,8.000
-0.789,6.023,8.000
-0.815,6.038,8.000
-0.836,6.017,8.000
-0.856,5.987,8.000
-0.888,6.036,8.000
-0.905,5.989,8.000
-0.928,5.985,8.000
-0.954,5.999,8.000
-0.979,6.004,8.000
-1.003,6.000,8.000
-1.021,5.961,8.000
-1.050,5.992,8.000
-1.071,5.971,8.000
-1.091,5.949,8.000
-1.117,5.962,8.000
-1.142,5.966,8.000
-1.164,5.953,8.000
-1.275,6.387,8.000
-1.209,5.935,8.000
-1.234,5.939,8.000
-1.261,5.951,8.000
-1.281,5.929,8.000
-1.302,5.915,8.000
-1.320,5.884,8.000
-1.345,5.887,8.000
-1.374,5.908,8.000
-1.403,5.929,8.000
-1.425,5.914,8.000
-1.450,5.917,8.000
-1.477,5.929,8.000
-1.488,5.871,8.000
-1.638,6.361,8.000
-1.538,5.877,8.000
-1.554,5.845,8.000
-1.584,5.864,8.000
-1.598,5.824,8.000
-1.630,5.852,8.000
-1.783,6.305,8.000
-1.674,5.830,8.000
-1.697,5.824,8.000
-1.720,5.817,8.000
-1.740,5.802,8.000
-1.914,6.292,8.000
-1.793,5.813,8.000
-1.805,5.772,8.000
-1.823,5.748,8.000
-1.848,5.749,8.000
-2.035,6.245,8.000
-2.066,6.260,8.000
-1.938,5.795,8.000
-2.106,6.213,8.000
-2.132,6.213,8.000
-1.998,5.746,8.000
-2.014,5.722,8.000
-2.013,5.646,8.000
-2.065,5.722,8.000
-2.088,5.714,8.000
-2.104,5.689,8.000
-2.114,5.647,8.000
-2.158,5.697,8.000
-2.174,5.672,8.000
-2.193,5.655,8.000
-2.215,5.647,8.000
-2.426,6.112,8.000
-2.260,5.629,8.000
-2.278,5.612,8.000
-2.489,6.062,8.000
-2.491,6.000,8.000
-2.351,5.601,8.000
-2.554,6.017,8.000
-2.392,5.574,8.000
-2.424,5.589,8.000
-2.435,5.555,8.000
-2.461,5.554,8.000
-2.691,6.009,8.000
-2.504,5.534,8.000
-2.537,5.549,8.000
-2.761,5.977,8.000
-2.566,5.496,8.000
-2.564,5.438,8.000
-2.828,5.937,8.000
-2.735,5.684,8.000
-2.656,5.463,8.000
-2.681,5.461,8.000
-2.914,5.878,8.000
-2.712,5.416,8.000
-2.745,5.429,8.000
-2.771,5.426,8.000
-2.780,5.391,8.000
-2.809,5.396,8.000
-3.059,5.821,8.000
-2.843,5.358,8.000
-2.881,5.378,8.000
-2.885,5.336,8.000
-2.936,5.379,8.000
-2.923,5.305,8.000
-2.952,5.309,8.000
-2.986,5.321,8.000
-2.998,5.294,8.000
-3.010,5.266,8.000
-3.053,5.293,8.000
-3.065,5.265,8.000
-3.085,5.253,8.000
-3.051,5.149,8.000
-3.117,5.214,8.000
-3.133,5.194,8.000
-3.163,5.197,8.000
-3.174,5.169,8.000
-3.180,5.134,8.000
-3.196,5.114,8.000
-3.254,5.161,8.000
-3.264,5.134,8.000
-3.285,5.121,8.000
-3.290,5.085,8.000
-3.339,5.117,8.000
-3.330,5.059,8.000
-3.365,5.068,8.000
-3.389,5.063,8.000
-3.389,5.020,8.000
-3.404,4.999,8.000
-3.459,5.037,8.000
-3.453,4.987,8.000
-3.473,4.973,8.000
-3.795,5.390,8.000
-3.652,5.143,8.000
-3.552,4.961,8.000
-3.859,5.344,8.000
-3.880,5.329,8.000
-3.605,4.911,8.000
-3.624,4.897,8.000
-3.638,4.876,8.000
-3.668,4.876,8.000
-3.676,4.847,8.000
-3.701,4.840,8.000
-3.682,4.776,8.000
-3.722,4.789,8.000
-3.741,4.775,8.000
-3.793,4.802,8.000
-3.795,4.766,8.000
-3.808,4.744,8.000
-3.810,4.708,8.000
-3.845,4.714,8.000
-3.875,4.713,8.000
-3.922,4.731,8.000
-3.935,4.709,8.000
-3.896,4.626,8.000
-3.932,4.631,8.000
-4.301,5.026,8.000
-3.991,4.627,8.000
-3.998,4.598,8.000
-4.050,4.621,8.000
-4.034,4.566,8.000
-4.051,4.550,8.000
-4.081,4.547,8.000
-4.396,4.859,8.000
-4.431,4.859,8.000
-4.098,4.460,8.000
-4.474,4.830,8.000
-4.488,4.807,8.000
-4.157,4.418,8.000
-4.199,4.427,8.000
-4.228,4.423,8.000
-4.233,4.394,8.000
-4.244,4.371,8.000
-4.255,4.348,8.000
-4.585,4.648,8.000
-4.295,4.320,8.000
-4.312,4.304,8.000
-4.336,4.293,8.000
-4.686,4.603,8.000
-4.363,4.252,8.000
-4.392,4.248,8.000
-4.428,4.248,8.000
-4.413,4.201,8.000
-4.461,4.214,8.000
-4.452,4.172,8.000
-4.455,4.142,8.000
-4.498,4.149,8.000
-4.507,4.125,8.000
-4.510,4.096,8.000
-4.520,4.072,8.000
-4.529,4.048,8.000
-4.950,4.389,8.000
-4.561,4.012,8.000
-4.978,4.345,8.000
-4.612,3.994,8.000
-4.608,3.958,8.000
-4.644,3.957,8.000
-4.652,3.933,8.000
-4.634,3.887,8.000
-4.683,3.897,8.000
-4.692,3.873,8.000
-4.672,3.826,8.000
-5.104,4.146,8.000
-4.723,3.806,8.000
-4.738,3.787,8.000
-5.128,4.066,8.000
-5.169,4.066,8.000
-4.796,3.742,8.000
-5.194,4.020,8.000
-4.783,3.672,8.000
-4.861,3.702,8.000
-4.840,3.656,8.000
-4.869,3.647,8.000
-4.869,3.618,8.000
-4.854,3.577,8.000
-4.890,3.574,8.000
-4.919,3.565,8.000
-4.954,3.561,8.000
-4.939,3.521,8.000
-4.960,3.507,8.000
-4.952,3.472,8.000
-5.031,3.498,8.000
-5.001,3.448,8.000
-5.193,3.551,8.000
-5.021,3.404,8.000
-4.989,3.354,8.000
-5.047,3.364,8.000
-5.090,3.364,8.000
-5.487,3.596,8.000
-5.528,3.591,8.000
-5.166,3.327,8.000
-5.120,3.269,8.000
-5.125,3.244,8.000
-5.570,3.495,8.000
-5.584,3.474,8.000
-5.557,3.427,8.000
-5.168,3.159,8.000
-5.188,3.143,8.000
-5.208,3.127,8.000
-5.205,3.098,8.000
-5.225,3.082,8.000
-5.664,3.311,8.000
-5.241,3.036,8.000
-5.268,3.024,8.000
-5.288,3.008,8.000
-5.269,2.970,8.000
-5.311,2.966,8.000
-5.323,2.945,8.000
-5.303,2.907,8.000
-5.346,2.903,8.000
-5.334,2.870,8.000
-5.559,2.963,8.000
-5.364,2.832,8.000
-5.792,3.029,8.000
-5.832,3.021,8.000
-5.397,2.769,8.000
-5.416,2.751,8.000
-5.403,2.718,8.000
-5.405,2.693,8.000
-5.440,2.683,8.000
-5.434,2.654,8.000
-5.437,2.629,8.000
-5.527,2.646,8.000
-5.481,2.598,8.000
-5.500,2.580,8.000
-6.091,2.828,8.000
-5.544,2.548,8.000
-5.530,2.515,8.000
-5.564,2.504,8.000
-5.533,2.464,8.000
-5.559,2.449,8.000
-5.919,2.580,8.000
-6.024,2.598,8.000
-5.596,2.387,8.000
-5.629,2.375,8.000
-5.655,2.360,8.000
-5.632,2.324,8.000
-5.649,2.306,8.000
-5.650,2.280,8.000
-5.642,2.251,8.000
-5.618,2.216,8.000
-6.127,2.389,8.000
-5.685,2.191,8.000
-5.693,2.169,8.000
-6.177,2.325,8.000
-5.702,2.121,8.000
-6.173,2.268,8.000
-5.760,2.091,8.000
-6.153,2.206,8.000
-5.768,2.043,8.000
-5.742,2.008,8.000
-5.648,1.951,8.000
-5.707,1.946,8.000
-5.715,1.923,8.000
-5.688,1.890,8.000
-6.181,2.026,8.000
-5.763,1.864,8.000
-5.736,1.831,8.000
-5.760,1.814,8.000
-5.750,1.786,8.000
-5.757,1.763,8.000
-5.738,1.732,8.000
-6.265,1.865,8.000
-5.734,1.682,8.000
-5.784,1.672,8.000
-5.859,1.669,8.000
-5.788,1.624,8.000
-5.742,1.587,8.000
-6.284,1.710,8.000
-5.851,1.568,8.000
-5.805,1.531,8.000
-5.845,1.517,8.000
-5.851,1.494,8.000
-6.340,1.592,8.000
-5.863,1.448,8.000
-5.851,1.421,8.000
-5.848,1.396,8.000
-5.871,1.377,8.000
-5.867,1.352,8.000
-5.873,1.329,8.000
-6.350,1.410,8.000
-6.371,1.389,8.000
-5.923,1.267,8.000
-5.893,1.236,8.000
-5.915,1.217,8.000
-5.893,1.188,8.000
-5.898,1.165,8.000
-5.947,1.150,8.000
-5.907,1.119,8.000
-5.911,1.095,8.000
-6.248,1.132,8.000
-6.475,1.147,8.000
-5.915,1.024,8.000
-5.883,0.995,8.000
-5.932,0.979,8.000
-5.944,0.957,8.000
-5.903,0.927,8.000
-5.952,0.910,8.000
-5.946,0.886,8.000
-5.968,0.865,8.000
-5.962,0.840,8.000
-5.956,0.815,8.000
-6.480,0.861,8.000
-5.981,0.771,8.000
-5.992,0.749,8.000
-6.583,0.796,8.000
-6.485,0.758,8.000
-6.027,0.681,8.000
-5.959,0.649,8.000
-5.997,0.630,8.000
-6.017,0.608,8.000
-6.498,0.631,8.000
-6.049,0.563,8.000
-5.988,0.534,8.000
-5.999,0.511,8.000
-6.010,0.488,8.000
-6.039,0.467,8.000
-5.987,0.439,8.000
-6.497,0.451,8.000
-5.990,0.392,8.000
-6.010,0.369,8.000
-6.510,0.375,8.000
-6.003,0.322,8.000
-6.760,0.336,8.000
-6.015,0.275,8.000
-5.980,0.250,8.000
-6.017,0.228,8.000
-6.053,0.205,8.000
-6.000,0.180,8.000
-6.037,0.157,8.000
-6.046,0.134,8.000
-6.029,0.110,8.000
-5.975,0.085,8.000
-6.003,0.062,8.000
-6.030,0.039,8.000
-6.003,0.015,8.000
-6.497,-0.009,8.000
-6.012,-0.032,8.000
-6.030,-0.056,8.000
-5.993,-0.079,8.000
-6.029,-0.104,8.000
-6.011,-0.127,8.000
-6.028,-0.151,8.000
-5.973,-0.173,8.000
-6.063,-0.199,8.000
-6.532,-0.241,8.000
-6.087,-0.248,8.000
-6.522,-0.292,8.000
-6.094,-0.296,8.000
-6.093,-0.320,8.000
-6.092,-0.344,8.000
-6.117,-0.370,8.000
-6.071,-0.391,8.000
-6.087,-0.416,8.000
-6.077,-0.439,8.000
-6.092,-0.465,8.000
-6.064,-0.486,8.000
-6.062,-0.510,8.000
-6.069,-0.535,8.000
-6.067,-0.559,8.000
-6.082,-0.584,8.000
-6.053,-0.605,8.000
-6.051,-0.629,8.000
-6.075,-0.656,8.000
-6.072,-0.680,8.000
-6.052,-0.702,8.000
-6.537,-0.784,8.000
-6.542,-0.810,8.000
-6.078,-0.777,8.000
-6.049,-0.798,8.000
-6.037,-0.820,8.000
-6.042,-0.845,8.000
-6.004,-0.864,8.000
-6.513,-0.963,8.000
-6.502,-0.988,8.000
-5.985,-0.933,8.000
-6.025,-0.964,8.000
-6.012,-0.986,8.000
-5.991,-1.007,8.000
-5.978,-1.029,8.000
-6.453,-1.137,8.000
-5.996,-1.080,8.000
-6.000,-1.106,8.000
-5.978,-1.126,8.000
-5.991,-1.153,8.000
-5.943,-1.168,8.000
-5.973,-1.198,8.000
-5.943,-1.216,8.000
-6.391,-1.334,8.000
-6.424,-1.367,8.000
-5.928,-1.286,8.000
-5.931,-1.311,8.000
-5.935,-1.336,8.000
-5.921,-1.358,8.000
-5.898,-1.377,8.000
-5.927,-1.408,8.000
-5.922,-1.432,8.000
-5.873,-1.444,8.000
-5.859,-1.465,8.000
-5.870,-1.493,8.000
-5.864,-1.516,8.000
-5.910,-1.552,8.000
-5.869,-1.566,8.000
-5.855,-1.587,8.000
-5.857,-1.612,8.000
-5.833,-1.631,8.000
-6.349,-1.802,8.000
-6.327,-1.822,8.000
-5.831,-1.704,8.000
-5.833,-1.730,8.000
-5.817,-1.750,8.000
-5.810,-1.773,8.000
-5.786,-1.790,8.000
-6.267,-1.966,8.000
-5.772,-1.836,8.000
-5.773,-1.861,8.000
-5.766,-1.884,8.000
-5.767,-1.909,8.000
-5.751,-1.929,8.000
-6.219,-2.113,8.000
-5.744,-1.977,8.000
-6.433,-2.243,8.000
-6.179,-2.181,8.000
-5.703,-2.039,8.000
-5.704,-2.064,8.000
-5.737,-2.102,8.000
-5.687,-2.109,8.000
-5.662,-2.125,8.000
-5.679,-2.157,8.000
-6.109,-2.348,8.000
-5.612,-2.182,8.000
-5.637,-2.217,8.000
-5.661,-2.252,8.000
-5.685,-2.288,8.000
-5.635,-2.293,8.000
-5.609,-2.309,8.000
-5.592,-2.327,8.000
-5.599,-2.356,8.000
-5.582,-2.375,8.000
-5.983,-2.573,8.000
-6.031,-2.622,8.000
-5.553,-2.440,8.000
-5.536,-2.458,8.000
-5.542,-2.487,8.000
-5.556,-2.520,8.000
-5.538,-2.538,8.000
-5.512,-2.553,8.000
-5.470,-2.559,8.000
-5.903,-2.790,8.000
-5.474,-2.614,8.000
-5.456,-2.631,8.000
-5.940,-2.894,8.000
-5.443,-2.678,8.000
-5.432,-2.699,8.000
-5.429,-2.725,8.000
-5.866,-2.973,8.000
-5.833,-2.985,8.000
-5.397,-2.788,8.000
-5.370,-2.801,8.000
-5.908,-3.111,8.000
-5.364,-2.852,8.000
-5.376,-2.885,8.000
-5.333,-2.890,8.000
-5.314,-2.906,8.000
-5.310,-2.931,8.000
-5.307,-2.957,8.000
-5.264,-2.960,8.000
-5.692,-3.230,8.000
-5.271,-3.019,8.000
-5.660,-3.271,8.000
-5.240,-3.056,8.000
-5.243,-3.085,8.000
-5.216,-3.097,8.000
-5.203,-3.117,8.000
-5.259,-3.179,8.000
-5.179,-3.158,8.000
-5.174,-3.183,8.000
-5.146,-3.194,8.000
-5.134,-3.214,8.000
-5.129,-3.239,8.000
-5.123,-3.264,8.000
-5.042,-3.241,8.000
-5.105,-3.309,8.000
-5.397,-3.529,8.000
-5.071,-3.344,8.000
-5.088,-3.384,8.000
-5.442,-3.650,8.000
-5.453,-3.689,8.000
-5.018,-3.423,8.000
-5.048,-3.473,8.000
-4.991,-3.463,8.000
-4.977,-3.482,8.000
-4.956,-3.497,8.000
-4.972,-3.537,8.000
-4.965,-3.561,8.000
-4.908,-3.550,8.000
-4.944,-3.606,8.000
-5.304,-3.900,8.000
-4.873,-3.613,8.000
-4.858,-3.632,8.000
-4.872,-3.672,8.000
-4.844,-3.681,8.000
-4.829,-3.700,8.000
-5.192,-4.010,8.000
-4.849,-3.775,8.000
-4.813,-3.778,8.000
-4.791,-3.791,8.000
-4.770,-3.805,8.000
-4.727,-3.801,8.000
-4.705,-3.814,8.000
-4.731,-3.866,8.000
-4.682,-3.857,8.000
-4.748,-3.942,8.000
-4.685,-3.922,8.000
-4.643,-3.917,8.000
-4.634,-3.941,8.000
-4.619,-3.959,8.000
-4.994,-4.315,8.000
-4.601,-4.007,8.000
-4.894,-4.297,8.000
-4.931,-4.363,8.000
-4.540,-4.049,8.000
-4.589,-4.126,8.000
-4.508,-4.085,8.000
-4.492,-4.103,8.000
-4.476,-4.120,8.000
-4.433,-4.114,8.000
-4.463,-4.173,8.000
-4.440,-4.185,8.000
-4.410,-4.190,8.000
-4.400,-4.214,8.000
-4.415,-4.261,8.000
-4.354,-4.236,8.000
-4.690,-4.598,8.000
-4.558,-4.504,8.000
-4.317,-4.299,8.000
-4.294,-4.310,8.000
-4.314,-4.364,8.000
-4.253,-4.337,8.000
-4.261,-4.379,8.000
-4.439,-4.598,8.000
-4.220,-4.406,8.000
-4.191,-4.410,8.000
-4.180,-4.433,8.000
-4.144,-4.430,8.000
-4.180,-4.504,8.000
-4.109,-4.462,8.000
-4.436,-4.855,8.000
-4.427,-4.884,8.000
-4.074,-4.530,8.000
-4.062,-4.553,8.000
-4.050,-4.575,8.000
-4.020,-4.578,8.000
-3.996,-4.587,8.000
-4.030,-4.662,8.000
-3.949,-4.605,8.000
-3.959,-4.654,8.000
-3.924,-4.649,8.000
-4.242,-5.066,8.000
-4.197,-5.053,8.000
-3.874,-4.702,8.000
-3.867,-4.731,8.000
-3.843,-4.739,8.000
-3.841,-4.775,8.000
-3.794,-4.755,8.000
-3.781,-4.777,8.000
-3.757,-4.785,8.000
-3.765,-4.834,8.000
-3.703,-4.793,8.000
-3.695,-4.822,8.000
-3.681,-4.843,8.000
-3.668,-4.865,8.000
-3.938,-5.267,8.000
-3.650,-4.922,8.000
-3.636,-4.943,8.000
-3.580,-4.908,8.000
-3.864,-5.341,8.000
-3.825,-5.330,8.000
-3.548,-4.985,8.000
-3.528,-4.999,8.000
-3.508,-5.013,8.000
-3.469,-4.998,8.000
-3.469,-5.041,8.000
-3.434,-5.032,8.000
-3.414,-5.046,8.000
-3.370,-5.022,8.000
-3.384,-5.087,8.000
-3.355,-5.086,8.000
-3.608,-5.517,8.000
-3.310,-5.104,8.000
-3.290,-5.117,8.000
-3.270,-5.130,8.000
-3.273,-5.180,8.000
-3.243,-5.178,8.000
-3.166,-5.100,8.000
-3.193,-5.189,8.000
-3.173,-5.201,8.000
-3.129,-5.175,8.000
-3.132,-5.226,8.000
-3.362,-5.661,8.000
-3.059,-5.196,8.000
-3.088,-5.293,8.000
-3.018,-5.220,8.000
-2.993,-5.224,8.000
-3.008,-5.298,8.000
-2.987,-5.310,8.000
-2.940,-5.275,8.000
-2.911,-5.271,8.000
-2.903,-5.306,8.000
-2.865,-5.286,8.000
-3.085,-5.745,8.000
-2.836,-5.332,8.000
-2.815,-5.343,8.000
-2.819,-5.401,8.000
-2.752,-5.325,8.000
-2.748,-5.368,8.000
-2.731,-5.386,8.000
-2.713,-5.405,8.000
-2.704,-5.440,8.000
-2.643,-5.370,8.000
-2.634,-5.404,8.000
-2.620,-5.431,8.000
-2.591,-5.425,8.000
-2.589,-5.476,8.000
-2.747,-5.870,8.000
-2.754,-5.946,8.000
-2.502,-5.457,8.000
-2.582,-5.690,8.000
-2.474,-5.509,8.000
-2.441,-5.494,8.000
-2.416,-5.495,8.000
-2.405,-5.530,8.000
-2.376,-5.523,8.000
-2.351,-5.524,8.000
-2.620,-6.224,8.000
-2.311,-5.550,8.000
-2.495,-6.059,8.000
-2.274,-5.585,8.000
-2.249,-5.585,8.000
-2.227,-5.594,8.000
-2.205,-5.603,8.000
-2.186,-5.620,8.000
-2.167,-5.637,8.000
-2.135,-5.620,8.000
-2.116,-5.637,8.000
-2.097,-5.654,8.000
-2.072,-5.653,8.000
-2.236,-6.176,8.000
-2.190,-6.125,8.000
-2.005,-5.677,8.000
-1.977,-5.668,8.000
-1.966,-5.710,8.000
-1.950,-5.735,8.000
-1.921,-5.725,8.000
-1.896,-5.724,8.000
-1.865,-5.706,8.000
-1.862,-5.773,8.000
-1.812,-5.694,8.000
-1.798,-5.727,8.000
-1.933,-6.244,8.000
-1.753,-5.741,8.000
-1.746,-5.800,8.000
-1.718,-5.790,8.000
-1.690,-5.779,8.000
-1.801,-6.250,8.000
-1.647,-5.801,8.000
-1.624,-5.807,8.000
-1.597,-5.796,8.000
-1.579,-5.820,8.000
-1.565,-5.860,8.000
-1.526,-5.806,8.000
-1.503,-5.812,8.000
-1.610,-6.327,8.000
-1.462,-5.841,8.000
-1.556,-6.324,8.000
-1.530,-6.322,8.000
-1.391,-5.849,8.000
-1.482,-6.342,8.000
-1.462,-6.371,8.000
-1.322,-5.865,8.000
-1.302,-5.888,8.000
-1.275,-5.875,8.000
-1.256,-5.898,8.000
-1.231,-5.894,8.000
-1.204,-5.881,8.000
-1.283,-6.393,8.000
-1.260,-6.406,8.000
-1.137,-5.904,8.000
-1.113,-5.908,8.000
-1.100,-5.965,8.000
-1.065,-5.908,8.000
-1.133,-6.430,8.000
-1.036,-6.013,8.000
-0.999,-5.938,8.000
-0.984,-5.994,8.000
-0.949,-5.927,8.000
-0.927,-5.940,8.000
-0.904,-5.944,8.000
-0.881,-5.947,8.000
-0.866,-6.013,8.000
-0.835,-5.963,8.000
-0.813,-5.975,8.000
-0.856,-6.480,8.000
-0.829,-6.476,8.000
-0.743,-5.993,8.000
-0.722,-6.014,8.000
-0.696,-5.999,8.000
-0.671,-5.984,8.000
-0.650,-6.013,8.000
-0.624,-5.989,8.000
-0.598,-5.973,8.000
-0.576,-5.984,8.000
-0.551,-5.969,8.000
-0.532,-6.025,8.000
-0.505,-5.991,8.000
-0.484,-6.029,8.000
-0.495,-6.478,8.000
-0.434,-5.987,8.000
-0.445,-6.490,8.000
-0.387,-5.991,8.000
-0.364,-6.001,8.000
-0.340,-6.002,8.000
-0.343,-6.496,8.000
-0.291,-5.960,8.000
-0.270,-6.024,8.000
-0.246,-6.007,8.000
-0.226,-6.106,8.000
-0.216,-6.525,8.000
-0.175,-6.009,8.000
-0.151,-5.983,8.000
-0.129,-6.047,8.000
-0.105,-6.065,8.000
-0.081,-6.029,8.000
-0.057,-6.030,8.000
-0.033,-5.985,8.000
-0.010,-5.958,8.000
0.014,-5.985,8.000
0.038,-6.030,8.000
0.062,-6.065,8.000
0.085,-6.011,8.000
0.108,-5.984,8.000
0.132,-6.020,8.000
0.156,-6.010,8.000
0.180,-6.027,8.000
0.203,-6.027,8.000
0.226,-6.008,8.000
0.249,-5.980,8.000
0.274,-6.015,8.000
0.298,-6.014,8.000
0.319,-5.967,8.000
0.345,-6.011,8.000
0.369,-6.019,8.000
0.392,-5.999,8.000
0.416,-6.007,8.000
0.435,-5.951,8.000
0.503,-6.517,8.000
0.486,-5.992,8.000
0.510,-5.999,8.000
0.534,-5.997,8.000
0.558,-6.004,8.000
0.581,-5.993,8.000
0.606,-6.008,8.000
0.620,-5.916,8.000
0.647,-5.941,8.000
0.665,-5.893,8.000
0.754,-6.453,8.000
0.722,-5.978,8.000
0.743,-5.957,8.000
0.836,-6.491,8.000
0.794,-5.978,8.000
0.815,-5.957,8.000
0.829,-5.890,8.000
0.857,-5.923,8.000
0.887,-5.964,8.000
0.909,-5.952,8.000
0.930,-5.930,8.000
1.012,-6.294,8.000
0.969,-5.878,8.000
0.997,-5.901,8.000
1.023,-5.915,8.000
1.037,-5.857,8.000
1.073,-5.925,8.000
1.081,-5.840,8.000
1.215,-6.423,8.000
1.143,-5.912,8.000
1.166,-5.907,8.000
1.194,-5.929,8.000
1.322,-6.434,8.000
1.245,-5.937,8.000
1.355,-6.338,8.000
1.390,-6.379,8.000
1.301,-5.860,8.000
1.328,-5.873,8.000
1.349,-5.859,8.000
1.372,-5.853,8.000
1.393,-5.839,8.000
1.418,-5.842,8.000
1.449,-5.872,8.000
1.466,-5.840,8.000
1.491,-5.843,8.000
1.525,-5.880,8.000
1.535,-5.822,8.000
1.562,-5.833,8.000
1.587,-5.836,8.000
1.601,-5.795,8.000
1.628,-5.806,8.000
1.624,-5.703,8.000
1.674,-5.793,8.000
1.692,-5.769,8.000
1.714,-5.762,8.000
1.742,-5.773,8.000
1.880,-6.143,8.000
1.928,-6.212,8.000
1.785,-5.674,8.000
1.805,-5.658,8.000
1.833,-5.669,8.000
1.855,-5.661,8.000
1.892,-5.697,8.000
1.897,-5.638,8.000
1.925,-5.648,8.000
1.938,-5.614,8.000
2.128,-6.087,8.000
2.000,-5.650,8.000
2.025,-5.651,8.000
2.029,-5.592,8.000
2.054,-5.592,8.000
2.070,-5.567,8.000
2.092,-5.559,8.000
2.146,-5.635,8.000
2.158,-5.602,8.000
2.147,-5.508,8.000
2.195,-5.568,8.000
2.197,-5.508,8.000
2.239,-5.550,8.000
2.223,-5.448,8.000
2.269,-5.499,8.000
2.492,-5.974,8.000
2.344,-5.556,8.000
2.341,-5.488,8.000
2.366,-5.488,8.000
2.394,-5.495,8.000
2.606,-5.916,8.000
2.419,-5.434,8.000
2.444,-5.433,8.000
2.488,-5.473,8.000
2.468,-5.372,8.000
2.504,-5.396,8.000
2.525,-5.386,8.000
2.754,-5.813,8.000
2.811,-5.875,8.000
2.612,-5.405,8.000
2.645,-5.419,8.000
2.667,-5.408,8.000
2.656,-5.333,8.000
2.697,-5.363,8.000
2.718,-5.352,8.000
2.756,-5.374,8.000
2.764,-5.339,8.000
3.036,-5.807,8.000
3.036,-5.753,8.000
2.827,-5.306,8.000
3.051,-5.672,8.000
3.104,-5.717,8.000
2.889,-5.272,8.000
2.923,-5.284,8.000
2.935,-5.257,8.000
2.920,-5.182,8.000
2.936,-5.163,8.000
2.970,-5.175,8.000
3.022,-5.218,8.000
3.033,-5.191,8.000
3.049,-5.171,8.000
3.074,-5.167,8.000
3.126,-5.208,8.000
3.128,-5.166,8.000
3.139,-5.138,8.000
3.155,-5.118,8.000
3.184,-5.121,8.000
3.195,-5.093,8.000
3.215,-5.080,8.000
3.254,-5.098,8.000
3.250,-5.047,8.000
3.270,-5.034,8.000
3.309,-5.052,8.000
3.309,-5.009,8.000
3.339,-5.011,8.000
3.637,-5.412,8.000
3.368,-4.969,8.000
3.362,-4.918,8.000
3.705,-5.376,8.000
3.457,-4.973,8.000
3.738,-5.333,8.000
3.777,-5.344,8.000
3.484,-4.889,8.000
3.508,-4.882,8.000
3.904,-5.388,8.000
3.525,-4.825,8.000
3.571,-4.848,8.000
3.606,-4.855,8.000
3.609,-4.819,8.000
3.639,-4.820,8.000
3.652,-4.798,8.000
3.655,-4.762,8.000
3.679,-4.755,8.000
3.703,-4.748,8.000
3.722,-4.733,8.000
3.735,-4.711,8.000
3.753,-4.697,8.000
4.081,-5.066,8.000
4.101,-5.050,8.000
3.808,-4.652,8.000
3.866,-4.685,8.000
3.868,-4.650,8.000
3.869,-4.614,8.000
3.846,-4.550,8.000
3.922,-4.604,8.000
3.917,-4.561,8.000
3.947,-4.559,8.000
3.953,-4.530,8.000
3.946,-4.487,8.000
3.988,-4.499,8.000
4.000,-4.476,8.000
4.017,-4.461,8.000
4.047,-4.458,8.000
4.412,-4.823,8.000
4.082,-4.426,8.000
4.087,-4.397,8.000
4.278,-4.566,8.000
4.140,-4.384,8.000
4.151,-4.362,8.000
4.174,-4.352,8.000
4.538,-4.694,8.000
4.567,-4.687,8.000
4.225,-4.302,8.000
4.223,-4.266,8.000
4.240,-4.250,8.000
4.276,-4.252,8.000
4.279,-4.223,8.000
4.309,-4.218,8.000
4.351,-4.226,8.000
4.335,-4.178,8.000
4.352,-4.161,8.000
4.368,-4.144,8.000
4.378,-4.121,8.000
4.567,-4.265,8.000
4.818,-4.464,8.000
4.426,-4.069,8.000
4.442,-4.051,8.000
4.847,-4.386,8.000
4.792,-4.302,8.000
4.483,-3.993,8.000
4.637,-4.098,8.000
4.568,-4.005,8.000
4.529,-3.940,8.000
4.565,-3.939,8.000
4.581,-3.921,8.000
4.576,-3.886,8.000
4.605,-3.879,8.000
4.606,-3.850,8.000
4.621,-3.832,8.000
4.636,-3.813,8.000
4.658,-3.801,8.000
4.687,-3.794,8.000
4.730,-3.798,8.000
5.131,-4.087,8.000
4.731,-3.738,8.000
4.703,-3.686,8.000
4.746,-3.690,8.000
5.189,-4.001,8.000
4.754,-3.636,8.000
4.797,-3.639,8.000
4.818,-3.626,8.000
4.825,-3.602,8.000
4.817,-3.566,8.000
4.846,-3.558,8.000
4.867,-3.544,8.000
4.822,-3.483,8.000
4.866,-3.485,8.000
4.923,-3.497,8.000
4.915,-3.462,8.000
5.346,-3.734,8.000
5.354,-3.709,8.000
4.941,-3.394,8.000
5.376,-3.662,8.000
5.019,-3.390,8.000
4.995,-3.345,8.000
5.008,-3.326,8.000
5.036,-3.316,8.000
5.072,-3.311,8.000
5.047,-3.267,8.000
5.068,-3.252,8.000
5.118,-3.256,8.000
5.509,-3.474,8.000
5.083,-3.177,8.000
5.118,-3.171,8.000
5.563,-3.417,8.000
5.135,-3.126,8.000
5.124,-3.092,8.000
5.144,-3.077,8.000
5.148,-3.052,8.000
5.184,-3.045,8.000
5.614,-3.269,8.000
5.238,-3.023,8.000
5.227,-2.989,8.000
5.246,-2.972,8.000
5.258,-2.952,8.000
5.254,-2.922,8.000
5.265,-2.902,8.000
5.277,-2.881,8.000
5.280,-2.856,8.000
5.331,-2.856,8.000
5.760,-3.057,8.000
5.297,-2.785,8.000
5.332,-2.777,8.000
5.351,-2.760,8.000
5.386,-2.751,8.000
5.373,-2.718,8.000
5.830,-2.920,8.000
5.402,-2.679,8.000
5.853,-2.875,8.000
5.439,-2.645,8.000
5.368,-2.584,8.000
5.443,-2.594,8.000
5.413,-2.554,8.000
5.488,-2.563,8.000
5.897,-2.726,8.000
5.532,-2.531,8.000
5.566,-2.520,8.000
5.552,-2.487,8.000
5.562,-2.465,8.000
5.579,-2.447,8.000
5.945,-2.580,8.000
5.607,-2.407,8.000
5.608,-2.381,8.000
5.923,-2.487,8.000
5.618,-2.333,8.000
5.644,-2.318,8.000
5.653,-2.296,8.000
5.654,-2.270,8.000
5.621,-2.232,8.000
6.136,-2.408,8.000
6.146,-2.384,8.000
5.680,-2.178,8.000
5.697,-2.159,8.000
5.747,-2.152,8.000
5.714,-2.114,8.000
5.739,-2.098,8.000
6.200,-2.239,8.000
5.722,-2.041,8.000
5.763,-2.030,8.000
5.729,-1.993,8.000
5.728,-1.967,8.000
5.778,-1.959,8.000
6.161,-2.062,8.000
5.793,-1.914,8.000
5.776,-1.883,8.000
5.783,-1.860,8.000
5.799,-1.840,8.000
5.848,-1.830,8.000
6.208,-1.916,8.000
5.820,-1.771,8.000
5.801,-1.741,8.000
6.025,-1.782,8.000
5.823,-1.698,8.000
5.839,-1.677,8.000
5.980,-1.692,8.000
5.869,-1.636,8.000
5.875,-1.613,8.000
5.864,-1.585,8.000
6.363,-1.693,8.000
5.859,-1.535,8.000
6.391,-1.647,8.000
5.931,-1.504,8.000
5.903,-1.472,8.000
5.926,-1.453,8.000
5.906,-1.423,8.000
5.920,-1.402,8.000
6.367,-1.482,8.000
6.434,-1.471,8.000
5.936,-1.332,8.000
5.967,-1.315,8.000
5.981,-1.293,8.000
5.951,-1.262,8.000
6.016,-1.251,8.000
6.459,-1.317,8.000
5.983,-1.195,8.000
5.953,-1.165,8.000
6.482,-1.242,8.000
5.997,-1.125,8.000
6.036,-1.108,8.000
6.014,-1.079,8.000
6.001,-1.053,8.000
5.996,-1.027,8.000
6.035,-1.010,8.000
6.056,-0.989,8.000
5.999,-0.955,8.000
6.242,-0.969,8.000
6.006,-0.908,8.000
6.045,-0.890,8.000
5.978,-0.856,8.000
6.034,-0.840,8.000
6.532,-0.883,8.000
6.536,-0.857,8.000
6.044,-0.769,8.000
6.064,-0.747,8.000
6.102,-0.727,8.000
6.044,-0.696,8.000
6.064,-0.674,8.000
6.523,-0.700,8.000
6.034,-0.623,8.000
6.045,-0.600,8.000
5.985,-0.571,8.000
5.996,-0.548,8.000
5.998,-0.524,8.000
5.991,-0.500,8.000
6.011,-0.478,8.000
5.995,-0.453,8.000
6.006,-0.430,8.000
5.998,-0.406,8.000
6.492,-0.414,8.000
6.525,-0.390,8.000
6.012,-0.336,8.000
6.528,-0.339,8.000
6.005,-0.288,8.000
6.006,-0.264,8.000
6.034,-0.242,8.000
6.026,-0.218,8.000
6.009,-0.193,8.000
6.510,-0.184,8.000
6.281,-0.153,8.000
6.011,-0.123,8.000
6.056,-0.100,8.000
6.065,-0.076,8.000
6.012,-0.052,8.000
6.545,-0.031,8.000
6.145,-0.005,8.000
5.994,0.019,8.000
6.003,0.043,8.000
6.391,0.071,8.500
6.002,0.090,8.500
6.011,0.114,8.500
6.064,0.138,8.500
6.046,0.162,8.500
6.036,0.185,8.500
6.017,0.208,8.500
6.524,0.252,8.500
5.998,0.255,8.500
6.024,0.280,8.500
6.489,0.327,8.500
6.030,0.328,8.500
6.038,0.352,8.500
5.991,0.373,8.500
5.999,0.397,8.500
6.006,0.421,8.500
5.996,0.444,8.500
6.517,0.508,8.500
5.974,0.490,8.500
5.990,0.515,8.500
6.077,0.546,8.500
5.950,0.558,8.500
5.983,0.585,8.500
5.999,0.610,8.500
5.979,0.632,8.500
5.994,0.658,8.500
6.487,0.737,8.500
6.460,0.760,8.500
5.968,0.726,8.500
6.494,0.816,8.500
6.051,0.784,8.500
5.968,0.797,8.500
5.911,0.814,8.500
6.369,0.902,8.500
5.967,0.869,8.500
5.964,0.893,8.500
5.942,0.913,8.500
5.948,0.938,8.500
5.970,0.966,8.500
5.984,0.992,8.500
6.397,1.086,8.500
5.959,1.036,8.500
5.946,1.058,8.500
6.462,1.176,8.500
5.998,1.116,8.500
5.915,1.124,8.500
5.884,1.142,8.500
5.897,1.169,8.500
6.484,1.312,8.500
6.251,1.290,8.500
5.979,1.259,8.500
5.957,1.279,8.500
5.969,1.306,8.500
5.938,1.323,8.500
5.898,1.339,8.500
5.927,1.370,8.500
6.347,1.493,8.500
5.873,1.406,8.500
6.021,1.467,8.500
6.414,1.589,8.500
5.908,1.488,8.500
5.885,1.507,8.500
5.896,1.535,8.500
5.898,1.560,8.500
5.918,1.590,8.500
5.877,1.604,8.500
5.863,1.625,8.500
6.277,1.766,8.500
5.858,1.673,8.500
5.877,1.704,8.500
5.836,1.717,8.500
5.846,1.745,8.500
5.865,1.775,8.500
5.816,1.785,8.500
5.817,1.811,8.500
5.810,1.834,8.500
5.760,1.843,8.500
6.278,2.036,8.500
6.262,2.058,8.500
5.764,1.919,8.500
5.773,1.947,8.500
5.782,1.976,8.500
5.749,1.990,8.500
6.184,2.168,8.500
6.234,2.213,8.500
5.750,2.066,8.500
5.725,2.083,8.500
5.734,2.112,8.500
5.709,2.128,8.500
5.700,2.150,8.500
5.700,2.176,8.500
5.667,2.189,8.500
5.675,2.217,8.500
6.123,2.420,8.500
5.640,2.255,8.500
5.656,2.287,8.500
5.631,2.303,8.500
6.062,2.507,8.500
5.621,2.351,8.500
5.603,2.369,8.500
5.594,2.391,8.500
6.015,2.599,8.500
6.048,2.642,8.500
5.590,2.468,8.500
5.564,2.482,8.500
5.562,2.508,8.500
5.544,2.526,8.500
5.486,2.525,8.500
5.984,2.783,8.500
5.514,2.591,8.500
5.480,2.601,8.500
5.541,2.657,8.500
5.499,2.664,8.500
5.480,2.681,8.500
5.422,2.679,8.500
5.475,2.732,8.500
5.456,2.750,8.500
5.453,2.775,8.500
5.427,2.789,8.500
5.416,2.810,8.500
5.867,3.073,8.500
5.378,2.844,8.500
5.382,2.874,8.500
5.394,2.907,8.500
5.359,2.916,8.500
5.805,3.188,8.500
5.336,2.958,8.500
5.317,2.974,8.500
5.313,3.000,8.500
5.301,3.020,8.500
5.687,3.270,8.500
5.478,3.178,8.500
5.235,3.065,8.500
5.230,3.090,8.500
5.294,3.155,8.500
5.266,3.167,8.500
5.254,3.188,8.500
5.150,3.153,8.500
5.184,3.201,8.500
5.171,3.222,8.500
5.166,3.247,8.500
5.175,3.281,8.500
5.140,3.287,8.500
5.112,3.298,8.500
5.532,3.599,8.500
5.094,3.343,8.500
5.058,3.348,8.500
5.067,3.383,8.500
5.061,3.407,8.500
5.040,3.422,8.500
5.012,3.432,8.500
5.013,3.462,8.500
4.978,3.466,8.500
5.382,3.779,8.500
5.276,3.736,8.500
4.973,3.550,8.500
4.908,3.534,8.500
4.873,3.537,8.500
5.294,3.875,8.500
5.272,3.891,8.500
4.866,3.621,8.500
4.866,3.651,8.500
4.845,3.664,8.500
5.229,3.988,8.500
4.809,3.697,8.500
4.773,3.699,8.500
4.815,3.762,8.500
4.744,3.737,8.500
4.743,3.767,8.500
4.735,3.791,8.500
4.679,3.776,8.500
4.685,3.811,8.500
4.704,3.858,8.500
4.641,3.836,8.500
5.040,4.200,8.500
5.011,4.209,8.500
4.629,3.920,8.500
4.654,3.972,8.500
4.612,3.967,8.500
4.549,3.945,8.500
4.567,3.992,8.500
4.565,4.022,8.500
4.536,4.028,8.500
4.553,4.075,8.500
4.530,4.087,8.500
4.501,4.093,8.500
4.472,4.098,8.500
4.443,4.104,8.500
4.847,4.513,8.500
4.767,4.473,8.500
4.400,4.162,8.500
4.760,4.538,8.500
4.374,4.203,8.500
4.396,4.257,8.500
4.360,4.256,8.500
4.343,4.273,8.500
4.307,4.271,8.500
4.297,4.294,8.500
4.280,4.311,8.500
4.282,4.347,8.500
4.246,4.344,8.500
4.223,4.355,8.500
4.554,4.733,8.500
4.552,4.768,8.500
4.177,4.411,8.500
4.154,4.421,8.500
4.142,4.443,8.500
4.125,4.460,8.500
4.077,4.443,8.500
4.078,4.479,8.500
4.066,4.501,8.500
4.060,4.530,8.500
4.354,4.897,8.500
4.013,4.549,8.500
3.965,4.531,8.500
3.971,4.574,8.500
3.918,4.548,8.500
3.935,4.605,8.500
3.923,4.627,8.500
3.887,4.622,8.500
4.198,5.031,8.500
3.868,4.673,8.500
3.849,4.688,8.500
4.158,5.105,8.500
3.851,4.766,8.500
3.777,4.712,8.500
3.770,4.741,8.500
3.740,4.742,8.500
3.754,4.798,8.500
3.724,4.799,8.500
4.035,5.242,8.500
3.681,4.821,8.500
3.651,4.821,8.500
3.665,4.878,8.500
3.661,4.914,8.500
3.610,4.885,8.500
3.586,4.892,8.500
3.593,4.942,8.500
3.547,4.920,8.500
3.564,4.985,8.500
3.781,5.332,8.500
3.489,4.962,8.500
3.475,4.983,8.500
3.465,5.011,8.500
3.430,5.003,8.500
3.635,5.346,8.500
3.376,5.007,8.500
3.381,5.058,8.500
3.361,5.071,8.500
3.331,5.069,8.500
3.493,5.362,8.500
3.277,5.073,8.500
3.281,5.123,8.500
3.246,5.113,8.500
3.226,5.126,8.500
3.225,5.169,8.500
3.237,5.234,8.500
3.194,5.209,8.500
3.122,5.138,8.500
3.157,5.242,8.500
3.109,5.208,8.500
3.084,5.213,8.500
3.302,5.632,8.500
3.296,5.672,8.500
3.022,5.249,8.500
3.024,5.299,8.500
2.999,5.303,8.500
2.978,5.315,8.500
2.953,5.319,8.500
2.919,5.307,8.500
2.894,5.311,8.500
2.881,5.338,8.500
3.093,5.785,8.500
2.843,5.368,8.500
2.835,5.403,8.500
2.805,5.398,8.500
3.013,5.854,8.500
2.779,5.452,8.500
2.737,5.423,8.500
2.728,5.457,8.500
2.691,5.436,8.500
2.665,5.439,8.500
2.652,5.465,8.500
2.611,5.435,8.500
2.605,5.478,8.500
2.797,5.943,8.500
2.577,5.530,8.500
2.747,5.957,8.500
2.519,5.518,8.500
2.511,5.560,8.500
2.479,5.546,8.500
2.461,5.564,8.500
2.428,5.549,8.500
2.427,5.607,8.500
2.391,5.584,8.500
2.556,6.034,8.500
2.541,6.065,8.500
2.325,5.612,8.500
2.293,5.596,8.500
2.278,5.622,8.500
2.443,6.097,8.500
2.234,5.640,8.500
2.406,6.146,8.500
2.370,6.126,8.500
2.167,5.666,8.500
2.141,5.666,8.500
2.138,5.724,8.500
2.091,5.666,8.500
2.081,5.707,8.500
2.061,5.724,8.500
2.036,5.723,8.500
2.007,5.715,8.500
1.991,5.739,8.500
1.968,5.747,8.500
1.937,5.729,8.500
1.914,5.737,8.500
2.052,6.231,8.500
1.880,5.786,8.500
1.858,5.793,8.500
1.840,5.817,8.500
1.807,5.790,8.500
1.787,5.806,8.500
1.764,5.813,8.500
1.725,5.768,8.500
1.853,6.285,8.500
1.693,5.825,8.500
1.670,5.831,8.500
1.792,6.352,8.500
1.624,5.844,8.500
1.598,5.842,8.500
1.580,5.866,8.500
1.550,5.846,8.500
1.520,5.826,8.500
1.509,5.875,8.500
1.490,5.898,8.500
1.458,5.870,8.500
1.551,6.350,8.500
1.526,6.356,8.500
1.387,5.878,8.500
1.362,5.874,8.500
1.358,5.966,8.500
1.440,6.441,8.500
1.302,5.934,8.500
1.290,5.990,8.500
1.261,5.970,8.500
1.234,5.957,8.500
1.207,5.945,8.500
1.182,5.940,8.500
1.163,5.971,8.500
1.140,5.976,8.500
1.120,5.998,8.500
1.180,6.461,8.500
1.076,6.024,8.500
1.046,5.993,8.500
1.021,5.988,8.500
0.999,6.001,8.500
0.965,5.943,8.500
0.943,5.956,8.500
0.927,6.004,8.500
0.902,5.998,8.500
0.879,6.011,8.500
0.856,6.014,8.500
0.828,5.991,8.500
0.801,5.967,8.500
0.784,6.015,8.500
0.768,6.079,8.500
0.745,6.091,8.500
0.775,6.554,8.500
0.702,6.140,8.500
0.675,6.117,8.500
0.649,6.102,8.500
0.622,6.078,8.500
0.602,6.116,8.500
0.580,6.144,8.500
0.555,6.138,8.500
0.530,6.122,8.500
0.505,6.116,8.500
0.483,6.144,8.500
0.456,6.111,8.500
0.434,6.139,8.500
0.409,6.132,8.500
0.385,6.124,8.500
0.355,6.020,8.500
0.337,6.127,8.500
0.313,6.128,8.500
0.286,6.068,8.500
0.265,6.139,8.500
0.238,6.079,8.500
0.215,6.106,8.500
0.187,5.982,8.500
0.166,6.055,8.500
0.142,6.064,8.500
0.118,6.065,8.500
0.103,6.575,8.500
0.070,6.012,8.500
0.047,6.083,8.500
0.023,6.110,8.500
-0.001,6.057,8.500
-0.024,6.048,8.500
-0.049,6.092,8.500
-0.072,6.083,8.500
-0.096,6.047,8.500
-0.130,6.598,8.500
-0.145,6.117,8.500
-0.181,6.558,8.500
-0.204,6.477,8.500
-0.215,6.071,8.500
-0.239,6.070,8.500
-0.262,6.051,8.500
-0.287,6.059,8.500
-0.310,6.049,8.500
-0.334,6.048,8.500
-0.361,6.099,8.500
-0.382,6.054,8.500
-0.439,6.546,8.500
-0.465,6.560,8.500
-0.452,6.040,8.500
-0.477,6.047,8.500
-0.503,6.072,8.500
-0.522,6.016,8.500
-0.546,6.023,8.500
-0.574,6.065,8.500
-0.596,6.036,8.500
-0.615,5.990,8.500
-0.643,6.032,8.500
-0.667,6.029,8.500
-0.740,6.463,8.500
-0.715,6.032,8.500
-0.738,6.021,8.500
-0.824,6.516,8.500
-0.788,6.041,8.500
-0.807,6.003,8.500
-0.835,6.026,8.500
-0.862,6.049,8.500
-0.878,5.993,8.500
-0.908,6.033,8.500
-0.928,6.003,8.500
-0.942,5.938,8.500
-1.064,6.545,8.500
-1.000,6.001,8.500
-1.021,5.979,8.500
-1.047,5.993,8.500
-1.071,5.989,8.500
-1.102,6.028,8.500
-1.119,5.989,8.500
-1.140,5.967,8.500
-1.163,5.962,8.500
-1.186,5.958,8.500
-1.311,6.452,8.500
-1.319,6.362,8.500
-1.255,5.935,8.500
-1.284,5.956,8.500
-1.305,5.942,8.500
-1.325,5.919,8.500
-1.459,6.404,8.500
-1.371,5.909,8.500
-1.394,5.903,8.500
-1.540,6.409,8.500
-1.451,5.935,8.500
-1.457,5.861,8.500
-1.504,5.949,8.500
-1.508,5.866,8.500
-1.542,5.903,8.500
-1.610,6.064,8.500
-1.579,5.857,8.500
-1.609,5.876,8.500
-1.623,5.835,8.500
-1.693,5.997,8.500
-1.673,5.840,8.500
-1.689,5.807,8.500
-1.845,6.254,8.500
-1.879,6.277,8.500
-1.760,5.796,8.500
-1.793,5.823,8.500
-1.811,5.799,8.500
-1.844,5.825,8.500
-1.859,5.793,8.500
-1.873,5.760,8.500
-1.901,5.769,8.500
-1.921,5.753,8.500
-1.927,5.695,8.500
-2.122,6.191,8.500
-2.001,5.764,8.500
-2.014,5.731,8.500
-2.037,5.723,8.500
-2.062,5.723,8.500
-2.079,5.698,8.500
-2.079,5.631,8.500
-2.127,5.690,8.500
-2.165,5.723,8.500
-2.165,5.657,8.500
-2.197,5.673,8.500
-2.219,5.664,8.500
-2.231,5.631,8.500
-2.456,6.126,8.500
-2.338,5.767,8.500
-2.308,5.629,8.500
-2.323,5.603,8.500
-2.352,5.611,8.500
-2.381,5.618,8.500
-2.590,6.045,8.500
-2.614,6.034,8.500
-2.443,5.581,8.500
-2.458,5.555,8.500
-2.498,5.586,8.500
-2.531,5.600,8.500
-2.505,5.485,8.500
-2.549,5.524,8.500
-2.762,5.924,8.500
-2.789,5.921,8.500
-2.629,5.525,8.500
-2.632,5.475,8.500
-2.661,5.481,8.500
-2.682,5.470,8.500
-2.723,5.499,8.500
-2.749,5.496,8.500
-2.735,5.414,8.500
-2.768,5.427,8.500
-3.011,5.847,8.500
-2.810,5.405,8.500
-2.832,5.394,8.500
-2.882,5.438,8.500
-2.874,5.372,8.500
-2.899,5.368,8.500
-2.920,5.357,8.500
-3.170,5.762,8.500
-2.954,5.318,8.500
-2.970,5.299,8.500
-3.004,5.310,8.500
-3.029,5.306,8.500
-3.033,5.264,8.500
-3.325,5.719,8.500
-3.096,5.278,8.500
-3.099,5.235,8.500
-3.129,5.238,8.500
-3.394,5.633,8.500
-3.174,5.221,8.500
-3.171,5.171,8.500
-3.182,5.143,8.500
-3.226,5.168,8.500
-3.246,5.155,8.500
-3.267,5.143,8.500
-3.277,5.115,8.500
-3.312,5.124,8.500
-3.332,5.111,8.500
-3.609,5.488,8.500
-3.323,5.010,8.500
-3.416,5.108,8.500
-3.397,5.036,8.500
-3.427,5.037,8.500
-3.436,5.009,8.500
-3.755,5.428,8.500
-3.496,5.011,8.500
-3.516,4.997,8.500
-3.530,4.976,8.500
-3.539,4.948,8.500
-3.559,4.934,8.500
-3.583,4.927,8.500
-3.639,4.963,8.500
-3.617,4.892,8.500
-3.636,4.878,8.500
-3.655,4.863,8.500
-3.690,4.870,8.500
-3.698,4.841,8.500
-3.723,4.834,8.500
-3.731,4.805,8.500
-3.766,4.811,8.500
-3.769,4.776,8.500
-3.804,4.782,8.500
-3.823,4.767,8.500
-3.825,4.731,8.500
-3.843,4.716,8.500
-3.867,4.708,8.500
-3.880,4.686,8.500
-3.904,4.677,8.500
-4.254,5.056,8.500
-4.314,5.086,8.500
-3.953,4.624,8.500
-3.989,4.629,8.500
-3.978,4.579,8.500
-3.984,4.550,8.500
-4.025,4.561,8.500
-4.381,4.925,8.500
-4.055,4.523,8.500
-4.073,4.507,8.500
-4.439,4.873,8.500
-4.096,4.462,8.500
-4.120,4.452,8.500
-4.161,4.462,8.500
-4.191,4.458,8.500
-4.184,4.416,8.500
-4.558,4.773,8.500
-4.231,4.396,8.500
-4.573,4.714,8.500
-4.278,4.375,8.500
-4.289,4.352,8.500
-4.243,4.272,8.500
-4.341,4.337,8.500
-4.333,4.295,8.500
-4.711,4.633,8.500
-4.367,4.261,8.500
-4.352,4.213,8.500
-4.356,4.183,8.500
-4.391,4.184,8.500
-4.421,4.179,8.500
-4.398,4.125,8.500
-4.453,4.145,8.500
-4.814,4.445,8.500
-4.849,4.442,8.500
-4.489,4.080,8.500
-4.538,4.092,8.500
-4.554,4.074,8.500
-4.543,4.033,8.500
-4.924,4.336,8.500
-4.952,4.327,8.500
-4.584,3.973,8.500
-4.633,3.984,8.500
-4.601,3.925,8.500
-4.691,3.970,8.500
-4.726,3.968,8.500
-4.715,3.927,8.500
-4.737,3.914,8.500
-4.739,3.885,8.500
-4.775,3.882,8.500
-4.776,3.853,8.500
-5.189,4.152,8.500
-4.806,3.815,8.500
-4.821,3.796,8.500
-4.836,3.777,8.500
-4.899,3.795,8.500
-4.873,3.744,8.500
-4.915,3.746,8.500
-4.895,3.701,8.500
-4.909,3.681,8.500
-4.931,3.667,8.500
-4.945,3.648,8.500
-4.945,3.618,8.500
-5.367,3.894,8.500
-5.357,3.855,8.500
-4.995,3.565,8.500
-5.009,3.545,8.500
-4.994,3.505,8.500
-5.037,3.506,8.500
-5.464,3.771,8.500
-5.093,3.486,8.500
-5.085,3.451,8.500
-5.098,3.431,8.500
-5.060,3.377,8.500
-5.118,3.386,8.500
-5.175,3.394,8.500
-5.144,3.346,8.500
-5.157,3.325,8.500
-5.192,3.319,8.500
-5.191,3.289,8.500
-5.196,3.264,8.500
-5.253,3.271,8.500
-5.214,3.219,8.500
-5.227,3.198,8.500
-5.247,3.182,8.500
-5.183,3.116,8.500
-5.249,3.127,8.500
-5.261,3.107,8.500
-5.551,3.249,8.500
-5.255,3.048,8.500
-5.259,3.022,8.500
-5.286,3.011,8.500
-5.275,2.977,8.500
-5.733,3.205,8.500
-5.525,3.061,8.500
-5.310,2.914,8.500
-5.305,2.885,8.500
-5.831,3.141,8.500
-5.344,2.851,8.500
-5.363,2.835,8.500
-5.382,2.818,8.500
-5.393,2.796,8.500
-5.372,2.759,8.500
-5.422,2.758,8.500
-5.417,2.729,8.500
-5.452,2.719,8.500
-5.889,2.909,8.500
-5.858,2.865,8.500
-5.452,2.639,8.500
-5.526,2.649,8.500
-5.512,2.615,8.500
-5.522,2.594,8.500
-5.492,2.553,8.500
-5.527,2.543,8.500
-5.537,2.521,8.500
-5.530,2.492,8.500
-5.556,2.478,8.500
-5.566,2.456,8.500
-5.567,2.430,8.500
-6.044,2.610,8.500
-5.553,2.372,8.500
-6.079,2.569,8.500
-5.629,2.353,8.500
-5.606,2.317,8.500
-6.145,2.512,8.500
-5.706,2.306,8.500
-5.657,2.261,8.500
-5.666,2.238,8.500
-6.111,2.386,8.500
-5.725,2.210,8.500
-5.692,2.172,8.500
-5.692,2.146,8.500
-5.701,2.124,8.500
-6.223,2.290,8.500
-5.717,2.079,8.500
-5.734,2.059,8.500
-6.183,2.193,8.500
-6.192,2.169,8.500
-5.758,1.992,8.500
-5.766,1.969,8.500
-6.156,2.075,8.500
-5.772,1.921,8.500
-5.788,1.901,8.500
-5.804,1.881,8.500
-5.820,1.861,8.500
-5.802,1.830,8.500
-5.809,1.807,8.500
-5.841,1.792,8.500
-5.832,1.764,8.500
-6.310,1.881,8.500
-5.854,1.720,8.500
-5.860,1.697,8.500
-6.339,1.809,8.500
-5.865,1.649,8.500
-5.829,1.614,8.500
-5.878,1.603,8.500
-5.910,1.587,8.500
-5.882,1.554,8.500
-5.905,1.536,8.500
-5.911,1.512,8.500
-5.908,1.487,8.500
-5.923,1.466,8.500
-5.911,1.438,8.500
-5.925,1.417,8.500
-6.447,1.515,8.500
-5.971,1.379,8.500
-5.907,1.339,8.500
-5.955,1.326,8.500
-5.952,1.301,8.500
-5.966,1.279,8.500
-5.979,1.257,8.500
-5.984,1.234,8.500
-5.980,1.209,8.500
-6.420,1.271,8.500
-5.990,1.162,8.500
-6.003,1.140,8.500
-6.050,1.124,8.500
-5.994,1.089,8.500
-6.007,1.067,8.500
-5.976,1.038,8.500
-6.015,1.020,8.500
-5.993,0.992,8.500
-6.084,0.983,8.500
-6.044,0.952,8.500
-6.004,0.921,8.500
-6.026,0.900,8.500
-6.020,0.875,8.500
-6.059,0.857,8.500
-6.036,0.829,8.500
-6.039,0.806,8.500
-6.545,0.847,8.500
-6.071,0.761,8.500
-6.030,0.732,8.500
-6.539,0.768,8.500
-6.565,0.745,8.500
-6.056,0.663,8.500
-6.076,0.641,8.500
-6.070,0.616,8.500
-6.064,0.592,8.500
-6.516,0.610,8.500
-6.068,0.544,8.500
-6.079,0.521,8.500
-6.046,0.494,8.500
-6.083,0.473,8.500
-6.067,0.448,8.500
-6.104,0.426,8.500
-6.079,0.401,8.500
-6.063,0.376,8.500
-6.073,0.352,8.500
-6.092,0.330,8.500
-6.076,0.305,8.500
-6.147,0.284,8.500
-6.096,0.258,8.500
-6.079,0.233,8.500
-6.106,0.210,8.500
-6.072,0.185,8.500
-6.019,0.160,8.500
-6.091,0.138,8.500
-6.282,0.117,8.500
-6.092,0.090,8.500
-6.101,0.066,8.500
-6.083,0.042,8.500
-6.101,0.018,8.500
-6.608,-0.006,8.500
-6.110,-0.030,8.500
-6.101,-0.054,8.500
-6.145,-0.078,8.500
-6.092,-0.102,8.500
-6.511,-0.134,8.500
-6.574,-0.161,8.500
-6.090,-0.173,8.500
-6.089,-0.197,8.500
-6.493,-0.236,8.500
-5.998,-0.242,8.500
-6.060,-0.268,8.500
-6.576,-0.317,8.500
-6.049,-0.315,8.500
-6.092,-0.341,8.500
-6.019,-0.361,8.500
-6.089,-0.389,8.500
-6.087,-0.413,8.500
-6.023,-0.433,8.500
-5.995,-0.454,8.500
-6.452,-0.514,8.500
-6.000,-0.502,8.500
-6.025,-0.528,8.500
-6.502,-0.595,8.500
-6.065,-0.580,8.500
-5.991,-0.596,8.500
-5.953,-0.616,8.500
-5.987,-0.643,8.500
-5.975,-0.666,8.500
-5.981,-0.690,8.500
-5.961,-0.712,8.500
-5.967,-0.736,8.500
-6.061,-0.772,8.500
-5.970,-0.784,8.500
-5.958,-0.807,8.500
-5.954,-0.830,8.500
-6.013,-0.862,8.500
-5.974,-0.881,8.500
-6.059,-0.917,8.500
-6.029,-0.937,8.500
-5.928,-0.945,8.500
-6.056,-0.990,8.500
-6.026,-1.010,8.500
-6.048,-1.038,8.500
-6.430,-1.129,8.500
-6.355,-1.142,8.500
-6.483,-1.191,8.500
-5.909,-1.110,8.500
-5.913,-1.135,8.500
-6.304,-1.235,8.500
-5.913,-1.183,8.500
-5.995,-1.224,8.500
-6.461,-1.345,8.500
-6.402,-1.359,8.500
-5.946,-1.287,8.500
-5.932,-1.308,8.500
-6.097,-1.370,8.500
-5.869,-1.343,8.500
-5.942,-1.384,8.500
-6.113,-1.449,8.500
-5.948,-1.435,8.500
-5.908,-1.450,8.500
-5.937,-1.482,8.500
-5.905,-1.498,8.500
-5.916,-1.526,8.500
-5.885,-1.543,8.500
-5.904,-1.573,8.500
-5.890,-1.593,8.500
-5.875,-1.614,8.500
-5.877,-1.640,8.500
-6.220,-1.762,8.500
-5.795,-1.666,8.500
-5.832,-1.701,8.500
-5.884,-1.742,8.500
-5.860,-1.760,8.500
-5.803,-1.767,8.500
-6.306,-1.948,8.500
-5.814,-1.821,8.500
-5.807,-1.844,8.500
-5.833,-1.877,8.500
-6.311,-2.059,8.500
-5.801,-1.918,8.500
-5.777,-1.935,8.500
-5.811,-1.972,8.500
-5.736,-1.971,8.500
-5.745,-2.000,8.500
-6.232,-2.197,8.500
-5.763,-2.057,8.500
-5.730,-2.070,8.500
-6.101,-2.232,8.500
-5.947,-2.202,8.500
-5.746,-2.153,8.500
-5.705,-2.163,8.500
-5.705,-2.189,8.500
-5.679,-2.205,8.500
-6.172,-2.424,8.500
-5.711,-2.269,8.500
-5.645,-2.268,8.500
-5.652,-2.297,8.500
-5.627,-2.313,8.500
-5.618,-2.335,8.500
-5.584,-2.346,8.500
-5.640,-2.396,8.500
-6.042,-2.595,8.500
-5.556,-2.412,8.500
-6.015,-2.639,8.500
-5.545,-2.459,8.500
-5.527,-2.477,8.500
-5.525,-2.503,8.500
-5.507,-2.521,8.500
-5.538,-2.561,8.500
-5.447,-2.545,8.500
-5.940,-2.804,8.500
-5.483,-2.615,8.500
-5.505,-2.652,8.500
-5.462,-2.658,8.500
-5.484,-2.695,8.500
-5.457,-2.708,8.500
-5.447,-2.730,8.500
-5.452,-2.759,8.500
-5.401,-2.760,8.500
-5.445,-2.810,8.500
-5.427,-2.827,8.500
-5.392,-2.836,8.500
-5.302,-2.816,8.500
-5.346,-2.866,8.500
-5.327,-2.883,8.500
-5.529,-3.020,8.500
-5.312,-2.929,8.500
-5.300,-2.950,8.500
-5.304,-2.979,8.500
-5.285,-2.996,8.500
-5.211,-2.981,8.500
-5.299,-3.059,8.500
-5.241,-3.053,8.500
-5.275,-3.101,8.500
-5.202,-3.085,8.500
-5.205,-3.115,8.500
-5.216,-3.149,8.500
-5.180,-3.156,8.500
-5.258,-3.231,8.500
-5.140,-3.187,8.500
-5.143,-3.216,8.500
-5.145,-3.246,8.500
-5.110,-3.252,8.500
-5.134,-3.296,8.500
-5.092,-3.297,8.500
-5.419,-3.539,8.500
-5.485,-3.613,8.500
-5.052,-3.357,8.500
-5.061,-3.391,8.500
-5.063,-3.421,8.500
-4.998,-3.406,8.500
-5.107,-3.510,8.500
-5.405,-3.746,8.500
-5.008,-3.500,8.500
-4.958,-3.494,8.500
-5.373,-3.819,8.500
-4.916,-3.523,8.500
-4.909,-3.547,8.500
-4.917,-3.582,8.500
-4.917,-3.612,8.500
-4.910,-3.637,8.500
-5.250,-3.921,8.500
-4.867,-3.664,8.500
-4.853,-3.684,8.500
-4.838,-3.703,8.500
-4.838,-3.732,8.500
-4.774,-3.713,8.500
-4.801,-3.765,8.500
-5.268,-4.164,8.500
-4.730,-3.769,8.500
-4.729,-3.799,8.500
-4.999,-4.048,8.500
-4.692,-3.830,8.500
-4.649,-3.826,8.500
-4.669,-3.873,8.500
-4.646,-3.885,8.500
-4.658,-3.926,8.500
-4.561,-3.875,8.500
-4.580,-3.922,8.500
-4.625,-3.993,8.500
-4.589,-3.993,8.500
-4.560,-4.000,8.500
-4.656,-4.116,8.500
-4.515,-4.024,8.500
-4.506,-4.047,8.500
-4.893,-4.429,8.500
-4.514,-4.118,8.500
-4.465,-4.106,8.500
-4.481,-4.154,8.500
-4.445,-4.153,8.500
-4.390,-4.134,8.500
-4.445,-4.218,8.500
-4.775,-4.567,8.500
-4.386,-4.229,8.500
-4.376,-4.252,8.500
-4.359,-4.269,8.500
-4.336,-4.280,8.500
-4.319,-4.297,8.500
-4.627,-4.640,8.500
-4.266,-4.312,8.500
-4.274,-4.354,8.500
-4.245,-4.358,8.500
-4.548,-4.706,8.500
-4.491,-4.684,8.500
-4.199,-4.414,8.500
-4.212,-4.463,8.500
-4.495,-4.800,8.500
-4.147,-4.463,8.500
-4.123,-4.473,8.500
-4.106,-4.489,8.500
-4.082,-4.499,8.500
-4.082,-4.535,8.500
-4.064,-4.551,8.500
-4.040,-4.560,8.500
-3.999,-4.549,8.500
-4.322,-4.956,8.500
-3.986,-4.607,8.500
-4.319,-5.031,8.500
-3.956,-4.645,8.500
-3.909,-4.627,8.500
-4.244,-5.064,8.500
-3.901,-4.691,8.500
-3.882,-4.707,8.500
-3.875,-4.736,8.500
-3.851,-4.744,8.500
-3.821,-4.745,8.500
-3.802,-4.760,8.500
-4.108,-5.185,8.500
-3.781,-4.811,8.500
-3.740,-4.798,8.500
-3.722,-4.812,8.500
-4.007,-5.224,8.500
-3.789,-4.980,8.500
-3.670,-4.863,8.500
-3.640,-4.863,8.500
-3.632,-4.892,8.500
-3.618,-4.913,8.500
-3.614,-4.949,8.500
-3.848,-5.313,8.500
-3.559,-4.955,8.500
-3.519,-4.940,8.500
-3.781,-5.352,8.500
-3.475,-4.961,8.500
-3.766,-5.420,8.500
-3.481,-5.053,8.500
-3.437,-5.031,8.500
-3.561,-5.257,8.500
-3.417,-5.087,8.500
-3.387,-5.085,8.500
-3.602,-5.455,8.500
-3.585,-5.475,8.500
-3.322,-5.118,8.500
-3.287,-5.108,8.500
-3.282,-5.144,8.500
-3.261,-5.156,8.500
-3.222,-5.139,8.500
-3.207,-5.159,8.500
-3.196,-5.187,8.500
-3.175,-5.199,8.500
-3.150,-5.204,8.500
-3.166,-5.277,8.500
-3.096,-5.206,8.500
-3.048,-5.172,8.500
-3.059,-5.238,8.500
-3.061,-5.288,8.500
-3.022,-5.269,8.500
-2.997,-5.274,8.500
-3.188,-5.661,8.500
-2.969,-5.320,8.500
-2.891,-5.230,8.500
-2.927,-5.343,8.500
-2.876,-5.300,8.500
-2.868,-5.335,8.500
-2.822,-5.299,8.500
-3.050,-5.782,8.500
-2.825,-5.408,8.500
-2.800,-5.411,8.500
-2.985,-5.824,8.500
-2.761,-5.441,8.500
-2.708,-5.388,8.500
-2.679,-5.382,8.500
-2.666,-5.409,8.500
-2.640,-5.411,8.500
-2.607,-5.397,8.500
-2.605,-5.448,8.500
-2.573,-5.434,8.500
-2.777,-5.926,8.500
-2.545,-5.486,8.500
-2.505,-5.456,8.500
-2.647,-5.826,8.500
-2.697,-5.998,8.500
-2.455,-5.518,8.500
-2.617,-5.946,8.500
-2.415,-5.545,8.500
-2.393,-5.554,8.500
-2.361,-5.539,8.500
-2.342,-5.556,8.500
-2.320,-5.566,8.500
-2.292,-5.558,8.500
-2.310,-5.666,8.500
-2.248,-5.576,8.500
-2.226,-5.585,8.500
-2.379,-6.037,8.500
-2.192,-5.627,8.500
-2.170,-5.636,8.500
-2.138,-5.619,8.500
-2.301,-6.118,8.500
-2.072,-5.576,8.500
-2.069,-5.635,8.500
-2.193,-6.047,8.500
-2.030,-5.668,8.500
-2.005,-5.668,8.500
-1.986,-5.684,8.500
-1.969,-5.709,8.500
-1.935,-5.683,8.500
-1.919,-5.707,8.500
-2.053,-6.189,8.500
-1.874,-5.722,8.500
-1.851,-5.729,8.500
-1.823,-5.719,8.500
-1.806,-5.744,8.500
-1.794,-5.785,8.500
-1.766,-5.775,8.500
-1.738,-5.765,8.500
-1.853,-6.235,8.500
-1.723,-5.880,8.500
-1.809,-6.265,8.500
-1.642,-5.774,8.500
-1.608,-5.737,8.500
-1.737,-6.293,8.500
-1.574,-5.793,8.500
-1.549,-5.790,8.500
-1.531,-5.814,8.500
-1.513,-5.837,8.500
-1.481,-5.808,8.500
-1.458,-5.814,8.500
-1.557,-6.316,8.500
-1.410,-5.816,8.500
-1.391,-5.839,8.500
-1.371,-5.854,8.500
-1.352,-5.877,8.500
-1.328,-5.882,8.500
-1.396,-6.295,8.500
-1.280,-5.883,8.500
-1.257,-5.888,8.500
-1.310,-6.255,8.500
-1.209,-5.889,8.500
-1.195,-5.938,8.500
-1.166,-5.916,8.500
-1.156,-5.991,8.500
-1.120,-5.925,8.500
-1.096,-5.929,8.500
-1.075,-5.943,8.500
-1.047,-5.920,8.500
-1.111,-6.433,8.500
-1.003,-5.946,8.500
-1.063,-6.458,8.500
-0.953,-5.936,8.500
-0.932,-5.949,8.500
-0.984,-6.446,8.500
-0.889,-5.982,8.500
-0.864,-5.977,8.500
-0.835,-5.945,8.500
-0.813,-5.957,8.500
-0.856,-6.456,8.500
-0.769,-5.981,8.500
-0.744,-5.975,8.500
-0.750,-6.221,8.500
-0.699,-5.998,8.500
-0.673,-5.974,8.500
-0.649,-5.977,8.500
-0.654,-6.249,8.500
-0.607,-6.026,8.500
-0.581,-6.011,8.500
-0.587,-6.331,8.500
-0.579,-6.519,8.500
-0.510,-6.008,8.500
-0.484,-5.983,8.500
-0.496,-6.446,8.500
-0.439,-6.014,8.500
-0.416,-6.025,8.500
-0.390,-5.990,8.500
-0.369,-6.046,8.500
-0.345,-6.029,8.500
-0.321,-6.030,8.500
-0.299,-6.058,8.500
-0.273,-6.015,8.500
-0.249,-6.007,8.500
-0.256,-6.823,8.500
-0.202,-6.018,8.500
-0.180,-6.072,8.500
-0.167,-6.495,8.500
-0.131,-6.011,8.500
-0.107,-6.029,8.500
-0.084,-6.020,8.500
-0.060,-5.994,8.500
-0.039,-6.521,8.500
-0.013,-6.375,8.500
0.011,-6.021,8.500
0.035,-6.021,8.500
0.059,-6.048,8.500
0.089,-6.544,8.500
0.115,-6.528,8.500
0.129,-6.029,8.500
0.153,-6.028,8.500
0.176,-6.009,8.500
0.200,-6.000,8.500
0.225,-6.035,8.500
0.248,-6.034,8.500
0.271,-6.006,8.500
0.318,-6.489,8.500
0.320,-6.039,8.500
0.339,-5.966,8.500
0.367,-6.028,8.500
0.392,-6.044,8.500
0.413,-6.007,8.500
0.436,-5.996,8.500
0.461,-6.021,8.500
0.491,-6.090,8.500
0.508,-6.009,8.500
0.531,-5.998,8.500
0.600,-6.493,8.500
0.580,-6.020,8.500
0.601,-5.991,8.500
0.624,-5.980,8.500
0.643,-5.932,8.500
0.727,-6.472,8.500
0.754,-6.485,8.500
0.718,-5.969,8.500
0.742,-5.975,8.500
0.765,-5.963,8.500
0.793,-5.996,8.500
0.813,-5.966,8.500
0.836,-5.963,8.500
0.865,-5.995,8.500
0.883,-5.956,8.500
0.905,-5.943,8.500
0.962,-6.157,8.500
1.035,-6.454,8.500
0.974,-5.923,8.500
0.997,-5.920,8.500
1.029,-5.969,8.500
1.047,-5.929,8.500
1.070,-5.925,8.500
1.187,-6.428,8.500
1.120,-5.934,8.500
1.143,-5.930,8.500
1.173,-5.960,8.500
1.191,-5.929,8.500
1.220,-5.951,8.500
1.232,-5.894,8.500
1.356,-6.362,8.500
1.385,-6.372,8.500
1.292,-5.834,8.500
1.327,-5.882,8.500
1.348,-5.868,8.500
1.367,-5.845,8.500
1.499,-6.297,8.500
1.425,-5.887,8.500
1.449,-5.881,8.500
1.456,-5.814,8.500
1.484,-5.826,8.500
1.509,-5.829,8.500
1.529,-5.814,8.500
1.550,-5.799,8.500
1.694,-6.239,8.500
1.735,-6.294,8.500
1.623,-5.798,8.500
1.641,-5.774,8.500
1.671,-5.794,8.500
1.689,-5.770,8.500
1.717,-5.781,8.500
1.744,-5.791,8.500
1.746,-5.715,8.500
1.779,-5.743,8.500
1.959,-6.236,8.500
1.838,-5.771,8.500
1.838,-5.696,8.500
1.875,-5.731,8.500
2.049,-6.182,8.500
1.917,-5.708,8.500
1.939,-5.700,8.500
1.959,-5.684,8.500
2.008,-5.752,8.500
2.006,-5.677,8.500
2.026,-5.660,8.500
2.042,-5.635,8.500
2.058,-5.610,8.500
2.095,-5.645,8.500
2.121,-5.645,8.500
2.196,-5.777,8.500
2.162,-5.620,8.500
2.171,-5.577,8.500
2.353,-5.977,8.500
2.218,-5.569,8.500
2.253,-5.593,8.500
2.275,-5.584,8.500
2.255,-5.474,8.500
2.219,-5.327,8.500
2.302,-5.465,8.500
2.331,-5.473,8.500
2.349,-5.455,8.500
2.611,-6.001,8.500
2.399,-5.453,8.500
2.416,-5.435,8.500
2.430,-5.409,8.500
2.455,-5.408,8.500
2.476,-5.398,8.500
2.715,-5.858,8.500
2.534,-5.412,8.500
2.544,-5.377,8.500
2.545,-5.325,8.500
2.590,-5.365,8.500
2.611,-5.355,8.500
2.595,-5.270,8.500
2.820,-5.670,8.500
2.670,-5.316,8.500
2.707,-5.338,8.500
2.947,-5.754,8.500
2.737,-5.292,8.500
2.766,-5.297,8.500
2.761,-5.238,8.500
2.773,-5.211,8.500
3.063,-5.702,8.500
2.836,-5.229,8.500
2.856,-5.218,8.500
2.872,-5.199,8.500
2.928,-5.251,8.500
2.895,-5.144,8.500
2.978,-5.243,8.500
2.949,-5.145,8.500
2.978,-5.149,8.500
3.008,-5.153,8.500
3.028,-5.141,8.500
3.025,-5.090,8.500
3.324,-5.544,8.500
3.112,-5.144,8.500
3.127,-5.124,8.500
3.119,-5.065,8.500
3.153,-5.076,8.500
3.144,-5.017,8.500
3.227,-5.105,8.500
3.327,-5.218,8.500
3.223,-5.011,8.500
3.262,-5.028,8.500
3.287,-5.023,8.500
3.302,-5.003,8.500
3.341,-5.020,8.500
3.590,-5.347,8.500
3.355,-4.956,8.500
3.390,-4.965,8.500
3.415,-4.959,8.500
3.705,-5.337,8.500
3.459,-4.940,8.500
3.473,-4.919,8.500
3.471,-4.875,8.500
3.798,-5.291,8.500
3.509,-4.848,8.500
3.550,-4.863,8.500
3.563,-4.842,8.500
3.577,-4.821,8.500
3.601,-4.814,8.500
3.620,-4.800,8.500
3.617,-4.757,8.500
3.669,-4.786,8.500
3.993,-5.166,8.500
4.008,-5.144,8.500
4.033,-5.134,8.500
3.766,-4.755,8.500
3.756,-4.706,8.500
3.803,-4.726,8.500
3.799,-4.683,8.500
3.800,-4.647,8.500
3.853,-4.674,8.500
3.860,-4.645,8.500
4.136,-4.937,8.500
3.902,-4.621,8.500
3.902,-4.585,8.500
4.272,-4.979,8.500
3.944,-4.561,8.500
4.290,-4.922,8.500
3.980,-4.530,8.500
3.986,-4.501,8.500
3.985,-4.465,8.500
4.033,-4.483,8.500
4.386,-4.836,8.500
4.410,-4.825,8.500
4.080,-4.428,8.500
4.109,-4.425,8.500
4.456,-4.761,8.500
4.131,-4.380,8.500
4.149,-4.364,8.500
4.141,-4.321,8.500
4.195,-4.344,8.500
4.181,-4.295,8.500
4.210,-4.291,8.500
4.221,-4.268,8.500
4.614,-4.630,8.500
4.616,-4.595,8.500
4.277,-4.225,8.500
4.281,-4.195,8.500
4.323,-4.204,8.500
4.327,-4.174,8.500
4.356,-4.169,8.500
4.353,-4.134,8.500
4.376,-4.123,8.500
4.398,-4.112,8.500
4.408,-4.088,8.500
4.816,-4.432,8.500
4.440,-4.053,8.500
4.469,-4.048,8.500
4.472,-4.018,8.500
4.879,-4.350,8.500
4.517,-3.995,8.500
4.532,-3.977,8.500
4.918,-4.282,8.500
4.941,-4.268,8.500
4.558,-3.906,8.500
4.974,-4.229,8.500
4.589,-3.870,8.500
4.618,-3.864,8.500
5.036,-4.180,8.500
4.641,-3.821,8.500
4.663,-3.809,8.500
4.664,-3.779,8.500
4.686,-3.767,8.500
5.105,-4.070,8.500
4.736,-3.746,8.500
4.730,-3.711,8.500
4.730,-3.681,8.500
4.766,-3.679,8.500
4.773,-3.655,8.500
4.795,-3.642,8.500
4.838,-3.644,8.500
4.831,-3.609,8.500
4.837,-3.585,8.500
4.844,-3.561,8.500
5.314,-3.874,8.500
5.284,-3.820,8.500
4.901,-3.514,8.500
4.892,-3.479,8.500
4.891,-3.449,8.500
4.934,-3.451,8.500
4.933,-3.421,8.500
4.969,-3.417,8.500
4.967,-3.387,8.500
4.980,-3.368,8.500
5.001,-3.353,8.500
5.014,-3.333,8.500
5.035,-3.318,8.500
5.040,-3.294,8.500
5.459,-3.537,8.500
5.058,-3.249,8.500
5.079,-3.234,8.500
5.099,-3.219,8.500
5.050,-3.160,8.500
5.541,-3.437,8.500
5.137,-3.159,8.500
5.149,-3.138,8.500
5.123,-3.095,8.500
5.158,-3.089,8.500
5.147,-3.054,8.500
5.579,-3.282,8.500
5.171,-3.014,8.500
5.214,-3.012,8.500
5.218,-2.987,8.500
5.206,-2.953,8.500
5.249,-2.950,8.500
5.253,-2.925,8.500
5.702,-3.146,8.500
5.722,-3.128,8.500
5.310,-2.876,8.500
5.298,-2.842,8.500
5.325,-2.830,8.500
5.328,-2.805,8.500
5.782,-3.015,8.500
5.808,-2.999,8.500
5.353,-2.737,8.500
5.387,-2.729,8.500
5.374,-2.695,8.500
5.385,-2.674,8.500
5.395,-2.653,8.500
5.486,-2.671,8.500
5.416,-2.610,8.500
5.506,-2.628,8.500
5.436,-2.568,8.500
5.405,-2.527,8.500
5.456,-2.525,8.500
5.993,-2.745,8.500
5.573,-2.526,8.500
5.559,-2.493,8.500
5.577,-2.475,8.500
5.586,-2.453,8.500
5.580,-2.424,8.500
5.630,-2.420,8.500
5.607,-2.384,8.500
5.600,-2.355,8.500
5.625,-2.340,8.500
5.618,-2.311,8.500
5.627,-2.289,8.500
6.130,-2.465,8.500
5.653,-2.248,8.500
5.662,-2.225,8.500
6.173,-2.399,8.500
5.720,-2.197,8.500
5.688,-2.159,8.500
6.179,-2.317,8.500
5.721,-2.120,8.500
5.721,-2.094,8.500
6.199,-2.242,8.500
5.729,-2.046,8.500
5.754,-2.030,8.500
6.240,-2.174,8.500
5.711,-1.964,8.500
5.760,-1.956,8.500
6.228,-2.088,8.500
5.784,-1.914,8.500
5.766,-1.883,8.500
6.282,-2.024,8.500
5.798,-1.843,8.500
5.813,-1.822,8.500
5.804,-1.794,8.500
5.836,-1.779,8.500
5.826,-1.751,8.500
5.824,-1.726,8.500
5.814,-1.698,8.500
5.821,-1.675,8.500
5.853,-1.659,8.500
5.825,-1.627,8.500
5.857,-1.611,8.500
6.347,-1.719,8.500
5.878,-1.567,8.500
5.859,-1.537,8.500
6.367,-1.644,8.500
5.896,-1.498,8.500
5.911,-1.477,8.500
5.865,-1.441,8.500
5.896,-1.424,8.500
5.893,-1.399,8.500
5.899,-1.376,8.500
5.939,-1.360,8.500
5.953,-1.339,8.500
5.949,-1.314,8.500
5.963,-1.292,8.500
5.942,-1.263,8.500
6.506,-1.357,8.500
5.986,-1.224,8.500
6.043,-1.210,8.500
5.996,-1.177,8.500
5.992,-1.151,8.500
6.524,-1.227,8.500
5.983,-1.101,8.500
5.996,-1.079,8.500
6.508,-1.145,8.500
6.039,-1.038,8.500
5.991,-1.005,8.500
6.323,-1.036,8.500
6.085,-0.972,8.500
6.011,-0.936,8.500
6.228,-0.945,8.500
6.010,-0.887,8.500
6.031,-0.866,8.500
6.051,-0.845,8.500
6.028,-0.818,8.500
6.058,-0.798,8.500
6.026,-0.769,8.500
6.020,-0.744,8.500
6.049,-0.724,8.500
6.070,-0.702,8.500
6.081,-0.679,8.500
6.049,-0.652,8.500
6.069,-0.630,8.500
6.045,-0.603,8.500
6.003,-0.575,8.500
6.031,-0.554,8.500
5.998,-0.527,8.500
6.089,-0.511,8.500
6.064,-0.485,8.500
5.949,-0.452,8.500
6.032,-0.435,8.500
6.016,-0.410,8.500
5.973,-0.383,8.500
6.564,-0.396,8.500
6.020,-0.339,8.500
6.004,-0.314,8.500
6.014,-0.291,8.500
6.530,-0.291,8.500
5.944,-0.241,8.500
5.972,-0.219,8.500
6.018,-0.197,8.500
6.028,-0.173,8.500
6.046,-0.150,8.500
6.503,-0.136,8.500
6.047,-0.103,8.500
6.021,-0.078,8.500
6.374,-0.058,8.500
6.003,-0.031,8.500
6.308,-0.008,8.500
6.021,0.016,8.500
6.012,0.040,8.500
6.623,0.070,8.500
5.865,0.085,9.000
6.109,0.112,9.000
6.046,0.135,9.000
6.090,0.160,9.000
6.098,0.184,9.000
6.080,0.208,9.000
6.088,0.232,9.000
6.602,0.277,9.000
5.988,0.275,9.000
5.996,0.299,9.000
6.365,0.343,9.000
6.170,0.356,9.000
6.019,0.371,9.000
6.088,0.400,9.000
6.489,0.452,9.000
5.996,0.441,9.000
6.030,0.467,9.000
5.938,0.484,9.000
6.088,0.520,9.000
5.979,0.534,9.000
6.092,0.569,9.000
5.948,0.579,9.000
5.972,0.605,9.000
5.952,0.626,9.000
6.498,0.710,9.000
6.511,0.737,9.000
6.007,0.704,9.000
6.074,0.736,9.000
6.549,0.819,9.000
5.980,0.772,9.000
5.977,0.796,9.000
5.965,0.818,9.000
5.953,0.840,9.000
5.967,0.866,9.000
5.955,0.888,9.000
5.934,0.909,9.000
5.921,0.931,9.000
6.508,1.049,9.000
5.932,0.980,9.000
5.901,0.999,9.000
5.941,1.030,9.000
5.955,1.056,9.000
5.960,1.081,9.000
6.474,1.201,9.000
5.933,1.125,9.000
5.981,1.158,9.000
5.915,1.170,9.000
5.955,1.202,9.000
5.993,1.234,9.000
5.980,1.256,9.000
5.879,1.259,9.000
5.978,1.305,9.000
6.007,1.336,9.000
5.846,1.324,9.000
5.980,1.379,9.000
5.931,1.392,9.000
5.917,1.414,9.000
6.390,1.553,9.000
5.932,1.466,9.000
5.909,1.485,9.000
6.364,1.626,9.000
6.395,1.661,9.000
5.865,1.548,9.000
5.876,1.576,9.000
5.904,1.608,9.000
5.880,1.627,9.000
5.797,1.628,9.000
5.876,1.675,9.000
5.852,1.693,9.000
6.264,1.839,9.000
6.333,1.886,9.000
5.857,1.770,9.000
5.817,1.783,9.000
6.287,1.954,9.000
5.802,1.828,9.000
5.829,1.862,9.000
5.796,1.876,9.000
5.780,1.896,9.000
5.748,1.911,9.000
5.765,1.942,9.000
5.749,1.962,9.000
5.970,2.063,9.000
6.251,2.188,9.000
6.221,2.205,9.000
5.743,2.061,9.000
5.726,2.080,9.000
6.150,2.261,9.000
5.710,2.125,9.000
5.701,2.148,9.000
5.651,2.154,9.000
5.684,2.192,9.000
5.708,2.227,9.000
5.667,2.237,9.000
5.658,2.259,9.000
5.657,2.285,9.000
6.110,2.495,9.000
5.598,2.312,9.000
5.606,2.341,9.000
6.066,2.561,9.000
5.619,2.399,9.000
5.586,2.410,9.000
5.600,2.443,9.000
5.607,2.472,9.000
5.549,2.472,9.000
5.563,2.505,9.000
5.545,2.523,9.000
5.527,2.541,9.000
5.935,2.757,9.000
5.579,2.618,9.000
5.537,2.625,9.000
5.526,2.647,9.000
5.891,2.850,9.000
5.458,2.667,9.000
5.415,2.673,9.000
5.437,2.710,9.000
5.442,2.739,9.000
5.407,2.748,9.000
5.397,2.770,9.000
5.433,2.815,9.000
5.414,2.833,9.000
5.371,2.837,9.000
5.823,3.105,9.000
5.380,2.896,9.000
5.345,2.905,9.000
5.342,2.930,9.000
5.322,2.947,9.000
5.303,2.963,9.000
5.638,3.179,9.000
5.295,3.013,9.000
5.283,3.034,9.000
5.248,3.042,9.000
5.244,3.067,9.000
5.650,3.334,9.000
5.637,3.356,9.000
5.154,3.096,9.000
5.180,3.140,9.000
5.205,3.183,9.000
5.147,3.175,9.000
5.180,3.224,9.000
5.115,3.211,9.000
5.132,3.250,9.000
5.104,3.261,9.000
5.136,3.310,9.000
5.540,3.601,9.000
5.028,3.296,9.000
5.104,3.375,9.000
5.047,3.365,9.000
5.048,3.395,9.000
5.429,3.683,9.000
5.021,3.435,9.000
4.986,3.439,9.000
4.987,3.469,9.000
4.973,3.488,9.000
4.916,3.477,9.000
4.931,3.517,9.000
4.932,3.547,9.000
4.889,3.545,9.000
4.911,3.591,9.000
4.882,3.599,9.000
4.882,3.629,9.000
4.868,3.648,9.000
4.868,3.678,9.000
4.860,3.703,9.000
4.832,3.711,9.000
4.768,3.692,9.000
5.140,4.012,9.000
4.767,3.751,9.000
4.752,3.770,9.000
4.758,3.805,9.000
4.729,3.813,9.000
4.700,3.820,9.000
5.081,4.162,9.000
4.677,3.862,9.000
4.662,3.881,9.000
4.640,3.893,9.000
5.015,4.242,9.000
4.742,4.043,9.000
4.600,3.954,9.000
4.571,3.960,9.000
4.942,4.315,9.000
4.553,4.008,9.000
4.538,4.025,9.000
4.813,4.304,9.000
4.519,4.073,9.000
4.496,4.085,9.000
4.480,4.102,9.000
4.431,4.089,9.000
4.454,4.143,9.000
4.792,4.492,9.000
4.363,4.123,9.000
4.386,4.177,9.000
4.395,4.219,9.000
4.353,4.211,9.000
4.714,4.597,9.000
4.339,4.264,9.000
4.303,4.262,9.000
4.293,4.286,9.000
4.282,4.309,9.000
4.296,4.357,9.000
4.242,4.336,9.000
4.256,4.384,9.000
4.495,4.668,9.000
4.184,4.379,9.000
4.179,4.409,9.000
4.180,4.444,9.000
4.132,4.428,9.000
4.109,4.438,9.000
4.109,4.474,9.000
4.430,4.860,9.000
4.156,4.597,9.000
4.045,4.509,9.000
4.027,4.524,9.000
4.003,4.534,9.000
4.323,4.935,9.000
3.967,4.565,9.000
3.949,4.580,9.000
4.290,5.015,9.000
4.049,4.771,9.000
3.912,4.647,9.000
3.883,4.649,9.000
4.196,5.064,9.000
3.857,4.693,9.000
3.816,4.680,9.000
3.820,4.723,9.000
3.785,4.717,9.000
3.800,4.774,9.000
3.742,4.740,9.000
3.757,4.796,9.000
3.732,4.804,9.000
3.708,4.812,9.000
3.689,4.826,9.000
3.675,4.848,9.000
3.651,4.855,9.000
3.913,5.246,9.000
3.623,4.898,9.000
3.572,4.869,9.000
3.883,5.336,9.000
3.550,4.919,9.000
3.814,5.328,9.000
3.516,4.954,9.000
3.744,5.319,9.000
3.467,4.967,9.000
3.447,4.980,9.000
3.761,5.480,9.000
3.413,5.014,9.000
3.388,5.020,9.000
3.644,5.446,9.000
3.344,5.039,9.000
3.329,5.060,9.000
3.324,5.095,9.000
3.284,5.079,9.000
3.279,5.114,9.000
3.259,5.127,9.000
3.243,5.147,9.000
3.213,5.145,9.000
3.198,5.165,9.000
3.173,5.170,9.000
3.185,5.235,9.000
3.137,5.202,9.000
3.103,5.191,9.000
3.105,5.242,9.000
3.075,5.239,9.000
3.050,5.243,9.000
3.288,5.704,9.000
3.018,5.282,9.000
2.993,5.286,9.000
2.972,5.298,9.000
2.942,5.294,9.000
2.930,5.321,9.000
2.901,5.317,9.000
3.130,5.792,9.000
2.859,5.340,9.000
2.846,5.367,9.000
3.051,5.808,9.000
2.820,5.420,9.000
2.762,5.360,9.000
2.769,5.427,9.000
2.736,5.414,9.000
2.695,5.384,9.000
2.701,5.451,9.000
2.664,5.430,9.000
2.651,5.456,9.000
2.819,5.862,9.000
2.807,5.895,9.000
2.586,5.487,9.000
2.576,5.521,9.000
2.547,5.515,9.000
2.521,5.517,9.000
2.496,5.519,9.000
2.667,5.959,9.000
2.467,5.571,9.000
2.427,5.540,9.000
2.395,5.524,9.000
2.595,6.051,9.000
2.382,5.617,9.000
2.347,5.593,9.000
2.517,6.067,9.000
2.496,6.084,9.000
2.281,5.621,9.000
2.262,5.638,9.000
2.233,5.630,9.000
2.221,5.664,9.000
2.208,5.697,9.000
2.163,5.648,9.000
2.166,5.723,9.000
2.131,5.698,9.000
2.112,5.715,9.000
2.261,6.192,9.000
2.076,5.756,9.000
2.036,5.714,9.000
2.124,6.037,9.000
2.158,6.212,9.000
1.994,5.813,9.000
1.960,5.787,9.000
2.087,6.244,9.000
1.911,5.794,9.000
1.883,5.785,9.000
2.035,6.335,9.000
1.848,5.833,9.000
1.804,5.773,9.000
1.792,5.814,9.000
1.772,5.829,9.000
1.890,6.307,9.000
1.716,5.809,9.000
1.715,5.892,9.000
1.687,5.882,9.000
1.654,5.854,9.000
1.646,5.912,9.000
1.606,5.859,9.000
1.585,5.873,9.000
1.560,5.871,9.000
1.541,5.894,9.000
1.503,5.840,9.000
1.499,5.923,9.000
1.472,5.912,9.000
1.560,6.372,9.000
1.540,6.401,9.000
1.394,5.894,9.000
1.379,5.934,9.000
1.363,5.974,9.000
1.330,5.936,9.000
1.316,5.985,9.000
1.293,5.990,9.000
1.264,5.969,9.000
1.340,6.454,9.000
1.315,6.459,9.000
1.190,5.966,9.000
1.168,5.979,9.000
1.141,5.967,9.000
1.110,5.927,9.000
1.099,6.001,9.000
1.097,6.126,9.000
1.052,6.010,9.000
1.024,5.988,9.000
1.088,6.517,9.000
0.984,6.039,9.000
0.959,6.034,9.000
0.931,6.012,9.000
0.910,6.033,9.000
0.878,5.984,9.000
0.930,6.510,9.000
0.904,6.514,9.000
0.881,6.533,9.000
0.795,6.076,9.000
0.764,6.026,9.000
0.739,6.021,9.000
0.717,6.032,9.000
0.688,5.991,9.000
0.670,6.047,9.000
0.642,6.005,9.000
0.622,6.043,9.000
0.596,6.027,9.000
0.573,6.039,9.000
0.558,6.129,9.000
0.576,6.621,9.000
0.511,6.150,9.000
0.524,6.618,9.000
0.461,6.137,9.000
0.437,6.130,9.000
0.413,6.140,9.000
0.387,6.107,9.000
0.362,6.099,9.000
0.341,6.153,9.000
0.316,6.128,9.000
0.289,6.086,9.000
0.268,6.148,9.000
0.242,6.088,9.000
0.219,6.133,9.000
0.212,6.651,9.000
0.171,6.117,9.000
0.146,6.108,9.000
0.123,6.135,9.000
0.098,6.100,9.000
0.075,6.153,9.000
0.051,6.136,9.000
0.026,6.057,9.000
0.002,6.066,9.000
-0.022,6.066,9.000
-0.046,6.101,9.000
-0.070,6.110,9.000
-0.093,6.065,9.000
-0.117,6.065,9.000
-0.140,6.028,9.000
-0.165,6.081,9.000
-0.189,6.081,9.000
-0.213,6.098,9.000
-0.237,6.088,9.000
-0.260,6.060,9.000
-0.307,6.569,9.000
-0.306,6.022,9.000
-0.331,6.057,9.000
-0.355,6.055,9.000
-0.380,6.072,9.000
-0.404,6.070,9.000
-0.428,6.077,9.000
-0.449,6.040,9.000
-0.473,6.038,9.000
-0.506,6.142,9.000
-0.522,6.052,9.000
-0.544,6.032,9.000
-0.616,6.539,9.000
-0.610,6.210,9.000
-0.616,6.034,9.000
-0.639,6.023,9.000
-0.662,6.012,9.000
-0.688,6.036,9.000
-0.708,5.997,9.000
-0.734,6.012,9.000
-0.761,6.036,9.000
-0.785,6.042,9.000
-0.806,6.012,9.000
-0.829,6.009,9.000
-0.928,6.534,9.000
-0.949,6.499,9.000
-0.907,6.042,9.000
-0.928,6.021,9.000
-1.024,6.480,9.000
-0.973,6.005,9.000
-0.997,6.001,9.000
-1.022,6.006,9.000
-1.046,6.002,9.000
-1.086,6.093,9.000
-1.098,6.020,9.000
-1.123,6.024,9.000
-1.230,6.460,9.000
-1.168,6.006,9.000
-1.187,5.976,9.000
-1.275,6.288,9.000
-1.338,6.471,9.000
-1.254,5.944,9.000
-1.281,5.956,9.000
-1.306,5.960,9.000
-1.322,5.920,9.000
-1.353,5.949,9.000
-1.376,5.944,9.000
-1.507,6.393,9.000
-1.423,5.933,9.000
-1.446,5.927,9.000
-1.465,5.905,9.000
-1.490,5.907,9.000
-1.516,5.910,9.000
-1.555,5.963,9.000
-1.560,5.889,9.000
-1.711,6.358,9.000
-1.609,5.885,9.000
-1.632,5.879,9.000
-1.652,5.864,9.000
-1.683,5.883,9.000
-1.840,6.338,9.000
-1.721,5.844,9.000
-1.744,5.837,9.000
-1.777,5.864,9.000
-1.788,5.815,9.000
-1.810,5.808,9.000
-1.846,5.843,9.000
-1.982,6.187,9.000
-1.884,5.803,9.000
-2.068,6.284,9.000
-1.944,5.830,9.000
-1.947,5.764,9.000
-2.134,6.237,9.000
-2.001,5.773,9.000
-2.026,5.774,9.000
-2.052,5.774,9.000
-2.060,5.724,9.000
-2.088,5.733,9.000
-2.114,5.733,9.000
-2.139,5.733,9.000
-2.168,5.741,9.000
-2.172,5.683,9.000
-2.194,5.674,9.000
-2.223,5.682,9.000
-2.242,5.665,9.000
-2.453,6.127,9.000
-2.309,5.704,9.000
-2.305,5.630,9.000
-2.327,5.621,9.000
-2.363,5.644,9.000
-2.371,5.602,9.000
-2.400,5.609,9.000
-2.412,5.575,9.000
-2.641,6.040,9.000
-2.484,5.621,9.000
-2.481,5.555,9.000
-2.510,5.561,9.000
-2.528,5.543,9.000
-2.539,5.509,9.000
-2.572,5.523,9.000
-2.593,5.513,9.000
-2.619,5.511,9.000
-2.689,5.602,9.000
-2.900,5.980,9.000
-2.660,5.432,9.000
-2.685,5.429,9.000
-2.925,5.855,9.000
-2.720,5.392,9.000
-2.992,5.874,9.000
-2.782,5.410,9.000
-2.754,5.303,9.000
-2.882,5.496,9.000
-2.800,5.290,9.000
-2.846,5.326,9.000
-2.888,5.354,9.000
-2.939,5.397,9.000
-2.887,5.253,9.000
-2.916,5.257,9.000
-3.193,5.704,9.000
-3.015,5.335,9.000
-3.031,5.315,9.000
-3.021,5.250,9.000
-3.019,5.199,9.000
-3.285,5.605,9.000
-3.074,5.198,9.000
-3.117,5.224,9.000
-3.363,5.587,9.000
-3.167,5.215,9.000
-3.192,5.210,9.000
-3.208,5.190,9.000
-3.480,5.580,9.000
-3.239,5.150,9.000
-3.264,5.144,9.000
-3.275,5.116,9.000
-3.290,5.096,9.000
-3.358,5.157,9.000
-3.330,5.070,9.000
-3.365,5.079,9.000
-3.658,5.475,9.000
-3.409,5.060,9.000
-3.587,5.279,9.000
-3.474,5.069,9.000
-3.438,4.975,9.000
-3.493,5.013,9.000
-3.493,4.970,9.000
-3.517,4.964,9.000
-3.552,4.971,9.000
-3.863,5.361,9.000
-3.576,4.922,9.000
-3.584,4.893,9.000
-3.883,5.258,9.000
-3.607,4.844,9.000
-3.653,4.865,9.000
-3.677,4.858,9.000
-3.701,4.850,9.000
-3.742,4.864,9.000
-3.734,4.814,9.000
-3.785,4.841,9.000
-3.761,4.771,9.000
-3.785,4.763,9.000
-3.798,4.741,9.000
-3.828,4.740,9.000
-3.841,4.718,9.000
-3.831,4.668,9.000
-3.866,4.674,9.000
-4.222,5.063,9.000
-3.920,4.664,9.000
-3.898,4.601,9.000
-4.198,4.916,9.000
-3.958,4.597,9.000
-4.315,4.973,9.000
-3.982,4.552,9.000
-4.017,4.557,9.000
-4.006,4.507,9.000
-4.248,4.742,9.000
-4.412,4.887,9.000
-4.076,4.480,9.000
-4.106,4.477,9.000
-4.118,4.454,9.000
-4.135,4.438,9.000
-4.545,4.839,9.000
-4.218,4.457,9.000
-4.254,4.459,9.000
-4.259,4.430,9.000
-4.271,4.407,9.000
-4.294,4.396,9.000
-4.630,4.703,9.000
-4.328,4.362,9.000
-4.327,4.327,9.000
-4.369,4.334,9.000
-4.386,4.317,9.000
-4.384,4.281,9.000
-4.762,4.614,9.000
-4.379,4.210,9.000
-4.453,4.247,9.000
-4.588,4.342,9.000
-4.474,4.200,9.000
-4.863,4.530,9.000
-4.532,4.189,9.000
-4.529,4.153,9.000
-4.922,4.478,9.000
-4.939,4.459,9.000
-4.571,4.094,9.000
-4.594,4.082,9.000
-4.968,4.380,9.000
-4.586,4.011,9.000
-4.648,4.033,9.000
-4.651,4.003,9.000
-4.660,3.979,9.000
-4.689,3.972,9.000
-4.718,3.965,9.000
-4.706,3.924,9.000
-4.742,3.922,9.000
-4.784,3.926,9.000
-4.759,3.874,9.000
-5.177,4.180,9.000
-4.796,3.842,9.000
-4.818,3.828,9.000
-5.196,4.095,9.000
-4.841,3.785,9.000
-4.863,3.771,9.000
-5.274,4.057,9.000
-5.015,3.826,9.000
-5.306,4.015,9.000
-4.929,3.700,9.000
-4.908,3.654,9.000
-5.328,3.934,9.000
-5.356,3.922,9.000
-4.986,3.622,9.000
-5.021,3.617,9.000
-4.965,3.547,9.000
-4.957,3.512,9.000
-4.912,3.451,9.000
-5.020,3.498,9.000
-4.998,3.453,9.000
-5.019,3.438,9.000
-5.010,3.404,9.000
-5.038,3.394,9.000
-5.462,3.648,9.000
-5.072,3.359,9.000
-5.078,3.334,9.000
-5.485,3.571,9.000
-5.119,3.304,9.000
-5.102,3.265,9.000
-5.520,3.502,9.000
-5.560,3.497,9.000
-5.140,3.204,9.000
-5.168,3.193,9.000
-5.172,3.168,9.000
-5.200,3.157,9.000
-5.580,3.358,9.000
-5.217,3.112,9.000
-5.275,3.118,9.000
-5.264,3.084,9.000
-5.707,3.314,9.000
-5.319,3.060,9.000
-5.293,3.018,9.000
-5.304,2.997,9.000
-5.759,3.224,9.000
-5.343,2.964,9.000
-5.370,2.951,9.000
-5.366,2.921,9.000
-5.370,2.896,9.000
-5.381,2.875,9.000
-5.385,2.850,9.000
-5.372,2.816,9.000
-5.407,2.807,9.000
-5.876,3.022,9.000
-5.421,2.761,9.000
-5.440,2.743,9.000
-5.848,2.920,9.000
-5.508,2.724,9.000
-5.488,2.687,9.000
-5.699,2.763,9.000
-5.501,2.640,9.000
-5.511,2.618,9.000
-5.529,2.600,9.000
-5.515,2.567,9.000
-5.589,2.575,9.000
-6.012,2.741,9.000
-5.553,2.506,9.000
-5.555,2.480,9.000
-6.051,2.673,9.000
-5.631,2.461,9.000
-5.592,2.418,9.000
-5.601,2.396,9.000
-5.635,2.384,9.000
-5.596,2.342,9.000
-5.654,2.340,9.000
-5.638,2.308,9.000
-5.614,2.272,9.000
-6.359,2.545,9.000
-5.665,2.241,9.000
-5.682,2.222,9.000
-5.683,2.197,9.000
-5.691,2.174,9.000
-5.700,2.152,9.000
-5.716,2.133,9.000
-5.733,2.113,9.000
-5.733,2.088,9.000
-5.724,2.059,9.000
-6.167,2.191,9.000
-5.757,2.020,9.000
-5.757,1.994,9.000
-5.765,1.972,9.000
-5.781,1.952,9.000
-5.788,1.929,9.000
-5.813,1.912,9.000
-5.803,1.884,9.000
-5.794,1.855,9.000
-6.293,1.988,9.000
-5.800,1.807,9.000
-5.824,1.790,9.000
-5.831,1.767,9.000
-6.294,1.880,9.000
-5.844,1.721,9.000
-5.834,1.693,9.000
-5.832,1.668,9.000
-5.839,1.645,9.000
-5.888,1.633,9.000
-5.877,1.606,9.000
-5.806,1.562,9.000
-6.372,1.687,9.000
-5.904,1.539,9.000
-5.867,1.504,9.000
-5.873,1.481,9.000
-5.887,1.460,9.000
-6.389,1.558,9.000
-5.907,1.416,9.000
-5.904,1.391,9.000
-5.936,1.374,9.000
-5.941,1.350,9.000
-5.929,1.323,9.000
-5.925,1.298,9.000
-6.304,1.355,9.000
-5.996,1.264,9.000
-5.975,1.235,9.000
-5.962,1.208,9.000
-5.950,1.181,9.000
-5.980,1.163,9.000
-6.476,1.233,9.000
-5.963,1.111,9.000
-5.994,1.092,9.000
-6.443,1.148,9.000
-5.967,1.039,9.000
-6.006,1.022,9.000
-6.054,1.005,9.000
-5.970,0.967,9.000
-6.503,1.027,9.000
-6.492,0.999,9.000
-5.999,0.899,9.000
-5.976,0.872,9.000
-6.041,0.857,9.000
-6.000,0.827,9.000
-6.495,0.870,9.000
-6.094,0.792,9.000
-6.036,0.760,9.000
-6.582,0.803,9.000
-6.050,0.714,9.000
-6.062,0.691,9.000
-6.056,0.666,9.000
-6.067,0.643,9.000
-6.542,0.668,9.000
-6.584,0.646,9.000
-6.066,0.571,9.000
-6.455,0.582,9.000
-6.043,0.521,9.000
-6.045,0.497,9.000
-6.074,0.475,9.000
-6.137,0.456,9.000
-6.024,0.424,9.000
-6.616,0.439,9.000
-6.107,0.382,9.000
-6.064,0.355,9.000
-6.075,0.332,9.000
-6.424,0.325,9.000
-6.121,0.286,9.000
-6.096,0.261,9.000
-6.079,0.236,9.000
-6.106,0.213,9.000
-6.107,0.189,9.000
-6.090,0.165,9.000
-6.100,0.141,9.000
-6.091,0.117,9.000
-6.092,0.093,9.000
-6.118,0.069,9.000
-6.075,0.045,9.000
-6.084,0.021,9.000
-6.154,-0.003,9.000
-6.092,-0.027,9.000
-6.066,-0.051,9.000
-6.101,-0.075,9.000
-6.083,-0.098,9.000
-6.100,-0.123,9.000
-6.099,-0.147,9.000
-6.108,-0.171,9.000
-6.107,-0.195,9.000
-6.106,-0.219,9.000
-6.345,-0.252,9.000
-6.060,-0.265,9.000
-6.086,-0.290,9.000
-6.049,-0.312,9.000
-6.109,-0.339,9.000
-6.082,-0.362,9.000
-6.063,-0.385,9.000
-6.087,-0.410,9.000
-6.528,-0.466,9.000
-6.110,-0.460,9.000
-6.065,-0.480,9.000
-6.554,-0.545,9.000
-6.052,-0.527,9.000
-6.076,-0.554,9.000
-6.789,-0.645,9.000
-6.072,-0.601,9.000
-6.069,-0.625,9.000
-6.075,-0.650,9.000
-6.567,-0.729,9.000
-6.088,-0.700,9.000
-6.569,-0.781,9.000
-6.047,-0.743,9.000
-6.547,-0.831,9.000
-6.513,-0.852,9.000
-6.003,-0.810,9.000
-6.521,-0.906,9.000
-6.040,-0.863,9.000
-6.028,-0.885,9.000
-5.989,-0.904,9.000
-6.021,-0.933,9.000
-6.026,-0.958,9.000
-5.978,-0.974,9.000
-6.035,-1.008,9.000
-5.944,-1.017,9.000
-5.931,-1.039,9.000
-5.918,-1.060,9.000
-6.036,-1.106,9.000
-6.417,-1.202,9.000
-5.914,-1.132,9.000
-6.384,-1.248,9.000
-5.949,-1.187,9.000
-5.891,-1.199,9.000
-6.377,-1.324,9.000
-5.882,-1.246,9.000
-5.894,-1.273,9.000
-5.898,-1.298,9.000
-5.849,-1.311,9.000
-5.870,-1.340,9.000
-5.873,-1.365,9.000
-5.851,-1.384,9.000
-5.854,-1.409,9.000
-6.364,-1.559,9.000
-5.843,-1.455,9.000
-5.846,-1.480,9.000
-5.822,-1.499,9.000
-5.808,-1.519,9.000
-6.317,-1.679,9.000
-5.787,-1.562,9.000
-5.841,-1.602,9.000
-5.809,-1.618,9.000
-5.794,-1.638,9.000
-5.796,-1.663,9.000
-5.815,-1.693,9.000
-6.246,-1.846,9.000
-5.802,-1.739,9.000
-5.769,-1.754,9.000
-6.246,-1.926,9.000
-5.747,-1.797,9.000
-6.193,-1.963,9.000
-5.775,-1.855,9.000
-5.734,-1.867,9.000
-6.207,-2.048,9.000
-5.753,-1.923,9.000
-5.728,-1.940,9.000
-6.190,-2.124,9.000
-5.721,-1.988,9.000
-5.697,-2.005,9.000
-5.655,-2.015,9.000
-5.655,-2.040,9.000
-5.639,-2.059,9.000
-5.647,-2.088,9.000
-5.631,-2.107,9.000
-5.681,-2.151,9.000
-6.104,-2.339,9.000
-5.606,-2.173,9.000
-6.085,-2.387,9.000
-5.613,-2.227,9.000
-5.588,-2.242,9.000
-5.637,-2.288,9.000
-5.578,-2.290,9.000
-5.528,-2.294,9.000
-5.552,-2.330,9.000
-5.543,-2.352,9.000
-5.525,-2.370,9.000
-5.516,-2.392,9.000
-5.684,-2.491,9.000
-5.522,-2.446,9.000
-5.479,-2.453,9.000
-5.615,-2.540,9.000
-5.533,-2.529,9.000
-6.006,-2.774,9.000
-5.995,-2.797,9.000
-5.543,-2.613,9.000
-5.492,-2.616,9.000
-5.498,-2.645,9.000
-5.488,-2.667,9.000
-5.461,-2.680,9.000
-5.451,-2.702,9.000
-5.464,-2.735,9.000
-5.437,-2.749,9.000
-5.418,-2.766,9.000
-5.408,-2.787,9.000
-5.854,-3.047,9.000
-5.842,-3.070,9.000
-5.374,-2.851,9.000
-5.363,-2.872,9.000
-5.367,-2.901,9.000
-5.356,-2.922,9.000
-5.305,-2.922,9.000
-5.333,-2.964,9.000
-5.275,-2.959,9.000
-5.278,-2.989,9.000
-5.676,-3.243,9.000
-5.262,-3.034,9.000
-5.243,-3.051,9.000
-5.231,-3.071,9.000
-5.188,-3.074,9.000
-5.184,-3.098,9.000
-5.270,-3.178,9.000
-5.235,-3.185,9.000
-5.664,-3.477,9.000
-5.195,-3.217,9.000
-5.219,-3.261,9.000
-5.221,-3.290,9.000
-5.171,-3.287,9.000
-5.173,-3.317,9.000
-5.182,-3.352,9.000
-5.346,-3.488,9.000
-5.533,-3.641,9.000
-5.120,-3.398,9.000
-5.504,-3.684,9.000
-5.483,-3.701,9.000
-5.007,-3.408,9.000
-5.008,-3.438,9.000
-4.987,-3.453,9.000
-4.974,-3.472,9.000
-4.982,-3.507,9.000
-4.953,-3.516,9.000
-5.032,-3.602,9.000
-4.918,-3.550,9.000
-4.912,-3.575,9.000
-5.302,-3.891,9.000
-4.869,-3.603,9.000
-4.905,-3.659,9.000
-4.883,-3.673,9.000
-4.840,-3.670,9.000
-5.224,-3.994,9.000
-4.818,-3.714,9.000
-4.797,-3.727,9.000
-5.057,-3.961,9.000
-4.760,-3.759,9.000
-4.773,-3.800,9.000
-4.724,-3.791,9.000
-4.716,-3.815,9.000
-4.687,-3.822,9.000
-4.686,-3.852,9.000
-5.070,-4.201,9.000
-4.689,-3.917,9.000
-4.647,-3.913,9.000
-4.625,-3.925,9.000
-4.636,-3.966,9.000
-4.600,-3.967,9.000
-4.564,-3.968,9.000
-4.562,-3.997,9.000
-4.540,-4.009,9.000
-4.537,-4.039,9.000
-4.901,-4.397,9.000
-4.538,-4.104,9.000
-4.509,-4.110,9.000
-4.831,-4.439,9.000
-4.464,-4.133,9.000
-4.441,-4.145,9.000
-4.431,-4.168,9.000
-4.434,-4.204,9.000
-4.405,-4.209,9.000
-4.401,-4.239,9.000
-4.701,-4.564,9.000
-4.355,-4.261,9.000
-4.332,-4.272,9.000
-4.642,-4.614,9.000
-4.310,-4.318,9.000
-4.611,-4.656,9.000
-4.276,-4.352,9.000
-4.253,-4.362,9.000
-4.248,-4.392,9.000
-4.231,-4.408,9.000
-4.195,-4.406,9.000
-4.190,-4.435,9.000
-4.173,-4.451,9.000
-4.484,-4.821,9.000
-4.113,-4.458,9.000
-4.462,-4.874,9.000
-4.108,-4.523,9.000
-4.078,-4.526,9.000
-4.393,-4.914,9.000
-4.066,-4.584,9.000
-4.088,-4.646,9.000
-4.001,-4.583,9.000
-4.326,-4.995,9.000
-3.976,-4.628,9.000
-3.952,-4.636,9.000
-4.262,-5.039,9.000
-3.944,-4.701,9.000
-3.897,-4.683,9.000
-4.197,-5.083,9.000
-3.883,-4.740,9.000
-3.836,-4.721,9.000
-4.132,-5.126,9.000
-3.810,-4.765,9.000
-3.780,-4.766,9.000
-3.756,-4.774,9.000
-3.748,-4.803,9.000
-3.724,-4.811,9.000
-4.019,-5.235,9.000
-3.691,-4.847,9.000
-3.688,-4.882,9.000
-3.653,-4.876,9.000
-3.655,-4.918,9.000
-3.599,-4.883,9.000
-3.606,-4.933,9.000
-3.587,-4.947,9.000
-3.562,-4.954,9.000
-3.522,-4.939,9.000
-3.523,-4.981,9.000
-3.508,-5.002,9.000
-3.468,-4.987,9.000
-3.454,-5.008,9.000
-3.449,-5.043,9.000
-3.682,-5.430,9.000
-3.400,-5.056,9.000
-3.644,-5.465,9.000
-3.369,-5.097,9.000
-3.340,-5.095,9.000
-3.344,-5.145,9.000
-3.328,-5.166,9.000
-3.279,-5.134,9.000
-3.254,-5.140,9.000
-3.234,-5.153,9.000
-3.445,-5.536,9.000
-3.217,-5.215,9.000
-3.117,-5.098,9.000
-3.384,-5.584,9.000
-3.105,-5.169,9.000
-3.080,-5.174,9.000
-3.073,-5.209,9.000
-3.048,-5.213,9.000
-3.023,-5.217,9.000
-2.998,-5.221,9.000
-2.978,-5.233,9.000
-2.966,-5.260,9.000
-2.932,-5.249,9.000
-2.916,-5.268,9.000
-3.258,-5.941,9.000
-2.879,-5.299,9.000
-2.849,-5.294,9.000
-3.075,-5.768,9.000
-2.816,-5.332,9.000
-2.782,-5.319,9.000
-2.774,-5.354,9.000
-2.970,-5.787,9.000
-2.736,-5.384,9.000
-2.711,-5.386,9.000
-2.905,-5.829,9.000
-2.664,-5.399,9.000
-2.615,-5.353,9.000
-2.843,-5.877,9.000
-2.604,-5.439,9.000
-2.790,-5.885,9.000
-2.558,-5.451,9.000
-2.532,-5.453,9.000
-2.730,-5.939,9.000
-2.490,-5.472,9.000
-2.479,-5.507,9.000
-2.450,-5.500,9.000
-2.640,-5.989,9.000
-2.407,-5.519,9.000
-2.396,-5.553,9.000
-2.363,-5.538,9.000
-2.551,-6.044,9.000
-2.320,-5.556,9.000
-2.473,-5.990,9.000
-2.471,-6.052,9.000
-2.257,-5.591,9.000
-2.406,-6.026,9.000
-2.204,-5.584,9.000
-2.188,-5.609,9.000
-2.163,-5.609,9.000
-2.160,-5.668,9.000
-2.304,-6.117,9.000
-2.103,-5.651,9.000
-2.081,-5.660,9.000
-2.052,-5.651,9.000
-2.207,-6.153,9.000
-2.014,-5.684,9.000
-1.983,-5.666,9.000
-2.137,-6.186,9.000
-1.944,-5.699,9.000
-1.916,-5.689,9.000
-2.062,-6.203,9.000
-1.874,-5.713,9.000
-1.859,-5.746,9.000
-1.831,-5.736,9.000
-1.806,-5.734,9.000
-1.786,-5.750,9.000
-1.774,-5.791,9.000
-1.736,-5.747,9.000
-1.718,-5.771,9.000
-1.716,-5.846,9.000
-1.668,-5.767,9.000
-1.645,-5.773,9.000
-1.756,-6.255,9.000
-1.612,-5.829,9.000
-1.577,-5.792,9.000
-1.693,-6.314,9.000
-1.541,-5.839,9.000
-1.511,-5.819,9.000
-1.618,-6.333,9.000
-1.470,-5.848,9.000
-1.440,-5.828,9.000
-1.426,-5.868,9.000
-1.392,-5.830,9.000
-1.506,-6.418,9.000
-1.354,-5.876,9.000
-1.441,-6.368,9.000
-1.326,-5.965,9.000
-1.297,-5.944,9.000
-1.253,-5.852,9.000
-1.239,-5.901,9.000
-1.210,-5.880,9.000
-1.189,-5.893,9.000
-1.169,-5.916,9.000
-1.142,-5.902,9.000
-1.119,-5.907,9.000
-1.099,-5.929,9.000
-1.078,-5.942,9.000
-1.053,-5.937,9.000
-1.026,-5.924,9.000
-1.009,-5.963,9.000
-1.065,-6.449,9.000
-0.958,-5.944,9.000
-1.006,-6.402,9.000
-0.989,-6.461,9.000
-0.886,-5.946,9.000
-0.864,-5.959,9.000
-0.845,-5.989,9.000
-0.813,-5.929,9.000
-0.861,-6.472,9.000
-0.772,-5.980,9.000
-0.747,-5.974,9.000
-0.782,-6.458,9.000
-0.700,-5.980,9.000
-0.676,-5.974,9.000
-0.648,-5.941,9.000
-0.626,-5.952,9.000
-0.646,-6.383,9.000
-0.581,-5.975,9.000
-0.560,-6.004,9.000
-0.577,-6.463,9.000
-0.513,-6.008,9.000
-0.488,-5.992,9.000
-0.464,-5.994,9.000
-0.442,-6.014,9.000
-0.418,-6.015,9.000
-0.393,-5.999,9.000
-0.370,-6.001,9.000
-0.345,-5.975,9.000
-0.323,-6.012,9.000
-0.300,-6.023,9.000
-0.275,-5.997,9.000
-0.251,-5.998,9.000
-0.248,-6.540,9.000
-0.205,-6.009,9.000
-0.181,-6.009,9.000
-0.156,-5.974,9.000
-0.134,-6.011,9.000
-0.111,-6.038,9.000
-0.087,-6.038,9.000
-0.063,-6.012,9.000
-0.039,-6.030,9.000
-0.016,-6.021,9.000
0.008,-6.021,9.000
0.034,-6.513,9.000
0.055,-6.021,9.000
0.079,-6.021,9.000
0.102,-6.002,9.000
0.126,-6.029,9.000
0.153,-6.161,9.000
0.173,-6.010,9.000
0.198,-6.027,9.000
0.221,-6.017,9.000
0.243,-5.989,9.000
0.269,-6.033,9.000
0.292,-6.014,9.000
0.314,-5.995,9.000
0.341,-6.038,9.000
0.396,-6.556,9.000
0.388,-6.035,9.000
0.412,-6.043,9.000
0.433,-5.996,9.000
0.455,-5.977,9.000
0.479,-5.984,9.000
0.506,-6.018,9.000
0.528,-5.998,9.000
0.552,-6.005,9.000
0.574,-5.985,9.000
0.596,-5.964,9.000
0.624,-6.007,9.000
0.648,-6.013,9.000
0.666,-5.957,9.000
0.692,-5.972,9.000
0.713,-5.951,9.000
0.742,-5.993,9.000
0.762,-5.964,9.000
0.785,-5.960,9.000
0.812,-5.984,9.000
0.833,-5.963,9.000
0.921,-6.407,9.000
0.879,-5.947,9.000
0.902,-5.944,9.000
0.928,-5.958,9.000
0.952,-5.954,9.000
0.972,-5.933,9.000
0.997,-5.938,9.000
1.022,-5.943,9.000
1.045,-5.939,9.000
1.064,-5.908,9.000
1.093,-5.939,9.000
1.113,-5.917,9.000
1.135,-5.904,9.000
1.163,-5.926,9.000
1.183,-5.904,9.000
1.206,-5.899,9.000
1.235,-5.920,9.000
1.256,-5.907,9.000
1.276,-5.884,9.000
1.410,-6.383,9.000
1.326,-5.892,9.000
1.345,-5.869,9.000
1.487,-6.373,9.000
1.393,-5.867,9.000
1.414,-5.853,9.000
1.439,-5.856,9.000
1.460,-5.841,9.000
1.485,-5.844,9.000
1.499,-5.803,9.000
1.531,-5.832,9.000
1.554,-5.826,9.000
1.572,-5.803,9.000
1.607,-5.840,9.000
1.625,-5.816,9.000
1.633,-5.758,9.000
1.806,-6.274,9.000
1.688,-5.779,9.000
1.703,-5.747,9.000
1.885,-6.267,9.000
1.909,-6.260,9.000
1.934,-6.252,9.000
1.810,-5.771,9.000
1.816,-5.712,9.000
1.847,-5.731,9.000
1.866,-5.715,9.000
2.054,-6.206,9.000
1.914,-5.709,9.000
1.928,-5.675,9.000
2.060,-5.989,9.000
1.987,-5.703,9.000
1.992,-5.644,9.000
2.175,-6.088,9.000
2.048,-5.662,9.000
2.064,-5.637,9.000
2.280,-6.151,9.000
2.115,-5.637,9.000
2.137,-5.629,9.000
2.172,-5.654,9.000
2.155,-5.544,9.000
2.203,-5.603,9.000
2.225,-5.595,9.000
2.244,-5.578,9.000
2.283,-5.610,9.000
2.301,-5.593,9.000
2.306,-5.542,9.000
2.331,-5.542,9.000
2.360,-5.549,9.000
2.375,-5.523,9.000
2.400,-5.522,9.000
2.403,-5.471,9.000
2.436,-5.487,9.000
2.472,-5.510,9.000
2.486,-5.484,9.000
2.519,-5.498,9.000
2.529,-5.464,9.000
2.539,-5.429,9.000
2.561,-5.419,9.000
2.594,-5.434,9.000
2.615,-5.424,9.000
2.648,-5.437,9.000
2.665,-5.419,9.000
2.675,-5.384,9.000
2.704,-5.390,9.000
2.709,-5.347,9.000
2.742,-5.360,9.000
3.007,-5.822,9.000
2.780,-5.331,9.000
2.818,-5.352,9.000
2.800,-5.269,9.000
2.851,-5.313,9.000
2.872,-5.302,9.000
2.893,-5.291,9.000
2.909,-5.272,9.000
2.930,-5.260,9.000
2.955,-5.256,9.000
2.971,-5.237,9.000
3.009,-5.256,9.000
3.012,-5.213,9.000
3.280,-5.626,9.000
3.067,-5.213,9.000
3.069,-5.170,9.000
3.084,-5.150,9.000
3.123,-5.169,9.000
3.139,-5.149,9.000
3.159,-5.136,9.000
3.295,-5.310,9.000
3.199,-5.111,9.000
3.210,-5.083,9.000
3.239,-5.086,9.000
3.254,-5.066,9.000
3.265,-5.038,9.000
3.259,-4.987,9.000
3.304,-5.012,9.000
3.314,-4.984,9.000
3.587,-5.349,9.000
3.373,-4.988,9.000
3.377,-4.952,9.000
3.397,-4.939,9.000
3.432,-4.947,9.000
3.425,-4.897,9.000
3.763,-5.335,9.000
3.495,-4.914,9.000
3.509,-4.893,9.000
3.554,-4.915,9.000
3.568,-4.894,9.000
3.566,-4.851,9.000
3.591,-4.844,9.000
3.615,-4.837,9.000
3.612,-4.794,9.000
3.648,-4.802,9.000
3.655,-4.773,9.000
3.956,-5.123,9.000
3.693,-4.744,9.000
3.711,-4.730,9.000
3.741,-4.729,9.000
3.760,-4.714,9.000
3.861,-4.803,9.000
4.111,-5.072,9.000
3.781,-4.628,9.000
3.816,-4.634,9.000
3.874,-4.667,9.000
3.864,-4.618,9.000
3.871,-4.589,9.000
3.900,-4.587,9.000
3.906,-4.558,9.000
3.930,-4.549,9.000
3.989,-4.581,9.000
3.972,-4.525,9.000
4.337,-4.902,9.000
4.356,-4.885,9.000
4.013,-4.465,9.000
4.378,-4.833,9.000
4.048,-4.433,9.000
4.416,-4.798,9.000
4.101,-4.421,9.000
4.106,-4.392,9.000
4.526,-4.803,9.000
4.171,-4.392,9.000
4.164,-4.349,9.000
4.187,-4.339,9.000
4.198,-4.316,9.000
4.202,-4.287,9.000
4.231,-4.283,9.000
4.255,-4.273,9.000
4.259,-4.244,9.000
4.275,-4.227,9.000
4.666,-4.577,9.000
4.347,-4.231,9.000
4.325,-4.176,9.000
4.674,-4.478,9.000
4.357,-4.142,9.000
4.387,-4.137,9.000
4.396,-4.114,9.000
4.419,-4.103,9.000
4.442,-4.091,9.000
4.425,-4.043,9.000
4.467,-4.050,9.000
4.476,-4.027,9.000
4.479,-3.997,9.000
4.474,-3.961,9.000
4.530,-3.980,9.000
4.539,-3.956,9.000
4.548,-3.932,9.000
4.563,-3.914,9.000
4.579,-3.896,9.000
5.001,-4.222,9.000
4.609,-3.860,9.000
4.624,-3.842,9.000
5.050,-4.163,9.000
4.668,-3.817,9.000
4.669,-3.787,9.000
4.705,-3.786,9.000
4.706,-3.756,9.000
4.721,-3.738,9.000
4.700,-3.691,9.000
5.157,-4.017,9.000
4.736,-3.659,9.000
4.772,-3.657,9.000
4.829,-3.671,9.000
4.815,-3.631,9.000
4.822,-3.606,9.000
4.872,-3.614,9.000
4.850,-3.568,9.000
4.871,-3.554,9.000
5.289,-3.828,9.000
4.869,-3.495,9.000
4.891,-3.481,9.000
5.340,-3.770,9.000
4.940,-3.458,9.000
4.968,-3.449,9.000
5.417,-3.729,9.000
4.951,-3.379,9.000
5.393,-3.651,9.000
5.447,-3.656,9.000
5.020,-3.341,9.000
5.011,-3.306,9.000
5.031,-3.291,9.000
5.052,-3.276,9.000
5.057,-3.252,9.000
5.077,-3.237,9.000
5.059,-3.197,9.000
5.125,-3.211,9.000
5.130,-3.186,9.000
5.566,-3.427,9.000
5.140,-3.136,9.000
5.137,-3.107,9.000
5.187,-3.110,9.000
5.176,-3.075,9.000
5.165,-3.041,9.000
5.646,-3.295,9.000
5.243,-3.032,9.000
5.247,-3.007,9.000
5.493,-3.119,9.000
5.255,-2.957,9.000
5.337,-2.975,9.000
5.425,-2.996,9.000
5.329,-2.916,9.000
5.269,-2.857,9.000
5.383,-2.891,9.000
5.339,-2.841,9.000
5.319,-2.803,9.000
5.809,-3.032,9.000
5.396,-2.790,9.000
5.359,-2.744,9.000
5.426,-2.751,9.000
5.373,-2.698,9.000
5.455,-2.713,9.000
5.466,-2.691,9.000
5.468,-2.666,9.000
5.951,-2.872,9.000
5.513,-2.634,9.000
5.459,-2.582,9.000
5.534,-2.591,9.000
5.536,-2.565,9.000
5.546,-2.544,9.000
5.572,-2.529,9.000
5.558,-2.496,9.000
5.518,-2.453,9.000
5.585,-2.456,9.000
5.603,-2.438,9.000
5.604,-2.412,9.000
5.606,-2.387,9.000
5.623,-2.368,9.000
5.624,-2.342,9.000
6.073,-2.502,9.000
5.651,-2.302,9.000
5.660,-2.279,9.000
6.088,-2.424,9.000
5.677,-2.235,9.000
5.678,-2.209,9.000
6.160,-2.369,9.000
5.752,-2.186,9.000
5.703,-2.142,9.000
6.098,-2.263,9.000
5.778,-2.118,9.000
5.753,-2.084,9.000
5.753,-2.058,9.000
5.719,-2.021,9.000
5.736,-2.001,9.000
5.743,-1.979,9.000
5.793,-1.970,9.000
5.776,-1.939,9.000
6.257,-2.074,9.000
6.288,-2.056,9.000
5.823,-1.879,9.000
5.814,-1.851,9.000
6.311,-1.982,9.000
5.820,-1.802,9.000
5.827,-1.780,9.000
6.319,-1.903,9.000
5.824,-1.729,9.000
5.822,-1.703,9.000
5.913,-1.705,9.000
5.861,-1.665,9.000
6.091,-1.704,9.000
5.899,-1.626,9.000
5.871,-1.593,9.000
5.945,-1.588,9.000
5.892,-1.549,9.000
5.890,-1.524,9.000
6.426,-1.636,9.000
5.919,-1.482,9.000
5.916,-1.457,9.000
6.414,-1.553,9.000
5.918,-1.408,9.000
5.915,-1.383,9.000
6.425,-1.475,9.000
6.446,-1.453,9.000
6.459,-1.430,9.000
5.945,-1.291,9.000
5.915,-1.261,9.000
5.972,-1.248,9.000
6.473,-1.326,9.000
5.956,-1.196,9.000
6.514,-1.282,9.000
6.000,-1.156,9.000
5.987,-1.129,9.000
6.043,-1.115,9.000
6.487,-1.171,9.000
5.974,-1.054,9.000
6.047,-1.042,9.000
6.051,-1.019,9.000
6.029,-0.991,9.000
6.033,-0.967,9.000
6.019,-0.940,9.000
6.014,-0.915,9.000
6.053,-0.897,9.000
6.039,-0.871,9.000
6.033,-0.846,9.000
5.993,-0.816,9.000
6.092,-0.805,9.000
6.043,-0.774,9.000
6.565,-0.815,9.000
6.058,-0.728,9.000
6.556,-0.762,9.000
6.072,-0.681,9.000
6.075,-0.658,9.000
6.580,-0.686,9.000
6.071,-0.609,9.000
6.091,-0.587,9.000
6.517,-0.602,9.000
6.069,-0.537,9.000
6.071,-0.513,9.000
6.099,-0.491,9.000
6.066,-0.464,9.000
6.085,-0.442,9.000
6.113,-0.420,9.000
6.097,-0.394,9.000
6.064,-0.368,9.000
6.315,-0.359,9.000
6.084,-0.322,9.000
6.094,-0.298,9.000
6.095,-0.274,9.000
6.087,-0.250,9.000
6.097,-0.226,9.000
6.098,-0.202,9.000
6.107,-0.179,9.000
6.090,-0.154,9.000
6.100,-0.130,9.000
6.091,-0.106,9.000
6.110,-0.083,9.000
6.083,-0.058,9.000
6.101,-0.035,9.000
6.136,-0.011,9.000
6.039,0.013,9.000
6.075,0.037,9.000
6.101,0.061,9.000
6.109,0.085,9.000
5.947,0.107,9.500
6.073,0.133,9.500
6.064,0.156,9.500
6.589,0.196,9.500
6.107,0.205,9.500
6.123,0.230,9.500
6.105,0.253,9.500
6.086,0.277,9.500
6.094,0.301,9.500
6.110,0.326,9.500
6.526,0.374,9.500
6.116,0.374,9.500
6.088,0.397,9.500
6.096,0.421,9.500
6.085,0.444,9.500
6.066,0.467,9.500
6.073,0.492,9.500
6.044,0.513,9.500
6.060,0.539,9.500
6.066,0.563,9.500
6.082,0.589,9.500
6.071,0.612,9.500
6.033,0.632,9.500
6.074,0.660,9.500
6.063,0.683,9.500
6.086,0.710,9.500
6.049,0.730,9.500
6.054,0.755,9.500
6.025,0.775,9.500
6.022,0.799,9.500
5.983,0.817,9.500
6.535,0.919,9.500
6.508,0.941,9.500
6.026,0.896,9.500
6.454,0.985,9.500
6.036,0.946,9.500
5.980,0.961,9.500
6.512,1.073,9.500
5.937,1.002,9.500
5.942,1.027,9.500
5.955,1.053,9.500
5.934,1.074,9.500
5.956,1.102,9.500
5.872,1.110,9.500
5.912,1.142,9.500
5.872,1.158,9.500
5.938,1.195,9.500
5.889,1.210,9.500
5.911,1.238,9.500
5.897,1.260,9.500
5.839,1.271,9.500
5.878,1.304,9.500
6.391,1.444,9.500
5.859,1.348,9.500
5.915,1.385,9.500
6.312,1.505,9.500
5.816,1.411,9.500
5.828,1.438,9.500
5.857,1.469,9.500
5.817,1.484,9.500
5.811,1.506,9.500
5.779,1.522,9.500
6.284,1.682,9.500
5.853,1.591,9.500
5.795,1.600,9.500
6.294,1.764,9.500
5.826,1.658,9.500
5.776,1.668,9.500
5.795,1.698,9.500
5.763,1.713,9.500
5.739,1.731,9.500
5.749,1.759,9.500
5.785,1.795,9.500
5.752,1.809,9.500
6.228,1.986,9.500
5.738,1.854,9.500
5.705,1.869,9.500
5.749,1.908,9.500
5.716,1.922,9.500
5.665,1.930,9.500
5.683,1.961,9.500
5.923,2.070,9.500
5.668,2.005,9.500
6.146,2.202,9.500
5.685,2.062,9.500
5.644,2.072,9.500
6.090,2.263,9.500
5.644,2.123,9.500
5.652,2.151,9.500
6.188,2.383,9.500
5.677,2.212,9.500
5.693,2.244,9.500
5.659,2.256,9.500
5.642,2.275,9.500
5.617,2.291,9.500
6.101,2.516,9.500
5.615,2.342,9.500
5.597,2.360,9.500
5.604,2.389,9.500
5.603,2.415,9.500
5.602,2.440,9.500
5.916,2.605,9.500
5.574,2.481,9.500
5.556,2.499,9.500
5.530,2.513,9.500
5.553,2.550,9.500
5.551,2.575,9.500
5.500,2.578,9.500
6.000,2.841,9.500
5.480,2.621,9.500
5.462,2.639,9.500
5.882,2.870,9.500
5.457,2.690,9.500
5.654,2.815,9.500
5.443,2.737,9.500
5.361,2.721,9.500
5.852,3.000,9.500
5.840,3.023,9.500
5.407,2.826,9.500
5.396,2.847,9.500
5.354,2.852,9.500
5.764,3.099,9.500
5.339,2.898,9.500
5.312,2.910,9.500
5.324,2.944,9.500
5.304,2.960,9.500
5.285,2.977,9.500
5.281,3.002,9.500
5.254,3.014,9.500
5.657,3.275,9.500
5.253,3.069,9.500
5.218,3.076,9.500
5.289,3.146,9.500
5.232,3.139,9.500
5.196,3.146,9.500
5.184,3.167,9.500
5.164,3.182,9.500
5.159,3.207,9.500
5.558,3.486,9.500
5.126,3.243,9.500
5.121,3.268,9.500
5.510,3.547,9.500
5.469,3.551,9.500
5.082,3.328,9.500
5.076,3.353,9.500
5.048,3.363,9.500
5.028,3.378,9.500
5.036,3.412,9.500
4.986,3.407,9.500
4.995,3.442,9.500
4.996,3.471,9.500
4.960,3.476,9.500
4.968,3.511,9.500
4.962,3.535,9.500
5.353,3.846,9.500
4.927,3.569,9.500
4.920,3.594,9.500
4.927,3.629,9.500
5.292,3.930,9.500
4.856,3.635,9.500
4.834,3.649,9.500
4.806,3.657,9.500
5.205,3.993,9.500
4.819,3.727,9.500
4.790,3.735,9.500
5.182,4.074,9.500
4.761,3.773,9.500
5.132,4.100,9.500
4.738,3.816,9.500
4.695,3.812,9.500
4.701,3.847,9.500
4.672,3.854,9.500
5.050,4.200,9.500
5.034,4.220,9.500
4.633,3.915,9.500
5.042,4.295,9.500
4.596,3.945,9.500
4.587,3.969,9.500
4.611,4.022,9.500
4.555,4.005,9.500
4.560,4.041,9.500
4.510,4.029,9.500
4.508,4.059,9.500
4.479,4.064,9.500
4.502,4.118,9.500
4.460,4.112,9.500
4.817,4.476,9.500
4.440,4.159,9.500
4.659,4.398,9.500
4.401,4.187,9.500
4.378,4.198,9.500
4.717,4.559,9.500
4.345,4.233,9.500
4.704,4.618,9.500
4.318,4.273,9.500
4.288,4.277,9.500
4.284,4.307,9.500
4.261,4.317,9.500
4.562,4.659,9.500
4.245,4.370,9.500
4.191,4.348,9.500
4.524,4.730,9.500
4.126,4.348,9.500
4.176,4.436,9.500
4.147,4.439,9.500
4.378,4.724,9.500
4.124,4.485,9.500
4.088,4.481,9.500
4.392,4.852,9.500
4.035,4.493,9.500
4.041,4.536,9.500
4.238,4.795,9.500
4.017,4.581,9.500
3.975,4.570,9.500
3.916,4.538,9.500
3.957,4.621,9.500
3.921,4.616,9.500
3.915,4.645,9.500
3.891,4.654,9.500
4.203,5.068,9.500
3.860,4.691,9.500
3.824,4.685,9.500
3.823,4.721,9.500
3.810,4.743,9.500
3.780,4.744,9.500
3.778,4.780,9.500
3.737,4.767,9.500
3.729,4.795,9.500
3.705,4.803,9.500
3.681,4.810,9.500
3.688,4.860,9.500
3.653,4.853,9.500
3.608,4.832,9.500
3.615,4.882,9.500
3.591,4.889,9.500
3.566,4.896,9.500
3.674,5.086,9.500
3.548,4.953,9.500
3.513,4.945,9.500
3.783,5.369,9.500
3.505,5.016,9.500
3.460,4.993,9.500
3.445,5.014,9.500
3.450,5.064,9.500
3.686,5.456,9.500
3.381,5.047,9.500
3.630,5.465,9.500
3.626,5.505,9.500
3.350,5.131,9.500
3.292,5.084,9.500
3.276,5.105,9.500
3.261,5.125,9.500
3.227,5.115,9.500
3.487,5.576,9.500
3.219,5.193,9.500
3.166,5.153,9.500
3.169,5.203,9.500
3.144,5.208,9.500
3.137,5.243,9.500
3.098,5.225,9.500
3.064,5.214,9.500
3.048,5.234,9.500
3.028,5.246,9.500
3.007,5.258,9.500
3.008,5.308,9.500
3.005,5.351,9.500
2.936,5.277,9.500
2.898,5.257,9.500
2.916,5.339,9.500
2.891,5.343,9.500
3.077,5.740,9.500
2.828,5.326,9.500
3.043,5.785,9.500
3.045,5.846,9.500
2.777,5.383,9.500
2.992,5.856,9.500
2.747,5.428,9.500
2.689,5.367,9.500
2.704,5.450,9.500
2.667,5.428,9.500
2.661,5.471,9.500
2.628,5.457,9.500
2.837,5.950,9.500
2.596,5.502,9.500
2.593,5.552,9.500
2.553,5.522,9.500
2.524,5.516,9.500
2.502,5.526,9.500
2.506,5.592,9.500
2.473,5.578,9.500
2.441,5.563,9.500
2.419,5.572,9.500
2.390,5.566,9.500
2.396,5.640,9.500
2.565,6.106,9.500
2.338,5.626,9.500
2.312,5.627,9.500
2.490,6.129,9.500
2.274,5.661,9.500
2.252,5.670,9.500
2.223,5.663,9.500
2.391,6.160,9.500
2.179,5.680,9.500
2.150,5.672,9.500
2.159,5.763,9.500
2.112,5.705,9.500
2.086,5.705,9.500
2.067,5.722,9.500
2.041,5.721,9.500
2.025,5.746,9.500
2.008,5.771,9.500
1.977,5.753,9.500
1.957,5.770,9.500
1.931,5.769,9.500
2.073,6.274,9.500
1.891,5.801,9.500
2.024,6.290,9.500
1.849,5.824,9.500
1.823,5.823,9.500
1.803,5.838,9.500
1.777,5.837,9.500
1.754,5.844,9.500
1.726,5.834,9.500
1.854,6.358,9.500
1.683,5.855,9.500
1.802,6.365,9.500
1.625,5.826,9.500
1.621,5.900,9.500
1.597,5.907,9.500
1.567,5.887,9.500
1.547,5.902,9.500
1.530,5.934,9.500
1.485,5.854,9.500
1.475,5.911,9.500
1.548,6.310,9.500
1.430,5.931,9.500
1.397,5.894,9.500
1.498,6.435,9.500
1.352,5.913,9.500
1.327,5.910,9.500
1.313,5.958,9.500
1.294,5.981,9.500
1.263,5.951,9.500
1.243,5.973,9.500
1.221,5.987,9.500
1.198,5.992,9.500
1.164,5.944,9.500
1.151,6.001,9.500
1.129,6.014,9.500
1.100,5.992,9.500
1.077,5.996,9.500
1.055,6.009,9.500
1.028,5.996,9.500
1.086,6.486,9.500
0.978,5.986,9.500
0.955,5.990,9.500
0.941,6.055,9.500
0.913,6.033,9.500
0.889,6.036,9.500
0.873,6.092,9.500
0.843,6.052,9.500
0.812,6.002,9.500
0.790,6.014,9.500
0.831,6.531,9.500
0.740,6.002,9.500
0.773,6.475,9.500
0.696,6.035,9.500
0.674,6.055,9.500
0.649,6.049,9.500
0.629,6.086,9.500
0.605,6.080,9.500
0.578,6.056,9.500
0.596,6.517,9.500
0.556,6.350,9.500
0.505,6.045,9.500
0.484,6.073,9.500
0.499,6.589,9.500
0.433,6.041,9.500
0.444,6.545,9.500
0.390,6.106,9.500
0.360,6.010,9.500
0.339,6.065,9.500
0.315,6.049,9.500
0.289,6.023,9.500
0.266,6.033,9.500
0.244,6.070,9.500
0.220,6.071,9.500
0.197,6.080,9.500
0.172,6.063,9.500
0.148,6.064,9.500
0.125,6.073,9.500
0.101,6.083,9.500
0.083,6.560,9.500
0.053,6.074,9.500
0.032,6.560,9.500
0.006,6.576,9.500
-0.019,6.075,9.500
-0.046,6.568,9.500
-0.066,6.057,9.500
-0.090,6.056,9.500
-0.114,6.074,9.500
-0.138,6.100,9.500
-0.162,6.090,9.500
-0.185,6.063,9.500
-0.209,6.062,9.500
-0.234,6.088,9.500
-0.278,6.570,9.500
-0.280,6.050,9.500
-0.305,6.067,9.500
-0.330,6.092,9.500
-0.352,6.064,9.500
-0.376,6.063,9.500
-0.400,6.061,9.500
-0.423,6.051,9.500
-0.446,6.040,9.500
-0.472,6.065,9.500
-0.495,6.054,9.500
-0.519,6.052,9.500
-0.543,6.050,9.500
-0.567,6.048,9.500
-0.592,6.064,9.500
-0.663,6.527,9.500
-0.639,6.050,9.500
-0.666,6.074,9.500
-0.703,6.192,9.500
-0.710,6.042,9.500
-0.735,6.048,9.500
-0.767,6.115,9.500
-0.782,6.042,9.500
-0.806,6.039,9.500
-0.899,6.538,9.500
-0.847,5.988,9.500
-0.867,5.958,9.500
-0.967,6.465,9.500
-0.912,5.942,9.500
-0.933,5.921,9.500
-0.961,5.944,9.500
-0.987,5.958,9.500
-1.096,6.460,9.500
-1.120,6.448,9.500
-1.054,5.928,9.500
-1.076,5.915,9.500
-1.102,5.928,9.500
-1.129,5.942,9.500
-1.150,5.928,9.500
-1.170,5.906,9.500
-1.188,5.875,9.500
-1.211,5.870,9.500
-1.346,6.397,9.500
-1.270,5.922,9.500
-1.388,6.347,9.500
-1.311,5.886,9.500
-1.330,5.863,9.500
-1.469,6.361,9.500
-1.380,5.870,9.500
-1.397,5.838,9.500
-1.431,5.876,9.500
-1.438,5.809,9.500
-1.472,5.848,9.500
-1.495,5.842,9.500
-1.516,5.827,9.500
-1.539,5.821,9.500
-1.566,5.832,9.500
-1.587,5.817,9.500
-1.743,6.292,9.500
-1.640,5.831,9.500
-1.655,5.798,9.500
-1.663,5.740,9.500
-1.703,5.794,9.500
-1.884,6.317,9.500
-1.764,5.831,9.500
-1.906,6.211,9.500
-1.810,5.817,9.500
-1.833,5.810,9.500
-2.001,6.256,9.500
-1.879,5.796,9.500
-1.890,5.754,9.500
-1.938,5.822,9.500
-1.952,5.790,9.500
-1.969,5.765,9.500
-1.995,5.766,9.500
-2.015,5.750,9.500
-2.207,6.220,9.500
-2.060,5.734,9.500
-2.256,6.202,9.500
-2.111,5.734,9.500
-2.121,5.692,9.500
-2.320,6.153,9.500
-2.166,5.676,9.500
-2.191,5.675,9.500
-2.223,5.691,9.500
-2.236,5.658,9.500
-2.255,5.641,9.500
-2.280,5.640,9.500
-2.306,5.639,9.500
-2.328,5.630,9.500
-2.357,5.637,9.500
-2.379,5.628,9.500
-2.383,5.578,9.500
-2.419,5.601,9.500
-2.438,5.583,9.500
-2.442,5.533,9.500
-2.456,5.507,9.500
-2.493,5.530,9.500
-2.503,5.496,9.500
-2.540,5.518,9.500
-2.709,5.825,9.500
-2.711,5.770,9.500
-2.601,5.480,9.500
-2.634,5.494,9.500
-2.644,5.459,9.500
-2.685,5.489,9.500
-2.690,5.446,9.500
-2.708,5.428,9.500
-2.959,5.873,9.500
-2.975,5.847,9.500
-2.772,5.396,9.500
-2.793,5.385,9.500
-2.810,5.366,9.500
-2.852,5.394,9.500
-2.848,5.336,9.500
-2.852,5.293,9.500
-3.138,5.770,9.500
-2.915,5.309,9.500
-2.914,5.259,9.500
-3.214,5.746,9.500
-2.986,5.290,9.500
-3.002,5.271,9.500
-2.996,5.212,9.500
-3.057,5.270,9.500
-3.078,5.258,9.500
-3.085,5.223,9.500
-3.366,5.649,9.500
-3.158,5.252,9.500
-3.146,5.186,9.500
-3.433,5.609,9.500
-3.187,5.161,9.500
-3.212,5.156,9.500
-3.232,5.144,9.500
-3.516,5.548,9.500
-3.277,5.126,9.500
-3.283,5.090,9.500
-3.317,5.100,9.500
-3.646,5.557,9.500
-3.362,5.081,9.500
-3.421,5.126,9.500
-3.446,5.120,9.500
-3.456,5.092,9.500
-3.471,5.071,9.500
-3.491,5.057,9.500
-3.516,5.051,9.500
-3.526,5.022,9.500
-3.809,5.380,9.500
-3.575,5.009,9.500
-3.543,4.923,9.500
-3.625,4.995,9.500
-3.634,4.966,9.500
-3.648,4.945,9.500
-3.663,4.924,9.500
-3.666,4.888,9.500
-4.018,5.314,9.500
-3.704,4.859,9.500
-4.050,5.270,9.500
-3.775,4.871,9.500
-3.772,4.829,9.500
-4.044,5.135,9.500
-3.810,4.799,9.500
-3.862,4.825,9.500
-3.859,4.783,9.500
-4.184,5.144,9.500
-3.851,4.698,9.500
-3.898,4.717,9.500
-4.244,5.095,9.500
-3.952,4.706,9.500
-3.942,4.657,9.500
-4.304,5.044,9.500
-4.007,4.659,9.500
-4.048,4.670,9.500
-4.055,4.641,9.500
-4.073,4.625,9.500
-4.062,4.576,9.500
-4.104,4.586,9.500
-4.116,4.563,9.500
-4.128,4.541,9.500
-4.495,4.906,9.500
-4.157,4.502,9.500
-4.518,4.854,9.500
-4.199,4.475,9.500
-4.252,4.497,9.500
-4.258,4.467,9.500
-4.305,4.482,9.500
-4.274,4.415,9.500
-4.310,4.417,9.500
-4.655,4.733,9.500
-4.332,4.370,9.500
-4.294,4.297,9.500
-4.705,4.672,9.500
-4.408,4.343,9.500
-4.691,4.586,9.500
-4.328,4.198,9.500
-4.704,4.527,9.500
-4.368,4.170,9.500
-4.404,4.172,9.500
-4.803,4.515,9.500
-4.443,4.143,9.500
-4.446,4.113,9.500
-4.482,4.114,9.500
-4.498,4.096,9.500
-4.501,4.067,9.500
-4.517,4.049,9.500
-4.624,4.113,9.500
-4.528,3.996,9.500
-4.571,4.001,9.500
-4.593,3.989,9.500
-4.589,3.954,9.500
-4.624,3.953,9.500
-5.045,4.279,9.500
-4.614,3.882,9.500
-4.650,3.881,9.500
-4.686,3.880,9.500
-4.701,3.861,9.500
-4.778,3.893,9.500
-5.127,4.144,9.500
-4.732,3.794,9.500
-4.803,3.820,9.500
-4.783,3.774,9.500
-4.812,3.766,9.500
-4.813,3.736,9.500
-4.848,3.733,9.500
-4.856,3.709,9.500
-5.310,4.023,9.500
-4.871,3.660,9.500
-5.310,3.958,9.500
-4.921,3.637,9.500
-4.942,3.623,9.500
-4.949,3.598,9.500
-4.949,3.569,9.500
-4.948,3.539,9.500
-4.998,3.545,9.500
-4.991,3.510,9.500
-4.997,3.485,9.500
-5.011,3.466,9.500
-5.039,3.456,9.500
-5.060,3.441,9.500
-5.058,3.411,9.500
-5.057,3.382,9.500
-5.085,3.371,9.500
-5.508,3.621,9.500
-5.097,3.322,9.500
-5.117,3.306,9.500
-5.557,3.560,9.500
-5.150,3.271,9.500
-5.148,3.241,9.500
-5.161,3.221,9.500
-5.572,3.447,9.500
-5.201,3.190,9.500
-5.206,3.165,9.500
-5.418,3.264,9.500
-5.223,3.119,9.500
-5.266,3.116,9.500
-5.240,3.073,9.500
-5.283,3.071,9.500
-5.637,3.247,9.500
-5.283,3.016,9.500
-5.745,3.249,9.500
-5.330,2.987,9.500
-5.295,2.940,9.500
-5.782,3.181,9.500
-5.326,2.903,9.500
-5.376,2.903,9.500
-5.372,2.873,9.500
-5.328,2.823,9.500
-5.615,2.947,9.500
-5.421,2.818,9.500
-5.393,2.777,9.500
-5.420,2.763,9.500
-5.446,2.750,9.500
-5.449,2.725,9.500
-5.452,2.699,9.500
-5.462,2.678,9.500
-5.937,2.882,9.500
-5.475,2.631,9.500
-5.953,2.832,9.500
-5.496,2.588,9.500
-5.982,2.788,9.500
-5.524,2.548,9.500
-5.534,2.527,9.500
-6.021,2.721,9.500
-5.570,2.490,9.500
-5.539,2.450,9.500
-5.589,2.446,9.500
-5.599,2.424,9.500
-5.600,2.399,9.500
-5.626,2.384,9.500
-5.619,2.355,9.500
-5.620,2.329,9.500
-5.637,2.311,9.500
-5.893,2.388,9.500
-5.622,2.253,9.500
-6.062,2.402,9.500
-5.665,2.219,9.500
-5.648,2.187,9.500
-5.682,2.174,9.500
-5.690,2.152,9.500
-5.649,2.110,9.500
-5.707,2.107,9.500
-5.707,2.081,9.500
-5.682,2.047,9.500
-5.690,2.024,9.500
-5.723,2.011,9.500
-5.697,1.977,9.500
-5.730,1.963,9.500
-5.771,1.952,9.500
-5.754,1.921,9.500
-5.770,1.901,9.500
-5.785,1.881,9.500
-6.239,2.002,9.500
-5.792,1.833,9.500
-5.782,1.805,9.500
-5.814,1.790,9.500
-5.779,1.754,9.500
-5.954,1.782,9.500
-5.809,1.714,9.500
-5.842,1.698,9.500
-5.823,1.668,9.500
-6.321,1.784,9.500
-5.836,1.622,9.500
-6.335,1.734,9.500
-5.831,1.572,9.500
-5.872,1.558,9.500
-5.886,1.537,9.500
-5.892,1.514,9.500
-5.872,1.484,9.500
-5.878,1.461,9.500
-5.918,1.446,9.500
-5.915,1.421,9.500
-5.904,1.394,9.500
-5.918,1.373,9.500
-5.914,1.347,9.500
-5.937,1.328,9.500
-5.898,1.295,9.500
-5.930,1.277,9.500
-5.943,1.256,9.500
-5.940,1.231,9.500
-5.979,1.215,9.500
-5.949,1.184,9.500
-5.962,1.162,9.500
-5.958,1.137,9.500
-5.963,1.114,9.500
-5.967,1.090,9.500
-5.954,1.064,9.500
-5.922,1.034,9.500
-6.483,1.106,9.500
-5.992,0.998,9.500
-5.987,0.973,9.500
-6.035,0.956,9.500
-6.030,0.931,9.500
-5.998,0.902,9.500
-6.011,0.880,9.500
-6.049,0.861,9.500
-6.035,0.835,9.500
-6.047,0.813,9.500
-6.050,0.789,9.500
-6.036,0.763,9.500
-6.551,0.802,9.500
-6.050,0.717,9.500
-6.174,0.707,9.500
-6.568,0.726,9.500
-6.093,0.649,9.500
-6.558,0.672,9.500
-6.089,0.600,9.500
-6.057,0.573,9.500
-6.534,0.592,9.500
-6.078,0.527,9.500
-6.072,0.502,9.500
-6.091,0.480,9.500
-6.542,0.489,9.500
-6.059,0.429,9.500
-6.070,0.406,9.500
-6.080,0.383,9.500
-6.064,0.358,9.500
-6.092,0.336,9.500
-6.084,0.311,9.500
-6.086,0.287,9.500
-6.113,0.264,9.500
-6.114,0.240,9.500
-6.115,0.216,9.500
-6.107,0.192,9.500
-6.072,0.167,9.500
-6.064,0.143,9.500
-6.118,0.120,9.500
-6.101,0.096,9.500
-6.127,0.072,9.500
-6.074,0.048,9.500
-6.101,0.024,9.500
-6.119,0.000,9.500
-6.576,-0.026,9.500
-5.994,-0.047,9.500
-6.536,-0.077,9.500
-6.047,-0.095,9.500
-6.398,-0.126,9.500
-6.082,-0.143,9.500
-6.010,-0.165,9.500
-6.036,-0.190,9.500
-6.517,-0.230,9.500
-6.016,-0.236,9.500
-6.531,-0.282,9.500
-6.005,-0.283,9.500
-6.022,-0.308,9.500
-6.021,-0.331,9.500
-6.011,-0.355,9.500
-6.000,-0.378,9.500
-6.026,-0.403,9.500
-6.042,-0.428,9.500
-6.004,-0.449,9.500
-6.011,-0.473,9.500
-6.001,-0.496,9.500
-6.008,-0.520,9.500
-6.518,-0.591,9.500
-6.003,-0.568,9.500
-6.019,-0.593,9.500
-5.990,-0.614,9.500
-6.500,-0.692,9.500
-6.011,-0.664,9.500
-6.000,-0.687,9.500
-5.988,-0.709,9.500
-6.003,-0.735,9.500
-5.965,-0.754,9.500
-5.997,-0.782,9.500
-5.976,-0.803,9.500
-5.955,-0.824,9.500
-6.448,-0.918,9.500
-5.958,-0.872,9.500
-5.927,-0.892,9.500
-5.959,-0.920,9.500
-5.947,-0.942,9.500
-5.943,-0.966,9.500
-5.921,-0.986,9.500
-5.935,-1.012,9.500
-5.922,-1.034,9.500
-5.980,-1.068,9.500
-5.914,-1.081,9.500
-5.980,-1.117,9.500
-5.861,-1.119,9.500
-5.901,-1.150,9.500
-6.154,-1.225,9.500
-5.988,-1.216,9.500
-5.940,-1.231,9.500
-5.926,-1.252,9.500
-5.947,-1.281,9.500
-5.951,-1.306,9.500
-5.867,-1.312,9.500
-5.958,-1.357,9.500
-6.437,-1.493,9.500
-5.955,-1.406,9.500
-5.924,-1.423,9.500
-5.986,-1.463,9.500
-6.382,-1.586,9.500
-5.864,-1.482,9.500
-6.331,-1.626,9.500
-5.895,-1.539,9.500
-5.854,-1.553,9.500
-5.874,-1.583,9.500
-5.919,-1.620,9.500
-5.801,-1.612,9.500
-5.880,-1.659,9.500
-5.771,-1.653,9.500
-5.773,-1.678,9.500
-5.792,-1.708,9.500
-5.734,-1.716,9.500
-6.270,-1.903,9.500
-5.746,-1.769,9.500
-5.765,-1.799,9.500
-5.723,-1.811,9.500
-5.725,-1.836,9.500
-6.171,-2.006,9.500
-5.761,-1.898,9.500
-5.703,-1.904,9.500
-5.695,-1.926,9.500
-6.191,-2.121,9.500
-5.688,-1.974,9.500
-5.847,-2.054,9.500
-5.698,-2.027,9.500
-5.570,-2.007,9.500
-5.648,-2.060,9.500
-5.682,-2.097,9.500
-5.632,-2.104,9.500
-5.640,-2.132,9.500
-5.598,-2.142,9.500
-5.539,-2.144,9.500
-5.997,-2.348,9.500
-5.598,-2.218,9.500
-5.581,-2.236,9.500
-5.580,-2.261,9.500
-5.959,-2.442,9.500
-5.554,-2.302,9.500
-5.795,-2.428,9.500
-5.536,-2.345,9.500
-5.485,-2.349,9.500
-5.525,-2.392,9.500
-5.516,-2.414,9.500
-5.498,-2.432,9.500
-5.521,-2.468,9.500
-5.536,-2.501,9.500
-5.477,-2.500,9.500
-5.870,-2.708,9.500
-5.466,-2.547,9.500
-5.431,-2.557,9.500
-5.396,-2.567,9.500
-5.451,-2.619,9.500
-5.735,-2.783,9.500
-5.423,-2.658,9.500
-5.372,-2.659,9.500
-5.377,-2.689,9.500
-5.792,-2.924,9.500
-5.436,-2.771,9.500
-5.448,-2.805,9.500
-5.374,-2.793,9.500
-5.395,-2.831,9.500
-5.384,-2.852,9.500
-5.380,-2.877,9.500
-5.787,-3.124,9.500
-5.373,-2.928,9.500
-5.291,-2.911,9.500
-5.264,-2.923,9.500
-5.723,-3.207,9.500
-5.318,-3.008,9.500
-5.276,-3.011,9.500
-5.249,-3.023,9.500
-5.779,-3.359,9.500
-5.323,-3.122,9.500
-5.733,-3.393,9.500
-5.276,-3.150,9.500
-5.264,-3.171,9.500
-5.673,-3.448,9.500
-5.254,-3.221,9.500
-5.241,-3.242,9.500
-5.221,-3.258,9.500
-5.201,-3.274,9.500
-5.188,-3.294,9.500
-5.175,-3.315,9.500
-5.139,-3.321,9.500
-5.104,-3.326,9.500
-5.128,-3.371,9.500
-5.122,-3.396,9.500
-5.109,-3.416,9.500
-5.110,-3.445,9.500
-5.103,-3.470,9.500
-5.039,-3.456,9.500
-5.479,-3.789,9.500
-5.048,-3.520,9.500
-5.027,-3.535,9.500
-5.034,-3.570,9.500
-5.034,-3.600,9.500
-4.992,-3.599,9.500
-4.870,-3.541,9.500
-4.942,-3.623,9.500
-4.991,-3.689,9.500
-4.927,-3.672,9.500
-5.283,-3.969,9.500
-4.905,-3.716,9.500
-4.870,-3.719,9.500
-4.862,-3.744,9.500
-4.827,-3.747,9.500
-4.791,-3.749,9.500
-4.741,-3.740,9.500
-4.789,-3.809,9.500
-5.131,-4.114,9.500
-4.725,-3.818,9.500
-5.092,-4.149,9.500
-4.715,-3.872,9.500
-5.066,-4.194,9.500
-4.671,-3.898,9.500
-4.635,-3.899,9.500
-4.998,-4.238,9.500
-4.611,-3.941,9.500
-4.602,-3.965,9.500
-4.573,-3.971,9.500
-4.591,-4.019,9.500
-4.575,-4.037,9.500
-4.519,-4.019,9.500
-4.517,-4.049,9.500
-4.507,-4.072,9.500
-4.862,-4.428,9.500
-4.456,-4.090,9.500
-4.466,-4.131,9.500
-4.449,-4.149,9.500
-4.427,-4.160,9.500
-4.436,-4.202,9.500
-4.374,-4.176,9.500
-4.390,-4.224,9.500
-4.341,-4.211,9.500
-4.714,-4.608,9.500
-4.685,-4.615,9.500
-4.311,-4.280,9.500
-4.287,-4.291,9.500
-4.258,-4.295,9.500
-4.617,-4.694,9.500
-4.237,-4.341,9.500
-4.602,-4.753,9.500
-4.233,-4.406,9.500
-4.197,-4.404,9.500
-4.168,-4.407,9.500
-4.223,-4.501,9.500
-4.139,-4.446,9.500
-4.152,-4.495,9.500
-4.116,-4.492,9.500
-4.098,-4.508,9.500
-4.405,-4.883,9.500
-4.080,-4.560,9.500
-4.039,-4.549,9.500
-4.039,-4.585,9.500
-4.317,-4.940,9.500
-3.991,-4.603,9.500
-4.334,-5.039,9.500
-3.966,-4.648,9.500
-3.931,-4.643,9.500
-4.239,-5.048,9.500
-3.900,-4.681,9.500
-3.870,-4.682,9.500
-3.885,-4.739,9.500
-3.861,-4.747,9.500
-3.831,-4.748,9.500
-3.818,-4.770,9.500
-3.788,-4.771,9.500
-3.780,-4.800,9.500
-3.794,-4.856,9.500
-3.920,-5.058,9.500
-3.729,-4.851,9.500
-3.694,-4.845,9.500
-3.653,-4.831,9.500
-3.960,-5.280,9.500
-3.642,-4.895,9.500
-3.918,-5.311,9.500
-3.593,-4.909,9.500
-3.579,-4.931,9.500
-3.786,-5.260,9.500
-3.545,-4.966,9.500
-3.525,-4.980,9.500
-3.531,-5.029,9.500
-3.481,-5.000,9.500
-3.471,-5.028,9.500
-3.728,-5.446,9.500
-3.447,-5.077,9.500
-3.690,-5.481,9.500
-3.382,-5.067,9.500
-3.343,-5.051,9.500
-3.337,-5.086,9.500
-3.308,-5.085,9.500
-3.573,-5.540,9.500
-3.224,-5.042,9.500
-3.542,-5.587,9.500
-3.208,-5.106,9.500
-3.179,-5.103,9.500
-3.163,-5.123,9.500
-3.138,-5.128,9.500
-3.128,-5.155,9.500
-3.075,-5.113,9.500
-3.092,-5.188,9.500
-3.053,-5.169,9.500
-3.046,-5.204,9.500
-3.021,-5.208,9.500
-3.230,-5.618,9.500
-2.953,-5.184,9.500
-2.973,-5.267,9.500
-2.939,-5.255,9.500
-3.168,-5.718,9.500
-2.902,-5.286,9.500
-2.881,-5.297,9.500
-2.860,-5.308,9.500
-2.852,-5.343,9.500
-2.819,-5.331,9.500
-2.814,-5.373,9.500
-2.768,-5.337,9.500
-2.739,-5.331,9.500
-2.953,-5.805,9.500
-2.709,-5.377,9.500
-2.918,-5.849,9.500
-2.659,-5.382,9.500
-2.869,-5.865,9.500
-2.636,-5.443,9.500
-2.595,-5.413,9.500
-2.609,-5.496,9.500
-2.564,-5.458,9.500
-2.535,-5.451,9.500
-2.514,-5.461,9.500
-2.485,-5.455,9.500
-2.485,-5.514,9.500
-2.445,-5.482,9.500
-2.636,-5.973,9.500
-2.420,-5.543,9.500
-2.384,-5.519,9.500
-2.377,-5.561,9.500
-2.327,-5.504,9.500
-2.323,-5.555,9.500
-2.297,-5.556,9.500
-2.282,-5.581,9.500
-2.264,-5.599,9.500
-2.252,-5.632,9.500
-2.213,-5.600,9.500
-2.210,-5.658,9.500
-2.179,-5.642,9.500
-2.150,-5.634,9.500
-2.137,-5.667,9.500
-2.090,-5.608,9.500
-2.114,-5.742,9.500
-2.055,-5.650,9.500
-2.039,-5.675,9.500
-2.014,-5.674,9.500
-1.988,-5.674,9.500
-1.966,-5.681,9.500
-2.108,-6.171,9.500
-1.924,-5.705,9.500
-2.072,-6.225,9.500
-1.893,-5.763,9.500
-1.860,-5.736,9.500
-1.991,-6.226,9.500
-1.812,-5.742,9.500
-1.789,-5.749,9.500
-1.759,-5.730,9.500
-1.891,-6.249,9.500
-1.724,-5.778,9.500
-1.688,-5.742,9.500
-1.826,-6.301,9.500
-1.646,-5.764,9.500
-1.630,-5.796,9.500
-1.603,-5.785,9.500
-1.578,-5.783,9.500
-1.560,-5.806,9.500
-1.560,-5.899,9.500
-1.514,-5.818,9.500
-1.498,-5.850,9.500
-1.462,-5.804,9.500
-1.447,-5.844,9.500
-1.429,-5.868,9.500
-1.422,-5.942,9.500
-1.489,-6.332,9.500
-1.351,-5.849,9.500
-1.330,-5.863,9.500
-1.411,-6.334,9.500
-1.298,-5.934,9.500
-1.274,-5.940,9.500
-1.262,-5.996,9.500
-1.240,-6.010,9.500
-1.195,-5.910,9.500
-1.170,-5.906,9.500
-1.145,-5.902,9.500
-1.124,-5.915,9.500
-1.099,-5.911,9.500
-1.188,-6.531,9.500
-1.056,-5.937,9.500
-1.038,-5.976,9.500
-1.006,-5.927,9.500
-1.077,-6.503,9.500
-0.961,-5.944,9.500
-0.940,-5.965,9.500
-0.915,-5.960,9.500
-0.884,-5.910,9.500
-0.867,-5.958,9.500
-0.891,-6.295,9.500
-0.820,-5.965,9.500
-0.801,-5.995,9.500
-0.779,-6.016,9.500
-0.749,-5.965,9.500
-0.725,-5.968,9.500
-0.705,-5.998,9.500
-0.679,-5.974,9.500
-0.659,-6.012,9.500
-0.688,-6.508,9.500
-0.610,-5.999,9.500
-0.584,-5.975,9.500
-0.564,-6.013,9.500
-0.537,-5.979,9.500
-0.519,-6.052,9.500
-0.498,-6.090,9.500
-0.467,-5.994,9.500
-0.439,-5.932,9.500
-0.459,-6.560,9.500
-0.399,-6.035,9.500
-0.372,-5.991,9.500
-0.350,-6.011,9.500
-0.330,-6.083,9.500
-0.301,-5.995,9.500
-0.282,-6.095,9.500
-0.279,-6.586,9.500
-0.232,-6.043,9.500
-0.208,-6.008,9.500
-0.186,-6.081,9.500
-0.162,-6.090,9.500
-0.139,-6.109,9.500
-0.113,-6.020,9.500
-0.091,-6.101,9.500
-0.072,-6.599,9.500
-0.042,-6.021,9.500
-0.019,-6.119,9.500
0.005,-6.075,9.500
0.029,-6.083,9.500
0.053,-6.101,9.500
0.076,-6.056,9.500
0.100,-6.011,9.500
0.125,-6.118,9.500
0.149,-6.082,9.500
0.173,-6.090,9.500
0.198,-6.142,9.500
0.221,-6.088,9.500
0.243,-6.061,9.500
0.268,-6.069,9.500
0.293,-6.103,9.500
0.316,-6.075,9.500
0.340,-6.083,9.500
0.364,-6.082,9.500
0.384,-6.027,9.500
0.447,-6.592,9.500
0.432,-6.024,9.500
0.453,-5.995,9.500
0.481,-6.047,9.500
0.542,-6.490,9.500
0.525,-5.998,9.500
0.602,-6.580,9.500
0.569,-5.958,9.500
0.595,-5.983,9.500
0.621,-6.007,9.500
0.642,-5.978,9.500
0.667,-5.993,9.500
0.691,-5.990,9.500
0.714,-5.988,9.500
0.802,-6.503,9.500
0.760,-5.973,9.500
0.853,-6.497,9.500
0.820,-6.064,9.500
0.830,-5.963,9.500
0.868,-6.057,9.500
0.885,-6.010,9.500
0.902,-5.962,9.500
0.993,-6.396,9.500
0.952,-5.973,9.500
0.971,-5.942,9.500
1.000,-5.974,9.500
1.016,-5.926,9.500
1.041,-5.930,9.500
1.075,-5.988,9.500
1.185,-6.453,9.500
1.112,-5.927,9.500
1.231,-6.420,9.500
1.162,-5.935,9.500
1.182,-5.913,9.500
1.225,-6.004,9.500
1.232,-5.921,9.500
1.252,-5.899,9.500
1.277,-5.902,9.500
1.376,-6.241,9.500
1.323,-5.892,9.500
1.406,-6.149,9.500
1.365,-5.864,9.500
1.390,-5.868,9.500
1.413,-5.862,9.500
1.432,-5.839,9.500
1.459,-5.851,9.500
1.480,-5.836,9.500
1.499,-5.813,9.500
1.659,-6.331,9.500
1.549,-5.818,9.500
1.581,-5.847,9.500
1.580,-5.754,9.500
1.620,-5.808,9.500
1.652,-5.836,9.500
1.665,-5.795,9.500
1.686,-5.780,9.500
1.855,-6.268,9.500
1.723,-5.741,9.500
1.751,-5.751,9.500
1.926,-6.238,9.500
1.799,-5.746,9.500
1.821,-5.739,9.500
1.841,-5.723,9.500
2.014,-6.177,9.500
1.892,-5.726,9.500
1.923,-5.744,9.500
1.940,-5.719,9.500
1.956,-5.694,9.500
1.981,-5.695,9.500
1.998,-5.670,9.500
2.023,-5.671,9.500
2.048,-5.671,9.500
2.074,-5.672,9.500
2.272,-6.138,9.500
2.115,-5.647,9.500
2.134,-5.630,9.500
2.156,-5.622,9.500
2.175,-5.605,9.500
2.194,-5.588,9.500
2.222,-5.596,9.500
2.244,-5.587,9.500
2.266,-5.578,9.500
2.484,-6.046,9.500
2.296,-5.527,9.500
2.519,-5.997,9.500
2.361,-5.558,9.500
2.365,-5.508,9.500
2.593,-5.974,9.500
2.412,-5.497,9.500
2.437,-5.496,9.500
2.469,-5.511,9.500
2.502,-5.526,9.500
2.696,-5.893,9.500
2.538,-5.490,9.500
2.544,-5.447,9.500
2.585,-5.478,9.500
2.583,-5.419,9.500
2.604,-5.409,9.500
2.859,-5.878,9.500
2.647,-5.388,9.500
2.891,-5.827,9.500
2.721,-5.431,9.500
2.722,-5.381,9.500
2.735,-5.354,9.500
2.993,-5.802,9.500
2.794,-5.364,9.500
2.807,-5.337,9.500
2.848,-5.365,9.500
2.840,-5.299,9.500
2.861,-5.288,9.500
2.886,-5.284,9.500
2.902,-5.265,9.500
2.923,-5.254,9.500
3.193,-5.686,9.500
2.977,-5.254,9.500
2.980,-5.211,9.500
3.019,-5.230,9.500
3.035,-5.211,9.500
3.037,-5.168,9.500
3.075,-5.187,9.500
3.087,-5.159,9.500
3.088,-5.116,9.500
3.127,-5.135,9.500
3.380,-5.501,9.500
3.177,-5.125,9.500
3.192,-5.105,9.500
3.217,-5.100,9.500
3.232,-5.080,9.500
3.237,-5.044,9.500
3.282,-5.070,9.500
3.297,-5.049,9.500
3.316,-5.036,9.500
3.346,-5.038,9.500
3.346,-4.995,9.500
3.381,-5.004,9.500
3.653,-5.362,9.500
3.405,-4.955,9.500
3.709,-5.353,9.500
3.454,-4.943,9.500
3.483,-4.944,9.500
3.487,-4.908,9.500
3.506,-4.895,9.500
3.520,-4.873,9.500
3.858,-5.297,9.500
3.564,-4.853,9.500
3.578,-4.832,9.500
3.607,-4.832,9.500
3.615,-4.803,9.500
3.651,-4.811,9.500
3.637,-4.753,9.500
3.672,-4.760,9.500
3.696,-4.753,9.500
4.028,-5.138,9.500
3.733,-4.724,9.500
3.746,-4.702,9.500
3.770,-4.694,9.500
4.098,-5.062,9.500
3.818,-4.679,9.500
4.158,-5.054,9.500
3.866,-4.662,9.500
3.850,-4.606,9.500
3.891,-4.618,9.500
4.216,-4.964,9.500
3.928,-4.587,9.500
3.928,-4.551,9.500
3.958,-4.549,9.500
4.057,-4.627,9.500
3.993,-4.518,9.500
4.035,-4.529,9.500
4.011,-4.467,9.500
4.016,-4.437,9.500
4.027,-4.415,9.500
4.057,-4.412,9.500
4.056,-4.376,9.500
4.147,-4.439,9.500
4.133,-4.391,9.500
4.163,-4.387,9.500
4.155,-4.345,9.500
4.191,-4.348,9.500
4.208,-4.331,9.500
4.557,-4.653,9.500
4.248,-4.305,9.500
4.519,-4.543,9.500
4.639,-4.627,9.500
4.299,-4.254,9.500
4.315,-4.237,9.500
4.313,-4.202,9.500
4.303,-4.159,9.500
4.339,-4.161,9.500
4.349,-4.138,9.500
4.391,-4.146,9.500
4.434,-4.153,9.500
4.391,-4.080,9.500
4.427,-4.081,9.500
4.463,-4.082,9.500
4.505,-4.088,9.500
4.454,-4.011,9.500
4.510,-4.029,9.500
4.519,-4.006,9.500
4.582,-4.029,9.500
4.551,-3.970,9.500
4.539,-3.928,9.500
4.561,-3.916,9.500
5.030,-4.285,9.500
4.599,-3.886,9.500
4.991,-4.184,9.500
4.650,-3.867,9.500
4.637,-3.826,9.500
4.666,-3.819,9.500
4.646,-3.772,9.500
4.710,-3.794,9.500
4.704,-3.758,9.500
4.740,-3.757,9.500
4.691,-3.688,9.500
4.797,-3.741,9.500
4.784,-3.700,9.500
4.784,-3.671,9.500
4.820,-3.668,9.500
5.192,-3.919,9.500
5.226,-3.913,9.500
4.898,-3.638,9.500
5.270,-3.881,9.500
4.869,-3.557,9.500
5.261,-3.812,9.500
4.875,-3.503,9.500
5.362,-3.821,9.500
4.925,-3.480,9.500
4.938,-3.461,9.500
4.944,-3.436,9.500
4.943,-3.406,9.500
5.001,-3.417,9.500
4.985,-3.377,9.500
5.057,-3.398,9.500
5.026,-3.348,9.500
5.031,-3.323,9.500
5.104,-3.343,9.500
5.529,-3.590,9.500
5.070,-3.264,9.500
5.068,-3.234,9.500
5.118,-3.238,9.500
5.093,-3.194,9.500
5.113,-3.179,9.500
5.187,-3.196,9.500
5.544,-3.387,9.500
5.150,-3.119,9.500
5.247,-3.149,9.500
5.183,-3.083,9.500
5.195,-3.062,9.500
5.183,-3.028,9.500
5.280,-3.057,9.500
5.670,-3.253,9.500
5.226,-2.971,9.500
5.331,-3.003,9.500
5.257,-2.935,9.500
5.253,-2.905,9.500
5.781,-3.167,9.500
5.292,-2.872,9.500
5.311,-2.856,9.500
5.306,-2.826,9.500
5.388,-2.843,9.500
5.870,-3.068,9.500
5.395,-2.793,9.500
5.445,-2.791,9.500
5.432,-2.758,9.500
5.403,-2.717,9.500
5.422,-2.699,9.500
5.842,-2.880,9.500
5.443,-2.657,9.500
5.762,-2.784,9.500
5.705,-2.730,9.500
5.522,-2.615,9.500
5.508,-2.582,9.500
5.494,-2.549,9.500
5.480,-2.517,9.500
5.538,-2.517,9.500
6.005,-2.701,9.500
5.558,-2.474,9.500
5.560,-2.448,9.500
5.594,-2.437,9.500
5.587,-2.408,9.500
6.057,-2.582,9.500
5.614,-2.367,9.500
6.048,-2.522,9.500
5.665,-2.337,9.500
5.641,-2.301,9.500
5.667,-2.285,9.500
6.050,-2.412,9.500
5.651,-2.228,9.500
5.878,-2.290,9.500
5.710,-2.199,9.500
5.677,-2.161,9.500
5.702,-2.145,9.500
5.686,-2.113,9.500
5.711,-2.097,9.500
6.197,-2.248,9.500
5.744,-2.058,9.500
5.743,-2.033,9.500
6.230,-2.177,9.500
5.726,-1.976,9.500
5.767,-1.965,9.500
6.278,-2.111,9.500
5.791,-1.922,9.500
5.790,-1.897,9.500
5.831,-1.885,9.500
5.779,-1.843,9.500
5.803,-1.826,9.500
5.819,-1.805,9.500
5.834,-1.785,9.500
5.833,-1.760,9.500
6.318,-1.879,9.500
5.863,-1.719,9.500
5.870,-1.696,9.500
5.894,-1.677,9.500
5.858,-1.642,9.500
6.278,-1.733,9.500
5.870,-1.596,9.500
6.383,-1.709,9.500
5.891,-1.552,9.500
5.889,-1.527,9.500
5.903,-1.506,9.500
5.901,-1.481,9.500
5.889,-1.453,9.500
5.921,-1.436,9.500
6.412,-1.529,9.500
5.949,-1.394,9.500
6.409,-1.475,9.500
5.908,-1.335,9.500
5.939,-1.318,9.500
5.962,-1.298,9.500
6.001,-1.282,9.500
5.954,-1.248,9.500
5.968,-1.226,9.500
5.999,-1.208,9.500
6.467,-1.276,9.500
5.947,-1.149,9.500
6.477,-1.225,9.500
5.982,-1.107,9.500
6.004,-1.087,9.500
6.085,-1.077,9.500
5.977,-1.033,9.500
6.523,-1.101,9.500
5.985,-0.986,9.500
5.936,-0.954,9.500
6.536,-1.024,9.500
6.040,-0.922,9.500
6.121,-0.910,9.500
6.047,-0.875,9.500
6.068,-0.854,9.500
6.063,-0.829,9.500
6.161,-0.817,9.500
6.043,-0.777,9.500
6.439,-0.803,9.500
6.084,-0.734,9.500
6.043,-0.705,9.500
6.036,-0.680,9.500
6.100,-0.663,9.500
6.059,-0.635,9.500
6.071,-0.612,9.500
6.055,-0.586,9.500
6.066,-0.563,9.500
6.060,-0.539,9.500
6.071,-0.516,9.500
6.073,-0.492,9.500
6.092,-0.469,9.500
6.059,-0.443,9.500
6.069,-0.420,9.500
6.080,-0.396,9.500
6.072,-0.372,9.500
6.082,-0.349,9.500
6.075,-0.324,9.500
6.085,-0.301,9.500
6.121,-0.278,9.500
6.078,-0.253,9.500
6.070,-0.228,9.500
6.133,-0.207,9.500
6.063,-0.180,9.500
6.073,-0.157,9.500
6.082,-0.133,9.500
6.127,-0.110,9.500
6.568,-0.092,9.500
6.520,-0.066,9.500
6.110,-0.038,9.500
6.119,-0.014,9.500
6.119,0.010,9.500
6.607,0.037,9.500
6.092,0.058,9.500
6.118,0.083,9.500
6.074,0.106,9.500
5.845,0.125,10.000
5.937,0.150,10.000
6.027,0.176,10.000
6.018,0.199,10.000
5.999,0.222,10.000
6.467,0.265,10.000
6.006,0.270,10.000
6.041,0.295,10.000
6.022,0.318,10.000
6.002,0.341,10.000
6.019,0.365,10.000
6.008,0.388,10.000
5.998,0.411,10.000
6.014,0.436,10.000
5.994,0.459,10.000
6.002,0.483,10.000
6.529,0.551,10.000
6.007,0.531,10.000
6.501,0.600,10.000
6.002,0.578,10.000
5.982,0.600,10.000
6.486,0.676,10.000
5.968,0.646,10.000
5.966,0.669,10.000
6.016,0.699,10.000
5.951,0.715,10.000
5.984,0.743,10.000
5.945,0.762,10.000
5.951,0.786,10.000
6.437,0.876,10.000
5.981,0.838,10.000
5.968,0.860,10.000
5.938,0.880,10.000
6.454,0.982,10.000
5.940,0.928,10.000
6.439,1.032,10.000
5.924,0.973,10.000
5.884,0.990,10.000
5.942,1.024,10.000
5.982,1.055,10.000
5.925,1.069,10.000
5.930,1.094,10.000
5.872,1.107,10.000
5.903,1.137,10.000
6.030,1.186,10.000
5.877,1.180,10.000
5.898,1.208,10.000
5.885,1.230,10.000
5.933,1.264,10.000
5.910,1.284,10.000
5.870,1.299,10.000
6.377,1.438,10.000
5.877,1.349,10.000
5.837,1.364,10.000
6.336,1.507,10.000
5.799,1.403,10.000
5.846,1.439,10.000
6.152,1.540,10.000
5.844,1.487,10.000
5.838,1.510,10.000
5.832,1.533,10.000
6.292,1.681,10.000
5.794,1.572,10.000
5.796,1.597,10.000
5.798,1.622,10.000
5.783,1.643,10.000
6.273,1.808,10.000
5.770,1.688,10.000
5.772,1.713,10.000
5.774,1.738,10.000
5.750,1.756,10.000
5.760,1.784,10.000
6.252,1.963,10.000
6.191,1.971,10.000
5.756,1.857,10.000
5.697,1.863,10.000
5.758,1.908,10.000
5.725,1.922,10.000
5.692,1.936,10.000
5.684,1.958,10.000
5.719,1.995,10.000
5.660,2.000,10.000
5.686,2.034,10.000
5.661,2.050,10.000
5.653,2.072,10.000
6.113,2.269,10.000
5.637,2.117,10.000
5.620,2.136,10.000
5.603,2.155,10.000
5.994,2.332,10.000
5.611,2.208,10.000
6.080,2.421,10.000
5.585,2.249,10.000
5.560,2.264,10.000
6.051,2.492,10.000
5.567,2.318,10.000
5.582,2.351,10.000
5.532,2.355,10.000
5.740,2.470,10.000
5.603,2.437,10.000
5.577,2.452,10.000
5.567,2.474,10.000
5.574,2.503,10.000
6.010,2.727,10.000
5.554,2.547,10.000
5.528,2.561,10.000
5.558,2.602,10.000
5.508,2.605,10.000
5.941,2.838,10.000
5.487,2.648,10.000
5.532,2.696,10.000
5.482,2.699,10.000
5.447,2.708,10.000
5.500,2.761,10.000
5.394,2.735,10.000
5.888,3.015,10.000
5.412,2.798,10.000
5.858,3.057,10.000
5.343,2.815,10.000
5.324,2.832,10.000
5.773,3.100,10.000
5.309,2.878,10.000
5.321,2.912,10.000
5.286,2.920,10.000
5.730,3.194,10.000
5.287,2.974,10.000
5.663,3.216,10.000
5.317,3.047,10.000
5.243,3.032,10.000
5.247,3.062,10.000
5.250,3.091,10.000
5.192,3.084,10.000
5.218,3.128,10.000
5.634,3.407,10.000
5.186,3.164,10.000
5.166,3.180,10.000
5.593,3.473,10.000
5.125,3.211,10.000
5.512,3.483,10.000
5.122,3.265,10.000
5.102,3.281,10.000
5.126,3.325,10.000
5.069,3.316,10.000
5.048,3.331,10.000
5.101,3.395,10.000
5.059,3.395,10.000
5.031,3.405,10.000
5.438,3.712,10.000
5.011,3.449,10.000
5.168,3.587,10.000
4.998,3.499,10.000
4.970,3.508,10.000
4.935,3.512,10.000
5.330,3.825,10.000
4.921,3.561,10.000
5.312,3.876,10.000
4.907,3.610,10.000
4.865,3.608,10.000
4.858,3.633,10.000
4.886,3.684,10.000
4.850,3.687,10.000
4.836,3.706,10.000
5.204,4.021,10.000
5.048,3.933,10.000
4.785,3.757,10.000
4.749,3.760,10.000
4.762,3.800,10.000
4.740,3.814,10.000
4.718,3.827,10.000
4.689,3.834,10.000
5.081,4.187,10.000
4.659,3.870,10.000
4.671,3.912,10.000
4.608,3.890,10.000
4.620,3.931,10.000
4.962,4.256,10.000
4.616,3.990,10.000
4.573,3.985,10.000
4.557,4.003,10.000
4.555,4.033,10.000
4.499,4.015,10.000
4.872,4.382,10.000
4.527,4.104,10.000
4.471,4.086,10.000
4.449,4.097,10.000
4.446,4.127,10.000
4.785,4.477,10.000
4.432,4.180,10.000
4.397,4.179,10.000
4.380,4.196,10.000
4.759,4.595,10.000
4.328,4.212,10.000
4.330,4.248,10.000
4.677,4.623,10.000
4.303,4.288,10.000
4.311,4.330,10.000
4.263,4.315,10.000
4.259,4.344,10.000
4.241,4.361,10.000
4.212,4.365,10.000
4.207,4.394,10.000
4.214,4.436,10.000
4.203,4.459,10.000
4.179,4.469,10.000
4.191,4.518,10.000
4.168,4.528,10.000
4.161,4.557,10.000
4.138,4.567,10.000
4.102,4.564,10.000
4.424,4.960,10.000
4.072,4.602,10.000
4.071,4.638,10.000
4.324,4.965,10.000
3.948,4.570,10.000
3.965,4.626,10.000
3.952,4.648,10.000
3.917,4.643,10.000
3.893,4.652,10.000
3.909,4.708,10.000
3.856,4.682,10.000
3.838,4.697,10.000
3.814,4.705,10.000
3.806,4.734,10.000
4.096,5.135,10.000
3.758,4.750,10.000
3.761,4.793,10.000
3.715,4.772,10.000
3.718,4.815,10.000
3.699,4.830,10.000
3.675,4.837,10.000
3.645,4.837,10.000
3.647,4.880,10.000
3.916,5.283,10.000
3.598,4.894,10.000
3.569,4.894,10.000
3.549,4.908,10.000
3.509,4.893,10.000
3.526,4.957,10.000
3.491,4.949,10.000
3.477,4.970,10.000
3.457,4.984,10.000
3.443,5.005,10.000
3.418,5.011,10.000
3.684,5.447,10.000
3.369,5.023,10.000
3.349,5.036,10.000
3.615,5.484,10.000
3.343,5.114,10.000
3.313,5.113,10.000
3.284,5.111,10.000
3.254,5.109,10.000
3.477,5.507,10.000
3.219,5.141,10.000
3.198,5.154,10.000
3.183,5.174,10.000
3.144,5.156,10.000
3.142,5.199,10.000
3.117,5.204,10.000
3.096,5.216,10.000
3.156,5.364,10.000
3.055,5.240,10.000
3.282,5.680,10.000
3.023,5.279,10.000
3.249,5.727,10.000
2.973,5.287,10.000
2.934,5.268,10.000
3.174,5.751,10.000
2.923,5.346,10.000
2.914,5.380,10.000
2.864,5.337,10.000
2.864,5.387,10.000
2.838,5.391,10.000
2.825,5.418,10.000
2.792,5.405,10.000
2.779,5.432,10.000
2.968,5.859,10.000
2.740,5.461,10.000
2.818,5.672,10.000
2.689,5.467,10.000
2.656,5.453,10.000
2.654,5.504,10.000
2.625,5.498,10.000
2.599,5.500,10.000
2.585,5.527,10.000
2.763,5.968,10.000
2.527,5.514,10.000
2.512,5.541,10.000
2.494,5.558,10.000
2.665,6.003,10.000
2.454,5.586,10.000
2.439,5.612,10.000
2.417,5.621,10.000
2.385,5.606,10.000
2.376,5.648,10.000
2.532,6.086,10.000
2.322,5.642,10.000
2.293,5.635,10.000
2.294,5.701,10.000
2.239,5.628,10.000
2.233,5.678,10.000
2.391,6.151,10.000
2.182,5.679,10.000
2.166,5.704,10.000
2.159,5.754,10.000
2.118,5.713,10.000
2.101,5.737,10.000
2.076,5.737,10.000
2.044,5.720,10.000
2.173,6.157,10.000
2.005,5.753,10.000
1.979,5.753,10.000
1.963,5.777,10.000
1.940,5.785,10.000
1.920,5.801,10.000
1.905,5.833,10.000
2.008,6.229,10.000
1.838,5.781,10.000
1.815,5.788,10.000
1.800,5.820,10.000
1.767,5.793,10.000
1.755,5.834,10.000
1.891,6.380,10.000
1.691,5.788,10.000
1.683,5.846,10.000
1.655,5.836,10.000
1.644,5.885,10.000
1.619,5.883,10.000
1.586,5.855,10.000
1.568,5.878,10.000
1.540,5.867,10.000
1.524,5.899,10.000
1.492,5.870,10.000
1.473,5.893,10.000
1.448,5.890,10.000
1.423,5.887,10.000
1.400,5.893,10.000
1.368,5.863,10.000
1.357,5.921,10.000
1.334,5.926,10.000
1.416,6.406,10.000
1.285,5.928,10.000
1.262,5.933,10.000
1.346,6.453,10.000
1.318,6.443,10.000
1.183,5.904,10.000
1.169,5.952,10.000
1.145,5.957,10.000
1.215,6.455,10.000
1.099,5.965,10.000
1.081,6.005,10.000
1.104,6.270,10.000
1.033,6.004,10.000
1.087,6.470,10.000
0.984,6.003,10.000
1.032,6.455,10.000
0.934,5.993,10.000
0.912,6.006,10.000
0.962,6.506,10.000
0.865,6.013,10.000
0.841,6.016,10.000
0.890,6.555,10.000
0.793,6.014,10.000
0.769,6.017,10.000
0.740,5.975,10.000
0.725,6.049,10.000
0.697,6.017,10.000
0.677,6.055,10.000
0.651,6.031,10.000
0.628,6.042,10.000
0.652,6.520,10.000
0.577,6.011,10.000
0.560,6.084,10.000
0.532,6.042,10.000
0.510,6.062,10.000
0.483,6.029,10.000
0.461,6.057,10.000
0.474,6.567,10.000
0.416,6.096,10.000
0.389,6.053,10.000
0.366,6.064,10.000
0.342,6.056,10.000
0.318,6.049,10.000
0.318,6.553,10.000
0.272,6.095,10.000
0.247,6.061,10.000
0.247,6.726,10.000
0.197,6.018,10.000
0.179,6.203,10.000
0.163,6.550,10.000
0.127,6.020,10.000
0.113,6.591,10.000
0.080,6.074,10.000
0.056,6.048,10.000
0.032,6.066,10.000
0.008,6.092,10.000
-0.016,6.066,10.000
-0.039,6.039,10.000
-0.063,6.065,10.000
-0.088,6.101,10.000
-0.120,6.575,10.000
-0.135,6.064,10.000
-0.158,6.064,10.000
-0.182,6.063,10.000
-0.206,6.062,10.000
-0.230,6.053,10.000
-0.253,6.052,10.000
-0.278,6.059,10.000
-0.301,6.058,10.000
-0.325,6.057,10.000
-0.359,6.221,10.000
-0.373,6.054,10.000
-0.398,6.079,10.000
-0.422,6.069,10.000
-0.446,6.076,10.000
-0.522,6.748,10.000
-0.494,6.072,10.000
-0.563,6.607,10.000
-0.541,6.059,10.000
-0.568,6.092,10.000
-0.586,6.028,10.000
-0.612,6.053,10.000
-0.687,6.540,10.000
-0.662,6.065,10.000
-0.682,6.036,10.000
-0.765,6.539,10.000
-0.734,6.066,10.000
-0.761,6.089,10.000
-0.777,6.025,10.000
-0.808,6.074,10.000
-0.832,6.071,10.000
-0.842,5.971,10.000
-0.869,5.994,10.000
-0.904,6.069,10.000
-0.991,6.477,10.000
-0.933,5.939,10.000
-0.959,5.953,10.000
-0.981,5.941,10.000
-0.997,5.892,10.000
-1.018,5.879,10.000
-1.054,5.946,10.000
-1.077,5.942,10.000
-1.083,5.840,10.000
-1.214,6.407,10.000
-1.144,5.911,10.000
-1.165,5.898,10.000
-1.199,5.946,10.000
-1.214,5.897,10.000
-1.237,5.893,10.000
-1.258,5.879,10.000
-1.367,6.268,10.000
-1.306,5.878,10.000
-1.325,5.855,10.000
-1.409,6.114,10.000
-1.377,5.871,10.000
-1.471,6.160,10.000
-1.426,5.868,10.000
-1.442,5.836,10.000
-1.469,5.848,10.000
-1.490,5.834,10.000
-1.509,5.810,10.000
-1.556,5.899,10.000
-1.556,5.807,10.000
-1.582,5.810,10.000
-1.609,5.821,10.000
-1.762,6.278,10.000
-1.653,5.799,10.000
-1.673,5.784,10.000
-1.718,5.854,10.000
-1.744,5.856,10.000
-1.759,5.824,10.000
-1.792,5.851,10.000
-1.815,5.843,10.000
-1.825,5.794,10.000
-2.000,6.265,10.000
-1.873,5.788,10.000
-1.896,5.781,10.000
-2.066,6.218,10.000
-1.944,5.774,10.000
-1.972,5.783,10.000
-2.152,6.231,10.000
-1.997,5.709,10.000
-2.023,5.709,10.000
-2.212,6.168,10.000
-2.079,5.727,10.000
-2.093,5.693,10.000
-2.118,5.693,10.000
-2.141,5.685,10.000
-2.163,5.677,10.000
-2.188,5.676,10.000
-2.207,5.659,10.000
-2.249,5.700,10.000
-2.435,6.100,10.000
-2.287,5.666,10.000
-2.309,5.657,10.000
-2.342,5.672,10.000
-2.367,5.671,10.000
-2.386,5.653,10.000
-2.415,5.660,10.000
-2.413,5.594,10.000
-2.449,5.617,10.000
-2.485,5.639,10.000
-2.504,5.621,10.000
-2.522,5.604,10.000
-2.555,5.617,10.000
-2.559,5.568,10.000
-2.588,5.574,10.000
-2.606,5.555,10.000
-2.613,5.513,10.000
-2.623,5.479,10.000
-2.641,5.461,10.000
-2.701,5.529,10.000
-2.715,5.503,10.000
-2.737,5.492,10.000
-2.963,5.888,10.000
-2.784,5.479,10.000
-2.805,5.468,10.000
-2.843,5.487,10.000
-2.836,5.422,10.000
-2.820,5.340,10.000
-3.090,5.796,10.000
-2.879,5.349,10.000
-2.942,5.415,10.000
-2.955,5.388,10.000
-3.215,5.808,10.000
-3.010,5.388,10.000
-3.018,5.353,10.000
-3.169,5.569,10.000
-3.051,5.314,10.000
-3.085,5.325,10.000
-3.175,5.431,10.000
-3.127,5.300,10.000
-3.130,5.258,10.000
-3.426,5.704,10.000
-3.194,5.271,10.000
-3.201,5.236,10.000
-3.240,5.253,10.000
-3.511,5.643,10.000
-3.262,5.198,10.000
-3.306,5.221,10.000
-3.279,5.135,10.000
-3.333,5.173,10.000
-3.343,5.146,10.000
-3.383,5.162,10.000
-3.393,5.134,10.000
-3.389,5.084,10.000
-3.429,5.100,10.000
-3.419,5.042,10.000
-3.454,5.051,10.000
-3.433,4.979,10.000
-3.523,5.067,10.000
-3.503,4.995,10.000
-3.523,4.982,10.000
-3.511,4.924,10.000
-3.525,4.903,10.000
-3.560,4.911,10.000
-3.532,4.832,10.000
-3.604,4.890,10.000
-3.623,4.876,10.000
-3.637,4.854,10.000
-3.968,5.254,10.000
-3.675,4.826,10.000
-3.683,4.797,10.000
-4.035,5.213,10.000
-3.726,4.775,10.000
-4.071,5.175,10.000
-3.769,4.753,10.000
-3.788,4.738,10.000
-3.801,4.716,10.000
-4.142,5.098,10.000
-3.832,4.679,10.000
-3.879,4.698,10.000
-3.892,4.676,10.000
-3.875,4.620,10.000
-3.911,4.625,10.000
-4.266,5.005,10.000
-3.947,4.594,10.000
-4.305,4.971,10.000
-3.989,4.570,10.000
-4.013,4.561,10.000
-4.007,4.518,10.000
-4.054,4.536,10.000
-4.084,4.533,10.000
-4.096,4.510,10.000
-4.114,4.494,10.000
-4.125,4.471,10.000
-4.149,4.462,10.000
-4.160,4.439,10.000
-4.532,4.798,10.000
-4.207,4.419,10.000
-4.225,4.402,10.000
-4.577,4.733,10.000
-4.247,4.356,10.000
-4.239,4.314,10.000
-4.318,4.360,10.000
-4.304,4.312,10.000
-4.664,4.636,10.000
-4.337,4.278,10.000
-4.348,4.255,10.000
-4.402,4.275,10.000
-4.375,4.215,10.000
-4.423,4.228,10.000
-4.421,4.192,10.000
-4.430,4.169,10.000
-4.447,4.152,10.000
-4.830,4.474,10.000
-4.518,4.152,10.000
-4.495,4.099,10.000
-4.524,4.093,10.000
-4.547,4.081,10.000
-4.523,4.028,10.000
-4.566,4.034,10.000
-4.886,4.282,10.000
-4.591,3.992,10.000
-4.613,3.980,10.000
-4.635,3.968,10.000
-5.019,4.262,10.000
-4.653,3.920,10.000
-4.702,3.930,10.000
-4.690,3.889,10.000
-4.698,3.865,10.000
-4.768,3.891,10.000
-4.742,3.839,10.000
-4.737,3.804,10.000
-5.162,4.112,10.000
-4.787,3.783,10.000
-5.194,4.071,10.000
-4.831,3.756,10.000
-4.817,3.715,10.000
-4.860,3.718,10.000
-4.846,3.677,10.000
-4.861,3.658,10.000
-5.282,3.943,10.000
-4.896,3.625,10.000
-4.925,3.617,10.000
-4.917,3.582,10.000
-4.924,3.557,10.000
-4.960,3.553,10.000
-5.002,3.554,10.000
-5.382,3.792,10.000
-4.950,3.459,10.000
-5.171,3.583,10.000
-5.057,3.475,10.000
-5.027,3.426,10.000
-5.077,3.431,10.000
-5.076,3.401,10.000
-5.371,3.568,10.000
-5.095,3.356,10.000
-5.101,3.331,10.000
-5.487,3.553,10.000
-5.119,3.286,10.000
-5.406,3.440,10.000
-5.182,3.270,10.000
-5.150,3.221,10.000
-5.185,3.215,10.000
-5.213,3.204,10.000
-5.203,3.170,10.000
-5.200,3.140,10.000
-5.794,3.468,10.000
-5.240,3.108,10.000
-5.290,3.110,10.000
-5.272,3.072,10.000
-5.299,3.060,10.000
-5.742,3.285,10.000
-5.323,3.018,10.000
-5.312,2.984,10.000
-5.284,2.942,10.000
-5.343,2.947,10.000
-5.423,2.963,10.000
-5.381,2.913,10.000
-5.377,2.884,10.000
-5.419,2.879,10.000
-5.399,2.841,10.000
-5.410,2.820,10.000
-5.878,3.035,10.000
-5.424,2.774,10.000
-5.874,2.974,10.000
-5.485,2.751,10.000
-5.449,2.706,10.000
-5.999,2.950,10.000
-5.462,2.659,10.000
-5.456,2.630,10.000
-5.928,2.829,10.000
-5.469,2.583,10.000
-5.471,2.558,10.000
-5.954,2.755,10.000
-5.523,2.530,10.000
-5.525,2.504,10.000
-5.526,2.479,10.000
-5.552,2.465,10.000
-5.546,2.436,10.000
-5.612,2.439,10.000
-5.573,2.396,10.000
-5.639,2.398,10.000
-5.624,2.366,10.000
-5.601,2.330,10.000
-5.626,2.315,10.000
-5.619,2.286,10.000
-5.636,2.267,10.000
-5.661,2.252,10.000
-5.645,2.220,10.000
-5.662,2.201,10.000
-5.654,2.172,10.000
-5.662,2.150,10.000
-6.164,2.313,10.000
-5.696,2.112,10.000
-5.696,2.086,10.000
-5.704,2.064,10.000
-5.720,2.044,10.000
-5.762,2.034,10.000
-5.736,1.999,10.000
-5.744,1.977,10.000
-5.743,1.952,10.000
-5.742,1.926,10.000
-5.767,1.909,10.000
-5.749,1.878,10.000
-5.790,1.867,10.000
-5.789,1.841,10.000
-5.813,1.824,10.000
-6.290,1.946,10.000
-5.793,1.768,10.000
-5.817,1.750,10.000
-6.040,1.791,10.000
-5.805,1.697,10.000
-5.854,1.687,10.000
-5.861,1.664,10.000
-6.295,1.760,10.000
-5.874,1.618,10.000
-5.906,1.602,10.000
-5.878,1.569,10.000
-5.918,1.555,10.000
-6.405,1.656,10.000
-5.896,1.500,10.000
-6.248,1.563,10.000
-5.950,1.464,10.000
-5.964,1.443,10.000
-5.919,1.407,10.000
-5.881,1.374,10.000
-6.440,1.478,10.000
-5.986,1.349,10.000
-5.957,1.318,10.000
-5.954,1.293,10.000
-5.959,1.270,10.000
-5.964,1.246,10.000
-6.427,1.317,10.000
-5.973,1.199,10.000
-6.089,1.198,10.000
-5.991,1.154,10.000
-6.030,1.137,10.000
-5.974,1.102,10.000
-6.495,1.172,10.000
-6.017,1.062,10.000
-6.021,1.038,10.000
-6.008,1.011,10.000
-6.497,1.068,10.000
-5.981,0.959,10.000
-6.063,0.947,10.000
-6.032,0.918,10.000
-6.044,0.896,10.000
-6.039,0.871,10.000
-6.536,0.917,10.000
-6.037,0.822,10.000
-6.022,0.796,10.000
-6.034,0.774,10.000
-5.984,0.744,10.000
-6.058,0.729,10.000
-6.034,0.702,10.000
-6.028,0.677,10.000
-5.941,0.644,10.000
-6.095,0.636,10.000
-6.535,0.656,10.000
-6.577,0.635,10.000
-6.093,0.564,10.000
-6.042,0.535,10.000
-5.964,0.505,10.000
-6.073,0.490,10.000
-5.967,0.458,10.000
-6.085,0.443,10.000
-6.007,0.414,10.000
-5.999,0.389,10.000
-6.532,0.398,10.000
-6.478,0.370,10.000
-5.967,0.317,10.000
-6.041,0.297,10.000
-6.042,0.273,10.000
-5.998,0.248,10.000
-6.532,0.244,10.000
-6.185,0.207,10.000
-6.009,0.177,10.000
-6.019,0.154,10.000
-6.038,0.131,10.000
-6.488,0.115,10.000
-6.056,0.084,10.000
-6.030,0.060,10.000
-5.994,0.036,10.000
-6.003,0.012,10.000
-6.039,-0.011,10.000
-6.012,-0.035,10.000
-6.030,-0.058,10.000
-6.002,-0.082,10.000
-6.020,-0.106,10.000
-6.511,-0.140,10.000
-5.983,-0.152,10.000
-6.018,-0.176,10.000
-6.009,-0.200,10.000
-6.008,-0.223,10.000
-6.499,-0.267,10.000
-6.015,-0.271,10.000
-6.005,-0.294,10.000
-6.551,-0.346,10.000
-6.011,-0.341,10.000
-6.001,-0.365,10.000
-6.008,-0.389,10.000
-6.052,-0.415,10.000
-5.987,-0.434,10.000
-5.958,-0.456,10.000
-5.984,-0.481,10.000
-5.991,-0.506,10.000
-6.535,-0.577,10.000
-6.004,-0.554,10.000
-5.966,-0.574,10.000
-6.027,-0.604,10.000
-6.478,-0.675,10.000
-5.959,-0.644,10.000
-5.984,-0.671,10.000
-5.990,-0.695,10.000
-5.978,-0.718,10.000
-6.011,-0.746,10.000
-5.936,-0.760,10.000
-6.005,-0.793,10.000
-5.984,-0.814,10.000
-6.474,-0.906,10.000
-5.960,-0.858,10.000
-5.974,-0.884,10.000
-6.431,-0.978,10.000
-5.949,-0.928,10.000
-5.981,-0.957,10.000
-6.003,-0.985,10.000
-6.052,-1.017,10.000
-5.934,-1.021,10.000
-6.043,-1.065,10.000
-6.013,-1.084,10.000
-6.000,-1.106,10.000
-6.005,-1.131,10.000
-6.458,-1.242,10.000
-5.969,-1.173,10.000
-6.025,-1.208,10.000
-6.365,-1.302,10.000
-5.955,-1.243,10.000
-5.968,-1.270,10.000
-6.442,-1.397,10.000
-5.966,-1.319,10.000
-5.978,-1.346,10.000
-5.956,-1.365,10.000
-5.916,-1.381,10.000
-6.451,-1.532,10.000
-5.931,-1.433,10.000
-5.908,-1.452,10.000
-5.936,-1.484,10.000
-5.905,-1.501,10.000
-5.933,-1.533,10.000
-5.910,-1.552,10.000
-5.912,-1.577,10.000
-6.370,-1.726,10.000
-5.891,-1.621,10.000
-5.902,-1.649,10.000
-6.349,-1.801,10.000
-5.872,-1.690,10.000
-5.890,-1.721,10.000
-6.143,-1.821,10.000
-5.834,-1.754,10.000
-5.836,-1.779,10.000
-5.837,-1.805,10.000
-5.822,-1.825,10.000
-5.840,-1.856,10.000
-6.297,-2.028,10.000
-5.783,-1.888,10.000
-5.776,-1.911,10.000
-5.793,-1.942,10.000
-5.777,-1.962,10.000
-5.761,-1.981,10.000
-5.803,-2.021,10.000
-5.745,-2.027,10.000
-6.215,-2.220,10.000
-5.738,-2.075,10.000
-5.738,-2.100,10.000
-5.738,-2.126,10.000
-5.638,-2.114,10.000
-5.629,-2.136,10.000
-5.646,-2.168,10.000
-5.587,-2.170,10.000
-5.604,-2.202,10.000
-5.637,-2.240,10.000
-5.578,-2.242,10.000
-5.594,-2.274,10.000
-5.569,-2.290,10.000
-5.551,-2.308,10.000
-6.004,-2.524,10.000
-5.533,-2.351,10.000
-5.524,-2.373,10.000
-5.900,-2.562,10.000
-5.513,-2.420,10.000
-5.504,-2.442,10.000
-5.511,-2.470,10.000
-5.484,-2.485,10.000
-5.540,-2.536,10.000
-5.489,-2.539,10.000
-5.463,-2.553,10.000
-5.412,-2.555,10.000
-5.507,-2.626,10.000
-5.497,-2.648,10.000
-5.864,-2.853,10.000
-5.404,-2.655,10.000
-5.393,-2.677,10.000
-5.844,-2.929,10.000
-5.364,-2.715,10.000
-5.345,-2.732,10.000
-5.367,-2.769,10.000
-5.332,-2.778,10.000
-5.240,-2.756,10.000
-5.381,-2.857,10.000
-5.370,-2.878,10.000
-5.832,-3.155,10.000
-5.339,-2.916,10.000
-5.351,-2.950,10.000
-5.355,-2.979,10.000
-5.343,-3.000,10.000
-5.728,-3.246,10.000
-5.289,-3.024,10.000
-5.284,-3.050,10.000
-5.257,-3.061,10.000
-5.690,-3.343,10.000
-5.241,-3.107,10.000
-5.221,-3.123,10.000
-5.216,-3.148,10.000
-5.189,-3.159,10.000
-5.153,-3.166,10.000
-5.563,-3.447,10.000
-5.121,-3.201,10.000
-5.138,-3.240,10.000
-5.595,-3.559,10.000
-5.143,-3.300,10.000
-5.324,-3.445,10.000
-5.139,-3.354,10.000
-5.155,-3.394,10.000
-5.594,-3.715,10.000
-5.106,-3.419,10.000
-5.056,-3.415,10.000
-5.493,-3.741,10.000
-5.065,-3.479,10.000
-5.045,-3.494,10.000
-5.038,-3.519,10.000
-5.017,-3.533,10.000
-4.982,-3.538,10.000
-4.946,-3.542,10.000
-4.925,-3.556,10.000
-4.961,-3.612,10.000
-4.904,-3.600,10.000
-4.869,-3.603,10.000
-5.302,-3.956,10.000
-4.918,-3.700,10.000
-4.847,-3.676,10.000
-5.199,-3.975,10.000
-4.825,-3.720,10.000
-4.761,-3.700,10.000
-4.796,-3.757,10.000
-4.760,-3.760,10.000
-5.120,-4.077,10.000
-4.744,-3.808,10.000
-4.716,-3.815,10.000
-5.084,-4.146,10.000
-4.686,-3.852,10.000
-4.650,-3.853,10.000
-4.867,-4.066,10.000
-4.660,-3.924,10.000
-5.002,-4.245,10.000
-4.629,-3.961,10.000
-4.594,-3.961,10.000
-4.927,-4.283,10.000
-4.562,-3.997,10.000
-4.547,-4.015,10.000
-4.538,-4.039,10.000
-4.508,-4.045,10.000
-4.506,-4.074,10.000
-4.490,-4.092,10.000
-4.837,-4.444,10.000
-4.425,-4.097,10.000
-4.441,-4.145,10.000
-4.767,-4.484,10.000
-4.421,-4.191,10.000
-4.418,-4.221,10.000
-4.720,-4.545,10.000
-4.359,-4.231,10.000
-4.336,-4.242,10.000
-4.677,-4.611,10.000
-4.334,-4.307,10.000
-4.286,-4.292,10.000
-4.294,-4.334,10.000
-4.246,-4.319,10.000
-4.241,-4.349,10.000
-4.557,-4.709,10.000
-4.213,-4.388,10.000
-4.202,-4.411,10.000
-4.209,-4.453,10.000
-4.192,-4.470,10.000
-4.156,-4.467,10.000
-4.126,-4.470,10.000
-4.463,-4.873,10.000
-4.103,-4.515,10.000
-4.062,-4.505,10.000
-4.079,-4.561,10.000
-4.044,-4.557,10.000
-4.020,-4.566,10.000
-3.996,-4.575,10.000
-4.002,-4.617,10.000
-3.955,-4.600,10.000
-4.318,-5.063,10.000
-3.941,-4.657,10.000
-3.923,-4.673,10.000
-3.905,-4.688,10.000
-3.903,-4.724,10.000
-4.184,-5.104,10.000
-3.804,-4.679,10.000
-3.825,-4.742,10.000
-4.104,-5.129,10.000
-3.793,-4.779,10.000
-3.764,-4.780,10.000
-3.750,-4.801,10.000
-3.731,-4.816,10.000
-3.729,-4.852,10.000
-3.720,-4.880,10.000
-3.738,-4.943,10.000
-3.682,-4.909,10.000
-3.641,-4.895,10.000
-3.617,-4.903,10.000
-3.566,-4.874,10.000
-3.594,-4.952,10.000
-3.590,-4.988,10.000
-3.816,-5.346,10.000
-3.541,-5.001,10.000
-3.531,-5.029,10.000
-3.486,-5.007,10.000
-3.466,-5.021,10.000
-3.719,-5.433,10.000
-3.422,-5.041,10.000
-3.362,-4.995,10.000
-3.664,-5.489,10.000
-3.343,-5.051,10.000
-3.333,-5.079,10.000
-3.323,-5.107,10.000
-3.317,-5.142,10.000
-3.320,-5.192,10.000
-3.238,-5.108,10.000
-3.512,-5.588,10.000
-3.217,-5.163,10.000
-3.173,-5.138,10.000
-3.388,-5.534,10.000
-3.395,-5.595,10.000
-3.127,-5.198,10.000
-3.124,-5.241,10.000
-3.357,-5.682,10.000
-3.105,-5.303,10.000
-3.071,-5.292,10.000
-3.302,-5.741,10.000
-3.038,-5.331,10.000
-3.004,-5.320,10.000
-3.219,-5.753,10.000
-2.950,-5.321,10.000
-2.933,-5.340,10.000
-2.908,-5.344,10.000
-2.904,-5.386,10.000
-2.874,-5.382,10.000
-2.845,-5.377,10.000
-2.832,-5.404,10.000
-2.799,-5.392,10.000
-3.010,-5.856,10.000
-2.772,-5.445,10.000
-2.743,-5.440,10.000
-2.962,-5.932,10.000
-2.696,-5.453,10.000
-2.690,-5.496,10.000
-2.661,-5.490,10.000
-2.640,-5.501,10.000
-2.781,-5.854,10.000
-2.604,-5.537,10.000
-2.567,-5.515,10.000
-2.538,-5.509,10.000
-2.531,-5.551,10.000
-2.491,-5.521,10.000
-2.694,-6.033,10.000
-2.462,-5.573,10.000
-2.437,-5.574,10.000
-2.418,-5.592,10.000
-2.602,-6.082,10.000
-2.357,-5.570,10.000
-2.339,-5.587,10.000
-2.320,-5.605,10.000
-2.285,-5.580,10.000
-2.283,-5.639,10.000
-2.241,-5.598,10.000
-2.209,-5.582,10.000
-2.187,-5.590,10.000
-2.331,-6.030,10.000
-2.175,-5.691,10.000
-2.115,-5.599,10.000
-2.143,-5.741,10.000
-2.083,-5.649,10.000
-2.162,-5.935,10.000
-2.048,-5.691,10.000
-2.040,-5.741,10.000
-2.157,-6.145,10.000
-1.981,-5.714,10.000
-1.947,-5.688,10.000
-2.120,-6.275,10.000
-1.902,-5.703,10.000
-1.888,-5.736,10.000
-1.982,-6.102,10.000
-1.849,-5.768,10.000
-1.826,-5.775,10.000
-1.793,-5.748,10.000
-1.872,-6.085,10.000
-1.747,-5.762,10.000
-1.725,-5.769,10.000
-1.850,-6.278,10.000
-1.677,-5.773,10.000
-1.659,-5.797,10.000
-1.637,-5.804,10.000
-1.607,-5.784,10.000
-1.591,-5.816,10.000
-1.571,-5.831,10.000
-1.548,-5.837,10.000
-1.516,-5.808,10.000
-1.589,-6.190,10.000
-1.474,-5.838,10.000
-1.447,-5.826,10.000
-1.558,-6.381,10.000
-1.408,-5.863,10.000
-1.383,-5.860,10.000
-1.362,-5.874,10.000
-1.343,-5.897,10.000
-1.310,-5.858,10.000
-1.394,-6.354,10.000
-1.283,-5.956,10.000
-1.259,-5.961,10.000
-1.342,-6.478,10.000
-1.214,-5.979,10.000
-1.191,-5.984,10.000
-1.145,-5.874,10.000
-1.142,-5.984,10.000
-1.114,-5.963,10.000
-1.098,-6.011,10.000
-1.059,-5.927,10.000
-1.127,-6.455,10.000
-1.109,-6.498,10.000
-1.000,-6.001,10.000
-0.967,-5.952,10.000
-1.021,-6.440,10.000
-0.919,-5.950,10.000
-0.904,-6.007,10.000
-0.878,-5.993,10.000
-0.851,-5.970,10.000
-0.822,-5.937,10.000
-0.802,-5.967,10.000
-0.780,-5.979,10.000
-0.757,-5.982,10.000
-0.732,-5.976,10.000
-0.709,-5.979,10.000
-0.685,-5.982,10.000
-0.716,-6.473,10.000
-0.638,-5.987,10.000
-0.667,-6.495,10.000
-0.593,-6.010,10.000
-0.566,-5.976,10.000
-0.595,-6.549,10.000
-0.519,-5.980,10.000
-0.498,-6.009,10.000
-0.514,-6.516,10.000
-0.450,-5.995,10.000
-0.426,-5.997,10.000
-0.403,-6.008,10.000
-0.411,-6.508,10.000
-0.386,-6.517,10.000
-0.333,-6.030,10.000
-0.313,-6.093,10.000
-0.312,-6.577,10.000
-0.262,-6.015,10.000
-0.241,-6.079,10.000
-0.233,-6.525,10.000
-0.193,-6.098,10.000
-0.168,-6.028,10.000
-0.158,-6.606,10.000
-0.121,-6.047,10.000
-0.096,-5.993,10.000
-0.073,-6.003,10.000
-0.049,-6.030,10.000
-0.026,-6.003,10.000
-0.002,-6.048,10.000
0.022,-6.021,10.000
0.046,-6.110,10.000
0.069,-6.065,10.000
0.092,-6.029,10.000
0.126,-6.559,10.000
0.141,-6.082,10.000
0.163,-6.001,10.000
0.202,-6.494,10.000
0.211,-6.026,10.000
0.233,-5.998,10.000
0.273,-6.377,10.000
0.281,-6.005,10.000
0.305,-6.013,10.000
0.329,-6.021,10.000
0.380,-6.494,10.000
0.375,-6.009,10.000
0.401,-6.035,10.000
0.423,-6.015,10.000
0.447,-6.013,10.000
0.470,-6.012,10.000
0.494,-6.010,10.000
0.560,-6.497,10.000
0.541,-6.006,10.000
0.560,-5.950,10.000
0.583,-5.947,10.000
0.664,-6.511,10.000
0.638,-6.023,10.000
0.657,-5.976,10.000
0.683,-6.000,10.000
0.765,-6.492,10.000
0.727,-5.968,10.000
0.753,-5.983,10.000
0.842,-6.490,10.000
0.804,-6.012,10.000
0.825,-5.991,10.000
0.888,-6.262,10.000
0.867,-5.949,10.000
0.969,-6.472,10.000
0.917,-5.960,10.000
0.941,-5.965,10.000
1.048,-6.476,10.000
0.985,-5.940,10.000
1.004,-5.909,10.000
1.029,-5.914,10.000
1.144,-6.428,10.000
1.077,-5.915,10.000
1.113,-5.981,10.000
1.230,-6.468,10.000
1.150,-5.919,10.000
1.174,-5.924,10.000
1.295,-6.399,10.000
1.221,-5.914,10.000
1.257,-5.970,10.000
1.383,-6.445,10.000
1.283,-5.864,10.000
1.312,-5.886,10.000
1.333,-5.872,10.000
1.360,-5.884,10.000
1.377,-5.852,10.000
1.412,-5.899,10.000
1.422,-5.841,10.000
1.445,-5.836,10.000
1.479,-5.873,10.000
1.496,-5.842,10.000
1.514,-5.818,10.000
1.539,-5.821,10.000
1.557,-5.798,10.000
1.716,-6.291,10.000
1.626,-5.871,10.000
1.630,-5.796,10.000
1.660,-5.816,10.000
1.673,-5.775,10.000
1.701,-5.785,10.000
1.723,-5.778,10.000
1.746,-5.772,10.000
1.766,-5.756,10.000
1.937,-6.226,10.000
1.817,-5.759,10.000
1.831,-5.726,10.000
1.853,-5.719,10.000
1.881,-5.729,10.000
1.901,-5.713,10.000
1.918,-5.688,10.000
2.011,-5.889,10.000
1.962,-5.673,10.000
2.158,-6.162,10.000
2.016,-5.683,10.000
2.032,-5.658,10.000
2.057,-5.659,10.000
2.252,-6.120,10.000
2.111,-5.668,10.000
2.123,-5.634,10.000
2.329,-6.108,10.000
2.181,-5.651,10.000
2.368,-6.067,10.000
2.215,-5.608,10.000
2.227,-5.575,10.000
2.259,-5.591,10.000
2.284,-5.590,10.000
2.303,-5.573,10.000
2.314,-5.539,10.000
2.339,-5.538,10.000
2.389,-5.595,10.000
2.386,-5.528,10.000
2.415,-5.535,10.000
2.628,-5.959,10.000
2.447,-5.491,10.000
2.480,-5.506,10.000
2.708,-5.950,10.000
2.512,-5.462,10.000
2.541,-5.469,10.000
2.551,-5.434,10.000
2.801,-5.906,10.000
2.617,-5.463,10.000
2.630,-5.436,10.000
2.651,-5.426,10.000
2.661,-5.391,10.000
2.690,-5.397,10.000
2.707,-5.378,10.000
2.732,-5.376,10.000
2.985,-5.816,10.000
2.774,-5.354,10.000
2.774,-5.303,10.000
3.060,-5.794,10.000
2.837,-5.321,10.000
2.862,-5.318,10.000
2.896,-5.330,10.000
2.899,-5.287,10.000
2.898,-5.236,10.000
3.192,-5.714,10.000
2.975,-5.276,10.000
2.982,-5.241,10.000
3.251,-5.662,10.000
3.023,-5.218,10.000
3.053,-5.221,10.000
3.059,-5.186,10.000
3.089,-5.189,10.000
3.104,-5.169,10.000
3.115,-5.142,10.000
3.140,-5.137,10.000
3.132,-5.079,10.000
3.185,-5.120,10.000
3.196,-5.092,10.000
3.216,-5.080,10.000
3.245,-5.082,10.000
3.275,-5.085,10.000
3.295,-5.072,10.000
3.547,-5.414,10.000
3.315,-5.016,10.000
3.324,-4.988,10.000
3.359,-4.997,10.000
3.414,-5.036,10.000
3.388,-4.956,10.000
3.417,-4.957,10.000
3.662,-5.268,10.000
3.477,-4.960,10.000
3.486,-4.931,10.000
3.463,-4.859,10.000
3.509,-4.882,10.000
3.836,-5.293,10.000
3.552,-4.862,10.000
3.566,-4.840,10.000
3.622,-4.877,10.000
4.070,-5.435,10.000
3.628,-4.805,10.000
3.641,-4.784,10.000
3.677,-4.791,10.000
3.679,-4.755,10.000
3.708,-4.755,10.000
3.749,-4.768,10.000
3.734,-4.711,10.000
3.770,-4.718,10.000
3.777,-4.689,10.000
3.801,-4.681,10.000
3.808,-4.652,10.000
3.838,-4.651,10.000
4.170,-5.013,10.000
3.845,-4.586,10.000
3.898,-4.613,10.000
4.192,-4.921,10.000
3.928,-4.575,10.000
3.946,-4.560,10.000
3.958,-4.537,10.000
3.993,-4.542,10.000
4.233,-4.777,10.000
4.011,-4.491,10.000
4.010,-4.455,10.000
4.382,-4.829,10.000
4.057,-4.436,10.000
4.081,-4.427,10.000
4.135,-4.450,10.000
4.097,-4.375,10.000
4.163,-4.411,10.000
4.175,-4.388,10.000
4.173,-4.353,10.000
4.190,-4.336,10.000
4.201,-4.313,10.000
4.211,-4.290,10.000
4.272,-4.318,10.000
4.258,-4.270,10.000
4.274,-4.253,10.000
4.646,-4.587,10.000
4.301,-4.213,10.000
4.318,-4.196,10.000
4.700,-4.532,10.000
4.383,-4.193,10.000
4.354,-4.133,10.000
4.718,-4.443,10.000
4.406,-4.117,10.000
4.461,-4.136,10.000
4.776,-4.393,10.000
4.447,-4.059,10.000
4.470,-4.048,10.000
4.472,-4.018,10.000
4.715,-4.203,10.000
4.510,-3.989,10.000
4.526,-3.971,10.000
4.535,-3.947,10.000
4.598,-3.970,10.000
4.606,-3.947,10.000
5.017,-4.264,10.000
4.617,-3.893,10.000
4.618,-3.863,10.000
4.619,-3.834,10.000
4.655,-3.833,10.000
5.056,-4.130,10.000
4.657,-3.773,10.000
4.693,-3.772,10.000
5.073,-4.045,10.000
4.729,-3.741,10.000
4.765,-3.739,10.000
4.766,-3.709,10.000
4.773,-3.685,10.000
5.152,-3.945,10.000
4.795,-3.642,10.000
4.795,-3.612,10.000
5.287,-3.951,10.000
4.844,-3.591,10.000
4.844,-3.561,10.000
4.880,-3.558,10.000
4.894,-3.539,10.000
4.972,-3.566,10.000
4.943,-3.516,10.000
5.380,-3.795,10.000
4.949,-3.461,10.000
4.932,-3.421,10.000
5.386,-3.705,10.000
4.996,-3.408,10.000
5.054,-3.418,10.000
5.513,-3.698,10.000
5.066,-3.369,10.000
5.027,-3.314,10.000
5.517,-3.607,10.000
5.512,-3.573,10.000
5.073,-3.260,10.000
5.009,-3.191,10.000
5.203,-3.286,10.000
5.088,-3.186,10.000
5.108,-3.170,10.000
5.713,-3.515,10.000
5.133,-3.130,10.000
5.145,-3.110,10.000
5.648,-3.384,10.000
5.185,-3.079,10.000
5.688,-3.347,10.000
5.185,-3.024,10.000
5.305,-3.067,10.000
5.232,-2.997,10.000
5.236,-2.972,10.000
5.556,-3.125,10.000
5.259,-2.931,10.000
5.247,-2.897,10.000
5.728,-3.133,10.000
5.380,-2.916,10.000
5.399,-2.899,10.000
5.292,-2.815,10.000
5.327,-2.806,10.000
5.338,-2.786,10.000
5.357,-2.769,10.000
5.790,-2.964,10.000
5.362,-2.718,10.000
5.381,-2.701,10.000
5.853,-2.910,10.000
5.850,-2.880,10.000
5.412,-2.638,10.000
5.439,-2.625,10.000
5.884,-2.811,10.000
5.451,-2.578,10.000
5.453,-2.553,10.000
5.536,-2.565,10.000
5.546,-2.543,10.000
5.466,-2.481,10.000
5.574,-2.503,10.000
5.567,-2.474,10.000
5.577,-2.452,10.000
5.513,-2.399,10.000
5.588,-2.405,10.000
5.523,-2.352,10.000
5.598,-2.358,10.000
5.616,-2.339,10.000
5.625,-2.317,10.000
6.017,-2.451,10.000
5.651,-2.276,10.000
5.676,-2.261,10.000
5.669,-2.232,10.000
5.661,-2.203,10.000
5.670,-2.181,10.000
5.678,-2.159,10.000
5.711,-2.146,10.000
5.712,-2.120,10.000
6.203,-2.275,10.000
5.753,-2.085,10.000
5.744,-2.056,10.000
5.761,-2.036,10.000
5.752,-2.008,10.000
5.777,-1.991,10.000
5.759,-1.960,10.000
5.891,-1.979,10.000
5.800,-1.923,10.000
5.807,-1.900,10.000
6.280,-2.028,10.000
5.805,-1.849,10.000
5.829,-1.832,10.000
5.811,-1.801,10.000
5.835,-1.784,10.000
5.875,-1.771,10.000
5.840,-1.735,10.000
5.830,-1.707,10.000
5.811,-1.677,10.000
5.860,-1.666,10.000
5.951,-1.667,10.000
5.847,-1.613,10.000
5.896,-1.602,10.000
6.353,-1.699,10.000
5.883,-1.549,10.000
6.396,-1.657,10.000
5.886,-1.501,10.000
5.952,-1.492,10.000
6.408,-1.580,10.000
5.930,-1.437,10.000
5.944,-1.416,10.000
5.966,-1.397,10.000
5.955,-1.370,10.000
6.438,-1.454,10.000
5.931,-1.315,10.000
5.970,-1.299,10.000
5.949,-1.270,10.000
5.954,-1.247,10.000
6.426,-1.320,10.000
5.999,-1.207,10.000
5.969,-1.177,10.000
5.999,-1.159,10.000
5.995,-1.133,10.000
6.317,-1.169,10.000
6.021,-1.089,10.000
5.955,-1.054,10.000
6.029,-1.042,10.000
6.508,-1.099,10.000
6.011,-0.991,10.000
6.059,-0.974,10.000
6.551,-1.027,10.000
6.049,-0.924,10.000
6.026,-0.896,10.000
6.047,-0.875,10.000
6.512,-0.916,10.000
6.036,-0.825,10.000
6.022,-0.799,10.000
6.051,-0.779,10.000
6.063,-0.756,10.000
6.066,-0.733,10.000
6.086,-0.711,10.000
6.080,-0.686,10.000
5.977,-0.651,10.000
6.024,-0.632,10.000
6.062,-0.612,10.000
5.984,-0.580,10.000
6.013,-0.559,10.000
6.024,-0.536,10.000
6.106,-0.520,10.000
6.028,-0.489,10.000
6.074,-0.469,10.000
6.014,-0.441,10.000
6.033,-0.418,10.000
6.578,-0.430,10.000
6.532,-0.401,10.000
6.082,-0.350,10.000
6.582,-0.353,10.000
6.085,-0.302,10.000
6.086,-0.278,10.000
6.570,-0.275,10.000
6.008,-0.227,10.000
6.485,-0.220,10.000
6.518,-0.196,10.000
6.126,-0.160,10.000
6.046,-0.134,10.000
6.011,-0.110,10.000
6.092,-0.087,10.000
6.039,-0.063,10.000
6.021,-0.039,10.000
6.039,-0.015,10.000
6.003,0.008,10.000
6.030,0.032,10.000
6.291,0.058,10.000
6.020,0.079,10.000
5.789,0.099,10.500
6.471,0.136,10.500
5.947,0.148,10.500
5.946,0.171,10.500
5.927,0.194,10.500
5.944,0.218,10.500
5.953,0.242,10.500
5.943,0.265,10.500
6.433,0.312,10.500
5.940,0.311,10.500
5.939,0.335,10.500
6.469,0.390,10.500
5.936,0.381,10.500
5.916,0.403,10.500
5.933,0.428,10.500
5.922,0.450,10.500
5.893,0.471,10.500
5.826,0.489,10.500
5.916,0.520,10.500
6.381,0.586,10.500
5.921,0.567,10.500
5.864,0.585,10.500
6.283,0.652,10.500
5.941,0.640,10.500
5.921,0.661,10.500
5.836,0.675,10.500
6.411,0.767,10.500
5.885,0.727,10.500
5.937,0.757,10.500
5.916,0.778,10.500
6.398,0.867,10.500
5.882,0.821,10.500
5.915,0.849,10.500
5.848,0.863,10.500
5.854,0.887,10.500
5.869,0.913,10.500
5.856,0.934,10.500
6.380,1.044,10.500
5.848,0.980,10.500
5.845,1.003,10.500
6.327,1.112,10.500
5.899,1.060,10.500
5.814,1.069,10.500
5.909,1.110,10.500
5.940,1.140,10.500
5.828,1.142,10.500
5.930,1.186,10.500
5.828,1.190,10.500
5.886,1.226,10.500
6.402,1.359,10.500
5.885,1.274,10.500
6.043,1.333,10.500
5.901,1.326,10.500
5.913,1.353,10.500
5.882,1.370,10.500
5.867,1.391,10.500
6.393,1.542,10.500
5.856,1.437,10.500
5.851,1.460,10.500
5.871,1.489,10.500
5.856,1.510,10.500
5.824,1.526,10.500
5.818,1.549,10.500
5.804,1.570,10.500
6.356,1.746,10.500
5.851,1.632,10.500
5.819,1.647,10.500
5.881,1.690,10.500
5.857,1.708,10.500
5.842,1.728,10.500
6.306,1.893,10.500
5.904,1.797,10.500
5.796,1.789,10.500
5.814,1.820,10.500
5.816,1.845,10.500
5.817,1.871,10.500
5.900,1.923,10.500
5.802,1.916,10.500
5.794,1.939,10.500
6.258,2.122,10.500
5.804,1.993,10.500
5.644,1.963,10.500
5.704,2.009,10.500
5.671,2.022,10.500
5.663,2.045,10.500
5.647,2.064,10.500
6.017,2.226,10.500
5.697,2.133,10.500
5.647,2.140,10.500
5.630,2.158,10.500
6.087,2.361,10.500
5.655,2.219,10.500
5.571,2.211,10.500
6.059,2.432,10.500
5.579,2.265,10.500
5.570,2.287,10.500
5.577,2.316,10.500
5.485,2.302,10.500
6.024,2.557,10.500
5.492,2.356,10.500
5.557,2.410,10.500
5.987,2.624,10.500
5.447,2.413,10.500
5.495,2.461,10.500
5.494,2.486,10.500
5.468,2.500,10.500
5.441,2.514,10.500
5.873,2.741,10.500
5.364,2.529,10.500
5.395,2.570,10.500
5.369,2.583,10.500
5.851,2.843,10.500
5.421,2.661,10.500
5.451,2.702,10.500
5.852,2.930,10.500
5.390,2.724,10.500
5.371,2.741,10.500
5.344,2.754,10.500
5.777,3.006,10.500
5.322,2.796,10.500
5.327,2.825,10.500
5.763,3.085,10.500
5.289,2.858,10.500
5.286,2.884,10.500
5.306,2.922,10.500
5.601,3.113,10.500
5.236,2.937,10.500
5.216,2.953,10.500
5.228,2.987,10.500
5.209,3.003,10.500
5.657,3.291,10.500
5.193,3.048,10.500
5.165,3.059,10.500
5.199,3.107,10.500
5.329,3.213,10.500
5.113,3.110,10.500
5.109,3.135,10.500
5.571,3.449,10.500
5.107,3.189,10.500
5.192,3.271,10.500
5.172,3.286,10.500
5.476,3.510,10.500
5.109,3.303,10.500
5.118,3.337,10.500
5.475,3.601,10.500
5.084,3.373,10.500
5.071,3.393,10.500
5.058,3.412,10.500
5.030,3.422,10.500
5.038,3.457,10.500
5.003,3.462,10.500
5.400,3.768,10.500
4.990,3.511,10.500
4.969,3.525,10.500
5.374,3.844,10.500
4.970,3.585,10.500
4.934,3.589,10.500
5.328,3.907,10.500
4.899,3.622,10.500
4.892,3.647,10.500
4.870,3.660,10.500
4.863,3.685,10.500
4.876,3.725,10.500
4.827,3.717,10.500
4.812,3.736,10.500
5.178,4.053,10.500
4.762,3.757,10.500
4.733,3.765,10.500
5.137,4.119,10.500
4.731,3.824,10.500
5.055,4.119,10.500
4.680,3.844,10.500
4.747,3.930,10.500
5.037,4.204,10.500
4.722,3.973,10.500
4.687,3.974,10.500
4.769,4.077,10.500
4.662,4.017,10.500
5.030,4.368,10.500
4.631,4.053,10.500
4.608,4.066,10.500
4.943,4.396,10.500
4.595,4.119,10.500
4.566,4.125,10.500
4.960,4.516,10.500
4.579,4.202,10.500
4.587,4.243,10.500
4.539,4.232,10.500
4.535,4.262,10.500
4.870,4.612,10.500
4.501,4.297,10.500
4.478,4.309,10.500
4.815,4.669,10.500
4.451,4.350,10.500
4.434,4.367,10.500
4.744,4.710,10.500
4.399,4.402,10.500
4.376,4.413,10.500
4.371,4.442,10.500
4.359,4.465,10.500
4.318,4.458,10.500
4.318,4.493,10.500
4.318,4.529,10.500
4.288,4.533,10.500
4.253,4.531,10.500
4.223,4.535,10.500
4.304,4.658,10.500
4.194,4.575,10.500
4.199,4.616,10.500
4.152,4.601,10.500
4.134,4.617,10.500
4.144,4.665,10.500
4.103,4.656,10.500
4.329,4.951,10.500
4.044,4.662,10.500
4.008,4.658,10.500
4.295,5.031,10.500
3.989,4.709,10.500
3.919,4.664,10.500
3.946,4.734,10.500
4.156,5.025,10.500
3.898,4.751,10.500
3.901,4.793,10.500
3.811,4.720,10.500
3.798,4.741,10.500
3.768,4.742,10.500
3.755,4.764,10.500
3.752,4.800,10.500
4.035,5.203,10.500
3.698,4.808,10.500
3.701,4.851,10.500
3.671,4.851,10.500
3.631,4.837,10.500
3.623,4.865,10.500
3.625,4.908,10.500
3.590,4.901,10.500
3.586,4.936,10.500
3.830,5.316,10.500
3.521,4.928,10.500
3.486,4.920,10.500
3.503,4.985,10.500
3.468,4.977,10.500
3.413,4.938,10.500
3.409,4.974,10.500
3.414,5.024,10.500
3.395,5.038,10.500
3.645,5.455,10.500
3.335,5.034,10.500
3.325,5.062,10.500
3.563,5.471,10.500
3.319,5.140,10.500
3.261,5.094,10.500
3.265,5.144,10.500
3.235,5.142,10.500
3.229,5.177,10.500
3.204,5.182,10.500
3.160,5.157,10.500
3.145,5.177,10.500
3.134,5.204,10.500
3.113,5.216,10.500
3.106,5.251,10.500
3.081,5.256,10.500
3.052,5.253,10.500
3.035,5.272,10.500
3.001,5.261,10.500
2.963,5.241,10.500
2.951,5.269,10.500
3.007,5.419,10.500
2.927,5.323,10.500
2.902,5.327,10.500
3.131,5.801,10.500
2.864,5.357,10.500
2.847,5.376,10.500
2.801,5.340,10.500
2.801,5.390,10.500
2.780,5.401,10.500
2.747,5.388,10.500
2.737,5.423,10.500
2.712,5.426,10.500
2.703,5.460,10.500
2.877,5.870,10.500
2.667,5.497,10.500
2.724,5.671,10.500
2.601,5.470,10.500
2.584,5.488,10.500
2.798,6.003,10.500
2.548,5.524,10.500
2.519,5.518,10.500
2.494,5.520,10.500
2.479,5.546,10.500
2.638,5.963,10.500
2.429,5.549,10.500
2.414,5.574,10.500
2.392,5.584,10.500
2.377,5.610,10.500
2.331,5.561,10.500
2.336,5.636,10.500
2.308,5.629,10.500
2.275,5.613,10.500
2.257,5.630,10.500
2.423,6.114,10.500
2.203,5.623,10.500
2.187,5.648,10.500
2.353,6.149,10.500
2.149,5.682,10.500
2.117,5.665,10.500
2.104,5.699,10.500
2.085,5.715,10.500
2.063,5.723,10.500
2.195,6.166,10.500
2.012,5.722,10.500
1.986,5.722,10.500
2.148,6.265,10.500
1.953,5.771,10.500
1.930,5.779,10.500
1.891,5.735,10.500
1.868,5.743,10.500
1.857,5.784,10.500
1.829,5.774,10.500
1.809,5.790,10.500
1.794,5.822,10.500
1.755,5.778,10.500
1.889,6.307,10.500
1.718,5.818,10.500
1.697,5.833,10.500
1.828,6.374,10.500
1.663,5.888,10.500
1.624,5.835,10.500
1.601,5.841,10.500
1.701,6.303,10.500
1.555,5.854,10.500
1.548,5.920,10.500
1.588,6.174,10.500
1.497,5.915,10.500
1.588,6.381,10.500
1.558,6.365,10.500
1.415,5.880,10.500
1.402,5.929,10.500
1.506,6.481,10.500
1.353,5.931,10.500
1.445,6.448,10.500
1.303,5.924,10.500
1.278,5.921,10.500
1.367,6.457,10.500
1.231,5.930,10.500
1.210,5.944,10.500
1.190,5.966,10.500
1.168,5.979,10.500
1.142,5.966,10.500
1.123,5.997,10.500
1.098,5.993,10.500
1.068,5.962,10.500
1.048,5.984,10.500
1.024,5.988,10.500
1.011,6.053,10.500
0.977,5.996,10.500
0.952,5.991,10.500
0.932,6.012,10.500
0.907,6.007,10.500
0.882,6.001,10.500
0.931,6.510,10.500
0.836,6.017,10.500
0.812,6.020,10.500
0.845,6.450,10.500
0.766,6.035,10.500
0.804,6.535,10.500
0.720,6.050,10.500
0.691,6.008,10.500
0.669,6.020,10.500
0.648,6.049,10.500
0.622,6.034,10.500
0.599,6.036,10.500
0.577,6.065,10.500
0.551,6.041,10.500
0.569,6.520,10.500
0.505,6.054,10.500
0.480,6.047,10.500
0.493,6.534,10.500
0.434,6.068,10.500
0.409,6.052,10.500
0.411,6.452,10.500
0.363,6.073,10.500
0.338,6.065,10.500
0.328,6.325,10.500
0.290,6.059,10.500
0.266,6.060,10.500
0.243,6.061,10.500
0.221,6.124,10.500
0.195,6.054,10.500
0.170,6.028,10.500
0.148,6.064,10.500
0.124,6.073,10.500
0.100,6.083,10.500
0.076,6.056,10.500
0.052,6.066,10.500
0.029,6.057,10.500
0.005,6.039,10.500
-0.019,6.075,10.500
-0.043,6.066,10.500
-0.067,6.083,10.500
-0.090,6.047,10.500
-0.114,6.074,10.500
-0.144,6.348,10.500
-0.162,6.064,10.500
-0.187,6.125,10.500
-0.229,6.627,10.500
-0.233,6.061,10.500
-0.257,6.060,10.500
-0.281,6.077,10.500
-0.305,6.076,10.500
-0.328,6.066,10.500
-0.354,6.091,10.500
-0.375,6.045,10.500
-0.399,6.053,10.500
-0.423,6.051,10.500
-0.448,6.067,10.500
-0.471,6.056,10.500
-0.493,6.037,10.500
-0.522,6.088,10.500
-0.546,6.094,10.500
-0.597,6.380,10.500
-0.586,6.010,10.500
-0.615,6.061,10.500
-0.639,6.059,10.500
-0.665,6.074,10.500
-0.688,6.071,10.500
-0.709,6.042,10.500
-0.786,6.481,10.500
-0.802,6.398,10.500
-0.773,5.980,10.500
-0.803,6.021,10.500
-0.829,6.036,10.500
-0.855,6.050,10.500
-0.873,6.012,10.500
-0.965,6.465,10.500
-0.922,6.013,10.500
-0.950,6.036,10.500
-0.969,6.006,10.500
-1.077,6.511,10.500
-1.034,6.102,10.500
-1.129,6.510,10.500
-1.068,6.016,10.500
-1.093,6.020,10.500
-1.203,6.481,10.500
-1.134,5.977,10.500
-1.157,5.973,10.500
-1.282,6.482,10.500
-1.204,5.963,10.500
-1.213,5.888,10.500
-1.369,6.519,10.500
-1.268,5.923,10.500
-1.299,5.952,10.500
-1.328,5.973,10.500
-1.346,5.942,10.500
-1.365,5.919,10.500
-1.398,5.957,10.500
-1.420,5.943,10.500
-1.439,5.920,10.500
-1.460,5.906,10.500
-1.611,6.408,10.500
-1.508,5.903,10.500
-1.513,5.828,10.500
-1.684,6.381,10.500
-1.580,5.893,10.500
-1.598,5.870,10.500
-1.767,6.391,10.500
-1.651,5.883,10.500
-1.682,5.901,10.500
-1.840,6.362,10.500
-1.713,5.837,10.500
-1.736,5.831,10.500
-1.910,6.325,10.500
-1.792,5.851,10.500
-1.802,5.801,10.500
-1.833,5.820,10.500
-1.853,5.804,10.500
-1.878,5.805,10.500
-1.895,5.781,10.500
-1.924,5.790,10.500
-1.952,5.799,10.500
-1.958,5.741,10.500
-1.986,5.750,10.500
-2.002,5.726,10.500
-2.025,5.718,10.500
-2.163,6.032,10.500
-2.070,5.702,10.500
-2.098,5.710,10.500
-2.114,5.685,10.500
-2.127,5.652,10.500
-2.335,6.131,10.500
-2.184,5.668,10.500
-2.200,5.643,10.500
-2.248,5.700,10.500
-2.244,5.626,10.500
-2.256,5.592,10.500
-2.487,6.096,10.500
-2.314,5.607,10.500
-2.353,5.639,10.500
-2.385,5.654,10.500
-2.424,5.685,10.500
-2.429,5.635,10.500
-2.462,5.650,10.500
-2.477,5.624,10.500
-2.452,5.509,10.500
-2.477,5.507,10.500
-2.525,5.554,10.500
-2.748,5.983,10.500
-2.565,5.526,10.500
-2.582,5.508,10.500
-2.808,5.929,10.500
-2.622,5.480,10.500
-2.616,5.413,10.500
-2.661,5.451,10.500
-2.698,5.472,10.500
-2.719,5.462,10.500
-2.705,5.379,10.500
-2.746,5.409,10.500
-2.771,5.406,10.500
-2.796,5.403,10.500
-2.834,5.423,10.500
-3.061,5.802,10.500
-3.095,5.811,10.500
-2.860,5.319,10.500
-2.893,5.331,10.500
-3.223,5.883,10.500
-2.931,5.301,10.500
-2.947,5.281,10.500
-2.990,5.308,10.500
-3.246,5.710,10.500
-3.018,5.262,10.500
-3.030,5.234,10.500
-3.059,5.238,10.500
-3.311,5.618,10.500
-3.096,5.206,10.500
-3.125,5.209,10.500
-3.401,5.619,10.500
-3.170,5.192,10.500
-3.181,5.164,10.500
-3.202,5.152,10.500
-3.485,5.558,10.500
-3.223,5.096,10.500
-3.267,5.121,10.500
-3.287,5.109,10.500
-3.292,5.073,10.500
-3.602,5.502,10.500
-3.332,5.047,10.500
-3.362,5.049,10.500
-3.675,5.473,10.500
-3.416,5.045,10.500
-3.426,5.016,10.500
-3.430,4.981,10.500
-3.742,5.388,10.500
-3.474,4.961,10.500
-3.499,4.955,10.500
-3.534,4.963,10.500
-3.538,4.927,10.500
-3.568,4.928,10.500
-3.582,4.907,10.500
-3.601,4.892,10.500
-3.599,4.850,10.500
-3.944,5.272,10.500
-3.653,4.843,10.500
-3.704,4.871,10.500
-3.712,4.842,10.500
-3.693,4.778,10.500
-3.734,4.792,10.500
-3.758,4.784,10.500
-3.771,4.762,10.500
-4.008,5.020,10.500
-3.836,4.767,10.500
-3.816,4.704,10.500
-3.998,4.890,10.500
-3.875,4.701,10.500
-3.882,4.672,10.500
-4.228,5.048,10.500
-3.930,4.655,10.500
-3.931,4.620,10.500
-4.297,5.009,10.500
-3.990,4.615,10.500
-4.003,4.593,10.500
-4.032,4.591,10.500
-4.021,4.542,10.500
-4.051,4.539,10.500
-4.056,4.510,10.500
-4.422,4.878,10.500
-4.098,4.485,10.500
-4.487,4.872,10.500
-4.145,4.465,10.500
-4.180,4.468,10.500
-4.168,4.420,10.500
-4.546,4.784,10.500
-4.196,4.380,10.500
-4.244,4.396,10.500
-4.249,4.366,10.500
-4.615,4.706,10.500
-4.264,4.314,10.500
-4.300,4.316,10.500
-4.329,4.312,10.500
-4.333,4.282,10.500
-4.382,4.296,10.500
-4.380,4.261,10.500
-4.339,4.188,10.500
-4.686,4.488,10.500
-4.391,4.172,10.500
-4.427,4.173,10.500
-4.791,4.482,10.500
-4.472,4.150,10.500
-4.488,4.133,10.500
-4.511,4.121,10.500
-4.521,4.097,10.500
-4.543,4.086,10.500
-4.520,4.032,10.500
-4.569,4.044,10.500
-4.591,4.032,10.500
-4.976,4.335,10.500
-4.622,3.996,10.500
-4.618,3.960,10.500
-5.033,4.282,10.500
-4.649,3.924,10.500
-4.678,3.917,10.500
-4.693,3.899,10.500
-4.702,3.875,10.500
-4.730,3.867,10.500
-4.739,3.843,10.500
-4.712,3.791,10.500
-4.776,3.811,10.500
-4.777,3.782,10.500
-5.215,4.095,10.500
-4.792,3.733,10.500
-4.793,3.703,10.500
-4.828,3.701,10.500
-4.829,3.671,10.500
-4.807,3.625,10.500
-4.886,3.654,10.500
-5.269,3.909,10.500
-4.893,3.600,10.500
-4.900,3.576,10.500
-5.295,3.833,10.500
-4.935,3.542,10.500
-4.941,3.518,10.500
-4.955,3.499,10.500
-5.387,3.772,10.500
-4.983,3.460,10.500
-4.996,3.440,10.500
-5.068,3.460,10.500
-5.067,3.430,10.500
-5.029,3.376,10.500
-5.027,3.346,10.500
-5.085,3.356,10.500
-5.076,3.321,10.500
-5.504,3.571,10.500
-5.109,3.286,10.500
-5.122,3.266,10.500
-5.538,3.502,10.500
-5.155,3.231,10.500
-5.167,3.211,10.500
-5.218,3.213,10.500
-5.170,3.156,10.500
-5.205,3.150,10.500
-5.619,3.370,10.500
-5.222,3.104,10.500
-5.180,3.052,10.500
-5.269,3.076,10.500
-5.273,3.051,10.500
-5.247,3.008,10.500
-5.328,3.027,10.500
-5.286,2.976,10.500
-5.274,2.942,10.500
-5.309,2.934,10.500
-5.305,2.905,10.500
-5.363,2.910,10.500
-5.351,2.876,10.500
-5.362,2.855,10.500
-5.810,3.064,10.500
-5.376,2.809,10.500
-5.387,2.788,10.500
-5.390,2.762,10.500
-5.864,2.976,10.500
-5.428,2.728,10.500
-5.462,2.719,10.500
-5.520,2.720,10.500
-5.403,2.637,10.500
-5.478,2.646,10.500
-5.911,2.827,10.500
-5.936,2.811,10.500
-5.492,2.574,10.500
-5.502,2.553,10.500
-5.998,2.754,10.500
-5.539,2.517,10.500
-5.540,2.491,10.500
-5.574,2.481,10.500
-5.576,2.455,10.500
-6.029,2.626,10.500
-5.603,2.415,10.500
-5.596,2.386,10.500
-6.074,2.561,10.500
-5.607,2.338,10.500
-5.624,2.320,10.500
-6.082,2.481,10.500
-5.642,2.276,10.500
-5.626,2.244,10.500
-6.154,2.426,10.500
-5.677,2.212,10.500
-6.085,2.344,10.500
-5.702,2.171,10.500
-5.702,2.145,10.500
-6.142,2.283,10.500
-5.719,2.101,10.500
-5.727,2.078,10.500
-5.735,2.056,10.500
-5.751,2.036,10.500
-5.793,2.025,10.500
-5.734,1.979,10.500
-5.767,1.965,10.500
-5.808,1.954,10.500
-5.790,1.923,10.500
-5.798,1.900,10.500
-5.788,1.872,10.500
-6.265,1.999,10.500
-5.811,1.829,10.500
-5.818,1.806,10.500
-5.800,1.776,10.500
-5.841,1.763,10.500
-5.839,1.738,10.500
-5.855,1.717,10.500
-5.844,1.690,10.500
-6.325,1.802,10.500
-5.925,1.663,10.500
-5.864,1.621,10.500
-6.360,1.731,10.500
-5.893,1.579,10.500
-5.917,1.561,10.500
-6.365,1.652,10.500
-5.911,1.510,10.500
-5.909,1.484,10.500
-5.915,1.461,10.500
-5.912,1.436,10.500
-6.419,1.533,10.500
-5.957,1.398,10.500
-5.963,1.374,10.500
-5.976,1.353,10.500
-6.420,1.427,10.500
-6.440,1.405,10.500
-5.940,1.271,10.500
-5.971,1.254,10.500
-5.985,1.232,10.500
-5.989,1.208,10.500
-5.977,1.181,10.500
-6.363,1.232,10.500
-5.977,1.133,10.500
-5.911,1.096,10.500
-5.942,1.078,10.500
-5.893,1.045,10.500
-6.393,1.108,10.500
-5.963,1.010,10.500
-5.932,0.980,10.500
-6.445,1.039,10.500
-5.939,0.934,10.500
-5.960,0.913,10.500
-5.982,0.892,10.500
-5.959,0.865,10.500
-5.962,0.842,10.500
-5.974,0.820,10.500
-5.914,0.788,10.500
-6.499,0.840,10.500
-5.938,0.744,10.500
-5.968,0.724,10.500
-6.025,0.706,10.500
-5.974,0.677,10.500
-5.985,0.654,10.500
-5.970,0.629,10.500
-6.472,0.656,10.500
-5.984,0.583,10.500
-5.995,0.560,10.500
-5.961,0.534,10.500
-5.999,0.513,10.500
-5.992,0.489,10.500
-6.012,0.467,10.500
-6.503,0.479,10.500
-6.006,0.419,10.500
-6.017,0.396,10.500
-5.992,0.371,10.500
-6.486,0.376,10.500
-6.012,0.325,10.500
-6.004,0.301,10.500
-6.530,0.302,10.500
-6.016,0.254,10.500
-6.035,0.231,10.500
-6.026,0.207,10.500
-5.991,0.183,10.500
-6.028,0.160,10.500
-6.511,0.147,10.500
-6.011,0.112,10.500
-6.020,0.089,10.500
-6.030,0.065,10.500
-6.003,0.042,10.500
-6.440,0.019,10.500
-6.075,-0.006,10.500
-6.075,-0.029,10.500
-6.136,-0.054,10.500
-6.568,-0.083,10.500
-6.083,-0.101,10.500
-6.091,-0.125,10.500
-6.099,-0.149,10.500
-6.795,-0.193,10.500
-6.124,-0.198,10.500
-6.097,-0.221,10.500
-6.088,-0.244,10.500
-6.095,-0.269,10.500
-6.077,-0.292,10.500
-6.567,-0.341,10.500
-6.092,-0.340,10.500
-6.082,-0.364,10.500
-6.080,-0.388,10.500
-6.096,-0.413,10.500
-6.068,-0.435,10.500
-6.581,-0.497,10.500
-6.064,-0.482,10.500
-6.071,-0.507,10.500
-6.087,-0.532,10.500
-6.067,-0.554,10.500
-6.547,-0.624,10.500
-5.992,-0.595,10.500
-6.078,-0.627,10.500
-6.022,-0.646,10.500
-5.975,-0.664,10.500
-5.937,-0.684,10.500
-5.988,-0.713,10.500
-5.976,-0.736,10.500
-6.469,-0.822,10.500
-6.014,-0.788,10.500
-6.038,-0.815,10.500
-6.034,-0.839,10.500
-6.083,-0.870,10.500
-5.975,-0.879,10.500
-6.007,-0.907,10.500
-6.020,-0.934,10.500
-6.487,-1.032,10.500
-6.004,-0.979,10.500
-5.912,-0.988,10.500
-6.014,-1.029,10.500
-6.018,-1.055,10.500
-6.511,-1.167,10.500
-5.940,-1.089,10.500
-6.014,-1.127,10.500
-6.474,-1.239,10.500
-5.988,-1.171,10.500
-5.975,-1.192,10.500
-5.987,-1.219,10.500
-5.965,-1.239,10.500
-5.951,-1.261,10.500
-5.946,-1.284,10.500
-5.933,-1.306,10.500
-6.355,-1.425,10.500
-5.940,-1.356,10.500
-6.421,-1.492,10.500
-5.920,-1.400,10.500
-5.940,-1.430,10.500
-5.935,-1.453,10.500
-5.920,-1.474,10.500
-5.889,-1.491,10.500
-5.883,-1.514,10.500
-5.903,-1.544,10.500
-6.340,-1.685,10.500
-5.899,-1.592,10.500
-6.372,-1.747,10.500
-5.869,-1.634,10.500
-6.236,-1.762,10.500
-6.276,-1.800,10.500
-5.850,-1.703,10.500
-5.834,-1.723,10.500
-6.367,-1.908,10.500
-5.821,-1.769,10.500
-6.201,-1.911,10.500
-5.798,-1.812,10.500
-5.783,-1.832,10.500
-5.792,-1.860,10.500
-5.760,-1.874,10.500
-6.253,-2.062,10.500
-5.753,-1.922,10.500
-6.222,-2.106,10.500
-5.755,-1.973,10.500
-5.713,-1.984,10.500
-5.781,-2.033,10.500
-6.173,-2.198,10.500
-6.157,-2.220,10.500
-5.715,-2.086,10.500
-5.682,-2.099,10.500
-5.690,-2.127,10.500
-5.698,-2.156,10.500
-6.149,-2.354,10.500
-5.665,-2.194,10.500
-6.108,-2.394,10.500
-5.639,-2.235,10.500
-5.630,-2.257,10.500
-5.621,-2.279,10.500
-5.612,-2.301,10.500
-5.562,-2.306,10.500
-6.057,-2.540,10.500
-5.577,-2.364,10.500
-5.567,-2.386,10.500
-5.550,-2.404,10.500
-5.540,-2.426,10.500
-5.579,-2.469,10.500
-5.537,-2.476,10.500
-5.511,-2.491,10.500
-5.558,-2.538,10.500
-5.532,-2.552,10.500
-5.982,-2.788,10.500
-5.472,-2.577,10.500
-5.510,-2.621,10.500
-5.507,-2.646,10.500
-5.937,-2.882,10.500
-5.470,-2.682,10.500
-5.893,-2.918,10.500
-5.441,-2.721,10.500
-5.438,-2.746,10.500
-5.467,-2.787,10.500
-5.393,-2.776,10.500
-5.828,-3.029,10.500
-5.395,-2.831,10.500
-5.832,-3.090,10.500
-5.820,-3.112,10.500
-5.848,-3.157,10.500
-5.365,-2.924,10.500
-5.783,-3.181,10.500
-5.327,-2.957,10.500
-5.771,-3.234,10.500
-5.311,-3.003,10.500
-5.291,-3.020,10.500
-5.295,-3.049,10.500
-5.260,-3.057,10.500
-5.225,-3.064,10.500
-5.680,-3.360,10.500
-5.239,-3.127,10.500
-5.640,-3.397,10.500
-5.237,-3.182,10.500
-5.187,-3.179,10.500
-5.189,-3.209,10.500
-5.139,-3.206,10.500
-5.171,-3.254,10.500
-5.585,-3.545,10.500
-5.131,-3.285,10.500
-5.095,-3.291,10.500
-5.134,-3.345,10.500
-5.136,-3.374,10.500
-5.093,-3.375,10.500
-5.080,-3.395,10.500
-5.460,-3.680,10.500
-5.046,-3.430,10.500
-5.032,-3.450,10.500
-5.033,-3.479,10.500
-5.005,-3.489,10.500
-4.992,-3.509,10.500
-4.963,-3.518,10.500
-5.000,-3.573,10.500
-5.354,-3.858,10.500
-4.936,-3.586,10.500
-4.900,-3.590,10.500
-4.915,-3.630,10.500
-4.858,-3.618,10.500
-4.893,-3.674,10.500
-5.224,-3.955,10.500
-4.836,-3.691,10.500
-4.857,-3.737,10.500
-4.828,-3.745,10.500
-4.792,-3.747,10.500
-4.757,-3.750,10.500
-4.763,-3.785,10.500
-4.748,-3.804,10.500
-4.740,-3.828,10.500
-4.725,-3.846,10.500
-5.102,-4.187,10.500
-4.701,-3.889,10.500
-4.740,-3.952,10.500
-4.677,-3.931,10.500
-4.662,-3.950,10.500
-4.666,-3.985,10.500
-4.631,-3.986,10.500
-4.602,-3.993,10.500
-4.962,-4.339,10.500
-4.570,-4.029,10.500
-4.555,-4.046,10.500
-4.565,-4.088,10.500
-4.509,-4.070,10.500
-4.533,-4.123,10.500
-4.471,-4.099,10.500
-4.474,-4.135,10.500
-4.824,-4.493,10.500
-4.442,-4.170,10.500
-4.445,-4.206,10.500
-4.770,-4.549,10.500
-4.430,-4.258,10.500
-4.420,-4.282,10.500
-4.372,-4.269,10.500
-4.355,-4.286,10.500
-4.338,-4.303,10.500
-4.302,-4.301,10.500
-4.378,-4.411,10.500
-4.496,-4.565,10.500
-4.252,-4.351,10.500
-4.259,-4.393,10.500
-4.217,-4.384,10.500
-4.206,-4.407,10.500
-4.237,-4.475,10.500
-4.165,-4.434,10.500
-4.148,-4.450,10.500
-4.155,-4.492,10.500
-4.137,-4.509,10.500
-4.101,-4.505,10.500
-4.429,-4.903,10.500
-4.066,-4.537,10.500
-4.048,-4.553,10.500
-4.030,-4.569,10.500
-4.024,-4.598,10.500
-3.977,-4.580,10.500
-3.976,-4.616,10.500
-3.970,-4.645,10.500
-3.928,-4.634,10.500
-3.922,-4.662,10.500
-4.228,-5.067,10.500
-3.902,-4.713,10.500
-4.019,-4.894,10.500
-3.859,-4.737,10.500
-3.829,-4.738,10.500
-3.822,-4.767,10.500
-3.868,-4.864,10.500
-3.768,-4.776,10.500
-4.077,-5.210,10.500
-3.747,-4.827,10.500
-3.711,-4.820,10.500
-3.719,-4.870,10.500
-3.668,-4.842,10.500
-3.660,-4.871,10.500
-3.614,-4.849,10.500
-3.622,-4.899,10.500
-3.911,-5.335,10.500
-3.588,-4.935,10.500
-3.564,-4.941,10.500
-3.839,-5.368,10.500
-3.520,-4.962,10.500
-3.510,-4.990,10.500
-3.785,-5.426,10.500
-3.466,-5.010,10.500
-3.441,-5.017,10.500
-3.447,-5.067,10.500
-3.387,-5.021,10.500
-3.392,-5.071,10.500
-3.362,-5.070,10.500
-3.357,-5.105,10.500
-3.327,-5.104,10.500
-3.307,-5.117,10.500
-3.540,-5.524,10.500
-3.305,-5.202,10.500
-3.256,-5.170,10.500
-3.208,-5.138,10.500
-3.192,-5.158,10.500
-3.204,-5.223,10.500
-3.425,-5.632,10.500
-3.150,-5.225,10.500
-3.369,-5.639,10.500
-3.363,-5.679,10.500
-3.106,-5.292,10.500
-3.049,-5.244,10.500
-3.038,-5.271,10.500
-3.021,-5.290,10.500
-3.009,-5.318,10.500
-3.213,-5.729,10.500
-2.950,-5.310,10.500
-2.942,-5.345,10.500
-2.900,-5.317,10.500
-2.896,-5.360,10.500
-3.115,-5.819,10.500
-3.070,-5.789,10.500
-2.849,-5.425,10.500
-2.812,-5.405,10.500
-2.803,-5.439,10.500
-2.769,-5.427,10.500
-2.752,-5.445,10.500
-2.727,-5.448,10.500
-2.713,-5.475,10.500
-2.680,-5.461,10.500
-2.877,-5.922,10.500
-2.633,-5.474,10.500
-2.627,-5.517,10.500
-2.801,-5.941,10.500
-2.572,-5.513,10.500
-2.551,-5.523,10.500
-2.529,-5.533,10.500
-2.518,-5.567,10.500
-2.489,-5.561,10.500
-2.471,-5.579,10.500
-2.456,-5.604,10.500
-2.420,-5.582,10.500
-2.595,-6.051,10.500
-2.376,-5.600,10.500
-2.361,-5.626,10.500
-2.342,-5.643,10.500
-2.313,-5.636,10.500
-2.305,-5.678,10.500
-2.458,-6.125,10.500
-2.240,-5.646,10.500
-2.218,-5.655,10.500
-2.203,-5.680,10.500
-2.359,-6.155,10.500
-2.155,-5.689,10.500
-2.136,-5.706,10.500
-2.110,-5.706,10.500
-2.270,-6.214,10.500
-2.080,-5.764,10.500
-2.214,-6.209,10.500
-2.023,-5.747,10.500
-1.992,-5.729,10.500
-1.998,-5.821,10.500
-1.935,-5.711,10.500
-2.094,-6.259,10.500
-2.069,-6.267,10.500
-1.888,-5.793,10.500
-1.961,-6.100,10.500
-1.820,-5.739,10.500
-1.795,-5.738,10.500
-1.927,-6.246,10.500
-1.750,-5.752,10.500
-1.717,-5.724,10.500
-1.710,-5.782,10.500
-1.682,-5.772,10.500
-1.665,-5.796,10.500
-1.771,-6.259,10.500
-1.614,-5.791,10.500
-1.594,-5.806,10.500
-1.571,-5.812,10.500
-1.555,-5.845,10.500
-1.624,-6.198,10.500
-1.494,-5.795,10.500
-1.482,-5.845,10.500
-1.586,-6.358,10.500
-1.551,-6.325,10.500
-1.401,-5.809,10.500
-1.388,-5.859,10.500
-1.367,-5.873,10.500
-1.334,-5.834,10.500
-1.430,-6.370,10.500
-1.290,-5.853,10.500
-1.394,-6.443,10.500
-1.250,-5.890,10.500
-1.240,-5.956,10.500
-1.205,-5.908,10.500
-1.177,-5.886,10.500
-1.161,-5.926,10.500
-1.230,-6.412,10.500
-1.106,-5.891,10.500
-1.076,-5.860,10.500
-1.069,-5.953,10.500
-1.040,-5.921,10.500
-1.101,-6.419,10.500
-0.992,-5.920,10.500
-0.966,-5.906,10.500
-0.948,-5.946,10.500
-0.923,-5.941,10.500
-0.968,-6.392,10.500
-0.879,-5.966,10.500
-0.854,-5.951,10.500
-0.830,-5.954,10.500
-0.812,-5.993,10.500
-0.783,-5.961,10.500
-0.762,-5.982,10.500
-0.794,-6.432,10.500
-0.711,-5.952,10.500
-0.691,-5.981,10.500
-0.725,-6.496,10.500
-0.645,-5.995,10.500
-0.672,-6.486,10.500
-0.597,-5.991,10.500
-0.623,-6.515,10.500
-0.556,-6.067,10.500
-0.550,-6.267,10.500
-0.502,-5.991,10.500
-0.479,-5.993,10.500
-0.480,-6.323,10.500
-0.432,-6.005,10.500
-0.411,-6.043,10.500
-0.385,-6.009,10.500
-0.362,-6.010,10.500
-0.382,-6.794,10.500
-0.314,-5.995,10.500
-0.287,-5.941,10.500
-0.267,-6.006,10.500
-0.243,-6.007,10.500
-0.220,-6.017,10.500
-0.197,-6.018,10.500
-0.172,-5.982,10.500
-0.152,-6.135,10.500
-0.126,-6.011,10.500
-0.101,-5.929,10.500
-0.079,-6.021,10.500
-0.055,-6.021,10.500
-0.034,-6.576,10.500
-0.008,-5.958,10.500
0.017,-6.513,10.500
0.040,-6.030,10.500
0.069,-6.552,10.500
0.087,-6.020,10.500
0.110,-6.011,10.500
0.134,-6.011,10.500
0.157,-6.010,10.500
0.182,-6.036,10.500
0.205,-6.035,10.500
0.248,-6.532,10.500
0.252,-6.016,10.500
0.275,-5.997,10.500
0.300,-6.032,10.500
0.324,-6.039,10.500
0.345,-5.993,10.500
0.371,-6.028,10.500
0.392,-5.981,10.500
0.418,-6.016,10.500
0.455,-6.198,10.500
0.470,-6.083,10.500
0.488,-6.001,10.500
0.556,-6.529,10.500
0.534,-5.988,10.500
0.559,-6.004,10.500
0.628,-6.466,10.500
0.606,-5.999,10.500
0.630,-5.997,10.500
0.649,-5.959,10.500
0.676,-5.983,10.500
0.696,-5.953,10.500
0.783,-6.474,10.500
0.744,-5.957,10.500
0.771,-5.981,10.500
0.792,-5.960,10.500
0.816,-5.965,10.500
0.906,-6.433,10.500
0.948,-6.547,10.500
0.886,-5.955,10.500
0.908,-5.943,10.500
1.013,-6.458,10.500
0.955,-5.936,10.500
0.980,-5.941,10.500
1.003,-5.937,10.500
1.025,-5.924,10.500
1.057,-5.973,10.500
1.073,-5.925,10.500
1.102,-5.956,10.500
1.122,-5.934,10.500
1.240,-6.418,10.500
1.165,-5.907,10.500
1.187,-5.894,10.500
1.210,-5.889,10.500
1.235,-5.893,10.500
1.298,-6.077,10.500
1.281,-5.883,10.500
1.308,-5.896,10.500
1.430,-6.329,10.500
1.352,-5.876,10.500
1.377,-5.880,10.500
1.402,-5.883,10.500
1.535,-6.329,10.500
1.440,-5.837,10.500
1.456,-5.805,10.500
1.490,-5.843,10.500
1.511,-5.828,10.500
1.663,-6.313,10.500
1.554,-5.808,10.500
1.579,-5.810,10.500
1.733,-6.278,10.500
1.627,-5.806,10.500
1.647,-5.791,10.500
1.804,-6.250,10.500
1.695,-5.787,10.500
1.710,-5.754,10.500
1.746,-5.790,10.500
1.771,-5.792,10.500
1.783,-5.751,10.500
1.803,-5.735,10.500
1.951,-6.121,10.500
1.845,-5.712,10.500
1.873,-5.722,10.500
1.898,-5.723,10.500
1.915,-5.699,10.500
1.938,-5.691,10.500
1.966,-5.701,10.500
2.137,-6.118,10.500
2.004,-5.668,10.500
2.033,-5.677,10.500
2.049,-5.652,10.500
2.071,-5.644,10.500
2.270,-6.113,10.500
2.121,-5.645,10.500
2.134,-5.611,10.500
2.166,-5.628,10.500
2.184,-5.611,10.500
2.395,-6.082,10.500
2.401,-6.028,10.500
2.247,-5.576,10.500
2.276,-5.584,10.500
2.291,-5.559,10.500
2.309,-5.541,10.500
2.345,-5.565,10.500
2.555,-5.999,10.500
2.381,-5.530,10.500
2.399,-5.513,10.500
2.432,-5.528,10.500
2.446,-5.502,10.500
2.653,-5.904,10.500
2.493,-5.491,10.500
2.514,-5.481,10.500
2.539,-5.479,10.500
2.553,-5.453,10.500
2.567,-5.426,10.500
2.592,-5.424,10.500
2.838,-5.880,10.500
2.635,-5.404,10.500
2.648,-5.377,10.500
2.685,-5.399,10.500
2.702,-5.381,10.500
2.727,-5.378,10.500
2.983,-5.825,10.500
2.761,-5.341,10.500
2.782,-5.330,10.500
2.811,-5.335,10.500
3.066,-5.764,10.500
2.861,-5.328,10.500
2.861,-5.277,10.500
2.882,-5.266,10.500
2.915,-5.278,10.500
2.927,-5.251,10.500
2.952,-5.248,10.500
2.995,-5.275,10.500
2.998,-5.232,10.500
3.014,-5.213,10.500
3.221,-5.520,10.500
3.054,-5.189,10.500
3.070,-5.169,10.500
3.104,-5.180,10.500
3.115,-5.152,10.500
3.135,-5.140,10.500
3.430,-5.574,10.500
3.176,-5.115,10.500
3.196,-5.103,10.500
3.211,-5.083,10.500
3.236,-5.078,10.500
3.246,-5.050,10.500
3.251,-5.014,10.500
3.560,-5.444,10.500
3.320,-5.034,10.500
3.349,-5.036,10.500
3.369,-5.023,10.500
3.369,-4.980,10.500
3.675,-5.387,10.500
3.423,-4.975,10.500
3.442,-4.962,10.500
3.743,-5.349,10.500
3.492,-4.949,10.500
3.480,-4.892,10.500
3.805,-5.305,10.500
3.539,-4.893,10.500
3.548,-4.865,10.500
3.551,-4.829,10.500
3.586,-4.837,10.500
3.599,-4.816,10.500
3.618,-4.801,10.500
3.631,-4.780,10.500
3.645,-4.759,10.500
3.663,-4.744,10.500
3.704,-4.758,10.500
3.723,-4.744,10.500
4.056,-5.126,10.500
3.754,-4.707,10.500
3.744,-4.657,10.500
4.111,-5.072,10.500
4.141,-5.068,10.500
3.816,-4.634,10.500
3.846,-4.633,10.500
3.870,-4.625,10.500
3.882,-4.603,10.500
4.234,-4.980,10.500
3.924,-4.579,10.500
3.936,-4.557,10.500
3.971,-4.561,10.500
3.965,-4.519,10.500
3.983,-4.503,10.500
3.989,-4.474,10.500
4.030,-4.485,10.500
4.036,-4.456,10.500
4.102,-4.493,10.500
4.095,-4.451,10.500
4.076,-4.395,10.500
4.118,-4.405,10.500
4.110,-4.363,10.500
4.133,-4.353,10.500
4.157,-4.344,10.500
4.155,-4.308,10.500
4.191,-4.311,10.500
4.558,-4.652,10.500
4.218,-4.271,10.500
4.254,-4.274,10.500
4.277,-4.264,10.500
4.281,-4.234,10.500
4.310,-4.230,10.500
4.333,-4.219,10.500
4.311,-4.165,10.500
4.702,-4.507,10.500
4.363,-4.149,10.500
4.737,-4.470,10.500
4.395,-4.115,10.500
4.352,-4.042,10.500
4.414,-4.068,10.500
4.463,-4.081,10.500
4.841,-4.392,10.500
4.508,-4.058,10.500
4.491,-4.011,10.500
4.513,-3.999,10.500
4.536,-3.987,10.500
4.558,-3.975,10.500
4.973,-4.303,10.500
4.569,-3.922,10.500
4.591,-3.910,10.500
5.011,-4.234,10.500
5.034,-4.219,10.500
4.616,-3.838,10.500
5.012,-4.134,10.500
4.632,-3.790,10.500
4.675,-3.795,10.500
5.116,-4.120,10.500
4.725,-3.775,10.500
5.009,-3.969,10.500
4.748,-3.732,10.500
4.762,-3.713,10.500
4.763,-3.684,10.500
4.777,-3.665,10.500
5.195,-3.954,10.500
4.806,-3.628,10.500
4.820,-3.609,10.500
4.834,-3.590,10.500
4.905,-3.613,10.500
4.876,-3.562,10.500
4.861,-3.522,10.500
4.882,-3.508,10.500
5.317,-3.789,10.500
4.932,-3.485,10.500
4.989,-3.497,10.500
4.959,-3.447,10.500
4.943,-3.407,10.500
5.008,-3.423,10.500
4.984,-3.378,10.500
4.990,-3.353,10.500
5.085,-3.388,10.500
5.076,-3.354,10.500
5.455,-3.573,10.500
5.034,-3.270,10.500
5.503,-3.543,10.500
5.143,-3.283,10.500
5.476,-3.466,10.500
5.108,-3.205,10.500
5.105,-3.175,10.500
5.125,-3.160,10.500
5.122,-3.130,10.500
5.165,-3.129,10.500
5.665,-3.401,10.500
5.174,-3.079,10.500
5.637,-3.325,10.500
5.221,-3.052,10.500
5.684,-3.292,10.500
5.284,-3.033,10.500
5.226,-2.973,10.500
5.346,-3.013,10.500
5.225,-2.918,10.500
5.331,-2.950,10.500
5.794,-3.177,10.500
5.315,-2.887,10.500
5.302,-2.853,10.500
5.305,-2.828,10.500
5.372,-2.836,10.500
5.319,-2.782,10.500
5.839,-3.025,10.500
5.365,-2.753,10.500
5.431,-2.760,10.500
5.442,-2.739,10.500
5.437,-2.709,10.500
5.416,-2.672,10.500
5.482,-2.678,10.500
5.962,-2.884,10.500
5.422,-2.597,10.500
5.956,-2.824,10.500
5.515,-2.588,10.500
5.517,-2.563,10.500
5.560,-2.556,10.500
5.964,-2.714,10.500
5.563,-2.505,10.500
5.557,-2.476,10.500
6.032,-2.659,10.500
5.511,-2.404,10.500
5.594,-2.414,10.500
5.916,-2.525,10.500
5.604,-2.366,10.500
6.097,-2.546,10.500
5.639,-2.329,10.500
5.624,-2.297,10.500
5.698,-2.301,10.500
5.658,-2.259,10.500
5.683,-2.244,10.500
6.141,-2.397,10.500
5.668,-2.186,10.500
5.684,-2.167,10.500
5.709,-2.151,10.500
5.718,-2.129,10.500
5.751,-2.115,10.500
5.726,-2.081,10.500
5.751,-2.064,10.500
6.250,-2.216,10.500
5.767,-2.019,10.500
5.758,-1.991,10.500
5.774,-1.971,10.500
6.247,-2.105,10.500
5.806,-1.931,10.500
5.797,-1.903,10.500
5.787,-1.875,10.500
5.778,-1.847,10.500
6.317,-1.992,10.500
5.801,-1.804,10.500
5.867,-1.799,10.500
5.840,-1.766,10.500
5.847,-1.743,10.500
5.837,-1.715,10.500
5.852,-1.695,10.500
5.859,-1.672,10.500
5.865,-1.649,10.500
6.353,-1.759,10.500
5.886,-1.605,10.500
5.918,-1.589,10.500
6.297,-1.664,10.500
5.905,-1.536,10.500
5.902,-1.510,10.500
5.874,-1.479,10.500
5.905,-1.462,10.500
6.428,-1.564,10.500
5.925,-1.418,10.500
5.922,-1.392,10.500
6.438,-1.487,10.500
5.993,-1.359,10.500
5.964,-1.328,10.500
6.003,-1.312,10.500
5.940,-1.274,10.500
5.962,-1.254,10.500
5.984,-1.235,10.500
5.980,-1.209,10.500
5.985,-1.186,10.500
6.433,-1.248,10.500
5.968,-1.134,10.500
5.902,-1.097,10.500
5.915,-1.076,10.500
6.007,-1.068,10.500
5.932,-1.031,10.500
5.891,-1.000,10.500
5.967,-0.989,10.500
5.962,-0.964,10.500
6.457,-1.018,10.500
5.951,-0.915,10.500
5.964,-0.893,10.500
6.184,-0.901,10.500
5.970,-0.846,10.500
6.538,-0.900,10.500
5.995,-0.801,10.500
6.007,-0.779,10.500
5.983,-0.752,10.500
5.968,-0.726,10.500
6.006,-0.707,10.500
5.973,-0.680,10.500
6.003,-0.659,10.500
6.437,-0.681,10.500
5.999,-0.611,10.500
6.001,-0.588,10.500
5.977,-0.561,10.500
5.952,-0.536,10.500
5.990,-0.515,10.500
6.010,-0.493,10.500
6.012,-0.470,10.500
5.996,-0.445,10.500
6.006,-0.422,10.500
6.538,-0.434,10.500
6.516,-0.406,10.500
6.038,-0.353,10.500
6.495,-0.354,10.500
6.031,-0.305,10.500
6.023,-0.281,10.500
6.016,-0.257,10.500
5.980,-0.232,10.500
5.917,-0.206,10.500
6.018,-0.186,10.500
6.413,-0.173,10.500
5.938,-0.137,10.500
5.873,-0.113,10.500
5.957,-0.091,10.500
5.948,-0.067,10.500
5.930,-0.044,10.500
6.440,-0.022,10.500
5.921,0.003,10.500
6.391,0.028,10.500
5.703,0.047,11.000
5.865,0.072,11.000
5.864,0.095,11.000
5.873,0.118,11.000
5.873,0.141,11.000
6.397,0.179,11.000
5.890,0.188,11.000
5.861,0.210,11.000
5.898,0.234,11.000
6.327,0.276,11.000
5.793,0.275,11.000
5.744,0.296,11.000
5.781,0.320,11.000
6.363,0.378,11.000
5.769,0.365,11.000
5.758,0.387,11.000
5.813,0.414,11.000
5.764,0.433,11.000
6.272,0.496,11.000
5.779,0.480,11.000
5.768,0.502,11.000
5.738,0.522,11.000
5.773,0.548,11.000
5.752,0.568,11.000
5.778,0.594,11.000
5.738,0.612,11.000
5.736,0.635,11.000
5.724,0.656,11.000
5.731,0.680,11.000
5.728,0.702,11.000
5.735,0.726,11.000
5.760,0.752,11.000
6.334,0.852,11.000
5.735,0.795,11.000
5.722,0.816,11.000
5.729,0.840,11.000
6.287,0.947,11.000
5.741,0.888,11.000
5.848,0.928,11.000
6.292,1.023,11.000
5.776,0.963,11.000
5.800,0.990,11.000
5.787,1.011,11.000
5.801,1.037,11.000
5.770,1.055,11.000
6.290,1.176,11.000
5.870,1.121,11.000
5.829,1.137,11.000
6.324,1.259,11.000
5.829,1.184,11.000
5.780,1.198,11.000
5.829,1.232,11.000
5.779,1.245,11.000
5.881,1.291,11.000
5.814,1.300,11.000
5.818,1.325,11.000
6.329,1.468,11.000
5.842,1.379,11.000
5.854,1.406,11.000
5.840,1.427,11.000
5.843,1.452,11.000
6.337,1.601,11.000
6.316,1.622,11.000
5.817,1.519,11.000
5.802,1.539,11.000
5.917,1.594,11.000
5.868,1.606,11.000
5.861,1.629,11.000
5.864,1.654,11.000
5.866,1.680,11.000
5.876,1.707,11.000
5.861,1.728,11.000
