X,Y,Z
# Scan parameters: Height: 20cm, Layer height: 0.50cm
# Data points below:
1.168,0.000,0.000
1.255,0.005,0.000
1.380,0.011,0.000
1.389,0.016,0.000
1.612,0.025,0.000
1.631,0.032,0.000
1.631,0.038,0.000
1.630,0.045,0.000
1.379,0.043,0.000
1.369,0.048,0.000
1.369,0.054,0.000
1.397,0.060,0.000
1.638,0.077,0.000
1.397,0.071,0.000
1.368,0.075,0.000
1.396,0.082,0.000
1.386,0.087,0.000
1.554,0.104,0.000
1.376,0.097,0.000
1.385,0.104,0.000
1.635,0.129,0.000
1.635,0.135,0.000
1.384,0.120,0.000
1.615,0.146,0.000
1.392,0.132,0.000
1.401,0.138,0.000
1.373,0.141,0.000
1.400,0.149,0.000
1.594,0.176,0.000
1.380,0.158,0.000
1.380,0.163,0.000
1.369,0.168,0.000
1.536,0.194,0.000
1.778,0.232,0.000
1.635,0.220,0.000
1.385,0.192,0.000
1.357,0.193,0.000
1.346,0.197,0.000
1.374,0.207,0.000
1.345,0.208,0.000
1.372,0.217,0.000
1.343,0.218,0.000
1.645,0.274,0.000
1.388,0.237,0.000
1.616,0.282,0.000
1.405,0.251,0.000
1.622,0.296,0.000
1.347,0.251,0.000
1.346,0.257,0.000
1.364,0.266,0.000
1.362,0.271,0.000
1.343,0.273,0.000
1.342,0.278,0.000
1.331,0.281,0.000
1.377,0.296,0.000
1.611,0.353,0.000
1.671,0.374,0.000
1.572,0.358,0.000
1.344,0.312,0.000
1.352,0.319,0.000
1.424,0.342,0.000
1.368,0.334,0.000
1.348,0.335,0.000
1.310,0.331,0.000
1.327,0.341,0.000
1.335,0.348,0.000
1.370,0.363,0.000
1.341,0.361,0.000
1.340,0.367,0.000
1.357,0.377,0.000
1.328,0.375,0.000
1.444,0.413,0.000
1.460,0.424,0.000
1.441,0.425,0.000
1.439,0.430,0.000
1.648,0.500,0.000
1.689,0.519,0.000
1.451,0.453,0.000
1.423,0.450,0.000
1.439,0.461,0.000
1.472,0.478,0.000
1.453,0.478,0.000
1.442,0.481,0.000
1.449,0.490,0.000
1.430,0.489,0.000
1.419,0.492,0.000
1.417,0.498,0.000
1.665,0.592,0.000
1.431,0.515,0.000
1.429,0.521,0.000
1.708,0.630,0.000
1.416,0.529,0.000
1.414,0.534,0.000
1.608,0.615,0.000
1.401,0.542,0.000
1.399,0.547,0.000
1.440,0.570,0.000
1.420,0.569,0.000
1.409,0.571,0.000
1.407,0.576,0.000
1.396,0.578,0.000
1.385,0.580,0.000
1.392,0.589,0.000
1.398,0.598,0.000
1.768,0.765,0.000
1.627,0.712,0.000
1.558,0.689,0.000
1.388,0.620,0.000
1.369,0.618,0.000
1.366,0.623,0.000
1.389,0.640,0.000
1.344,0.626,0.000
1.384,0.651,0.000
1.596,0.758,0.000
1.312,0.630,0.000
1.590,0.771,0.000
1.357,0.665,0.000
1.371,0.678,0.000
1.352,0.675,0.000
1.341,0.677,0.000
1.566,0.798,0.000
1.579,0.812,0.000
1.324,0.688,0.000
1.338,0.702,0.000
1.352,0.716,0.000
1.357,0.725,0.000
1.322,0.713,0.000
1.319,0.718,0.000
1.316,0.724,0.000
1.537,0.853,0.000
1.479,0.828,0.000
1.538,0.869,0.000
1.635,0.932,0.000
1.285,0.740,0.000
1.299,0.754,0.000
1.304,0.764,0.000
1.277,0.755,0.000
1.298,0.774,0.000
1.295,0.779,0.000
1.292,0.785,0.000
1.514,0.928,0.000
1.285,0.795,0.000
1.282,0.800,0.000
1.279,0.805,0.000
1.268,0.805,0.000
1.265,0.810,0.000
1.277,0.825,0.000
1.243,0.809,0.000
1.161,0.763,0.000
1.367,0.906,0.000
1.147,0.767,0.000
1.136,0.766,0.000
1.349,0.917,0.000
1.239,0.849,0.000
1.135,0.784,0.000
1.014,0.707,0.000
1.011,0.711,0.000
1.001,0.709,0.000
1.176,0.841,0.000
1.211,0.873,0.000
0.969,0.704,0.000
0.997,0.730,0.000
1.002,0.740,0.000
0.882,0.657,0.000
0.887,0.666,0.000
0.876,0.663,0.000
1.067,0.814,0.000
1.093,0.841,0.000
1.090,0.846,0.000
1.117,0.873,0.000
0.863,0.681,0.000
0.751,0.597,0.000
0.780,0.625,0.000
0.739,0.597,0.000
0.775,0.631,0.000
0.750,0.615,0.000
0.685,0.567,0.000
0.737,0.615,0.000
0.946,0.795,0.000
0.936,0.793,0.000
0.760,0.649,0.000
0.743,0.639,0.000
0.919,0.797,0.000
0.730,0.638,0.000
0.720,0.635,0.000
0.717,0.637,0.000
0.715,0.640,0.000
0.720,0.650,0.000
0.740,0.673,0.000
0.700,0.642,0.000
0.705,0.651,0.000
0.702,0.654,0.000
0.714,0.671,0.000
0.719,0.680,0.000
0.723,0.690,0.000
0.692,0.665,0.000
0.696,0.675,0.000
0.891,0.870,0.000
0.691,0.680,0.000
0.681,0.676,0.000
0.679,0.679,0.000
0.857,0.864,0.000
0.867,0.881,0.000
0.870,0.891,0.000
0.675,0.696,0.000
0.658,0.685,0.000
0.662,0.694,0.000
0.660,0.697,0.000
0.759,0.808,0.000
1.036,1.112,0.000
0.733,0.793,0.000
0.736,0.803,0.000
0.746,0.820,0.000
0.723,0.801,0.000
0.733,0.819,0.000
0.730,0.822,0.000
0.753,0.854,0.000
0.976,1.116,0.000
0.823,0.948,0.000
0.794,0.922,0.000
0.778,0.910,0.000
0.941,1.110,0.000
0.954,1.135,0.000
0.792,0.949,0.000
0.782,0.945,0.000
0.784,0.955,0.000
0.780,0.959,0.000
0.777,0.962,0.000
0.839,1.047,0.000
0.975,1.227,0.000
1.132,1.436,0.000
0.844,1.079,0.000
0.857,1.105,0.000
0.859,1.116,0.000
0.837,1.097,0.000
1.006,1.329,0.000
0.990,1.319,0.000
0.824,1.107,0.000
0.814,1.102,0.000
0.799,1.090,0.000
0.817,1.124,0.000
0.812,1.127,0.000
0.797,1.115,0.000
0.798,1.126,0.000
0.943,1.342,0.000
0.943,1.353,0.000
0.784,1.135,0.000
0.912,1.330,0.000
0.917,1.349,0.000
0.766,1.136,0.000
0.772,1.155,0.000
0.901,1.360,0.000
0.895,1.363,0.000
0.885,1.359,0.000
0.895,1.386,0.000
0.754,1.178,0.000
0.739,1.165,0.000
0.730,1.160,0.000
0.720,1.155,0.000
0.716,1.157,0.000
0.852,1.391,0.000
0.716,1.179,0.000
0.707,1.174,0.000
0.702,1.177,0.000
0.693,1.171,0.000
0.774,1.320,0.000
0.698,1.201,0.000
0.684,1.188,0.000
0.674,1.182,0.000
0.655,1.160,0.000
0.725,1.294,0.000
0.805,1.450,0.000
0.808,1.469,0.000
0.660,1.212,0.000
0.660,1.223,0.000
0.650,1.217,0.000
0.646,1.219,0.000
0.645,1.230,0.000
0.666,1.283,0.000
0.631,1.227,0.000
0.810,1.590,0.000
0.685,1.357,0.000
0.680,1.360,0.000
0.670,1.354,0.000
0.661,1.349,0.000
0.676,1.393,0.000
0.654,1.362,0.000
0.641,1.348,0.000
0.741,1.574,0.000
0.634,1.361,0.000
0.629,1.364,0.000
0.623,1.366,0.000
0.697,1.544,0.000
0.710,1.588,0.000
0.732,1.657,0.000
0.609,1.393,0.000
0.596,1.378,0.000
0.591,1.381,0.000
0.571,1.349,0.000
0.580,1.385,0.000
0.582,1.405,0.000
0.673,1.643,0.000
0.574,1.418,0.000
0.565,1.411,0.000
0.556,1.405,0.000
0.547,1.399,0.000
0.634,1.639,0.000
0.628,1.642,0.000
0.531,1.405,0.000
0.621,1.663,0.000
0.605,1.641,0.000
0.536,1.472,0.000
0.509,1.413,0.000
0.503,1.415,0.000
0.504,1.435,0.000
0.622,1.795,0.000
0.572,1.671,0.000
0.566,1.674,0.000
0.478,1.433,0.000
0.547,1.661,0.000
0.554,1.706,0.000
0.456,1.421,0.000
0.461,1.459,0.000
0.450,1.443,0.000
0.519,1.689,0.000
0.439,1.446,0.000
0.433,1.448,0.000
0.494,1.677,0.000
0.427,1.469,0.000
0.416,1.453,0.000
0.400,1.419,0.000
0.402,1.447,0.000
0.464,1.695,0.000
0.459,1.706,0.000
0.387,1.461,0.000
0.379,1.453,0.000
0.439,1.711,0.000
0.377,1.492,0.000
0.369,1.485,0.000
0.359,1.468,0.000
0.351,1.460,0.000
0.402,1.702,0.000
0.341,1.472,0.000
0.335,1.473,0.000
0.332,1.484,0.000
0.326,1.485,0.000
0.322,1.495,0.000
0.310,1.469,0.000
0.305,1.471,0.000
0.301,1.481,0.000
0.295,1.482,0.000
0.285,1.465,0.000
0.283,1.484,0.000
0.279,1.495,0.000
0.316,1.729,0.000
0.261,1.460,0.000
0.261,1.498,0.000
0.254,1.490,0.000
0.248,1.491,0.000
0.283,1.744,0.000
0.236,1.493,0.000
0.231,1.493,0.000
0.263,1.747,0.000
0.215,1.468,0.000
0.213,1.496,0.000
0.237,1.714,0.000
0.229,1.706,0.000
0.228,1.752,0.000
0.228,1.806,0.000
0.185,1.509,0.000
0.208,1.754,0.000
0.172,1.501,0.000
0.165,1.493,0.000
0.161,1.512,0.000
0.152,1.485,0.000
0.147,1.495,0.000
0.139,1.467,0.000
0.135,1.496,0.000
0.152,1.760,0.000
0.143,1.725,0.000
0.118,1.497,0.000
0.112,1.498,0.000
0.108,1.526,0.000
0.101,1.517,0.000
0.093,1.480,0.000
0.089,1.509,0.000
0.082,1.481,0.000
0.077,1.509,0.000
0.070,1.482,0.000
0.064,1.491,0.000
0.070,1.783,0.000
0.062,1.748,0.000
0.056,1.775,0.000
0.042,1.511,0.000
0.036,1.520,0.000
0.029,1.502,0.000
0.024,1.539,0.000
0.021,1.749,0.000
0.012,1.520,0.000
0.006,1.511,0.000
-0.000,1.502,0.000
-0.006,1.493,0.000
-0.012,1.502,0.000
-0.018,1.511,0.000
-0.024,1.502,0.000
-0.035,1.766,0.000
-0.041,1.739,0.000
-0.042,1.511,0.000
-0.047,1.492,0.000
-0.053,1.510,0.000
-0.067,1.702,0.000
-0.065,1.500,0.000
-0.071,1.509,0.000
-0.076,1.491,0.000
-0.083,1.509,0.000
-0.089,1.509,0.000
-0.095,1.508,0.000
-0.117,1.754,0.000
-0.127,1.798,0.000
-0.114,1.525,0.000
-0.119,1.506,0.000
-0.146,1.770,0.000
-0.152,1.760,0.000
-0.134,1.477,0.000
-0.141,1.495,0.000
-0.162,1.641,0.000
-0.192,1.872,0.000
-0.160,1.503,0.000
-0.177,1.603,0.000
-0.201,1.755,0.000
-0.207,1.746,0.000
-0.181,1.481,0.000
-0.229,1.815,0.000
-0.212,1.626,0.000
-0.215,1.598,0.000
-0.223,1.616,0.000
-0.231,1.624,0.000
-0.244,1.668,0.000
-0.249,1.658,0.000
-0.246,1.594,0.000
-0.294,1.859,0.000
-0.299,1.840,0.000
-0.268,1.609,0.000
-0.276,1.617,0.000
-0.282,1.616,0.000
-0.290,1.624,0.000
-0.295,1.613,0.000
-0.349,1.867,0.000
-0.353,1.849,0.000
-0.317,1.628,0.000
-0.320,1.609,0.000
-0.328,1.616,0.000
-0.383,1.852,0.000
-0.345,1.631,0.000
-0.343,1.594,0.000
-0.351,1.602,0.000
-0.414,1.854,0.000
-0.420,1.844,0.000
-0.429,1.851,0.000
-0.381,1.614,0.000
-0.381,1.586,0.000
-0.391,1.602,0.000
-0.395,1.592,0.000
-0.399,1.581,0.000
-0.410,1.597,0.000
-0.414,1.587,0.000
-0.427,1.612,0.000
-0.429,1.592,0.000
-0.435,1.591,0.000
-0.511,1.839,0.000
-0.504,1.786,0.000
-0.454,1.586,0.000
-0.463,1.592,0.000
-0.461,1.564,0.000
-0.470,1.571,0.000
-0.473,1.561,0.000
-0.485,1.576,0.000
-0.488,1.566,0.000
-0.495,1.564,0.000
-0.506,1.579,0.000
-0.512,1.577,0.000
-0.555,1.687,0.000
-0.629,1.885,0.000
-0.645,1.907,0.000
-0.652,1.904,0.000
-0.573,1.652,0.000
-0.588,1.675,0.000
-0.663,1.864,0.000
-0.604,1.679,0.000
-0.602,1.651,0.000
-0.694,1.880,0.000
-0.618,1.655,0.000
-0.628,1.661,0.000
-0.631,1.650,0.000
-0.729,1.885,0.000
-0.637,1.628,0.000
-0.647,1.634,0.000
-0.653,1.632,0.000
-0.660,1.629,0.000
-0.763,1.863,0.000
-0.673,1.624,0.000
-0.764,1.825,0.000
-0.692,1.635,0.000
-0.695,1.624,0.000
-0.695,1.605,0.000
-0.704,1.610,0.000
-0.711,1.608,0.000
-0.724,1.621,0.000
-0.825,1.827,0.000
-0.832,1.823,0.000
-0.747,1.621,0.000
-0.750,1.610,0.000
-0.764,1.623,0.000
-0.774,1.628,0.000
-0.765,1.593,0.000
-0.771,1.590,0.000
-0.882,1.800,0.000
-0.779,1.575,0.000
-0.778,1.556,0.000
-0.792,1.569,0.000
-0.806,1.582,0.000
-0.960,1.866,0.000
-0.987,1.900,0.000
-0.886,1.690,0.000
-0.893,1.687,0.000
-1.013,1.896,0.000
-0.890,1.649,0.000
-0.900,1.653,0.000
-0.915,1.665,0.000
-0.917,1.653,0.000
-0.928,1.657,0.000
-0.935,1.654,0.000
-0.937,1.642,0.000
-1.064,1.848,0.000
-1.088,1.873,0.000
-0.965,1.646,0.000
-0.971,1.643,0.000
-1.080,1.809,0.000
-0.975,1.620,0.000
-1.120,1.844,0.000
-1.015,1.657,0.000
-0.976,1.578,0.000
-1.015,1.627,0.000
-1.136,1.805,0.000
-1.129,1.779,0.000
-1.034,1.615,0.000
-1.148,1.777,0.000
-1.164,1.787,0.000
-1.226,1.867,0.000
-1.247,1.883,0.000
-1.185,1.773,0.000
-1.120,1.662,0.000
-1.131,1.665,0.000
-1.118,1.632,0.000
-1.174,1.698,0.000
-1.151,1.651,0.000
-1.192,1.696,0.000
-1.169,1.649,0.000
-1.170,1.638,0.000
-1.187,1.647,0.000
-1.193,1.642,0.000
-1.412,1.928,0.000
-1.342,1.817,0.000
-1.218,1.635,0.000
-1.209,1.610,0.000
-1.220,1.612,0.000
-1.226,1.607,0.000
-1.248,1.623,0.000
-1.228,1.584,0.000
-1.229,1.572,0.000
-1.480,1.877,0.000
-1.252,1.576,0.000
-1.349,1.684,0.000
-1.270,1.573,0.000
-1.271,1.561,0.000
-1.277,1.556,0.000
-1.294,1.564,0.000
-1.295,1.552,0.000
-1.464,1.742,0.000
-1.307,1.542,0.000
-1.472,1.724,0.000
-1.313,1.525,0.000
-1.314,1.514,0.000
-1.476,1.687,0.000
-1.477,1.675,0.000
-1.495,1.682,0.000
-1.518,1.695,0.000
-1.343,1.488,0.000
-1.349,1.482,0.000
-1.515,1.652,0.000
-1.611,1.743,0.000
-1.384,1.485,0.000
-1.378,1.467,0.000
-1.318,1.392,0.000
-1.443,1.512,0.000
-1.662,1.729,0.000
-1.401,1.445,0.000
-1.327,1.359,0.000
-1.308,1.329,0.000
-1.326,1.336,0.000
-1.337,1.337,0.000
-1.361,1.350,0.000
-1.366,1.345,0.000
-1.359,1.327,0.000
-1.358,1.316,0.000
-1.344,1.292,0.000
-1.375,1.311,0.000
-1.367,1.294,0.000
-1.555,1.460,0.000
-1.548,1.442,0.000
-1.395,1.289,0.000
-1.406,1.290,0.000
-1.392,1.267,0.000
-1.404,1.267,0.000
-1.409,1.262,0.000
-1.420,1.262,0.000
-1.445,1.274,0.000
-1.423,1.245,0.000
-1.428,1.239,0.000
-1.616,1.391,0.000
-1.634,1.396,0.000
-1.456,1.234,0.000
-1.461,1.228,0.000
-1.452,1.211,0.000
-1.477,1.222,0.000
-1.462,1.200,0.000
-1.466,1.194,0.000
-1.450,1.171,0.000
-1.455,1.166,0.000
-1.473,1.171,0.000
-1.492,1.176,0.000
-1.503,1.176,0.000
-1.508,1.170,0.000
-1.506,1.158,0.000
-1.552,1.184,0.000
-1.570,1.189,0.000
-1.540,1.156,0.000
-1.580,1.176,0.000
-1.810,1.337,0.000
-1.928,1.412,0.000
-1.635,1.188,0.000
-1.619,1.167,0.000
-1.831,1.308,0.000
-1.843,1.306,0.000
-1.640,1.152,0.000
-1.658,1.156,0.000
-1.649,1.140,0.000
-1.801,1.234,0.000
-1.672,1.136,0.000
-1.698,1.144,0.000
-1.766,1.180,0.000
-1.965,1.302,0.000
-1.970,1.294,0.000
-1.787,1.164,0.000
-1.799,1.161,0.000
-1.810,1.159,0.000
-1.786,1.134,0.000
-1.988,1.251,0.000
-2.007,1.252,0.000
-1.814,1.121,0.000
-2.052,1.257,0.000
-1.837,1.116,0.000
-1.834,1.104,0.000
-2.010,1.200,0.000
-2.050,1.213,0.000
-1.847,1.083,0.000
-1.881,1.092,0.000
-2.057,1.184,0.000
-2.090,1.192,0.000
-1.871,1.058,0.000
-1.861,1.042,0.000
-1.865,1.035,0.000
-1.869,1.027,0.000
-1.873,1.020,0.000
-1.884,1.017,0.000
-1.881,1.005,0.000
-1.892,1.002,0.000
-2.095,1.099,0.000
-2.107,1.094,0.000
-1.881,0.968,0.000
-2.122,1.081,0.000
-1.896,0.957,0.000
-2.116,1.057,0.000
-1.934,0.957,0.000
-1.907,0.934,0.000
-2.128,1.032,0.000
-2.140,1.028,0.000
-1.934,0.919,0.000
-1.953,0.919,0.000
-1.918,0.893,0.000
-1.937,0.893,0.000
-2.270,1.036,0.000
-2.171,0.980,0.000
-1.955,0.873,0.000
-1.966,0.869,0.000
-1.962,0.858,0.000
-1.957,0.847,0.000
-1.937,0.829,0.000
-1.972,0.835,0.000
-1.975,0.827,0.000
-1.970,0.816,0.000
-1.973,0.808,0.000
-2.008,0.813,0.000
-1.972,0.790,0.000
-1.991,0.788,0.000
-2.002,0.783,0.000
-2.005,0.776,0.000
-1.984,0.759,0.000
-2.011,0.760,0.000
-1.990,0.743,0.000
-1.977,0.729,0.000
-1.996,0.727,0.000
-2.179,0.785,0.000
-2.001,0.712,0.000
-2.004,0.704,0.000
-2.031,0.704,0.000
-2.010,0.688,0.000
-2.233,0.755,0.000
-2.023,0.675,0.000
-2.145,0.706,0.000
-2.242,0.728,0.000
-2.039,0.654,0.000
-1.919,0.607,0.000
-2.132,0.665,0.000
-2.238,0.688,0.000
-2.057,0.624,0.000
-2.059,0.616,0.000
-1.914,0.564,0.000
-2.056,0.597,0.000
-1.935,0.554,0.000
-1.937,0.546,0.000
-1.931,0.536,0.000
-2.274,0.622,0.000
-1.944,0.524,0.000
-1.946,0.516,0.000
-2.161,0.564,0.000
-2.171,0.558,0.000
-1.960,0.495,0.000
-1.962,0.487,0.000
-1.947,0.476,0.000
-2.196,0.527,0.000
-2.381,0.562,0.000
-1.927,0.447,0.000
-1.996,0.454,0.000
-1.973,0.441,0.000
-2.190,0.480,0.000
-2.208,0.475,0.000
-1.952,0.412,0.000
-1.996,0.413,0.000
-2.006,0.407,0.000
-1.991,0.396,0.000
-2.151,0.419,0.000
-1.969,0.376,0.000
-2.204,0.411,0.000
-2.205,0.403,0.000
-1.981,0.354,0.000
-1.966,0.343,0.000
-1.993,0.340,0.000
-2.236,0.372,0.000
-2.021,0.328,0.000
-1.962,0.311,0.000
-2.281,0.352,0.000
-2.008,0.302,0.000
-1.992,0.291,0.000
-1.993,0.284,0.000
-2.221,0.307,0.000
-2.230,0.300,0.000
-2.362,0.308,0.000
-2.031,0.257,0.000
-1.972,0.241,0.000
-2.118,0.251,0.000
-2.334,0.267,0.000
-2.343,0.259,0.000
-2.246,0.239,0.000
-2.130,0.218,0.000
-2.114,0.208,0.000
-2.363,0.223,0.000
-2.397,0.217,0.000
-2.125,0.184,0.000
-1.980,0.164,0.000
-2.134,0.168,0.000
-2.127,0.159,0.000
-2.457,0.174,0.000
-2.153,0.144,0.000
-2.128,0.134,0.000
-2.154,0.127,0.000
-2.129,0.117,0.000
-2.138,0.109,0.000
-2.096,0.099,0.000
-2.355,0.102,0.000
-2.372,0.093,0.000
-2.140,0.076,0.000
-2.106,0.066,0.000
-2.381,0.065,0.000
-2.365,0.056,0.000
-2.132,0.042,0.000
-2.132,0.033,0.000
-2.365,0.028,0.000
-2.166,0.017,0.000
-2.141,0.008,0.000
-2.357,-0.000,0.000
-2.141,-0.008,0.000
-2.132,-0.017,0.000
-2.132,-0.025,0.000
-2.382,-0.037,0.000
-2.149,-0.042,0.000
-2.132,-0.050,0.000
-2.373,-0.065,0.000
-2.373,-0.075,0.000
-2.380,-0.084,0.000
-2.148,-0.084,0.000
-2.139,-0.092,0.000
-2.436,-0.115,0.000
-2.070,-0.106,0.000
-2.146,-0.118,0.000
-2.378,-0.140,0.000
-2.361,-0.149,0.000
-2.136,-0.143,0.000
-2.119,-0.150,0.000
-2.359,-0.176,0.000
-2.358,-0.186,0.000
-2.125,-0.176,0.000
-2.125,-0.184,0.000
-2.115,-0.192,0.000
-2.123,-0.201,0.000
-2.379,-0.234,0.000
-2.121,-0.217,0.000
-2.112,-0.225,0.000
-2.343,-0.259,0.000
-2.119,-0.242,0.000
-2.109,-0.250,0.000
-2.100,-0.257,0.000
-2.116,-0.267,0.000
-2.346,-0.306,0.000
-2.139,-0.287,0.000
-2.112,-0.292,0.000
-2.111,-0.300,0.000
-2.349,-0.344,0.000
-2.331,-0.350,0.000
-2.116,-0.327,0.000
-2.115,-0.335,0.000
-2.270,-0.369,0.000
-2.104,-0.350,0.000
-2.094,-0.357,0.000
-2.338,-0.408,0.000
-2.108,-0.376,0.000
-2.106,-0.385,0.000
-2.080,-0.388,0.000
-2.103,-0.401,0.000
-2.314,-0.451,0.000
-2.320,-0.462,0.000
-2.326,-0.472,0.000
-2.097,-0.434,0.000
-2.087,-0.441,0.000
-2.068,-0.445,0.000
-2.083,-0.457,0.000
-2.056,-0.460,0.000
-2.079,-0.473,0.000
-2.336,-0.542,0.000
-2.076,-0.490,0.000
-2.074,-0.498,0.000
-2.063,-0.504,0.000
-2.248,-0.558,0.000
-2.068,-0.522,0.000
-2.057,-0.528,0.000
-2.063,-0.538,0.000
-2.061,-0.547,0.000
-2.059,-0.555,0.000
-2.274,-0.622,0.000
-2.063,-0.573,0.000
-2.036,-0.574,0.000
-2.058,-0.589,0.000
-2.040,-0.593,0.000
-2.062,-0.608,0.000
-2.043,-0.611,0.000
-2.041,-0.619,0.000
-2.038,-0.627,0.000
-2.028,-0.633,0.000
-2.302,-0.728,0.000
-2.039,-0.654,0.000
-2.020,-0.656,0.000
-2.034,-0.670,0.000
-2.298,-0.767,0.000
-2.108,-0.712,0.000
-2.018,-0.691,0.000
-2.094,-0.726,0.000
-2.012,-0.707,0.000
-2.065,-0.734,0.000
-2.030,-0.731,0.000
-2.329,-0.849,0.000
-2.150,-0.793,0.000
-2.116,-0.790,0.000
-2.431,-0.918,0.000
-2.316,-0.885,0.000
-2.099,-0.812,0.000
-2.316,-0.906,0.000
-2.069,-0.819,0.000
-2.089,-0.837,0.000
-2.101,-0.851,0.000
-2.301,-0.943,0.000
-2.509,-1.039,0.000
-2.279,-0.955,0.000
-2.080,-0.881,0.000
-2.279,-0.976,0.000
-2.080,-0.900,0.000
-2.062,-0.902,0.000
-2.066,-0.913,0.000
-2.032,-0.908,0.000
-2.267,-1.023,0.000
-2.040,-0.931,0.000
-2.043,-0.942,0.000
-2.040,-0.950,0.000
-2.028,-0.955,0.000
-2.032,-0.966,0.000
-2.191,-1.052,0.000
-2.025,-0.982,0.000
-2.021,-0.990,0.000
-2.378,-1.177,0.000
-2.239,-1.119,0.000
-1.994,-1.006,0.000
-1.968,-1.003,0.000
-2.001,-1.029,0.000
-2.099,-1.090,0.000
-1.985,-1.041,0.000
-1.959,-1.037,0.000
-1.948,-1.041,0.000
-2.139,-1.154,0.000
-1.947,-1.060,0.000
-1.950,-1.072,0.000
-2.140,-1.187,0.000
-2.121,-1.188,0.000
-1.930,-1.091,0.000
-2.118,-1.208,0.000
-1.914,-1.102,0.000
-1.917,-1.113,0.000
-1.905,-1.117,0.000
-1.908,-1.128,0.000
-2.122,-1.266,0.000
-2.131,-1.283,0.000
-1.930,-1.172,0.000
-1.926,-1.180,0.000
-2.316,-1.432,0.000
-1.930,-1.204,0.000
-1.912,-1.203,0.000
-1.921,-1.219,0.000
-2.108,-1.350,0.000
-1.806,-1.166,0.000
-1.787,-1.164,0.000
-1.789,-1.175,0.000
-1.972,-1.307,0.000
-1.681,-1.123,0.000
-1.669,-1.125,0.000
-1.665,-1.131,0.000
-1.653,-1.133,0.000
-1.649,-1.140,0.000
-1.784,-1.244,0.000
-1.738,-1.221,0.000
-1.514,-1.073,0.000
-1.546,-1.104,0.000
-1.689,-1.217,0.000
-1.501,-1.091,0.000
-1.617,-1.184,0.000
-1.626,-1.201,0.000
-1.424,-1.061,0.000
-1.589,-1.193,0.000
-1.605,-1.215,0.000
-1.311,-1.001,0.000
-1.300,-1.000,0.000
-1.296,-1.005,0.000
-1.314,-1.027,0.000
-1.288,-1.015,0.000
-1.291,-1.026,0.000
-1.179,-0.945,0.000
-1.367,-1.104,0.000
-1.179,-0.960,0.000
-1.182,-0.970,0.000
-1.179,-0.975,0.000
-1.329,-1.108,0.000
-1.359,-1.143,0.000
-1.160,-0.983,0.000
-1.316,-1.124,0.000
-1.131,-0.974,0.000
-1.092,-0.948,0.000
-1.255,-1.098,0.000
-1.042,-0.919,0.000
-1.226,-1.089,0.000
-1.215,-1.088,0.000
-1.052,-0.950,0.000
-1.020,-0.929,0.000
-1.215,-1.115,0.000
-1.191,-1.101,0.000
-0.989,-0.921,0.000
-1.013,-0.951,0.000
-1.296,-1.227,0.000
-0.991,-0.946,0.000
-1.083,-1.041,0.000
-1.105,-1.071,0.000
-1.081,-1.056,0.000
-1.064,-1.047,0.000
-1.066,-1.058,0.000
-1.256,-1.256,0.000
-1.058,-1.066,0.000
-1.067,-1.084,0.000
-1.075,-1.101,0.000
-1.052,-1.085,0.000
-1.047,-1.089,0.000
-1.226,-1.285,0.000
-1.045,-1.104,0.000
-1.028,-1.095,0.000
-1.307,-1.403,0.000
-1.119,-1.211,0.000
-1.109,-1.209,0.000
-1.110,-1.220,0.000
-1.123,-1.244,0.000
-1.094,-1.222,0.000
-1.077,-1.212,0.000
-1.103,-1.251,0.000
-1.080,-1.235,0.000
-1.239,-1.428,0.000
-1.052,-1.222,0.000
-1.065,-1.247,0.000
-1.060,-1.251,0.000
-1.211,-1.441,0.000
-1.056,-1.267,0.000
-1.205,-1.457,0.000
-1.200,-1.462,0.000
-1.035,-1.272,0.000
-1.259,-1.559,0.000
-1.171,-1.462,0.000
-1.026,-1.291,0.000
-1.015,-1.288,0.000
-1.170,-1.496,0.000
-1.000,-1.289,0.000
-0.995,-1.293,0.000
-1.001,-1.311,0.000
-0.990,-1.308,0.000
-0.985,-1.312,0.000
-0.996,-1.337,0.000
-0.974,-1.319,0.000
-0.964,-1.316,0.000
-1.142,-1.572,0.000
-0.964,-1.338,0.000
-0.932,-1.305,0.000
-1.093,-1.543,0.000
-0.943,-1.342,0.000
-0.938,-1.346,0.000
-1.075,-1.556,0.000
-0.932,-1.360,0.000
-1.048,-1.542,0.000
-0.911,-1.353,0.000
-0.911,-1.364,0.000
-0.906,-1.367,0.000
-1.033,-1.573,0.000
-1.032,-1.584,0.000
-0.895,-1.385,0.000
-0.884,-1.381,0.000
-1.008,-1.589,0.000
-0.878,-1.396,0.000
-1.001,-1.604,0.000
-0.882,-1.426,0.000
-0.862,-1.406,0.000
-0.977,-1.609,0.000
-0.869,-1.444,0.000
-0.845,-1.416,0.000
-0.835,-1.412,0.000
-0.943,-1.609,0.000
-0.824,-1.418,0.000
-0.818,-1.421,0.000
-0.928,-1.627,0.000
-0.812,-1.436,0.000
-0.797,-1.423,0.000
-0.922,-1.661,0.000
-0.777,-1.413,0.000
-0.789,-1.448,0.000
-0.902,-1.672,0.000
-0.777,-1.454,0.000
-0.767,-1.449,0.000
-0.882,-1.682,0.000
-0.756,-1.455,0.000
-0.750,-1.458,0.000
-0.854,-1.677,0.000
-0.739,-1.464,0.000
-0.849,-1.699,0.000
-0.731,-1.478,0.000
-0.828,-1.690,0.000
-0.716,-1.476,0.000
-0.706,-1.470,0.000
-0.735,-1.547,0.000
-0.706,-1.500,0.000
-0.693,-1.487,0.000
-0.792,-1.717,0.000
-0.677,-1.484,0.000
-0.679,-1.503,0.000
-0.665,-1.489,0.000
-0.667,-1.508,0.000
-0.668,-1.528,0.000
-0.651,-1.505,0.000
-0.642,-1.499,0.000
-0.737,-1.741,0.000
-0.734,-1.752,0.000
-0.727,-1.755,0.000
-0.629,-1.535,0.000
-0.619,-1.529,0.000
-0.610,-1.523,0.000
-0.604,-1.525,0.000
-0.601,-1.536,0.000
-0.592,-1.530,0.000
-0.678,-1.774,0.000
-0.684,-1.810,0.000
-0.621,-1.663,0.000
-0.571,-1.547,0.000
-0.562,-1.541,0.000
-0.556,-1.543,0.000
-0.546,-1.537,0.000
-0.543,-1.547,0.000
-0.617,-1.778,0.000
-0.525,-1.534,0.000
-0.603,-1.783,0.000
-0.632,-1.893,0.000
-0.516,-1.566,0.000
-0.507,-1.560,0.000
-0.498,-1.553,0.000
-0.495,-1.564,0.000
-0.483,-1.548,0.000
-0.493,-1.602,0.000
-0.544,-1.793,0.000
-0.467,-1.563,0.000
-0.466,-1.582,0.000
-0.460,-1.584,0.000
-0.451,-1.577,0.000
-0.443,-1.570,0.000
-0.439,-1.580,0.000
-0.433,-1.582,0.000
-0.490,-1.817,0.000
-0.487,-1.836,0.000
-0.414,-1.587,0.000
-0.410,-1.597,0.000
-0.465,-1.842,0.000
-0.445,-1.792,0.000
-0.385,-1.576,0.000
-0.385,-1.604,0.000
-0.375,-1.587,0.000
-0.372,-1.607,0.000
-0.360,-1.581,0.000
-0.358,-1.601,0.000
-0.352,-1.602,0.000
-0.345,-1.603,0.000
-0.396,-1.876,0.000
-0.385,-1.860,0.000
-0.326,-1.607,0.000
-0.316,-1.591,0.000
-0.314,-1.610,0.000
-0.328,-1.718,0.000
-0.296,-1.585,0.000
-0.290,-1.586,0.000
-0.288,-1.615,0.000
-0.280,-1.607,0.000
-0.260,-1.526,0.000
-0.256,-1.536,0.000
-0.250,-1.537,0.000
-0.296,-1.868,0.000
-0.253,-1.639,0.000
-0.244,-1.622,0.000
-0.267,-1.827,0.000
-0.231,-1.624,0.000
-0.240,-1.732,0.000
-0.254,-1.891,0.000
-0.199,-1.526,0.000
-0.216,-1.708,0.000
-0.216,-1.762,0.000
-0.194,-1.638,0.000
-0.178,-1.557,0.000
-0.161,-1.456,0.000
-0.169,-1.585,0.000
-0.160,-1.559,0.000
-0.174,-1.767,0.000
-0.167,-1.768,0.000
-0.136,-1.505,0.000
-0.142,-1.634,0.000
-0.149,-1.796,0.000
-0.118,-1.497,0.000
-0.133,-1.780,0.000
-0.116,-1.636,0.000
-0.101,-1.508,0.000
-0.103,-1.637,0.000
-0.090,-1.518,0.000
-0.103,-1.870,0.000
-0.082,-1.611,0.000
-0.078,-1.656,0.000
-0.069,-1.584,0.000
-0.065,-1.648,0.000
-0.058,-1.648,0.000
-0.048,-1.529,0.000
-0.043,-1.575,0.000
-0.041,-1.730,0.000
-0.032,-1.622,0.000
-0.026,-1.649,0.000
-0.023,-1.926,0.000
-0.012,-1.511,0.000
-0.007,-1.640,0.000
-0.000,-1.631,0.000
0.007,-1.749,0.000
0.012,-1.567,0.000
0.018,-1.511,0.000
0.025,-1.612,0.000
0.029,-1.502,0.000
0.036,-1.511,0.000
0.044,-1.612,0.000
0.048,-1.520,0.000
0.053,-1.501,0.000
0.059,-1.510,0.000
0.065,-1.500,0.000
0.077,-1.638,0.000
0.085,-1.665,0.000
0.092,-1.665,0.000
0.096,-1.637,0.000
0.103,-1.637,0.000
0.109,-1.636,0.000
0.116,-1.636,0.000
0.123,-1.645,0.000
0.130,-1.653,0.000
0.156,-1.884,0.000
0.141,-1.634,0.000
0.171,-1.892,0.000
0.180,-1.909,0.000
0.160,-1.623,0.000
0.193,-1.881,0.000
0.173,-1.622,0.000
0.206,-1.871,0.000
0.187,-1.639,0.000
0.214,-1.808,0.000
0.199,-1.628,0.000
0.205,-1.627,0.000
0.212,-1.626,0.000
0.217,-1.616,0.000
0.225,-1.625,0.000
0.227,-1.597,0.000
0.237,-1.623,0.000
0.281,-1.870,0.000
0.288,-1.869,0.000
0.256,-1.620,0.000
0.263,-1.619,0.000
0.275,-1.654,0.000
0.316,-1.855,0.000
0.280,-1.607,0.000
0.288,-1.615,0.000
0.301,-1.649,0.000
0.303,-1.621,0.000
0.309,-1.620,0.000
0.360,-1.847,0.000
0.367,-1.846,0.000
0.369,-1.819,0.000
0.338,-1.633,0.000
0.333,-1.578,0.000
0.396,-1.840,0.000
0.357,-1.629,0.000
0.354,-1.583,0.000
0.364,-1.599,0.000
0.425,-1.834,0.000
0.428,-1.815,0.000
0.387,-1.613,0.000
0.389,-1.593,0.000
0.397,-1.601,0.000
0.461,-1.825,0.000
0.410,-1.597,0.000
0.412,-1.578,0.000
0.420,-1.585,0.000
0.492,-1.826,0.000
0.437,-1.600,0.000
0.439,-1.580,0.000
0.499,-1.769,0.000
0.449,-1.568,0.000
0.460,-1.584,0.000
0.464,-1.573,0.000
0.470,-1.571,0.000
0.471,-1.552,0.000
0.551,-1.791,0.000
0.483,-1.548,0.000
0.567,-1.795,0.000
0.501,-1.562,0.000
0.504,-1.551,0.000
0.591,-1.796,0.000
0.651,-1.950,0.000
0.528,-1.562,0.000
0.595,-1.739,0.000
0.617,-1.778,0.000
0.546,-1.556,0.000
0.552,-1.554,0.000
0.540,-1.500,0.000
0.543,-1.489,0.000
0.639,-1.733,0.000
0.574,-1.537,0.000
0.573,-1.517,0.000
0.672,-1.758,0.000
0.682,-1.764,0.000
0.598,-1.527,0.000
0.604,-1.525,0.000
0.703,-1.755,0.000
0.713,-1.761,0.000
0.618,-1.509,0.000
0.655,-1.582,0.000
0.637,-1.521,0.000
0.636,-1.502,0.000
0.631,-1.474,0.000
0.651,-1.505,0.000
0.661,-1.511,0.000
0.615,-1.391,0.000
0.706,-1.580,0.000
0.778,-1.723,0.000
0.627,-1.375,0.000
0.636,-1.381,0.000
0.746,-1.602,0.000
0.741,-1.574,0.000
0.657,-1.382,0.000
0.757,-1.576,0.000
0.672,-1.385,0.000
0.599,-1.222,0.000
0.715,-1.445,0.000
0.794,-1.588,0.000
0.747,-1.481,0.000
0.565,-1.110,0.000
0.552,-1.073,0.000
0.587,-1.131,0.000
0.702,-1.338,0.000
0.578,-1.092,0.000
0.712,-1.333,0.000
0.642,-1.189,0.000
0.651,-1.195,0.000
0.637,-1.159,0.000
0.543,-0.978,0.000
0.474,-0.846,0.000
0.477,-0.844,0.000
0.475,-0.834,0.000
0.617,-1.071,0.000
0.487,-0.839,0.000
0.490,-0.837,0.000
0.432,-0.730,0.000
0.568,-0.952,0.000
0.432,-0.718,0.000
0.424,-0.699,0.000
0.427,-0.697,0.000
0.573,-0.927,0.000
0.411,-0.659,0.000
0.435,-0.692,0.000
0.449,-0.708,0.000
0.446,-0.697,0.000
0.449,-0.695,0.000
0.594,-0.913,0.000
0.449,-0.683,0.000
0.596,-0.900,0.000
0.397,-0.594,0.000
0.370,-0.549,0.000
0.528,-0.777,0.000
0.398,-0.580,0.000
0.534,-0.773,0.000
0.549,-0.787,0.000
0.356,-0.507,0.000
0.309,-0.436,0.000
0.493,-0.690,0.000
0.472,-0.655,0.000
0.302,-0.415,0.000
0.316,-0.431,0.000
0.473,-0.641,0.000
0.313,-0.420,0.000
0.315,-0.419,0.000
0.487,-0.644,0.000
0.490,-0.642,0.000
0.320,-0.415,0.000
0.321,-0.414,0.000
0.497,-0.636,0.000
0.500,-0.634,0.000
0.319,-0.402,0.000
0.328,-0.409,0.000
0.422,-0.523,0.000
0.593,-0.729,0.000
0.426,-0.520,0.000
0.422,-0.510,0.000
0.430,-0.516,0.000
0.433,-0.515,0.000
0.428,-0.505,0.000
0.630,-0.737,0.000
0.626,-0.727,0.000
0.727,-0.838,0.000
0.525,-0.600,0.000
0.568,-0.644,0.000
0.550,-0.619,0.000
0.545,-0.609,0.000
0.548,-0.607,0.000
0.550,-0.605,0.000
0.736,-0.803,0.000
0.645,-0.697,0.000
0.654,-0.702,0.000
0.839,-0.894,0.000
0.673,-0.712,0.000
0.635,-0.665,0.000
0.836,-0.870,0.000
0.853,-0.881,0.000
0.678,-0.694,0.000
0.673,-0.684,0.000
0.683,-0.688,0.000
0.650,-0.650,0.000
0.870,-0.864,0.000
0.783,-0.771,0.000
0.793,-0.775,0.000
0.977,-0.947,0.000
0.706,-0.679,0.000
0.887,-0.847,0.000
0.704,-0.667,0.000
0.692,-0.650,0.000
0.897,-0.836,0.000
0.908,-0.839,0.000
0.707,-0.649,0.000
0.702,-0.639,0.000
0.652,-0.589,0.000
0.899,-0.805,0.000
0.836,-0.743,0.000
0.913,-0.805,0.000
0.842,-0.737,0.000
0.808,-0.701,0.000
0.773,-0.665,0.000
0.783,-0.669,0.000
0.854,-0.723,0.000
0.849,-0.714,0.000
0.844,-0.704,0.000
0.862,-0.713,0.000
0.850,-0.697,0.000
0.868,-0.707,0.000
1.051,-0.849,0.000
1.077,-0.863,0.000
0.845,-0.672,0.000
1.223,-0.964,0.000
0.866,-0.677,0.000
0.868,-0.674,0.000
1.048,-0.807,0.000
1.097,-0.837,0.000
0.884,-0.669,0.000
0.918,-0.690,0.000
1.091,-0.813,0.000
0.868,-0.641,0.000
1.090,-0.799,0.000
1.085,-0.789,0.000
0.900,-0.648,0.000
0.894,-0.639,0.000
1.133,-0.803,0.000
1.113,-0.783,0.000
0.877,-0.612,0.000
0.888,-0.614,0.000
0.907,-0.622,0.000
0.909,-0.618,0.000
0.920,-0.620,0.000
0.922,-0.616,0.000
0.916,-0.607,0.000
0.894,-0.587,0.000
1.148,-0.748,0.000
0.956,-0.618,0.000
1.154,-0.739,0.000
1.173,-0.744,0.000
0.914,-0.575,0.000
1.155,-0.720,0.000
1.198,-0.741,0.000
0.954,-0.585,0.000
0.931,-0.566,0.000
0.933,-0.562,0.000
0.944,-0.563,0.000
0.955,-0.565,0.000
0.948,-0.556,0.000
0.959,-0.557,0.000
1.187,-0.684,0.000
0.972,-0.554,0.000
0.940,-0.531,0.000
1.179,-0.660,0.000
0.987,-0.548,0.000
0.972,-0.534,0.000
1.077,-0.587,0.000
1.197,-0.646,0.000
0.961,-0.514,0.000
0.980,-0.519,0.000
0.973,-0.511,0.000
1.097,-0.570,0.000
1.210,-0.623,0.000
1.084,-0.552,0.000
0.946,-0.477,0.000
1.106,-0.553,0.000
1.160,-0.574,0.000
1.066,-0.523,0.000
1.334,-0.647,0.000
1.354,-0.650,0.000
1.081,-0.514,0.000
1.074,-0.506,0.000
1.361,-0.634,0.000
1.131,-0.522,0.000
1.089,-0.497,0.000
1.153,-0.521,0.000
1.111,-0.496,0.000
1.130,-0.500,0.000
1.324,-0.580,0.000
1.370,-0.593,0.000
1.136,-0.487,0.000
1.366,-0.578,0.000
1.149,-0.481,0.000
1.115,-0.462,0.000
1.135,-0.465,0.000
1.155,-0.468,0.000
1.411,-0.565,0.000
1.122,-0.444,0.000
1.142,-0.447,0.000
1.162,-0.450,0.000
1.182,-0.452,0.000
1.405,-0.531,0.000
1.407,-0.526,0.000
1.169,-0.431,0.000
1.161,-0.423,0.000
1.208,-0.435,0.000
1.441,-0.513,0.000
1.184,-0.416,0.000
1.168,-0.405,0.000
1.169,-0.401,0.000
1.180,-0.399,0.000
1.209,-0.404,0.000
1.192,-0.393,0.000
1.384,-0.450,0.000
1.439,-0.461,0.000
1.197,-0.379,0.000
1.171,-0.365,0.000
1.172,-0.361,0.000
1.455,-0.442,0.000
1.193,-0.357,0.000
1.195,-0.352,0.000
1.178,-0.342,0.000
1.188,-0.340,0.000
1.472,-0.415,0.000
1.210,-0.336,0.000
1.466,-0.401,0.000
1.459,-0.393,0.000
1.167,-0.309,0.000
1.196,-0.312,0.000
1.446,-0.371,0.000
1.465,-0.370,0.000
1.209,-0.300,0.000
1.191,-0.291,0.000
1.202,-0.289,0.000
1.212,-0.286,0.000
1.195,-0.277,0.000
1.196,-0.272,0.000
1.216,-0.272,0.000
1.467,-0.322,0.000
1.199,-0.258,0.000
1.433,-0.303,0.000
1.239,-0.257,0.000
1.472,-0.299,0.000
1.231,-0.245,0.000
1.194,-0.233,0.000
1.233,-0.235,0.000
1.476,-0.276,0.000
1.216,-0.222,0.000
1.506,-0.269,0.000
1.237,-0.216,0.000
1.209,-0.206,0.000
1.286,-0.214,0.000
1.230,-0.200,0.000
1.240,-0.197,0.000
1.539,-0.238,0.000
1.374,-0.207,0.000
1.384,-0.203,0.000
1.224,-0.174,0.000
1.385,-0.192,0.000
1.433,-0.193,0.000
1.245,-0.162,0.000
1.388,-0.175,0.000
1.379,-0.169,0.000
1.361,-0.161,0.000
1.333,-0.153,0.000
1.362,-0.151,0.000
1.604,-0.171,0.000
1.382,-0.142,0.000
1.382,-0.136,0.000
1.364,-0.129,0.000
1.624,-0.147,0.000
1.393,-0.121,0.000
1.384,-0.115,0.000
1.366,-0.108,0.000
1.366,-0.102,0.000
1.609,-0.114,0.000
1.664,-0.111,0.000
1.628,-0.103,0.000
1.368,-0.081,0.000
1.368,-0.075,0.000
1.378,-0.071,0.000
1.397,-0.066,0.000
1.482,-0.064,0.000
1.369,-0.054,0.000
1.360,-0.048,0.000
1.584,-0.050,0.000
1.649,-0.046,0.000
1.389,-0.033,0.000
1.370,-0.027,0.000
1.398,-0.022,0.000
1.389,-0.017,0.000
1.389,-0.011,0.000
1.370,-0.006,0.000
1.332,-0.000,0.500
1.370,0.005,0.500
1.389,0.011,0.500
1.603,0.019,0.500
1.408,0.022,0.500
1.370,0.027,0.500
1.398,0.033,0.500
1.408,0.039,0.500
1.398,0.044,0.500
1.379,0.049,0.500
1.630,0.064,0.500
1.388,0.060,0.500
1.359,0.064,0.500
1.368,0.070,0.500
1.397,0.077,0.500
1.387,0.082,0.500
1.368,0.086,0.500
1.414,0.094,0.500
1.395,0.099,0.500
1.366,0.102,0.500
1.626,0.128,0.500
1.625,0.134,0.500
1.346,0.116,0.500
1.374,0.124,0.500
1.364,0.129,0.500
1.373,0.135,0.500
1.382,0.141,0.500
1.353,0.144,0.500
1.362,0.150,0.500
1.371,0.157,0.500
1.638,0.194,0.500
1.398,0.171,0.500
1.378,0.174,0.500
1.635,0.213,0.500
1.635,0.219,0.500
1.670,0.231,0.500
1.338,0.190,0.500
1.356,0.198,0.500
1.364,0.205,0.500
1.354,0.209,0.500
1.391,0.220,0.500
1.362,0.221,0.500
1.352,0.225,0.500
1.608,0.274,0.500
1.634,0.285,0.500
1.368,0.244,0.500
1.367,0.249,0.500
1.366,0.255,0.500
1.355,0.258,0.500
1.354,0.264,0.500
1.635,0.325,0.500
1.361,0.276,0.500
1.351,0.280,0.500
1.596,0.337,0.500
1.577,0.339,0.500
1.348,0.295,0.500
1.337,0.299,0.500
1.318,0.300,0.500
1.607,0.372,0.500
1.334,0.314,0.500
1.674,0.402,0.500
1.477,0.361,0.500
1.467,0.364,0.500
1.465,0.370,0.500
1.263,0.324,0.500
1.462,0.381,0.500
1.443,0.382,0.500
1.697,0.457,0.500
1.476,0.403,0.500
1.474,0.409,0.500
1.499,0.423,0.500
1.902,0.544,0.500
1.469,0.427,0.500
1.432,0.422,0.500
1.475,0.441,0.500
1.428,0.433,0.500
1.436,0.441,0.500
1.669,0.520,0.500
1.423,0.450,0.500
1.395,0.447,0.500
1.689,0.548,0.500
1.427,0.469,0.500
1.425,0.475,0.500
1.423,0.481,0.500
1.394,0.477,0.500
1.428,0.495,0.500
1.408,0.494,0.500
1.433,0.509,0.500
1.404,0.505,0.500
1.446,0.527,0.500
1.427,0.526,0.500
1.416,0.528,0.500
1.405,0.531,0.500
1.394,0.533,0.500
1.427,0.552,0.500
1.407,0.551,0.500
1.405,0.556,0.500
1.665,0.667,0.500
1.646,0.666,0.500
1.407,0.576,0.500
1.599,0.662,0.500
1.630,0.682,0.500
1.392,0.589,0.500
1.398,0.598,0.500
1.395,0.604,0.500
1.368,0.598,0.500
1.624,0.718,0.500
1.397,0.624,0.500
1.352,0.610,0.500
1.375,0.627,0.500
1.605,0.739,0.500
1.387,0.646,0.500
1.384,0.651,0.500
1.612,0.766,0.500
1.593,0.764,0.500
1.360,0.659,0.500
1.366,0.669,0.500
1.346,0.666,0.500
1.360,0.679,0.500
1.585,0.800,0.500
1.685,0.858,0.500
1.467,0.754,0.500
1.341,0.696,0.500
1.461,0.766,0.500
1.442,0.763,0.500
1.439,0.769,0.500
1.444,0.779,0.500
1.424,0.775,0.500
1.445,0.794,0.500
1.442,0.800,0.500
1.431,0.801,0.500
1.662,0.939,0.500
1.417,0.808,0.500
1.422,0.818,0.500
1.635,0.949,0.500
1.423,0.834,0.500
1.317,0.778,0.500
1.346,0.803,0.500
1.303,0.784,0.500
1.510,0.917,0.500
1.312,0.804,0.500
1.325,0.819,0.500
1.306,0.814,0.500
1.496,0.941,0.500
1.260,0.800,0.500
1.265,0.809,0.500
1.363,0.880,0.500
1.259,0.819,0.500
1.263,0.829,0.500
1.252,0.829,0.500
1.226,0.819,0.500
1.261,0.849,0.500
1.118,0.759,0.500
1.345,0.922,0.500
1.334,0.922,0.500
1.132,0.789,0.500
1.113,0.782,0.500
1.316,0.932,0.500
1.320,0.943,0.500
1.127,0.812,0.500
0.984,0.715,0.500
1.021,0.747,0.500
1.216,0.898,0.500
0.953,0.709,0.500
0.996,0.748,0.500
0.978,0.740,0.500
0.983,0.750,0.500
0.964,0.742,0.500
0.931,0.722,0.500
1.080,0.844,0.500
0.963,0.759,0.500
0.953,0.757,0.500
0.881,0.706,0.500
0.871,0.703,0.500
0.845,0.688,0.500
1.052,0.863,0.500
1.071,0.885,0.500
0.859,0.716,0.500
0.826,0.694,0.500
1.031,0.873,0.500
1.049,0.896,0.500
0.705,0.606,0.500
0.710,0.616,0.500
0.730,0.638,0.500
0.884,0.779,0.500
0.718,0.637,0.500
0.700,0.627,0.500
0.712,0.643,0.500
0.673,0.612,0.500
0.707,0.649,0.500
0.705,0.651,0.500
0.862,0.803,0.500
0.908,0.853,0.500
0.719,0.680,0.500
0.687,0.655,0.500
0.706,0.679,0.500
0.991,0.960,0.500
0.772,0.754,0.500
0.670,0.659,0.500
0.689,0.683,0.500
0.686,0.686,0.500
0.662,0.667,0.500
0.881,0.894,0.500
0.877,0.898,0.500
0.675,0.696,0.500
0.665,0.692,0.500
0.649,0.680,0.500
0.632,0.668,0.500
0.671,0.714,0.500
0.634,0.680,0.500
0.652,0.705,0.500
0.669,0.729,0.500
0.632,0.695,0.500
0.636,0.705,0.500
0.747,0.833,0.500
0.904,1.017,0.500
0.900,1.021,0.500
0.711,0.812,0.500
0.727,0.838,0.500
0.907,1.053,0.500
0.822,0.962,0.500
0.799,0.943,0.500
0.912,1.085,0.500
0.786,0.942,0.500
0.782,0.945,0.500
0.797,0.970,0.500
0.762,0.936,0.500
0.777,0.961,0.500
0.939,1.172,0.500
0.769,0.968,0.500
0.771,0.978,0.500
1.016,1.299,0.500
0.852,1.097,0.500
0.847,1.101,0.500
0.831,1.089,0.500
0.861,1.138,0.500
0.969,1.289,0.500
0.819,1.099,0.500
0.826,1.117,0.500
0.975,1.330,0.500
0.811,1.116,0.500
0.812,1.127,0.500
0.797,1.115,0.500
0.901,1.271,0.500
0.788,1.121,0.500
0.773,1.108,0.500
0.933,1.349,0.500
0.780,1.138,0.500
0.770,1.133,0.500
0.998,1.480,0.500
0.767,1.147,0.500
0.762,1.150,0.500
0.758,1.153,0.500
0.895,1.374,0.500
0.885,1.370,0.500
0.744,1.162,0.500
0.740,1.165,0.500
0.874,1.388,0.500
0.725,1.162,0.500
0.711,1.149,0.500
0.857,1.398,0.500
0.751,1.235,0.500
0.765,1.271,0.500
0.712,1.193,0.500
0.760,1.285,0.500
0.736,1.255,0.500
0.806,1.386,0.500
0.707,1.228,0.500
0.730,1.280,0.500
0.816,1.444,0.500
0.846,1.510,0.500
0.693,1.248,0.500
0.724,1.316,0.500
0.660,1.212,0.500
0.718,1.330,0.500
0.820,1.534,0.500
0.641,1.211,0.500
0.689,1.313,0.500
0.697,1.341,0.500
0.700,1.360,0.500
0.810,1.590,0.500
0.694,1.374,0.500
0.688,1.377,0.500
0.670,1.354,0.500
0.677,1.382,0.500
0.648,1.334,0.500
0.769,1.600,0.500
0.649,1.365,0.500
0.753,1.598,0.500
0.623,1.336,0.500
0.633,1.372,0.500
0.635,1.392,0.500
0.622,1.377,0.500
0.725,1.621,0.500
0.608,1.373,0.500
0.723,1.651,0.500
0.589,1.361,0.500
0.599,1.398,0.500
0.682,1.610,0.500
0.591,1.411,0.500
0.579,1.396,0.500
0.667,1.626,0.500
0.667,1.646,0.500
0.566,1.411,0.500
0.560,1.414,0.500
0.638,1.628,0.500
0.635,1.639,0.500
0.540,1.411,0.500
0.541,1.431,0.500
0.618,1.655,0.500
0.609,1.649,0.500
0.518,1.420,0.500
0.509,1.413,0.500
0.589,1.656,0.500
0.501,1.426,0.500
0.579,1.669,0.500
0.481,1.403,0.500
0.487,1.440,0.500
0.479,1.433,0.500
0.553,1.678,0.500
0.473,1.455,0.500
0.462,1.439,0.500
0.459,1.450,0.500
0.526,1.686,0.500
0.507,1.646,0.500
0.439,1.446,0.500
0.433,1.448,0.500
0.433,1.467,0.500
0.424,1.460,0.500
0.533,1.860,0.500
0.492,1.743,0.500
0.405,1.456,0.500
0.409,1.493,0.500
0.391,1.450,0.500
0.449,1.690,0.500
0.384,1.471,0.500
0.371,1.446,0.500
0.379,1.501,0.500
0.365,1.466,0.500
0.352,1.441,0.500
0.413,1.718,0.500
0.337,1.425,0.500
0.333,1.436,0.500
0.336,1.473,0.500
0.334,1.493,0.500
0.387,1.760,0.500
0.314,1.459,0.500
0.365,1.728,0.500
0.359,1.730,0.500
0.297,1.463,0.500
0.295,1.482,0.500
0.284,1.456,0.500
0.283,1.484,0.500
0.323,1.728,0.500
0.278,1.523,0.500
0.266,1.488,0.500
0.332,1.897,0.500
0.256,1.499,0.500
0.244,1.463,0.500
0.281,1.726,0.500
0.237,1.492,0.500
0.269,1.737,0.500
0.222,1.476,0.500
0.256,1.748,0.500
0.251,1.758,0.500
0.206,1.488,0.500
0.204,1.516,0.500
0.197,1.508,0.500
0.192,1.518,0.500
0.182,1.481,0.500
0.176,1.482,0.500
0.172,1.501,0.500
0.163,1.474,0.500
0.164,1.540,0.500
0.155,1.512,0.500
0.168,1.704,0.500
0.143,1.504,0.500
0.159,1.751,0.500
0.132,1.515,0.500
0.124,1.497,0.500
0.118,1.497,0.500
0.113,1.507,0.500
0.125,1.762,0.500
0.104,1.545,0.500
0.109,1.727,0.500
0.089,1.508,0.500
0.084,1.518,0.500
0.079,1.537,0.500
0.073,1.547,0.500
0.076,1.756,0.500
0.059,1.501,0.500
0.053,1.501,0.500
0.056,1.766,0.500
0.042,1.511,0.500
0.036,1.520,0.500
0.035,1.748,0.500
0.024,1.530,0.500
0.018,1.483,0.500
0.012,1.511,0.500
0.007,1.740,0.500
0.000,1.493,0.500
-0.006,1.493,0.500
-0.012,1.520,0.500
-0.018,1.520,0.500
-0.023,1.502,0.500
-0.034,1.766,0.500
-0.034,1.473,0.500
-0.041,1.511,0.500
-0.047,1.492,0.500
-0.053,1.510,0.500
-0.060,1.529,0.500
-0.069,1.611,0.500
-0.082,1.756,0.500
-0.090,1.773,0.500
-0.083,1.509,0.500
-0.103,1.755,0.500
-0.096,1.527,0.500
-0.100,1.499,0.500
-0.116,1.645,0.500
-0.114,1.535,0.500
-0.147,1.876,0.500
-0.135,1.644,0.500
-0.143,1.652,0.500
-0.147,1.624,0.500
-0.154,1.633,0.500
-0.181,1.838,0.500
-0.163,1.595,0.500
-0.178,1.676,0.500
-0.207,1.880,0.500
-0.187,1.639,0.500
-0.190,1.611,0.500
-0.231,1.894,0.500
-0.202,1.600,0.500
-0.210,1.617,0.500
-0.256,1.909,0.500
-0.260,1.882,0.500
-0.231,1.624,0.500
-0.276,1.888,0.500
-0.243,1.622,0.500
-0.254,1.648,0.500
-0.294,1.859,0.500
-0.263,1.619,0.500
-0.269,1.618,0.500
-0.323,1.899,0.500
-0.325,1.863,0.500
-0.291,1.633,0.500
-0.289,1.587,0.500
-0.297,1.594,0.500
-0.309,1.620,0.500
-0.312,1.601,0.500
-0.367,1.846,0.500
-0.324,1.598,0.500
-0.336,1.624,0.500
-0.342,1.623,0.500
-0.345,1.603,0.500
-0.403,1.838,0.500
-0.357,1.601,0.500
-0.358,1.573,0.500
-0.423,1.825,0.500
-0.378,1.605,0.500
-0.441,1.839,0.500
-0.393,1.611,0.500
-0.402,1.618,0.500
-0.503,1.993,0.500
-0.403,1.571,0.500
-0.473,1.813,0.500
-0.489,1.845,0.500
-0.421,1.566,0.500
-0.503,1.841,0.500
-0.446,1.607,0.500
-0.442,1.570,0.500
-0.518,1.810,0.500
-0.532,1.833,0.500
-0.469,1.591,0.500
-0.472,1.580,0.500
-0.546,1.801,0.500
-0.574,1.866,0.500
-0.518,1.661,0.500
-0.564,1.786,0.500
-0.531,1.657,0.500
-0.606,1.865,0.500
-0.552,1.678,0.500
-0.556,1.667,0.500
-0.644,1.907,0.500
-0.563,1.646,0.500
-0.581,1.678,0.500
-0.684,1.948,0.500
-0.589,1.656,0.500
-0.586,1.629,0.500
-0.605,1.660,0.500
-0.693,1.880,0.500
-0.621,1.664,0.500
-0.627,1.661,0.500
-0.637,1.667,0.500
-0.627,1.623,0.500
-0.647,1.654,0.500
-0.747,1.888,0.500
-0.656,1.640,0.500
-0.649,1.604,0.500
-0.673,1.643,0.500
-0.672,1.624,0.500
-0.774,1.849,0.500
-0.685,1.619,0.500
-0.788,1.843,0.500
-0.806,1.863,0.500
-0.715,1.635,0.500
-0.721,1.632,0.500
-0.824,1.846,0.500
-0.846,1.874,0.500
-0.748,1.640,0.500
-0.839,1.820,0.500
-0.753,1.618,0.500
-0.744,1.582,0.500
-0.766,1.612,0.500
-0.768,1.601,0.500
-0.825,1.702,0.500
-0.785,1.603,0.500
-0.885,1.789,0.500
-0.849,1.700,0.500
-0.855,1.696,0.500
-0.798,1.566,0.500
-0.861,1.674,0.500
-0.867,1.670,0.500
-0.906,1.729,0.500
-0.884,1.671,0.500
-0.845,1.582,0.500
-0.980,1.817,0.500
-0.929,1.707,0.500
-0.923,1.680,0.500
-1.038,1.872,0.500
-0.924,1.650,0.500
-0.926,1.639,0.500
-1.056,1.853,0.500
-0.952,1.654,0.500
-0.958,1.650,0.500
-1.091,1.862,0.500
-0.949,1.605,0.500
-0.987,1.654,0.500
-0.970,1.613,0.500
-1.124,1.852,0.500
-0.997,1.627,0.500
-0.999,1.616,0.500
-1.133,1.817,0.500
-1.135,1.805,0.500
-1.022,1.612,0.500
-1.140,1.782,0.500
-1.152,1.785,0.500
-1.032,1.585,0.500
-1.235,1.881,0.500
-1.049,1.584,0.500
-1.123,1.681,0.500
-1.262,1.873,0.500
-1.136,1.672,0.500
-1.142,1.668,0.500
-1.173,1.699,0.500
-1.291,1.853,0.500
-1.157,1.647,0.500
-1.163,1.642,0.500
-1.313,1.838,0.500
-1.186,1.647,0.500
-1.188,1.636,0.500
-1.158,1.582,0.500
-1.196,1.619,0.500
-1.334,1.792,0.500
-1.213,1.617,0.500
-1.225,1.619,0.500
-1.360,1.782,0.500
-1.377,1.790,0.500
-1.286,1.658,0.500
-1.457,1.864,0.500
-1.356,1.721,0.500
-1.337,1.683,0.500
-1.458,1.821,0.500
-1.501,1.860,0.500
-1.362,1.674,0.500
-1.347,1.642,0.500
-1.523,1.842,0.500
-1.376,1.651,0.500
-1.372,1.633,0.500
-1.400,1.653,0.500
-1.541,1.805,0.500
-1.408,1.636,0.500
-1.408,1.624,0.500
-1.409,1.612,0.500
-1.342,1.523,0.500
-1.342,1.511,0.500
-1.439,1.608,0.500
-1.480,1.640,0.500
-1.372,1.508,0.500
-1.372,1.496,0.500
-1.360,1.472,0.500
-1.551,1.665,0.500
-1.383,1.474,0.500
-1.546,1.635,0.500
-1.547,1.622,0.500
-1.389,1.445,0.500
-1.388,1.433,0.500
-1.578,1.616,0.500
-1.442,1.465,0.500
-1.579,1.592,0.500
-1.573,1.574,0.500
-1.354,1.344,0.500
-1.519,1.496,0.500
-1.371,1.340,0.500
-1.377,1.334,0.500
-1.537,1.478,0.500
-1.543,1.472,0.500
-1.373,1.300,0.500
-1.385,1.301,0.500
-1.377,1.283,0.500
-1.369,1.266,0.500
-1.438,1.320,0.500
-1.398,1.273,0.500
-1.583,1.429,0.500
-1.588,1.423,0.500
-1.407,1.250,0.500
-1.593,1.405,0.500
-1.423,1.245,0.500
-1.617,1.404,0.500
-1.439,1.240,0.500
-1.621,1.385,0.500
-1.456,1.234,0.500
-1.427,1.200,0.500
-1.438,1.200,0.500
-1.450,1.200,0.500
-1.475,1.211,0.500
-1.634,1.331,0.500
-1.646,1.330,0.500
-1.489,1.194,0.500
-1.494,1.188,0.500
-1.786,1.409,0.500
-1.503,1.176,0.500
-1.604,1.245,0.500
-1.776,1.367,0.500
-1.524,1.163,0.500
-1.632,1.236,0.500
-1.589,1.193,0.500
-1.614,1.203,0.500
-1.626,1.201,0.500
-1.801,1.320,0.500
-1.607,1.168,0.500
-1.839,1.326,0.500
-1.672,1.196,0.500
-1.642,1.164,0.500
-1.841,1.294,0.500
-1.679,1.171,0.500
-1.844,1.275,0.500
-1.703,1.167,0.500
-1.686,1.146,0.500
-1.989,1.341,0.500
-1.759,1.176,0.500
-1.778,1.178,0.500
-1.782,1.171,0.500
-1.801,1.173,0.500
-1.798,1.162,0.500
-1.796,1.150,0.500
-2.004,1.272,0.500
-1.805,1.136,0.500
-1.845,1.151,0.500
-1.821,1.126,0.500
-1.840,1.128,0.500
-2.015,1.224,0.500
-1.870,1.126,0.500
-2.045,1.221,0.500
-1.821,1.077,0.500
-1.840,1.079,0.500
-1.866,1.084,0.500
-1.841,1.060,0.500
-1.852,1.057,0.500
-1.871,1.058,0.500
-2.078,1.164,0.500
-1.916,1.064,0.500
-1.891,1.040,0.500
-2.106,1.147,0.500
-1.877,1.013,0.500
-2.086,1.116,0.500
-1.884,0.998,0.500
-1.896,0.995,0.500
-1.892,0.983,0.500
-2.118,1.090,0.500
-1.923,0.980,0.500
-1.911,0.965,0.500
-2.116,1.058,0.500
-1.949,0.965,0.500
-1.923,0.942,0.500
-1.926,0.935,0.500
-1.930,0.927,0.500
-1.918,0.912,0.500
-1.922,0.905,0.500
-2.152,1.003,0.500
-1.929,0.890,0.500
-1.948,0.889,0.500
-2.133,0.964,0.500
-1.955,0.874,0.500
-1.943,0.859,0.500
-1.969,0.862,0.500
-2.186,0.946,0.500
-1.976,0.846,0.500
-1.979,0.838,0.500
-2.197,0.921,0.500
-1.970,0.816,0.500
-1.942,0.796,0.500
-2.192,0.888,0.500
-1.980,0.793,0.500
-1.983,0.785,0.500
-2.226,0.872,0.500
-2.020,0.782,0.500
-2.008,0.768,0.500
-2.213,0.837,0.500
-2.014,0.752,0.500
-2.009,0.741,0.500
-2.215,0.808,0.500
-2.022,0.728,0.500
-2.009,0.715,0.500
-2.255,0.792,0.500
-2.023,0.702,0.500
-1.977,0.677,0.500
-2.052,0.694,0.500
-2.007,0.670,0.500
-2.025,0.667,0.500
-2.052,0.667,0.500
-2.031,0.651,0.500
-2.025,0.641,0.500
-2.258,0.705,0.500
-2.038,0.627,0.500
-2.256,0.685,0.500
-2.035,0.609,0.500
-2.037,0.601,0.500
-2.056,0.598,0.500
-2.083,0.597,0.500
-2.052,0.579,0.500
-2.071,0.576,0.500
-2.073,0.568,0.500
-2.075,0.559,0.500
-2.286,0.607,0.500
-2.072,0.541,0.500
-2.082,0.535,0.500
-1.968,0.497,0.500
-2.086,0.519,0.500
-2.080,0.508,0.500
-1.932,0.464,0.500
-2.084,0.492,0.500
-1.952,0.453,0.500
-1.971,0.449,0.500
-1.989,0.445,0.500
-2.206,0.484,0.500
-1.976,0.426,0.500
-1.995,0.422,0.500
-2.055,0.426,0.500
-2.057,0.418,0.500
-1.999,0.398,0.500
-1.976,0.385,0.500
-1.952,0.373,0.500
-2.004,0.374,0.500
-1.997,0.365,0.500
-2.223,0.397,0.500
-2.034,0.355,0.500
-2.102,0.359,0.500
-2.228,0.371,0.500
-1.970,0.320,0.500
-2.140,0.339,0.500
-1.989,0.307,0.500
-2.347,0.353,0.500
-2.034,0.298,0.500
-2.136,0.304,0.500
-2.138,0.296,0.500
-2.130,0.286,0.500
-2.039,0.266,0.500
-2.116,0.268,0.500
-1.998,0.245,0.500
-2.084,0.247,0.500
-2.219,0.254,0.500
-2.359,0.261,0.500
-2.137,0.228,0.500
-2.121,0.218,0.500
-2.105,0.208,0.500
-2.140,0.203,0.500
-2.039,0.185,0.500
-2.133,0.185,0.500
-2.108,0.175,0.500
-2.383,0.188,0.500
-2.152,0.161,0.500
-2.119,0.150,0.500
-2.377,0.159,0.500
-2.154,0.136,0.500
-2.321,0.137,0.500
-2.138,0.118,0.500
-2.138,0.110,0.500
-2.164,0.102,0.500
-2.339,0.101,0.500
-2.139,0.084,0.500
-2.106,0.075,0.500
-2.356,0.074,0.500
-2.140,0.059,0.500
-2.166,0.051,0.500
-2.373,0.047,0.500
-2.132,0.034,0.500
-2.158,0.026,0.500
-2.141,0.017,0.500
-2.366,0.010,0.500
-2.133,0.000,0.500
-2.158,-0.008,0.500
-2.349,-0.018,0.500
-2.124,-0.025,0.500
-2.141,-0.033,0.500
-2.107,-0.041,0.500
-2.140,-0.050,0.500
-2.157,-0.059,0.500
-2.307,-0.072,0.500
-2.131,-0.075,0.500
-2.182,-0.085,0.500
-2.298,-0.099,0.500
-2.079,-0.098,0.500
-2.297,-0.117,0.500
-2.313,-0.127,0.500
-2.137,-0.126,0.500
-2.377,-0.149,0.500
-2.077,-0.139,0.500
-2.127,-0.150,0.500
-2.144,-0.160,0.500
-2.342,-0.184,0.500
-2.151,-0.177,0.500
-1.997,-0.173,0.500
-2.099,-0.190,0.500
-2.199,-0.208,0.500
-2.189,-0.215,0.500
-2.304,-0.236,0.500
-2.360,-0.251,0.500
-2.120,-0.234,0.500
-2.342,-0.268,0.500
-2.349,-0.278,0.500
-2.108,-0.258,0.500
-2.124,-0.268,0.500
-2.115,-0.275,0.500
-2.114,-0.284,0.500
-2.319,-0.320,0.500
-2.153,-0.306,0.500
-2.300,-0.336,0.500
-2.117,-0.318,0.500
-2.091,-0.322,0.500
-2.328,-0.368,0.500
-2.097,-0.340,0.500
-2.112,-0.351,0.500
-2.348,-0.400,0.500
-2.109,-0.368,0.500
-2.124,-0.379,0.500
-2.115,-0.386,0.500
-2.105,-0.393,0.500
-2.103,-0.401,0.500
-2.457,-0.478,0.500
-2.100,-0.417,0.500
-2.107,-0.427,0.500
-2.317,-0.479,0.500
-2.315,-0.488,0.500
-2.167,-0.466,0.500
-2.319,-0.508,0.500
-2.325,-0.519,0.500
-2.096,-0.477,0.500
-2.320,-0.538,0.500
-2.084,-0.491,0.500
-2.065,-0.496,0.500
-2.274,-0.555,0.500
-2.061,-0.512,0.500
-2.302,-0.581,0.500
-2.074,-0.532,0.500
-2.064,-0.538,0.500
-2.255,-0.598,0.500
-2.067,-0.557,0.500
-2.065,-0.565,0.500
-2.264,-0.628,0.500
-2.036,-0.574,0.500
-2.329,-0.666,0.500
-2.064,-0.599,0.500
-2.062,-0.608,0.500
-2.391,-0.715,0.500
-2.049,-0.621,0.500
-2.038,-0.627,0.500
-2.274,-0.709,0.500
-2.248,-0.711,0.500
-2.111,-0.676,0.500
-2.100,-0.682,0.500
-2.239,-0.737,0.500
-2.087,-0.696,0.500
-2.012,-0.680,0.500
-2.097,-0.718,0.500
-2.350,-0.815,0.500
-2.139,-0.751,0.500
-2.321,-0.825,0.500
-2.086,-0.751,0.500
-2.329,-0.849,0.500
-2.127,-0.784,0.500
-2.147,-0.801,0.500
-2.297,-0.867,0.500
-2.086,-0.797,0.500
-2.091,-0.809,0.500
-2.095,-0.820,0.500
-2.237,-0.886,0.500
-2.089,-0.836,0.500
-2.055,-0.832,0.500
-2.426,-0.994,0.500
-2.079,-0.861,0.500
-2.264,-0.948,0.500
-2.305,-0.976,0.500
-2.092,-0.895,0.500
-2.073,-0.897,0.500
-2.264,-0.990,0.500
-2.043,-0.903,0.500
-2.249,-1.004,0.500
-2.281,-1.030,0.500
-2.040,-0.930,0.500
-2.036,-0.938,0.500
-2.240,-1.043,0.500
-2.250,-1.059,0.500
-1.995,-0.948,0.500
-2.051,-0.985,0.500
-2.040,-0.989,0.500
-2.013,-0.986,0.500
-1.994,-0.987,0.500
-1.991,-0.994,0.500
-2.016,-1.017,0.500
-2.151,-1.096,0.500
-1.994,-1.025,0.500
-1.975,-1.025,0.500
-1.963,-1.029,0.500
-2.177,-1.152,0.500
-1.940,-1.037,0.500
-1.944,-1.048,0.500
-1.969,-1.072,0.500
-1.943,-1.068,0.500
-2.133,-1.183,0.500
-1.956,-1.095,0.500
-2.186,-1.235,0.500
-1.947,-1.110,0.500
-1.900,-1.093,0.500
-2.116,-1.229,0.500
-1.913,-1.121,0.500
-1.908,-1.128,0.500
-1.932,-1.153,0.500
-1.935,-1.165,0.500
-2.071,-1.257,0.500
-1.897,-1.162,0.500
-2.116,-1.308,0.500
-1.931,-1.204,0.500
-2.085,-1.311,0.500
-1.900,-1.205,0.500
-2.095,-1.341,0.500
-2.076,-1.340,0.500
-1.893,-1.232,0.500
-1.915,-1.258,0.500
-1.764,-1.168,0.500
-1.967,-1.314,0.500
-1.769,-1.192,0.500
-1.757,-1.194,0.500
-1.856,-1.272,0.500
-1.670,-1.154,0.500
-1.623,-1.131,0.500
-1.626,-1.142,0.500
-1.628,-1.154,0.500
-1.831,-1.308,0.500
-1.541,-1.110,0.500
-1.544,-1.122,0.500
-1.575,-1.153,0.500
-1.479,-1.092,0.500
-1.467,-1.092,0.500
-1.596,-1.198,0.500
-1.430,-1.082,0.500
-1.412,-1.077,0.500
-1.589,-1.222,0.500
-1.417,-1.099,0.500
-1.476,-1.154,0.500
-1.288,-1.015,0.500
-1.291,-1.026,0.500
-1.316,-1.054,0.500
-1.498,-1.210,0.500
-1.265,-1.030,0.500
-1.462,-1.199,0.500
-1.450,-1.200,0.500
-1.125,-0.938,0.500
-1.494,-1.256,0.500
-1.153,-0.977,0.500
-1.149,-0.981,0.500
-1.406,-1.211,0.500
-1.155,-1.002,0.500
-1.145,-1.001,0.500
-1.168,-1.030,0.500
-1.130,-1.004,0.500
-1.133,-1.014,0.500
-1.115,-1.006,0.500
-1.111,-1.011,0.500
-1.100,-1.009,0.500
-1.297,-1.199,0.500
-1.119,-1.043,0.500
-1.074,-1.009,0.500
-1.077,-1.019,0.500
-1.094,-1.043,0.500
-1.076,-1.034,0.500
-1.085,-1.052,0.500
-1.245,-1.215,0.500
-1.090,-1.073,0.500
-1.073,-1.064,0.500
-1.268,-1.268,0.500
-1.078,-1.086,0.500
-1.339,-1.360,0.500
-1.133,-1.160,0.500
-1.328,-1.370,0.500
-1.156,-1.202,0.500
-1.139,-1.193,0.500
-1.165,-1.231,0.500
-1.123,-1.195,0.500
-1.307,-1.403,0.500
-1.107,-1.198,0.500
-1.290,-1.406,0.500
-1.110,-1.220,0.500
-1.087,-1.204,0.500
-1.082,-1.208,0.500
-1.174,-1.320,0.500
-1.331,-1.510,0.500
-1.181,-1.350,0.500
-1.158,-1.334,0.500
-1.153,-1.339,0.500
-1.142,-1.336,0.500
-1.131,-1.334,0.500
-1.125,-1.339,0.500
-1.300,-1.559,0.500
-1.121,-1.354,0.500
-1.110,-1.352,0.500
-1.104,-1.356,0.500
-1.105,-1.367,0.500
-1.105,-1.379,0.500
-1.247,-1.569,0.500
-1.094,-1.387,0.500
-1.245,-1.592,0.500
-1.077,-1.389,0.500
-1.222,-1.588,0.500
-1.072,-1.404,0.500
-1.194,-1.577,0.500
-1.055,-1.406,0.500
-1.055,-1.417,0.500
-1.055,-1.428,0.500
-1.039,-1.418,0.500
-1.209,-1.663,0.500
-1.177,-1.633,0.500
-1.038,-1.452,0.500
-1.154,-1.628,0.500
-1.011,-1.438,0.500
-0.995,-1.427,0.500
-1.125,-1.627,0.500
-0.979,-1.428,0.500
-1.223,-1.799,0.500
-0.917,-1.360,0.500
-1.128,-1.688,0.500
-0.906,-1.367,0.500
-1.029,-1.566,0.500
-0.905,-1.390,0.500
-1.035,-1.603,0.500
-0.889,-1.389,0.500
-0.913,-1.438,0.500
-0.893,-1.419,0.500
-0.858,-1.376,0.500
-0.872,-1.410,0.500
-0.904,-1.476,0.500
-0.847,-1.394,0.500
-0.846,-1.405,0.500
-0.910,-1.525,0.500
-1.090,-1.843,0.500
-0.839,-1.431,0.500
-0.847,-1.457,0.500
-0.823,-1.429,0.500
-0.813,-1.425,0.500
-0.816,-1.444,0.500
-0.924,-1.650,0.500
-0.922,-1.661,0.500
-0.777,-1.413,0.500
-0.883,-1.622,0.500
-0.783,-1.451,0.500
-0.778,-1.454,0.500
-0.889,-1.679,0.500
-0.758,-1.444,0.500
-0.876,-1.686,0.500
-0.742,-1.442,0.500
-0.859,-1.685,0.500
-0.739,-1.464,0.500
-0.737,-1.475,0.500
-0.727,-1.470,0.500
-0.730,-1.489,0.500
-0.894,-1.842,0.500
-0.710,-1.478,0.500
-0.712,-1.498,0.500
-0.698,-1.484,0.500
-0.693,-1.487,0.500
-0.687,-1.489,0.500
-0.792,-1.736,0.500
-0.668,-1.478,0.500
-0.757,-1.694,0.500
-0.689,-1.558,0.500
-0.646,-1.477,0.500
-0.651,-1.505,0.500
-0.638,-1.491,0.500
-0.654,-1.544,0.500
-0.651,-1.555,0.500
-0.624,-1.507,0.500
-0.625,-1.526,0.500
-0.707,-1.744,0.500
-0.606,-1.514,0.500
-0.716,-1.807,0.500
-0.598,-1.527,0.500
-0.720,-1.861,0.500
-0.599,-1.566,0.500
-0.573,-1.517,0.500
-0.574,-1.536,0.500
-0.571,-1.547,0.500
-0.574,-1.575,0.500
-0.650,-1.804,0.500
-0.553,-1.554,0.500
-0.550,-1.565,0.500
-0.617,-1.778,0.500
-0.534,-1.560,0.500
-0.603,-1.783,0.500
-0.599,-1.794,0.500
-0.516,-1.566,0.500
-0.595,-1.832,0.500
-0.495,-1.544,0.500
-0.495,-1.564,0.500
-0.561,-1.797,0.500
-0.480,-1.559,0.500
-0.476,-1.569,0.500
-0.542,-1.812,0.500
-0.456,-1.547,0.500
-0.530,-1.824,0.500
-0.457,-1.594,0.500
-0.504,-1.786,0.500
-0.439,-1.580,0.500
-0.428,-1.564,0.500
-0.431,-1.601,0.500
-0.416,-1.568,0.500
-0.469,-1.795,0.500
-0.403,-1.571,0.500
-0.459,-1.816,0.500
-0.400,-1.609,0.500
-0.383,-1.567,0.500
-0.396,-1.648,0.500
-0.379,-1.605,0.500
-0.377,-1.624,0.500
-0.370,-1.626,0.500
-0.352,-1.574,0.500
-0.354,-1.611,0.500
-0.347,-1.612,0.500
-0.389,-1.841,0.500
-0.333,-1.606,0.500
-0.382,-1.879,0.500
-0.318,-1.600,0.500
-0.322,-1.654,0.500
-0.309,-1.620,0.500
-0.299,-1.603,0.500
-0.291,-1.595,0.500
-0.287,-1.606,0.500
-0.281,-1.607,0.500
-0.279,-1.635,0.500
-0.318,-1.908,0.500
-0.266,-1.637,0.500
-0.295,-1.859,0.500
-0.248,-1.603,0.500
-0.280,-1.861,0.500
-0.270,-1.845,0.500
-0.230,-1.615,0.500
-0.240,-1.732,0.500
-0.216,-1.607,0.500
-0.210,-1.608,0.500
-0.223,-1.762,0.500
-0.201,-1.646,0.500
-0.222,-1.878,0.500
-0.189,-1.648,0.500
-0.180,-1.630,0.500
-0.161,-1.512,0.500
-0.162,-1.577,0.500
-0.148,-1.504,0.500
-0.150,-1.587,0.500
-0.140,-1.542,0.500
-0.157,-1.813,0.500
-0.136,-1.644,0.500
-0.140,-1.779,0.500
-0.112,-1.498,0.500
-0.107,-1.517,0.500
-0.101,-1.508,0.500
-0.111,-1.763,0.500
-0.097,-1.646,0.500
-0.089,-1.619,0.500
-0.092,-1.800,0.500
-0.082,-1.738,0.500
-0.065,-1.491,0.500
-0.062,-1.584,0.500
-0.057,-1.612,0.500
-0.051,-1.630,0.500
-0.041,-1.492,0.500
-0.044,-1.873,0.500
-0.030,-1.520,0.500
-0.024,-1.492,0.500
-0.018,-1.502,0.500
-0.012,-1.511,0.500
-0.006,-1.511,0.500
-0.000,-1.530,0.500
0.006,-1.530,0.500
0.014,-1.758,0.500
0.018,-1.557,0.500
0.028,-1.784,0.500
0.030,-1.520,0.500
0.035,-1.492,0.500
0.056,-2.029,0.500
0.048,-1.529,0.500
0.054,-1.519,0.500
0.060,-1.529,0.500
0.064,-1.491,0.500
0.072,-1.528,0.500
0.083,-1.629,0.500
0.082,-1.500,0.500
0.089,-1.518,0.500
0.102,-1.628,0.500
0.117,-1.754,0.500
0.111,-1.563,0.500
0.140,-1.877,0.500
0.120,-1.525,0.500
0.155,-1.876,0.500
0.143,-1.652,0.500
0.167,-1.848,0.500
0.170,-1.794,0.500
0.149,-1.513,0.500
0.167,-1.632,0.500
0.174,-1.640,0.500
0.181,-1.639,0.500
0.214,-1.870,0.500
0.192,-1.620,0.500
0.181,-1.481,0.500
0.187,-1.481,0.500
0.243,-1.866,0.500
0.201,-1.498,0.500
0.220,-1.588,0.500
0.222,-1.560,0.500
0.265,-1.810,0.500
0.242,-1.613,0.500
0.236,-1.530,0.500
0.258,-1.629,0.500
0.307,-1.892,0.500
0.269,-1.618,0.500
0.316,-1.855,0.500
0.285,-1.634,0.500
0.288,-1.615,0.500
0.335,-1.834,0.500
0.303,-1.621,0.500
0.304,-1.593,0.500
0.317,-1.628,0.500
0.401,-2.016,0.500
0.317,-1.562,0.500
0.333,-1.606,0.500
0.339,-1.605,0.500
0.343,-1.594,0.500
0.351,-1.602,0.500
0.356,-1.592,0.500
0.339,-1.492,0.500
0.370,-1.598,0.500
0.434,-1.840,0.500
0.383,-1.595,0.500
0.387,-1.584,0.500
0.398,-1.601,0.500
0.402,-1.590,0.500
0.507,-1.975,0.500
0.414,-1.587,0.500
0.418,-1.577,0.500
0.501,-1.860,0.500
0.435,-1.591,0.500
0.504,-1.813,0.500
0.440,-1.561,0.500
0.449,-1.568,0.500
0.458,-1.575,0.500
0.527,-1.788,0.500
0.465,-1.554,0.500
0.546,-1.801,0.500
0.488,-1.585,0.500
0.486,-1.557,0.500
0.562,-1.778,0.500
0.501,-1.562,0.500
0.582,-1.790,0.500
0.513,-1.558,0.500
0.596,-1.785,0.500
0.611,-1.808,0.500
0.540,-1.578,0.500
0.537,-1.550,0.500
0.549,-1.565,0.500
0.559,-1.571,0.500
0.643,-1.787,0.500
0.565,-1.550,0.500
0.568,-1.539,0.500
0.583,-1.562,0.500
0.576,-1.526,0.500
0.579,-1.515,0.500
0.611,-1.581,0.500
0.601,-1.536,0.500
0.690,-1.742,0.500
0.613,-1.531,0.500
0.707,-1.744,0.500
0.625,-1.526,0.500
0.720,-1.739,0.500
0.637,-1.521,0.500
0.654,-1.544,0.500
0.642,-1.499,0.500
0.607,-1.404,0.500
0.620,-1.418,0.500
0.740,-1.673,0.500
0.609,-1.363,0.500
0.641,-1.420,0.500
0.627,-1.375,0.500
0.640,-1.389,0.500
0.742,-1.593,0.500
0.647,-1.376,0.500
0.645,-1.356,0.500
0.658,-1.371,0.500
0.771,-1.590,0.500
0.607,-1.239,0.500
0.707,-1.429,0.500
0.608,-1.217,0.500
0.613,-1.215,0.500
0.622,-1.221,0.500
0.561,-1.091,0.500
0.658,-1.266,0.500
0.579,-1.103,0.500
0.574,-1.084,0.500
0.712,-1.333,0.500
0.573,-1.062,0.500
0.568,-1.043,0.500
0.665,-1.209,0.500
0.533,-0.961,0.500
0.542,-0.968,0.500
0.541,-0.957,0.500
0.475,-0.834,0.500
0.474,-0.823,0.500
0.497,-0.856,0.500
0.485,-0.828,0.500
0.659,-1.114,0.500
0.663,-1.111,0.500
0.427,-0.709,0.500
0.424,-0.699,0.500
0.438,-0.714,0.500
0.419,-0.678,0.500
0.582,-0.933,0.500
0.435,-0.692,0.500
0.584,-0.920,0.500
0.362,-0.566,0.500
0.365,-0.565,0.500
0.373,-0.572,0.500
0.386,-0.588,0.500
0.524,-0.792,0.500
0.344,-0.515,0.500
0.358,-0.531,0.500
0.378,-0.556,0.500
0.368,-0.537,0.500
0.430,-0.622,0.500
0.354,-0.508,0.500
0.381,-0.541,0.500
0.297,-0.419,0.500
0.469,-0.657,0.500
0.306,-0.425,0.500
0.462,-0.636,0.500
0.303,-0.414,0.500
0.324,-0.439,0.500
0.300,-0.403,0.500
0.478,-0.637,0.500
0.316,-0.418,0.500
0.490,-0.642,0.500
0.313,-0.407,0.500
0.308,-0.397,0.500
0.329,-0.421,0.500
0.500,-0.634,0.500
0.333,-0.419,0.500
0.308,-0.384,0.500
0.329,-0.408,0.500
0.317,-0.390,0.500
0.519,-0.632,0.500
0.341,-0.412,0.500
0.517,-0.620,0.500
0.466,-0.555,0.500
0.414,-0.489,0.500
0.610,-0.714,0.500
0.620,-0.720,0.500
0.447,-0.516,0.500
0.415,-0.474,0.500
0.431,-0.489,0.500
0.453,-0.510,0.500
0.483,-0.540,0.500
0.499,-0.553,0.500
0.481,-0.528,0.500
0.736,-0.803,0.500
0.548,-0.593,0.500
0.543,-0.583,0.500
0.746,-0.794,0.500
0.590,-0.623,0.500
0.571,-0.599,0.500
0.769,-0.799,0.500
0.569,-0.587,0.500
0.557,-0.570,0.500
0.609,-0.619,0.500
0.836,-0.843,0.500
0.657,-0.657,0.500
0.667,-0.662,0.500
0.874,-0.860,0.500
0.694,-0.678,0.500
0.711,-0.689,0.500
0.891,-0.857,0.500
0.752,-0.718,0.500
0.697,-0.660,0.500
0.915,-0.859,0.500
0.724,-0.675,0.500
0.705,-0.651,0.500
0.897,-0.822,0.500
0.680,-0.619,0.500
0.705,-0.636,0.500
0.715,-0.640,0.500
0.953,-0.847,0.500
0.735,-0.648,0.500
0.760,-0.665,0.500
0.732,-0.636,0.500
0.758,-0.652,0.500
0.737,-0.630,0.500
0.936,-0.793,0.500
0.765,-0.643,0.500
0.729,-0.608,0.500
0.952,-0.788,0.500
0.718,-0.590,0.500
0.729,-0.593,0.500
0.770,-0.622,0.500
0.725,-0.581,0.500
0.775,-0.616,0.500
0.738,-0.582,0.500
0.819,-0.641,0.500
0.814,-0.631,0.500
0.769,-0.591,0.500
1.021,-0.779,0.500
0.884,-0.669,0.500
1.088,-0.817,0.500
0.882,-0.657,0.500
0.900,-0.665,0.500
0.871,-0.638,0.500
0.873,-0.634,0.500
0.884,-0.637,0.500
1.076,-0.769,0.500
0.929,-0.658,0.500
0.915,-0.643,0.500
0.926,-0.645,0.500
0.920,-0.636,0.500
0.923,-0.633,0.500
0.934,-0.634,0.500
0.920,-0.620,0.500
0.914,-0.611,0.500
1.134,-0.752,0.500
0.919,-0.603,0.500
0.938,-0.611,0.500
1.175,-0.759,0.500
0.934,-0.598,0.500
0.928,-0.589,0.500
0.930,-0.585,0.500
0.966,-0.603,0.500
0.960,-0.594,0.500
1.168,-0.716,0.500
0.948,-0.576,0.500
0.942,-0.567,0.500
1.193,-0.712,0.500
0.929,-0.549,0.500
0.957,-0.561,0.500
1.177,-0.683,0.500
1.021,-0.588,0.500
1.337,-0.762,0.500
0.974,-0.551,0.500
0.985,-0.552,0.500
0.961,-0.533,0.500
0.946,-0.520,0.500
1.220,-0.664,0.500
0.985,-0.531,0.500
1.217,-0.650,0.500
0.963,-0.510,0.500
0.982,-0.515,0.500
1.208,-0.627,0.500
1.039,-0.534,0.500
1.229,-0.626,0.500
1.086,-0.548,0.500
1.097,-0.548,0.500
1.245,-0.616,0.500
1.136,-0.557,0.500
1.376,-0.668,0.500
1.114,-0.535,0.500
1.348,-0.641,0.500
1.350,-0.635,0.500
0.979,-0.456,0.500
1.372,-0.633,0.500
1.125,-0.513,0.500
1.109,-0.501,0.500
1.102,-0.492,0.500
1.365,-0.603,0.500
1.150,-0.503,0.500
1.353,-0.585,0.500
1.136,-0.486,0.500
1.129,-0.478,0.500
1.420,-0.595,0.500
1.160,-0.480,0.500
1.373,-0.562,0.500
1.146,-0.464,0.500
1.386,-0.555,0.500
1.167,-0.462,0.500
1.390,-0.544,0.500
1.117,-0.432,0.500
1.394,-0.533,0.500
1.422,-0.537,0.500
1.131,-0.422,0.500
1.169,-0.431,0.500
1.179,-0.430,0.500
1.181,-0.425,0.500
1.433,-0.509,0.500
1.166,-0.410,0.500
1.437,-0.498,0.500
1.169,-0.400,0.500
1.387,-0.469,0.500
1.182,-0.394,0.500
1.202,-0.396,0.500
1.577,-0.512,0.500
1.168,-0.374,0.500
1.179,-0.373,0.500
1.189,-0.371,0.500
1.154,-0.355,0.500
1.691,-0.513,0.500
1.175,-0.351,0.500
1.476,-0.435,0.500
1.196,-0.348,0.500
1.179,-0.337,0.500
1.218,-0.343,0.500
1.219,-0.339,0.500
1.211,-0.331,0.500
1.459,-0.393,0.500
1.223,-0.324,0.500
1.471,-0.384,0.500
1.188,-0.305,0.500
1.447,-0.365,0.500
1.209,-0.300,0.500
1.220,-0.298,0.500
1.192,-0.286,0.500
1.212,-0.286,0.500
1.223,-0.283,0.500
1.215,-0.276,0.500
1.493,-0.334,0.500
1.449,-0.318,0.500
1.227,-0.264,0.500
1.238,-0.261,0.500
1.220,-0.253,0.500
1.173,-0.238,0.500
1.464,-0.291,0.500
1.204,-0.234,0.500
1.475,-0.281,0.500
1.300,-0.243,0.500
1.273,-0.232,0.500
1.321,-0.236,0.500
1.208,-0.211,0.500
1.590,-0.271,0.500
1.210,-0.201,0.500
1.619,-0.263,0.500
1.344,-0.213,0.500
1.364,-0.210,0.500
1.402,-0.211,0.500
1.605,-0.235,0.500
1.394,-0.198,0.500
1.385,-0.192,0.500
1.598,-0.215,0.500
1.396,-0.182,0.500
1.600,-0.202,0.500
1.256,-0.154,0.500
1.370,-0.162,0.500
1.575,-0.180,0.500
1.502,-0.166,0.500
1.381,-0.147,0.500
1.802,-0.185,0.500
1.392,-0.137,0.500
1.364,-0.129,0.500
1.355,-0.123,0.500
1.327,-0.115,0.500
1.635,-0.135,0.500
1.543,-0.121,0.500
1.414,-0.106,0.500
1.498,-0.106,0.500
1.377,-0.092,0.500
1.368,-0.086,0.500
1.637,-0.096,0.500
1.387,-0.076,0.500
1.629,-0.083,0.500
1.638,-0.077,0.500
1.378,-0.060,0.500
1.648,-0.065,0.500
1.492,-0.053,0.500
1.255,-0.039,0.500
1.351,-0.037,0.500
1.370,-0.032,0.500
1.370,-0.027,0.500
1.197,-0.019,0.500
1.389,-0.016,0.500
1.548,-0.012,0.500
1.284,-0.005,0.500
1.332,0.000,1.000
1.686,0.007,1.000
1.399,0.011,1.000
1.775,0.021,1.000
1.398,0.022,1.000
1.612,0.032,1.000
1.676,0.040,1.000
1.408,0.039,1.000
1.341,0.042,1.000
1.417,0.050,1.000
1.398,0.055,1.000
1.629,0.070,1.000
1.397,0.066,1.000
1.387,0.071,1.000
1.683,0.093,1.000
1.655,0.098,1.000
1.377,0.087,1.000
1.396,0.093,1.000
1.645,0.117,1.000
1.366,0.102,1.000
1.375,0.108,1.000
1.635,0.135,1.000
1.375,0.119,1.000
1.606,0.146,1.000
1.402,0.133,1.000
1.373,0.135,1.000
1.335,0.137,1.000
1.372,0.146,1.000
1.657,0.183,1.000
1.380,0.158,1.000
1.620,0.192,1.000
1.454,0.178,1.000
1.378,0.174,1.000
1.608,0.210,1.000
1.386,0.186,1.000
1.616,0.224,1.000
1.597,0.227,1.000
1.328,0.194,1.000
1.411,0.212,1.000
1.621,0.250,1.000
1.372,0.217,1.000
1.352,0.220,1.000
1.636,0.272,1.000
1.294,0.221,1.000
1.368,0.239,1.000
1.358,0.243,1.000
1.385,0.253,1.000
1.328,0.248,1.000
1.682,0.321,1.000
1.492,0.291,1.000
1.509,0.300,1.000
1.499,0.304,1.000
1.461,0.303,1.000
1.469,0.310,1.000
1.477,0.318,1.000
1.467,0.322,1.000
1.511,0.338,1.000
1.749,0.398,1.000
1.463,0.339,1.000
1.444,0.341,1.000
1.505,0.362,1.000
1.716,0.419,1.000
1.458,0.362,1.000
1.704,0.431,1.000
1.473,0.378,1.000
1.709,0.446,1.000
1.497,0.397,1.000
1.486,0.400,1.000
1.695,0.464,1.000
1.447,0.402,1.000
1.605,0.453,1.000
1.453,0.416,1.000
1.442,0.419,1.000
1.449,0.427,1.000
1.448,0.433,1.000
1.691,0.513,1.000
1.453,0.447,1.000
1.460,0.456,1.000
1.667,0.527,1.000
1.465,0.470,1.000
1.680,0.546,1.000
1.435,0.473,1.000
1.460,0.487,1.000
1.665,0.563,1.000
1.438,0.493,1.000
1.661,0.576,1.000
1.452,0.510,1.000
1.433,0.509,1.000
1.422,0.512,1.000
1.643,0.599,1.000
1.409,0.520,1.000
1.398,0.522,1.000
1.653,0.625,1.000
1.403,0.536,1.000
1.409,0.545,1.000
1.662,0.651,1.000
1.405,0.556,1.000
1.386,0.555,1.000
1.461,0.592,1.000
1.441,0.590,1.000
1.624,0.673,1.000
1.513,0.634,1.000
1.510,0.640,1.000
1.754,0.751,1.000
1.735,0.751,1.000
1.503,0.657,1.000
1.508,0.667,1.000
1.734,0.775,1.000
1.495,0.675,1.000
1.704,0.778,1.000
1.725,0.795,1.000
1.503,0.700,1.000
1.711,0.805,1.000
1.489,0.708,1.000
1.487,0.714,1.000
1.476,0.716,1.000
1.682,0.824,1.000
1.478,0.731,1.000
1.691,0.845,1.000
1.448,0.731,1.000
1.453,0.741,1.000
1.475,0.759,1.000
1.455,0.756,1.000
1.706,0.895,1.000
1.409,0.746,1.000
1.636,0.875,1.000
1.443,0.779,1.000
1.448,0.789,1.000
1.461,0.803,1.000
1.450,0.805,1.000
1.431,0.801,1.000
1.459,0.825,1.000
1.433,0.817,1.000
1.421,0.818,1.000
1.402,0.815,1.000
1.446,0.848,1.000
1.427,0.844,1.000
1.609,0.960,1.000
1.389,0.837,1.000
1.394,0.847,1.000
1.612,0.988,1.000
1.418,0.877,1.000
1.415,0.882,1.000
1.608,1.012,1.000
1.392,0.884,1.000
1.578,1.010,1.000
1.269,0.820,1.000
1.258,0.820,1.000
1.232,0.809,1.000
1.435,0.951,1.000
1.256,0.840,1.000
1.230,0.829,1.000
1.446,0.983,1.000
1.231,0.844,1.000
1.431,0.989,1.000
1.240,0.864,1.000
1.105,0.777,1.000
1.360,0.964,1.000
1.122,0.802,1.000
1.150,0.829,1.000
1.093,0.794,1.000
1.308,0.959,1.000
1.327,0.980,1.000
1.053,0.784,1.000
1.186,0.891,1.000
0.970,0.734,1.000
1.209,0.923,1.000
0.972,0.748,1.000
0.977,0.758,1.000
1.183,0.925,1.000
0.978,0.771,1.000
1.124,0.894,1.000
0.881,0.706,1.000
0.863,0.697,1.000
1.018,0.829,1.000
0.865,0.710,1.000
0.832,0.688,1.000
1.045,0.872,1.000
0.856,0.720,1.000
0.839,0.711,1.000
1.035,0.884,1.000
0.826,0.711,1.000
0.823,0.714,1.000
0.805,0.704,1.000
0.765,0.675,1.000
0.695,0.617,1.000
0.892,0.799,1.000
0.742,0.670,1.000
0.725,0.659,1.000
0.707,0.649,1.000
0.697,0.645,1.000
0.890,0.829,1.000
0.758,0.712,1.000
0.682,0.646,1.000
0.880,0.840,1.000
0.699,0.672,1.000
0.696,0.675,1.000
0.884,0.864,1.000
0.691,0.680,1.000
0.864,0.857,1.000
0.881,0.881,1.000
0.676,0.681,1.000
0.881,0.895,1.000
0.713,0.730,1.000
0.668,0.689,1.000
0.863,0.898,1.000
0.655,0.687,1.000
0.694,0.733,1.000
0.725,0.773,1.000
0.749,0.804,1.000
0.786,0.851,1.000
0.743,0.810,1.000
0.740,0.813,1.000
0.750,0.831,1.000
0.727,0.812,1.000
0.897,1.010,1.000
0.792,0.898,1.000
0.801,0.916,1.000
0.835,0.963,1.000
1.076,1.250,1.000
0.821,0.962,1.000
0.799,0.943,1.000
0.972,1.157,1.000
0.792,0.949,1.000
0.806,0.975,1.000
0.959,1.168,1.000
0.799,0.981,1.000
0.885,1.096,1.000
0.851,1.062,1.000
1.171,1.474,1.000
0.860,1.091,1.000
0.838,1.072,1.000
1.027,1.325,1.000
0.830,1.079,1.000
0.825,1.082,1.000
0.821,1.085,1.000
0.823,1.096,1.000
0.858,1.152,1.000
0.808,1.095,1.000
0.821,1.121,1.000
0.969,1.334,1.000
0.790,1.096,1.000
0.969,1.357,1.000
0.874,1.233,1.000
1.011,1.438,1.000
0.859,1.232,1.000
0.763,1.104,1.000
0.859,1.254,1.000
0.844,1.242,1.000
0.992,1.473,1.000
0.850,1.272,1.000
0.850,1.283,1.000
0.840,1.279,1.000
0.835,1.282,1.000
0.830,1.285,1.000
0.830,1.296,1.000
0.966,1.522,1.000
0.800,1.271,1.000
0.935,1.499,1.000
0.785,1.270,1.000
0.914,1.491,1.000
0.784,1.292,1.000
0.929,1.544,1.000
0.784,1.314,1.000
0.885,1.498,1.000
0.764,1.304,1.000
0.768,1.323,1.000
0.763,1.326,1.000
0.875,1.535,1.000
0.874,1.546,1.000
0.734,1.310,1.000
0.904,1.630,1.000
0.732,1.332,1.000
0.862,1.583,1.000
0.717,1.330,1.000
0.824,1.542,1.000
0.711,1.344,1.000
0.825,1.573,1.000
0.810,1.560,1.000
0.708,1.377,1.000
0.802,1.574,1.000
0.681,1.349,1.000
0.793,1.588,1.000
0.674,1.363,1.000
0.781,1.595,1.000
0.676,1.393,1.000
0.642,1.337,1.000
0.649,1.365,1.000
0.635,1.351,1.000
0.634,1.361,1.000
0.621,1.347,1.000
0.623,1.366,1.000
0.626,1.386,1.000
0.620,1.388,1.000
0.611,1.382,1.000
0.617,1.410,1.000
0.615,1.421,1.000
0.591,1.381,1.000
0.593,1.400,1.000
0.584,1.394,1.000
0.571,1.379,1.000
0.573,1.398,1.000
0.666,1.646,1.000
0.650,1.623,1.000
0.644,1.626,1.000
0.534,1.364,1.000
0.634,1.639,1.000
0.618,1.617,1.000
0.627,1.661,1.000
0.522,1.398,1.000
0.526,1.427,1.000
0.508,1.394,1.000
0.509,1.413,1.000
0.586,1.648,1.000
0.497,1.417,1.000
0.495,1.428,1.000
0.489,1.430,1.000
0.490,1.449,1.000
0.475,1.425,1.000
0.555,1.687,1.000
0.470,1.446,1.000
0.455,1.421,1.000
0.453,1.432,1.000
0.447,1.434,1.000
0.433,1.409,1.000
0.513,1.691,1.000
0.430,1.439,1.000
0.422,1.432,1.000
0.432,1.487,1.000
0.481,1.681,1.000
0.410,1.454,1.000
0.434,1.563,1.000
0.464,1.695,1.000
0.388,1.441,1.000
0.450,1.699,1.000
0.384,1.471,1.000
0.392,1.526,1.000
0.370,1.465,1.000
0.419,1.688,1.000
0.365,1.495,1.000
0.355,1.478,1.000
0.334,1.416,1.000
0.395,1.704,1.000
0.335,1.473,1.000
0.334,1.493,1.000
0.322,1.467,1.000
0.318,1.477,1.000
0.322,1.524,1.000
0.306,1.480,1.000
0.300,1.481,1.000
0.341,1.715,1.000
0.287,1.474,1.000
0.351,1.840,1.000
0.272,1.458,1.000
0.309,1.694,1.000
0.267,1.497,1.000
0.256,1.470,1.000
0.254,1.490,1.000
0.249,1.500,1.000
0.282,1.735,1.000
0.236,1.493,1.000
0.276,1.790,1.000
0.224,1.494,1.000
0.215,1.468,1.000
0.211,1.487,1.000
0.219,1.588,1.000
0.203,1.516,1.000
0.225,1.725,1.000
0.188,1.490,1.000
0.212,1.736,1.000
0.177,1.501,1.000
0.179,1.566,1.000
0.164,1.484,1.000
0.162,1.521,1.000
0.181,1.766,1.000
0.154,1.568,1.000
0.150,1.587,1.000
0.136,1.505,1.000
0.136,1.570,1.000
0.125,1.515,1.000
0.126,1.599,1.000
0.135,1.806,1.000
0.114,1.609,1.000
0.124,1.852,1.000
0.103,1.646,1.000
0.112,1.905,1.000
0.088,1.601,1.000
0.083,1.638,1.000
0.089,1.889,1.000
0.073,1.684,1.000
0.065,1.657,1.000
0.059,1.666,1.000
0.059,1.881,1.000
0.045,1.639,1.000
0.038,1.621,1.000
0.032,1.649,1.000
0.029,1.855,1.000
0.019,1.622,1.000
0.015,1.891,1.000
0.006,1.667,1.000
-0.000,1.649,1.000
-0.007,1.658,1.000
-0.013,1.686,1.000
-0.022,1.864,1.000
-0.026,1.640,1.000
-0.037,1.891,1.000
-0.039,1.649,1.000
-0.052,1.890,1.000
-0.052,1.639,1.000
-0.067,1.881,1.000
-0.066,1.675,1.000
-0.072,1.666,1.000
-0.078,1.647,1.000
-0.084,1.647,1.000
-0.090,1.638,1.000
-0.097,1.646,1.000
-0.104,1.655,1.000
-0.111,1.655,1.000
-0.114,1.609,1.000
-0.143,1.903,1.000
-0.130,1.644,1.000
-0.155,1.876,1.000
-0.140,1.616,1.000
-0.176,1.935,1.000
-0.154,1.624,1.000
-0.157,1.596,1.000
-0.169,1.650,1.000
-0.206,1.932,1.000
-0.181,1.639,1.000
-0.218,1.905,1.000
-0.193,1.629,1.000
-0.199,1.628,1.000
-0.207,1.636,1.000
-0.209,1.599,1.000
-0.222,1.653,1.000
-0.226,1.634,1.000
-0.230,1.615,1.000
-0.236,1.614,1.000
-0.244,1.622,1.000
-0.291,1.886,1.000
-0.258,1.629,1.000
-0.301,1.849,1.000
-0.270,1.618,1.000
-0.318,1.864,1.000
-0.274,1.571,1.000
-0.337,1.887,1.000
-0.297,1.622,1.000
-0.351,1.876,1.000
-0.304,1.593,1.000
-0.317,1.628,1.000
-0.322,1.617,1.000
-0.328,1.616,1.000
-0.340,1.642,1.000
-0.386,1.824,1.000
-0.345,1.603,1.000
-0.350,1.593,1.000
-0.417,1.862,1.000
-0.370,1.626,1.000
-0.423,1.825,1.000
-0.383,1.623,1.000
-0.381,1.586,1.000
-0.474,1.938,1.000
-0.456,1.835,1.000
-0.446,1.765,1.000
-0.481,1.874,1.000
-0.451,1.727,1.000
-0.480,1.811,1.000
-0.460,1.706,1.000
-0.483,1.764,1.000
-0.478,1.719,1.000
-0.556,1.970,1.000
-0.494,1.724,1.000
-0.493,1.696,1.000
-0.505,1.712,1.000
-0.506,1.693,1.000
-0.622,2.049,1.000
-0.517,1.680,1.000
-0.532,1.704,1.000
-0.541,1.710,1.000
-0.620,1.933,1.000
-0.620,1.906,1.000
-0.556,1.686,1.000
-0.554,1.659,1.000
-0.650,1.923,1.000
-0.581,1.697,1.000
-0.576,1.661,1.000
-0.603,1.717,1.000
-0.601,1.690,1.000
-0.583,1.620,1.000
-0.611,1.677,1.000
-0.615,1.666,1.000
-0.621,1.663,1.000
-0.628,1.661,1.000
-0.638,1.667,1.000
-0.720,1.861,1.000
-0.647,1.653,1.000
-0.735,1.855,1.000
-0.664,1.657,1.000
-0.756,1.865,1.000
-0.740,1.806,1.000
-0.687,1.657,1.000
-0.672,1.605,1.000
-0.693,1.635,1.000
-0.748,1.746,1.000
-0.748,1.727,1.000
-0.855,1.954,1.000
-0.765,1.729,1.000
-0.772,1.726,1.000
-0.874,1.936,1.000
-0.803,1.760,1.000
-0.897,1.944,1.000
-0.799,1.714,1.000
-0.916,1.945,1.000
-0.820,1.723,1.000
-0.819,1.704,1.000
-0.822,1.693,1.000
-0.809,1.650,1.000
-0.843,1.703,1.000
-0.838,1.676,1.000
-0.961,1.904,1.000
-0.863,1.692,1.000
-0.877,1.705,1.000
-0.864,1.662,1.000
-0.987,1.881,1.000
-0.885,1.671,1.000
-0.896,1.675,1.000
-0.902,1.672,1.000
-1.028,1.887,1.000
-1.096,1.993,1.000
-0.913,1.646,1.000
-1.063,1.897,1.000
-0.922,1.631,1.000
-1.040,1.823,1.000
-0.961,1.669,1.000
-0.963,1.658,1.000
-0.956,1.631,1.000
-1.150,1.944,1.000
-1.063,1.780,1.000
-1.043,1.732,1.000
-1.068,1.757,1.000
-1.061,1.731,1.000
-1.063,1.719,1.000
-1.065,1.708,1.000
-1.077,1.711,1.000
-1.206,1.900,1.000
-1.085,1.695,1.000
-1.175,1.820,1.000
-1.113,1.708,1.000
-1.231,1.874,1.000
-1.117,1.685,1.000
-1.123,1.681,1.000
-1.115,1.655,1.000
-1.141,1.679,1.000
-1.153,1.681,1.000
-1.140,1.649,1.000
-1.292,1.853,1.000
-1.163,1.654,1.000
-1.321,1.863,1.000
-1.245,1.742,1.000
-1.369,1.899,1.000
-1.264,1.739,1.000
-1.418,1.934,1.000
-1.267,1.715,1.000
-1.413,1.897,1.000
-1.286,1.712,1.000
-1.443,1.905,1.000
-1.309,1.715,1.000
-1.337,1.737,1.000
-1.307,1.685,1.000
-1.335,1.706,1.000
-1.331,1.688,1.000
-1.327,1.669,1.000
-1.344,1.677,1.000
-1.461,1.808,1.000
-1.352,1.660,1.000
-1.380,1.681,1.000
-1.387,1.675,1.000
-1.388,1.664,1.000
-1.372,1.632,1.000
-1.395,1.646,1.000
-1.407,1.647,1.000
-1.538,1.786,1.000
-1.387,1.598,1.000
-1.563,1.786,1.000
-1.416,1.606,1.000
-1.566,1.762,1.000
-1.434,1.601,1.000
-1.591,1.762,1.000
-1.430,1.571,1.000
-1.442,1.571,1.000
-1.454,1.572,1.000
-1.460,1.566,1.000
-1.472,1.567,1.000
-1.408,1.487,1.000
-1.407,1.475,1.000
-1.413,1.469,1.000
-1.401,1.445,1.000
-1.419,1.452,1.000
-1.567,1.591,1.000
-1.436,1.447,1.000
-1.424,1.423,1.000
-1.398,1.387,1.000
-1.441,1.418,1.000
-1.446,1.412,1.000
-1.464,1.418,1.000
-1.519,1.460,1.000
-1.482,1.413,1.000
-1.468,1.389,1.000
-1.480,1.389,1.000
-1.467,1.366,1.000
-1.485,1.372,1.000
-1.615,1.481,1.000
-1.502,1.366,1.000
-1.670,1.508,1.000
-1.519,1.360,1.000
-1.505,1.337,1.000
-1.517,1.337,1.000
-1.541,1.348,1.000
-1.442,1.251,1.000
-1.565,1.347,1.000
-1.531,1.307,1.000
-1.450,1.228,1.000
-1.454,1.222,1.000
-1.651,1.376,1.000
-1.450,1.199,1.000
-1.616,1.326,1.000
-1.575,1.281,1.000
-1.686,1.361,1.000
-1.578,1.264,1.000
-1.781,1.415,1.000
-1.588,1.251,1.000
-1.586,1.240,1.000
-1.778,1.379,1.000
-1.616,1.243,1.000
-1.782,1.360,1.000
-1.605,1.215,1.000
-1.813,1.361,1.000
-1.608,1.197,1.000
-1.830,1.351,1.000
-1.645,1.204,1.000
-1.834,1.332,1.000
-1.647,1.186,1.000
-1.645,1.175,1.000
-1.843,1.306,1.000
-1.745,1.226,1.000
-1.948,1.357,1.000
-1.768,1.222,1.000
-1.773,1.215,1.000
-1.841,1.250,1.000
-1.769,1.191,1.000
-1.994,1.332,1.000
-1.743,1.154,1.000
-2.012,1.321,1.000
-1.823,1.187,1.000
-1.981,1.278,1.000
-1.796,1.149,1.000
-2.025,1.285,1.000
-1.791,1.126,1.000
-2.117,1.320,1.000
-1.872,1.156,1.000
-2.024,1.240,1.000
-1.938,1.176,1.000
-2.124,1.278,1.000
-1.961,1.170,1.000
-2.134,1.262,1.000
-1.956,1.146,1.000
-1.953,1.134,1.000
-1.979,1.139,1.000
-1.955,1.114,1.000
-2.165,1.223,1.000
-1.971,1.103,1.000
-2.161,1.198,1.000
-1.987,1.092,1.000
-1.976,1.076,1.000
-2.182,1.177,1.000
-1.970,1.052,1.000
-2.205,1.167,1.000
-1.986,1.041,1.000
-2.236,1.161,1.000
-1.986,1.021,1.000
-2.012,1.025,1.000
-2.002,1.009,1.000
-2.232,1.115,1.000
-2.024,1.001,1.000
-2.219,1.087,1.000
-2.055,0.996,1.000
-2.029,0.974,1.000
-2.254,1.071,1.000
-2.059,0.968,1.000
-2.063,0.960,1.000
-2.273,1.047,1.000
-2.062,0.940,1.000
-2.252,1.016,1.000
-2.062,0.921,1.000
-2.043,0.903,1.000
-2.220,0.970,1.000
-2.058,0.890,1.000
-2.092,0.895,1.000
-2.088,0.883,1.000
-2.099,0.878,1.000
-2.071,0.857,1.000
-2.264,0.927,1.000
-2.086,0.844,1.000
-2.287,0.915,1.000
-2.207,0.873,1.000
-2.103,0.823,1.000
-1.973,0.763,1.000
-2.301,0.879,1.000
-2.003,0.756,1.000
-2.216,0.827,1.000
-2.001,0.738,1.000
-2.284,0.832,1.000
-2.007,0.722,1.000
-2.214,0.787,1.000
-2.004,0.703,1.000
-1.991,0.690,1.000
-2.034,0.696,1.000
-2.012,0.680,1.000
-2.291,0.764,1.000
-2.018,0.664,1.000
-2.273,0.738,1.000
-2.071,0.663,1.000
-2.217,0.700,1.000
-2.012,0.627,1.000
-2.246,0.690,1.000
-2.041,0.619,1.000
-2.059,0.615,1.000
-2.062,0.607,1.000
-2.048,0.595,1.000
-2.058,0.589,1.000
-2.044,0.576,1.000
-2.295,0.637,1.000
-2.073,0.567,1.000
-2.059,0.554,1.000
-2.053,0.544,1.000
-2.096,0.547,1.000
-2.315,0.594,1.000
-2.060,0.520,1.000
-2.062,0.512,1.000
-2.314,0.565,1.000
-2.074,0.497,1.000
-2.303,0.543,1.000
-2.102,0.487,1.000
-2.071,0.471,1.000
-2.309,0.516,1.000
-2.075,0.455,1.000
-2.101,0.452,1.000
-2.331,0.492,1.000
-2.055,0.425,1.000
-2.334,0.473,1.000
-2.117,0.421,1.000
-2.473,0.481,1.000
-2.111,0.402,1.000
-2.317,0.432,1.000
-2.123,0.387,1.000
-2.313,0.412,1.000
-2.347,0.409,1.000
-2.127,0.362,1.000
-2.358,0.392,1.000
-2.147,0.348,1.000
-2.337,0.370,1.000
-2.149,0.331,1.000
-2.142,0.322,1.000
-2.349,0.343,1.000
-2.128,0.302,1.000
-2.343,0.324,1.000
-2.122,0.285,1.000
-2.338,0.304,1.000
-2.149,0.271,1.000
-2.332,0.285,1.000
-2.118,0.250,1.000
-2.342,0.267,1.000
-2.137,0.235,1.000
-2.104,0.223,1.000
-2.345,0.240,1.000
-2.097,0.206,1.000
-2.339,0.221,1.000
-2.132,0.193,1.000
-2.142,0.185,1.000
-2.167,0.179,1.000
-2.118,0.166,1.000
-2.135,0.159,1.000
-2.127,0.150,1.000
-2.409,0.161,1.000
-2.369,0.149,1.000
-2.129,0.125,1.000
-2.378,0.130,1.000
-2.147,0.109,1.000
-2.347,0.110,1.000
-2.114,0.091,1.000
-2.388,0.093,1.000
-2.131,0.075,1.000
-2.381,0.074,1.000
-2.140,0.058,1.000
-2.365,0.055,1.000
-2.166,0.042,1.000
-2.124,0.033,1.000
-2.141,0.025,1.000
-2.132,0.016,1.000
-2.133,0.008,1.000
-2.141,-0.000,1.000
-2.133,-0.009,1.000
-2.149,-0.017,1.000
-2.183,-0.026,1.000
-2.124,-0.034,1.000
-2.124,-0.042,1.000
-2.365,-0.056,1.000
-2.149,-0.060,1.000
-2.364,-0.075,1.000
-2.380,-0.085,1.000
-2.114,-0.084,1.000
-2.396,-0.104,1.000
-2.088,-0.099,1.000
-2.172,-0.111,1.000
-2.112,-0.117,1.000
-2.171,-0.129,1.000
-2.137,-0.135,1.000
-2.153,-0.144,1.000
-2.127,-0.151,1.000
-2.110,-0.158,1.000
-2.126,-0.168,1.000
-2.151,-0.178,1.000
-2.125,-0.185,1.000
-2.141,-0.194,1.000
-2.123,-0.201,1.000
-2.156,-0.213,1.000
-2.147,-0.220,1.000
-2.104,-0.224,1.000
-2.120,-0.235,1.000
-2.342,-0.268,1.000
-2.118,-0.251,1.000
-2.242,-0.275,1.000
-2.107,-0.267,1.000
-2.115,-0.276,1.000
-2.088,-0.281,1.000
-2.343,-0.325,1.000
-2.111,-0.301,1.000
-2.373,-0.348,1.000
-2.126,-0.320,1.000
-2.354,-0.364,1.000
-2.115,-0.335,1.000
-2.163,-0.352,1.000
-2.120,-0.353,1.000
-2.348,-0.401,1.000
-2.134,-0.373,1.000
-2.099,-0.375,1.000
-2.089,-0.382,1.000
-2.088,-0.390,1.000
-2.111,-0.403,1.000
-2.110,-0.412,1.000
-2.100,-0.418,1.000
-2.082,-0.423,1.000
-2.105,-0.436,1.000
-2.120,-0.448,1.000
-2.101,-0.453,1.000
-2.116,-0.465,1.000
-2.073,-0.464,1.000
-2.112,-0.481,1.000
-2.312,-0.537,1.000
-2.092,-0.494,1.000
-2.363,-0.568,1.000
-2.129,-0.521,1.000
-2.159,-0.537,1.000
-2.396,-0.606,1.000
-2.155,-0.554,1.000
-2.185,-0.571,1.000
-2.549,-0.677,1.000
-2.197,-0.592,1.000
-2.162,-0.592,1.000
-2.184,-0.607,1.000
-2.181,-0.616,1.000
-2.163,-0.620,1.000
-2.161,-0.628,1.000
-2.158,-0.637,1.000
-2.156,-0.645,1.000
-2.161,-0.656,1.000
-2.158,-0.665,1.000
-2.172,-0.678,1.000
-2.145,-0.679,1.000
-2.150,-0.690,1.000
-2.140,-0.696,1.000
-2.137,-0.704,1.000
-2.329,-0.778,1.000
-2.318,-0.784,1.000
-2.152,-0.737,1.000
-2.342,-0.813,1.000
-2.139,-0.752,1.000
-2.328,-0.828,1.000
-2.148,-0.774,1.000
-2.329,-0.849,1.000
-2.134,-0.788,1.000
-2.116,-0.791,1.000
-2.174,-0.822,1.000
-2.117,-0.810,1.000
-2.289,-0.886,1.000
-2.118,-0.830,1.000
-2.320,-0.919,1.000
-2.104,-0.843,1.000
-2.305,-0.934,1.000
-2.090,-0.857,1.000
-2.312,-0.958,1.000
-2.257,-0.946,1.000
-2.033,-0.862,1.000
-2.197,-0.941,1.000
-2.019,-0.874,1.000
-2.015,-0.882,1.000
-2.230,-0.987,1.000
-2.031,-0.908,1.000
-2.237,-1.011,1.000
-2.009,-0.917,1.000
-2.229,-1.028,1.000
-1.994,-0.929,1.000
-2.199,-1.035,1.000
-1.987,-0.945,1.000
-1.983,-0.953,1.000
-2.002,-0.972,1.000
-2.005,-0.983,1.000
-2.186,-1.082,1.000
-1.990,-0.995,1.000
-2.410,-1.217,1.000
-1.975,-1.007,1.000
-1.978,-1.018,1.000
-1.997,-1.038,1.000
-2.138,-1.122,1.000
-1.951,-1.034,1.000
-1.947,-1.042,1.000
-1.958,-1.057,1.000
-1.954,-1.065,1.000
-2.263,-1.245,1.000
-1.960,-1.088,1.000
-2.113,-1.184,1.000
-1.944,-1.099,1.000
-1.881,-1.074,1.000
-1.914,-1.102,1.000
-1.931,-1.122,1.000
-1.905,-1.117,1.000
-1.901,-1.125,1.000
-1.932,-1.154,1.000
-2.082,-1.254,1.000
-1.909,-1.160,1.000
-2.100,-1.287,1.000
-1.899,-1.175,1.000
-1.902,-1.187,1.000
-2.199,-1.384,1.000
-2.086,-1.325,1.000
-1.916,-1.227,1.000
-2.096,-1.354,1.000
-1.885,-1.228,1.000
-2.072,-1.362,1.000
-1.875,-1.243,1.000
-1.794,-1.199,1.000
-1.761,-1.187,1.000
-1.749,-1.190,1.000
-1.951,-1.338,1.000
-1.726,-1.194,1.000
-1.658,-1.156,1.000
-1.834,-1.290,1.000
-1.642,-1.164,1.000
-1.830,-1.309,1.000
-1.626,-1.172,1.000
-1.732,-1.259,1.000
-1.525,-1.118,1.000
-1.556,-1.150,1.000
-1.530,-1.140,1.000
-1.420,-1.067,1.000
-1.408,-1.067,1.000
-1.404,-1.072,1.000
-1.400,-1.078,1.000
-1.367,-1.061,1.000
-1.391,-1.089,1.000
-1.295,-1.021,1.000
-1.277,-1.015,1.000
-1.294,-1.037,1.000
-1.276,-1.031,1.000
-1.250,-1.019,1.000
-1.289,-1.058,1.000
-1.256,-1.040,1.000
-1.294,-1.080,1.000
-1.156,-0.973,1.000
-1.181,-1.001,1.000
-1.156,-0.988,1.000
-1.138,-0.980,1.000
-1.341,-1.164,1.000
-1.172,-1.026,1.000
-1.140,-1.006,1.000
-1.136,-1.010,1.000
-1.118,-1.002,1.000
-1.024,-0.925,1.000
-1.006,-0.916,1.000
-1.017,-0.933,1.000
-1.013,-0.937,1.000
-1.009,-0.941,1.000
-1.195,-1.123,1.000
-0.988,-0.936,1.000
-1.167,-1.113,1.000
-1.008,-0.970,1.000
-0.991,-0.960,1.000
-1.047,-1.024,1.000
-1.063,-1.047,1.000
-1.079,-1.071,1.000
-1.068,-1.069,1.000
-1.225,-1.235,1.000
-1.066,-1.084,1.000
-1.069,-1.095,1.000
-1.051,-1.085,1.000
-1.230,-1.280,1.000
-1.030,-1.080,1.000
-1.214,-1.283,1.000
-1.129,-1.203,1.000
-1.283,-1.377,1.000
-1.119,-1.211,1.000
-1.272,-1.387,1.000
-1.110,-1.220,1.000
-1.261,-1.397,1.000
-1.279,-1.428,1.000
-1.089,-1.226,1.000
-1.238,-1.406,1.000
-1.067,-1.221,1.000
-1.216,-1.402,1.000
-1.058,-1.229,1.000
-1.053,-1.234,1.000
-1.054,-1.245,1.000
-1.090,-1.298,1.000
-1.050,-1.260,1.000
-1.051,-1.271,1.000
-1.046,-1.275,1.000
-1.035,-1.272,1.000
-1.098,-1.361,1.000
-1.182,-1.476,1.000
-1.026,-1.291,1.000
-1.143,-1.451,1.000
-1.088,-1.392,1.000
-1.148,-1.481,1.000
-1.066,-1.386,1.000
-1.061,-1.390,1.000
-1.141,-1.508,1.000
-0.973,-1.297,1.000
-0.979,-1.316,1.000
-1.039,-1.407,1.000
-0.990,-1.353,1.000
-1.012,-1.393,1.000
-1.043,-1.448,1.000
-1.135,-1.589,1.000
-0.943,-1.331,1.000
-1.015,-1.446,1.000
-0.937,-1.346,1.000
-0.968,-1.402,1.000
-0.937,-1.368,1.000
-1.077,-1.586,1.000
-0.992,-1.473,1.000
-1.099,-1.645,1.000
-0.975,-1.473,1.000
-1.038,-1.581,1.000
-1.027,-1.577,1.000
-0.938,-1.454,1.000
-1.019,-1.593,1.000
-0.874,-1.377,1.000
-0.931,-1.480,1.000
-1.000,-1.605,1.000
-0.876,-1.419,1.000
-1.015,-1.657,1.000
-0.846,-1.394,1.000
-0.846,-1.405,1.000
-0.959,-1.609,1.000
-0.825,-1.396,1.000
-0.820,-1.399,1.000
-0.936,-1.613,1.000
-0.813,-1.414,1.000
-0.936,-1.643,1.000
-0.807,-1.428,1.000
-0.936,-1.673,1.000
-0.791,-1.426,1.000
-0.794,-1.445,1.000
-0.788,-1.449,1.000
-0.774,-1.436,1.000
-0.887,-1.660,1.000
-0.771,-1.458,1.000
-0.766,-1.461,1.000
-0.760,-1.464,1.000
-0.746,-1.451,1.000
-0.744,-1.462,1.000
-0.743,-1.473,1.000
-0.833,-1.668,1.000
-0.735,-1.487,1.000
-0.717,-1.465,1.000
-0.711,-1.468,1.000
-0.713,-1.487,1.000
-0.708,-1.490,1.000
-0.698,-1.484,1.000
-0.798,-1.714,1.000
-0.679,-1.473,1.000
-0.688,-1.509,1.000
-0.678,-1.503,1.000
-0.669,-1.498,1.000
-0.655,-1.484,1.000
-0.649,-1.486,1.000
-0.761,-1.760,1.000
-0.649,-1.516,1.000
-0.747,-1.766,1.000
-0.737,-1.761,1.000
-0.631,-1.524,1.000
-0.733,-1.791,1.000
-0.716,-1.769,1.000
-0.609,-1.523,1.000
-0.696,-1.758,1.000
-0.742,-1.899,1.000
-0.598,-1.547,1.000
-0.582,-1.524,1.000
-0.579,-1.534,1.000
-0.573,-1.537,1.000
-0.666,-1.807,1.000
-0.555,-1.524,1.000
-0.546,-1.518,1.000
-0.639,-1.798,1.000
-0.543,-1.548,1.000
-0.537,-1.550,1.000
-0.531,-1.552,1.000
-0.522,-1.545,1.000
-0.516,-1.547,1.000
-0.515,-1.567,1.000
-0.504,-1.551,1.000
-0.577,-1.801,1.000
-0.497,-1.573,1.000
-0.491,-1.575,1.000
-0.479,-1.559,1.000
-0.478,-1.578,1.000
-0.475,-1.589,1.000
-0.463,-1.573,1.000
-0.462,-1.593,1.000
-0.453,-1.586,1.000
-0.506,-1.795,1.000
-0.426,-1.536,1.000
-0.430,-1.573,1.000
-0.431,-1.601,1.000
-0.418,-1.577,1.000
-0.411,-1.578,1.000
-0.412,-1.606,1.000
-0.403,-1.599,1.000
-0.393,-1.583,1.000
-0.454,-1.863,1.000
-0.380,-1.586,1.000
-0.380,-1.614,1.000
-0.372,-1.607,1.000
-0.360,-1.581,1.000
-0.408,-1.828,1.000
-0.343,-1.566,1.000
-0.347,-1.612,1.000
-0.392,-1.859,1.000
-0.334,-1.615,1.000
-0.329,-1.625,1.000
-0.316,-1.591,1.000
-0.379,-1.950,1.000
-0.307,-1.611,1.000
-0.348,-1.868,1.000
-0.296,-1.622,1.000
-0.289,-1.624,1.000
-0.325,-1.863,1.000
-0.277,-1.626,1.000
-0.317,-1.909,1.000
-0.261,-1.610,1.000
-0.255,-1.611,1.000
-0.289,-1.878,1.000
-0.245,-1.631,1.000
-0.238,-1.632,1.000
-0.232,-1.633,1.000
-0.225,-1.634,1.000
-0.217,-1.617,1.000
-0.215,-1.654,1.000
-0.239,-1.893,1.000
-0.198,-1.619,1.000
-0.193,-1.638,1.000
-0.236,-2.068,1.000
-0.177,-1.612,1.000
-0.173,-1.631,1.000
-0.166,-1.623,1.000
-0.183,-1.864,1.000
-0.156,-1.660,1.000
-0.147,-1.633,1.000
-0.143,-1.652,1.000
-0.139,-1.689,1.000
-0.127,-1.626,1.000
-0.122,-1.645,1.000
-0.132,-1.877,1.000
-0.110,-1.655,1.000
-0.118,-1.878,1.000
-0.096,-1.637,1.000
-0.089,-1.619,1.000
-0.090,-1.773,1.000
-0.085,-1.818,1.000
-0.071,-1.666,1.000
-0.075,-1.916,1.000
-0.057,-1.639,1.000
-0.059,-1.890,1.000
-0.044,-1.603,1.000
-0.038,-1.649,1.000
-0.032,-1.649,1.000
-0.029,-1.882,1.000
-0.019,-1.631,1.000
-0.014,-1.917,1.000
-0.006,-1.658,1.000
0.001,-1.640,1.000
0.008,-1.908,1.000
0.014,-1.676,1.000
0.020,-1.631,1.000
0.030,-1.847,1.000
0.033,-1.631,1.000
0.045,-1.882,1.000
0.054,-1.934,1.000
0.053,-1.657,1.000
0.067,-1.890,1.000
0.065,-1.648,1.000
0.073,-1.666,1.000
0.076,-1.593,1.000
0.086,-1.674,1.000
0.101,-1.826,1.000
0.098,-1.646,1.000
0.119,-1.878,1.000
0.112,-1.664,1.000
0.134,-1.877,1.000
0.141,-1.877,1.000
0.135,-1.707,1.000
0.159,-1.919,1.000
0.144,-1.652,1.000
0.154,-1.697,1.000
0.157,-1.660,1.000
0.187,-1.890,1.000
0.166,-1.613,1.000
0.175,-1.640,1.000
0.178,-1.603,1.000
0.211,-1.844,1.000
0.191,-1.611,1.000
0.199,-1.619,1.000
0.239,-1.885,1.000
0.214,-1.635,1.000
0.252,-1.874,1.000
0.227,-1.634,1.000
0.233,-1.633,1.000
0.274,-1.871,1.000
0.246,-1.631,1.000
0.289,-1.869,1.000
0.259,-1.629,1.000
0.265,-1.628,1.000
0.268,-1.609,1.000
0.279,-1.635,1.000
0.283,-1.616,1.000
0.289,-1.614,1.000
0.340,-1.860,1.000
0.348,-1.859,1.000
0.306,-1.602,1.000
0.319,-1.637,1.000
0.357,-1.794,1.000
0.325,-1.598,1.000
0.352,-1.695,1.000
0.399,-1.884,1.000
0.342,-1.585,1.000
0.354,-1.611,1.000
0.417,-1.862,1.000
0.365,-1.599,1.000
0.439,-1.893,1.000
0.369,-1.561,1.000
0.446,-1.856,1.000
0.396,-1.620,1.000
0.398,-1.600,1.000
0.398,-1.572,1.000
0.408,-1.588,1.000
0.417,-1.596,1.000
0.476,-1.793,1.000
0.427,-1.584,1.000
0.493,-1.798,1.000
0.440,-1.580,1.000
0.511,-1.811,1.000
0.523,-1.826,1.000
0.461,-1.584,1.000
0.533,-1.805,1.000
0.473,-1.580,1.000
0.547,-1.801,1.000
0.598,-1.940,1.000
0.489,-1.566,1.000
0.563,-1.777,1.000
0.504,-1.570,1.000
0.582,-1.790,1.000
0.586,-1.779,1.000
0.599,-1.793,1.000
0.532,-1.571,1.000
0.526,-1.534,1.000
0.559,-1.609,1.000
0.550,-1.564,1.000
0.571,-1.605,1.000
0.559,-1.552,1.000
0.565,-1.549,1.000
0.575,-1.556,1.000
0.581,-1.553,1.000
0.567,-1.500,1.000
0.586,-1.532,1.000
0.592,-1.529,1.000
0.598,-1.527,1.000
0.700,-1.766,1.000
0.607,-1.514,1.000
0.616,-1.520,1.000
0.629,-1.534,1.000
0.632,-1.523,1.000
0.638,-1.521,1.000
0.724,-1.708,1.000
0.803,-1.874,1.000
0.752,-1.735,1.000
0.755,-1.724,1.000
0.667,-1.508,1.000
0.779,-1.742,1.000
0.690,-1.528,1.000
0.726,-1.591,1.000
0.633,-1.372,1.000
0.642,-1.378,1.000
0.648,-1.376,1.000
0.763,-1.603,1.000
0.667,-1.387,1.000
0.664,-1.368,1.000
0.657,-1.340,1.000
0.695,-1.404,1.000
0.790,-1.580,1.000
0.626,-1.240,1.000
0.733,-1.437,1.000
0.623,-1.210,1.000
0.752,-1.447,1.000
0.698,-1.330,1.000
0.570,-1.075,1.000
0.695,-1.300,1.000
0.592,-1.096,1.000
0.592,-1.085,1.000
0.591,-1.074,1.000
0.534,-0.961,1.000
0.670,-1.195,1.000
0.531,-0.940,1.000
0.486,-0.851,1.000
0.464,-0.805,1.000
0.472,-0.812,1.000
0.486,-0.828,1.000
0.484,-0.817,1.000
0.487,-0.815,1.000
0.443,-0.735,1.000
0.441,-0.725,1.000
0.554,-0.903,1.000
0.435,-0.704,1.000
0.577,-0.924,1.000
0.430,-0.683,1.000
0.455,-0.716,1.000
0.357,-0.557,1.000
0.359,-0.556,1.000
0.356,-0.546,1.000
0.375,-0.570,1.000
0.377,-0.569,1.000
0.368,-0.550,1.000
0.382,-0.566,1.000
0.384,-0.565,1.000
0.433,-0.632,1.000
0.298,-0.431,1.000
0.294,-0.421,1.000
0.488,-0.694,1.000
0.297,-0.419,1.000
0.481,-0.673,1.000
0.319,-0.442,1.000
0.553,-0.760,1.000
0.329,-0.448,1.000
0.492,-0.666,1.000
0.300,-0.403,1.000
0.491,-0.653,1.000
0.225,-0.297,1.000
0.502,-0.658,1.000
0.234,-0.304,1.000
0.222,-0.286,1.000
0.196,-0.251,1.000
0.217,-0.276,1.000
0.392,-0.493,1.000
0.199,-0.248,1.000
0.241,-0.299,1.000
0.438,-0.537,1.000
0.339,-0.413,1.000
0.368,-0.445,1.000
0.322,-0.386,1.000
0.351,-0.417,1.000
0.339,-0.400,1.000
0.544,-0.637,1.000
0.342,-0.397,1.000
0.563,-0.648,1.000
0.345,-0.394,1.000
0.527,-0.598,1.000
0.454,-0.510,1.000
0.470,-0.524,1.000
0.589,-0.652,1.000
0.467,-0.513,1.000
0.642,-0.700,1.000
0.428,-0.463,1.000
0.480,-0.515,1.000
0.630,-0.670,1.000
0.484,-0.511,1.000
0.656,-0.687,1.000
0.581,-0.604,1.000
0.745,-0.768,1.000
0.579,-0.592,1.000
0.771,-0.783,1.000
0.590,-0.595,1.000
0.778,-0.777,1.000
0.580,-0.576,1.000
0.798,-0.785,1.000
0.622,-0.607,1.000
0.602,-0.583,1.000
0.589,-0.566,1.000
0.614,-0.585,1.000
0.884,-0.836,1.000
0.707,-0.664,1.000
0.905,-0.842,1.000
0.720,-0.665,1.000
0.737,-0.676,1.000
0.893,-0.812,1.000
0.713,-0.643,1.000
1.084,-0.970,1.000
0.733,-0.651,1.000
0.935,-0.823,1.000
0.753,-0.658,1.000
0.717,-0.622,1.000
0.712,-0.613,1.000
0.738,-0.630,1.000
0.709,-0.601,1.000
0.743,-0.624,1.000
0.737,-0.614,1.000
0.755,-0.624,1.000
0.758,-0.621,1.000
0.944,-0.768,1.000
0.763,-0.615,1.000
0.980,-0.785,1.000
0.752,-0.597,1.000
0.979,-0.771,1.000
0.756,-0.591,1.000
0.759,-0.588,1.000
0.895,-0.688,1.000
0.882,-0.673,1.000
0.877,-0.663,1.000
0.871,-0.654,1.000
0.898,-0.668,1.000
0.861,-0.635,1.000
1.090,-0.798,1.000
0.921,-0.669,1.000
1.127,-0.812,1.000
0.887,-0.633,1.000
1.118,-0.792,1.000
0.924,-0.649,1.000
1.117,-0.778,1.000
0.888,-0.613,1.000
1.154,-0.790,1.000
0.893,-0.606,1.000
1.152,-0.776,1.000
0.890,-0.594,1.000
1.143,-0.756,1.000
0.952,-0.625,1.000
0.896,-0.583,1.000
1.167,-0.753,1.000
0.926,-0.592,1.000
0.962,-0.610,1.000
0.956,-0.601,1.000
0.966,-0.602,1.000
1.150,-0.710,1.000
0.912,-0.558,1.000
1.171,-0.711,1.000
0.933,-0.562,1.000
0.961,-0.573,1.000
0.955,-0.564,1.000
0.949,-0.555,1.000
1.185,-0.688,1.000
0.996,-0.573,1.000
1.182,-0.674,1.000
0.905,-0.511,1.000
1.431,-0.801,1.000
0.961,-0.533,1.000
1.300,-0.714,1.000
0.991,-0.540,1.000
1.105,-0.596,1.000
1.107,-0.591,1.000
1.278,-0.676,1.000
1.078,-0.565,1.000
1.106,-0.574,1.000
0.978,-0.502,1.000
1.313,-0.669,1.000
1.341,-0.676,1.000
1.097,-0.548,1.000
1.346,-0.665,1.000
1.110,-0.543,1.000
1.360,-0.659,1.000
1.123,-0.539,1.000
1.348,-0.640,1.000
1.119,-0.526,1.000
1.370,-0.637,1.000
1.149,-0.529,1.000
1.358,-0.619,1.000
1.386,-0.625,1.000
1.363,-0.608,1.000
1.113,-0.492,1.000
1.368,-0.598,1.000
1.117,-0.483,1.000
1.398,-0.598,1.000
1.129,-0.478,1.000
1.420,-0.594,1.000
1.160,-0.480,1.000
1.135,-0.464,1.000
1.349,-0.546,1.000
1.148,-0.459,1.000
1.388,-0.549,1.000
1.169,-0.457,1.000
1.410,-0.545,1.000
1.146,-0.438,1.000
1.388,-0.524,1.000
1.176,-0.439,1.000
1.400,-0.516,1.000
1.171,-0.426,1.000
1.396,-0.502,1.000
1.165,-0.414,1.000
1.166,-0.409,1.000
1.177,-0.408,1.000
1.179,-0.403,1.000
1.116,-0.377,1.000
1.163,-0.388,1.000
1.436,-0.472,1.000
1.185,-0.384,1.000
1.430,-0.458,1.000
1.538,-0.486,1.000
1.443,-0.449,1.000
1.228,-0.377,1.000
1.455,-0.441,1.000
1.175,-0.351,1.000
1.450,-0.427,1.000
1.168,-0.339,1.000
1.281,-0.366,1.000
1.199,-0.338,1.000
1.228,-0.341,1.000
1.485,-0.405,1.000
1.441,-0.388,1.000
1.204,-0.319,1.000
1.489,-0.388,1.000
1.197,-0.307,1.000
1.465,-0.369,1.000
1.209,-0.300,1.000
1.477,-0.360,1.000
1.221,-0.293,1.000
1.250,-0.294,1.000
1.454,-0.336,1.000
1.243,-0.282,1.000
1.511,-0.337,1.000
1.467,-0.321,1.000
1.577,-0.339,1.000
1.209,-0.255,1.000
1.480,-0.306,1.000
1.435,-0.291,1.000
1.662,-0.330,1.000
1.465,-0.285,1.000
1.214,-0.231,1.000
1.187,-0.221,1.000
1.245,-0.227,1.000
1.349,-0.240,1.000
1.607,-0.280,1.000
1.379,-0.234,1.000
1.398,-0.232,1.000
1.565,-0.253,1.000
1.372,-0.217,1.000
1.298,-0.200,1.000
1.346,-0.202,1.000
1.393,-0.203,1.000
1.366,-0.194,1.000
1.357,-0.187,1.000
1.349,-0.181,1.000
1.645,-0.214,1.000
1.341,-0.169,1.000
1.398,-0.170,1.000
1.380,-0.163,1.000
1.343,-0.153,1.000
1.362,-0.150,1.000
1.363,-0.144,1.000
1.391,-0.142,1.000
1.641,-0.161,1.000
1.364,-0.128,1.000
1.393,-0.126,1.000
1.384,-0.119,1.000
1.487,-0.122,1.000
1.347,-0.105,1.000
1.366,-0.102,1.000
1.663,-0.117,1.000
1.682,-0.112,1.000
1.368,-0.085,1.000
1.406,-0.082,1.000
1.368,-0.075,1.000
1.674,-0.085,1.000
1.378,-0.064,1.000
1.369,-0.059,1.000
1.350,-0.052,1.000
1.388,-0.049,1.000
1.360,-0.042,1.000
1.360,-0.037,1.000
1.360,-0.031,1.000
1.379,-0.027,1.000
1.380,-0.021,1.000
1.389,-0.016,1.000
1.380,-0.010,1.000
1.361,-0.005,1.000
1.284,0.001,1.500
1.323,0.006,1.500
1.380,0.011,1.500
1.622,0.020,1.500
1.351,0.022,1.500
1.676,0.034,1.500
1.351,0.032,1.500
1.793,0.050,1.500
1.407,0.045,1.500
1.666,0.060,1.500
1.407,0.056,1.500
1.397,0.061,1.500
1.388,0.066,1.500
1.629,0.084,1.500
1.387,0.077,1.500
1.646,0.098,1.500
1.367,0.087,1.500
1.405,0.095,1.500
1.357,0.097,1.500
1.626,0.122,1.500
1.375,0.109,1.500
1.625,0.135,1.500
1.356,0.118,1.500
1.606,0.146,1.500
1.374,0.130,1.500
1.382,0.137,1.500
1.372,0.141,1.500
1.372,0.147,1.500
1.352,0.150,1.500
1.371,0.157,1.500
1.370,0.163,1.500
1.646,0.202,1.500
1.369,0.174,1.500
1.680,0.220,1.500
1.330,0.179,1.500
1.661,0.230,1.500
1.642,0.234,1.500
1.374,0.202,1.500
1.567,0.236,1.500
1.354,0.210,1.500
1.547,0.246,1.500
1.352,0.220,1.500
1.618,0.270,1.500
1.444,0.247,1.500
1.651,0.289,1.500
1.442,0.258,1.500
1.622,0.297,1.500
1.337,0.250,1.500
1.700,0.325,1.500
1.354,0.264,1.500
1.733,0.345,1.500
1.490,0.303,1.500
1.739,0.361,1.500
1.487,0.315,1.500
1.709,0.369,1.500
1.458,0.320,1.500
1.888,0.423,1.500
1.482,0.338,1.500
1.481,0.344,1.500
1.489,0.352,1.500
1.487,0.358,1.500
1.777,0.435,1.500
1.475,0.367,1.500
1.465,0.371,1.500
1.445,0.372,1.500
1.480,0.387,1.500
1.452,0.386,1.500
1.459,0.394,1.500
1.475,0.404,1.500
1.889,0.526,1.500
1.463,0.413,1.500
1.690,0.484,1.500
1.442,0.420,1.500
1.449,0.428,1.500
1.456,0.436,1.500
1.455,0.442,1.500
1.435,0.442,1.500
1.686,0.527,1.500
1.449,0.459,1.500
1.456,0.468,1.500
1.472,0.479,1.500
1.453,0.479,1.500
1.424,0.476,1.500
1.699,0.575,1.500
1.438,0.493,1.500
1.677,0.582,1.500
1.390,0.489,1.500
1.647,0.587,1.500
1.404,0.506,1.500
1.668,0.609,1.500
1.649,0.609,1.500
1.433,0.536,1.500
1.694,0.641,1.500
1.429,0.547,1.500
1.747,0.677,1.500
1.390,0.545,1.500
1.439,0.571,1.500
1.581,0.634,1.500
1.511,0.613,1.500
1.509,0.619,1.500
1.507,0.625,1.500
1.538,0.645,1.500
1.502,0.637,1.500
1.730,0.741,1.500
1.497,0.648,1.500
1.724,0.755,1.500
1.525,0.675,1.500
1.702,0.761,1.500
1.528,0.691,1.500
1.712,0.782,1.500
1.464,0.676,1.500
1.698,0.792,1.500
1.492,0.703,1.500
1.699,0.809,1.500
1.503,0.722,1.500
1.693,0.822,1.500
1.729,0.848,1.500
1.462,0.724,1.500
1.467,0.734,1.500
1.464,0.740,1.500
1.445,0.737,1.500
1.442,0.743,1.500
1.455,0.757,1.500
1.436,0.754,1.500
1.457,0.772,1.500
1.683,0.900,1.500
1.459,0.788,1.500
1.432,0.781,1.500
1.421,0.782,1.500
1.426,0.792,1.500
1.407,0.789,1.500
1.435,0.812,1.500
1.642,0.938,1.500
1.421,0.819,1.500
1.650,0.959,1.500
1.399,0.821,1.500
1.762,1.043,1.500
1.416,0.846,1.500
1.635,0.985,1.500
1.593,0.969,1.500
1.406,0.862,1.500
1.364,0.844,1.500
1.407,0.878,1.500
1.600,1.008,1.500
1.603,1.019,1.500
1.404,0.900,1.500
1.588,1.026,1.500
1.382,0.901,1.500
1.550,1.019,1.500
1.267,0.840,1.500
1.241,0.830,1.500
1.253,0.845,1.500
1.249,0.850,1.500
1.269,0.871,1.500
1.250,0.865,1.500
1.239,0.865,1.500
1.244,0.875,1.500
1.255,0.890,1.500
1.327,0.949,1.500
1.218,0.879,1.500
1.100,0.800,1.500
1.330,0.975,1.500
1.140,0.843,1.500
1.114,0.830,1.500
1.103,0.829,1.500
1.031,0.781,1.500
0.967,0.739,1.500
1.212,0.933,1.500
1.014,0.788,1.500
1.197,0.937,1.500
0.985,0.778,1.500
1.005,0.799,1.500
1.143,0.916,1.500
0.954,0.771,1.500
1.047,0.854,1.500
0.880,0.723,1.500
1.063,0.880,1.500
0.844,0.704,1.500
1.027,0.864,1.500
0.853,0.724,1.500
0.821,0.701,1.500
1.038,0.894,1.500
0.860,0.747,1.500
1.031,0.903,1.500
0.839,0.740,1.500
1.002,0.892,1.500
0.840,0.753,1.500
1.003,0.906,1.500
0.724,0.660,1.500
0.722,0.663,1.500
0.697,0.645,1.500
0.702,0.655,1.500
0.915,0.860,1.500
0.697,0.660,1.500
0.852,0.813,1.500
0.684,0.659,1.500
0.703,0.682,1.500
0.686,0.671,1.500
0.698,0.688,1.500
0.674,0.669,1.500
0.707,0.707,1.500
0.683,0.689,1.500
0.687,0.699,1.500
0.691,0.708,1.500
0.675,0.697,1.500
0.843,0.877,1.500
0.745,0.781,1.500
0.902,0.954,1.500
0.772,0.823,1.500
0.742,0.797,1.500
0.752,0.815,1.500
0.736,0.803,1.500
0.915,1.007,1.500
0.730,0.809,1.500
0.914,1.021,1.500
0.717,0.807,1.500
0.918,1.042,1.500
0.826,0.945,1.500
0.947,1.092,1.500
0.844,0.981,1.500
0.802,0.940,1.500
0.976,1.153,1.500
0.814,0.969,1.500
0.791,0.950,1.500
0.787,0.953,1.500
0.796,0.971,1.500
0.936,1.151,1.500
0.848,1.052,1.500
1.025,1.280,1.500
0.864,1.088,1.500
1.015,1.288,1.500
0.855,1.095,1.500
1.010,1.304,1.500
0.852,1.109,1.500
0.842,1.105,1.500
0.849,1.123,1.500
0.845,1.126,1.500
0.829,1.115,1.500
0.819,1.110,1.500
0.815,1.113,1.500
0.838,1.155,1.500
0.795,1.104,1.500
0.953,1.335,1.500
0.873,1.233,1.500
0.863,1.229,1.500
0.853,1.225,1.500
0.864,1.251,1.500
0.848,1.239,1.500
0.849,1.250,1.500
0.859,1.277,1.500
0.834,1.249,1.500
0.829,1.252,1.500
0.964,1.470,1.500
0.819,1.259,1.500
0.809,1.254,1.500
0.824,1.289,1.500
0.809,1.276,1.500
0.799,1.272,1.500
0.789,1.267,1.500
0.799,1.294,1.500
0.784,1.281,1.500
0.921,1.518,1.500
0.784,1.303,1.500
0.891,1.494,1.500
0.764,1.293,1.500
0.879,1.501,1.500
0.758,1.307,1.500
0.881,1.532,1.500
0.748,1.313,1.500
0.869,1.538,1.500
0.765,1.367,1.500
0.839,1.514,1.500
0.732,1.333,1.500
0.849,1.560,1.500
0.713,1.322,1.500
0.828,1.551,1.500
0.706,1.336,1.500
0.811,1.549,1.500
0.692,1.333,1.500
0.691,1.344,1.500
0.801,1.575,1.500
0.795,1.578,1.500
0.671,1.344,1.500
0.690,1.396,1.500
0.780,1.595,1.500
0.663,1.368,1.500
0.752,1.569,1.500
0.648,1.365,1.500
0.639,1.359,1.500
0.749,1.610,1.500
0.620,1.347,1.500
0.725,1.591,1.500
0.621,1.378,1.500
0.616,1.380,1.500
0.710,1.608,1.500
0.605,1.385,1.500
0.771,1.784,1.500
0.590,1.381,1.500
0.596,1.409,1.500
0.597,1.428,1.500
0.578,1.396,1.500
0.659,1.610,1.500
0.563,1.392,1.500
0.558,1.394,1.500
0.552,1.397,1.500
0.567,1.451,1.500
0.551,1.427,1.500
0.552,1.446,1.500
0.537,1.423,1.500
0.538,1.442,1.500
0.522,1.418,1.500
0.520,1.429,1.500
0.604,1.679,1.500
0.591,1.665,1.500
0.503,1.435,1.500
0.494,1.428,1.500
0.498,1.456,1.500
0.480,1.423,1.500
0.475,1.425,1.500
0.469,1.427,1.500
0.463,1.429,1.500
0.458,1.430,1.500
0.449,1.423,1.500
0.444,1.425,1.500
0.519,1.689,1.500
0.504,1.665,1.500
0.432,1.448,1.500
0.499,1.695,1.500
0.431,1.487,1.500
0.420,1.471,1.500
0.479,1.701,1.500
0.406,1.465,1.500
0.461,1.687,1.500
0.390,1.450,1.500
0.445,1.682,1.500
0.374,1.435,1.500
0.380,1.482,1.500
0.367,1.456,1.500
0.357,1.440,1.500
0.479,1.964,1.500
0.352,1.470,1.500
0.409,1.737,1.500
0.343,1.481,1.500
0.337,1.483,1.500
0.331,1.484,1.500
0.335,1.530,1.500
0.315,1.468,1.500
0.310,1.470,1.500
0.308,1.489,1.500
0.296,1.463,1.500
0.292,1.473,1.500
0.337,1.734,1.500
0.282,1.485,1.500
0.278,1.495,1.500
0.267,1.468,1.500
0.263,1.479,1.500
0.311,1.784,1.500
0.255,1.499,1.500
0.253,1.527,1.500
0.279,1.726,1.500
0.234,1.483,1.500
0.231,1.503,1.500
0.267,1.782,1.500
0.217,1.486,1.500
0.212,1.496,1.500
0.211,1.534,1.500
0.197,1.470,1.500
0.198,1.526,1.500
0.218,1.735,1.500
0.183,1.500,1.500
0.208,1.763,1.500
0.168,1.474,1.500
0.168,1.530,1.500
0.174,1.640,1.500
0.153,1.503,1.500
0.147,1.504,1.500
0.141,1.505,1.500
0.148,1.643,1.500
0.152,1.760,1.500
0.122,1.488,1.500
0.130,1.662,1.500
0.112,1.507,1.500
0.114,1.618,1.500
0.099,1.499,1.500
0.108,1.736,1.500
0.090,1.546,1.500
0.088,1.610,1.500
0.077,1.518,1.500
0.071,1.519,1.500
0.066,1.538,1.500
0.060,1.538,1.500
0.065,1.855,1.500
0.046,1.501,1.500
0.043,1.594,1.500
0.038,1.640,1.500
0.031,1.640,1.500
0.029,1.899,1.500
0.018,1.631,1.500
0.012,1.667,1.500
0.006,1.649,1.500
-0.001,1.677,1.500
-0.008,1.820,1.500
-0.014,1.631,1.500
-0.020,1.622,1.500
-0.031,1.899,1.500
-0.033,1.658,1.500
-0.039,1.640,1.500
-0.053,1.890,1.500
-0.051,1.612,1.500
-0.059,1.657,1.500
-0.077,1.942,1.500
-0.073,1.675,1.500
-0.090,1.880,1.500
-0.085,1.656,1.500
-0.104,1.870,1.500
-0.099,1.664,1.500
-0.119,1.870,1.500
-0.130,1.930,1.500
-0.116,1.627,1.500
-0.143,1.894,1.500
-0.129,1.626,1.500
-0.137,1.653,1.500
-0.163,1.875,1.500
-0.151,1.661,1.500
-0.176,1.856,1.500
-0.190,1.917,1.500
-0.167,1.622,1.500
-0.186,1.739,1.500
-0.181,1.630,1.500
-0.185,1.611,1.500
-0.191,1.610,1.500
-0.239,1.946,1.500
-0.206,1.627,1.500
-0.214,1.635,1.500
-0.270,2.003,1.500
-0.227,1.634,1.500
-0.269,1.881,1.500
-0.238,1.623,1.500
-0.245,1.622,1.500
-0.258,1.666,1.500
-0.259,1.629,1.500
-0.301,1.849,1.500
-0.273,1.636,1.500
-0.275,1.608,1.500
-0.284,1.625,1.500
-0.291,1.623,1.500
-0.296,1.613,1.500
-0.343,1.833,1.500
-0.312,1.629,1.500
-0.311,1.592,1.500
-0.324,1.626,1.500
-0.329,1.616,1.500
-0.345,1.659,1.500
-0.386,1.824,1.500
-0.344,1.594,1.500
-0.346,1.575,1.500
-0.404,1.802,1.500
-0.367,1.608,1.500
-0.367,1.580,1.500
-0.390,1.649,1.500
-0.396,1.648,1.500
-0.386,1.575,1.500
-0.461,1.852,1.500
-0.431,1.704,1.500
-0.404,1.571,1.500
-0.449,1.718,1.500
-0.524,1.970,1.500
-0.525,1.943,1.500
-0.528,1.925,1.500
-0.502,1.805,1.500
-0.490,1.734,1.500
-0.502,1.750,1.500
-0.499,1.713,1.500
-0.506,1.711,1.500
-0.565,1.887,1.500
-0.516,1.699,1.500
-0.593,1.924,1.500
-0.606,1.938,1.500
-0.542,1.710,1.500
-0.610,1.900,1.500
-0.547,1.680,1.500
-0.567,1.720,1.500
-0.633,1.893,1.500
-0.569,1.682,1.500
-0.656,1.912,1.500
-0.652,1.877,1.500
-0.586,1.667,1.500
-0.593,1.664,1.500
-0.593,1.645,1.500
-0.606,1.660,1.500
-0.619,1.674,1.500
-0.665,1.779,1.500
-0.638,1.686,1.500
-0.632,1.650,1.500
-0.645,1.664,1.500
-0.645,1.645,1.500
-0.707,1.782,1.500
-0.651,1.623,1.500
-0.753,1.857,1.500
-0.767,1.870,1.500
-0.680,1.640,1.500
-0.683,1.629,1.500
-0.693,1.635,1.500
-0.755,1.762,1.500
-0.845,1.949,1.500
-0.762,1.740,1.500
-0.863,1.950,1.500
-0.868,1.939,1.500
-0.775,1.715,1.500
-0.786,1.720,1.500
-0.807,1.749,1.500
-0.807,1.730,1.500
-0.814,1.726,1.500
-0.917,1.926,1.500
-0.831,1.728,1.500
-0.830,1.709,1.500
-0.833,1.698,1.500
-0.843,1.702,1.500
-0.846,1.691,1.500
-0.966,1.911,1.500
-0.863,1.692,1.500
-0.878,1.704,1.500
-1.011,1.944,1.500
-0.883,1.682,1.500
-1.023,1.929,1.500
-0.905,1.690,1.500
-0.920,1.702,1.500
-1.021,1.872,1.500
-0.912,1.656,1.500
-0.931,1.676,1.500
-0.933,1.665,1.500
-1.096,1.937,1.500
-0.964,1.688,1.500
-1.018,1.766,1.500
-1.127,1.938,1.500
-1.006,1.714,1.500
-1.034,1.747,1.500
-1.137,1.903,1.500
-1.048,1.739,1.500
-1.059,1.742,1.500
-1.198,1.953,1.500
-1.059,1.711,1.500
-1.071,1.715,1.500
-1.073,1.703,1.500
-1.202,1.892,1.500
-1.086,1.695,1.500
-1.093,1.690,1.500
-1.224,1.878,1.500
-1.111,1.689,1.500
-1.117,1.685,1.500
-1.129,1.687,1.500
-1.145,1.697,1.500
-1.266,1.860,1.500
-1.134,1.653,1.500
-1.170,1.691,1.500
-1.363,1.953,1.500
-1.237,1.758,1.500
-1.383,1.949,1.500
-1.246,1.741,1.500
-1.243,1.723,1.500
-1.401,1.926,1.500
-1.291,1.760,1.500
-1.273,1.721,1.500
-1.285,1.723,1.500
-1.416,1.884,1.500
-1.303,1.720,1.500
-1.441,1.886,1.500
-1.291,1.676,1.500
-1.461,1.881,1.500
-1.315,1.679,1.500
-1.363,1.727,1.500
-1.478,1.858,1.500
-1.361,1.697,1.500
-1.425,1.763,1.500
-1.541,1.890,1.500
-1.375,1.674,1.500
-1.586,1.915,1.500
-1.421,1.702,1.500
-1.465,1.741,1.500
-1.541,1.816,1.500
-1.391,1.627,1.500
-1.420,1.647,1.500
-1.382,1.591,1.500
-1.422,1.623,1.500
-1.406,1.593,1.500
-1.423,1.600,1.500
-1.666,1.858,1.500
-1.441,1.595,1.500
-1.448,1.589,1.500
-1.600,1.743,1.500
-1.477,1.596,1.500
-1.472,1.578,1.500
-1.620,1.724,1.500
-1.616,1.705,1.500
-1.467,1.536,1.500
-1.658,1.722,1.500
-1.503,1.549,1.500
-1.407,1.439,1.500
-1.413,1.434,1.500
-1.431,1.440,1.500
-1.703,1.701,1.500
-1.417,1.405,1.500
-1.429,1.405,1.500
-1.611,1.571,1.500
-1.446,1.400,1.500
-1.452,1.394,1.500
-1.463,1.394,1.500
-1.469,1.389,1.500
-1.449,1.359,1.500
-1.473,1.371,1.500
-1.653,1.526,1.500
-1.491,1.365,1.500
-1.677,1.525,1.500
-1.501,1.354,1.500
-1.658,1.484,1.500
-1.505,1.336,1.500
-1.676,1.476,1.500
-1.701,1.486,1.500
-1.694,1.468,1.500
-1.539,1.324,1.500
-1.724,1.471,1.500
-1.576,1.334,1.500
-1.717,1.442,1.500
-1.729,1.440,1.500
-1.565,1.293,1.500
-1.766,1.448,1.500
-1.542,1.254,1.500
-1.580,1.275,1.500
-1.776,1.421,1.500
-1.556,1.235,1.500
-1.602,1.261,1.500
-1.740,1.359,1.500
-1.605,1.243,1.500
-1.771,1.361,1.500
-1.614,1.231,1.500
-1.633,1.235,1.500
-1.617,1.213,1.500
-1.615,1.201,1.500
-1.641,1.210,1.500
-1.645,1.204,1.500
-1.657,1.202,1.500
-1.731,1.246,1.500
-1.763,1.259,1.500
-1.944,1.376,1.500
-1.739,1.220,1.500
-1.757,1.223,1.500
-1.940,1.339,1.500
-1.767,1.209,1.500
-1.964,1.333,1.500
-1.783,1.200,1.500
-1.809,1.207,1.500
-1.986,1.314,1.500
-1.755,1.151,1.500
-2.218,1.442,1.500
-1.891,1.219,1.500
-2.095,1.340,1.500
-1.922,1.218,1.500
-1.912,1.202,1.500
-1.903,1.185,1.500
-1.922,1.186,1.500
-2.108,1.290,1.500
-1.917,1.163,1.500
-1.928,1.159,1.500
-2.136,1.273,1.500
-1.945,1.149,1.500
-2.139,1.252,1.500
-1.961,1.137,1.500
-1.958,1.126,1.500
-2.168,1.235,1.500
-2.159,1.219,1.500
-2.302,1.287,1.500
-1.939,1.074,1.500
-1.965,1.079,1.500
-2.199,1.196,1.500
-2.010,1.083,1.500
-2.166,1.156,1.500
-1.997,1.056,1.500
-2.008,1.052,1.500
-1.997,1.036,1.500
-2.009,1.032,1.500
-2.013,1.024,1.500
-2.024,1.020,1.500
-2.028,1.012,1.500
-2.017,0.997,1.500
-1.999,0.978,1.500
-2.070,1.002,1.500
-2.006,0.962,1.500
-2.247,1.066,1.500
-2.029,0.953,1.500
-2.270,1.056,1.500
-2.044,0.941,1.500
-2.025,0.922,1.500
-2.044,0.921,1.500
-2.078,0.927,1.500
-2.066,0.912,1.500
-2.264,0.989,1.500
-2.058,0.889,1.500
-2.092,0.894,1.500
-2.073,0.876,1.500
-2.287,0.956,1.500
-2.033,0.841,1.500
-2.295,0.938,1.500
-2.094,0.847,1.500
-2.279,0.911,1.500
-2.062,0.815,1.500
-2.324,0.908,1.500
-2.107,0.814,1.500
-2.110,0.805,1.500
-2.335,0.881,1.500
-2.124,0.792,1.500
-2.475,0.911,1.500
-2.208,0.803,1.500
-2.007,0.721,1.500
-2.419,0.859,1.500
-1.988,0.697,1.500
-2.243,0.776,1.500
-2.474,0.845,1.500
-2.029,0.684,1.500
-2.237,0.745,1.500
-2.247,0.739,1.500
-2.021,0.655,1.500
-2.063,0.660,1.500
-2.026,0.639,1.500
-2.044,0.636,1.500
-2.246,0.689,1.500
-2.049,0.620,1.500
-2.243,0.669,1.500
-2.062,0.607,1.500
-2.288,0.663,1.500
-2.188,0.625,1.500
-2.036,0.573,1.500
-2.022,0.560,1.500
-2.057,0.561,1.500
-2.269,0.610,1.500
-2.086,0.552,1.500
-2.202,0.573,1.500
-2.074,0.531,1.500
-2.060,0.519,1.500
-2.095,0.519,1.500
-2.282,0.556,1.500
-2.090,0.501,1.500
-2.279,0.536,1.500
-2.305,0.533,1.500
-2.291,0.520,1.500
-2.301,0.513,1.500
-2.279,0.499,1.500
-2.077,0.446,1.500
-2.323,0.489,1.500
-2.113,0.436,1.500
-2.107,0.426,1.500
-2.100,0.416,1.500
-2.102,0.408,1.500
-2.316,0.440,1.500
-2.302,0.428,1.500
-2.123,0.386,1.500
-2.116,0.377,1.500
-2.134,0.371,1.500
-2.111,0.359,1.500
-2.318,0.384,1.500
-2.105,0.341,1.500
-2.123,0.335,1.500
-2.116,0.325,1.500
-2.126,0.318,1.500
-2.325,0.339,1.500
-2.153,0.305,1.500
-2.096,0.289,1.500
-2.139,0.286,1.500
-2.132,0.276,1.500
-2.355,0.296,1.500
-2.134,0.260,1.500
-2.357,0.278,1.500
-2.119,0.241,1.500
-2.170,0.238,1.500
-2.336,0.247,1.500
-2.122,0.216,1.500
-2.139,0.209,1.500
-2.347,0.220,1.500
-2.124,0.191,1.500
-2.341,0.201,1.500
-2.134,0.175,1.500
-2.118,0.165,1.500
-2.359,0.175,1.500
-2.136,0.150,1.500
-2.145,0.142,1.500
-2.154,0.134,1.500
-2.137,0.125,1.500
-2.354,0.128,1.500
-2.138,0.108,1.500
-2.130,0.099,1.500
-2.156,0.092,1.500
-2.356,0.091,1.500
-2.123,0.074,1.500
-2.182,0.067,1.500
-2.140,0.058,1.500
-2.174,0.050,1.500
-2.414,0.046,1.500
-2.158,0.033,1.500
-2.141,0.024,1.500
-2.390,0.017,1.500
-2.357,0.008,1.500
-2.175,-0.001,1.500
-2.366,-0.011,1.500
-2.141,-0.018,1.500
-2.124,-0.026,1.500
-2.382,-0.039,1.500
-2.157,-0.044,1.500
-2.365,-0.057,1.500
-2.166,-0.061,1.500
-2.089,-0.067,1.500
-2.131,-0.077,1.500
-2.156,-0.086,1.500
-2.380,-0.104,1.500
-2.139,-0.102,1.500
-2.147,-0.111,1.500
-2.362,-0.131,1.500
-2.378,-0.142,1.500
-2.120,-0.135,1.500
-2.161,-0.146,1.500
-2.351,-0.168,1.500
-2.143,-0.162,1.500
-2.126,-0.169,1.500
-2.159,-0.180,1.500
-2.150,-0.188,1.500
-2.372,-0.216,1.500
-2.140,-0.204,1.500
-2.122,-0.210,1.500
-2.361,-0.243,1.500
-2.336,-0.250,1.500
-2.145,-0.238,1.500
-2.144,-0.247,1.500
-2.101,-0.250,1.500
-2.108,-0.259,1.500
-2.116,-0.269,1.500
-2.354,-0.308,1.500
-2.130,-0.287,1.500
-2.162,-0.300,1.500
-2.128,-0.304,1.500
-2.143,-0.315,1.500
-2.339,-0.353,1.500
-2.116,-0.328,1.500
-2.114,-0.336,1.500
-2.096,-0.342,1.500
-2.341,-0.391,1.500
-2.102,-0.360,1.500
-2.101,-0.368,1.500
-2.329,-0.417,1.500
-2.351,-0.431,1.500
-2.325,-0.436,1.500
-2.103,-0.403,1.500
-2.093,-0.409,1.500
-2.116,-0.422,1.500
-2.229,-0.454,1.500
-2.088,-0.434,1.500
-2.242,-0.475,1.500
-2.076,-0.448,1.500
-2.189,-0.482,1.500
-2.450,-0.549,1.500
-2.194,-0.501,1.500
-2.208,-0.513,1.500
-2.459,-0.582,1.500
-2.204,-0.531,1.500
-2.202,-0.539,1.500
-2.390,-0.595,1.500
-2.181,-0.552,1.500
-2.203,-0.567,1.500
-2.506,-0.656,1.500
-2.199,-0.584,1.500
-2.188,-0.591,1.500
-2.367,-0.649,1.500
-2.152,-0.599,1.500
-2.165,-0.612,1.500
-2.179,-0.625,1.500
-2.426,-0.707,1.500
-2.174,-0.642,1.500
-2.179,-0.653,1.500
-2.129,-0.647,1.500
-2.174,-0.670,1.500
-2.156,-0.674,1.500
-2.137,-0.677,1.500
-2.150,-0.691,1.500
-2.357,-0.768,1.500
-2.113,-0.697,1.500
-2.134,-0.713,1.500
-2.363,-0.800,1.500
-2.144,-0.736,1.500
-2.133,-0.741,1.500
-2.316,-0.815,1.500
-2.120,-0.755,1.500
-2.332,-0.841,1.500
-2.344,-0.856,1.500
-2.103,-0.777,1.500
-2.344,-0.877,1.500
-2.112,-0.800,1.500
-2.093,-0.802,1.500
-2.106,-0.816,1.500
-2.079,-0.815,1.500
-2.045,-0.811,1.500
-2.233,-0.896,1.500
-2.108,-0.855,1.500
-2.043,-0.838,1.500
-2.055,-0.853,1.500
-2.044,-0.858,1.500
-2.048,-0.869,1.500
-2.366,-1.015,1.500
-2.019,-0.875,1.500
-2.015,-0.883,1.500
-2.215,-0.981,1.500
-2.031,-0.909,1.500
-2.229,-1.008,1.500
-1.993,-0.911,1.500
-2.028,-0.936,1.500
-2.268,-1.058,1.500
-2.005,-0.945,1.500
-1.994,-0.949,1.500
-2.212,-1.064,1.500
-2.194,-1.066,1.500
-1.998,-0.980,1.500
-2.214,-1.097,1.500
-2.174,-1.088,1.500
-2.227,-1.125,1.500
-1.967,-1.004,1.500
-1.978,-1.019,1.500
-2.228,-1.159,1.500
-1.955,-1.027,1.500
-1.951,-1.035,1.500
-2.164,-1.159,1.500
-1.935,-1.046,1.500
-1.931,-1.054,1.500
-2.221,-1.223,1.500
-1.974,-1.097,1.500
-2.239,-1.256,1.500
-2.206,-1.249,1.500
-2.026,-1.157,1.500
-1.993,-1.149,1.500
-2.191,-1.275,1.500
-1.933,-1.135,1.500
-2.222,-1.316,1.500
-1.995,-1.192,1.500
-1.998,-1.205,1.500
-1.887,-1.148,1.500
-2.099,-1.288,1.500
-1.892,-1.171,1.500
-1.866,-1.165,1.500
-2.192,-1.381,1.500
-2.065,-1.312,1.500
-1.866,-1.196,1.500
-2.061,-1.333,1.500
-2.076,-1.354,1.500
-1.901,-1.250,1.500
-1.882,-1.249,1.500
-2.054,-1.374,1.500
-1.879,-1.268,1.500
-1.888,-1.285,1.500
-1.950,-1.339,1.500
-1.767,-1.223,1.500
-1.776,-1.240,1.500
-1.928,-1.357,1.500
-1.725,-1.224,1.500
-1.755,-1.256,1.500
-1.632,-1.178,1.500
-1.628,-1.184,1.500
-1.781,-1.306,1.500
-1.639,-1.212,1.500
-1.750,-1.305,1.500
-1.616,-1.215,1.500
-1.528,-1.158,1.500
-1.701,-1.300,1.500
-1.689,-1.302,1.500
-1.698,-1.319,1.500
-1.659,-1.299,1.500
-1.358,-1.072,1.500
-1.389,-1.106,1.500
-1.624,-1.303,1.500
-1.381,-1.117,1.500
-1.362,-1.111,1.500
-1.393,-1.144,1.500
-1.360,-1.127,1.500
-1.356,-1.132,1.500
-1.533,-1.291,1.500
-1.244,-1.055,1.500
-1.343,-1.148,1.500
-1.358,-1.171,1.500
-1.231,-1.070,1.500
-1.241,-1.087,1.500
-1.250,-1.104,1.500
-1.432,-1.274,1.500
-1.214,-1.089,1.500
-1.217,-1.100,1.500
-1.411,-1.285,1.500
-1.399,-1.285,1.500
-1.210,-1.120,1.500
-1.219,-1.137,1.500
-1.168,-1.098,1.500
-1.210,-1.147,1.500
-1.106,-1.057,1.500
-1.089,-1.048,1.500
-1.098,-1.065,1.500
-1.074,-1.050,1.500
-1.070,-1.054,1.500
-1.072,-1.065,1.500
-1.255,-1.256,1.500
-1.109,-1.119,1.500
-1.156,-1.176,1.500
-1.339,-1.372,1.500
-1.141,-1.179,1.500
-1.142,-1.190,1.500
-1.298,-1.363,1.500
-1.108,-1.172,1.500
-1.109,-1.183,1.500
-1.312,-1.410,1.500
-1.149,-1.245,1.500
-1.193,-1.303,1.500
-1.359,-1.496,1.500
-1.336,-1.482,1.500
-1.190,-1.330,1.500
-1.342,-1.512,1.500
-1.313,-1.491,1.500
-1.324,-1.516,1.500
-1.296,-1.495,1.500
-1.158,-1.346,1.500
-1.170,-1.371,1.500
-1.306,-1.543,1.500
-1.136,-1.353,1.500
-1.125,-1.351,1.500
-1.282,-1.552,1.500
-1.210,-1.476,1.500
-1.264,-1.555,1.500
-1.109,-1.375,1.500
-1.268,-1.585,1.500
-1.257,-1.583,1.500
-1.093,-1.388,1.500
-1.249,-1.600,1.500
-1.076,-1.390,1.500
-1.087,-1.415,1.500
-1.215,-1.594,1.500
-1.337,-1.768,1.500
-1.065,-1.421,1.500
-1.206,-1.622,1.500
-1.054,-1.429,1.500
-1.193,-1.632,1.500
-1.043,-1.437,1.500
-1.186,-1.648,1.500
-1.026,-1.438,1.500
-1.168,-1.650,1.500
-1.030,-1.468,1.500
-1.009,-1.450,1.500
-1.143,-1.657,1.500
-1.008,-1.473,1.500
-1.135,-1.673,1.500
-1.114,-1.656,1.500
-0.981,-1.470,1.500
-1.120,-1.693,1.500
-0.959,-1.462,1.500
-0.968,-1.489,1.500
-0.962,-1.492,1.500
-0.961,-1.504,1.500
-1.063,-1.678,1.500
-0.940,-1.496,1.500
-0.953,-1.530,1.500
-1.062,-1.720,1.500
-1.042,-1.702,1.500
-0.902,-1.488,1.500
-1.050,-1.747,1.500
-1.035,-1.737,1.500
-0.903,-1.529,1.500
-0.892,-1.525,1.500
-0.913,-1.575,1.500
-0.999,-1.738,1.500
-0.874,-1.535,1.500
-0.877,-1.554,1.500
-0.995,-1.779,1.500
-0.975,-1.761,1.500
-0.872,-1.588,1.500
-0.861,-1.583,1.500
-0.955,-1.772,1.500
-0.844,-1.582,1.500
-0.941,-1.780,1.500
-0.938,-1.791,1.500
-0.822,-1.584,1.500
-0.920,-1.790,1.500
-0.809,-1.591,1.500
-0.803,-1.594,1.500
-0.789,-1.581,1.500
-0.782,-1.584,1.500
-0.869,-1.777,1.500
-0.707,-1.460,1.500
-0.771,-1.609,1.500
-0.863,-1.818,1.500
-0.808,-1.719,1.500
-0.790,-1.699,1.500
-0.827,-1.797,1.500
-0.725,-1.591,1.500
-0.704,-1.561,1.500
-0.675,-1.515,1.500
-0.763,-1.730,1.500
-0.656,-1.503,1.500
-0.815,-1.887,1.500
-0.743,-1.739,1.500
-0.642,-1.519,1.500
-0.636,-1.522,1.500
-0.627,-1.516,1.500
-0.621,-1.518,1.500
-0.625,-1.546,1.500
-0.605,-1.514,1.500
-0.616,-1.559,1.500
-0.617,-1.578,1.500
-0.594,-1.539,1.500
-0.585,-1.532,1.500
-0.569,-1.509,1.500
-0.582,-1.562,1.500
-0.567,-1.539,1.500
-0.554,-1.524,1.500
-0.639,-1.780,1.500
-0.558,-1.571,1.500
-0.622,-1.776,1.500
-0.618,-1.787,1.500
-0.527,-1.543,1.500
-0.621,-1.842,1.500
-0.518,-1.556,1.500
-0.515,-1.567,1.500
-0.503,-1.551,1.500
-0.505,-1.580,1.500
-0.502,-1.590,1.500
-0.493,-1.583,1.500
-0.484,-1.577,1.500
-0.475,-1.570,1.500
-0.471,-1.580,1.500
-0.458,-1.556,1.500
-0.464,-1.602,1.500
-0.450,-1.577,1.500
-0.510,-1.812,1.500
-0.440,-1.589,1.500
-0.500,-1.833,1.500
-0.433,-1.610,1.500
-0.424,-1.603,1.500
-0.413,-1.587,1.500
-0.462,-1.806,1.500
-0.401,-1.590,1.500
-0.392,-1.583,1.500
-0.386,-1.585,1.500
-0.440,-1.839,1.500
-0.371,-1.579,1.500
-0.367,-1.589,1.500
-0.411,-1.810,1.500
-0.409,-1.837,1.500
-0.352,-1.611,1.500
-0.342,-1.595,1.500
-0.389,-1.850,1.500
-0.328,-1.588,1.500
-0.325,-1.608,1.500
-0.312,-1.573,1.500
-0.321,-1.655,1.500
-0.306,-1.611,1.500
-0.302,-1.621,1.500
-0.287,-1.578,1.500
-0.289,-1.624,1.500
-0.327,-1.880,1.500
-0.275,-1.617,1.500
-0.268,-1.618,1.500
-0.260,-1.610,1.500
-0.255,-1.620,1.500
-0.250,-1.630,1.500
-0.280,-1.870,1.500
-0.265,-1.819,1.500
-0.225,-1.588,1.500
-0.222,-1.616,1.500
-0.216,-1.617,1.500
-0.211,-1.627,1.500
-0.207,-1.645,1.500
-0.201,-1.655,1.500
-0.193,-1.638,1.500
-0.185,-1.630,1.500
-0.179,-1.630,1.500
-0.171,-1.622,1.500
-0.165,-1.623,1.500
-0.160,-1.641,1.500
-0.176,-1.874,1.500
-0.193,-2.149,1.500
-0.140,-1.634,1.500
-0.135,-1.644,1.500
-0.146,-1.868,1.500
-0.120,-1.617,1.500
-0.115,-1.636,1.500
-0.109,-1.655,1.500
-0.126,-2.018,1.500
-0.095,-1.637,1.500
-0.089,-1.647,1.500
-0.081,-1.611,1.500
-0.077,-1.657,1.500
-0.070,-1.639,1.500
-0.072,-1.863,1.500
-0.058,-1.676,1.500
-0.058,-1.872,1.500
-0.044,-1.658,1.500
-0.038,-1.667,1.500
-0.031,-1.649,1.500
-0.025,-1.649,1.500
-0.018,-1.631,1.500
-0.012,-1.649,1.500
-0.005,-1.677,1.500
0.001,-1.658,1.500
0.008,-1.658,1.500
0.016,-1.908,1.500
0.021,-1.667,1.500
0.027,-1.667,1.500
0.039,-1.899,1.500
0.039,-1.594,1.500
0.047,-1.667,1.500
0.053,-1.648,1.500
0.060,-1.657,1.500
0.073,-1.828,1.500
0.073,-1.657,1.500
0.078,-1.638,1.500
0.082,-1.592,1.500
0.091,-1.628,1.500
0.098,-1.646,1.500
0.104,-1.637,1.500
0.110,-1.627,1.500
0.136,-1.895,1.500
0.145,-1.920,1.500
0.130,-1.635,1.500
0.135,-1.616,1.500
0.165,-1.884,1.500
0.183,-2.004,1.500
0.159,-1.669,1.500
0.163,-1.641,1.500
0.195,-1.890,1.500
0.201,-1.880,1.500
0.181,-1.630,1.500
0.187,-1.620,1.500
0.224,-1.878,1.500
0.230,-1.868,1.500
0.208,-1.636,1.500
0.215,-1.644,1.500
0.255,-1.891,1.500
0.226,-1.624,1.500
0.268,-1.872,1.500
0.241,-1.641,1.500
0.248,-1.640,1.500
0.254,-1.639,1.500
0.293,-1.841,1.500
0.303,-1.858,1.500
0.275,-1.645,1.500
0.278,-1.626,1.500
0.329,-1.880,1.500
0.335,-1.870,1.500
0.296,-1.613,1.500
0.350,-1.867,1.500
0.307,-1.602,1.500
0.318,-1.627,1.500
0.328,-1.644,1.500
0.388,-1.904,1.500
0.326,-1.570,1.500
0.331,-1.560,1.500
0.399,-1.848,1.500
0.405,-1.838,1.500
0.361,-1.609,1.500
0.367,-1.608,1.500
0.422,-1.816,1.500
0.438,-1.849,1.500
0.390,-1.621,1.500
0.395,-1.611,1.500
0.457,-1.835,1.500
0.458,-1.807,1.500
0.418,-1.624,1.500
0.477,-1.821,1.500
0.433,-1.629,1.500
0.430,-1.592,1.500
0.434,-1.582,1.500
0.440,-1.580,1.500
0.444,-1.569,1.500
0.455,-1.585,1.500
0.561,-1.924,1.500
0.496,-1.677,1.500
0.571,-1.903,1.500
0.509,-1.673,1.500
0.523,-1.697,1.500
0.567,-1.813,1.500
0.498,-1.572,1.500
0.507,-1.579,1.500
0.626,-1.922,1.500
0.557,-1.686,1.500
0.549,-1.641,1.500
0.570,-1.682,1.500
0.576,-1.679,1.500
0.589,-1.694,1.500
0.660,-1.874,1.500
0.599,-1.681,1.500
0.554,-1.534,1.500
0.572,-1.566,1.500
0.553,-1.495,1.500
0.669,-1.787,1.500
0.578,-1.525,1.500
0.603,-1.574,1.500
0.684,-1.763,1.500
0.599,-1.527,1.500
0.694,-1.749,1.500
0.614,-1.531,1.500
0.607,-1.494,1.500
0.718,-1.749,1.500
0.629,-1.515,1.500
0.735,-1.752,1.500
0.633,-1.493,1.500
0.745,-1.738,1.500
0.649,-1.496,1.500
0.684,-1.560,1.500
0.675,-1.525,1.500
0.762,-1.702,1.500
0.668,-1.478,1.500
0.682,-1.492,1.500
0.695,-1.505,1.500
0.690,-1.478,1.500
0.699,-1.483,1.500
0.666,-1.398,1.500
0.762,-1.584,1.500
0.652,-1.342,1.500
0.670,-1.365,1.500
0.671,-1.354,1.500
0.685,-1.368,1.500
0.669,-1.324,1.500
0.679,-1.329,1.500
0.641,-1.243,1.500
0.757,-1.455,1.500
0.642,-1.221,1.500
0.642,-1.210,1.500
0.656,-1.225,1.500
0.705,-1.305,1.500
0.587,-1.077,1.500
0.610,-1.108,1.500
0.605,-1.089,1.500
0.739,-1.318,1.500
0.532,-0.939,1.500
0.555,-0.972,1.500
0.549,-0.952,1.500
0.548,-0.942,1.500
0.481,-0.819,1.500
0.494,-0.834,1.500
0.609,-1.019,1.500
0.648,-1.075,1.500
0.499,-0.820,1.500
0.507,-0.826,1.500
0.532,-0.859,1.500
0.588,-0.941,1.500
0.586,-0.930,1.500
0.433,-0.681,1.500
0.436,-0.679,1.500
0.554,-0.856,1.500
0.452,-0.693,1.500
0.427,-0.648,1.500
0.377,-0.569,1.500
0.391,-0.585,1.500
0.417,-0.618,1.500
0.366,-0.538,1.500
0.369,-0.537,1.500
0.377,-0.544,1.500
0.361,-0.517,1.500
0.296,-0.420,1.500
0.401,-0.565,1.500
0.305,-0.426,1.500
0.282,-0.390,1.500
0.475,-0.653,1.500
0.453,-0.618,1.500
0.331,-0.447,1.500
0.307,-0.412,1.500
0.296,-0.393,1.500
0.374,-0.494,1.500
0.338,-0.442,1.500
0.313,-0.407,1.500
0.322,-0.414,1.500
0.363,-0.463,1.500
0.325,-0.411,1.500
0.320,-0.402,1.500
0.492,-0.613,1.500
0.323,-0.399,1.500
0.318,-0.390,1.500
0.499,-0.608,1.500
0.328,-0.395,1.500
0.308,-0.369,1.500
0.520,-0.617,1.500
0.318,-0.375,1.500
0.341,-0.398,1.500
0.547,-0.635,1.500
0.351,-0.404,1.500
0.345,-0.394,1.500
0.561,-0.636,1.500
0.537,-0.603,1.500
0.442,-0.493,1.500
0.444,-0.491,1.500
0.460,-0.505,1.500
0.462,-0.503,1.500
0.457,-0.493,1.500
0.437,-0.468,1.500
0.468,-0.497,1.500
0.653,-0.689,1.500
0.565,-0.591,1.500
0.567,-0.589,1.500
0.584,-0.601,1.500
0.593,-0.606,1.500
0.567,-0.575,1.500
0.809,-0.815,1.500
0.792,-0.791,1.500
0.603,-0.597,1.500
0.791,-0.777,1.500
0.585,-0.571,1.500
0.595,-0.576,1.500
0.612,-0.587,1.500
0.803,-0.765,1.500
0.705,-0.666,1.500
0.780,-0.732,1.500
0.898,-0.835,1.500
0.705,-0.651,1.500
0.700,-0.641,1.500
0.695,-0.632,1.500
0.735,-0.663,1.500
0.921,-0.824,1.500
0.733,-0.650,1.500
0.942,-0.829,1.500
0.730,-0.638,1.500
0.920,-0.797,1.500
0.705,-0.606,1.500
0.738,-0.629,1.500
0.958,-0.811,1.500
0.743,-0.623,1.500
0.745,-0.621,1.500
1.012,-0.836,1.500
0.742,-0.608,1.500
0.753,-0.612,1.500
0.771,-0.621,1.500
0.702,-0.562,1.500
0.768,-0.609,1.500
0.809,-0.637,1.500
1.042,-0.814,1.500
0.822,-0.637,1.500
0.856,-0.658,1.500
1.097,-0.836,1.500
0.853,-0.645,1.500
0.895,-0.671,1.500
1.138,-0.846,1.500
0.901,-0.664,1.500
0.911,-0.666,1.500
1.101,-0.799,1.500
1.151,-0.828,1.500
0.887,-0.633,1.500
0.905,-0.641,1.500
0.900,-0.631,1.500
0.910,-0.633,1.500
0.888,-0.613,1.500
0.907,-0.621,1.500
0.910,-0.617,1.500
1.121,-0.754,1.500
0.898,-0.599,1.500
0.941,-0.623,1.500
1.146,-0.751,1.500
0.922,-0.599,1.500
0.940,-0.606,1.500
1.194,-0.763,1.500
0.929,-0.588,1.500
0.939,-0.590,1.500
0.950,-0.591,1.500
1.158,-0.715,1.500
0.904,-0.553,1.500
0.974,-0.590,1.500
1.174,-0.706,1.500
0.944,-0.563,1.500
0.947,-0.559,1.500
1.158,-0.678,1.500
0.968,-0.561,1.500
0.953,-0.548,1.500
1.199,-0.683,1.500
1.169,-0.659,1.500
0.985,-0.551,1.500
1.190,-0.659,1.500
0.972,-0.534,1.500
1.103,-0.600,1.500
1.330,-0.717,1.500
1.030,-0.550,1.500
1.093,-0.578,1.500
1.104,-0.578,1.500
1.106,-0.573,1.500
1.344,-0.690,1.500
1.110,-0.565,1.500
1.121,-0.565,1.500
1.089,-0.543,1.500
1.100,-0.543,1.500
1.332,-0.651,1.500
1.113,-0.539,1.500
1.123,-0.538,1.500
1.125,-0.534,1.500
1.368,-0.642,1.500
1.337,-0.621,1.500
1.123,-0.517,1.500
1.134,-0.516,1.500
1.127,-0.508,1.500
1.380,-0.615,1.500
1.166,-0.514,1.500
1.106,-0.483,1.500
1.353,-0.584,1.500
1.137,-0.486,1.500
1.147,-0.485,1.500
1.176,-0.491,1.500
1.169,-0.483,1.500
1.135,-0.464,1.500
1.110,-0.449,1.500
1.139,-0.455,1.500
1.177,-0.465,1.500
1.169,-0.457,1.500
1.444,-0.557,1.500
1.164,-0.444,1.500
1.414,-0.533,1.500
1.167,-0.435,1.500
1.418,-0.522,1.500
1.394,-0.507,1.500
1.136,-0.408,1.500
1.174,-0.416,1.500
1.157,-0.405,1.500
1.186,-0.410,1.500
1.188,-0.406,1.500
1.441,-0.486,1.500
1.182,-0.393,1.500
1.427,-0.469,1.500
1.185,-0.384,1.500
1.413,-0.452,1.500
1.206,-0.380,1.500
1.470,-0.457,1.500
1.182,-0.363,1.500
1.202,-0.363,1.500
1.457,-0.434,1.500
1.195,-0.351,1.500
1.460,-0.423,1.500
1.216,-0.347,1.500
1.208,-0.340,1.500
1.589,-0.440,1.500
1.192,-0.325,1.500
1.450,-0.389,1.500
1.204,-0.318,1.500
1.206,-0.314,1.500
1.160,-0.297,1.500
1.189,-0.299,1.500
1.449,-0.359,1.500
1.201,-0.292,1.500
1.221,-0.292,1.500
1.213,-0.285,1.500
1.214,-0.280,1.500
1.492,-0.338,1.500
1.188,-0.264,1.500
1.494,-0.327,1.500
1.227,-0.263,1.500
1.479,-0.311,1.500
1.480,-0.305,1.500
1.481,-0.299,1.500
1.203,-0.238,1.500
1.213,-0.235,1.500
1.611,-0.306,1.500
1.310,-0.243,1.500
1.216,-0.221,1.500
1.207,-0.215,1.500
1.237,-0.215,1.500
1.313,-0.223,1.500
1.361,-0.225,1.500
1.510,-0.244,1.500
1.221,-0.192,1.500
1.288,-0.198,1.500
1.577,-0.236,1.500
1.271,-0.185,1.500
1.185,-0.168,1.500
1.376,-0.189,1.500
1.339,-0.179,1.500
1.245,-0.161,1.500
1.499,-0.188,1.500
1.265,-0.154,1.500
1.464,-0.172,1.500
1.238,-0.141,1.500
1.362,-0.149,1.500
1.475,-0.156,1.500
1.391,-0.141,1.500
1.392,-0.136,1.500
1.374,-0.129,1.500
1.202,-0.108,1.500
1.375,-0.118,1.500
1.356,-0.111,1.500
1.662,-0.129,1.500
1.348,-0.100,1.500
1.367,-0.096,1.500
1.358,-0.090,1.500
1.424,-0.088,1.500
1.555,-0.090,1.500
1.359,-0.074,1.500
1.406,-0.071,1.500
1.638,-0.076,1.500
1.675,-0.071,1.500
1.407,-0.054,1.500
1.398,-0.048,1.500
1.594,-0.049,1.500
1.370,-0.037,1.500
1.379,-0.031,1.500
1.389,-0.026,1.500
1.389,-0.021,1.500
1.399,-0.015,1.500
1.399,-0.010,1.500
1.408,-0.004,1.500
1.576,0.001,2.000
1.380,0.007,2.000
1.380,0.012,2.000
1.380,0.017,2.000
1.408,0.023,2.000
1.389,0.028,2.000
1.389,0.034,2.000
1.529,0.043,2.000
1.388,0.045,2.000
1.388,0.050,2.000
1.369,0.055,2.000
1.378,0.061,2.000
1.463,0.070,2.000
1.692,0.088,2.000
1.359,0.076,2.000
1.396,0.083,2.000
1.628,0.104,2.000
1.405,0.095,2.000
1.376,0.099,2.000
1.744,0.132,2.000
1.394,0.111,2.000
1.356,0.113,2.000
1.374,0.120,2.000
1.633,0.149,2.000
1.402,0.134,2.000
1.623,0.161,2.000
1.363,0.141,2.000
1.372,0.147,2.000
1.603,0.178,2.000
1.361,0.157,2.000
1.342,0.160,2.000
1.398,0.172,2.000
1.618,0.206,2.000
1.377,0.181,2.000
1.751,0.237,2.000
1.597,0.222,2.000
1.450,0.208,2.000
1.495,0.220,2.000
1.738,0.263,2.000
1.484,0.230,2.000
1.492,0.238,2.000
1.735,0.283,2.000
1.490,0.249,2.000
1.499,0.257,2.000
1.705,0.299,2.000
1.469,0.264,2.000
1.486,0.273,2.000
1.485,0.279,2.000
1.717,0.329,2.000
1.483,0.290,2.000
1.509,0.301,2.000
1.490,0.304,2.000
1.443,0.300,2.000
1.737,0.368,2.000
1.709,0.369,2.000
1.467,0.323,2.000
1.724,0.387,2.000
1.722,0.394,2.000
1.490,0.347,2.000
1.745,0.413,2.000
1.469,0.354,2.000
1.450,0.355,2.000
1.714,0.427,2.000
1.420,0.360,2.000
1.490,0.384,2.000
1.863,0.488,2.000
1.478,0.393,2.000
1.468,0.397,2.000
1.475,0.405,2.000
1.438,0.401,2.000
1.691,0.479,2.000
1.488,0.427,2.000
1.469,0.428,2.000
1.686,0.498,2.000
1.447,0.434,2.000
1.419,0.432,2.000
1.453,0.448,2.000
1.660,0.519,2.000
1.440,0.457,2.000
1.447,0.465,2.000
1.671,0.545,2.000
1.426,0.471,2.000
1.573,0.526,2.000
1.791,0.607,2.000
1.788,0.614,2.000
1.778,0.618,2.000
1.564,0.551,2.000
1.562,0.557,2.000
1.795,0.648,2.000
1.540,0.563,2.000
1.944,0.719,2.000
1.713,0.641,2.000
1.525,0.578,2.000
1.557,0.597,2.000
1.747,0.677,2.000
1.561,0.612,2.000
1.758,0.698,2.000
1.763,0.708,2.000
1.520,0.617,2.000
1.517,0.623,2.000
1.506,0.625,2.000
1.521,0.638,2.000
1.485,0.630,2.000
1.490,0.639,2.000
1.463,0.634,2.000
1.510,0.662,2.000
1.508,0.668,2.000
1.514,0.678,2.000
1.478,0.669,2.000
1.483,0.678,2.000
1.780,0.822,2.000
1.470,0.686,2.000
1.475,0.696,2.000
1.489,0.709,2.000
1.664,0.801,2.000
1.483,0.721,2.000
1.472,0.723,2.000
1.678,0.832,2.000
1.588,0.795,2.000
1.472,0.744,2.000
1.444,0.738,2.000
1.781,0.918,2.000
1.575,0.820,2.000
1.548,0.814,2.000
1.561,0.828,2.000
1.557,0.834,2.000
1.710,0.924,2.000
1.559,0.851,2.000
1.532,0.844,2.000
1.706,0.949,2.000
1.541,0.865,2.000
1.676,0.949,2.000
1.557,0.890,2.000
1.561,0.900,2.000
1.511,0.880,2.000
1.554,0.913,2.000
1.504,0.891,2.000
1.516,0.907,2.000
1.731,1.044,2.000
1.600,0.974,2.000
1.374,0.844,2.000
1.402,0.868,2.000
1.707,1.067,2.000
1.387,0.875,2.000
1.596,1.015,2.000
1.381,0.885,2.000
1.573,1.017,2.000
1.584,1.033,2.000
1.332,0.876,2.000
1.568,1.041,2.000
1.317,0.882,2.000
1.359,0.918,2.000
1.483,1.009,2.000
1.375,0.944,2.000
1.430,0.990,2.000
1.224,0.854,2.000
1.430,1.007,2.000
1.225,0.869,2.000
1.236,0.885,2.000
1.225,0.884,2.000
1.421,1.034,2.000
1.226,0.900,2.000
1.094,0.809,2.000
1.113,0.831,2.000
1.133,0.852,2.000
1.069,0.811,2.000
1.096,0.838,2.000
1.100,0.848,2.000
1.029,0.800,2.000
1.175,0.920,2.000
0.993,0.784,2.000
0.967,0.770,2.000
1.171,0.940,2.000
0.968,0.784,2.000
1.171,0.955,2.000
0.962,0.791,2.000
0.952,0.789,2.000
1.153,0.963,2.000
0.953,0.802,2.000
0.838,0.711,2.000
1.169,1.000,2.000
0.840,0.724,2.000
0.844,0.734,2.000
1.066,0.934,2.000
0.846,0.747,2.000
0.828,0.737,2.000
0.818,0.734,2.000
1.023,0.925,2.000
0.856,0.780,2.000
0.831,0.764,2.000
0.998,0.925,2.000
0.804,0.750,2.000
0.998,0.939,2.000
0.932,0.884,2.000
0.780,0.746,2.000
0.806,0.776,2.000
1.051,1.020,2.000
0.807,0.789,2.000
0.976,0.962,2.000
0.801,0.796,2.000
0.791,0.792,2.000
0.794,0.802,2.000
0.770,0.784,2.000
0.983,1.008,2.000
0.764,0.790,2.000
0.754,0.786,2.000
0.799,0.839,2.000
0.748,0.792,2.000
0.944,1.007,2.000
0.755,0.812,2.000
0.772,0.837,2.000
0.925,1.011,2.000
0.876,0.965,2.000
0.847,0.940,2.000
0.804,0.900,2.000
0.820,0.925,2.000
0.791,0.899,2.000
0.819,0.938,2.000
0.797,0.920,2.000
0.806,0.937,2.000
0.974,1.143,2.000
0.798,0.944,2.000
0.819,0.976,2.000
0.791,0.950,2.000
0.891,1.078,2.000
0.868,1.060,2.000
1.040,1.280,2.000
0.854,1.059,2.000
0.874,1.092,2.000
1.002,1.263,2.000
0.853,1.084,2.000
0.837,1.073,2.000
1.098,1.418,2.000
0.926,1.206,2.000
0.882,1.157,2.000
0.917,1.213,2.000
0.901,1.202,2.000
0.890,1.198,2.000
1.059,1.436,2.000
0.903,1.235,2.000
0.984,1.357,2.000
0.893,1.242,2.000
0.894,1.253,2.000
1.020,1.442,2.000
0.879,1.252,2.000
0.868,1.248,2.000
0.869,1.259,2.000
0.848,1.240,2.000
0.977,1.440,2.000
0.833,1.238,2.000
0.990,1.485,2.000
0.984,1.489,2.000
0.854,1.302,2.000
0.968,1.489,2.000
0.829,1.286,2.000
0.814,1.273,2.000
0.809,1.277,2.000
0.935,1.489,2.000
0.828,1.330,2.000
0.918,1.488,2.000
0.788,1.289,2.000
0.793,1.308,2.000
0.769,1.279,2.000
0.918,1.541,2.000
0.768,1.301,2.000
0.758,1.296,2.000
0.758,1.307,2.000
0.743,1.294,2.000
0.748,1.313,2.000
0.747,1.324,2.000
0.733,1.311,2.000
0.737,1.330,2.000
0.727,1.325,2.000
0.735,1.352,2.000
0.838,1.556,2.000
0.698,1.309,2.000
0.715,1.353,2.000
0.709,1.355,2.000
0.708,1.366,2.000
0.694,1.353,2.000
0.801,1.575,2.000
0.684,1.358,2.000
0.715,1.435,2.000
0.770,1.560,2.000
0.680,1.391,2.000
0.646,1.335,2.000
0.779,1.625,2.000
0.648,1.365,2.000
0.758,1.615,2.000
0.641,1.379,2.000
0.651,1.415,2.000
0.721,1.583,2.000
0.722,1.603,2.000
0.615,1.380,2.000
0.688,1.559,2.000
0.623,1.427,2.000
0.599,1.387,2.000
0.604,1.415,2.000
0.573,1.358,2.000
0.586,1.403,2.000
0.692,1.674,2.000
0.572,1.399,2.000
0.549,1.358,2.000
0.659,1.649,2.000
0.555,1.406,2.000
0.553,1.416,2.000
0.541,1.401,2.000
0.545,1.429,2.000
0.614,1.628,2.000
0.585,1.571,2.000
0.528,1.436,2.000
0.600,1.652,2.000
0.514,1.431,2.000
0.511,1.442,2.000
0.587,1.676,2.000
0.485,1.402,2.000
0.568,1.663,2.000
0.500,1.485,2.000
0.465,1.398,2.000
0.551,1.679,2.000
0.466,1.438,2.000
0.457,1.431,2.000
0.531,1.685,2.000
0.535,1.721,2.000
0.440,1.436,2.000
0.435,1.438,2.000
0.429,1.439,2.000
0.496,1.686,2.000
0.491,1.697,2.000
0.420,1.471,2.000
0.478,1.701,2.000
0.398,1.438,2.000
0.400,1.467,2.000
0.394,1.468,2.000
0.444,1.682,2.000
0.378,1.454,2.000
0.400,1.562,2.000
0.366,1.456,2.000
0.387,1.565,2.000
0.405,1.664,2.000
0.349,1.461,2.000
0.350,1.489,2.000
0.336,1.454,2.000
0.334,1.474,2.000
0.328,1.475,2.000
0.396,1.813,2.000
0.309,1.441,2.000
0.336,1.596,2.000
0.303,1.471,2.000
0.353,1.749,2.000
0.317,1.600,2.000
0.310,1.601,2.000
0.304,1.602,2.000
0.274,1.477,2.000
0.290,1.596,2.000
0.280,1.579,2.000
0.279,1.607,2.000
0.268,1.581,2.000
0.265,1.600,2.000
0.263,1.628,2.000
0.302,1.920,2.000
0.242,1.576,2.000
0.236,1.577,2.000
0.228,1.569,2.000
0.257,1.820,2.000
0.217,1.579,2.000
0.217,1.626,2.000
0.244,1.884,2.000
0.204,1.627,2.000
0.197,1.619,2.000
0.222,1.887,2.000
0.186,1.639,2.000
0.178,1.621,2.000
0.195,1.845,2.000
0.168,1.650,2.000
0.165,1.696,2.000
0.175,1.865,2.000
0.146,1.634,2.000
0.141,1.643,2.000
0.136,1.662,2.000
0.128,1.644,2.000
0.121,1.636,2.000
0.121,1.727,2.000
0.108,1.637,2.000
0.126,2.035,2.000
0.109,1.879,2.000
0.090,1.656,2.000
0.082,1.629,2.000
0.075,1.629,2.000
0.069,1.639,2.000
0.063,1.639,2.000
0.057,1.648,2.000
0.051,1.658,2.000
0.050,1.873,2.000
0.037,1.621,2.000
0.031,1.649,2.000
0.028,1.908,2.000
0.018,1.676,2.000
0.011,1.631,2.000
0.005,1.658,2.000
-0.001,1.649,2.000
-0.008,1.640,2.000
-0.017,1.908,2.000
-0.021,1.649,2.000
-0.027,1.640,2.000
-0.034,1.640,2.000
-0.040,1.649,2.000
-0.047,1.649,2.000
-0.053,1.639,2.000
-0.061,1.684,2.000
-0.076,1.889,2.000
-0.073,1.657,2.000
-0.079,1.647,2.000
-0.086,1.647,2.000
-0.104,1.862,2.000
-0.107,1.781,2.000
-0.104,1.637,2.000
-0.113,1.673,2.000
-0.134,1.868,2.000
-0.124,1.645,2.000
-0.132,1.662,2.000
-0.137,1.634,2.000
-0.166,1.901,2.000
-0.150,1.642,2.000
-0.158,1.651,2.000
-0.188,1.890,2.000
-0.171,1.650,2.000
-0.177,1.649,2.000
-0.181,1.630,2.000
-0.190,1.647,2.000
-0.195,1.638,2.000
-0.203,1.646,2.000
-0.206,1.618,2.000
-0.213,1.626,2.000
-0.255,1.883,2.000
-0.258,1.855,2.000
-0.230,1.605,2.000
-0.242,1.641,2.000
-0.282,1.861,2.000
-0.293,1.886,2.000
-0.289,1.815,2.000
-0.264,1.619,2.000
-0.272,1.627,2.000
-0.321,1.872,2.000
-0.285,1.624,2.000
-0.290,1.614,2.000
-0.296,1.613,2.000
-0.299,1.594,2.000
-0.312,1.629,2.000
-0.317,1.618,2.000
-0.389,1.948,2.000
-0.357,1.749,2.000
-0.413,1.988,2.000
-0.416,1.961,2.000
-0.375,1.735,2.000
-0.382,1.734,2.000
-0.441,1.964,2.000
-0.388,1.696,2.000
-0.403,1.729,2.000
-0.405,1.710,2.000
-0.416,1.726,2.000
-0.421,1.716,2.000
-0.491,1.970,2.000
-0.436,1.721,2.000
-0.445,1.728,2.000
-0.510,1.947,2.000
-0.515,1.937,2.000
-0.466,1.723,2.000
-0.468,1.704,2.000
-0.538,1.931,2.000
-0.476,1.683,2.000
-0.490,1.707,2.000
-0.507,1.739,2.000
-0.561,1.897,2.000
-0.508,1.692,2.000
-0.517,1.699,2.000
-0.594,1.923,2.000
-0.530,1.695,2.000
-0.537,1.692,2.000
-0.549,1.707,2.000
-0.547,1.680,2.000
-0.637,1.928,2.000
-0.644,1.925,2.000
-0.567,1.673,2.000
-0.577,1.679,2.000
-0.592,1.702,2.000
-0.663,1.882,2.000
-0.602,1.689,2.000
-0.609,1.687,2.000
-0.685,1.874,2.000
-0.607,1.640,2.000
-0.616,1.646,2.000
-0.623,1.644,2.000
-0.733,1.912,2.000
-0.639,1.647,2.000
-0.697,1.777,2.000
-0.701,1.766,2.000
-0.810,2.018,2.000
-0.721,1.776,2.000
-0.722,1.757,2.000
-0.815,1.962,2.000
-0.739,1.760,2.000
-0.746,1.757,2.000
-0.753,1.754,2.000
-0.760,1.751,2.000
-0.763,1.740,2.000
-0.861,1.942,2.000
-0.773,1.726,2.000
-0.791,1.747,2.000
-0.901,1.970,2.000
-0.771,1.668,2.000
-0.917,1.963,2.000
-0.810,1.718,2.000
-0.810,1.699,2.000
-0.820,1.704,2.000
-0.929,1.910,2.000
-0.826,1.681,2.000
-0.852,1.718,2.000
-0.963,1.922,2.000
-0.857,1.695,2.000
-0.864,1.692,2.000
-0.859,1.665,2.000
-0.861,1.654,2.000
-0.892,1.697,2.000
-0.952,1.793,2.000
-0.914,1.705,2.000
-0.941,1.740,2.000
-0.923,1.690,2.000
-0.975,1.771,2.000
-1.098,1.974,2.000
-0.994,1.770,2.000
-0.992,1.751,2.000
-1.007,1.762,2.000
-1.128,1.956,2.000
-0.991,1.702,2.000
-1.037,1.765,2.000
-1.147,1.936,2.000
-1.264,2.114,2.000
-1.035,1.716,2.000
-1.033,1.697,2.000
-1.285,2.092,2.000
-1.181,1.906,2.000
-1.053,1.685,2.000
-1.078,1.710,2.000
-1.085,1.706,2.000
-1.091,1.701,2.000
-1.093,1.690,2.000
-1.100,1.686,2.000
-1.097,1.667,2.000
-1.118,1.684,2.000
-1.149,1.715,2.000
-1.198,1.774,2.000
-1.215,1.784,2.000
-1.217,1.772,2.000
-1.219,1.760,2.000
-1.231,1.762,2.000
-1.218,1.730,2.000
-1.220,1.718,2.000
-1.251,1.748,2.000
-1.233,1.708,2.000
-1.270,1.745,2.000
-1.282,1.746,2.000
-1.353,1.829,2.000
-1.351,1.810,2.000
-1.500,1.994,2.000
-1.299,1.713,2.000
-1.377,1.801,2.000
-1.394,1.808,2.000
-1.391,1.790,2.000
-1.388,1.771,2.000
-1.400,1.772,2.000
-1.417,1.780,2.000
-1.409,1.755,2.000
-1.436,1.775,2.000
-1.582,1.940,2.000
-1.424,1.732,2.000
-1.452,1.752,2.000
-1.464,1.752,2.000
-1.592,1.890,2.000
-1.456,1.715,2.000
-1.622,1.896,2.000
-1.624,1.883,2.000
-1.493,1.717,2.000
-1.483,1.692,2.000
-1.495,1.693,2.000
-1.502,1.687,2.000
-1.661,1.851,2.000
-1.431,1.582,2.000
-1.454,1.595,2.000
-1.466,1.595,2.000
-1.613,1.742,2.000
-1.455,1.559,2.000
-1.467,1.559,2.000
-1.622,1.711,2.000
-1.468,1.536,2.000
-1.462,1.518,2.000
-1.509,1.554,2.000
-1.655,1.691,2.000
-1.509,1.530,2.000
-1.515,1.524,2.000
-1.515,1.512,2.000
-1.658,1.641,2.000
-1.623,1.594,2.000
-1.435,1.399,2.000
-1.484,1.435,2.000
-1.489,1.429,2.000
-1.445,1.376,2.000
-1.476,1.394,2.000
-1.469,1.376,2.000
-1.660,1.544,2.000
-1.486,1.371,2.000
-1.504,1.377,2.000
-1.690,1.535,2.000
-1.515,1.365,2.000
-1.507,1.347,2.000
-1.690,1.499,2.000
-1.531,1.347,2.000
-1.536,1.341,2.000
-1.720,1.489,2.000
-1.713,1.472,2.000
-1.551,1.323,2.000
-1.550,1.311,2.000
-1.743,1.462,2.000
-1.580,1.315,2.000
-1.565,1.293,2.000
-1.570,1.286,2.000
-1.569,1.275,2.000
-1.654,1.333,2.000
-1.579,1.262,2.000
-1.570,1.245,2.000
-1.622,1.277,2.000
-1.607,1.254,2.000
-1.773,1.372,2.000
-1.705,1.309,2.000
-1.601,1.220,2.000
-1.708,1.291,2.000
-1.679,1.258,2.000
-1.912,1.421,2.000
-1.937,1.428,2.000
-1.715,1.254,2.000
-1.928,1.398,2.000
-1.861,1.338,2.000
-1.743,1.243,2.000
-1.748,1.236,2.000
-1.739,1.220,2.000
-1.758,1.223,2.000
-1.954,1.348,2.000
-1.781,1.218,2.000
-1.779,1.206,2.000
-2.064,1.388,2.000
-1.879,1.253,2.000
-1.905,1.259,2.000
-2.067,1.355,2.000
-1.915,1.244,2.000
-2.111,1.360,2.000
-2.076,1.326,2.000
-1.922,1.217,2.000
-2.059,1.292,2.000
-1.925,1.198,2.000
-1.936,1.194,2.000
-1.941,1.187,2.000
-1.938,1.175,2.000
-1.936,1.163,2.000
-2.137,1.272,2.000
-2.128,1.256,2.000
-2.140,1.251,2.000
-1.947,1.128,2.000
-1.966,1.129,2.000
-2.155,1.226,2.000
-2.145,1.210,2.000
-1.964,1.098,2.000
-1.969,1.090,2.000
-1.995,1.094,2.000
-2.192,1.191,2.000
-1.981,1.067,2.000
-2.007,1.071,2.000
-2.004,1.059,2.000
-2.197,1.149,2.000
-1.998,1.035,2.000
-2.009,1.031,2.000
-1.991,1.012,2.000
-2.236,1.125,2.000
-2.211,1.102,2.000
-2.040,1.007,2.000
-2.014,0.984,2.000
-2.018,0.976,2.000
-2.257,1.081,2.000
-2.262,1.072,2.000
-2.037,0.956,2.000
-2.048,0.952,2.000
-2.267,1.042,2.000
-2.249,1.024,2.000
-2.105,0.948,2.000
-2.063,0.919,2.000
-2.276,1.003,2.000
-2.272,0.991,2.000
-2.058,0.888,2.000
-2.077,0.887,2.000
-2.073,0.875,2.000
-2.099,0.877,2.000
-2.110,0.872,2.000
-2.098,0.857,2.000
-2.079,0.840,2.000
-2.113,0.844,2.000
-2.101,0.829,2.000
-2.112,0.824,2.000
-2.328,0.898,2.000
-2.079,0.793,2.000
-2.106,0.793,2.000
-2.140,0.797,2.000
-2.334,0.859,2.000
-2.115,0.768,2.000
-2.242,0.805,2.000
-2.276,0.807,2.000
-2.132,0.746,2.000
-2.055,0.711,2.000
-2.285,0.780,2.000
-2.280,0.768,2.000
-2.024,0.673,2.000
-2.058,0.676,2.000
-2.266,0.734,2.000
-2.056,0.657,2.000
-2.058,0.649,2.000
-2.077,0.646,2.000
-2.254,0.691,2.000
-2.264,0.684,2.000
-2.052,0.611,2.000
-2.062,0.606,2.000
-2.065,0.598,2.000
-2.067,0.590,2.000
-2.270,0.638,2.000
-2.304,0.637,2.000
-2.074,0.565,2.000
-2.068,0.555,2.000
-2.054,0.542,2.000
-2.072,0.539,2.000
-2.284,0.584,2.000
-2.076,0.522,2.000
-2.087,0.516,2.000
-2.283,0.555,2.000
-2.058,0.492,2.000
-2.068,0.486,2.000
-2.078,0.479,2.000
-2.355,0.534,2.000
-2.082,0.463,2.000
-2.075,0.453,2.000
-2.102,0.450,2.000
-2.079,0.437,2.000
-2.105,0.434,2.000
-2.090,0.422,2.000
-2.075,0.411,2.000
-2.322,0.450,2.000
-2.079,0.394,2.000
-2.350,0.436,2.000
-2.107,0.383,2.000
-2.116,0.376,2.000
-2.110,0.366,2.000
-2.103,0.356,2.000
-2.112,0.349,2.000
-2.311,0.373,2.000
-2.090,0.329,2.000
-2.133,0.327,2.000
-2.315,0.346,2.000
-2.085,0.303,2.000
-2.137,0.302,2.000
-2.376,0.326,2.000
-2.353,0.314,2.000
-2.346,0.303,2.000
-2.116,0.265,2.000
-2.117,0.257,2.000
-2.366,0.278,2.000
-2.136,0.242,2.000
-2.335,0.255,2.000
-2.129,0.224,2.000
-2.139,0.217,2.000
-2.387,0.233,2.000
-2.132,0.199,2.000
-2.099,0.188,2.000
-2.381,0.204,2.000
-2.117,0.173,2.000
-2.168,0.168,2.000
-2.359,0.174,2.000
-2.136,0.149,2.000
-2.170,0.143,2.000
-2.137,0.132,2.000
-2.121,0.123,2.000
-2.387,0.129,2.000
-2.363,0.118,2.000
-2.164,0.100,2.000
-2.148,0.091,2.000
-2.148,0.082,2.000
-2.148,0.074,2.000
-2.381,0.072,2.000
-2.365,0.063,2.000
-2.149,0.048,2.000
-2.149,0.040,2.000
-2.390,0.035,2.000
-2.141,0.023,2.000
-2.099,0.014,2.000
-2.133,0.006,2.000
-2.366,-0.002,2.000
-2.141,-0.011,2.000
-2.132,-0.019,2.000
-2.132,-0.027,2.000
-2.132,-0.036,2.000
-2.365,-0.049,2.000
-2.132,-0.052,2.000
-2.165,-0.062,2.000
-2.080,-0.067,2.000
-2.114,-0.077,2.000
-2.165,-0.087,2.000
-2.139,-0.095,2.000
-2.371,-0.114,2.000
-2.147,-0.112,2.000
-2.138,-0.120,2.000
-2.120,-0.127,2.000
-2.128,-0.136,2.000
-2.368,-0.161,2.000
-2.144,-0.154,2.000
-2.118,-0.160,2.000
-2.160,-0.172,2.000
-2.125,-0.178,2.000
-2.116,-0.185,2.000
-2.348,-0.215,2.000
-2.363,-0.226,2.000
-2.122,-0.211,2.000
-2.130,-0.220,2.000
-2.120,-0.228,2.000
-2.145,-0.239,2.000
-2.382,-0.275,2.000
-2.118,-0.253,2.000
-2.125,-0.262,2.000
-2.363,-0.301,2.000
-2.123,-0.279,2.000
-2.122,-0.287,2.000
-2.121,-0.295,2.000
-2.153,-0.309,2.000
-2.127,-0.313,2.000
-2.117,-0.320,2.000
-2.223,-0.346,2.000
-2.123,-0.338,2.000
-2.245,-0.367,2.000
-2.227,-0.373,2.000
-2.218,-0.380,2.000
-2.298,-0.403,2.000
-2.231,-0.401,2.000
-2.213,-0.406,2.000
-2.228,-0.418,2.000
-2.218,-0.425,2.000
-2.208,-0.433,2.000
-2.206,-0.441,2.000
-2.221,-0.453,2.000
-2.211,-0.460,2.000
-2.217,-0.471,2.000
-2.563,-0.554,2.000
-2.413,-0.532,2.000
-2.212,-0.497,2.000
-2.202,-0.504,2.000
-2.192,-0.510,2.000
-2.198,-0.521,2.000
-2.212,-0.533,2.000
-2.376,-0.583,2.000
-2.167,-0.541,2.000
-2.197,-0.557,2.000
-2.401,-0.619,2.000
-2.390,-0.626,2.000
-2.190,-0.583,2.000
-2.188,-0.592,2.000
-2.186,-0.600,2.000
-2.215,-0.618,2.000
-2.393,-0.678,2.000
-2.406,-0.691,2.000
-2.168,-0.632,2.000
-2.158,-0.638,2.000
-2.374,-0.713,2.000
-2.325,-0.708,2.000
-2.369,-0.731,2.000
-2.155,-0.675,2.000
-2.113,-0.671,2.000
-2.126,-0.684,2.000
-2.334,-0.761,2.000
-2.316,-0.765,2.000
-2.118,-0.709,2.000
-2.076,-0.704,2.000
-2.081,-0.715,2.000
-2.117,-0.737,2.000
-2.122,-0.748,2.000
-2.297,-0.819,2.000
-2.101,-0.759,2.000
-2.098,-0.767,2.000
-2.257,-0.835,2.000
-2.291,-0.858,2.000
-2.318,-0.879,2.000
-2.078,-0.797,2.000
-2.074,-0.805,2.000
-2.079,-0.816,2.000
-2.297,-0.912,2.000
-2.455,-0.986,2.000
-2.069,-0.841,2.000
-2.058,-0.846,2.000
-2.078,-0.863,2.000
-2.263,-0.951,2.000
-2.185,-0.928,2.000
-2.037,-0.874,2.000
-2.049,-0.889,2.000
-2.030,-0.890,2.000
-2.222,-0.985,2.000
-2.053,-0.920,2.000
-2.200,-0.996,2.000
-2.232,-1.021,2.000
-2.315,-1.070,2.000
-2.121,-0.991,2.000
-2.110,-0.995,2.000
-2.187,-1.042,2.000
-1.997,-0.962,2.000
-2.098,-1.020,2.000
-2.290,-1.125,2.000
-2.090,-1.037,2.000
-2.071,-1.037,2.000
-2.089,-1.057,2.000
-2.272,-1.160,2.000
-2.066,-1.066,2.000
-2.298,-1.197,2.000
-2.201,-1.157,2.000
-2.075,-1.101,2.000
-2.078,-1.113,2.000
-2.258,-1.221,2.000
-2.260,-1.234,2.000
-2.043,-1.126,2.000
-2.031,-1.130,2.000
-2.049,-1.150,2.000
-2.037,-1.154,2.000
-2.039,-1.166,2.000
-1.992,-1.149,2.000
-2.232,-1.299,2.000
-1.997,-1.173,2.000
-2.000,-1.185,2.000
-2.030,-1.214,2.000
-2.191,-1.322,2.000
-2.000,-1.217,2.000
-2.002,-1.230,2.000
-1.983,-1.229,2.000
-2.163,-1.352,2.000
-1.882,-1.187,2.000
-1.870,-1.190,2.000
-1.859,-1.193,2.000
-1.854,-1.200,2.000
-1.863,-1.216,2.000
-2.037,-1.341,2.000
-1.868,-1.240,2.000
-1.883,-1.261,2.000
-1.899,-1.283,2.000
-1.860,-1.267,2.000
-1.855,-1.274,2.000
-2.071,-1.434,2.000
-1.755,-1.226,2.000
-1.954,-1.376,2.000
-1.915,-1.360,2.000
-1.727,-1.237,2.000
-1.743,-1.258,2.000
-1.717,-1.250,2.000
-1.739,-1.277,2.000
-1.829,-1.354,2.000
-1.620,-1.209,2.000
-1.622,-1.221,2.000
-1.520,-1.153,2.000
-1.727,-1.321,2.000
-1.716,-1.323,2.000
-1.500,-1.166,2.000
-1.488,-1.166,2.000
-1.407,-1.112,2.000
-1.382,-1.101,2.000
-1.385,-1.112,2.000
-1.387,-1.123,2.000
-1.553,-1.267,2.000
-1.385,-1.139,2.000
-1.367,-1.133,2.000
-1.369,-1.144,2.000
-1.268,-1.068,2.000
-1.435,-1.218,2.000
-1.437,-1.230,2.000
-1.242,-1.071,2.000
-1.238,-1.076,2.000
-1.240,-1.087,2.000
-1.456,-1.287,2.000
-1.412,-1.257,2.000
-1.132,-1.016,2.000
-1.134,-1.026,2.000
-1.096,-0.999,2.000
-1.119,-1.029,2.000
-1.115,-1.033,2.000
-1.111,-1.038,2.000
-1.287,-1.211,2.000
-1.262,-1.197,2.000
-1.072,-1.025,2.000
-1.102,-1.061,2.000
-1.287,-1.249,2.000
-1.275,-1.248,2.000
-1.142,-1.126,2.000
-1.157,-1.150,2.000
-1.081,-1.083,2.000
-1.173,-1.185,2.000
-1.325,-1.349,2.000
-1.320,-1.354,2.000
-1.302,-1.347,2.000
-1.303,-1.358,2.000
-1.150,-1.208,2.000
-1.095,-1.159,2.000
-1.134,-1.210,2.000
-1.221,-1.313,2.000
-1.228,-1.331,2.000
-1.211,-1.323,2.000
-1.341,-1.477,2.000
-1.336,-1.483,2.000
-1.171,-1.311,2.000
-1.184,-1.335,2.000
-1.352,-1.537,2.000
-1.318,-1.510,2.000
-1.145,-1.322,2.000
-1.151,-1.340,2.000
-1.306,-1.532,2.000
-1.393,-1.648,2.000
-1.135,-1.354,2.000
-1.147,-1.379,2.000
-1.270,-1.539,2.000
-1.281,-1.564,2.000
-1.114,-1.371,2.000
-1.109,-1.376,2.000
-1.310,-1.639,2.000
-1.213,-1.530,2.000
-1.266,-1.609,2.000
-1.254,-1.607,2.000
-1.076,-1.390,2.000
-1.070,-1.394,2.000
-1.261,-1.656,2.000
-1.213,-1.606,2.000
-1.065,-1.421,2.000
-1.048,-1.411,2.000
-1.059,-1.437,2.000
-1.233,-1.687,2.000
-1.276,-1.761,2.000
-1.042,-1.449,2.000
-1.046,-1.468,2.000
-1.020,-1.442,2.000
-1.161,-1.655,2.000
-1.009,-1.450,2.000
-0.998,-1.447,2.000
-1.146,-1.676,2.000
-1.002,-1.477,2.000
-0.981,-1.459,2.000
-0.980,-1.470,2.000
-1.100,-1.665,2.000
-0.963,-1.470,2.000
-1.097,-1.688,2.000
-0.971,-1.508,2.000
-0.951,-1.489,2.000
-1.063,-1.679,2.000
-1.152,-1.835,2.000
-0.933,-1.500,2.000
-0.946,-1.534,2.000
-1.063,-1.739,2.000
-1.061,-1.751,2.000
-0.891,-1.484,2.000
-0.904,-1.518,2.000
-1.010,-1.711,2.000
-0.901,-1.541,2.000
-0.899,-1.552,2.000
-0.857,-1.493,2.000
-0.874,-1.536,2.000
-0.872,-1.547,2.000
-0.862,-1.542,2.000
-0.856,-1.546,2.000
-0.837,-1.525,2.000
-0.848,-1.560,2.000
-0.846,-1.571,2.000
-0.835,-1.567,2.000
-0.944,-1.787,2.000
-0.823,-1.573,2.000
-0.833,-1.608,2.000
-0.802,-1.564,2.000
-0.908,-1.787,2.000
-0.810,-1.610,2.000
-0.788,-1.581,2.000
-0.778,-1.576,2.000
-0.760,-1.555,2.000
-0.773,-1.598,2.000
-0.771,-1.610,2.000
-0.862,-1.819,2.000
-0.735,-1.567,2.000
-0.748,-1.610,2.000
-0.830,-1.805,2.000
-0.724,-1.592,2.000
-0.725,-1.611,2.000
-0.723,-1.622,2.000
-0.716,-1.625,2.000
-0.703,-1.611,2.000
-0.763,-1.768,2.000
-0.683,-1.600,2.000
-0.687,-1.628,2.000
-0.684,-1.639,2.000
-0.636,-1.541,2.000
-0.641,-1.569,2.000
-0.750,-1.858,2.000
-0.611,-1.532,2.000
-0.649,-1.643,2.000
-0.596,-1.528,2.000
-0.677,-1.756,2.000
-0.623,-1.634,2.000
-0.585,-1.552,2.000
-0.575,-1.546,2.000
-0.563,-1.531,2.000
-0.560,-1.542,2.000
-0.639,-1.780,2.000
-0.626,-1.766,2.000
-0.548,-1.565,2.000
-0.539,-1.559,2.000
-0.622,-1.823,2.000
-0.592,-1.759,2.000
-0.512,-1.539,2.000
-0.514,-1.567,2.000
-0.604,-1.866,2.000
-0.575,-1.801,2.000
-0.496,-1.573,2.000
-0.487,-1.566,2.000
-0.562,-1.833,2.000
-0.474,-1.570,2.000
-0.460,-1.546,2.000
-0.465,-1.582,2.000
-0.453,-1.567,2.000
-0.452,-1.586,2.000
-0.516,-1.837,2.000
-0.440,-1.590,2.000
-0.429,-1.574,2.000
-0.483,-1.801,2.000
-0.412,-1.559,2.000
-0.415,-1.596,2.000
-0.404,-1.580,2.000
-0.400,-1.591,2.000
-0.435,-1.758,2.000
-0.434,-1.786,2.000
-0.385,-1.613,2.000
-0.377,-1.606,2.000
-0.427,-1.851,2.000
-0.416,-1.836,2.000
-0.354,-1.592,2.000
-0.352,-1.611,2.000
-0.342,-1.595,2.000
-0.345,-1.641,2.000
-0.380,-1.843,2.000
-0.372,-1.845,2.000
-0.318,-1.609,2.000
-0.360,-1.856,2.000
-0.311,-1.638,2.000
-0.303,-1.630,2.000
-0.293,-1.614,2.000
-0.291,-1.642,2.000
-0.285,-1.643,2.000
-0.316,-1.864,2.000
-0.307,-1.857,2.000
-0.260,-1.610,2.000
-0.252,-1.602,2.000
-0.250,-1.630,2.000
-0.280,-1.879,2.000
-0.264,-1.819,2.000
-0.232,-1.642,2.000
-0.222,-1.616,2.000
-0.215,-1.617,2.000
-0.243,-1.884,2.000
-0.233,-1.859,2.000
-0.228,-1.877,2.000
-0.190,-1.620,2.000
-0.187,-1.648,2.000
-0.178,-1.630,2.000
-0.197,-1.872,2.000
-0.167,-1.650,2.000
-0.182,-1.864,2.000
-0.153,-1.642,2.000
-0.146,-1.634,2.000
-0.141,-1.643,2.000
-0.134,-1.644,2.000
-0.144,-1.859,2.000
-0.141,-1.921,2.000
-0.113,-1.627,2.000
-0.108,-1.646,2.000
-0.101,-1.628,2.000
-0.095,-1.646,2.000
-0.089,-1.656,2.000
-0.085,-1.693,2.000
-0.086,-1.862,2.000
-0.069,-1.648,2.000
-0.063,-1.657,2.000
-0.065,-1.899,2.000
-0.058,-1.916,2.000
-0.043,-1.640,2.000
-0.043,-1.899,2.000
-0.031,-1.667,2.000
-0.024,-1.649,2.000
-0.018,-1.649,2.000
-0.011,-1.640,2.000
-0.005,-1.640,2.000
0.002,-1.649,2.000
0.008,-1.622,2.000
0.015,-1.649,2.000
0.021,-1.658,2.000
0.027,-1.631,2.000
0.034,-1.649,2.000
0.048,-1.952,2.000
0.054,-1.881,2.000
0.053,-1.639,2.000
0.060,-1.648,2.000
0.076,-1.881,2.000
0.084,-1.889,2.000
0.079,-1.629,2.000
0.084,-1.610,2.000
0.107,-1.905,2.000
0.114,-1.896,2.000
0.123,-1.922,2.000
0.130,-1.913,2.000
0.119,-1.654,2.000
0.125,-1.645,2.000
0.131,-1.644,2.000
0.136,-1.625,2.000
0.165,-1.884,2.000
0.174,-1.900,2.000
0.181,-1.891,2.000
0.163,-1.632,2.000
0.170,-1.640,2.000
0.175,-1.631,2.000
0.182,-1.630,2.000
0.218,-1.887,2.000
0.195,-1.629,2.000
0.202,-1.637,2.000
0.207,-1.627,2.000
0.216,-1.644,2.000
0.254,-1.874,2.000
0.225,-1.615,2.000
0.266,-1.854,2.000
0.238,-1.614,2.000
0.247,-1.631,2.000
0.253,-1.630,2.000
0.261,-1.638,2.000
0.302,-1.849,2.000
0.310,-1.848,2.000
0.321,-1.872,2.000
0.276,-1.570,2.000
0.292,-1.623,2.000
0.298,-1.622,2.000
0.354,-1.884,2.000
0.355,-1.848,2.000
0.364,-1.856,2.000
0.324,-1.617,2.000
0.328,-1.607,2.000
0.336,-1.615,2.000
0.341,-1.604,2.000
0.400,-1.848,2.000
0.359,-1.628,2.000
0.360,-1.600,2.000
0.364,-1.590,2.000
0.374,-1.606,2.000
0.440,-1.857,2.000
0.437,-1.812,2.000
0.391,-1.593,2.000
0.402,-1.609,2.000
0.412,-1.625,2.000
0.479,-1.856,2.000
0.477,-1.821,2.000
0.429,-1.611,2.000
0.450,-1.662,2.000
0.439,-1.599,2.000
0.518,-1.855,2.000
0.558,-1.970,2.000
0.488,-1.698,2.000
0.497,-1.705,2.000
0.501,-1.694,2.000
0.581,-1.936,2.000
0.589,-1.934,2.000
0.604,-1.956,2.000
0.512,-1.634,2.000
0.593,-1.869,2.000
0.585,-1.817,2.000
0.542,-1.663,2.000
0.543,-1.643,2.000
0.572,-1.709,2.000
0.582,-1.715,2.000
0.574,-1.671,2.000
0.587,-1.685,2.000
0.590,-1.675,2.000
0.600,-1.681,2.000
0.606,-1.678,2.000
0.694,-1.898,2.000
0.607,-1.640,2.000
0.623,-1.663,2.000
0.717,-1.890,2.000
0.724,-1.887,2.000
0.639,-1.647,2.000
0.656,-1.669,2.000
0.746,-1.879,2.000
0.659,-1.639,2.000
0.751,-1.849,2.000
0.678,-1.651,2.000
0.678,-1.631,2.000
0.691,-1.645,2.000
0.694,-1.634,2.000
0.701,-1.632,2.000
0.805,-1.854,2.000
0.760,-1.732,2.000
0.657,-1.483,2.000
0.674,-1.505,2.000
0.805,-1.778,2.000
0.690,-1.508,2.000
0.700,-1.513,2.000
0.702,-1.502,2.000
0.708,-1.500,2.000
0.714,-1.497,2.000
0.828,-1.719,2.000
0.709,-1.458,2.000
0.719,-1.464,2.000
0.668,-1.345,2.000
0.656,-1.309,2.000
0.691,-1.365,2.000
0.804,-1.573,2.000
0.810,-1.570,2.000
0.711,-1.365,2.000
0.703,-1.337,2.000
0.773,-1.457,2.000
0.779,-1.454,2.000
0.643,-1.188,2.000
0.799,-1.463,2.000
0.861,-1.563,2.000
0.620,-1.114,2.000
0.596,-1.061,2.000
0.745,-1.315,2.000
0.832,-1.455,2.000
0.627,-1.087,2.000
0.622,-1.068,2.000
0.567,-0.965,2.000
0.733,-1.235,2.000
0.703,-1.176,2.000
0.548,-0.907,2.000
0.567,-0.930,2.000
0.586,-0.953,2.000
0.651,-1.051,2.000
0.604,-0.965,2.000
0.507,-0.803,2.000
0.510,-0.801,2.000
0.529,-0.825,2.000
0.666,-1.029,2.000
0.681,-1.043,2.000
0.438,-0.666,2.000
0.475,-0.715,2.000
0.449,-0.671,2.000
0.458,-0.677,2.000
0.585,-0.859,2.000
0.457,-0.665,2.000
0.483,-0.697,2.000
0.480,-0.687,2.000
0.644,-0.915,2.000
0.608,-0.856,2.000
0.559,-0.780,2.000
0.661,-0.915,2.000
0.377,-0.518,2.000
0.416,-0.567,2.000
0.412,-0.557,2.000
0.574,-0.769,2.000
0.577,-0.767,2.000
0.400,-0.527,2.000
0.402,-0.526,2.000
0.398,-0.516,2.000
0.413,-0.531,2.000
0.428,-0.546,2.000
0.410,-0.519,2.000
0.425,-0.534,2.000
0.595,-0.740,2.000
0.591,-0.730,2.000
0.418,-0.513,2.000
0.420,-0.511,2.000
0.442,-0.534,2.000
0.609,-0.729,2.000
0.592,-0.703,2.000
0.422,-0.496,2.000
0.430,-0.503,2.000
0.620,-0.719,2.000
0.669,-0.770,2.000
0.478,-0.545,2.000
0.541,-0.613,2.000
0.550,-0.618,2.000
0.553,-0.616,2.000
0.562,-0.621,2.000
0.734,-0.805,2.000
0.777,-0.845,2.000
0.556,-0.600,2.000
0.655,-0.701,2.000
0.644,-0.684,2.000
0.681,-0.718,2.000
0.861,-0.900,2.000
0.858,-0.890,2.000
0.676,-0.696,2.000
0.671,-0.686,2.000
0.695,-0.705,2.000
0.872,-0.876,2.000
0.687,-0.685,2.000
0.711,-0.703,2.000
0.663,-0.651,2.000
0.695,-0.677,2.000
0.704,-0.681,2.000
0.693,-0.664,2.000
0.789,-0.751,2.000
0.720,-0.680,2.000
0.881,-0.825,2.000
0.898,-0.835,2.000
0.823,-0.759,2.000
1.025,-0.938,2.000
0.821,-0.745,2.000
0.824,-0.742,2.000
1.057,-0.945,2.000
1.032,-0.915,2.000
1.036,-0.911,2.000
1.032,-0.901,2.000
0.824,-0.713,2.000
0.849,-0.729,2.000
0.852,-0.726,2.000
0.870,-0.735,2.000
1.050,-0.880,2.000
0.837,-0.697,2.000
0.871,-0.719,2.000
0.820,-0.671,2.000
1.064,-0.864,2.000
1.082,-0.872,2.000
0.859,-0.686,2.000
1.103,-0.875,2.000
0.872,-0.686,2.000
0.804,-0.627,2.000
1.076,-0.833,2.000
1.026,-0.788,2.000
0.898,-0.684,2.000
0.901,-0.680,2.000
1.142,-0.855,2.000
0.898,-0.667,2.000
0.885,-0.652,2.000
0.935,-0.683,2.000
0.890,-0.645,2.000
0.956,-0.687,2.000
0.895,-0.638,2.000
1.017,-0.719,2.000
1.012,-0.710,2.000
0.894,-0.622,2.000
1.236,-0.852,2.000
1.270,-0.869,2.000
0.918,-0.622,2.000
1.042,-0.700,2.000
1.045,-0.696,2.000
1.222,-0.807,2.000
1.050,-0.688,2.000
1.045,-0.679,2.000
1.047,-0.675,2.000
1.179,-0.753,2.000
1.036,-0.656,2.000
1.088,-0.683,2.000
1.033,-0.643,2.000
1.036,-0.639,2.000
1.071,-0.655,2.000
1.049,-0.635,2.000
1.076,-0.646,2.000
1.299,-0.773,2.000
1.081,-0.638,2.000
1.084,-0.634,2.000
1.340,-0.776,2.000
1.294,-0.743,2.000
1.074,-0.611,2.000
1.102,-0.621,2.000
1.130,-0.631,2.000
1.338,-0.741,2.000
1.101,-0.603,2.000
1.303,-0.708,2.000
1.071,-0.576,2.000
1.091,-0.581,2.000
1.093,-0.577,2.000
1.147,-0.600,2.000
1.106,-0.573,2.000
1.108,-0.569,2.000
1.145,-0.582,2.000
1.121,-0.564,2.000
1.124,-0.560,2.000
1.134,-0.560,2.000
1.128,-0.551,2.000
1.302,-0.629,2.000
1.115,-0.534,2.000
1.099,-0.521,2.000
1.360,-0.638,2.000
1.139,-0.529,2.000
1.114,-0.512,2.000
1.160,-0.528,2.000
1.420,-0.639,2.000
1.372,-0.611,2.000
1.158,-0.510,2.000
1.133,-0.494,2.000
1.606,-0.693,2.000
1.381,-0.589,2.000
1.139,-0.481,2.000
1.176,-0.491,2.000
1.196,-0.494,2.000
1.356,-0.554,2.000
1.401,-0.566,2.000
1.166,-0.465,2.000
1.177,-0.464,2.000
1.179,-0.460,2.000
1.375,-0.530,2.000
1.173,-0.447,2.000
1.130,-0.425,2.000
1.131,-0.421,2.000
1.169,-0.430,2.000
1.153,-0.419,2.000
1.182,-0.424,2.000
1.165,-0.413,2.000
1.158,-0.405,2.000
1.159,-0.400,2.000
1.413,-0.482,2.000
1.144,-0.385,2.000
1.191,-0.396,2.000
1.427,-0.468,2.000
1.482,-0.480,2.000
1.305,-0.417,2.000
1.160,-0.366,2.000
1.171,-0.364,2.000
1.182,-0.362,2.000
1.447,-0.437,2.000
1.421,-0.423,2.000
1.177,-0.345,2.000
1.224,-0.354,2.000
1.354,-0.386,2.000
1.428,-0.401,2.000
1.474,-0.408,2.000
1.485,-0.404,2.000
1.486,-0.399,2.000
1.176,-0.310,2.000
1.206,-0.313,2.000
1.198,-0.306,2.000
1.199,-0.301,2.000
1.321,-0.326,2.000
1.229,-0.299,2.000
1.202,-0.287,2.000
1.203,-0.282,2.000
1.298,-0.299,2.000
1.336,-0.303,2.000
1.328,-0.295,2.000
1.357,-0.296,2.000
1.358,-0.291,2.000
1.285,-0.270,2.000
1.351,-0.278,2.000
1.352,-0.273,2.000
1.627,-0.322,2.000
1.619,-0.313,2.000
1.346,-0.255,2.000
1.366,-0.253,2.000
1.376,-0.250,2.000
1.368,-0.243,2.000
1.598,-0.277,2.000
1.370,-0.232,2.000
1.645,-0.272,2.000
1.664,-0.268,2.000
1.382,-0.217,2.000
1.392,-0.213,2.000
1.640,-0.245,2.000
1.384,-0.201,2.000
1.615,-0.228,2.000
1.348,-0.185,2.000
1.608,-0.214,2.000
1.618,-0.209,2.000
1.397,-0.175,2.000
1.370,-0.166,2.000
1.370,-0.161,2.000
1.747,-0.198,2.000
1.353,-0.148,2.000
1.391,-0.146,2.000
1.401,-0.142,2.000
1.651,-0.161,2.000
1.374,-0.128,2.000
1.346,-0.120,2.000
1.384,-0.118,2.000
1.394,-0.114,2.000
1.580,-0.122,2.000
1.367,-0.101,2.000
1.386,-0.096,2.000
1.367,-0.090,2.000
1.377,-0.085,2.000
1.462,-0.084,2.000
1.619,-0.087,2.000
1.416,-0.071,2.000
1.378,-0.063,2.000
1.369,-0.058,2.000
1.729,-0.066,2.000
1.612,-0.055,2.000
1.370,-0.041,2.000
1.379,-0.036,2.000
1.408,-0.031,2.000
1.370,-0.025,2.000
1.613,-0.023,2.000
1.640,-0.017,2.000
1.361,-0.009,2.000
1.418,-0.004,2.000
1.585,0.002,2.500
1.408,0.007,2.500
1.380,0.012,2.500
1.389,0.018,2.500
1.436,0.024,2.500
1.649,0.034,2.500
1.389,0.034,2.500
1.398,0.040,2.500
1.667,0.054,2.500
1.612,0.059,2.500
1.407,0.057,2.500
1.416,0.063,2.500
1.629,0.079,2.500
1.629,0.085,2.500
1.610,0.091,2.500
1.377,0.083,2.500
1.396,0.089,2.500
1.395,0.095,2.500
1.654,0.119,2.500
1.762,0.134,2.500
1.356,0.108,2.500
1.497,0.126,2.500
1.542,0.135,2.500
1.383,0.127,2.500
1.614,0.155,2.500
1.363,0.136,2.500
1.739,0.180,2.500
1.484,0.160,2.500
1.529,0.171,2.500
1.529,0.177,2.500
1.754,0.210,2.500
1.682,0.208,2.500
1.499,0.191,2.500
1.517,0.200,2.500
1.733,0.235,2.500
1.759,0.245,2.500
1.505,0.216,2.500
1.495,0.221,2.500
1.773,0.269,2.500
1.772,0.276,2.500
1.780,0.284,2.500
1.735,0.284,2.500
1.499,0.251,2.500
1.508,0.259,2.500
1.740,0.306,2.500
1.748,0.314,2.500
1.658,0.305,2.500
1.476,0.277,2.500
1.475,0.283,2.500
1.474,0.289,2.500
1.732,0.347,2.500
1.722,0.352,2.500
1.479,0.308,2.500
1.505,0.320,2.500
1.495,0.324,2.500
1.457,0.322,2.500
1.732,0.389,2.500
1.696,0.388,2.500
1.729,0.403,2.500
1.736,0.412,2.500
1.414,0.341,2.500
1.449,0.356,2.500
1.466,0.366,2.500
1.492,0.379,2.500
1.490,0.385,2.500
1.462,0.383,2.500
1.496,0.399,2.500
1.468,0.397,2.500
1.448,0.398,2.500
1.456,0.406,2.500
1.436,0.407,2.500
1.452,0.418,2.500
1.696,0.495,2.500
1.449,0.429,2.500
1.571,0.472,2.500
1.446,0.440,2.500
1.610,0.498,2.500
1.771,0.555,2.500
1.607,0.510,2.500
1.579,0.508,2.500
1.551,0.506,2.500
1.968,0.651,2.500
1.555,0.521,2.500
1.570,0.533,2.500
1.577,0.542,2.500
1.583,0.551,2.500
1.775,0.626,2.500
1.789,0.639,2.500
1.534,0.554,2.500
1.792,0.656,2.500
1.572,0.582,2.500
1.553,0.582,2.500
2.010,0.762,2.500
1.732,0.665,2.500
1.546,0.600,2.500
1.527,0.600,2.500
1.741,0.692,2.500
1.522,0.612,2.500
1.519,0.618,2.500
1.525,0.627,2.500
1.754,0.729,2.500
1.727,0.726,2.500
1.518,0.645,2.500
1.507,0.647,2.500
1.726,0.750,2.500
1.493,0.655,2.500
1.533,0.680,2.500
1.513,0.678,2.500
1.770,0.802,2.500
1.727,0.791,2.500
1.497,0.692,2.500
1.486,0.694,2.500
1.797,0.848,2.500
1.480,0.706,2.500
1.519,0.731,2.500
1.483,0.722,2.500
1.806,0.888,2.500
1.795,0.891,2.500
1.571,0.788,2.500
1.600,0.810,2.500
1.565,0.800,2.500
1.796,0.927,2.500
1.575,0.820,2.500
1.579,0.831,2.500
1.552,0.824,2.500
1.789,0.959,2.500
1.577,0.854,2.500
1.566,0.855,2.500
1.563,0.862,2.500
1.552,0.863,2.500
1.732,0.973,2.500
1.766,1.001,2.500
1.541,0.882,2.500
1.538,0.888,2.500
1.565,0.912,2.500
1.735,1.020,2.500
1.724,1.022,2.500
1.516,0.907,2.500
1.543,0.932,2.500
1.741,1.061,2.500
1.715,1.054,2.500
1.494,0.926,2.500
1.467,0.918,2.500
1.517,0.957,2.500
1.498,0.953,2.500
1.584,1.017,2.500
1.661,1.075,2.500
1.598,1.043,2.500
1.393,0.917,2.500
1.351,0.897,2.500
1.578,1.057,2.500
1.389,0.939,2.500
1.340,0.913,2.500
1.344,0.924,2.500
1.356,0.939,2.500
1.231,0.860,2.500
1.444,1.018,2.500
1.255,0.891,2.500
1.228,0.880,2.500
1.225,0.885,2.500
1.392,1.014,2.500
1.431,1.051,2.500
1.229,0.910,2.500
1.211,0.904,2.500
1.404,1.057,2.500
1.307,0.991,2.500
1.111,0.850,2.500
1.092,0.843,2.500
1.119,0.870,2.500
1.093,0.857,2.500
1.156,0.914,2.500
1.087,0.866,2.500
1.286,1.033,2.500
1.160,0.939,2.500
0.943,0.769,2.500
0.969,0.798,2.500
1.199,0.994,2.500
1.152,0.963,2.500
0.945,0.796,2.500
0.935,0.794,2.500
0.932,0.798,2.500
1.165,1.005,2.500
1.140,0.992,2.500
1.171,1.027,2.500
0.816,0.721,2.500
0.937,0.835,2.500
1.083,0.972,2.500
1.044,0.945,2.500
0.805,0.734,2.500
0.809,0.744,2.500
0.821,0.760,2.500
0.818,0.764,2.500
0.800,0.753,2.500
0.812,0.770,2.500
0.787,0.753,2.500
0.763,0.735,2.500
0.935,0.908,2.500
0.778,0.762,2.500
0.982,0.969,2.500
0.985,0.980,2.500
0.783,0.785,2.500
0.780,0.788,2.500
0.784,0.798,2.500
0.740,0.759,2.500
0.966,0.999,2.500
0.781,0.815,2.500
0.744,0.782,2.500
0.849,0.899,2.500
1.027,1.096,2.500
0.855,0.919,2.500
1.018,1.104,2.500
1.026,1.122,2.500
0.818,0.901,2.500
1.018,1.130,2.500
0.837,0.936,2.500
0.852,0.961,2.500
0.829,0.943,2.500
0.838,0.960,2.500
0.891,1.029,2.500
0.905,1.054,2.500
1.076,1.262,2.500
1.077,1.273,2.500
0.905,1.079,2.500
0.889,1.068,2.500
1.061,1.286,2.500
0.969,1.184,2.500
1.136,1.399,2.500
1.103,1.369,2.500
0.949,1.188,2.500
0.939,1.184,2.500
0.940,1.195,2.500
0.924,1.184,2.500
1.070,1.383,2.500
1.092,1.423,2.500
0.921,1.210,2.500
0.911,1.206,2.500
1.065,1.421,2.500
1.054,1.418,2.500
0.896,1.216,2.500
0.897,1.228,2.500
0.898,1.239,2.500
1.031,1.434,2.500
1.020,1.431,2.500
0.867,1.226,2.500
0.873,1.245,2.500
0.852,1.225,2.500
0.998,1.447,2.500
0.858,1.255,2.500
0.848,1.251,2.500
1.084,1.613,2.500
0.849,1.273,2.500
0.828,1.253,2.500
0.828,1.264,2.500
0.798,1.228,2.500
0.971,1.508,2.500
0.936,1.466,2.500
0.803,1.269,2.500
0.803,1.280,2.500
0.938,1.508,2.500
1.016,1.647,2.500
0.798,1.305,2.500
0.798,1.316,2.500
0.919,1.530,2.500
0.922,1.549,2.500
0.838,1.420,2.500
0.777,1.329,2.500
0.908,1.567,2.500
0.748,1.302,2.500
0.807,1.418,2.500
0.751,1.332,2.500
0.723,1.295,2.500
0.741,1.338,2.500
0.722,1.317,2.500
0.721,1.328,2.500
0.725,1.347,2.500
0.724,1.358,2.500
0.838,1.586,2.500
0.827,1.581,2.500
0.695,1.342,2.500
0.798,1.556,2.500
0.805,1.583,2.500
0.842,1.673,2.500
0.678,1.361,2.500
0.685,1.388,2.500
0.787,1.611,2.500
0.762,1.574,2.500
0.657,1.371,2.500
0.647,1.365,2.500
0.642,1.368,2.500
0.797,1.715,2.500
0.749,1.629,2.500
0.622,1.367,2.500
0.617,1.369,2.500
0.611,1.372,2.500
0.617,1.400,2.500
0.601,1.377,2.500
0.580,1.345,2.500
0.593,1.390,2.500
0.591,1.401,2.500
0.681,1.630,2.500
0.584,1.414,2.500
0.654,1.602,2.500
0.569,1.410,2.500
0.550,1.377,2.500
0.555,1.406,2.500
0.652,1.671,2.500
0.551,1.427,2.500
0.548,1.438,2.500
0.620,1.645,2.500
0.616,1.656,2.500
0.610,1.658,2.500
0.519,1.429,2.500
0.504,1.405,2.500
0.505,1.424,2.500
0.493,1.409,2.500
0.494,1.428,2.500
0.494,1.448,2.500
0.480,1.423,2.500
0.480,1.443,2.500
0.509,1.550,2.500
0.468,1.446,2.500
0.463,1.448,2.500
0.485,1.538,2.500
0.443,1.425,2.500
0.443,1.445,2.500
0.461,1.526,2.500
0.507,1.702,2.500
0.426,1.450,2.500
0.420,1.452,2.500
0.442,1.551,2.500
0.414,1.473,2.500
0.488,1.763,2.500
0.465,1.704,2.500
0.394,1.468,2.500
0.476,1.803,2.500
0.383,1.472,2.500
0.406,1.589,2.500
0.448,1.782,2.500
0.398,1.610,2.500
0.379,1.558,2.500
0.384,1.604,2.500
0.418,1.781,2.500
0.357,1.545,2.500
0.365,1.608,2.500
0.358,1.610,2.500
0.381,1.743,2.500
0.385,1.797,2.500
0.337,1.605,2.500
0.337,1.633,2.500
0.376,1.862,2.500
0.371,1.872,2.500
0.316,1.628,2.500
0.348,1.832,2.500
0.300,1.613,2.500
0.298,1.641,2.500
0.332,1.870,2.500
0.304,1.749,2.500
0.277,1.635,2.500
0.274,1.654,2.500
0.300,1.858,2.500
0.300,1.903,2.500
0.287,1.869,2.500
0.242,1.622,2.500
0.236,1.623,2.500
0.234,1.651,2.500
0.226,1.643,2.500
0.250,1.874,2.500
0.212,1.636,2.500
0.208,1.654,2.500
0.199,1.637,2.500
0.190,1.620,2.500
0.211,1.861,2.500
0.184,1.676,2.500
0.171,1.622,2.500
0.161,1.586,2.500
0.160,1.641,2.500
0.152,1.624,2.500
0.168,1.875,2.500
0.141,1.643,2.500
0.134,1.635,2.500
0.127,1.635,2.500
0.122,1.645,2.500
0.114,1.627,2.500
0.110,1.673,2.500
0.117,1.878,2.500
0.111,1.905,2.500
0.089,1.638,2.500
0.081,1.620,2.500
0.078,1.675,2.500
0.069,1.630,2.500
0.064,1.657,2.500
0.065,1.881,2.500
0.050,1.639,2.500
0.043,1.630,2.500
0.038,1.658,2.500
0.031,1.667,2.500
0.024,1.631,2.500
0.018,1.667,2.500
0.012,1.667,2.500
0.005,1.658,2.500
-0.001,1.640,2.500
-0.008,1.649,2.500
-0.014,1.631,2.500
-0.024,1.882,2.500
-0.031,1.899,2.500
-0.034,1.649,2.500
-0.040,1.649,2.500
-0.047,1.658,2.500
-0.053,1.639,2.500
-0.059,1.630,2.500
-0.066,1.648,2.500
-0.083,1.889,2.500
-0.082,1.711,2.500
-0.085,1.647,2.500
-0.092,1.656,2.500
-0.098,1.637,2.500
-0.105,1.646,2.500
-0.110,1.627,2.500
-0.119,1.663,2.500
-0.124,1.645,2.500
-0.151,1.902,2.500
-0.156,1.876,2.500
-0.167,1.910,2.500
-0.173,1.892,2.500
-0.178,1.865,2.500
-0.164,1.650,2.500
-0.170,1.650,2.500
-0.179,1.667,2.500
-0.183,1.648,2.500
-0.187,1.620,2.500
-0.225,1.886,2.500
-0.230,1.868,2.500
-0.241,1.893,2.500
-0.248,1.892,2.500
-0.253,1.874,2.500
-0.259,1.864,2.500
-0.270,1.889,2.500
-0.290,1.974,2.500
-0.298,1.973,2.500
-0.261,1.684,2.500
-0.261,1.638,2.500
-0.277,1.699,2.500
-0.281,1.680,2.500
-0.284,1.661,2.500
-0.348,1.983,2.500
-0.337,1.878,2.500
-0.341,1.860,2.500
-0.352,1.876,2.500
-0.322,1.682,2.500
-0.324,1.654,2.500
-0.342,1.715,2.500
-0.337,1.652,2.500
-0.367,1.765,2.500
-0.366,1.728,2.500
-0.367,1.701,2.500
-0.378,1.717,2.500
-0.391,1.741,2.500
-0.391,1.714,2.500
-0.400,1.721,2.500
-0.401,1.693,2.500
-0.414,1.718,2.500
-0.423,1.725,2.500
-0.487,1.953,2.500
-0.499,1.968,2.500
-0.493,1.916,2.500
-0.450,1.718,2.500
-0.454,1.707,2.500
-0.520,1.927,2.500
-0.467,1.704,2.500
-0.464,1.667,2.500
-0.466,1.648,2.500
-0.487,1.698,2.500
-0.556,1.908,2.500
-0.563,1.905,2.500
-0.583,1.945,2.500
-0.530,1.741,2.500
-0.593,1.923,2.500
-0.598,1.913,2.500
-0.534,1.684,2.500
-0.549,1.707,2.500
-0.547,1.680,2.500
-0.548,1.661,2.500
-0.552,1.650,2.500
-0.573,1.690,2.500
-0.585,1.705,2.500
-0.577,1.660,2.500
-0.595,1.692,2.500
-0.676,1.896,2.500
-0.603,1.670,2.500
-0.693,1.899,2.500
-0.734,1.984,2.500
-0.738,1.973,2.500
-0.707,1.866,2.500
-0.676,1.766,2.500
-0.699,1.804,2.500
-0.690,1.760,2.500
-0.789,1.990,2.500
-0.711,1.771,2.500
-0.714,1.760,2.500
-0.810,1.973,2.500
-0.731,1.763,2.500
-0.742,1.768,2.500
-0.749,1.765,2.500
-0.749,1.746,2.500
-0.759,1.751,2.500
-0.776,1.772,2.500
-0.762,1.721,2.500
-0.783,1.750,2.500
-0.783,1.731,2.500
-0.893,1.955,2.500
-0.793,1.717,2.500
-0.818,1.753,2.500
-0.913,1.937,2.500
-0.802,1.683,2.500
-0.839,1.744,2.500
-0.834,1.717,2.500
-0.841,1.713,2.500
-0.847,1.710,2.500
-0.842,1.683,2.500
-0.845,1.672,2.500
-0.863,1.692,2.500
-0.890,1.728,2.500
-0.865,1.662,2.500
-0.883,1.682,2.500
-0.890,1.678,2.500
-0.958,1.790,2.500
-0.957,1.771,2.500
-0.972,1.782,2.500
-0.975,1.771,2.500
-0.982,1.767,2.500
-0.993,1.771,2.500
-1.104,1.951,2.500
-1.112,1.947,2.500
-1.128,1.957,2.500
-1.012,1.740,2.500
-1.130,1.926,2.500
-1.142,1.929,2.500
-1.037,1.735,2.500
-1.057,1.753,2.500
-1.055,1.734,2.500
-1.062,1.730,2.500
-1.055,1.704,2.500
-1.187,1.902,2.500
-1.208,1.918,2.500
-1.202,1.892,2.500
-1.095,1.709,2.500
-1.102,1.705,2.500
-1.099,1.686,2.500
-1.116,1.696,2.500
-1.136,1.713,2.500
-1.195,1.787,2.500
-1.323,1.961,2.500
-1.326,1.949,2.500
-1.207,1.758,2.500
-1.213,1.754,2.500
-1.220,1.749,2.500
-1.222,1.737,2.500
-1.209,1.705,2.500
-1.236,1.727,2.500
-1.253,1.736,2.500
-1.406,1.933,2.500
-1.409,1.921,2.500
-1.411,1.909,2.500
-1.424,1.910,2.500
-1.281,1.705,2.500
-1.288,1.700,2.500
-1.290,1.688,2.500
-1.449,1.881,2.500
-1.471,1.894,2.500
-1.533,1.958,2.500
-1.551,1.965,2.500
-1.508,1.896,2.500
-1.413,1.762,2.500
-1.425,1.763,2.500
-1.443,1.770,2.500
-1.455,1.771,2.500
-1.591,1.922,2.500
-1.584,1.897,2.500
-1.591,1.891,2.500
-1.461,1.722,2.500
-1.462,1.710,2.500
-1.474,1.711,2.500
-1.503,1.730,2.500
-1.477,1.687,2.500
-1.640,1.859,2.500
-1.429,1.606,2.500
-1.452,1.619,2.500
-1.520,1.682,2.500
-1.436,1.577,2.500
-1.448,1.577,2.500
-1.477,1.596,2.500
-1.608,1.724,2.500
-1.466,1.560,2.500
-1.467,1.548,2.500
-1.490,1.561,2.500
-1.496,1.555,2.500
-1.491,1.537,2.500
-1.485,1.519,2.500
-1.503,1.525,2.500
-1.509,1.519,2.500
-1.645,1.643,2.500
-1.586,1.572,2.500
-1.526,1.501,2.500
-1.693,1.652,2.500
-1.502,1.454,2.500
-1.470,1.412,2.500
-1.623,1.547,2.500
-1.488,1.407,2.500
-1.689,1.585,2.500
-1.641,1.527,2.500
-1.641,1.515,2.500
-1.647,1.509,2.500
-1.496,1.360,2.500
-1.640,1.479,2.500
-1.513,1.354,2.500
-1.505,1.336,2.500
-1.497,1.319,2.500
-1.631,1.426,2.500
-1.521,1.319,2.500
-1.519,1.307,2.500
-1.531,1.307,2.500
-1.536,1.301,2.500
-1.548,1.300,2.500
-1.566,1.305,2.500
-1.618,1.337,2.500
-1.570,1.287,2.500
-1.568,1.276,2.500
-1.600,1.291,2.500
-1.645,1.317,2.500
-1.563,1.241,2.500
-1.628,1.283,2.500
-1.660,1.297,2.500
-1.857,1.439,2.500
-1.691,1.300,2.500
-1.716,1.308,2.500
-1.708,1.292,2.500
-1.873,1.405,2.500
-1.731,1.288,2.500
-1.897,1.400,2.500
-1.889,1.383,2.500
-1.733,1.258,2.500
-1.751,1.261,2.500
-1.742,1.244,2.500
-1.740,1.232,2.500
-1.969,1.383,2.500
-1.941,1.352,2.500
-1.973,1.363,2.500
-1.985,1.360,2.500
-1.771,1.203,2.500
-1.880,1.266,2.500
-1.885,1.259,2.500
-1.911,1.265,2.500
-2.059,1.351,2.500
-2.078,1.352,2.500
-1.898,1.224,2.500
-1.896,1.212,2.500
-1.935,1.227,2.500
-1.884,1.184,2.500
-1.917,1.194,2.500
-1.921,1.187,2.500
-1.919,1.175,2.500
-1.916,1.163,2.500
-1.935,1.164,2.500
-1.947,1.161,2.500
-2.134,1.261,2.500
-2.139,1.253,2.500
-2.165,1.256,2.500
-2.135,1.228,2.500
-1.948,1.110,2.500
-1.974,1.115,2.500
-2.295,1.284,2.500
-2.196,1.218,2.500
-2.166,1.190,2.500
-2.156,1.173,2.500
-2.003,1.080,2.500
-1.977,1.056,2.500
-2.026,1.072,2.500
-2.217,1.162,2.500
-2.257,1.171,2.500
-2.183,1.122,2.500
-2.020,1.028,2.500
-1.987,1.002,2.500
-2.028,1.013,2.500
-2.032,1.005,2.500
-2.043,1.000,2.500
-2.032,0.985,2.500
-2.029,0.973,2.500
-2.048,0.973,2.500
-2.044,0.961,2.500
-2.055,0.956,2.500
-2.266,1.044,2.500
-2.270,1.035,2.500
-2.036,0.918,2.500
-2.055,0.917,2.500
-2.051,0.906,2.500
-2.039,0.891,2.500
-2.312,1.000,2.500
-2.490,1.065,2.500
-2.305,0.975,2.500
-2.294,0.960,2.500
-2.328,0.963,2.500
-2.346,0.960,2.500
-2.094,0.847,2.500
-2.097,0.839,2.500
-2.108,0.834,2.500
-2.096,0.819,2.500
-2.107,0.814,2.500
-2.110,0.806,2.500
-2.394,0.904,2.500
-2.108,0.786,2.500
-2.135,0.787,2.500
-2.138,0.778,2.500
-2.211,0.795,2.500
-2.252,0.800,2.500
-2.036,0.714,2.500
-2.015,0.698,2.500
-2.010,0.687,2.500
-2.028,0.685,2.500
-2.031,0.677,2.500
-2.270,0.747,2.500
-2.242,0.728,2.500
-2.253,0.722,2.500
-2.042,0.645,2.500
-2.020,0.629,2.500
-2.047,0.629,2.500
-2.057,0.623,2.500
-2.282,0.682,2.500
-2.401,0.707,2.500
-2.064,0.599,2.500
-2.203,0.630,2.500
-2.036,0.574,2.500
-2.079,0.577,2.500
-2.282,0.624,2.500
-2.084,0.561,2.500
-2.295,0.608,2.500
-2.289,0.597,2.500
-2.057,0.528,2.500
-2.294,0.579,2.500
-2.086,0.518,2.500
-2.080,0.507,2.500
-2.074,0.497,2.500
-2.059,0.485,2.500
-2.111,0.489,2.500
-2.079,0.473,2.500
-2.090,0.467,2.500
-2.083,0.457,2.500
-2.077,0.447,2.500
-2.087,0.440,2.500
-2.121,0.439,2.500
-2.115,0.429,2.500
-2.320,0.461,2.500
-2.322,0.452,2.500
-2.095,0.399,2.500
-2.080,0.388,2.500
-2.139,0.390,2.500
-2.329,0.415,2.500
-2.109,0.368,2.500
-2.102,0.358,2.500
-2.154,0.358,2.500
-2.105,0.341,2.500
-2.140,0.338,2.500
-2.124,0.327,2.500
-2.356,0.354,2.500
-2.381,0.348,2.500
-2.374,0.337,2.500
-2.368,0.327,2.500
-2.122,0.285,2.500
-2.132,0.277,2.500
-2.124,0.268,2.500
-2.142,0.262,2.500
-2.374,0.280,2.500
-2.383,0.272,2.500
-2.351,0.259,2.500
-2.121,0.225,2.500
-2.071,0.212,2.500
-2.139,0.210,2.500
-2.396,0.226,2.500
-2.348,0.212,2.500
-2.125,0.184,2.500
-2.117,0.175,2.500
-2.160,0.170,2.500
-2.135,0.159,2.500
-2.360,0.167,2.500
-2.111,0.141,2.500
-2.162,0.136,2.500
-2.362,0.139,2.500
-2.346,0.129,2.500
-2.147,0.109,2.500
-2.139,0.101,2.500
-2.139,0.092,2.500
-2.356,0.092,2.500
-2.364,0.083,2.500
-2.373,0.074,2.500
-2.123,0.058,2.500
-2.157,0.051,2.500
-2.381,0.046,2.500
-2.382,0.037,2.500
-2.132,0.025,2.500
-2.325,0.018,2.500
-2.149,0.008,2.500
-2.099,-0.000,2.500
-2.099,-0.009,2.500
-2.141,-0.017,2.500
-2.149,-0.026,2.500
-2.365,-0.037,2.500
-2.527,-0.050,2.500
-2.191,-0.052,2.500
-2.149,-0.059,2.500
-2.182,-0.069,2.500
-2.165,-0.077,2.500
-2.114,-0.083,2.500
-2.097,-0.091,2.500
-2.387,-0.113,2.500
-2.371,-0.121,2.500
-2.138,-0.118,2.500
-2.370,-0.140,2.500
-2.377,-0.150,2.500
-2.360,-0.158,2.500
-2.110,-0.150,2.500
-2.143,-0.160,2.500
-2.143,-0.169,2.500
-2.151,-0.178,2.500
-2.502,-0.217,2.500
-2.397,-0.217,2.500
-2.132,-0.202,2.500
-2.114,-0.208,2.500
-2.138,-0.219,2.500
-2.104,-0.224,2.500
-2.162,-0.239,2.500
-2.127,-0.243,2.500
-2.462,-0.292,2.500
-2.453,-0.300,2.500
-2.124,-0.269,2.500
-2.223,-0.290,2.500
-2.433,-0.327,2.500
-2.138,-0.296,2.500
-2.414,-0.344,2.500
-2.453,-0.359,2.500
-2.209,-0.332,2.500
-2.232,-0.345,2.500
-2.247,-0.356,2.500
-2.229,-0.362,2.500
-2.220,-0.370,2.500
-2.218,-0.378,2.500
-2.282,-0.398,2.500
-2.207,-0.394,2.500
-2.222,-0.406,2.500
-2.212,-0.413,2.500
-2.267,-0.433,2.500
-2.209,-0.430,2.500
-2.215,-0.441,2.500
-2.221,-0.451,2.500
-2.203,-0.456,2.500
-2.202,-0.465,2.500
-2.232,-0.481,2.500
-2.198,-0.482,2.500
-2.204,-0.493,2.500
-2.186,-0.498,2.500
-2.208,-0.512,2.500
-2.198,-0.519,2.500
-2.418,-0.581,2.500
-2.218,-0.542,2.500
-2.208,-0.549,2.500
-2.182,-0.551,2.500
-2.204,-0.566,2.500
-2.177,-0.568,2.500
-2.419,-0.642,2.500
-2.409,-0.649,2.500
-2.399,-0.656,2.500
-2.404,-0.668,2.500
-2.182,-0.615,2.500
-2.131,-0.610,2.500
-2.381,-0.692,2.500
-2.316,-0.683,2.500
-2.108,-0.630,2.500
-2.137,-0.648,2.500
-2.087,-0.642,2.500
-2.132,-0.665,2.500
-2.333,-0.738,2.500
-2.119,-0.679,2.500
-2.124,-0.690,2.500
-2.098,-0.691,2.500
-2.119,-0.707,2.500
-2.084,-0.704,2.500
-2.089,-0.715,2.500
-2.118,-0.734,2.500
-2.107,-0.740,2.500
-2.120,-0.754,2.500
-2.070,-0.745,2.500
-2.284,-0.832,2.500
-2.064,-0.761,2.500
-2.085,-0.778,2.500
-2.281,-0.862,2.500
-2.285,-0.874,2.500
-2.075,-0.803,2.500
-2.064,-0.808,2.500
-2.268,-0.898,2.500
-2.286,-0.916,2.500
-2.039,-0.826,2.500
-2.020,-0.827,2.500
-2.048,-0.848,2.500
-2.052,-0.860,2.500
-2.064,-0.874,2.500
-2.053,-0.879,2.500
-2.050,-0.887,2.500
-2.046,-0.895,2.500
-2.126,-0.940,2.500
-2.039,-0.911,2.500
-1.997,-0.902,2.500
-2.115,-0.965,2.500
-2.104,-0.970,2.500
-2.122,-0.988,2.500
-2.118,-0.997,2.500
-2.114,-1.005,2.500
-2.314,-1.111,2.500
-2.324,-1.127,2.500
-2.298,-1.126,2.500
-2.286,-1.131,2.500
-2.094,-1.046,2.500
-2.285,-1.153,2.500
-2.287,-1.165,2.500
-2.290,-1.178,2.500
-2.250,-1.168,2.500
-2.073,-1.087,2.500
-2.400,-1.270,2.500
-2.278,-1.217,2.500
-2.046,-1.104,2.500
-2.070,-1.127,2.500
-2.284,-1.255,2.500
-2.210,-1.226,2.500
-2.246,-1.258,2.500
-2.038,-1.152,2.500
-2.026,-1.156,2.500
-2.057,-1.184,2.500
-2.206,-1.281,2.500
-2.235,-1.310,2.500
-2.175,-1.286,2.500
-2.184,-1.303,2.500
-1.985,-1.195,2.500
-1.987,-1.207,2.500
-1.996,-1.223,2.500
-1.984,-1.227,2.500
-2.144,-1.337,2.500
-2.153,-1.354,2.500
-1.984,-1.259,2.500
-1.972,-1.262,2.500
-1.876,-1.211,2.500
-1.844,-1.200,2.500
-2.005,-1.316,2.500
-1.848,-1.224,2.500
-1.857,-1.241,2.500
-2.023,-1.363,2.500
-1.882,-1.279,2.500
-1.870,-1.281,2.500
-1.858,-1.284,2.500
-1.873,-1.305,2.500
-1.779,-1.250,2.500
-1.768,-1.252,2.500
-1.714,-1.225,2.500
-1.744,-1.256,2.500
-1.914,-1.390,2.500
-1.829,-1.339,2.500
-1.783,-1.317,2.500
-1.818,-1.354,2.500
-1.759,-1.321,2.500
-1.501,-1.136,2.500
-1.510,-1.152,2.500
-1.492,-1.147,2.500
-1.494,-1.159,2.500
-1.490,-1.165,2.500
-1.395,-1.099,2.500
-1.390,-1.105,2.500
-1.558,-1.247,2.500
-1.559,-1.259,2.500
-1.370,-1.115,2.500
-1.523,-1.249,2.500
-1.361,-1.126,2.500
-1.357,-1.131,2.500
-1.332,-1.119,2.500
-1.238,-1.048,2.500
-1.247,-1.065,2.500
-1.250,-1.076,2.500
-1.260,-1.093,2.500
-1.390,-1.216,2.500
-1.244,-1.096,2.500
-1.240,-1.101,2.500
-1.215,-1.088,2.500
-1.238,-1.117,2.500
-1.320,-1.201,2.500
-1.162,-1.065,2.500
-1.291,-1.193,2.500
-1.286,-1.198,2.500
-1.095,-1.028,2.500
-1.118,-1.058,2.500
-1.213,-1.157,2.500
-1.090,-1.047,2.500
-1.072,-1.038,2.500
-1.180,-1.152,2.500
-1.176,-1.157,2.500
-1.177,-1.168,2.500
-1.160,-1.160,2.500
-1.175,-1.183,2.500
-1.151,-1.169,2.500
-1.165,-1.193,2.500
-1.279,-1.320,2.500
-1.131,-1.175,2.500
-1.164,-1.219,2.500
-1.215,-1.283,2.500
-1.396,-1.486,2.500
-1.372,-1.472,2.500
-1.199,-1.297,2.500
-1.194,-1.302,2.500
-1.177,-1.293,2.500
-1.184,-1.311,2.500
-1.173,-1.309,2.500
-1.168,-1.314,2.500
-1.175,-1.332,2.500
-1.152,-1.316,2.500
-1.331,-1.533,2.500
-1.217,-1.413,2.500
-1.205,-1.411,2.500
-1.194,-1.409,2.500
-1.126,-1.338,2.500
-1.228,-1.472,2.500
-1.211,-1.463,2.500
-1.205,-1.468,2.500
-1.177,-1.446,2.500
-1.194,-1.478,2.500
-1.344,-1.677,2.500
-1.322,-1.663,2.500
-1.193,-1.512,2.500
-1.160,-1.482,2.500
-1.154,-1.487,2.500
-1.159,-1.505,2.500
-1.142,-1.496,2.500
-1.136,-1.500,2.500
-1.204,-1.602,2.500
-1.066,-1.431,2.500
-1.124,-1.521,2.500
-1.039,-1.418,2.500
-1.044,-1.436,2.500
-1.116,-1.548,2.500
-1.028,-1.437,2.500
-1.017,-1.434,2.500
-1.032,-1.467,2.500
-1.016,-1.456,2.500
-1.015,-1.468,2.500
-1.034,-1.508,2.500
-1.122,-1.650,2.500
-1.130,-1.676,2.500
-0.992,-1.484,2.500
-0.971,-1.465,2.500
-1.110,-1.689,2.500
-1.104,-1.694,2.500
-0.968,-1.499,2.500
-0.934,-1.457,2.500
-0.957,-1.506,2.500
-0.936,-1.487,2.500
-1.079,-1.730,2.500
-1.059,-1.712,2.500
-0.928,-1.514,2.500
-0.913,-1.502,2.500
-0.912,-1.513,2.500
-0.901,-1.509,2.500
-0.909,-1.536,2.500
-1.031,-1.759,2.500
-1.020,-1.755,2.500
-1.005,-1.744,2.500
-0.985,-1.726,2.500
-0.987,-1.744,2.500
-0.851,-1.518,2.500
-0.858,-1.545,2.500
-0.843,-1.532,2.500
-0.854,-1.567,2.500
-0.839,-1.555,2.500
-0.838,-1.566,2.500
-0.938,-1.771,2.500
-0.923,-1.759,2.500
-0.815,-1.567,2.500
-0.805,-1.563,2.500
-0.803,-1.574,2.500
-0.896,-1.774,2.500
-0.778,-1.556,2.500
-0.788,-1.591,2.500
-0.790,-1.610,2.500
-0.772,-1.589,2.500
-0.765,-1.592,2.500
-0.767,-1.611,2.500
-0.745,-1.582,2.500
-0.765,-1.642,2.500
-0.847,-1.835,2.500
-0.829,-1.815,2.500
-0.735,-1.626,2.500
-0.811,-1.814,2.500
-0.697,-1.574,2.500
-0.705,-1.610,2.500
-0.706,-1.629,2.500
-0.717,-1.673,2.500
-0.700,-1.651,2.500
-0.687,-1.638,2.500
-0.724,-1.747,2.500
-0.677,-1.651,2.500
-0.707,-1.744,2.500
-0.752,-1.876,2.500
-0.738,-1.863,2.500
-0.683,-1.744,2.500
-0.708,-1.828,2.500
-0.723,-1.888,2.500
-0.663,-1.752,2.500
-0.662,-1.771,2.500
-0.618,-1.674,2.500
-0.606,-1.660,2.500
-0.647,-1.795,2.500
-0.637,-1.790,2.500
-0.544,-1.547,2.500
-0.544,-1.567,2.500
-0.535,-1.560,2.500
-0.523,-1.545,2.500
-0.525,-1.573,2.500
-0.519,-1.575,2.500
-0.524,-1.611,2.500
-0.496,-1.544,2.500
-0.568,-1.794,2.500
-0.569,-1.822,2.500
-0.544,-1.765,2.500
-0.547,-1.801,2.500
-0.465,-1.554,2.500
-0.470,-1.590,2.500
-0.456,-1.566,2.500
-0.450,-1.568,2.500
-0.451,-1.596,2.500
-0.440,-1.580,2.500
-0.431,-1.573,2.500
-0.425,-1.575,2.500
-0.419,-1.576,2.500
-0.412,-1.578,2.500
-0.409,-1.588,2.500
-0.393,-1.555,2.500
-0.452,-1.818,2.500
-0.390,-1.593,2.500
-0.384,-1.595,2.500
-0.381,-1.614,2.500
-0.430,-1.850,2.500
-0.417,-1.826,2.500
-0.415,-1.854,2.500
-0.402,-1.830,2.500
-0.401,-1.857,2.500
-0.390,-1.841,2.500
-0.386,-1.860,2.500
-0.373,-1.836,2.500
-0.314,-1.573,2.500
-0.314,-1.610,2.500
-0.306,-1.602,2.500
-0.298,-1.594,2.500
-0.294,-1.604,2.500
-0.292,-1.632,2.500
-0.283,-1.616,2.500
-0.284,-1.661,2.500
-0.327,-1.960,2.500
-0.300,-1.840,2.500
-0.297,-1.867,2.500
-0.293,-1.895,2.500
-0.240,-1.595,2.500
-0.272,-1.853,2.500
-0.267,-1.872,2.500
-0.229,-1.652,2.500
-0.219,-1.625,2.500
-0.216,-1.653,2.500
-0.209,-1.645,2.500
-0.200,-1.628,2.500
-0.195,-1.638,2.500
-0.189,-1.648,2.500
-0.180,-1.621,2.500
-0.171,-1.604,2.500
-0.169,-1.641,2.500
-0.163,-1.650,2.500
-0.155,-1.633,2.500
-0.150,-1.642,2.500
-0.144,-1.652,2.500
-0.136,-1.634,2.500
-0.131,-1.653,2.500
-0.122,-1.626,2.500
-0.118,-1.654,2.500
-0.113,-1.682,2.500
-0.105,-1.655,2.500
-0.099,-1.664,2.500
-0.091,-1.647,2.500
-0.098,-1.897,2.500
-0.077,-1.620,2.500
-0.072,-1.648,2.500
-0.066,-1.666,2.500
-0.058,-1.630,2.500
-0.053,-1.657,2.500
-0.048,-1.721,2.500
-0.046,-1.890,2.500
-0.038,-1.899,2.500
-0.031,-1.882,2.500
-0.023,-1.882,2.500
-0.014,-1.631,2.500
-0.007,-1.613,2.500
-0.001,-1.631,2.500
0.006,-1.640,2.500
0.012,-1.667,2.500
0.018,-1.631,2.500
0.025,-1.658,2.500
0.031,-1.649,2.500
0.038,-1.631,2.500
0.045,-1.667,2.500
0.050,-1.630,2.500
0.066,-1.890,2.500
0.073,-1.881,2.500
0.070,-1.629,2.500
0.077,-1.647,2.500
0.083,-1.638,2.500
0.091,-1.665,2.500
0.096,-1.637,2.500
0.103,-1.646,2.500
0.109,-1.637,2.500
0.133,-1.895,2.500
0.122,-1.645,2.500
0.142,-1.824,2.500
0.133,-1.616,2.500
0.140,-1.625,2.500
0.148,-1.643,2.500
0.155,-1.651,2.500
0.160,-1.632,2.500
0.167,-1.641,2.500
0.174,-1.640,2.500
0.179,-1.630,2.500
0.215,-1.887,2.500
0.226,-1.921,2.500
0.199,-1.637,2.500
0.234,-1.859,2.500
0.244,-1.884,2.500
0.253,-1.892,2.500
0.259,-1.882,2.500
0.233,-1.642,2.500
0.238,-1.632,2.500
0.243,-1.622,2.500
0.285,-1.852,2.500
0.260,-1.647,2.500
0.268,-1.655,2.500
0.268,-1.618,2.500
0.272,-1.599,2.500
0.286,-1.643,2.500
0.287,-1.615,2.500
0.292,-1.605,2.500
0.297,-1.594,2.500
0.310,-1.629,2.500
0.314,-1.619,2.500
0.317,-1.600,2.500
0.377,-1.862,2.500
0.339,-1.642,2.500
0.340,-1.614,2.500
0.346,-1.612,2.500
0.350,-1.602,2.500
0.357,-1.601,2.500
0.369,-1.626,2.500
0.369,-1.598,2.500
0.380,-1.614,2.500
0.384,-1.604,2.500
0.395,-1.620,2.500
0.403,-1.627,2.500
0.410,-1.626,2.500
0.409,-1.598,2.500
0.420,-1.614,2.500
0.424,-1.603,2.500
0.495,-1.843,2.500
0.601,-2.203,2.500
0.503,-1.814,2.500
0.452,-1.605,2.500
0.443,-1.551,2.500
0.464,-1.602,2.500
0.473,-1.608,2.500
0.479,-1.607,2.500
0.586,-1.935,2.500
0.591,-1.924,2.500
0.601,-1.930,2.500
0.603,-1.911,2.500
0.621,-1.942,2.500
0.621,-1.915,2.500
0.644,-1.961,2.500
0.633,-1.902,2.500
0.649,-1.924,2.500
0.571,-1.672,2.500
0.653,-1.886,2.500
0.663,-1.891,2.500
0.673,-1.897,2.500
0.618,-1.721,2.500
0.604,-1.660,2.500
0.617,-1.675,2.500
0.614,-1.647,2.500
0.713,-1.891,2.500
0.718,-1.881,2.500
0.640,-1.656,2.500
0.633,-1.621,2.500
0.662,-1.676,2.500
0.652,-1.632,2.500
0.665,-1.646,2.500
0.672,-1.644,2.500
0.682,-1.649,2.500
0.678,-1.622,2.500
0.688,-1.627,2.500
0.698,-1.633,2.500
0.700,-1.622,2.500
0.760,-1.741,2.500
0.813,-1.842,2.500
0.777,-1.743,2.500
0.777,-1.724,2.500
0.784,-1.721,2.500
0.783,-1.702,2.500
0.808,-1.739,2.500
0.811,-1.727,2.500
0.818,-1.724,2.500
0.892,-1.862,2.500
0.711,-1.468,2.500
0.692,-1.416,2.500
0.669,-1.355,2.500
0.670,-1.344,2.500
0.684,-1.358,2.500
0.689,-1.355,2.500
0.703,-1.369,2.500
0.687,-1.325,2.500
0.705,-1.347,2.500
0.706,-1.336,2.500
0.645,-1.209,2.500
0.650,-1.206,2.500
0.664,-1.220,2.500
0.677,-1.234,2.500
0.719,-1.297,2.500
0.733,-1.311,2.500
0.612,-1.085,2.500
0.626,-1.099,2.500
0.635,-1.105,2.500
0.767,-1.323,2.500
0.740,-1.264,2.500
0.716,-1.213,2.500
0.706,-1.185,2.500
0.691,-1.150,2.500
0.706,-1.164,2.500
0.563,-0.921,2.500
0.659,-1.068,2.500
0.513,-0.823,2.500
0.510,-0.813,2.500
0.519,-0.819,2.500
0.522,-0.817,2.500
0.520,-0.807,2.500
0.523,-0.805,2.500
0.667,-1.017,2.500
0.535,-0.809,2.500
0.533,-0.798,2.500
0.553,-0.821,2.500
0.639,-0.942,2.500
0.456,-0.666,2.500
0.647,-0.937,2.500
0.633,-0.910,2.500
0.631,-0.900,2.500
0.635,-0.897,2.500
0.644,-0.903,2.500
0.601,-0.836,2.500
0.486,-0.670,2.500
0.476,-0.652,2.500
0.405,-0.549,2.500
0.414,-0.556,2.500
0.416,-0.555,2.500
0.412,-0.545,2.500
0.407,-0.535,2.500
0.572,-0.745,2.500
0.418,-0.540,2.500
0.401,-0.513,2.500
0.416,-0.528,2.500
0.411,-0.518,2.500
0.387,-0.484,2.500
0.422,-0.523,2.500
0.424,-0.522,2.500
0.426,-0.520,2.500
0.395,-0.478,2.500
0.437,-0.525,2.500
0.452,-0.539,2.500
0.434,-0.513,2.500
0.550,-0.645,2.500
0.559,-0.651,2.500
0.522,-0.602,2.500
0.511,-0.585,2.500
0.540,-0.614,2.500
0.556,-0.627,2.500
0.552,-0.617,2.500
0.547,-0.607,2.500
0.550,-0.605,2.500
0.559,-0.610,2.500
0.759,-0.822,2.500
0.647,-0.695,2.500
0.799,-0.852,2.500
0.687,-0.727,2.500
0.655,-0.688,2.500
0.672,-0.700,2.500
0.702,-0.726,2.500
0.856,-0.878,2.500
0.880,-0.895,2.500
0.801,-0.809,2.500
0.671,-0.672,2.500
0.773,-0.768,2.500
0.683,-0.674,2.500
0.793,-0.776,2.500
0.789,-0.766,2.500
0.713,-0.687,2.500
0.730,-0.698,2.500
0.798,-0.756,2.500
0.815,-0.767,2.500
0.782,-0.730,2.500
0.843,-0.780,2.500
1.023,-0.940,2.500
1.020,-0.929,2.500
0.815,-0.737,2.500
0.833,-0.747,2.500
0.814,-0.724,2.500
1.027,-0.907,2.500
0.819,-0.718,2.500
0.837,-0.728,2.500
0.870,-0.750,2.500
0.850,-0.727,2.500
0.815,-0.692,2.500
0.871,-0.733,2.500
0.874,-0.730,2.500
0.839,-0.695,2.500
0.910,-0.748,2.500
1.077,-0.878,2.500
1.080,-0.874,2.500
1.186,-0.952,2.500
1.131,-0.901,2.500
1.000,-0.790,2.500
0.865,-0.678,2.500
0.891,-0.693,2.500
0.863,-0.665,2.500
0.858,-0.656,2.500
0.962,-0.729,2.500
0.926,-0.696,2.500
0.865,-0.646,2.500
0.884,-0.654,2.500
0.910,-0.668,2.500
1.077,-0.784,2.500
1.293,-0.933,2.500
0.902,-0.646,2.500
0.904,-0.642,2.500
1.011,-0.712,2.500
1.037,-0.724,2.500
1.032,-0.715,2.500
1.043,-0.716,2.500
1.241,-0.845,2.500
1.283,-0.866,2.500
1.263,-0.846,2.500
1.236,-0.820,2.500
1.041,-0.685,2.500
1.067,-0.697,2.500
1.030,-0.666,2.500
1.040,-0.667,2.500
1.051,-0.668,2.500
1.029,-0.649,2.500
1.073,-0.670,2.500
1.034,-0.641,2.500
1.094,-0.672,2.500
1.291,-0.786,2.500
1.443,-0.871,2.500
1.313,-0.785,2.500
1.088,-0.645,2.500
1.066,-0.626,2.500
1.077,-0.627,2.500
1.062,-0.613,2.500
1.073,-0.613,2.500
1.075,-0.609,2.500
1.095,-0.614,2.500
1.072,-0.596,2.500
1.083,-0.597,2.500
1.119,-0.611,2.500
1.113,-0.602,2.500
1.098,-0.588,2.500
1.109,-0.589,2.500
1.103,-0.580,2.500
1.365,-0.711,2.500
1.318,-0.680,2.500
1.127,-0.575,2.500
1.298,-0.657,2.500
1.096,-0.549,2.500
1.125,-0.558,2.500
1.075,-0.528,2.500
1.325,-0.645,2.500
1.157,-0.557,2.500
1.133,-0.540,2.500
1.127,-0.532,2.500
1.129,-0.527,2.500
1.166,-0.539,2.500
1.142,-0.522,2.500
1.377,-0.623,2.500
1.354,-0.606,2.500
1.139,-0.505,2.500
1.150,-0.504,2.500
1.143,-0.496,2.500
1.100,-0.472,2.500
1.138,-0.483,2.500
1.113,-0.467,2.500
1.344,-0.558,2.500
1.170,-0.481,2.500
1.409,-0.572,2.500
1.165,-0.468,2.500
1.404,-0.558,2.500
1.424,-0.559,2.500
1.409,-0.547,2.500
1.420,-0.544,2.500
1.387,-0.526,2.500
1.406,-0.527,2.500
1.141,-0.422,2.500
1.428,-0.522,2.500
1.190,-0.430,2.500
1.164,-0.415,2.500
1.202,-0.424,2.500
1.213,-0.422,2.500
1.196,-0.411,2.500
1.171,-0.397,2.500
1.236,-0.414,2.500
1.174,-0.388,2.500
1.294,-0.422,2.500
1.167,-0.376,2.500
1.178,-0.374,2.500
1.216,-0.381,2.500
1.444,-0.446,2.500
1.569,-0.478,2.500
1.165,-0.350,2.500
1.359,-0.402,2.500
1.196,-0.349,2.500
1.188,-0.341,2.500
1.226,-0.347,2.500
1.473,-0.411,2.500
1.564,-0.430,2.500
1.423,-0.385,2.500
1.576,-0.420,2.500
1.587,-0.416,2.500
1.472,-0.380,2.500
1.474,-0.374,2.500
1.662,-0.415,2.500
1.548,-0.380,2.500
1.761,-0.425,2.500
1.578,-0.374,2.500
1.517,-0.353,2.500
1.345,-0.308,2.500
1.374,-0.309,2.500
1.619,-0.357,2.500
1.612,-0.349,2.500
1.604,-0.341,2.500
1.615,-0.336,2.500
1.598,-0.326,2.500
1.590,-0.318,2.500
1.289,-0.253,2.500
1.374,-0.264,2.500
1.375,-0.258,2.500
1.320,-0.243,2.500
1.349,-0.242,2.500
1.359,-0.239,2.500
1.378,-0.237,2.500
1.389,-0.233,2.500
1.333,-0.218,2.500
1.353,-0.216,2.500
1.345,-0.209,2.500
1.345,-0.204,2.500
1.402,-0.207,2.500
1.338,-0.192,2.500
1.366,-0.191,2.500
1.643,-0.223,2.500
1.617,-0.213,2.500
1.672,-0.213,2.500
1.610,-0.199,2.500
1.379,-0.165,2.500
1.638,-0.189,2.500
1.399,-0.156,2.500
1.353,-0.146,2.500
1.391,-0.144,2.500
1.392,-0.139,2.500
1.364,-0.131,2.500
1.412,-0.129,2.500
1.643,-0.144,2.500
1.616,-0.135,2.500
1.580,-0.126,2.500
1.395,-0.106,2.500
1.395,-0.100,2.500
1.377,-0.094,2.500
1.386,-0.089,2.500
1.387,-0.083,2.500
1.619,-0.091,2.500
1.629,-0.085,2.500
1.369,-0.066,2.500
1.378,-0.061,2.500
1.379,-0.056,2.500
1.657,-0.061,2.500
1.621,-0.053,2.500
1.389,-0.040,2.500
1.398,-0.035,2.500
1.389,-0.029,2.500
1.408,-0.024,2.500
1.649,-0.021,2.500
1.380,-0.012,2.500
1.370,-0.007,2.500
1.313,-0.002,3.000
1.389,0.004,3.000
1.370,0.009,3.000
1.361,0.014,3.000
1.483,0.022,3.000
1.622,0.030,3.000
1.389,0.031,3.000
1.408,0.037,3.000
1.639,0.050,3.000
1.694,0.058,3.000
1.360,0.052,3.000
1.331,0.056,3.000
1.388,0.064,3.000
1.387,0.069,3.000
1.638,0.088,3.000
1.406,0.081,3.000
1.637,0.101,3.000
1.655,0.109,3.000
1.627,0.113,3.000
1.617,0.119,3.000
1.599,0.124,3.000
1.385,0.113,3.000
1.688,0.144,3.000
1.477,0.132,3.000
1.514,0.141,3.000
1.383,0.134,3.000
1.503,0.152,3.000
1.512,0.159,3.000
1.639,0.179,3.000
1.747,0.198,3.000
1.593,0.186,3.000
1.509,0.183,3.000
1.472,0.184,3.000
1.508,0.195,3.000
1.479,0.197,3.000
1.497,0.205,3.000
1.606,0.227,3.000
1.757,0.255,3.000
1.504,0.224,3.000
1.420,0.217,3.000
1.529,0.240,3.000
1.501,0.242,3.000
1.500,0.248,3.000
1.508,0.255,3.000
1.507,0.261,3.000
1.497,0.265,3.000
1.514,0.275,3.000
1.504,0.279,3.000
1.745,0.330,3.000
1.717,0.332,3.000
1.455,0.287,3.000
1.490,0.301,3.000
1.489,0.306,3.000
1.479,0.310,3.000
1.550,0.332,3.000
1.467,0.320,3.000
1.716,0.381,3.000
1.844,0.417,3.000
1.730,0.399,3.000
1.720,0.403,3.000
1.718,0.410,3.000
1.725,0.419,3.000
1.485,0.367,3.000
1.466,0.368,3.000
1.473,0.376,3.000
1.445,0.375,3.000
1.488,0.392,3.000
1.469,0.394,3.000
1.731,0.471,3.000
1.677,0.463,3.000
1.535,0.431,3.000
1.462,0.417,3.000
1.689,0.488,3.000
1.798,0.527,3.000
1.528,0.455,3.000
1.570,0.474,3.000
1.586,0.486,3.000
1.549,0.481,3.000
1.547,0.487,3.000
1.597,0.510,3.000
1.561,0.505,3.000
1.576,0.517,3.000
1.794,0.596,3.000
1.792,0.603,3.000
1.781,0.607,3.000
1.762,0.609,3.000
1.522,0.532,3.000
1.537,0.544,3.000
1.535,0.550,3.000
1.525,0.553,3.000
1.548,0.569,3.000
1.537,0.572,3.000
1.761,0.663,3.000
1.767,0.673,3.000
1.764,0.680,3.000
1.646,0.642,3.000
1.517,0.598,3.000
1.532,0.611,3.000
1.546,0.624,3.000
1.544,0.630,3.000
1.525,0.629,3.000
1.647,0.687,3.000
1.528,0.645,3.000
1.500,0.640,3.000
1.506,0.649,3.000
1.495,0.652,3.000
1.509,0.665,3.000
1.507,0.671,3.000
1.487,0.669,3.000
1.518,0.690,3.000
1.884,0.865,3.000
1.747,0.811,3.000
1.608,0.754,3.000
1.701,0.806,3.000
1.618,0.774,3.000
1.468,0.710,3.000
1.809,0.883,3.000
1.790,0.882,3.000
1.581,0.787,3.000
1.578,0.794,3.000
1.583,0.804,3.000
1.572,0.806,3.000
1.585,0.820,3.000
1.550,0.810,3.000
1.547,0.816,3.000
1.599,0.852,3.000
1.750,0.941,3.000
1.769,0.960,3.000
1.534,0.840,3.000
1.569,0.868,3.000
1.535,0.857,3.000
1.858,1.047,3.000
1.674,0.952,3.000
1.540,0.884,3.000
1.575,0.912,3.000
1.533,0.896,3.000
1.583,0.933,3.000
1.685,1.002,3.000
1.538,0.923,3.000
1.519,0.920,3.000
1.500,0.916,3.000
1.504,0.927,3.000
1.583,0.984,3.000
1.720,1.079,3.000
1.723,1.090,3.000
1.733,1.106,3.000
1.656,1.066,3.000
1.717,1.115,3.000
1.364,0.893,3.000
1.384,0.914,3.000
1.357,0.904,3.000
1.346,0.904,3.000
1.365,0.925,3.000
1.354,0.925,3.000
1.521,1.048,3.000
1.574,1.094,3.000
1.351,0.946,3.000
1.249,0.883,3.000
1.446,1.030,3.000
1.442,1.036,3.000
1.171,0.848,3.000
1.441,1.052,3.000
1.415,1.042,3.000
1.206,0.895,3.000
1.393,1.043,3.000
1.316,0.993,3.000
1.075,0.818,3.000
1.080,0.828,3.000
1.091,0.844,3.000
1.088,0.848,3.000
1.107,0.870,3.000
1.096,0.869,3.000
1.085,0.867,3.000
1.097,0.883,3.000
1.173,0.952,3.000
1.184,0.969,3.000
1.173,0.967,3.000
1.162,0.966,3.000
0.970,0.813,3.000
0.937,0.791,3.000
0.956,0.814,3.000
0.945,0.811,3.000
0.935,0.809,3.000
0.946,0.825,3.000
0.943,0.829,3.000
1.068,0.946,3.000
0.915,0.817,3.000
0.919,0.827,3.000
0.887,0.804,3.000
0.833,0.762,3.000
0.994,0.916,3.000
1.032,0.958,3.000
0.986,0.923,3.000
1.010,0.953,3.000
0.782,0.744,3.000
0.758,0.726,3.000
0.805,0.777,3.000
0.809,0.787,3.000
0.792,0.777,3.000
0.816,0.808,3.000
0.799,0.797,3.000
0.980,0.985,3.000
1.029,1.042,3.000
1.038,1.059,3.000
0.868,0.893,3.000
0.838,0.869,3.000
0.841,0.879,3.000
0.844,0.889,3.000
0.867,0.921,3.000
0.851,0.910,3.000
1.008,1.088,3.000
1.029,1.119,3.000
0.840,0.920,3.000
0.862,0.952,3.000
0.833,0.927,3.000
0.829,0.930,3.000
0.920,1.041,3.000
0.929,1.058,3.000
0.937,1.076,3.000
0.914,1.059,3.000
1.067,1.245,3.000
1.056,1.243,3.000
0.883,1.047,3.000
1.017,1.216,3.000
0.965,1.163,3.000
0.913,1.109,3.000
1.135,1.389,3.000
1.112,1.373,3.000
1.090,1.356,3.000
1.113,1.395,3.000
1.079,1.365,3.000
1.102,1.404,3.000
0.888,1.141,3.000
1.024,1.327,3.000
0.907,1.185,3.000
0.914,1.203,3.000
0.909,1.207,3.000
0.916,1.225,3.000
0.894,1.207,3.000
0.900,1.225,3.000
1.035,1.420,3.000
0.945,1.307,3.000
0.875,1.221,3.000
0.876,1.232,3.000
1.008,1.429,3.000
1.018,1.455,3.000
0.981,1.415,3.000
0.862,1.253,3.000
0.841,1.233,3.000
0.857,1.267,3.000
0.847,1.263,3.000
0.852,1.282,3.000
1.012,1.535,3.000
0.957,1.464,3.000
0.877,1.353,3.000
0.827,1.287,3.000
0.817,1.282,3.000
0.807,1.278,3.000
0.802,1.281,3.000
0.802,1.292,3.000
0.916,1.490,3.000
0.787,1.290,3.000
0.782,1.293,3.000
0.912,1.523,3.000
0.781,1.315,3.000
0.776,1.318,3.000
0.912,1.565,3.000
0.875,1.514,3.000
0.751,1.311,3.000
0.759,1.339,3.000
0.754,1.342,3.000
0.776,1.393,3.000
0.775,1.404,3.000
0.769,1.407,3.000
0.846,1.561,3.000
0.831,1.549,3.000
0.705,1.326,3.000
0.695,1.321,3.000
0.695,1.332,3.000
0.761,1.473,3.000
0.693,1.354,3.000
0.691,1.365,3.000
0.796,1.587,3.000
0.814,1.638,3.000
0.776,1.577,3.000
0.781,1.604,3.000
0.771,1.599,3.000
0.655,1.372,3.000
0.642,1.358,3.000
0.648,1.386,3.000
0.647,1.397,3.000
0.714,1.557,3.000
0.733,1.617,3.000
0.694,1.546,3.000
0.713,1.606,3.000
0.725,1.650,3.000
0.650,1.496,3.000
0.655,1.523,3.000
0.606,1.425,3.000
0.586,1.393,3.000
0.686,1.648,3.000
0.666,1.617,3.000
0.570,1.400,3.000
0.568,1.410,3.000
0.562,1.413,3.000
0.546,1.389,3.000
0.544,1.400,3.000
0.542,1.411,3.000
0.533,1.404,3.000
0.531,1.415,3.000
0.664,1.789,3.000
0.660,1.800,3.000
0.595,1.644,3.000
0.619,1.731,3.000
0.543,1.538,3.000
0.498,1.427,3.000
0.495,1.438,3.000
0.489,1.440,3.000
0.472,1.406,3.000
0.516,1.557,3.000
0.472,1.445,3.000
0.467,1.447,3.000
0.458,1.440,3.000
0.526,1.677,3.000
0.452,1.461,3.000
0.449,1.472,3.000
0.522,1.734,3.000
0.497,1.677,3.000
0.488,1.670,3.000
0.421,1.461,3.000
0.415,1.463,3.000
0.415,1.482,3.000
0.396,1.439,3.000
0.403,1.485,3.000
0.390,1.460,3.000
0.454,1.726,3.000
0.469,1.814,3.000
0.440,1.729,3.000
0.369,1.475,3.000
0.357,1.449,3.000
0.351,1.451,3.000
0.388,1.631,3.000
0.386,1.650,3.000
0.371,1.616,3.000
0.416,1.845,3.000
0.409,1.846,3.000
0.340,1.567,3.000
0.344,1.613,3.000
0.315,1.506,3.000
0.327,1.598,3.000
0.310,1.545,3.000
0.320,1.627,3.000
0.303,1.575,3.000
0.307,1.630,3.000
0.299,1.622,3.000
0.293,1.623,3.000
0.290,1.642,3.000
0.282,1.634,3.000
0.317,1.882,3.000
0.315,1.918,3.000
0.298,1.858,3.000
0.290,1.860,3.000
0.249,1.639,3.000
0.242,1.631,3.000
0.235,1.632,3.000
0.229,1.633,3.000
0.252,1.847,3.000
0.272,2.055,3.000
0.209,1.627,3.000
0.202,1.628,3.000
0.194,1.610,3.000
0.201,1.728,3.000
0.213,1.897,3.000
0.178,1.640,3.000
0.171,1.640,3.000
0.165,1.641,3.000
0.184,1.908,3.000
0.175,1.892,3.000
0.144,1.625,3.000
0.138,1.634,3.000
0.153,1.894,3.000
0.144,1.885,3.000
0.118,1.627,3.000
0.112,1.636,3.000
0.107,1.655,3.000
0.103,1.692,3.000
0.092,1.619,3.000
0.086,1.620,3.000
0.094,1.924,3.000
0.085,1.889,3.000
0.079,1.916,3.000
0.070,1.890,3.000
0.053,1.593,3.000
0.048,1.649,3.000
0.041,1.630,3.000
0.035,1.649,3.000
0.029,1.649,3.000
0.022,1.649,3.000
0.019,1.908,3.000
0.011,1.891,3.000
0.003,1.640,3.000
-0.003,1.640,3.000
-0.010,1.640,3.000
-0.017,1.667,3.000
-0.023,1.640,3.000
-0.029,1.640,3.000
-0.036,1.658,3.000
-0.047,1.837,3.000
-0.049,1.649,3.000
-0.055,1.630,3.000
-0.062,1.648,3.000
-0.068,1.639,3.000
-0.074,1.629,3.000
-0.082,1.656,3.000
-0.087,1.638,3.000
-0.092,1.619,3.000
-0.100,1.646,3.000
-0.105,1.618,3.000
-0.111,1.609,3.000
-0.122,1.681,3.000
-0.125,1.626,3.000
-0.132,1.635,3.000
-0.139,1.643,3.000
-0.142,1.597,3.000
-0.150,1.615,3.000
-0.158,1.633,3.000
-0.165,1.641,3.000
-0.171,1.640,3.000
-0.179,1.649,3.000
-0.183,1.630,3.000
-0.190,1.629,3.000
-0.194,1.610,3.000
-0.201,1.619,3.000
-0.209,1.627,3.000
-0.219,1.653,3.000
-0.220,1.616,3.000
-0.228,1.624,3.000
-0.234,1.623,3.000
-0.239,1.613,3.000
-0.243,1.594,3.000
-0.253,1.620,3.000
-0.281,1.753,3.000
-0.307,1.866,3.000
-0.313,1.856,3.000
-0.321,1.863,3.000
-0.285,1.615,3.000
-0.339,1.878,3.000
-0.293,1.586,3.000
-0.319,1.692,3.000
-0.311,1.610,3.000
-0.346,1.760,3.000
-0.350,1.741,3.000
-0.357,1.739,3.000
-0.364,1.738,3.000
-0.374,1.754,3.000
-0.373,1.718,3.000
-0.384,1.734,3.000
-0.387,1.715,3.000
-0.400,1.739,3.000
-0.404,1.729,3.000
-0.409,1.719,3.000
-0.426,1.760,3.000
-0.429,1.741,3.000
-0.427,1.705,3.000
-0.436,1.712,3.000
-0.447,1.728,3.000
-0.505,1.922,3.000
-0.515,1.928,3.000
-0.532,1.959,3.000
-0.530,1.924,3.000
-0.533,1.905,3.000
-0.485,1.708,3.000
-0.477,1.654,3.000
-0.558,1.907,3.000
-0.573,1.930,3.000
-0.578,1.919,3.000
-0.596,1.950,3.000
-0.523,1.688,3.000
-0.529,1.685,3.000
-0.536,1.683,3.000
-0.532,1.647,3.000
-0.535,1.636,3.000
-0.553,1.668,3.000
-0.568,1.692,3.000
-0.569,1.673,3.000
-0.581,1.687,3.000
-0.579,1.660,3.000
-0.597,1.691,3.000
-0.684,1.911,3.000
-0.668,1.844,3.000
-0.699,1.906,3.000
-0.706,1.903,3.000
-0.759,2.020,3.000
-0.776,2.041,3.000
-0.775,2.014,3.000
-0.770,1.980,3.000
-0.787,2.000,3.000
-0.798,2.005,3.000
-0.784,1.947,3.000
-0.817,2.006,3.000
-0.743,1.805,3.000
-0.727,1.746,3.000
-0.744,1.767,3.000
-0.832,1.954,3.000
-0.751,1.745,3.000
-0.747,1.718,3.000
-0.768,1.747,3.000
-0.768,1.728,3.000
-0.778,1.733,3.000
-0.785,1.730,3.000
-0.792,1.727,3.000
-0.813,1.755,3.000
-0.805,1.721,3.000
-0.805,1.701,3.000
-0.819,1.714,3.000
-0.814,1.687,3.000
-0.840,1.723,3.000
-0.847,1.720,3.000
-0.853,1.717,3.000
-0.864,1.721,3.000
-0.964,1.902,3.000
-0.874,1.707,3.000
-0.864,1.672,3.000
-0.863,1.653,3.000
-0.877,1.665,3.000
-0.880,1.654,3.000
-0.964,1.796,3.000
-0.955,1.762,3.000
-0.954,1.743,3.000
-1.035,1.874,3.000
-0.992,1.781,3.000
-1.004,1.784,3.000
-0.998,1.758,3.000
-1.009,1.762,3.000
-1.012,1.750,3.000
-1.134,1.944,3.000
-1.030,1.750,3.000
-1.162,1.956,3.000
-1.035,1.727,3.000
-1.151,1.904,3.000
-1.066,1.748,3.000
-1.059,1.722,3.000
-1.057,1.703,3.000
-1.073,1.713,3.000
-1.066,1.687,3.000
-1.086,1.705,3.000
-1.112,1.729,3.000
-1.100,1.696,3.000
-1.125,1.721,3.000
-1.253,1.899,3.000
-1.134,1.705,3.000
-1.267,1.889,3.000
-1.176,1.738,3.000
-1.292,1.893,3.000
-1.204,1.750,3.000
-1.349,1.944,3.000
-1.223,1.747,3.000
-1.354,1.920,3.000
-1.236,1.738,3.000
-1.258,1.753,3.000
-1.401,1.937,3.000
-1.267,1.737,3.000
-1.411,1.919,3.000
-1.419,1.913,3.000
-1.475,1.973,3.000
-1.314,1.744,3.000
-1.300,1.712,3.000
-1.307,1.706,3.000
-1.329,1.721,3.000
-1.463,1.879,3.000
-1.290,1.644,3.000
-1.339,1.692,3.000
-1.490,1.868,3.000
-1.400,1.741,3.000
-1.495,1.844,3.000
-1.418,1.736,3.000
-1.566,1.901,3.000
-1.432,1.725,3.000
-1.555,1.858,3.000
-1.381,1.636,3.000
-1.392,1.637,3.000
-1.388,1.619,3.000
-1.411,1.633,3.000
-1.423,1.634,3.000
-1.396,1.590,3.000
-1.419,1.604,3.000
-1.414,1.585,3.000
-1.426,1.586,3.000
-1.432,1.580,3.000
-1.444,1.581,3.000
-1.456,1.582,3.000
-1.603,1.728,3.000
-1.610,1.722,3.000
-1.611,1.710,3.000
-1.612,1.697,3.000
-1.630,1.703,3.000
-1.637,1.697,3.000
-1.504,1.547,3.000
-1.499,1.529,3.000
-1.522,1.541,3.000
-1.511,1.517,3.000
-1.523,1.517,3.000
-1.516,1.499,3.000
-1.522,1.493,3.000
-1.534,1.493,3.000
-1.690,1.632,3.000
-1.755,1.682,3.000
-1.697,1.613,3.000
-1.643,1.550,3.000
-1.697,1.588,3.000
-1.557,1.445,3.000
-1.474,1.358,3.000
-1.498,1.370,3.000
-1.573,1.427,3.000
-1.490,1.340,3.000
-1.514,1.352,3.000
-1.616,1.431,3.000
-1.525,1.340,3.000
-1.601,1.396,3.000
-1.626,1.406,3.000
-1.802,1.546,3.000
-1.732,1.475,3.000
-1.876,1.584,3.000
-1.807,1.514,3.000
-1.724,1.433,3.000
-1.685,1.389,3.000
-1.863,1.523,3.000
-1.663,1.349,3.000
-1.668,1.342,3.000
-1.673,1.336,3.000
-1.678,1.329,3.000
-1.677,1.317,3.000
-1.682,1.311,3.000
-1.694,1.309,3.000
-1.712,1.313,3.000
-1.704,1.296,3.000
-1.689,1.274,3.000
-1.714,1.283,3.000
-1.713,1.271,3.000
-1.717,1.264,3.000
-1.736,1.267,3.000
-1.734,1.256,3.000
-1.753,1.259,3.000
-1.751,1.247,3.000
-1.919,1.355,3.000
-1.971,1.380,3.000
-1.903,1.321,3.000
-1.763,1.214,3.000
-1.851,1.264,3.000
-1.794,1.215,3.000
-1.868,1.254,3.000
-2.110,1.405,3.000
-2.042,1.348,3.000
-1.897,1.241,3.000
-2.080,1.349,3.000
-2.078,1.337,3.000
-1.904,1.214,3.000
-1.902,1.203,3.000
-1.921,1.204,3.000
-2.106,1.308,3.000
-2.124,1.309,3.000
-2.109,1.288,3.000
-2.128,1.288,3.000
-2.147,1.288,3.000
-2.124,1.263,3.000
-2.163,1.275,3.000
-2.141,1.250,3.000
-2.146,1.242,3.000
-2.164,1.241,3.000
-2.211,1.256,3.000
-2.146,1.208,3.000
-2.172,1.212,3.000
-2.070,1.144,3.000
-1.981,1.085,3.000
-2.179,1.182,3.000
-1.945,1.046,3.000
-2.209,1.176,3.000
-2.012,1.061,3.000
-2.226,1.163,3.000
-1.998,1.034,3.000
-2.017,1.034,3.000
-2.029,1.030,3.000
-2.215,1.113,3.000
-2.044,1.017,3.000
-2.224,1.096,3.000
-2.242,1.094,3.000
-2.232,1.078,3.000
-2.045,0.978,3.000
-2.241,1.061,3.000
-2.274,1.066,3.000
-2.003,0.929,3.000
-2.068,0.949,3.000
-2.079,0.945,3.000
-2.261,1.017,3.000
-2.063,0.918,3.000
-2.262,0.996,3.000
-2.071,0.902,3.000
-2.277,0.981,3.000
-2.093,0.892,3.000
-2.277,0.960,3.000
-2.069,0.863,3.000
-2.299,0.948,3.000
-2.076,0.847,3.000
-2.299,0.927,3.000
-2.082,0.830,3.000
-2.321,0.915,3.000
-2.104,0.820,3.000
-2.306,0.888,3.000
-2.111,0.803,3.000
-2.298,0.864,3.000
-2.294,0.852,3.000
-2.274,0.835,3.000
-2.338,0.848,3.000
-2.446,0.876,3.000
-2.222,0.786,3.000
-2.241,0.783,3.000
-2.197,0.758,3.000
-2.255,0.768,3.000
-2.061,0.693,3.000
-2.016,0.669,3.000
-2.035,0.666,3.000
-2.243,0.725,3.000
-2.136,0.681,3.000
-2.034,0.640,3.000
-2.004,0.622,3.000
-2.047,0.626,3.000
-2.042,0.616,3.000
-2.068,0.615,3.000
-2.055,0.602,3.000
-2.065,0.597,3.000
-2.092,0.595,3.000
-2.070,0.580,3.000
-2.080,0.574,3.000
-2.066,0.562,3.000
-2.052,0.549,3.000
-2.087,0.550,3.000
-2.081,0.540,3.000
-2.066,0.527,3.000
-2.052,0.515,3.000
-2.241,0.553,3.000
-2.283,0.554,3.000
-2.285,0.545,3.000
-2.311,0.542,3.000
-2.313,0.533,3.000
-2.291,0.518,3.000
-2.309,0.513,3.000
-2.303,0.502,3.000
-2.321,0.496,3.000
-2.331,0.489,3.000
-2.333,0.480,3.000
-2.303,0.464,3.000
-2.313,0.456,3.000
-2.315,0.447,3.000
-2.104,0.398,3.000
-2.114,0.391,3.000
-2.115,0.383,3.000
-2.133,0.378,3.000
-2.126,0.368,3.000
-2.324,0.393,3.000
-2.079,0.343,3.000
-2.139,0.344,3.000
-2.098,0.329,3.000
-2.116,0.324,3.000
-2.151,0.320,3.000
-2.127,0.308,3.000
-2.128,0.300,3.000
-2.138,0.293,3.000
-2.139,0.284,3.000
-2.123,0.274,3.000
-2.141,0.267,3.000
-2.159,0.261,3.000
-2.118,0.248,3.000
-2.128,0.240,3.000
-2.137,0.233,3.000
-2.121,0.223,3.000
-2.122,0.214,3.000
-2.156,0.209,3.000
-2.098,0.195,3.000
-2.133,0.190,3.000
-2.133,0.182,3.000
-2.134,0.173,3.000
-2.143,0.166,3.000
-2.161,0.158,3.000
-2.119,0.147,3.000
-2.369,0.155,3.000
-2.394,0.147,3.000
-2.354,0.135,3.000
-2.387,0.128,3.000
-2.121,0.105,3.000
-2.388,0.109,3.000
-2.131,0.089,3.000
-2.315,0.088,3.000
-2.131,0.072,3.000
-2.132,0.064,3.000
-2.397,0.063,3.000
-2.389,0.053,3.000
-2.422,0.044,3.000
-2.527,0.036,3.000
-2.132,0.022,3.000
-2.390,0.015,3.000
-2.124,0.005,3.000
-2.366,-0.003,3.000
-2.357,-0.013,3.000
-2.366,-0.022,3.000
-2.149,-0.028,3.000
-2.398,-0.041,3.000
-2.365,-0.050,3.000
-2.373,-0.059,3.000
-2.115,-0.061,3.000
-2.140,-0.070,3.000
-2.148,-0.079,3.000
-2.139,-0.087,3.000
-2.404,-0.107,3.000
-2.363,-0.115,3.000
-2.346,-0.123,3.000
-2.337,-0.132,3.000
-2.353,-0.142,3.000
-2.344,-0.151,3.000
-2.352,-0.160,3.000
-2.368,-0.171,3.000
-2.367,-0.180,3.000
-2.399,-0.192,3.000
-2.406,-0.202,3.000
-2.365,-0.208,3.000
-2.372,-0.218,3.000
-2.355,-0.226,3.000
-2.346,-0.234,3.000
-2.329,-0.242,3.000
-2.409,-0.260,3.000
-2.119,-0.237,3.000
-2.127,-0.246,3.000
-2.134,-0.256,3.000
-2.241,-0.277,3.000
-2.248,-0.287,3.000
-2.131,-0.281,3.000
-2.488,-0.338,3.000
-2.359,-0.330,3.000
-2.446,-0.351,3.000
-2.468,-0.365,3.000
-2.506,-0.380,3.000
-2.457,-0.383,3.000
-2.448,-0.391,3.000
-2.439,-0.399,3.000
-2.445,-0.410,3.000
-2.475,-0.425,3.000
-2.224,-0.391,3.000
-2.239,-0.403,3.000
-2.197,-0.404,3.000
-2.228,-0.419,3.000
-2.234,-0.429,3.000
-2.192,-0.430,3.000
-2.206,-0.442,3.000
-2.196,-0.449,3.000
-2.211,-0.461,3.000
-2.193,-0.466,3.000
-2.207,-0.478,3.000
-2.413,-0.533,3.000
-2.434,-0.547,3.000
-2.210,-0.506,3.000
-2.422,-0.565,3.000
-2.181,-0.518,3.000
-2.187,-0.528,3.000
-2.153,-0.529,3.000
-2.183,-0.545,3.000
-2.205,-0.560,3.000
-2.163,-0.558,3.000
-2.193,-0.575,3.000
-2.174,-0.579,3.000
-2.164,-0.586,3.000
-2.390,-0.657,3.000
-2.395,-0.669,3.000
-2.213,-0.627,3.000
-2.375,-0.683,3.000
-2.184,-0.638,3.000
-2.150,-0.637,3.000
-2.139,-0.643,3.000
-2.364,-0.720,3.000
-2.126,-0.657,3.000
-2.123,-0.665,3.000
-2.097,-0.666,3.000
-2.110,-0.679,3.000
-2.091,-0.682,3.000
-2.128,-0.704,3.000
-2.102,-0.704,3.000
-2.107,-0.715,3.000
-2.080,-0.715,3.000
-2.093,-0.729,3.000
-2.114,-0.745,3.000
-2.297,-0.820,3.000
-2.339,-0.845,3.000
-2.290,-0.838,3.000
-2.102,-0.779,3.000
-2.084,-0.781,3.000
-2.073,-0.786,3.000
-2.101,-0.806,3.000
-2.035,-0.790,3.000
-2.292,-0.901,3.000
-2.289,-0.910,3.000
-2.285,-0.918,3.000
-2.061,-0.838,3.000
-2.043,-0.840,3.000
-2.078,-0.864,3.000
-2.051,-0.862,3.000
-2.025,-0.860,3.000
-2.014,-0.865,3.000
-2.325,-1.010,3.000
-2.343,-1.028,3.000
-2.237,-0.992,3.000
-2.121,-0.951,3.000
-2.147,-0.973,3.000
-2.129,-0.974,3.000
-2.102,-0.972,3.000
-2.121,-0.991,3.000
-2.095,-0.989,3.000
-2.106,-1.004,3.000
-2.298,-1.107,3.000
-2.265,-1.102,3.000
-2.289,-1.125,3.000
-2.097,-1.041,3.000
-2.100,-1.053,3.000
-2.096,-1.061,3.000
-2.070,-1.058,3.000
-2.051,-1.058,3.000
-2.062,-1.074,3.000
-2.050,-1.078,3.000
-2.068,-1.098,3.000
-2.034,-1.090,3.000
-2.066,-1.118,3.000
-2.040,-1.114,3.000
-2.029,-1.118,3.000
-2.024,-1.126,3.000
-2.231,-1.253,3.000
-2.226,-1.262,3.000
-2.046,-1.170,3.000
-2.237,-1.291,3.000
-2.009,-1.170,3.000
-2.172,-1.276,3.000
-1.992,-1.181,3.000
-2.182,-1.306,3.000
-1.997,-1.206,3.000
-1.985,-1.209,3.000
-1.988,-1.221,3.000
-1.990,-1.233,3.000
-1.992,-1.245,3.000
-1.959,-1.236,3.000
-1.968,-1.252,3.000
-1.866,-1.197,3.000
-1.840,-1.191,3.000
-1.884,-1.230,3.000
-1.879,-1.238,3.000
-1.847,-1.226,3.000
-1.869,-1.252,3.000
-1.865,-1.260,3.000
-1.901,-1.295,3.000
-1.855,-1.274,3.000
-1.870,-1.296,3.000
-1.932,-1.350,3.000
-1.743,-1.228,3.000
-1.759,-1.250,3.000
-1.761,-1.262,3.000
-1.667,-1.204,3.000
-1.641,-1.195,3.000
-1.629,-1.196,3.000
-1.815,-1.344,3.000
-1.613,-1.204,3.000
-1.731,-1.303,3.000
-1.692,-1.284,3.000
-1.701,-1.301,3.000
-1.695,-1.307,3.000
-1.657,-1.288,3.000
-1.564,-1.226,3.000
-1.386,-1.095,3.000
-1.595,-1.270,3.000
-1.385,-1.112,3.000
-1.352,-1.095,3.000
-1.348,-1.100,3.000
-1.364,-1.122,3.000
-1.353,-1.122,3.000
-1.258,-1.052,3.000
-1.254,-1.057,3.000
-1.428,-1.213,3.000
-1.274,-1.090,3.000
-1.249,-1.077,3.000
-1.238,-1.076,3.000
-1.226,-1.075,3.000
-1.174,-1.037,3.000
-1.170,-1.042,3.000
-1.248,-1.120,3.000
-1.100,-0.995,3.000
-1.103,-1.006,3.000
-1.106,-1.016,3.000
-1.316,-1.219,3.000
-1.311,-1.224,3.000
-1.100,-1.036,3.000
-1.243,-1.179,3.000
-1.106,-1.057,3.000
-1.181,-1.138,3.000
-1.196,-1.162,3.000
-1.205,-1.179,3.000
-1.161,-1.145,3.000
-1.335,-1.327,3.000
-1.178,-1.180,3.000
-1.324,-1.337,3.000
-1.257,-1.279,3.000
-1.233,-1.265,3.000
-1.381,-1.428,3.000
-1.370,-1.427,3.000
-1.224,-1.286,3.000
-1.213,-1.284,3.000
-1.232,-1.315,3.000
-1.203,-1.294,3.000
-1.198,-1.299,3.000
-1.283,-1.401,3.000
-1.277,-1.406,3.000
-1.254,-1.392,3.000
-1.421,-1.590,3.000
-1.392,-1.570,3.000
-1.420,-1.614,3.000
-1.402,-1.607,3.000
-1.238,-1.429,3.000
-1.232,-1.434,3.000
-1.232,-1.446,3.000
-1.227,-1.451,3.000
-1.226,-1.462,3.000
-1.215,-1.460,3.000
-1.198,-1.451,3.000
-1.204,-1.470,3.000
-1.203,-1.481,3.000
-1.103,-1.369,3.000
-1.186,-1.484,3.000
-1.114,-1.405,3.000
-1.169,-1.486,3.000
-1.081,-1.386,3.000
-1.076,-1.390,3.000
-1.152,-1.500,3.000
-1.081,-1.420,3.000
-1.081,-1.431,3.000
-1.222,-1.632,3.000
-1.216,-1.636,3.000
-1.059,-1.437,3.000
-1.142,-1.562,3.000
-1.032,-1.423,3.000
-1.021,-1.420,3.000
-1.031,-1.446,3.000
-1.030,-1.457,3.000
-1.014,-1.446,3.000
-1.034,-1.487,3.000
-1.008,-1.462,3.000
-1.002,-1.466,3.000
-1.007,-1.484,3.000
-0.991,-1.473,3.000
-0.975,-1.462,3.000
-0.974,-1.474,3.000
-0.973,-1.485,3.000
-0.963,-1.481,3.000
-0.952,-1.478,3.000
-0.946,-1.481,3.000
-0.955,-1.508,3.000
-0.939,-1.496,3.000
-0.933,-1.500,3.000
-0.913,-1.481,3.000
-0.931,-1.522,3.000
-0.916,-1.511,3.000
-0.924,-1.537,3.000
-0.913,-1.533,3.000
-0.907,-1.537,3.000
-0.892,-1.525,3.000
-1.022,-1.764,3.000
-1.002,-1.745,3.000
-0.869,-1.528,3.000
-0.872,-1.547,3.000
-0.870,-1.558,3.000
-0.864,-1.561,3.000
-0.858,-1.565,3.000
-0.861,-1.584,3.000
-0.837,-1.556,3.000
-0.823,-1.543,3.000
-0.944,-1.787,3.000
-0.823,-1.573,3.000
-0.809,-1.561,3.000
-0.815,-1.588,3.000
-0.893,-1.756,3.000
-0.886,-1.759,3.000
-0.902,-1.809,3.000
-0.891,-1.805,3.000
-0.880,-1.801,3.000
-0.877,-1.812,3.000
-0.862,-1.800,3.000
-0.874,-1.842,3.000
-0.747,-1.591,3.000
-0.744,-1.602,3.000
-0.742,-1.613,3.000
-0.736,-1.616,3.000
-0.795,-1.764,3.000
-0.809,-1.815,3.000
-0.823,-1.865,3.000
-0.849,-1.947,3.000
-0.650,-1.506,3.000
-0.784,-1.835,3.000
-0.642,-1.519,3.000
-0.636,-1.522,3.000
-0.719,-1.739,3.000
-0.627,-1.535,3.000
-0.614,-1.521,3.000
-0.642,-1.607,3.000
-0.586,-1.483,3.000
-0.603,-1.545,3.000
-0.594,-1.539,3.000
-0.610,-1.600,3.000
-0.578,-1.535,3.000
-0.572,-1.537,3.000
-0.566,-1.539,3.000
-0.554,-1.524,3.000
-0.689,-1.919,3.000
-0.647,-1.823,3.000
-0.634,-1.809,3.000
-0.627,-1.812,3.000
-0.530,-1.552,3.000
-0.535,-1.589,3.000
-0.523,-1.574,3.000
-0.512,-1.558,3.000
-0.569,-1.757,3.000
-0.502,-1.571,3.000
-0.558,-1.770,3.000
-0.567,-1.822,3.000
-0.486,-1.585,3.000
-0.472,-1.561,3.000
-0.550,-1.846,3.000
-0.470,-1.600,3.000
-0.521,-1.799,3.000
-0.514,-1.801,3.000
-0.436,-1.553,3.000
-0.445,-1.607,3.000
-0.429,-1.574,3.000
-0.425,-1.584,3.000
-0.421,-1.594,3.000
-0.408,-1.570,3.000
-0.404,-1.580,3.000
-0.400,-1.591,3.000
-0.392,-1.583,3.000
-0.386,-1.585,3.000
-0.377,-1.577,3.000
-0.375,-1.597,3.000
-0.367,-1.589,3.000
-0.367,-1.617,3.000
-0.356,-1.601,3.000
-0.350,-1.602,3.000
-0.342,-1.595,3.000
-0.339,-1.614,3.000
-0.387,-1.878,3.000
-0.375,-1.853,3.000
-0.367,-1.855,3.000
-0.360,-1.856,3.000
-0.356,-1.875,3.000
-0.349,-1.876,3.000
-0.311,-1.712,3.000
-0.329,-1.853,3.000
-0.282,-1.625,3.000
-0.324,-1.907,3.000
-0.272,-1.645,3.000
-0.302,-1.867,3.000
-0.290,-1.842,3.000
-0.284,-1.852,3.000
-0.278,-1.861,3.000
-0.275,-1.889,3.000
-0.265,-1.872,3.000
-0.258,-1.873,3.000
-0.249,-1.866,3.000
-0.247,-1.910,3.000
-0.205,-1.636,3.000
-0.204,-1.682,3.000
-0.193,-1.638,3.000
-0.209,-1.844,3.000
-0.182,-1.657,3.000
-0.174,-1.649,3.000
-0.164,-1.614,3.000
-0.160,-1.641,3.000
-0.153,-1.633,3.000
-0.149,-1.661,3.000
-0.141,-1.643,3.000
-0.135,-1.653,3.000
-0.128,-1.644,3.000
-0.140,-1.886,3.000
-0.132,-1.886,3.000
-0.125,-1.896,3.000
-0.116,-1.870,3.000
-0.096,-1.646,3.000
-0.089,-1.647,3.000
-0.083,-1.647,3.000
-0.074,-1.602,3.000
-0.069,-1.620,3.000
-0.063,-1.639,3.000
-0.056,-1.621,3.000
-0.058,-1.890,3.000
-0.044,-1.630,3.000
-0.042,-1.855,3.000
-0.031,-1.649,3.000
-0.029,-1.917,3.000
-0.021,-1.882,3.000
-0.014,-1.908,3.000
-0.005,-1.640,3.000
0.001,-1.864,3.000
0.007,-1.603,3.000
0.014,-1.667,3.000
0.024,-1.891,3.000
0.027,-1.640,3.000
0.034,-1.676,3.000
0.040,-1.649,3.000
0.046,-1.639,3.000
0.052,-1.621,3.000
0.060,-1.657,3.000
0.066,-1.648,3.000
0.073,-1.666,3.000
0.090,-1.889,3.000
0.085,-1.647,3.000
0.105,-1.888,3.000
0.113,-1.888,3.000
0.118,-1.861,3.000
0.124,-1.843,3.000
0.134,-1.869,3.000
0.144,-1.912,3.000
0.131,-1.653,3.000
0.159,-1.902,3.000
0.143,-1.643,3.000
0.150,-1.642,3.000
0.153,-1.605,3.000
0.162,-1.632,3.000
0.166,-1.613,3.000
0.174,-1.622,3.000
0.181,-1.630,3.000
0.191,-1.656,3.000
0.197,-1.656,3.000
0.199,-1.619,3.000
0.208,-1.636,3.000
0.212,-1.617,3.000
0.217,-1.607,3.000
0.216,-1.552,3.000
0.264,-1.846,3.000
0.239,-1.623,3.000
0.242,-1.604,3.000
0.254,-1.639,3.000
0.259,-1.629,3.000
0.263,-1.610,3.000
0.267,-1.600,3.000
0.277,-1.617,3.000
0.286,-1.633,3.000
0.286,-1.596,3.000
0.338,-1.843,3.000
0.305,-1.630,3.000
0.349,-1.823,3.000
0.318,-1.628,3.000
0.323,-1.617,3.000
0.329,-1.616,3.000
0.334,-1.606,3.000
0.338,-1.596,3.000
0.348,-1.612,3.000
0.406,-1.847,3.000
0.414,-1.845,3.000
0.421,-1.843,3.000
0.424,-1.825,3.000
0.378,-1.596,3.000
0.386,-1.603,3.000
0.397,-1.620,3.000
0.399,-1.600,3.000
0.396,-1.563,3.000
0.409,-1.588,3.000
0.492,-1.880,3.000
0.431,-1.620,3.000
0.432,-1.601,3.000
0.441,-1.608,3.000
0.442,-1.589,3.000
0.449,-1.587,3.000
0.507,-1.767,3.000
0.580,-1.990,3.000
0.538,-1.822,3.000
0.489,-1.632,3.000
0.474,-1.560,3.000
0.520,-1.688,3.000
0.487,-1.557,3.000
0.501,-1.581,3.000
0.502,-1.562,3.000
0.505,-1.551,3.000
0.520,-1.575,3.000
0.594,-1.777,3.000
0.526,-1.553,3.000
0.538,-1.569,3.000
0.544,-1.566,3.000
0.705,-2.004,3.000
0.640,-1.798,3.000
0.602,-1.670,3.000
0.597,-1.634,3.000
0.569,-1.538,3.000
0.600,-1.604,3.000
0.622,-1.644,3.000
0.622,-1.625,3.000
0.642,-1.656,3.000
0.635,-1.620,3.000
0.736,-1.855,3.000
0.661,-1.648,3.000
0.664,-1.637,3.000
0.640,-1.559,3.000
0.670,-1.615,3.000
0.638,-1.521,3.000
0.637,-1.502,3.000
0.653,-1.524,3.000
0.659,-1.522,3.000
0.658,-1.502,3.000
0.769,-1.737,3.000
0.677,-1.514,3.000
0.775,-1.715,3.000
0.797,-1.744,3.000
0.691,-1.497,3.000
0.701,-1.503,3.000
0.703,-1.492,3.000
0.705,-1.481,3.000
0.703,-1.462,3.000
0.660,-1.359,3.000
0.670,-1.365,3.000
0.667,-1.346,3.000
0.668,-1.335,3.000
0.690,-1.365,3.000
0.716,-1.404,3.000
0.688,-1.335,3.000
0.815,-1.567,3.000
0.646,-1.230,3.000
0.668,-1.261,3.000
0.761,-1.422,3.000
0.656,-1.214,3.000
0.674,-1.236,3.000
0.738,-1.340,3.000
0.761,-1.370,3.000
0.748,-1.334,3.000
0.753,-1.331,3.000
0.736,-1.288,3.000
0.636,-1.104,3.000
0.572,-0.984,3.000
0.693,-1.182,3.000
0.698,-1.179,3.000
0.584,-0.977,3.000
0.562,-0.933,3.000
0.586,-0.964,3.000
0.502,-0.818,3.000
0.500,-0.808,3.000
0.503,-0.806,3.000
0.474,-0.752,3.000
0.694,-1.092,3.000
0.529,-0.825,3.000
0.532,-0.823,3.000
0.519,-0.796,3.000
0.460,-0.700,3.000
0.440,-0.664,3.000
0.437,-0.654,3.000
0.620,-0.919,3.000
0.454,-0.667,3.000
0.627,-0.915,3.000
0.648,-0.936,3.000
0.618,-0.885,3.000
0.506,-0.719,3.000
0.467,-0.658,3.000
0.476,-0.665,3.000
0.430,-0.596,3.000
0.487,-0.669,3.000
0.398,-0.542,3.000
0.381,-0.515,3.000
0.568,-0.761,3.000
0.577,-0.767,3.000
0.393,-0.519,3.000
0.395,-0.518,3.000
0.410,-0.533,3.000
0.545,-0.702,3.000
0.592,-0.756,3.000
0.601,-0.761,3.000
0.591,-0.743,3.000
0.447,-0.557,3.000
0.423,-0.523,3.000
0.405,-0.497,3.000
0.427,-0.519,3.000
0.409,-0.494,3.000
0.451,-0.540,3.000
0.426,-0.506,3.000
0.535,-0.631,3.000
0.721,-0.843,3.000
0.730,-0.848,3.000
0.714,-0.822,3.000
0.737,-0.842,3.000
0.534,-0.605,3.000
0.550,-0.618,3.000
0.546,-0.609,3.000
0.541,-0.599,3.000
0.639,-0.702,3.000
0.649,-0.707,3.000
0.839,-0.907,3.000
0.850,-0.911,3.000
0.657,-0.699,3.000
0.681,-0.719,3.000
0.663,-0.694,3.000
0.870,-0.905,3.000
0.867,-0.894,3.000
0.844,-0.863,3.000
0.702,-0.712,3.000
0.683,-0.688,3.000
0.743,-0.742,3.000
0.781,-0.774,3.000
0.677,-0.666,3.000
0.687,-0.670,3.000
0.754,-0.730,3.000
0.981,-0.943,3.000
0.985,-0.939,3.000
0.989,-0.935,3.000
0.830,-0.779,3.000
1.010,-0.940,3.000
0.851,-0.786,3.000
0.832,-0.763,3.000
0.821,-0.746,3.000
0.824,-0.743,3.000
1.028,-0.920,3.000
1.025,-0.910,3.000
1.028,-0.906,3.000
1.025,-0.895,3.000
0.816,-0.707,3.000
0.915,-0.787,3.000
0.829,-0.707,3.000
0.846,-0.717,3.000
1.013,-0.851,3.000
0.860,-0.716,3.000
1.071,-0.885,3.000
0.850,-0.697,3.000
0.860,-0.700,3.000
0.840,-0.678,3.000
0.819,-0.656,3.000
1.103,-0.876,3.000
1.084,-0.854,3.000
1.080,-0.844,3.000
0.884,-0.686,3.000
0.871,-0.670,3.000
1.097,-0.837,3.000
0.853,-0.645,3.000
0.871,-0.654,3.000
1.092,-0.812,3.000
0.892,-0.659,3.000
0.982,-0.719,3.000
0.905,-0.657,3.000
0.908,-0.654,3.000
0.927,-0.662,3.000
0.889,-0.630,3.000
0.900,-0.632,3.000
1.006,-0.701,3.000
1.213,-0.838,3.000
1.020,-0.698,3.000
1.023,-0.694,3.000
1.041,-0.701,3.000
1.028,-0.686,3.000
1.014,-0.672,3.000
1.256,-0.824,3.000
1.028,-0.669,3.000
1.022,-0.660,3.000
1.389,-0.889,3.000
1.284,-0.814,3.000
1.216,-0.764,3.000
1.041,-0.649,3.000
1.052,-0.650,3.000
1.071,-0.656,3.000
1.040,-0.631,3.000
1.084,-0.652,3.000
1.070,-0.638,3.000
1.081,-0.639,3.000
1.067,-0.625,3.000
1.086,-0.630,3.000
1.071,-0.616,3.000
1.313,-0.748,3.000
1.152,-0.650,3.000
1.095,-0.613,3.000
1.081,-0.599,3.000
1.092,-0.600,3.000
1.103,-0.600,3.000
1.096,-0.591,3.000
1.099,-0.587,3.000
1.311,-0.694,3.000
1.322,-0.693,3.000
1.308,-0.679,3.000
1.151,-0.592,3.000
1.119,-0.570,3.000
1.138,-0.574,3.000
1.106,-0.552,3.000
1.099,-0.544,3.000
1.136,-0.556,3.000
1.095,-0.531,3.000
1.123,-0.539,3.000
1.531,-0.727,3.000
1.342,-0.631,3.000
1.345,-0.626,3.000
1.123,-0.517,3.000
1.142,-0.521,3.000
1.100,-0.496,3.000
1.155,-0.516,3.000
1.175,-0.519,3.000
1.376,-0.602,3.000
1.370,-0.592,3.000
1.207,-0.516,3.000
1.156,-0.489,3.000
1.158,-0.485,3.000
1.133,-0.469,3.000
1.099,-0.450,3.000
1.146,-0.464,3.000
1.429,-0.572,3.000
1.414,-0.559,3.000
1.390,-0.544,3.000
1.144,-0.442,3.000
1.164,-0.445,3.000
1.422,-0.537,3.000
1.185,-0.442,3.000
1.196,-0.441,3.000
1.180,-0.430,3.000
1.136,-0.409,3.000
1.210,-0.430,3.000
1.417,-0.497,3.000
1.437,-0.498,3.000
1.169,-0.400,3.000
1.198,-0.405,3.000
1.173,-0.391,3.000
1.202,-0.395,3.000
1.185,-0.385,3.000
1.177,-0.377,3.000
1.188,-0.375,3.000
1.189,-0.371,3.000
1.462,-0.450,3.000
1.613,-0.489,3.000
1.184,-0.354,3.000
1.204,-0.355,3.000
1.442,-0.419,3.000
1.489,-0.426,3.000
1.171,-0.330,3.000
1.320,-0.367,3.000
1.340,-0.366,3.000
1.240,-0.334,3.000
1.213,-0.322,3.000
1.233,-0.322,3.000
1.178,-0.302,3.000
1.402,-0.354,3.000
1.237,-0.307,3.000
1.368,-0.334,3.000
1.164,-0.279,3.000
1.334,-0.314,3.000
1.344,-0.311,3.000
1.336,-0.304,3.000
1.356,-0.303,3.000
1.320,-0.289,3.000
1.559,-0.335,3.000
1.331,-0.281,3.000
1.606,-0.332,3.000
1.454,-0.295,3.000
1.344,-0.267,3.000
1.410,-0.274,3.000
1.365,-0.260,3.000
1.347,-0.251,3.000
1.613,-0.294,3.000
1.615,-0.288,3.000
1.580,-0.275,3.000
1.608,-0.274,3.000
1.627,-0.271,3.000
1.601,-0.260,3.000
1.353,-0.214,3.000
1.639,-0.253,3.000
1.364,-0.205,3.000
1.337,-0.195,3.000
1.366,-0.194,3.000
1.367,-0.189,3.000
1.349,-0.181,3.000
1.368,-0.178,3.000
1.591,-0.201,3.000
1.628,-0.199,3.000
1.389,-0.164,3.000
1.390,-0.159,3.000
1.362,-0.150,3.000
1.363,-0.145,3.000
1.382,-0.141,3.000
1.411,-0.139,3.000
1.355,-0.128,3.000
1.374,-0.124,3.000
1.356,-0.117,3.000
1.384,-0.114,3.000
1.319,-0.104,3.000
1.395,-0.104,3.000
1.414,-0.100,3.000
1.405,-0.094,3.000
1.396,-0.088,3.000
1.406,-0.083,3.000
1.368,-0.075,3.000
1.378,-0.070,3.000
1.369,-0.064,3.000
1.397,-0.060,3.000
1.602,-0.063,3.000
1.360,-0.048,3.000
1.417,-0.044,3.000
1.360,-0.037,3.000
1.389,-0.033,3.000
1.360,-0.027,3.000
1.603,-0.025,3.000
1.389,-0.016,3.000
1.640,-0.013,3.000
1.323,-0.005,3.500
1.380,0.000,3.500
1.389,0.006,3.500
1.436,0.011,3.500
1.361,0.016,3.500
1.389,0.022,3.500
1.408,0.028,3.500
1.649,0.039,3.500
1.417,0.039,3.500
1.388,0.044,3.500
1.398,0.049,3.500
1.360,0.053,3.500
1.378,0.060,3.500
1.647,0.078,3.500
1.611,0.082,3.500
1.755,0.097,3.500
1.646,0.097,3.500
1.637,0.103,3.500
1.636,0.109,3.500
1.663,0.118,3.500
1.726,0.129,3.500
1.497,0.118,3.500
1.534,0.127,3.500
1.496,0.130,3.500
1.486,0.135,3.500
1.458,0.138,3.500
1.513,0.149,3.500
1.513,0.155,3.500
1.503,0.160,3.500
1.530,0.169,3.500
1.511,0.173,3.500
1.519,0.180,3.500
1.789,0.219,3.500
1.779,0.225,3.500
1.716,0.224,3.500
1.697,0.228,3.500
1.488,0.206,3.500
1.713,0.244,3.500
1.468,0.215,3.500
1.738,0.261,3.500
1.503,0.232,3.500
1.727,0.274,3.500
1.482,0.241,3.500
1.734,0.289,3.500
1.508,0.257,3.500
1.714,0.299,3.500
1.460,0.261,3.500
1.738,0.317,3.500
1.476,0.276,3.500
1.849,0.353,3.500
1.474,0.287,3.500
1.742,0.346,3.500
1.499,0.304,3.500
1.507,0.312,3.500
1.460,0.308,3.500
1.486,0.320,3.500
1.467,0.322,3.500
1.493,0.334,3.500
1.446,0.329,3.500
1.490,0.345,3.500
1.471,0.347,3.500
1.469,0.353,3.500
1.441,0.352,3.500
1.485,0.369,3.500
1.687,0.426,3.500
1.737,0.446,3.500
1.657,0.432,3.500
1.785,0.473,3.500
1.766,0.476,3.500
1.529,0.418,3.500
1.483,0.412,3.500
1.587,0.448,3.500
1.577,0.451,3.500
1.575,0.457,3.500
1.556,0.458,3.500
1.589,0.475,3.500
1.578,0.479,3.500
1.550,0.477,3.500
1.566,0.488,3.500
1.836,0.581,3.500
1.784,0.572,3.500
1.798,0.584,3.500
1.754,0.577,3.500
1.539,0.513,3.500
1.571,0.531,3.500
1.543,0.528,3.500
1.532,0.531,3.500
1.556,0.546,3.500
1.571,0.559,3.500
1.560,0.562,3.500
1.785,0.650,3.500
1.782,0.657,3.500
1.771,0.661,3.500
1.543,0.583,3.500
1.766,0.675,3.500
1.538,0.595,3.500
1.744,0.683,3.500
1.750,0.693,3.500
1.772,0.709,3.500
1.546,0.626,3.500
1.501,0.615,3.500
1.532,0.634,3.500
1.513,0.633,3.500
1.519,0.643,3.500
1.499,0.642,3.500
1.621,0.701,3.500
1.486,0.650,3.500
1.567,0.692,3.500
1.597,0.713,3.500
1.594,0.719,3.500
1.583,0.722,3.500
1.588,0.732,3.500
1.593,0.742,3.500
1.814,0.853,3.500
1.810,0.860,3.500
1.830,0.879,3.500
1.803,0.874,3.500
1.595,0.781,3.500
1.567,0.775,3.500
1.564,0.781,3.500
1.593,0.804,3.500
1.574,0.802,3.500
1.571,0.808,3.500
1.623,0.843,3.500
1.581,0.829,3.500
1.585,0.839,3.500
1.566,0.837,3.500
1.578,0.851,3.500
1.559,0.849,3.500
1.540,0.847,3.500
1.514,0.840,3.500
1.565,0.876,3.500
1.523,0.860,3.500
1.542,0.880,3.500
1.752,1.008,3.500
1.741,1.011,3.500
1.752,1.026,3.500
1.559,0.922,3.500
1.691,1.009,3.500
1.725,1.038,3.500
1.743,1.058,3.500
1.687,1.033,3.500
1.720,1.063,3.500
1.715,1.069,3.500
1.480,0.931,3.500
1.484,0.942,3.500
1.458,0.933,3.500
1.477,0.953,3.500
1.458,0.949,3.500
1.477,0.970,3.500
1.360,0.901,3.500
1.333,0.891,3.500
1.345,0.906,3.500
1.357,0.922,3.500
1.353,0.927,3.500
1.548,1.070,3.500
1.544,1.076,3.500
1.569,1.102,3.500
1.543,1.093,3.500
1.423,1.016,3.500
1.563,1.126,3.500
1.437,1.043,3.500
1.440,1.054,3.500
1.428,1.055,3.500
1.453,1.082,3.500
1.194,0.896,3.500
1.198,0.906,3.500
1.172,0.894,3.500
1.109,0.853,3.500
1.105,0.857,3.500
1.087,0.850,3.500
1.281,1.009,3.500
1.212,0.963,3.500
1.266,1.014,3.500
1.255,1.013,3.500
0.989,0.805,3.500
1.074,0.881,3.500
0.945,0.781,3.500
0.964,0.804,3.500
0.954,0.801,3.500
0.958,0.811,3.500
0.940,0.803,3.500
0.952,0.819,3.500
0.934,0.810,3.500
0.945,0.826,3.500
0.942,0.830,3.500
0.931,0.827,3.500
0.914,0.818,3.500
0.932,0.841,3.500
0.922,0.838,3.500
0.911,0.835,3.500
0.908,0.839,3.500
0.919,0.856,3.500
0.950,0.892,3.500
0.898,0.849,3.500
0.923,0.880,3.500
0.870,0.836,3.500
1.065,1.032,3.500
0.884,0.863,3.500
0.888,0.874,3.500
0.878,0.870,3.500
1.056,1.055,3.500
0.871,0.877,3.500
1.054,1.070,3.500
1.030,1.054,3.500
0.874,0.901,3.500
0.850,0.884,3.500
0.966,1.012,3.500
0.863,0.911,3.500
1.035,1.101,3.500
0.849,0.911,3.500
0.994,1.075,3.500
0.849,0.925,3.500
1.055,1.158,3.500
1.106,1.224,3.500
0.914,1.020,3.500
0.892,1.003,3.500
0.913,1.035,3.500
0.902,1.031,3.500
0.898,1.035,3.500
0.894,1.038,3.500
0.890,1.042,3.500
0.898,1.060,3.500
0.949,1.128,3.500
0.968,1.160,3.500
1.149,1.388,3.500
1.144,1.393,3.500
1.104,1.356,3.500
1.122,1.388,3.500
0.957,1.194,3.500
1.111,1.397,3.500
1.078,1.366,3.500
1.111,1.419,3.500
1.089,1.403,3.500
1.164,1.512,3.500
1.034,1.354,3.500
0.918,1.212,3.500
0.913,1.216,3.500
0.897,1.204,3.500
0.986,1.334,3.500
0.877,1.196,3.500
0.900,1.237,3.500
0.927,1.286,3.500
0.884,1.237,3.500
0.959,1.353,3.500
0.949,1.349,3.500
0.949,1.360,3.500
1.066,1.541,3.500
0.928,1.353,3.500
0.927,1.364,3.500
0.891,1.322,3.500
0.912,1.363,3.500
1.050,1.583,3.500
1.034,1.573,3.500
1.032,1.584,3.500
0.998,1.544,3.500
1.029,1.607,3.500
0.879,1.384,3.500
0.859,1.365,3.500
0.873,1.399,3.500
0.892,1.441,3.500
0.862,1.406,3.500
0.866,1.425,3.500
0.846,1.405,3.500
0.855,1.432,3.500
0.840,1.419,3.500
0.830,1.415,3.500
0.829,1.426,3.500
0.931,1.616,3.500
0.781,1.369,3.500
0.857,1.514,3.500
0.725,1.294,3.500
0.866,1.560,3.500
0.729,1.324,3.500
0.714,1.310,3.500
0.835,1.547,3.500
0.726,1.357,3.500
0.881,1.663,3.500
0.838,1.596,3.500
0.701,1.349,3.500
0.743,1.442,3.500
0.682,1.338,3.500
0.669,1.324,3.500
0.742,1.483,3.500
0.667,1.346,3.500
0.649,1.323,3.500
0.720,1.484,3.500
0.711,1.478,3.500
0.669,1.406,3.500
0.699,1.484,3.500
0.643,1.378,3.500
0.610,1.321,3.500
0.681,1.492,3.500
0.615,1.360,3.500
0.613,1.371,3.500
0.619,1.399,3.500
0.651,1.486,3.500
0.601,1.387,3.500
0.584,1.363,3.500
0.724,1.708,3.500
0.752,1.792,3.500
0.728,1.755,3.500
0.670,1.635,3.500
0.721,1.777,3.500
0.569,1.420,3.500
0.611,1.542,3.500
0.635,1.620,3.500
0.770,1.989,3.500
0.679,1.774,3.500
0.666,1.760,3.500
0.616,1.646,3.500
0.670,1.815,3.500
0.596,1.634,3.500
0.602,1.670,3.500
0.504,1.415,3.500
0.535,1.521,3.500
0.490,1.410,3.500
0.490,1.429,3.500
0.603,1.783,3.500
0.566,1.693,3.500
0.542,1.644,3.500
0.544,1.671,3.500
0.665,2.071,3.500
0.531,1.676,3.500
0.527,1.686,3.500
0.453,1.471,3.500
0.474,1.561,3.500
0.428,1.430,3.500
0.425,1.440,3.500
0.420,1.442,3.500
0.414,1.444,3.500
0.495,1.752,3.500
0.415,1.492,3.500
0.412,1.502,3.500
0.391,1.450,3.500
0.470,1.768,3.500
0.403,1.542,3.500
0.458,1.780,3.500
0.396,1.563,3.500
0.390,1.565,3.500
0.377,1.540,3.500
0.373,1.550,3.500
0.365,1.543,3.500
0.352,1.517,3.500
0.357,1.563,3.500
0.341,1.520,3.500
0.325,1.476,3.500
0.332,1.540,3.500
0.349,1.649,3.500
0.333,1.606,3.500
0.334,1.643,3.500
0.323,1.617,3.500
0.318,1.628,3.500
0.312,1.629,3.500
0.302,1.612,3.500
0.296,1.613,3.500
0.288,1.605,3.500
0.281,1.607,3.500
0.267,1.562,3.500
0.267,1.600,3.500
0.265,1.628,3.500
0.256,1.611,3.500
0.255,1.648,3.500
0.243,1.613,3.500
0.241,1.641,3.500
0.232,1.624,3.500
0.231,1.661,3.500
0.231,1.715,3.500
0.242,1.849,3.500
0.206,1.627,3.500
0.229,1.859,3.500
0.194,1.629,3.500
0.215,1.870,3.500
0.183,1.648,3.500
0.182,1.703,3.500
0.167,1.622,3.500
0.163,1.650,3.500
0.157,1.651,3.500
0.151,1.651,3.500
0.141,1.616,3.500
0.136,1.634,3.500
0.130,1.644,3.500
0.124,1.645,3.500
0.118,1.654,3.500
0.111,1.645,3.500
0.105,1.655,3.500
0.098,1.637,3.500
0.104,1.870,3.500
0.085,1.647,3.500
0.079,1.647,3.500
0.072,1.639,3.500
0.066,1.648,3.500
0.067,1.863,3.500
0.053,1.667,3.500
0.046,1.621,3.500
0.041,1.685,3.500
0.033,1.612,3.500
0.027,1.640,3.500
0.025,1.995,3.500
0.014,1.649,3.500
0.007,1.613,3.500
0.001,1.649,3.500
-0.005,1.631,3.500
-0.012,1.640,3.500
-0.018,1.640,3.500
-0.025,1.640,3.500
-0.031,1.622,3.500
-0.038,1.640,3.500
-0.044,1.621,3.500
-0.051,1.667,3.500
-0.057,1.639,3.500
-0.064,1.657,3.500
-0.070,1.648,3.500
-0.078,1.666,3.500
-0.095,1.888,3.500
-0.091,1.674,3.500
-0.104,1.790,3.500
-0.103,1.646,3.500
-0.108,1.627,3.500
-0.115,1.645,3.500
-0.123,1.654,3.500
-0.146,1.876,3.500
-0.154,1.876,3.500
-0.141,1.643,3.500
-0.144,1.606,3.500
-0.155,1.651,3.500
-0.183,1.873,3.500
-0.193,1.899,3.500
-0.194,1.837,3.500
-0.205,1.871,3.500
-0.214,1.879,3.500
-0.208,1.763,3.500
-0.213,1.754,3.500
-0.204,1.627,3.500
-0.225,1.734,3.500
-0.233,1.742,3.500
-0.236,1.715,3.500
-0.265,1.872,3.500
-0.273,1.871,3.500
-0.263,1.756,3.500
-0.267,1.737,3.500
-0.277,1.754,3.500
-0.279,1.726,3.500
-0.295,1.778,3.500
-0.293,1.724,3.500
-0.340,1.958,3.500
-0.353,1.982,3.500
-0.321,1.765,3.500
-0.326,1.754,3.500
-0.332,1.744,3.500
-0.340,1.752,3.500
-0.343,1.733,3.500
-0.401,1.981,3.500
-0.412,1.997,3.500
-0.360,1.711,3.500
-0.376,1.754,3.500
-0.377,1.726,3.500
-0.390,1.751,3.500
-0.391,1.723,3.500
-0.390,1.686,3.500
-0.407,1.728,3.500
-0.417,1.744,3.500
-0.418,1.717,3.500
-0.484,1.954,3.500
-0.438,1.739,3.500
-0.440,1.720,3.500
-0.445,1.710,3.500
-0.517,1.954,3.500
-0.520,1.936,3.500
-0.470,1.722,3.500
-0.537,1.940,3.500
-0.486,1.726,3.500
-0.487,1.707,3.500
-0.548,1.892,3.500
-0.503,1.712,3.500
-0.578,1.937,3.500
-0.575,1.902,3.500
-0.510,1.663,3.500
-0.525,1.687,3.500
-0.531,1.685,3.500
-0.538,1.683,3.500
-0.602,1.857,3.500
-0.625,1.904,3.500
-0.566,1.702,3.500
-0.567,1.683,3.500
-0.568,1.663,3.500
-0.578,1.670,3.500
-0.663,1.891,3.500
-0.679,1.913,3.500
-0.600,1.671,3.500
-0.732,2.012,3.500
-0.610,1.658,3.500
-0.617,1.656,3.500
-0.749,1.988,3.500
-0.677,1.775,3.500
-0.765,1.982,3.500
-0.800,2.049,3.500
-0.695,1.759,3.500
-0.702,1.756,3.500
-0.715,1.769,3.500
-0.715,1.750,3.500
-0.811,1.963,3.500
-0.829,1.983,3.500
-0.739,1.750,3.500
-0.750,1.755,3.500
-0.852,1.973,3.500
-0.812,1.861,3.500
-0.925,2.097,3.500
-0.865,1.940,3.500
-0.780,1.732,3.500
-0.784,1.721,3.500
-0.888,1.930,3.500
-0.906,1.949,3.500
-0.896,1.907,3.500
-0.910,1.919,3.500
-0.829,1.729,3.500
-0.937,1.935,3.500
-0.842,1.722,3.500
-0.937,1.897,3.500
-0.921,1.847,3.500
-0.952,1.890,3.500
-0.970,1.908,3.500
-0.868,1.690,3.500
-0.878,1.694,3.500
-0.889,1.699,3.500
-1.051,1.989,3.500
-0.947,1.776,3.500
-0.958,1.780,3.500
-0.961,1.768,3.500
-0.956,1.742,3.500
-0.984,1.776,3.500
-0.986,1.765,3.500
-0.989,1.753,3.500
-1.026,1.801,3.500
-1.011,1.760,3.500
-1.149,1.983,3.500
-1.064,1.819,3.500
-1.148,1.945,3.500
-1.156,1.940,3.500
-1.155,1.922,3.500
-1.302,2.147,3.500
-1.187,1.941,3.500
-1.075,1.742,3.500
-1.202,1.931,3.500
-1.075,1.712,3.500
-1.082,1.708,3.500
-1.088,1.703,3.500
-1.290,2.002,3.500
-1.162,1.788,3.500
-1.297,1.978,3.500
-1.269,1.918,3.500
-1.188,1.781,3.500
-1.316,1.956,3.500
-1.202,1.772,3.500
-1.204,1.760,3.500
-1.348,1.954,3.500
-1.242,1.785,3.500
-1.438,2.049,3.500
-1.371,1.938,3.500
-1.378,1.933,3.500
-1.376,1.914,3.500
-1.247,1.719,3.500
-1.406,1.923,3.500
-1.271,1.723,3.500
-1.421,1.912,3.500
-1.284,1.713,3.500
-1.533,2.029,3.500
-1.292,1.696,3.500
-1.299,1.691,3.500
-1.300,1.679,3.500
-1.333,1.708,3.500
-1.402,1.781,3.500
-1.331,1.677,3.500
-1.421,1.777,3.500
-1.396,1.732,3.500
-1.361,1.675,3.500
-1.410,1.721,3.500
-1.584,1.918,3.500
-1.513,1.818,3.500
-1.614,1.924,3.500
-1.622,1.917,3.500
-1.529,1.794,3.500
-1.621,1.886,3.500
-1.407,1.625,3.500
-1.567,1.794,3.500
-1.420,1.614,3.500
-1.432,1.614,3.500
-1.433,1.602,3.500
-1.416,1.572,3.500
-1.590,1.751,3.500
-1.463,1.598,3.500
-1.621,1.757,3.500
-1.452,1.562,3.500
-1.464,1.562,3.500
-1.476,1.562,3.500
-1.476,1.551,3.500
-1.644,1.713,3.500
-1.662,1.718,3.500
-1.640,1.682,3.500
-1.623,1.652,3.500
-1.507,1.521,3.500
-1.452,1.455,3.500
-1.506,1.497,3.500
-1.421,1.401,3.500
-1.439,1.408,3.500
-1.457,1.414,3.500
-1.450,1.396,3.500
-1.461,1.397,3.500
-1.461,1.385,3.500
-1.460,1.373,3.500
-1.471,1.374,3.500
-1.496,1.385,3.500
-1.589,1.460,3.500
-1.475,1.344,3.500
-1.656,1.498,3.500
-1.492,1.339,3.500
-1.497,1.333,3.500
-1.699,1.501,3.500
-1.507,1.321,3.500
-1.532,1.332,3.500
-1.596,1.376,3.500
-1.516,1.297,3.500
-1.709,1.451,3.500
-1.540,1.297,3.500
-1.545,1.291,3.500
-1.616,1.339,3.500
-1.541,1.267,3.500
-1.566,1.278,3.500
-1.565,1.266,3.500
-1.643,1.319,3.500
-1.628,1.297,3.500
-1.766,1.395,3.500
-1.611,1.263,3.500
-1.697,1.319,3.500
-1.893,1.459,3.500
-1.860,1.422,3.500
-1.911,1.449,3.500
-1.738,1.308,3.500
-1.716,1.280,3.500
-1.707,1.264,3.500
-1.740,1.277,3.500
-1.745,1.270,3.500
-1.743,1.258,3.500
-1.748,1.251,3.500
-1.766,1.254,3.500
-1.771,1.247,3.500
-1.755,1.226,3.500
-1.767,1.224,3.500
-1.758,1.207,3.500
-1.784,1.215,3.500
-1.774,1.198,3.500
-1.779,1.191,3.500
-1.777,1.180,3.500
-1.774,1.168,3.500
-1.898,1.239,3.500
-2.068,1.338,3.500
-1.901,1.220,3.500
-2.119,1.348,3.500
-2.124,1.339,3.500
-1.922,1.202,3.500
-2.128,1.318,3.500
-1.939,1.191,3.500
-2.138,1.302,3.500
-2.129,1.285,3.500
-2.128,1.273,3.500
-1.907,1.130,3.500
-2.124,1.248,3.500
-1.923,1.120,3.500
-2.359,1.361,3.500
-1.975,1.129,3.500
-1.972,1.117,3.500
-2.162,1.214,3.500
-2.173,1.209,3.500
-2.178,1.200,3.500
-2.383,1.301,3.500
-2.166,1.172,3.500
-2.213,1.186,3.500
-1.987,1.055,3.500
-2.014,1.059,3.500
-2.177,1.134,3.500
-2.196,1.133,3.500
-2.011,1.027,3.500
-1.993,1.008,3.500
-2.019,1.012,3.500
-2.023,1.004,3.500
-2.035,0.999,3.500
-2.023,0.984,3.500
-2.027,0.976,3.500
-2.039,0.972,3.500
-2.042,0.964,3.500
-2.069,0.966,3.500
-2.065,0.955,3.500
-2.046,0.936,3.500
-2.050,0.928,3.500
-2.099,0.940,3.500
-2.057,0.912,3.500
-2.068,0.907,3.500
-2.072,0.899,3.500
-2.060,0.885,3.500
-2.063,0.876,3.500
-2.082,0.875,3.500
-2.297,0.954,3.500
-2.066,0.849,3.500
-2.085,0.847,3.500
-2.096,0.842,3.500
-2.107,0.837,3.500
-2.032,0.798,3.500
-2.113,0.820,3.500
-2.292,0.879,3.500
-2.212,0.839,3.500
-2.344,0.878,3.500
-2.226,0.824,3.500
-2.252,0.824,3.500
-1.982,0.716,3.500
-2.127,0.759,3.500
-2.011,0.709,3.500
-2.030,0.707,3.500
-2.041,0.701,3.500
-2.003,0.680,3.500
-2.022,0.677,3.500
-2.025,0.669,3.500
-1.987,0.648,3.500
-2.038,0.656,3.500
-2.049,0.650,3.500
-2.059,0.645,3.500
-2.046,0.632,3.500
-2.032,0.619,3.500
-2.042,0.613,3.500
-2.284,0.676,3.500
-2.055,0.600,3.500
-2.074,0.596,3.500
-2.044,0.579,3.500
-2.046,0.571,3.500
-2.064,0.567,3.500
-2.067,0.559,3.500
-2.077,0.553,3.500
-2.304,0.604,3.500
-2.106,0.543,3.500
-2.059,0.523,3.500
-2.077,0.519,3.500
-2.079,0.510,3.500
-2.073,0.500,3.500
-2.100,0.498,3.500
-2.312,0.539,3.500
-2.306,0.528,3.500
-2.332,0.524,3.500
-2.107,0.465,3.500
-2.117,0.458,3.500
-2.495,0.530,3.500
-2.340,0.487,3.500
-2.366,0.483,3.500
-2.304,0.461,3.500
-2.109,0.414,3.500
-2.094,0.402,3.500
-2.121,0.399,3.500
-2.089,0.384,3.500
-2.099,0.377,3.500
-2.109,0.371,3.500
-2.110,0.362,3.500
-2.112,0.354,3.500
-2.121,0.347,3.500
-2.304,0.368,3.500
-2.090,0.325,3.500
-2.066,0.313,3.500
-2.101,0.310,3.500
-2.111,0.303,3.500
-2.137,0.298,3.500
-2.138,0.290,3.500
-2.131,0.280,3.500
-2.355,0.300,3.500
-2.091,0.258,3.500
-2.126,0.254,3.500
-2.374,0.275,3.500
-2.136,0.238,3.500
-2.352,0.253,3.500
-2.146,0.223,3.500
-2.114,0.211,3.500
-2.131,0.204,3.500
-2.140,0.197,3.500
-2.158,0.190,3.500
-2.108,0.177,3.500
-2.126,0.170,3.500
-2.126,0.162,3.500
-2.135,0.154,3.500
-2.145,0.146,3.500
-2.328,0.149,3.500
-2.369,0.143,3.500
-2.129,0.120,3.500
-2.362,0.124,3.500
-2.113,0.102,3.500
-2.147,0.096,3.500
-2.114,0.086,3.500
-2.131,0.078,3.500
-2.174,0.071,3.500
-2.132,0.061,3.500
-2.149,0.053,3.500
-2.115,0.044,3.500
-2.107,0.036,3.500
-2.132,0.028,3.500
-2.390,0.022,3.500
-2.374,0.012,3.500
-2.374,0.003,3.500
-2.535,-0.007,3.500
-2.183,-0.014,3.500
-2.141,-0.022,3.500
-2.158,-0.031,3.500
-2.174,-0.040,3.500
-2.389,-0.053,3.500
-2.132,-0.056,3.500
-2.149,-0.065,3.500
-2.364,-0.081,3.500
-2.182,-0.083,3.500
-2.122,-0.089,3.500
-2.363,-0.108,3.500
-2.155,-0.107,3.500
-2.329,-0.125,3.500
-2.345,-0.135,3.500
-2.129,-0.131,3.500
-2.385,-0.156,3.500
-2.136,-0.148,3.500
-2.110,-0.155,3.500
-2.143,-0.166,3.500
-2.407,-0.196,3.500
-2.381,-0.203,3.500
-2.364,-0.211,3.500
-2.249,-0.210,3.500
-2.139,-0.208,3.500
-2.113,-0.214,3.500
-2.121,-0.223,3.500
-2.162,-0.236,3.500
-2.144,-0.242,3.500
-2.152,-0.252,3.500
-2.250,-0.272,3.500
-2.241,-0.280,3.500
-2.248,-0.290,3.500
-2.255,-0.300,3.500
-2.238,-0.306,3.500
-2.261,-0.319,3.500
-2.437,-0.353,3.500
-2.452,-0.365,3.500
-2.241,-0.343,3.500
-2.417,-0.380,3.500
-2.213,-0.356,3.500
-2.220,-0.366,3.500
-2.227,-0.377,3.500
-2.201,-0.381,3.500
-2.345,-0.416,3.500
-2.230,-0.404,3.500
-2.212,-0.410,3.500
-2.219,-0.420,3.500
-2.209,-0.427,3.500
-2.207,-0.436,3.500
-2.206,-0.445,3.500
-2.188,-0.450,3.500
-2.194,-0.460,3.500
-2.401,-0.513,3.500
-2.422,-0.528,3.500
-2.436,-0.541,3.500
-2.426,-0.549,3.500
-2.416,-0.556,3.500
-2.390,-0.560,3.500
-2.380,-0.568,3.500
-2.170,-0.527,3.500
-2.185,-0.539,3.500
-2.190,-0.550,3.500
-2.410,-0.615,3.500
-2.423,-0.629,3.500
-2.389,-0.630,3.500
-2.402,-0.644,3.500
-2.179,-0.593,3.500
-2.153,-0.595,3.500
-2.166,-0.608,3.500
-2.132,-0.607,3.500
-2.122,-0.613,3.500
-2.127,-0.624,3.500
-2.165,-0.644,3.500
-2.106,-0.636,3.500
-2.332,-0.714,3.500
-2.321,-0.721,3.500
-2.319,-0.730,3.500
-2.104,-0.671,3.500
-2.085,-0.674,3.500
-2.099,-0.688,3.500
-2.128,-0.706,3.500
-2.085,-0.702,3.500
-2.316,-0.789,3.500
-2.282,-0.788,3.500
-2.317,-0.810,3.500
-2.314,-0.819,3.500
-2.063,-0.739,3.500
-2.068,-0.750,3.500
-2.120,-0.779,3.500
-2.086,-0.775,3.500
-2.083,-0.784,3.500
-2.079,-0.792,3.500
-2.053,-0.791,3.500
-2.065,-0.805,3.500
-2.261,-0.892,3.500
-2.174,-0.867,3.500
-2.583,-1.042,3.500
-2.175,-0.887,3.500
-2.157,-0.890,3.500
-2.153,-0.898,3.500
-2.165,-0.913,3.500
-2.085,-0.889,3.500
-2.127,-0.917,3.500
-2.146,-0.935,3.500
-2.135,-0.940,3.500
-2.116,-0.942,3.500
-2.113,-0.950,3.500
-2.330,-1.059,3.500
-2.112,-0.970,3.500
-2.116,-0.982,3.500
-2.324,-1.089,3.500
-2.108,-0.998,3.500
-2.301,-1.101,3.500
-2.297,-1.110,3.500
-2.089,-1.020,3.500
-2.107,-1.039,3.500
-2.081,-1.036,3.500
-2.084,-1.048,3.500
-2.080,-1.056,3.500
-2.076,-1.064,3.500
-2.086,-1.080,3.500
-2.053,-1.073,3.500
-2.071,-1.092,3.500
-2.066,-1.101,3.500
-2.055,-1.105,3.500
-2.014,-1.093,3.500
-2.039,-1.117,3.500
-2.034,-1.125,3.500
-2.044,-1.141,3.500
-2.025,-1.141,3.500
-2.042,-1.161,3.500
-2.199,-1.261,3.500
-2.019,-1.169,3.500
-2.014,-1.177,3.500
-2.003,-1.180,3.500
-2.026,-1.205,3.500
-2.021,-1.213,3.500
-2.003,-1.212,3.500
-1.998,-1.220,3.500
-1.979,-1.219,3.500
-1.988,-1.236,3.500
-1.969,-1.235,3.500
-1.965,-1.243,3.500
-1.960,-1.250,3.500
-2.058,-1.324,3.500
-2.059,-1.337,3.500
-2.034,-1.331,3.500
-2.035,-1.344,3.500
-1.838,-1.224,3.500
-1.889,-1.268,3.500
-1.856,-1.257,3.500
-1.851,-1.265,3.500
-1.860,-1.281,3.500
-1.744,-1.212,3.500
-1.760,-1.233,3.500
-1.965,-1.388,3.500
-1.927,-1.372,3.500
-1.628,-1.169,3.500
-1.741,-1.261,3.500
-1.633,-1.192,3.500
-1.635,-1.204,3.500
-1.595,-1.184,3.500
-1.605,-1.201,3.500
-1.530,-1.155,3.500
-1.519,-1.155,3.500
-1.500,-1.151,3.500
-1.496,-1.157,3.500
-1.393,-1.086,3.500
-1.403,-1.103,3.500
-1.378,-1.091,3.500
-1.394,-1.114,3.500
-1.362,-1.097,3.500
-1.386,-1.125,3.500
-1.277,-1.044,3.500
-1.258,-1.038,3.500
-1.247,-1.037,3.500
-1.243,-1.042,3.500
-1.267,-1.070,3.500
-1.221,-1.039,3.500
-1.245,-1.068,3.500
-1.275,-1.103,3.500
-1.243,-1.084,3.500
-1.149,-1.010,3.500
-1.124,-0.996,3.500
-1.134,-1.013,3.500
-1.144,-1.029,3.500
-1.112,-1.009,3.500
-1.122,-1.026,3.500
-1.118,-1.030,3.500
-1.052,-0.977,3.500
-1.090,-1.020,3.500
-1.278,-1.206,3.500
-1.122,-1.067,3.500
-1.078,-1.033,3.500
-1.094,-1.056,3.500
-1.188,-1.157,3.500
-1.177,-1.155,3.500
-1.166,-1.153,3.500
-1.162,-1.158,3.500
-1.157,-1.162,3.500
-1.353,-1.370,3.500
-1.330,-1.357,3.500
-1.397,-1.437,3.500
-1.409,-1.461,3.500
-1.380,-1.442,3.500
-1.356,-1.428,3.500
-1.205,-1.279,3.500
-1.219,-1.304,3.500
-1.286,-1.386,3.500
-1.184,-1.287,3.500
-1.191,-1.305,3.500
-1.198,-1.323,3.500
-1.187,-1.321,3.500
-1.176,-1.319,3.500
-1.212,-1.370,3.500
-1.148,-1.308,3.500
-1.172,-1.346,3.500
-1.225,-1.418,3.500
-1.155,-1.348,3.500
-1.144,-1.346,3.500
-1.139,-1.350,3.500
-1.145,-1.369,3.500
-1.123,-1.352,3.500
-1.129,-1.371,3.500
-1.123,-1.375,3.500
-1.129,-1.393,3.500
-1.266,-1.576,3.500
-1.271,-1.594,3.500
-1.275,-1.612,3.500
-1.379,-1.757,3.500
-1.220,-1.568,3.500
-1.134,-1.469,3.500
-1.224,-1.598,3.500
-1.285,-1.691,3.500
-1.196,-1.587,3.500
-1.210,-1.619,3.500
-1.068,-1.441,3.500
-1.046,-1.423,3.500
-1.191,-1.633,3.500
-1.061,-1.468,3.500
-1.188,-1.657,3.500
-1.162,-1.633,3.500
-1.008,-1.429,3.500
-1.109,-1.585,3.500
-0.992,-1.430,3.500
-1.006,-1.463,3.500
-0.990,-1.452,3.500
-1.123,-1.660,3.500
-0.989,-1.475,3.500
-0.983,-1.479,3.500
-0.977,-1.482,3.500
-0.962,-1.471,3.500
-1.081,-1.667,3.500
-1.102,-1.715,3.500
-0.944,-1.482,3.500
-0.948,-1.501,3.500
-0.947,-1.513,3.500
-0.927,-1.493,3.500
-0.930,-1.512,3.500
-0.915,-1.501,3.500
-0.918,-1.520,3.500
-0.912,-1.523,3.500
-1.032,-1.738,3.500
-0.972,-1.652,3.500
-0.894,-1.534,3.500
-0.888,-1.537,3.500
-0.865,-1.510,3.500
-0.881,-1.552,3.500
-0.875,-1.556,3.500
-0.855,-1.535,3.500
-0.977,-1.770,3.500
-0.978,-1.789,3.500
-0.959,-1.770,3.500
-0.944,-1.758,3.500
-0.941,-1.770,3.500
-0.942,-1.789,3.500
-0.927,-1.777,3.500
-0.920,-1.781,3.500
-0.813,-1.589,3.500
-0.807,-1.592,3.500
-0.792,-1.579,3.500
-0.786,-1.582,3.500
-0.784,-1.593,3.500
-0.758,-1.556,3.500
-0.768,-1.591,3.500
-0.765,-1.602,3.500
-0.864,-1.828,3.500
-0.745,-1.592,3.500
-0.757,-1.636,3.500
-0.736,-1.606,3.500
-0.734,-1.617,3.500
-0.734,-1.636,3.500
-0.710,-1.598,3.500
-0.718,-1.634,3.500
-0.650,-1.496,3.500
-0.698,-1.623,3.500
-0.639,-1.501,3.500
-0.636,-1.512,3.500
-0.634,-1.523,3.500
-0.624,-1.517,3.500
-0.622,-1.527,3.500
-0.609,-1.513,3.500
-0.617,-1.549,3.500
-0.600,-1.526,3.500
-0.685,-1.762,3.500
-0.675,-1.757,3.500
-0.586,-1.542,3.500
-0.570,-1.518,3.500
-0.570,-1.538,3.500
-0.558,-1.523,3.500
-0.644,-1.778,3.500
-0.552,-1.544,3.500
-0.627,-1.775,3.500
-0.626,-1.794,3.500
-0.528,-1.533,3.500
-0.528,-1.553,3.500
-0.588,-1.751,3.500
-0.597,-1.803,3.500
-0.510,-1.559,3.500
-0.504,-1.561,3.500
-0.492,-1.545,3.500
-0.497,-1.582,3.500
-0.488,-1.575,3.500
-0.482,-1.577,3.500
-0.475,-1.579,3.500
-0.474,-1.599,3.500
-0.528,-1.806,3.500
-0.454,-1.576,3.500
-0.448,-1.578,3.500
-0.447,-1.597,3.500
-0.443,-1.608,3.500
-0.448,-1.653,3.500
-0.481,-1.801,3.500
-0.479,-1.820,3.500
-0.408,-1.579,3.500
-0.405,-1.589,3.500
-0.403,-1.609,3.500
-0.394,-1.601,3.500
-0.453,-1.872,3.500
-0.438,-1.840,3.500
-0.432,-1.850,3.500
-0.365,-1.590,3.500
-0.359,-1.591,3.500
-0.358,-1.619,3.500
-0.405,-1.865,3.500
-0.387,-1.815,3.500
-0.376,-1.799,3.500
-0.378,-1.844,3.500
-0.323,-1.608,3.500
-0.318,-1.618,3.500
-0.310,-1.610,3.500
-0.296,-1.567,3.500
-0.298,-1.613,3.500
-0.293,-1.623,3.500
-0.288,-1.633,3.500
-0.318,-1.846,3.500
-0.275,-1.635,3.500
-0.260,-1.582,3.500
-0.261,-1.628,3.500
-0.255,-1.629,3.500
-0.246,-1.612,3.500
-0.238,-1.604,3.500
-0.234,-1.623,3.500
-0.226,-1.615,3.500
-0.223,-1.634,3.500
-0.219,-1.653,3.500
-0.205,-1.600,3.500
-0.198,-1.591,3.500
-0.196,-1.628,3.500
-0.192,-1.647,3.500
-0.182,-1.621,3.500
-0.180,-1.658,3.500
-0.173,-1.658,3.500
-0.164,-1.632,3.500
-0.183,-1.900,3.500
-0.151,-1.633,3.500
-0.145,-1.634,3.500
-0.141,-1.671,3.500
-0.152,-1.885,3.500
-0.132,-1.726,3.500
-0.136,-1.868,3.500
-0.131,-1.904,3.500
-0.104,-1.600,3.500
-0.113,-1.852,3.500
-0.109,-1.905,3.500
-0.101,-1.915,3.500
-0.094,-1.906,3.500
-0.085,-1.889,3.500
-0.068,-1.657,3.500
-0.065,-1.739,3.500
-0.054,-1.612,3.500
-0.049,-1.658,3.500
-0.042,-1.649,3.500
-0.036,-1.685,3.500
-0.030,-1.712,3.500
-0.026,-1.899,3.500
-0.016,-1.631,3.500
-0.010,-1.649,3.500
-0.003,-1.667,3.500
0.003,-1.649,3.500
0.010,-1.658,3.500
0.016,-1.667,3.500
0.026,-1.864,3.500
0.033,-1.891,3.500
0.041,-1.890,3.500
0.049,-1.899,3.500
0.055,-1.864,3.500
0.063,-1.899,3.500
0.062,-1.657,3.500
0.078,-1.880,3.500
0.074,-1.629,3.500
0.080,-1.638,3.500
0.087,-1.638,3.500
0.093,-1.637,3.500
0.102,-1.673,3.500
0.121,-1.861,3.500
0.113,-1.636,3.500
0.119,-1.636,3.500
0.145,-1.885,3.500
0.163,-2.015,3.500
0.158,-1.867,3.500
0.165,-1.866,3.500
0.149,-1.615,3.500
0.177,-1.838,3.500
0.163,-1.623,3.500
0.176,-1.685,3.500
0.204,-1.880,3.500
0.208,-1.853,3.500
0.188,-1.620,3.500
0.196,-1.628,3.500
0.203,-1.637,3.500
0.209,-1.627,3.500
0.216,-1.635,3.500
0.220,-1.616,3.500
0.228,-1.624,3.500
0.233,-1.614,3.500
0.239,-1.613,3.500
0.247,-1.621,3.500
0.251,-1.602,3.500
0.260,-1.619,3.500
0.266,-1.618,3.500
0.265,-1.572,3.500
0.333,-1.932,3.500
0.283,-1.606,3.500
0.338,-1.869,3.500
0.340,-1.842,3.500
0.346,-1.832,3.500
0.363,-1.883,3.500
0.322,-1.636,3.500
0.321,-1.599,3.500
0.328,-1.598,3.500
0.330,-1.579,3.500
0.344,-1.613,3.500
0.348,-1.603,3.500
0.413,-1.863,3.500
0.412,-1.827,3.500
0.367,-1.598,3.500
0.367,-1.570,3.500
0.378,-1.587,3.500
0.388,-1.603,3.500
0.454,-1.845,3.500
0.455,-1.817,3.500
0.400,-1.572,3.500
0.406,-1.570,3.500
0.419,-1.595,3.500
0.488,-1.827,3.500
0.434,-1.600,3.500
0.431,-1.564,3.500
0.457,-1.632,3.500
0.451,-1.586,3.500
0.479,-1.663,3.500
0.568,-1.940,3.500
0.531,-1.787,3.500
0.515,-1.709,3.500
0.519,-1.698,3.500
0.533,-1.722,3.500
0.535,-1.703,3.500
0.544,-1.709,3.500
0.542,-1.681,3.500
0.552,-1.688,3.500
0.550,-1.660,3.500
0.571,-1.700,3.500
0.645,-1.897,3.500
0.656,-1.903,3.500
0.657,-1.884,3.500
0.679,-1.922,3.500
0.598,-1.672,3.500
0.605,-1.670,3.500
0.605,-1.650,3.500
0.618,-1.665,3.500
0.627,-1.671,3.500
0.634,-1.668,3.500
0.631,-1.641,3.500
0.634,-1.630,3.500
0.650,-1.652,3.500
0.643,-1.616,3.500
0.765,-1.899,3.500
0.762,-1.872,3.500
0.679,-1.650,3.500
0.686,-1.647,3.500
0.685,-1.628,3.500
0.702,-1.650,3.500
0.680,-1.582,3.500
0.676,-1.554,3.500
0.671,-1.526,3.500
0.670,-1.507,3.500
0.668,-1.488,3.500
0.681,-1.502,3.500
0.683,-1.491,3.500
0.685,-1.480,3.500
0.703,-1.502,3.500
0.693,-1.466,3.500
0.703,-1.472,3.500
0.689,-1.428,3.500
0.718,-1.474,3.500
0.780,-1.585,3.500
0.689,-1.386,3.500
0.797,-1.587,3.500
0.787,-1.552,3.500
0.861,-1.683,3.500
0.799,-1.546,3.500
0.842,-1.614,3.500
0.769,-1.459,3.500
0.757,-1.424,3.500
0.776,-1.445,3.500
0.777,-1.434,3.500
0.648,-1.185,3.500
0.588,-1.065,3.500
0.611,-1.097,3.500
0.620,-1.103,3.500
0.610,-1.075,3.500
0.624,-1.089,3.500
0.565,-0.977,3.500
0.559,-0.958,3.500
0.568,-0.964,3.500
0.536,-0.903,3.500
0.570,-0.951,3.500
0.569,-0.941,3.500
0.567,-0.930,3.500
0.487,-0.792,3.500
0.511,-0.824,3.500
0.520,-0.830,3.500
0.529,-0.837,3.500
0.494,-0.775,3.500
0.519,-0.807,3.500
0.533,-0.822,3.500
0.536,-0.820,3.500
0.450,-0.682,3.500
0.543,-0.816,3.500
0.484,-0.721,3.500
0.487,-0.719,3.500
0.472,-0.692,3.500
0.463,-0.673,3.500
0.472,-0.680,3.500
0.474,-0.678,3.500
0.477,-0.676,3.500
0.486,-0.683,3.500
0.512,-0.714,3.500
0.382,-0.528,3.500
0.390,-0.535,3.500
0.380,-0.516,3.500
0.382,-0.515,3.500
0.409,-0.547,3.500
0.559,-0.742,3.500
0.695,-0.914,3.500
0.590,-0.770,3.500
0.580,-0.752,3.500
0.596,-0.765,3.500
0.574,-0.731,3.500
0.589,-0.745,3.500
0.592,-0.742,3.500
0.582,-0.724,3.500
0.585,-0.722,3.500
0.432,-0.529,3.500
0.441,-0.535,3.500
0.429,-0.517,3.500
0.418,-0.499,3.500
0.467,-0.554,3.500
0.509,-0.599,3.500
0.565,-0.660,3.500
0.528,-0.611,3.500
0.544,-0.624,3.500
0.539,-0.614,3.500
0.542,-0.612,3.500
0.571,-0.641,3.500
0.533,-0.593,3.500
0.569,-0.629,3.500
0.640,-0.701,3.500
0.844,-0.917,3.500
0.666,-0.718,3.500
0.655,-0.701,3.500
0.686,-0.728,3.500
0.695,-0.732,3.500
0.657,-0.686,3.500
0.652,-0.676,3.500
0.669,-0.688,3.500
0.845,-0.862,3.500
0.772,-0.782,3.500
0.960,-0.964,3.500
0.984,-0.981,3.500
0.981,-0.970,3.500
0.792,-0.777,3.500
0.948,-0.923,3.500
0.826,-0.798,3.500
0.982,-0.941,3.500
1.048,-0.996,3.500
1.004,-0.947,3.500
1.007,-0.943,3.500
0.997,-0.926,3.500
1.001,-0.922,3.500
1.004,-0.918,3.500
1.036,-0.940,3.500
0.810,-0.729,3.500
1.022,-0.913,3.500
0.808,-0.716,3.500
0.818,-0.719,3.500
0.836,-0.729,3.500
0.816,-0.706,3.500
0.989,-0.849,3.500
0.829,-0.706,3.500
0.847,-0.716,3.500
0.843,-0.706,3.500
0.830,-0.690,3.500
0.856,-0.706,3.500
0.851,-0.696,3.500
0.846,-0.686,3.500
1.067,-0.859,3.500
0.890,-0.710,3.500
1.067,-0.845,3.500
1.092,-0.858,3.500
1.081,-0.842,3.500
1.092,-0.844,3.500
0.888,-0.681,3.500
1.091,-0.830,3.500
0.877,-0.662,3.500
0.888,-0.665,3.500
1.206,-0.895,3.500
0.995,-0.733,3.500
1.198,-0.875,3.500
0.985,-0.714,3.500
1.205,-0.865,3.500
1.015,-0.723,3.500
1.010,-0.713,3.500
1.004,-0.704,3.500
0.911,-0.633,3.500
1.002,-0.690,3.500
1.013,-0.692,3.500
1.031,-0.699,3.500
1.034,-0.695,3.500
1.021,-0.680,3.500
1.269,-0.838,3.500
1.026,-0.672,3.500
1.053,-0.683,3.500
1.023,-0.658,3.500
1.050,-0.670,3.500
1.061,-0.671,3.500
1.047,-0.657,3.500
1.066,-0.663,3.500
1.069,-0.658,3.500
1.080,-0.659,3.500
1.074,-0.650,3.500
1.085,-0.651,3.500
1.087,-0.647,3.500
1.090,-0.642,3.500
1.059,-0.618,3.500
1.300,-0.752,3.500
1.311,-0.752,3.500
1.314,-0.747,3.500
1.309,-0.737,3.500
1.328,-0.741,3.500
1.339,-0.740,3.500
1.478,-0.810,3.500
1.312,-0.712,3.500
1.493,-0.802,3.500
1.309,-0.697,3.500
1.312,-0.692,3.500
1.306,-0.683,3.500
1.342,-0.695,3.500
1.328,-0.681,3.500
1.102,-0.559,3.500
1.096,-0.551,3.500
1.072,-0.534,3.500
1.117,-0.551,3.500
1.120,-0.546,3.500
1.122,-0.542,3.500
1.106,-0.529,3.500
1.108,-0.525,3.500
1.102,-0.516,3.500
1.104,-0.512,3.500
1.150,-0.528,3.500
1.125,-0.511,3.500
1.361,-0.612,3.500
1.372,-0.611,3.500
1.175,-0.518,3.500
1.107,-0.482,3.500
1.108,-0.478,3.500
1.164,-0.496,3.500
1.139,-0.480,3.500
1.123,-0.468,3.500
1.152,-0.475,3.500
1.127,-0.460,3.500
1.164,-0.470,3.500
1.148,-0.458,3.500
1.195,-0.471,3.500
1.143,-0.445,3.500
1.153,-0.444,3.500
1.298,-0.494,3.500
1.184,-0.445,3.500
1.150,-0.427,3.500
1.206,-0.443,3.500
1.153,-0.418,3.500
1.173,-0.420,3.500
1.407,-0.498,3.500
1.130,-0.395,3.500
1.196,-0.413,3.500
1.170,-0.399,3.500
1.235,-0.416,3.500
1.408,-0.467,3.500
1.392,-0.456,3.500
1.411,-0.456,3.500
1.251,-0.399,3.500
1.262,-0.397,3.500
1.171,-0.363,3.500
1.551,-0.475,3.500
1.743,-0.526,3.500
1.431,-0.426,3.500
1.287,-0.378,3.500
1.434,-0.414,3.500
1.189,-0.338,3.500
1.190,-0.334,3.500
1.312,-0.362,3.500
1.322,-0.360,3.500
1.305,-0.350,3.500
1.316,-0.347,3.500
1.317,-0.342,3.500
1.188,-0.303,3.500
1.301,-0.327,3.500
1.330,-0.328,3.500
1.322,-0.321,3.500
1.202,-0.287,3.500
1.343,-0.315,3.500
1.223,-0.282,3.500
1.346,-0.304,3.500
1.583,-0.352,3.500
1.320,-0.288,3.500
1.349,-0.288,3.500
1.350,-0.283,3.500
1.324,-0.272,3.500
1.343,-0.271,3.500
1.354,-0.267,3.500
1.364,-0.264,3.500
1.346,-0.255,3.500
1.347,-0.250,3.500
1.376,-0.249,3.500
1.359,-0.241,3.500
1.313,-0.227,3.500
1.398,-0.236,3.500
1.389,-0.229,3.500
1.362,-0.219,3.500
1.354,-0.212,3.500
1.383,-0.211,3.500
1.346,-0.200,3.500
1.641,-0.238,3.500
1.338,-0.189,3.500
1.386,-0.190,3.500
1.349,-0.179,3.500
1.378,-0.178,3.500
1.341,-0.168,3.500
1.370,-0.166,3.500
1.380,-0.161,3.500
1.362,-0.154,3.500
1.381,-0.151,3.500
1.353,-0.142,3.500
1.373,-0.139,3.500
1.651,-0.160,3.500
1.374,-0.128,3.500
1.625,-0.145,3.500
1.394,-0.119,3.500
1.662,-0.135,3.500
1.617,-0.125,3.500
1.367,-0.100,3.500
1.367,-0.095,3.500
1.367,-0.090,3.500
1.339,-0.082,3.500
1.377,-0.079,3.500
1.397,-0.075,3.500
1.350,-0.067,3.500
1.378,-0.063,3.500
1.369,-0.057,3.500
1.398,-0.053,3.500
1.388,-0.047,3.500
1.389,-0.042,3.500
1.389,-0.036,3.500
1.379,-0.031,3.500
1.379,-0.025,3.500
1.380,-0.020,3.500
1.380,-0.014,3.500
1.342,-0.009,4.000
1.389,-0.004,4.000
1.399,0.002,4.000
1.380,0.007,4.000
1.613,0.015,4.000
1.361,0.018,4.000
1.379,0.023,4.000
1.427,0.030,4.000
1.389,0.035,4.000
1.407,0.041,4.000
1.360,0.045,4.000
1.639,0.060,4.000
1.648,0.067,4.000
1.602,0.071,4.000
1.629,0.079,4.000
1.915,0.100,4.000
1.610,0.091,4.000
1.377,0.083,4.000
1.386,0.089,4.000
1.618,0.110,4.000
1.553,0.112,4.000
1.376,0.105,4.000
1.366,0.109,4.000
1.469,0.123,4.000
1.496,0.132,4.000
1.486,0.137,4.000
1.495,0.143,4.000
1.614,0.161,4.000
1.335,0.138,4.000
1.521,0.164,4.000
1.483,0.166,4.000
1.492,0.173,4.000
1.491,0.178,4.000
1.509,0.187,4.000
1.717,0.219,4.000
1.480,0.195,4.000
1.470,0.199,4.000
1.478,0.206,4.000
1.487,0.213,4.000
1.504,0.222,4.000
1.494,0.227,4.000
1.512,0.235,4.000
1.611,0.257,4.000
1.752,0.287,4.000
1.707,0.286,4.000
1.526,0.262,4.000
1.479,0.260,4.000
1.748,0.314,4.000
1.738,0.320,4.000
1.727,0.325,4.000
1.484,0.285,4.000
1.474,0.289,4.000
1.473,0.295,4.000
1.453,0.297,4.000
1.712,0.357,4.000
1.737,0.369,4.000
1.709,0.370,4.000
1.467,0.324,4.000
1.465,0.329,4.000
1.473,0.337,4.000
1.481,0.345,4.000
1.470,0.349,4.000
1.478,0.357,4.000
1.504,0.369,4.000
1.731,0.432,4.000
1.712,0.435,4.000
1.445,0.373,4.000
1.471,0.386,4.000
1.496,0.399,4.000
1.766,0.478,4.000
1.815,0.499,4.000
1.650,0.460,4.000
1.560,0.442,4.000
1.585,0.456,4.000
1.583,0.462,4.000
1.581,0.468,4.000
1.588,0.477,4.000
1.578,0.481,4.000
1.584,0.490,4.000
1.556,0.488,4.000
1.589,0.505,4.000
1.570,0.505,4.000
1.568,0.512,4.000
1.583,0.523,4.000
1.547,0.518,4.000
1.782,0.605,4.000
1.780,0.612,4.000
1.549,0.539,4.000
1.547,0.545,4.000
1.562,0.557,4.000
1.560,0.564,4.000
1.540,0.563,4.000
1.564,0.579,4.000
1.527,0.572,4.000
1.559,0.591,4.000
1.607,0.617,4.000
1.520,0.590,4.000
1.785,0.701,4.000
1.757,0.698,4.000
1.746,0.702,4.000
1.760,0.715,4.000
1.534,0.630,4.000
1.515,0.629,4.000
1.529,0.642,4.000
1.493,0.634,4.000
1.713,0.736,4.000
1.462,0.635,4.000
1.527,0.670,4.000
1.491,0.661,4.000
1.488,0.667,4.000
1.674,0.758,4.000
1.606,0.735,4.000
1.628,0.753,4.000
1.584,0.740,4.000
1.590,0.750,4.000
1.595,0.760,4.000
1.559,0.751,4.000
1.597,0.777,4.000
1.602,0.787,4.000
1.615,0.801,4.000
1.579,0.791,4.000
1.656,0.838,4.000
1.589,0.812,4.000
1.789,0.923,4.000
1.793,0.934,4.000
1.789,0.941,4.000
1.770,0.940,4.000
1.766,0.947,4.000
1.816,0.982,4.000
1.834,1.002,4.000
1.755,0.967,4.000
1.536,0.855,4.000
1.556,0.874,4.000
1.545,0.875,4.000
1.510,0.864,4.000
1.553,0.896,4.000
1.542,0.898,4.000
1.531,0.900,4.000
1.512,0.896,4.000
1.501,0.898,4.000
1.497,0.904,4.000
1.501,0.914,4.000
1.513,0.929,4.000
1.486,0.921,4.000
1.521,0.951,4.000
1.724,1.087,4.000
1.521,0.967,4.000
1.687,1.082,4.000
1.675,1.084,4.000
1.576,1.029,4.000
1.674,1.102,4.000
1.568,1.041,4.000
1.586,1.062,4.000
1.560,1.053,4.000
1.585,1.079,4.000
1.566,1.076,4.000
1.576,1.092,4.000
1.536,1.073,4.000
1.288,0.908,4.000
1.232,0.875,4.000
1.221,0.874,4.000
1.255,0.906,4.000
1.428,1.040,4.000
1.446,1.061,4.000
1.406,1.040,4.000
1.592,1.188,4.000
1.155,0.869,4.000
1.285,0.975,4.000
1.088,0.832,4.000
1.299,1.001,4.000
1.288,1.001,4.000
1.078,0.845,4.000
1.083,0.855,4.000
1.124,0.895,4.000
1.222,0.981,4.000
1.182,0.957,4.000
1.156,0.943,4.000
1.138,0.936,4.000
1.055,0.874,4.000
0.963,0.805,4.000
0.960,0.809,4.000
0.927,0.787,4.000
0.954,0.816,4.000
0.951,0.820,4.000
0.925,0.805,4.000
0.922,0.808,4.000
0.926,0.818,4.000
0.923,0.822,4.000
0.898,0.806,4.000
0.917,0.829,4.000
0.885,0.807,4.000
0.817,0.750,4.000
1.203,1.115,4.000
0.804,0.750,4.000
0.793,0.747,4.000
0.987,0.936,4.000
0.809,0.773,4.000
0.980,0.944,4.000
0.824,0.800,4.000
1.047,1.024,4.000
0.825,0.813,4.000
0.945,0.939,4.000
1.048,1.050,4.000
0.808,0.816,4.000
0.805,0.819,4.000
0.774,0.794,4.000
0.859,0.888,4.000
0.849,0.885,4.000
0.859,0.902,4.000
0.855,0.906,4.000
0.825,0.881,4.000
0.848,0.912,4.000
0.851,0.923,4.000
0.841,0.919,4.000
0.844,0.929,4.000
1.018,1.130,4.000
1.019,1.140,4.000
1.076,1.213,4.000
1.077,1.224,4.000
1.079,1.236,4.000
1.092,1.260,4.000
0.905,1.054,4.000
0.883,1.036,4.000
0.885,1.046,4.000
0.881,1.050,4.000
0.961,1.154,4.000
0.950,1.151,4.000
1.102,1.346,4.000
0.953,1.173,4.000
1.114,1.382,4.000
1.208,1.511,4.000
1.092,1.377,4.000
1.098,1.395,4.000
1.092,1.400,4.000
1.114,1.439,4.000
0.909,1.184,4.000
0.899,1.180,4.000
0.911,1.206,4.000
1.054,1.407,4.000
0.901,1.213,4.000
0.891,1.209,4.000
0.919,1.257,4.000
0.925,1.276,4.000
0.915,1.272,4.000
0.963,1.350,4.000
0.947,1.339,4.000
0.952,1.358,4.000
0.942,1.354,4.000
0.947,1.373,4.000
0.921,1.346,4.000
0.936,1.380,4.000
1.031,1.532,4.000
1.044,1.566,4.000
1.038,1.570,4.000
1.042,1.589,4.000
1.026,1.578,4.000
1.029,1.597,4.000
0.883,1.382,4.000
0.868,1.370,4.000
0.882,1.404,4.000
0.867,1.392,4.000
0.876,1.419,4.000
0.875,1.430,4.000
0.850,1.403,4.000
0.859,1.429,4.000
0.825,1.386,4.000
0.834,1.412,4.000
0.828,1.416,4.000
0.818,1.411,4.000
0.817,1.422,4.000
0.807,1.417,4.000
0.806,1.429,4.000
0.805,1.440,4.000
0.790,1.427,4.000
0.793,1.446,4.000
0.779,1.433,4.000
0.765,1.420,4.000
0.772,1.447,4.000
0.762,1.442,4.000
0.756,1.445,4.000
0.755,1.456,4.000
0.753,1.467,4.000
0.735,1.446,4.000
0.842,1.673,4.000
0.840,1.684,4.000
0.845,1.711,4.000
0.827,1.691,4.000
0.766,1.582,4.000
0.705,1.471,4.000
0.703,1.482,4.000
0.693,1.476,4.000
0.699,1.504,4.000
0.809,1.758,4.000
0.680,1.493,4.000
0.670,1.487,4.000
0.763,1.711,4.000
0.749,1.698,4.000
0.735,1.685,4.000
0.743,1.720,4.000
0.615,1.441,4.000
0.736,1.742,4.000
0.632,1.513,4.000
0.719,1.739,4.000
0.617,1.510,4.000
0.618,1.529,4.000
0.615,1.540,4.000
0.603,1.525,4.000
0.603,1.545,4.000
0.594,1.539,4.000
0.591,1.549,4.000
0.578,1.535,4.000
0.595,1.597,4.000
0.554,1.505,4.000
0.649,1.785,4.000
0.627,1.746,4.000
0.554,1.563,4.000
0.533,1.522,4.000
0.539,1.559,4.000
0.533,1.561,4.000
0.474,1.405,4.000
0.512,1.539,4.000
0.515,1.567,4.000
0.494,1.525,4.000
0.452,1.413,4.000
0.499,1.582,4.000
0.484,1.557,4.000
0.440,1.436,4.000
0.446,1.473,4.000
0.463,1.554,4.000
0.531,1.806,4.000
0.461,1.593,4.000
0.517,1.810,4.000
0.478,1.701,4.000
0.509,1.839,4.000
0.467,1.713,4.000
0.454,1.689,4.000
0.386,1.461,4.000
0.460,1.770,4.000
0.469,1.832,4.000
0.427,1.696,4.000
0.420,1.697,4.000
0.355,1.459,4.000
0.347,1.452,4.000
0.375,1.597,4.000
0.338,1.463,4.000
0.338,1.492,4.000
0.331,1.484,4.000
0.327,1.494,4.000
0.317,1.478,4.000
0.311,1.479,4.000
0.361,1.748,4.000
0.348,1.723,4.000
0.374,1.889,4.000
0.338,1.743,4.000
0.333,1.753,4.000
0.318,1.710,4.000
0.274,1.505,4.000
0.309,1.739,4.000
0.301,1.732,4.000
0.297,1.751,4.000
0.293,1.769,4.000
0.281,1.735,4.000
0.275,1.745,4.000
0.270,1.755,4.000
0.259,1.729,4.000
0.220,1.514,4.000
0.212,1.496,4.000
0.207,1.506,4.000
0.201,1.507,4.000
0.194,1.499,4.000
0.188,1.499,4.000
0.211,1.736,4.000
0.212,1.799,4.000
0.201,1.764,4.000
0.196,1.783,4.000
0.184,1.739,4.000
0.177,1.740,4.000
0.148,1.513,4.000
0.139,1.486,4.000
0.136,1.514,4.000
0.142,1.652,4.000
0.124,1.515,4.000
0.118,1.516,4.000
0.115,1.553,4.000
0.105,1.498,4.000
0.105,1.591,4.000
0.094,1.517,4.000
0.107,1.844,4.000
0.099,1.818,4.000
0.082,1.629,4.000
0.073,1.565,4.000
0.068,1.602,4.000
0.062,1.602,4.000
0.057,1.648,4.000
0.050,1.639,4.000
0.048,1.775,4.000
0.043,1.890,4.000
0.036,1.899,4.000
0.028,1.873,4.000
0.021,1.908,4.000
0.012,1.649,4.000
0.007,2.013,4.000
-0.001,1.856,4.000
-0.008,1.640,4.000
-0.016,1.935,4.000
-0.021,1.658,4.000
-0.027,1.649,4.000
-0.034,1.667,4.000
-0.042,1.730,4.000
-0.046,1.649,4.000
-0.052,1.630,4.000
-0.059,1.639,4.000
-0.065,1.639,4.000
-0.071,1.629,4.000
-0.078,1.638,4.000
-0.084,1.629,4.000
-0.091,1.638,4.000
-0.099,1.664,4.000
-0.106,1.664,4.000
-0.110,1.627,4.000
-0.116,1.618,4.000
-0.124,1.645,4.000
-0.130,1.644,4.000
-0.138,1.653,4.000
-0.143,1.634,4.000
-0.147,1.615,4.000
-0.155,1.633,4.000
-0.163,1.641,4.000
-0.169,1.641,4.000
-0.175,1.631,4.000
-0.183,1.648,4.000
-0.189,1.647,4.000
-0.195,1.638,4.000
-0.235,1.912,4.000
-0.205,1.618,4.000
-0.242,1.849,4.000
-0.252,1.865,4.000
-0.231,1.661,4.000
-0.232,1.624,4.000
-0.240,1.632,4.000
-0.245,1.622,4.000
-0.253,1.630,4.000
-0.255,1.602,4.000
-0.270,1.655,4.000
-0.310,1.856,4.000
-0.298,1.741,4.000
-0.300,1.714,4.000
-0.313,1.748,4.000
-0.305,1.667,4.000
-0.325,1.736,4.000
-0.332,1.735,4.000
-0.335,1.716,4.000
-0.347,1.741,4.000
-0.360,1.766,4.000
-0.357,1.721,4.000
-0.362,1.711,4.000
-0.369,1.709,4.000
-0.382,1.734,4.000
-0.459,2.048,4.000
-0.438,1.920,4.000
-0.506,2.175,4.000
-0.449,1.900,4.000
-0.461,1.915,4.000
-0.418,1.707,4.000
-0.490,1.970,4.000
-0.431,1.704,4.000
-0.440,1.711,4.000
-0.449,1.718,4.000
-0.454,1.707,4.000
-0.451,1.671,4.000
-0.477,1.738,4.000
-0.476,1.711,4.000
-0.490,1.734,4.000
-0.499,1.741,4.000
-0.550,1.891,4.000
-0.570,1.930,4.000
-0.573,1.912,4.000
-0.514,1.690,4.000
-0.512,1.663,4.000
-0.527,1.686,4.000
-0.547,1.727,4.000
-0.535,1.665,4.000
-0.550,1.688,4.000
-0.556,1.686,4.000
-0.568,1.701,4.000
-0.615,1.816,4.000
-0.573,1.671,4.000
-0.583,1.677,4.000
-0.586,1.667,4.000
-0.637,1.790,4.000
-0.605,1.679,4.000
-0.654,1.793,4.000
-0.661,1.790,4.000
-0.753,2.013,4.000
-0.682,1.801,4.000
-0.769,2.007,4.000
-0.689,1.780,4.000
-0.700,1.785,4.000
-0.697,1.758,4.000
-0.701,1.747,4.000
-0.707,1.744,4.000
-0.718,1.749,4.000
-0.735,1.771,4.000
-0.738,1.760,4.000
-0.745,1.757,4.000
-0.745,1.738,4.000
-0.851,1.965,4.000
-0.859,1.961,4.000
-0.867,1.958,4.000
-0.765,1.710,4.000
-0.878,1.943,4.000
-0.797,1.744,4.000
-0.792,1.717,4.000
-0.818,1.753,4.000
-0.810,1.718,4.000
-0.813,1.707,4.000
-0.815,1.696,4.000
-0.822,1.693,4.000
-0.848,1.729,4.000
-0.843,1.702,4.000
-0.830,1.660,4.000
-0.857,1.696,4.000
-0.863,1.692,4.000
-0.922,1.789,4.000
-0.933,1.793,4.000
-1.050,2.000,4.000
-0.943,1.778,4.000
-1.073,2.006,4.000
-0.948,1.756,4.000
-1.069,1.961,4.000
-1.085,1.971,4.000
-1.085,1.952,4.000
-0.997,1.778,4.000
-0.991,1.752,4.000
-0.994,1.740,4.000
-1.009,1.752,4.000
-1.106,1.902,4.000
-1.134,1.934,4.000
-1.030,1.740,4.000
-1.050,1.758,4.000
-1.039,1.724,4.000
-1.037,1.705,4.000
-1.052,1.716,4.000
-1.171,1.892,4.000
-1.218,1.951,4.000
-1.105,1.754,4.000
-1.079,1.699,4.000
-1.128,1.760,4.000
-1.116,1.727,4.000
-1.169,1.794,4.000
-1.176,1.789,4.000
-1.183,1.784,4.000
-1.176,1.759,4.000
-1.197,1.775,4.000
-1.330,1.956,4.000
-1.201,1.752,4.000
-1.213,1.754,4.000
-1.344,1.927,4.000
-1.366,1.942,4.000
-1.239,1.746,4.000
-1.206,1.686,4.000
-1.257,1.743,4.000
-1.244,1.711,4.000
-1.370,1.868,4.000
-1.387,1.876,4.000
-1.423,1.910,4.000
-1.426,1.898,4.000
-1.328,1.754,4.000
-1.436,1.880,4.000
-1.332,1.730,4.000
-1.375,1.771,4.000
-1.382,1.765,4.000
-1.404,1.780,4.000
-1.533,1.928,4.000
-1.408,1.756,4.000
-1.425,1.763,4.000
-1.427,1.751,4.000
-1.375,1.674,4.000
-1.360,1.643,4.000
-1.594,1.910,4.000
-1.384,1.645,4.000
-1.368,1.614,4.000
-1.402,1.640,4.000
-1.392,1.616,4.000
-1.404,1.617,4.000
-1.553,1.774,4.000
-1.400,1.586,4.000
-1.428,1.606,4.000
-1.435,1.601,4.000
-1.441,1.595,4.000
-1.430,1.571,4.000
-1.448,1.577,4.000
-1.465,1.584,4.000
-1.466,1.572,4.000
-1.609,1.712,4.000
-1.455,1.536,4.000
-1.594,1.670,4.000
-1.431,1.488,4.000
-1.578,1.627,4.000
-1.573,1.609,4.000
-1.419,1.440,4.000
-1.442,1.453,4.000
-1.436,1.435,4.000
-1.435,1.423,4.000
-1.447,1.424,4.000
-1.722,1.681,4.000
-1.464,1.418,4.000
-1.458,1.401,4.000
-1.457,1.389,4.000
-1.475,1.395,4.000
-1.468,1.377,4.000
-1.473,1.372,4.000
-1.497,1.383,4.000
-1.490,1.366,4.000
-1.496,1.360,4.000
-1.494,1.348,4.000
-1.664,1.490,4.000
-1.676,1.489,4.000
-1.517,1.336,4.000
-1.725,1.508,4.000
-1.527,1.324,4.000
-1.532,1.318,4.000
-1.518,1.296,4.000
-1.529,1.295,4.000
-1.736,1.458,4.000
-1.709,1.425,4.000
-1.565,1.294,4.000
-1.576,1.293,4.000
-1.575,1.281,4.000
-1.600,1.291,4.000
-1.769,1.417,4.000
-1.603,1.273,4.000
-1.581,1.246,4.000
-1.572,1.229,4.000
-1.685,1.307,4.000
-1.697,1.305,4.000
-1.709,1.304,4.000
-1.714,1.297,4.000
-1.899,1.425,4.000
-1.704,1.268,4.000
-1.729,1.277,4.000
-1.762,1.290,4.000
-1.908,1.385,4.000
-1.710,1.231,4.000
-1.918,1.370,4.000
-1.747,1.238,4.000
-1.759,1.236,4.000
-1.750,1.219,4.000
-1.960,1.354,4.000
-1.897,1.300,4.000
-1.997,1.357,4.000
-1.962,1.322,4.000
-1.974,1.318,4.000
-1.952,1.292,4.000
-2.032,1.334,4.000
-1.962,1.277,4.000
-1.898,1.225,4.000
-1.811,1.158,4.000
-1.900,1.205,4.000
-1.905,1.198,4.000
-1.931,1.203,4.000
-2.102,1.299,4.000
-2.135,1.307,4.000
-2.105,1.278,4.000
-2.090,1.257,4.000
-2.122,1.266,4.000
-1.958,1.158,4.000
-1.934,1.133,4.000
-1.932,1.121,4.000
-1.972,1.135,4.000
-1.969,1.123,4.000
-1.952,1.103,4.000
-1.956,1.095,4.000
-2.168,1.202,4.000
-2.201,1.209,4.000
-1.984,1.080,4.000
-1.958,1.056,4.000
-1.985,1.060,4.000
-1.981,1.049,4.000
-2.189,1.147,4.000
-2.026,1.052,4.000
-2.016,1.037,4.000
-1.990,1.014,4.000
-2.016,1.017,4.000
-2.013,1.005,4.000
-2.229,1.103,4.000
-2.241,1.097,4.000
-2.238,1.085,4.000
-2.029,0.974,4.000
-2.047,0.973,4.000
-2.029,0.954,4.000
-2.055,0.957,4.000
-2.074,0.956,4.000
-2.032,0.927,4.000
-2.074,0.936,4.000
-2.278,1.017,4.000
-2.245,0.992,4.000
-2.279,0.996,4.000
-2.088,0.903,4.000
-2.084,0.892,4.000
-2.095,0.887,4.000
-2.053,0.859,4.000
-2.094,0.867,4.000
-2.090,0.856,4.000
-2.039,0.826,4.000
-1.956,0.783,4.000
-2.108,0.834,4.000
-2.211,0.865,4.000
-2.013,0.778,4.000
-2.016,0.770,4.000
-2.019,0.762,4.000
-2.014,0.752,4.000
-2.009,0.741,4.000
-2.028,0.739,4.000
-2.234,0.804,4.000
-2.041,0.726,4.000
-2.232,0.784,4.000
-2.235,0.775,4.000
-2.230,0.763,4.000
-2.264,0.765,4.000
-2.260,0.754,4.000
-2.278,0.750,4.000
-2.028,0.659,4.000
-2.071,0.664,4.000
-2.025,0.640,4.000
-2.036,0.635,4.000
-2.014,0.619,4.000
-2.049,0.621,4.000
-2.100,0.628,4.000
-2.277,0.671,4.000
-2.056,0.597,4.000
-2.042,0.584,4.000
-2.069,0.583,4.000
-2.063,0.573,4.000
-2.298,0.628,4.000
-2.300,0.619,4.000
-2.094,0.555,4.000
-2.096,0.547,4.000
-2.074,0.532,4.000
-2.076,0.524,4.000
-2.094,0.520,4.000
-2.072,0.506,4.000
-2.316,0.556,4.000
-2.318,0.547,4.000
-2.336,0.541,4.000
-2.323,0.529,4.000
-2.098,0.469,4.000
-2.083,0.457,4.000
-2.101,0.452,4.000
-2.095,0.442,4.000
-2.088,0.432,4.000
-2.131,0.432,4.000
-2.328,0.463,4.000
-2.093,0.408,4.000
-2.111,0.403,4.000
-2.325,0.434,4.000
-2.090,0.381,4.000
-2.091,0.373,4.000
-2.117,0.369,4.000
-2.316,0.395,4.000
-2.334,0.388,4.000
-2.367,0.384,4.000
-2.131,0.337,4.000
-2.346,0.362,4.000
-2.355,0.354,4.000
-2.413,0.353,4.000
-2.136,0.304,4.000
-2.129,0.294,4.000
-2.114,0.284,4.000
-2.123,0.277,4.000
-2.133,0.269,4.000
-2.125,0.260,4.000
-2.092,0.248,4.000
-2.136,0.244,4.000
-2.343,0.259,4.000
-2.352,0.250,4.000
-2.121,0.217,4.000
-2.122,0.209,4.000
-2.132,0.201,4.000
-2.132,0.193,4.000
-2.167,0.188,4.000
-2.151,0.178,4.000
-2.092,0.165,4.000
-2.118,0.158,4.000
-2.119,0.150,4.000
-2.136,0.143,4.000
-2.128,0.134,4.000
-2.129,0.126,4.000
-2.121,0.117,4.000
-2.147,0.110,4.000
-2.147,0.101,4.000
-2.097,0.091,4.000
-2.339,0.092,4.000
-2.348,0.083,4.000
-2.373,0.075,4.000
-2.397,0.066,4.000
-2.132,0.050,4.000
-2.357,0.046,4.000
-2.390,0.038,4.000
-2.374,0.028,4.000
-2.357,0.019,4.000
-2.357,0.009,4.000
-2.374,0.000,4.000
-2.366,-0.009,4.000
-2.374,-0.019,4.000
-2.132,-0.025,4.000
-2.107,-0.033,4.000
-2.141,-0.042,4.000
-2.132,-0.050,4.000
-2.149,-0.059,4.000
-2.381,-0.075,4.000
-2.372,-0.084,4.000
-2.131,-0.084,4.000
-2.147,-0.093,4.000
-2.139,-0.101,4.000
-2.147,-0.110,4.000
-2.362,-0.130,4.000
-2.370,-0.140,4.000
-2.145,-0.135,4.000
-2.119,-0.142,4.000
-2.169,-0.154,4.000
-2.135,-0.160,4.000
-2.151,-0.169,4.000
-2.108,-0.174,4.000
-2.349,-0.203,4.000
-2.397,-0.217,4.000
-2.106,-0.199,4.000
-2.131,-0.210,4.000
-2.138,-0.219,4.000
-2.112,-0.225,4.000
-2.120,-0.234,4.000
-2.136,-0.244,4.000
-2.382,-0.282,4.000
-2.332,-0.285,4.000
-2.241,-0.283,4.000
-2.165,-0.282,4.000
-2.441,-0.328,4.000
-2.440,-0.337,4.000
-2.462,-0.350,4.000
-2.469,-0.361,4.000
-2.258,-0.339,4.000
-2.240,-0.346,4.000
-2.231,-0.353,4.000
-2.254,-0.366,4.000
-2.211,-0.368,4.000
-2.202,-0.375,4.000
-2.233,-0.390,4.000
-2.190,-0.391,4.000
-2.230,-0.407,4.000
-2.228,-0.416,4.000
-2.235,-0.426,4.000
-2.217,-0.432,4.000
-2.191,-0.436,4.000
-2.205,-0.447,4.000
-2.220,-0.459,4.000
-2.226,-0.470,4.000
-2.240,-0.482,4.000
-2.214,-0.486,4.000
-2.196,-0.491,4.000
-2.202,-0.501,4.000
-2.249,-0.521,4.000
-2.190,-0.516,4.000
-2.204,-0.529,4.000
-2.202,-0.538,4.000
-2.200,-0.546,4.000
-2.214,-0.559,4.000
-2.155,-0.553,4.000
-2.161,-0.564,4.000
-2.175,-0.576,4.000
-2.173,-0.585,4.000
-2.186,-0.598,4.000
-2.176,-0.604,4.000
-2.355,-0.664,4.000
-2.391,-0.684,4.000
-2.303,-0.669,4.000
-2.134,-0.629,4.000
-2.132,-0.637,4.000
-2.311,-0.701,4.000
-2.354,-0.724,4.000
-2.344,-0.731,4.000
-2.333,-0.737,4.000
-2.143,-0.687,4.000
-2.100,-0.682,4.000
-2.309,-0.760,4.000
-2.329,-0.777,4.000
-2.264,-0.765,4.000
-2.081,-0.712,4.000
-2.102,-0.729,4.000
-2.084,-0.731,4.000
-2.081,-0.740,4.000
-2.054,-0.739,4.000
-2.083,-0.759,4.000
-2.265,-0.835,4.000
-2.045,-0.763,4.000
-2.289,-0.865,4.000
-2.263,-0.865,4.000
-2.099,-0.812,4.000
-2.286,-0.894,4.000
-2.222,-0.879,4.000
-2.368,-0.948,4.000
-2.185,-0.885,4.000
-2.182,-0.893,4.000
-2.125,-0.880,4.000
-2.129,-0.891,4.000
-2.141,-0.906,4.000
-2.160,-0.924,4.000
-2.149,-0.929,4.000
-2.366,-1.035,4.000
-2.111,-0.933,4.000
-2.115,-0.945,4.000
-2.332,-1.053,4.000
-2.123,-0.968,4.000
-2.317,-1.068,4.000
-2.152,-1.002,4.000
-2.104,-0.989,4.000
-2.115,-1.005,4.000
-2.278,-1.093,4.000
-2.114,-1.025,4.000
-2.277,-1.115,4.000
-2.062,-1.019,4.000
-2.282,-1.140,4.000
-2.278,-1.149,4.000
-2.273,-1.158,4.000
-2.290,-1.177,4.000
-2.396,-1.244,4.000
-2.301,-1.206,4.000
-2.255,-1.193,4.000
-2.058,-1.099,4.000
-2.017,-1.088,4.000
-2.063,-1.123,4.000
-2.037,-1.119,4.000
-2.040,-1.131,4.000
-2.014,-1.127,4.000
-2.045,-1.155,4.000
-2.244,-1.279,4.000
-2.015,-1.159,4.000
-2.213,-1.285,4.000
-2.174,-1.273,4.000
-2.022,-1.195,4.000
-2.025,-1.207,4.000
-2.186,-1.315,4.000
-2.201,-1.336,4.000
-1.989,-1.218,4.000
-1.978,-1.222,4.000
-1.945,-1.212,4.000
-1.961,-1.233,4.000
-1.935,-1.227,4.000
-1.965,-1.257,4.000
-1.898,-1.225,4.000
-1.858,-1.209,4.000
-1.867,-1.226,4.000
-1.834,-1.215,4.000
-1.850,-1.236,4.000
-1.887,-1.271,4.000
-1.854,-1.260,4.000
-1.870,-1.281,4.000
-2.033,-1.404,4.000
-2.034,-1.417,4.000
-1.759,-1.235,4.000
-1.740,-1.233,4.000
-1.749,-1.249,4.000
-1.703,-1.226,4.000
-1.636,-1.188,4.000
-1.603,-1.174,4.000
-1.640,-1.211,4.000
-1.615,-1.202,4.000
-1.498,-1.124,4.000
-1.707,-1.292,4.000
-1.689,-1.288,4.000
-1.492,-1.147,4.000
-1.487,-1.153,4.000
-1.364,-1.066,4.000
-1.388,-1.093,4.000
-1.376,-1.093,4.000
-1.428,-1.143,4.000
-1.361,-1.098,4.000
-1.548,-1.259,4.000
-1.556,-1.276,4.000
-1.285,-1.062,4.000
-1.274,-1.062,4.000
-1.263,-1.061,4.000
-1.224,-1.036,4.000
-1.234,-1.053,4.000
-1.257,-1.082,4.000
-1.239,-1.075,4.000
-1.262,-1.103,4.000
-1.182,-1.042,4.000
-1.294,-1.149,4.000
-1.296,-1.160,4.000
-1.136,-1.025,4.000
-1.111,-1.010,4.000
-1.100,-1.008,4.000
-1.124,-1.038,4.000
-1.293,-1.204,4.000
-1.288,-1.209,4.000
-1.277,-1.208,4.000
-1.181,-1.125,4.000
-1.209,-1.162,4.000
-1.172,-1.135,4.000
-1.174,-1.146,4.000
-1.310,-1.289,4.000
-1.229,-1.219,4.000
-1.160,-1.159,4.000
-1.270,-1.279,4.000
-1.240,-1.259,4.000
-1.395,-1.427,4.000
-1.230,-1.268,4.000
-1.250,-1.299,4.000
-1.208,-1.265,4.000
-1.396,-1.474,4.000
-1.378,-1.467,4.000
-1.379,-1.479,4.000
-1.194,-1.290,4.000
-1.308,-1.425,4.000
-1.285,-1.411,4.000
-1.268,-1.403,4.000
-1.291,-1.441,4.000
-1.257,-1.413,4.000
-1.400,-1.586,4.000
-1.432,-1.636,4.000
-1.404,-1.617,4.000
-1.420,-1.648,4.000
-1.234,-1.444,4.000
-1.368,-1.614,4.000
-1.200,-1.427,4.000
-1.212,-1.452,4.000
-1.217,-1.470,4.000
-1.211,-1.475,4.000
-1.336,-1.640,4.000
-1.189,-1.471,4.000
-1.334,-1.664,4.000
-1.322,-1.662,4.000
-1.347,-1.707,4.000
-1.094,-1.398,4.000
-1.303,-1.678,4.000
-1.083,-1.407,4.000
-1.284,-1.681,4.000
-1.067,-1.408,4.000
-1.040,-1.384,4.000
-1.187,-1.593,4.000
-1.056,-1.428,4.000
-1.066,-1.454,4.000
-1.065,-1.465,4.000
-1.044,-1.447,4.000
-1.017,-1.422,4.000
-1.022,-1.441,4.000
-1.032,-1.467,4.000
-1.001,-1.434,4.000
-0.990,-1.431,4.000
-1.020,-1.486,4.000
-1.004,-1.476,4.000
-1.077,-1.597,4.000
-1.027,-1.535,4.000
-1.103,-1.663,4.000
-0.995,-1.513,4.000
-0.965,-1.480,4.000
-0.964,-1.491,4.000
-0.963,-1.503,4.000
-0.952,-1.499,4.000
-0.937,-1.487,4.000
-0.945,-1.514,4.000
-0.925,-1.495,4.000
-1.119,-1.825,4.000
-0.918,-1.510,4.000
-0.917,-1.521,4.000
-0.888,-1.486,4.000
-1.025,-1.732,4.000
-1.023,-1.744,4.000
-0.893,-1.535,4.000
-0.891,-1.546,4.000
-0.876,-1.534,4.000
-0.866,-1.530,4.000
-0.938,-1.672,4.000
-0.849,-1.529,4.000
-0.966,-1.756,4.000
-0.964,-1.767,4.000
-0.827,-1.531,4.000
-0.834,-1.558,4.000
-0.802,-1.513,4.000
-0.830,-1.580,4.000
-0.819,-1.575,4.000
-0.801,-1.555,4.000
-0.799,-1.566,4.000
-0.789,-1.561,4.000
-0.893,-1.785,4.000
-0.886,-1.788,4.000
-0.883,-1.799,4.000
-0.879,-1.811,4.000
-0.876,-1.822,4.000
-0.865,-1.817,4.000
-0.768,-1.630,4.000
-0.747,-1.601,4.000
-0.833,-1.804,4.000
-0.836,-1.831,4.000
-0.757,-1.675,4.000
-0.732,-1.637,4.000
-0.719,-1.624,4.000
-0.723,-1.651,4.000
-0.699,-1.613,4.000
-0.646,-1.507,4.000
-0.679,-1.602,4.000
-0.680,-1.621,4.000
-0.784,-1.891,4.000
-0.718,-1.749,4.000
-0.717,-1.768,4.000
-0.704,-1.755,4.000
-0.661,-1.667,4.000
-0.687,-1.752,4.000
-0.606,-1.563,4.000
-0.632,-1.650,4.000
-0.581,-1.534,4.000
-0.571,-1.528,4.000
-0.649,-1.757,4.000
-0.648,-1.776,4.000
-0.635,-1.762,4.000
-0.634,-1.781,4.000
-0.541,-1.539,4.000
-0.538,-1.549,4.000
-0.529,-1.543,4.000
-0.520,-1.536,4.000
-0.526,-1.573,4.000
-0.505,-1.532,4.000
-0.642,-1.971,4.000
-0.573,-1.784,4.000
-0.571,-1.803,4.000
-0.492,-1.574,4.000
-0.480,-1.559,4.000
-0.472,-1.552,4.000
-0.473,-1.580,4.000
-0.459,-1.555,4.000
-0.529,-1.816,4.000
-0.531,-1.851,4.000
-0.444,-1.569,4.000
-0.445,-1.598,4.000
-0.431,-1.573,4.000
-0.425,-1.575,4.000
-0.492,-1.853,4.000
-0.465,-1.778,4.000
-0.402,-1.562,4.000
-0.400,-1.581,4.000
-0.396,-1.592,4.000
-0.397,-1.620,4.000
-0.386,-1.603,4.000
-0.373,-1.578,4.000
-0.424,-1.825,4.000
-0.419,-1.835,4.000
-0.410,-1.828,4.000
-0.403,-1.830,4.000
-0.401,-1.857,4.000
-0.394,-1.858,4.000
-0.332,-1.597,4.000
-0.379,-1.861,4.000
-0.385,-1.931,4.000
-0.356,-1.821,4.000
-0.312,-1.629,4.000
-0.299,-1.594,4.000
-0.333,-1.817,4.000
-0.281,-1.569,4.000
-0.285,-1.624,4.000
-0.320,-1.872,4.000
-0.276,-1.654,4.000
-0.265,-1.628,4.000
-0.255,-1.602,4.000
-0.251,-1.621,4.000
-0.245,-1.622,4.000
-0.240,-1.632,4.000
-0.273,-1.907,4.000
-0.257,-1.847,4.000
-0.221,-1.634,4.000
-0.208,-1.590,4.000
-0.200,-1.573,4.000
-0.202,-1.646,4.000
-0.221,-1.860,4.000
-0.208,-1.808,4.000
-0.211,-1.897,4.000
-0.179,-1.676,4.000
-0.196,-1.898,4.000
-0.186,-1.873,4.000
-0.181,-1.900,4.000
-0.172,-1.883,4.000
-0.147,-1.679,4.000
-0.138,-1.662,4.000
-0.129,-1.626,4.000
-0.128,-1.699,4.000
-0.134,-1.869,4.000
-0.129,-1.904,4.000
-0.119,-1.878,4.000
-0.098,-1.637,4.000
-0.092,-1.647,4.000
-0.084,-1.629,4.000
-0.080,-1.666,4.000
-0.070,-1.602,4.000
-0.065,-1.630,4.000
-0.059,-1.630,4.000
-0.053,-1.648,4.000
-0.053,-1.890,4.000
-0.040,-1.649,4.000
-0.034,-1.658,4.000
-0.027,-1.622,4.000
-0.021,-1.658,4.000
-0.016,-1.917,4.000
-0.008,-1.649,4.000
-0.001,-1.649,4.000
0.005,-1.640,4.000
0.012,-1.631,4.000
0.018,-1.631,4.000
0.025,-1.640,4.000
0.031,-1.631,4.000
0.038,-1.640,4.000
0.045,-1.667,4.000
0.050,-1.630,4.000
0.057,-1.639,4.000
0.064,-1.648,4.000
0.070,-1.648,4.000
0.077,-1.647,4.000
0.083,-1.656,4.000
0.088,-1.629,4.000
0.096,-1.656,4.000
0.115,-1.843,4.000
0.125,-1.887,4.000
0.133,-1.895,4.000
0.120,-1.627,4.000
0.128,-1.635,4.000
0.133,-1.626,4.000
0.139,-1.616,4.000
0.170,-1.892,4.000
0.155,-1.651,4.000
0.184,-1.882,4.000
0.166,-1.632,4.000
0.174,-1.649,4.000
0.179,-1.630,4.000
0.185,-1.630,4.000
0.188,-1.602,4.000
0.196,-1.610,4.000
0.206,-1.636,4.000
0.208,-1.608,4.000
0.250,-1.874,4.000
0.258,-1.873,4.000
0.230,-1.624,4.000
0.266,-1.828,4.000
0.243,-1.622,4.000
0.250,-1.630,4.000
0.254,-1.611,4.000
0.259,-1.601,4.000
0.295,-1.778,4.000
0.316,-1.864,4.000
0.284,-1.634,4.000
0.292,-1.642,4.000
0.314,-1.729,4.000
0.358,-1.928,4.000
0.325,-1.709,4.000
0.400,-2.060,4.000
0.340,-1.715,4.000
0.329,-1.625,4.000
0.357,-1.730,4.000
0.366,-1.738,4.000
0.355,-1.657,4.000
0.379,-1.735,4.000
0.382,-1.716,4.000
0.387,-1.705,4.000
0.400,-1.730,4.000
0.404,-1.720,4.000
0.384,-1.604,4.000
0.418,-1.717,4.000
0.492,-1.987,4.000
0.436,-1.731,4.000
0.449,-1.755,4.000
0.447,-1.718,4.000
0.454,-1.717,4.000
0.463,-1.724,4.000
0.465,-1.704,4.000
0.474,-1.711,4.000
0.476,-1.692,4.000
0.475,-1.664,4.000
0.497,-1.714,4.000
0.501,-1.704,4.000
0.573,-1.921,4.000
0.506,-1.674,4.000
0.515,-1.680,4.000
0.519,-1.670,4.000
0.605,-1.920,4.000
0.549,-1.717,4.000
0.545,-1.681,4.000
0.554,-1.687,4.000
0.555,-1.668,4.000
0.556,-1.649,4.000
0.568,-1.663,4.000
0.580,-1.678,4.000
0.590,-1.684,4.000
0.585,-1.648,4.000
0.597,-1.663,4.000
0.607,-1.669,4.000
0.607,-1.650,4.000
0.696,-1.870,4.000
0.710,-1.883,4.000
0.714,-1.873,4.000
0.639,-1.657,4.000
0.643,-1.646,4.000
0.733,-1.856,4.000
0.737,-1.845,4.000
0.751,-1.858,4.000
0.765,-1.871,4.000
0.685,-1.658,4.000
0.681,-1.630,4.000
0.687,-1.627,4.000
0.767,-1.795,4.000
0.801,-1.856,4.000
0.805,-1.845,4.000
0.816,-1.850,4.000
0.830,-1.862,4.000
0.879,-1.952,4.000
0.676,-1.484,4.000
0.841,-1.829,4.000
0.804,-1.731,4.000
0.804,-1.712,4.000
0.818,-1.724,4.000
0.701,-1.463,4.000
0.820,-1.694,4.000
0.716,-1.465,4.000
0.746,-1.511,4.000
0.662,-1.327,4.000
0.688,-1.366,4.000
0.689,-1.355,4.000
0.694,-1.353,4.000
0.687,-1.325,4.000
0.705,-1.347,4.000
0.702,-1.328,4.000
0.716,-1.342,4.000
0.816,-1.516,4.000
0.659,-1.212,4.000
0.789,-1.438,4.000
0.790,-1.427,4.000
0.755,-1.352,4.000
0.765,-1.357,4.000
0.820,-1.441,4.000
0.748,-1.302,4.000
0.758,-1.307,4.000
0.749,-1.280,4.000
0.564,-0.955,4.000
0.562,-0.944,4.000
0.715,-1.191,4.000
0.710,-1.172,4.000
0.579,-0.946,4.000
0.577,-0.936,4.000
0.622,-1.000,4.000
0.662,-1.055,4.000
0.508,-0.802,4.000
0.660,-1.033,4.000
0.680,-1.055,4.000
0.668,-1.028,4.000
0.683,-1.042,4.000
0.687,-1.039,4.000
0.691,-1.036,4.000
0.450,-0.670,4.000
0.488,-0.719,4.000
0.467,-0.683,4.000
0.458,-0.664,4.000
0.461,-0.663,4.000
0.469,-0.669,4.000
0.496,-0.701,4.000
0.627,-0.879,4.000
0.453,-0.630,4.000
0.776,-1.071,4.000
0.501,-0.685,4.000
0.785,-1.065,4.000
0.602,-0.811,4.000
0.618,-0.824,4.000
0.579,-0.766,4.000
0.420,-0.551,4.000
0.663,-0.864,4.000
0.399,-0.515,4.000
0.420,-0.538,4.000
0.448,-0.569,4.000
0.514,-0.648,4.000
0.420,-0.525,4.000
0.435,-0.540,4.000
0.476,-0.586,4.000
0.524,-0.640,4.000
0.520,-0.630,4.000
0.691,-0.830,4.000
0.532,-0.634,4.000
0.521,-0.616,4.000
0.524,-0.614,4.000
0.526,-0.612,4.000
0.569,-0.657,4.000
0.585,-0.670,4.000
0.816,-0.928,4.000
0.820,-0.925,4.000
0.824,-0.922,4.000
0.917,-1.018,4.000
0.798,-0.879,4.000
0.970,-1.060,4.000
0.845,-0.916,4.000
0.842,-0.905,4.000
0.697,-0.744,4.000
0.748,-0.792,4.000
0.778,-0.818,4.000
0.775,-0.807,4.000
0.778,-0.804,4.000
0.774,-0.794,4.000
0.954,-0.971,4.000
0.760,-0.767,4.000
0.763,-0.764,4.000
0.780,-0.775,4.000
0.783,-0.772,4.000
0.800,-0.783,4.000
0.774,-0.752,4.000
0.784,-0.756,4.000
0.795,-0.760,4.000
0.805,-0.763,4.000
0.801,-0.753,4.000
0.789,-0.737,4.000
0.777,-0.720,4.000
0.802,-0.737,4.000
0.892,-0.813,4.000
0.830,-0.751,4.000
0.862,-0.774,4.000
0.930,-0.828,4.000
0.875,-0.773,4.000
0.878,-0.770,4.000
0.815,-0.708,4.000
1.151,-0.993,4.000
0.902,-0.772,4.000
0.957,-0.813,4.000
0.931,-0.784,4.000
0.941,-0.786,4.000
0.952,-0.789,4.000
0.955,-0.785,4.000
0.950,-0.775,4.000
0.976,-0.790,4.000
0.964,-0.774,4.000
0.967,-0.770,4.000
0.985,-0.778,4.000
1.003,-0.786,4.000
0.945,-0.735,4.000
0.971,-0.749,4.000
1.156,-0.884,4.000
0.954,-0.724,4.000
1.303,-0.981,4.000
1.211,-0.904,4.000
1.200,-0.888,4.000
0.989,-0.726,4.000
1.007,-0.733,4.000
0.994,-0.718,4.000
1.021,-0.731,4.000
0.992,-0.705,4.000
0.995,-0.701,4.000
1.005,-0.702,4.000
0.992,-0.687,4.000
1.011,-0.694,4.000
1.014,-0.690,4.000
1.016,-0.686,4.000
1.263,-0.846,4.000
1.220,-0.810,4.000
1.262,-0.831,4.000
1.091,-0.713,4.000
1.030,-0.666,4.000
1.280,-0.821,4.000
1.043,-0.663,4.000
1.270,-0.801,4.000
1.081,-0.676,4.000
1.402,-0.869,4.000
1.028,-0.632,4.000
1.023,-0.623,4.000
1.075,-0.649,4.000
1.061,-0.635,4.000
1.047,-0.621,4.000
1.057,-0.621,4.000
1.282,-0.746,4.000
1.293,-0.746,4.000
1.073,-0.614,4.000
1.084,-0.614,4.000
1.044,-0.586,4.000
1.089,-0.606,4.000
1.208,-0.666,4.000
1.076,-0.588,4.000
1.304,-0.706,4.000
1.324,-0.709,4.000
1.100,-0.584,4.000
1.111,-0.584,4.000
1.096,-0.571,4.000
1.116,-0.576,4.000
1.477,-0.755,4.000
1.340,-0.678,4.000
1.334,-0.669,4.000
1.312,-0.651,4.000
1.348,-0.662,4.000
1.499,-0.729,4.000
1.131,-0.545,4.000
1.089,-0.519,4.000
1.118,-0.528,4.000
1.137,-0.531,4.000
1.122,-0.519,4.000
1.124,-0.514,4.000
1.126,-0.510,4.000
1.163,-0.521,4.000
1.165,-0.517,4.000
1.078,-0.473,4.000
1.125,-0.488,4.000
1.162,-0.499,4.000
1.200,-0.510,4.000
1.148,-0.483,4.000
1.132,-0.471,4.000
1.458,-0.599,4.000
1.145,-0.465,4.000
1.147,-0.461,4.000
1.149,-0.456,4.000
1.231,-0.484,4.000
1.391,-0.540,4.000
1.376,-0.528,4.000
1.542,-0.585,4.000
1.561,-0.585,4.000
1.529,-0.566,4.000
1.393,-0.510,4.000
1.577,-0.570,4.000
1.562,-0.557,4.000
1.547,-0.545,4.000
1.462,-0.509,4.000
1.542,-0.530,4.000
1.440,-0.489,4.000
1.538,-0.515,4.000
1.488,-0.492,4.000
1.551,-0.506,4.000
1.553,-0.500,4.000
1.288,-0.409,4.000
1.353,-0.424,4.000
1.318,-0.407,4.000
1.569,-0.478,4.000
1.202,-0.361,4.000
1.350,-0.400,4.000
1.187,-0.346,4.000
1.197,-0.344,4.000
1.337,-0.379,4.000
1.320,-0.368,4.000
1.349,-0.371,4.000
1.323,-0.358,4.000
1.342,-0.358,4.000
1.586,-0.416,4.000
1.597,-0.412,4.000
1.599,-0.406,4.000
1.366,-0.341,4.000
1.331,-0.327,4.000
1.332,-0.322,4.000
1.569,-0.372,4.000
1.344,-0.313,4.000
1.354,-0.310,4.000
1.383,-0.311,4.000
1.338,-0.295,4.000
1.385,-0.300,4.000
1.368,-0.291,4.000
1.332,-0.278,4.000
1.370,-0.280,4.000
1.381,-0.276,4.000
1.372,-0.269,4.000
1.602,-0.308,4.000
1.585,-0.298,4.000
1.385,-0.255,4.000
1.358,-0.244,4.000
1.350,-0.237,4.000
1.350,-0.232,4.000
1.351,-0.227,4.000
1.371,-0.224,4.000
1.315,-0.210,4.000
1.354,-0.211,4.000
1.364,-0.207,4.000
1.365,-0.202,4.000
1.668,-0.240,4.000
1.606,-0.224,4.000
1.377,-0.187,4.000
1.349,-0.178,4.000
1.672,-0.213,4.000
1.637,-0.202,4.000
1.379,-0.165,4.000
1.389,-0.161,4.000
1.409,-0.157,4.000
1.362,-0.147,4.000
1.353,-0.140,4.000
1.401,-0.140,4.000
1.373,-0.132,4.000
1.383,-0.127,4.000
1.616,-0.142,4.000
1.607,-0.135,4.000
1.626,-0.130,4.000
1.635,-0.124,4.000
1.386,-0.100,4.000
1.358,-0.093,4.000
1.628,-0.105,4.000
1.637,-0.099,4.000
1.610,-0.091,4.000
1.629,-0.085,4.000
1.359,-0.066,4.000
1.388,-0.062,4.000
1.369,-0.056,4.000
1.379,-0.051,4.000
1.398,-0.046,4.000
1.360,-0.039,4.000
1.360,-0.034,4.000
1.408,-0.030,4.000
1.398,-0.024,4.000
1.389,-0.018,4.000
