X,Y,Z
# Scan parameters: Height: 20cm, Layer height: 0.50cm
# Data points below:
1.695,0.000,0.000
1.380,0.005,0.000
1.502,0.012,0.000
1.361,0.016,0.000
1.539,0.024,0.000
1.360,0.027,0.000
1.360,0.032,0.000
1.557,0.043,0.000
1.603,0.050,0.000
1.621,0.057,0.000
1.611,0.063,0.000
1.350,0.058,0.000
1.359,0.064,0.000
1.359,0.069,0.000
1.359,0.075,0.000
1.358,0.080,0.000
1.368,0.086,0.000
1.358,0.091,0.000
1.376,0.097,0.000
1.376,0.103,0.000
1.366,0.108,0.000
1.366,0.113,0.000
1.375,0.119,0.000
1.374,0.124,0.000
1.383,0.131,0.000
1.364,0.134,0.000
1.604,0.164,0.000
1.585,0.169,0.000
1.603,0.177,0.000
1.620,0.185,0.000
1.361,0.161,0.000
1.360,0.166,0.000
1.359,0.172,0.000
1.359,0.177,0.000
1.349,0.181,0.000
1.310,0.181,0.000
1.347,0.192,0.000
1.346,0.197,0.000
1.364,0.205,0.000
1.382,0.213,0.000
1.297,0.205,0.000
1.574,0.256,0.000
1.380,0.230,0.000
1.238,0.211,0.000
1.350,0.236,0.000
1.588,0.284,0.000
1.263,0.231,0.000
1.449,0.270,0.000
1.195,0.228,0.000
1.213,0.236,0.000
1.203,0.239,0.000
1.221,0.248,0.000
1.332,0.276,0.000
1.433,0.303,0.000
1.477,0.318,0.000
1.421,0.312,0.000
1.438,0.322,0.000
1.262,0.287,0.000
1.195,0.277,0.000
1.203,0.284,0.000
1.183,0.284,0.000
1.191,0.291,0.000
1.181,0.293,0.000
1.180,0.298,0.000
1.207,0.310,0.000
1.205,0.315,0.000
1.148,0.304,0.000
1.184,0.319,0.000
1.413,0.386,0.000
1.438,0.399,0.000
1.410,0.398,0.000
1.179,0.338,0.000
1.187,0.345,0.000
1.186,0.350,0.000
1.184,0.354,0.000
1.174,0.356,0.000
1.172,0.361,0.000
1.189,0.371,0.000
1.179,0.373,0.000
1.168,0.374,0.000
1.194,0.388,0.000
1.192,0.393,0.000
1.154,0.385,0.000
1.171,0.396,0.000
1.377,0.471,0.000
1.150,0.399,0.000
1.184,0.416,0.000
1.183,0.421,0.000
1.181,0.425,0.000
1.170,0.427,0.000
1.123,0.414,0.000
1.158,0.432,0.000
1.370,0.518,0.000
1.377,0.526,0.000
1.461,0.565,0.000
1.142,0.447,0.000
1.379,0.546,0.000
1.120,0.449,0.000
1.172,0.475,0.000
1.090,0.446,0.000
1.133,0.469,0.000
1.377,0.577,0.000
1.012,0.429,0.000
1.101,0.471,0.000
1.108,0.479,0.000
1.052,0.460,0.000
1.157,0.511,0.000
1.120,0.500,0.000
1.118,0.505,0.000
0.982,0.448,0.000
1.078,0.497,0.000
0.979,0.456,0.000
1.231,0.579,0.000
0.984,0.468,0.000
1.070,0.514,0.000
0.989,0.480,0.000
0.978,0.479,0.000
0.976,0.483,0.000
0.966,0.482,0.000
1.189,0.600,0.000
1.195,0.609,0.000
1.176,0.605,0.000
0.958,0.498,0.000
0.965,0.506,0.000
0.980,0.519,0.000
0.935,0.500,0.000
1.002,0.541,0.000
0.957,0.521,0.000
0.946,0.520,0.000
1.165,0.646,0.000
1.187,0.665,0.000
0.940,0.531,0.000
0.955,0.545,0.000
0.961,0.553,0.000
0.942,0.547,0.000
0.931,0.546,0.000
1.105,0.654,0.000
1.136,0.678,0.000
1.382,0.832,0.000
0.931,0.566,0.000
0.937,0.574,0.000
0.943,0.583,0.000
0.933,0.582,0.000
0.947,0.596,0.000
1.157,0.734,0.000
1.114,0.713,0.000
1.119,0.723,0.000
0.995,0.648,0.000
0.794,0.521,0.000
0.916,0.607,0.000
0.906,0.605,0.000
0.912,0.614,0.000
0.777,0.528,0.000
0.890,0.610,0.000
1.056,0.730,0.000
0.771,0.537,0.000
1.003,0.705,0.000
1.110,0.787,0.000
0.822,0.587,0.000
0.844,0.608,0.000
0.776,0.564,0.000
0.774,0.567,0.000
0.780,0.576,0.000
0.952,0.709,0.000
0.926,0.695,0.000
0.955,0.723,0.000
0.913,0.697,0.000
0.713,0.548,0.000
0.766,0.594,0.000
0.732,0.573,0.000
0.769,0.607,0.000
0.759,0.603,0.000
0.749,0.600,0.000
0.723,0.584,0.000
0.829,0.675,0.000
0.750,0.615,0.000
0.724,0.599,0.000
0.745,0.621,0.000
0.727,0.611,0.000
0.740,0.627,0.000
0.707,0.604,0.000
0.720,0.620,0.000
0.710,0.616,0.000
0.730,0.638,0.000
0.697,0.615,0.000
0.717,0.637,0.000
0.906,0.812,0.000
0.896,0.809,0.000
0.717,0.653,0.000
0.700,0.642,0.000
0.690,0.638,0.000
0.876,0.816,0.000
0.700,0.657,0.000
0.697,0.660,0.000
0.687,0.655,0.000
0.670,0.644,0.000
0.860,0.833,0.000
0.694,0.678,0.000
0.662,0.652,0.000
0.660,0.655,0.000
0.888,0.888,0.000
0.857,0.864,0.000
0.847,0.860,0.000
0.850,0.870,0.000
0.840,0.867,0.000
0.651,0.677,0.000
0.793,0.831,0.000
0.680,0.719,0.000
0.671,0.714,0.000
0.654,0.702,0.000
0.651,0.705,0.000
0.662,0.722,0.000
0.632,0.695,0.000
0.650,0.720,0.000
0.620,0.692,0.000
0.624,0.702,0.000
0.635,0.720,0.000
0.619,0.707,0.000
0.622,0.717,0.000
0.593,0.689,0.000
0.610,0.714,0.000
0.627,0.740,0.000
0.733,0.872,0.000
0.980,1.175,0.000
0.769,0.930,0.000
0.615,0.750,0.000
0.606,0.744,0.000
0.597,0.739,0.000
0.755,0.942,0.000
0.591,0.743,0.000
0.588,0.746,0.000
0.591,0.756,0.000
0.728,0.938,0.000
0.724,0.941,0.000
0.601,0.787,0.000
0.579,0.765,0.000
0.570,0.759,0.000
0.561,0.754,0.000
0.552,0.748,0.000
0.567,0.774,0.000
0.552,0.760,0.000
0.549,0.762,0.000
0.685,0.958,0.000
0.692,0.977,0.000
0.700,0.995,0.000
0.679,0.974,0.000
0.697,1.009,0.000
0.693,1.012,0.000
0.528,0.777,0.000
0.525,0.779,0.000
0.665,0.995,0.000
0.677,1.022,0.000
0.521,0.794,0.000
0.507,0.779,0.000
0.521,0.806,0.000
0.485,0.757,0.000
0.476,0.751,0.000
0.516,0.821,0.000
0.476,0.763,0.000
0.489,0.791,0.000
0.480,0.784,0.000
0.483,0.794,0.000
0.628,1.042,0.000
0.613,1.028,0.000
0.489,0.826,0.000
0.615,1.050,0.000
0.669,1.152,0.000
0.602,1.046,0.000
0.574,1.006,0.000
0.589,1.042,0.000
0.469,0.837,0.000
0.426,0.768,0.000
0.472,0.859,0.000
0.454,0.834,0.000
0.451,0.836,0.000
0.457,0.855,0.000
0.444,0.839,0.000
0.436,0.832,0.000
0.438,0.843,0.000
0.421,0.817,0.000
0.408,0.801,0.000
0.423,0.839,0.000
0.420,0.840,0.000
0.540,1.090,0.000
0.531,1.084,0.000
0.518,1.068,0.000
0.527,1.097,0.000
0.412,0.867,0.000
0.409,0.868,0.000
0.575,1.233,0.000
0.501,1.087,0.000
0.386,0.846,0.000
0.391,0.866,0.000
0.387,0.867,0.000
0.392,0.887,0.000
0.372,0.852,0.000
0.483,1.117,0.000
0.475,1.110,0.000
0.362,0.856,0.000
0.394,0.941,0.000
0.356,0.859,0.000
0.371,0.907,0.000
0.360,0.890,0.000
0.357,0.891,0.000
0.346,0.874,0.000
0.346,0.884,0.000
0.428,1.107,0.000
0.438,1.145,0.000
0.336,0.888,0.000
0.329,0.880,0.000
0.336,0.910,0.000
0.329,0.902,0.000
0.322,0.894,0.000
0.315,0.885,0.000
0.403,1.148,0.000
0.395,1.140,0.000
0.407,1.188,0.000
0.320,0.947,0.000
0.301,0.901,0.000
0.377,1.146,0.000
0.290,0.894,0.000
0.296,0.923,0.000
0.277,0.877,0.000
0.283,0.907,0.000
0.361,1.172,0.000
0.345,1.136,0.000
0.281,0.939,0.000
0.266,0.901,0.000
0.268,0.922,0.000
0.267,0.932,0.000
0.261,0.924,0.000
0.257,0.925,0.000
0.311,1.136,0.000
0.314,1.165,0.000
0.284,1.072,0.000
0.260,0.996,0.000
0.303,1.178,0.000
0.298,1.180,0.000
0.263,1.057,0.000
0.316,1.294,0.000
0.250,1.040,0.000
0.255,1.079,0.000
0.244,1.052,0.000
0.242,1.062,0.000
0.291,1.300,0.000
0.204,0.928,0.000
0.231,1.075,0.000
0.221,1.046,0.000
0.191,0.920,0.000
0.215,1.058,0.000
0.213,1.068,0.000
0.203,1.040,0.000
0.195,1.021,0.000
0.204,1.090,0.000
0.241,1.320,0.000
0.234,1.311,0.000
0.191,1.093,0.000
0.181,1.064,0.000
0.177,1.065,0.000
0.168,1.036,0.000
0.195,1.230,0.000
0.165,1.067,0.000
0.165,1.097,0.000
0.159,1.088,0.000
0.153,1.078,0.000
0.181,1.310,0.000
0.179,1.330,0.000
0.141,1.080,0.000
0.137,1.081,0.000
0.133,1.091,0.000
0.130,1.101,0.000
0.127,1.112,0.000
0.117,1.063,0.000
0.116,1.093,0.000
0.138,1.344,0.000
0.106,1.074,0.000
0.103,1.094,0.000
0.096,1.065,0.000
0.092,1.066,0.000
0.111,1.337,0.000
0.088,1.115,0.000
0.081,1.086,0.000
0.080,1.126,0.000
0.073,1.097,0.000
0.084,1.339,0.000
0.080,1.358,0.000
0.061,1.117,0.000
0.071,1.387,0.000
0.051,1.078,0.000
0.053,1.225,0.000
0.042,1.079,0.000
0.038,1.079,0.000
0.047,1.501,0.000
0.037,1.332,0.000
0.026,1.089,0.000
0.027,1.379,0.000
0.018,1.178,0.000
0.019,1.640,0.000
0.009,1.129,0.000
0.004,1.079,0.000
-0.000,1.158,0.000
-0.005,1.168,0.000
-0.009,1.139,0.000
-0.016,1.370,0.000
-0.026,1.649,0.000
-0.027,1.360,0.000
-0.026,1.099,0.000
-0.033,1.216,0.000
-0.032,1.029,0.000
-0.052,1.482,0.000
-0.047,1.196,0.000
-0.053,1.225,0.000
-0.053,1.118,0.000
-0.063,1.225,0.000
-0.067,1.224,0.000
-0.074,1.253,0.000
-0.093,1.471,0.000
-0.097,1.452,0.000
-0.107,1.517,0.000
-0.093,1.242,0.000
-0.096,1.223,0.000
-0.121,1.469,0.000
-0.128,1.478,0.000
-0.111,1.221,0.000
-0.143,1.514,0.000
-0.120,1.220,0.000
-0.125,1.220,0.000
-0.132,1.239,0.000
-0.135,1.219,0.000
-0.138,1.209,0.000
-0.144,1.218,0.000
-0.154,1.256,0.000
-0.204,1.618,0.000
-0.189,1.452,0.000
-0.159,1.187,0.000
-0.171,1.234,0.000
-0.208,1.459,0.000
-0.212,1.449,0.000
-0.181,1.203,0.000
-0.190,1.231,0.000
-0.192,1.211,0.000
-0.200,1.230,0.000
-0.245,1.472,0.000
-0.248,1.453,0.000
-0.211,1.208,0.000
-0.209,1.169,0.000
-0.263,1.441,0.000
-0.269,1.440,0.000
-0.228,1.195,0.000
-0.233,1.194,0.000
-0.241,1.212,0.000
-0.244,1.202,0.000
-0.247,1.191,0.000
-0.249,1.181,0.000
-0.256,1.189,0.000
-0.261,1.188,0.000
-0.350,1.565,0.000
-0.327,1.437,0.000
-0.312,1.344,0.000
-0.279,1.184,0.000
-0.320,1.332,0.000
-0.291,1.191,0.000
-0.293,1.181,0.000
-0.307,1.217,0.000
-0.307,1.197,0.000
-0.391,1.498,0.000
-0.411,1.550,0.000
-0.359,1.332,0.000
-0.367,1.340,0.000
-0.369,1.329,0.000
-0.369,1.310,0.000
-0.390,1.363,0.000
-0.450,1.549,0.000
-0.461,1.564,0.000
-0.387,1.295,0.000
-0.401,1.320,0.000
-0.403,1.310,0.000
-0.411,1.317,0.000
-0.407,1.288,0.000
-0.415,1.296,0.000
-0.415,1.276,0.000
-0.429,1.301,0.000
-0.434,1.300,0.000
-0.436,1.289,0.000
-0.444,1.296,0.000
-0.452,1.304,0.000
-0.445,1.266,0.000
-0.456,1.282,0.000
-0.549,1.526,0.000
-0.552,1.515,0.000
-0.468,1.268,0.000
-0.479,1.284,0.000
-0.481,1.273,0.000
-0.599,1.566,0.000
-0.494,1.278,0.000
-0.499,1.276,0.000
-0.504,1.274,0.000
-0.509,1.272,0.000
-0.602,1.486,0.000
-0.608,1.484,0.000
-0.513,1.240,0.000
-0.526,1.255,0.000
-0.538,1.270,0.000
-0.539,1.260,0.000
-0.540,1.249,0.000
-0.549,1.255,0.000
-0.535,1.210,0.000
-0.563,1.260,0.000
-0.560,1.240,0.000
-0.631,1.383,0.000
-0.582,1.262,0.000
-0.618,1.328,0.000
-0.604,1.283,0.000
-0.588,1.238,0.000
-0.734,1.528,0.000
-0.759,1.565,0.000
-0.607,1.239,0.000
-0.764,1.543,0.000
-0.713,1.426,0.000
-0.677,1.341,0.000
-0.678,1.330,0.000
-0.691,1.344,0.000
-0.752,1.447,0.000
-0.719,1.371,0.000
-0.681,1.286,0.000
-0.829,1.550,0.000
-0.731,1.354,0.000
-0.683,1.253,0.000
-0.724,1.316,0.000
-0.724,1.305,0.000
-0.850,1.518,0.000
-0.739,1.307,0.000
-0.749,1.313,0.000
-0.877,1.523,0.000
-0.759,1.307,0.000
-0.755,1.288,0.000
-0.895,1.513,0.000
-0.928,1.555,0.000
-0.779,1.295,0.000
-0.780,1.284,0.000
-0.799,1.304,0.000
-0.795,1.285,0.000
-0.921,1.476,0.000
-0.931,1.480,0.000
-0.800,1.260,0.000
-0.928,1.450,0.000
-0.934,1.446,0.000
-0.820,1.258,0.000
-0.830,1.263,0.000
-0.829,1.252,0.000
-0.840,1.256,0.000
-0.850,1.261,0.000
-0.818,1.203,0.000
-0.849,1.239,0.000
-0.854,1.235,0.000
-0.859,1.232,0.000
-1.000,1.423,0.000
-1.011,1.427,0.000
-0.879,1.229,0.000
-0.889,1.234,0.000
-0.888,1.223,0.000
-0.888,1.212,0.000
-1.227,1.661,0.000
-1.238,1.663,0.000
-0.902,1.201,0.000
-0.906,1.197,0.000
-0.995,1.304,0.000
-1.000,1.300,0.000
-1.132,1.459,0.000
-0.959,1.227,0.000
-0.959,1.216,0.000
-0.940,1.183,0.000
-0.962,1.201,0.000
-1.053,1.304,0.000
-1.030,1.265,0.000
-0.959,1.168,0.000
-1.194,1.443,0.000
-0.962,1.153,0.000
-1.125,1.339,0.000
-1.211,1.429,0.000
-1.059,1.240,0.000
-1.070,1.243,0.000
-1.069,1.232,0.000
-1.074,1.228,0.000
-1.079,1.223,0.000
-1.083,1.219,0.000
-1.112,1.242,0.000
-1.087,1.204,0.000
-1.098,1.206,0.000
-1.230,1.341,0.000
-1.119,1.211,0.000
-1.112,1.193,0.000
-1.123,1.196,0.000
-1.127,1.191,0.000
-1.293,1.355,0.000
-1.286,1.338,0.000
-1.291,1.333,0.000
-1.309,1.340,0.000
-1.144,1.162,0.000
-1.155,1.164,0.000
-1.101,1.101,0.000
-1.164,1.155,0.000
-1.156,1.138,0.000
-1.173,1.146,0.000
-1.197,1.160,0.000
-1.182,1.137,0.000
-1.355,1.293,0.000
-1.367,1.294,0.000
-1.189,1.116,0.000
-1.187,1.106,0.000
-1.211,1.119,0.000
-1.222,1.121,0.000
-1.213,1.104,0.000
-1.318,1.190,0.000
-1.262,1.131,0.000
-1.433,1.274,0.000
-1.237,1.091,0.000
-1.255,1.098,0.000
-1.402,1.216,0.000
-1.512,1.302,0.000
-1.524,1.302,0.000
-1.375,1.165,0.000
-1.352,1.137,0.000
-1.350,1.126,0.000
-1.354,1.120,0.000
-1.543,1.266,0.000
-1.363,1.110,0.000
-1.374,1.110,0.000
-1.441,1.155,0.000
-1.542,1.225,0.000
-1.366,1.077,0.000
-1.413,1.105,0.000
-1.445,1.121,0.000
-1.595,1.227,0.000
-1.397,1.066,0.000
-1.401,1.061,0.000
-1.575,1.183,0.000
-1.600,1.192,0.000
-1.577,1.165,0.000
-1.610,1.179,0.000
-1.437,1.044,0.000
-1.404,1.012,0.000
-1.445,1.032,0.000
-1.441,1.022,0.000
-1.467,1.031,0.000
-1.449,1.010,0.000
-1.613,1.115,0.000
-1.639,1.123,0.000
-1.454,0.988,0.000
-1.450,0.977,0.000
-1.659,1.109,0.000
-1.664,1.102,0.000
-1.477,0.970,0.000
-1.488,0.969,0.000
-1.662,1.073,0.000
-1.518,0.972,0.000
-1.670,1.060,0.000
-1.518,0.955,0.000
-1.693,1.056,0.000
-1.697,1.049,0.000
-1.491,0.914,0.000
-1.525,0.926,0.000
-1.717,1.034,0.000
-1.609,0.960,0.000
-1.551,0.917,0.000
-1.532,0.898,0.000
-1.829,1.063,0.000
-1.554,0.895,0.000
-1.535,0.875,0.000
-1.715,0.969,0.000
-1.634,0.915,0.000
-1.599,0.887,0.000
-1.680,0.924,0.000
-1.828,0.996,0.000
-1.929,1.041,0.000
-1.668,0.891,0.000
-1.663,0.881,0.000
-1.874,0.983,0.000
-1.678,0.872,0.000
-1.666,0.857,0.000
-1.669,0.850,0.000
-1.904,0.961,0.000
-1.892,0.946,0.000
-1.873,0.927,0.000
-1.698,0.832,0.000
-1.678,0.814,0.000
-1.892,0.908,0.000
-1.716,0.816,0.000
-1.671,0.786,0.000
-1.722,0.802,0.000
-1.741,0.803,0.000
-1.736,0.792,0.000
-1.913,0.864,0.000
-1.718,0.768,0.000
-1.729,0.765,0.000
-1.907,0.834,0.000
-1.760,0.761,0.000
-1.754,0.751,0.000
-1.741,0.737,0.000
-1.728,0.724,0.000
-1.739,0.720,0.000
-1.758,0.720,0.000
-1.761,0.713,0.000
-1.747,0.700,0.000
-1.758,0.696,0.000
-1.962,0.768,0.000
-1.885,0.729,0.000
-1.791,0.685,0.000
-1.923,0.727,0.000
-1.861,0.695,0.000
-1.716,0.633,0.000
-1.818,0.662,0.000
-2.038,0.734,0.000
-2.049,0.729,0.000
-1.834,0.644,0.000
-1.795,0.622,0.000
-2.113,0.723,0.000
-2.147,0.726,0.000
-1.901,0.634,0.000
-1.912,0.630,0.000
-1.996,0.648,0.000
-1.925,0.617,0.000
-1.886,0.597,0.000
-1.913,0.597,0.000
-1.932,0.594,0.000
-1.934,0.587,0.000
-2.148,0.642,0.000
-2.126,0.627,0.000
-1.933,0.562,0.000
-1.927,0.552,0.000
-2.125,0.599,0.000
-1.931,0.536,0.000
-1.933,0.529,0.000
-2.140,0.577,0.000
-1.946,0.516,0.000
-1.964,0.513,0.000
-2.163,0.555,0.000
-1.943,0.491,0.000
-1.937,0.481,0.000
-1.947,0.476,0.000
-2.172,0.521,0.000
-1.984,0.468,0.000
-1.952,0.453,0.000
-1.954,0.445,0.000
-1.973,0.441,0.000
-1.941,0.426,0.000
-1.951,0.420,0.000
-1.969,0.416,0.000
-2.005,0.415,0.000
-1.964,0.399,0.000
-1.957,0.389,0.000
-1.967,0.383,0.000
-2.003,0.382,0.000
-1.996,0.373,0.000
-1.989,0.363,0.000
-1.990,0.355,0.000
-2.192,0.383,0.000
-2.218,0.378,0.000
-1.994,0.332,0.000
-1.970,0.320,0.000
-1.997,0.316,0.000
-2.191,0.338,0.000
-1.939,0.292,0.000
-2.000,0.293,0.000
-1.993,0.284,0.000
-2.196,0.304,0.000
-1.995,0.268,0.000
-1.970,0.257,0.000
-2.507,0.317,0.000
-2.225,0.272,0.000
-2.016,0.239,0.000
-1.991,0.228,0.000
-2.001,0.221,0.000
-2.002,0.213,0.000
-2.121,0.217,0.000
-1.986,0.196,0.000
-2.012,0.190,0.000
-2.022,0.183,0.000
-2.005,0.174,0.000
-1.997,0.165,0.000
-1.998,0.157,0.000
-2.016,0.151,0.000
-2.008,0.142,0.000
-2.068,0.138,0.000
-2.043,0.129,0.000
-2.230,0.131,0.000
-2.230,0.123,0.000
-2.019,0.103,0.000
-1.993,0.094,0.000
-2.223,0.096,0.000
-2.131,0.084,0.000
-2.003,0.071,0.000
-1.977,0.062,0.000
-2.098,0.058,0.000
-2.038,0.048,0.000
-2.406,0.047,0.000
-2.149,0.034,0.000
-2.124,0.025,0.000
-2.308,0.018,0.000
-2.149,0.008,0.000
-2.175,-0.000,0.000
-2.149,-0.008,0.000
-2.107,-0.017,0.000
-2.132,-0.025,0.000
-2.124,-0.033,0.000
-2.149,-0.042,0.000
-2.106,-0.050,0.000
-2.340,-0.064,0.000
-2.140,-0.067,0.000
-2.157,-0.076,0.000
-2.131,-0.084,0.000
-2.139,-0.092,0.000
-2.130,-0.100,0.000
-2.130,-0.109,0.000
-2.129,-0.117,0.000
-2.137,-0.126,0.000
-2.328,-0.146,0.000
-2.344,-0.157,0.000
-2.119,-0.150,0.000
-2.118,-0.158,0.000
-2.160,-0.170,0.000
-2.117,-0.175,0.000
-2.133,-0.185,0.000
-2.124,-0.192,0.000
-2.165,-0.205,0.000
-2.338,-0.230,0.000
-2.130,-0.218,0.000
-2.336,-0.249,0.000
-2.228,-0.246,0.000
-2.236,-0.256,0.000
-2.126,-0.252,0.000
-2.242,-0.274,0.000
-2.216,-0.280,0.000
-2.223,-0.290,0.000
-2.247,-0.302,0.000
-2.229,-0.308,0.000
-2.454,-0.349,0.000
-2.243,-0.328,0.000
-2.225,-0.335,0.000
-2.529,-0.390,0.000
-2.222,-0.352,0.000
-2.221,-0.361,0.000
-2.422,-0.403,0.000
-2.226,-0.380,0.000
-2.266,-0.395,0.000
-2.231,-0.398,0.000
-2.222,-0.406,0.000
-2.212,-0.413,0.000
-2.227,-0.425,0.000
-2.192,-0.427,0.000
-2.207,-0.439,0.000
-2.197,-0.446,0.000
-2.203,-0.456,0.000
-2.210,-0.467,0.000
-2.200,-0.474,0.000
-2.198,-0.482,0.000
-2.411,-0.539,0.000
-2.186,-0.498,0.000
-2.208,-0.512,0.000
-2.475,-0.584,0.000
-2.188,-0.525,0.000
-2.186,-0.534,0.000
-2.176,-0.540,0.000
-2.190,-0.553,0.000
-2.187,-0.562,0.000
-2.193,-0.572,0.000
-2.199,-0.583,0.000
-2.181,-0.587,0.000
-2.154,-0.589,0.000
-2.168,-0.602,0.000
-2.370,-0.669,0.000
-2.163,-0.619,0.000
-2.161,-0.628,0.000
-2.362,-0.696,0.000
-2.360,-0.706,0.000
-2.145,-0.651,0.000
-2.362,-0.727,0.000
-2.156,-0.673,0.000
-2.145,-0.679,0.000
-2.151,-0.689,0.000
-2.156,-0.700,0.000
-2.309,-0.760,0.000
-2.142,-0.715,0.000
-2.132,-0.720,0.000
-2.129,-0.729,0.000
-2.319,-0.804,0.000
-2.123,-0.746,0.000
-2.120,-0.754,0.000
-2.156,-0.776,0.000
-2.130,-0.776,0.000
-2.430,-0.897,0.000
-2.307,-0.862,0.000
-2.097,-0.792,0.000
-2.102,-0.804,0.000
-2.099,-0.812,0.000
-2.088,-0.817,0.000
-2.100,-0.831,0.000
-2.089,-0.837,0.000
-2.062,-0.835,0.000
-2.272,-0.931,0.000
-2.087,-0.864,0.000
-2.075,-0.869,0.000
-2.283,-0.967,0.000
-2.272,-0.972,0.000
-2.238,-0.969,0.000
-2.069,-0.905,0.000
-2.066,-0.913,0.000
-2.054,-0.918,0.000
-2.237,-1.010,0.000
-2.241,-1.022,0.000
-2.043,-0.942,0.000
-2.047,-0.954,0.000
-2.221,-1.045,0.000
-2.025,-0.962,0.000
-2.155,-1.035,0.000
-2.238,-1.085,0.000
-2.006,-0.983,0.000
-2.054,-1.016,0.000
-2.196,-1.097,0.000
-2.009,-1.014,0.000
-2.005,-1.022,0.000
-2.001,-1.029,0.000
-2.004,-1.041,0.000
-1.993,-1.045,0.000
-1.981,-1.049,0.000
-1.984,-1.061,0.000
-2.182,-1.177,0.000
-1.969,-1.072,0.000
-1.972,-1.084,0.000
-2.147,-1.191,0.000
-1.978,-1.108,0.000
-2.130,-1.204,0.000
-1.926,-1.098,0.000
-2.135,-1.229,0.000
-1.946,-1.130,0.000
-2.146,-1.258,0.000
-1.944,-1.150,0.000
-1.932,-1.153,0.000
-2.103,-1.266,0.000
-1.909,-1.159,0.000
-1.911,-1.171,0.000
-1.914,-1.183,0.000
-2.097,-1.308,0.000
-1.912,-1.203,0.000
-2.045,-1.298,0.000
-2.074,-1.328,0.000
-1.925,-1.243,0.000
-1.899,-1.237,0.000
-2.045,-1.343,0.000
-2.053,-1.360,0.000
-1.878,-1.255,0.000
-1.866,-1.257,0.000
-2.064,-1.402,0.000
-2.265,-1.553,0.000
-1.851,-1.279,0.000
-1.846,-1.287,0.000
-1.848,-1.299,0.000
-1.836,-1.301,0.000
-1.971,-1.409,0.000
-1.992,-1.435,0.000
-1.834,-1.332,0.000
-1.815,-1.330,0.000
-1.988,-1.468,0.000
-1.962,-1.461,0.000
-1.806,-1.356,0.000
-1.794,-1.358,0.000
-2.140,-1.633,0.000
-1.797,-1.382,0.000
-1.778,-1.379,0.000
-1.953,-1.527,0.000
-1.928,-1.520,0.000
-1.762,-1.400,0.000
-1.910,-1.530,0.000
-1.904,-1.537,0.000
-1.732,-1.410,0.000
-1.739,-1.427,0.000
-1.860,-1.539,0.000
-1.709,-1.425,0.000
-1.722,-1.448,0.000
-1.717,-1.455,0.000
-1.673,-1.429,0.000
-1.680,-1.446,0.000
-1.649,-1.431,0.000
-1.890,-1.653,0.000
-1.663,-1.466,0.000
-1.793,-1.593,0.000
-1.805,-1.616,0.000
-1.639,-1.480,0.000
-1.633,-1.486,0.000
-1.827,-1.676,0.000
-1.622,-1.499,0.000
-1.616,-1.505,0.000
-1.591,-1.495,0.000
-1.759,-1.665,0.000
-1.776,-1.695,0.000
-1.598,-1.536,0.000
-1.622,-1.572,0.000
-1.733,-1.693,0.000
-1.732,-1.705,0.000
-1.574,-1.561,0.000
-1.573,-1.573,0.000
-1.918,-1.933,0.000
-1.561,-1.586,0.000
-1.543,-1.580,0.000
-1.543,-1.592,0.000
-1.536,-1.598,0.000
-1.524,-1.598,0.000
-1.665,-1.759,0.000
-1.506,-1.604,0.000
-1.517,-1.628,0.000
-1.499,-1.622,0.000
-1.637,-1.785,0.000
-1.492,-1.640,0.000
-1.480,-1.639,0.000
-1.616,-1.805,0.000
-1.439,-1.619,0.000
-1.460,-1.657,0.000
-1.459,-1.669,0.000
-1.453,-1.674,0.000
-1.413,-1.642,0.000
-1.594,-1.867,0.000
-1.444,-1.704,0.000
-1.421,-1.690,0.000
-1.414,-1.696,0.000
-1.565,-1.892,0.000
-1.396,-1.701,0.000
-1.400,-1.719,0.000
-1.388,-1.718,0.000
-1.525,-1.903,0.000
-1.369,-1.722,0.000
-1.545,-1.959,0.000
-1.376,-1.759,0.000
-1.480,-1.908,0.000
-1.487,-1.933,0.000
-1.345,-1.762,0.000
-1.343,-1.774,0.000
-1.326,-1.766,0.000
-1.319,-1.771,0.000
-1.307,-1.770,0.000
-1.305,-1.782,0.000
-1.298,-1.787,0.000
-1.416,-1.965,0.000
-1.284,-1.797,0.000
-1.277,-1.802,0.000
-1.393,-1.982,0.000
-1.263,-1.812,0.000
-1.373,-1.986,0.000
-1.272,-1.856,0.000
-1.362,-2.004,0.000
-1.234,-1.831,0.000
-1.227,-1.836,0.000
-1.224,-1.848,0.000
-1.217,-1.853,0.000
-1.392,-2.138,0.000
-1.207,-1.869,0.000
-1.191,-1.860,0.000
-1.298,-2.045,0.000
-1.312,-2.085,0.000
-1.169,-1.874,0.000
-1.166,-1.886,0.000
-1.158,-1.890,0.000
-1.133,-1.866,0.000
-1.254,-2.082,0.000
-1.136,-1.904,0.000
-1.137,-1.922,0.000
-1.129,-1.927,0.000
-1.113,-1.917,0.000
-1.106,-1.921,0.000
-1.094,-1.918,0.000
-1.099,-1.944,0.000
-1.063,-1.897,0.000
-1.072,-1.931,0.000
-1.140,-2.073,0.000
-1.155,-2.120,0.000
-1.147,-2.125,0.000
-1.045,-1.955,0.000
-1.029,-1.944,0.000
-1.030,-1.963,0.000
-1.018,-1.960,0.000
-1.178,-2.289,0.000
-1.010,-1.983,0.000
-0.995,-1.972,0.000
-0.987,-1.975,0.000
-1.078,-2.179,0.000
-0.979,-1.998,0.000
-0.960,-1.979,0.000
-1.049,-2.184,0.000
-0.948,-1.994,0.000
-1.032,-2.192,0.000
-1.019,-2.189,0.000
-0.939,-2.036,0.000
-1.002,-2.197,0.000
-0.895,-1.982,0.000
-0.908,-2.032,0.000
-0.983,-2.223,0.000
-0.885,-2.023,0.000
-0.877,-2.027,0.000
-0.972,-2.272,0.000
-0.861,-2.034,0.000
-0.856,-2.045,0.000
-0.852,-2.056,0.000
-0.837,-2.044,0.000
-0.826,-2.039,0.000
-0.821,-2.050,0.000
-0.813,-2.053,0.000
-0.811,-2.072,0.000
-0.883,-2.282,0.000
-0.798,-2.086,0.000
-0.859,-2.274,0.000
-0.775,-2.077,0.000
-0.773,-2.095,0.000
-0.824,-2.261,0.000
-0.754,-2.094,0.000
-0.737,-2.073,0.000
-0.735,-2.092,0.000
-0.796,-2.296,0.000
-0.724,-2.113,0.000
-0.704,-2.084,0.000
-0.810,-2.427,0.000
-0.693,-2.106,0.000
-0.682,-2.100,0.000
-0.742,-2.315,0.000
-0.668,-2.114,0.000
-0.663,-2.124,0.000
-0.710,-2.308,0.000
-0.648,-2.137,0.000
-0.697,-2.329,0.000
-0.627,-2.126,0.000
-0.676,-2.326,0.000
-0.667,-2.329,0.000
-0.597,-2.117,0.000
-0.589,-2.120,0.000
-0.581,-2.122,0.000
-0.572,-2.124,0.000
-0.564,-2.127,0.000
-0.612,-2.344,0.000
-0.549,-2.139,0.000
-0.541,-2.141,0.000
-0.584,-2.351,0.000
-0.554,-2.266,0.000
-0.543,-2.260,0.000
-0.556,-2.358,0.000
-0.502,-2.168,0.000
-0.488,-2.145,0.000
-0.507,-2.269,0.000
-0.493,-2.246,0.000
-0.510,-2.368,0.000
-0.458,-2.169,0.000
-0.448,-2.162,0.000
-0.439,-2.164,0.000
-0.450,-2.264,0.000
-0.480,-2.465,0.000
-0.414,-2.169,0.000
-0.404,-2.163,0.000
-0.457,-2.502,0.000
-0.385,-2.157,0.000
-0.404,-2.314,0.000
-0.396,-2.324,0.000
-0.364,-2.187,0.000
-0.373,-2.295,0.000
-0.349,-2.206,0.000
-0.338,-2.191,0.000
-0.336,-2.233,0.000
-0.326,-2.226,0.000
-0.343,-2.406,0.000
-0.319,-2.303,0.000
-0.294,-2.189,0.000
-0.300,-2.305,0.000
-0.277,-2.191,0.000
-0.282,-2.307,0.000
-0.262,-2.210,0.000
-0.255,-2.227,0.000
-0.255,-2.311,0.000
-0.243,-2.279,0.000
-0.238,-2.321,0.000
-0.216,-2.189,0.000
-0.209,-2.207,0.000
-0.200,-2.208,0.000
-0.203,-2.340,0.000
-0.192,-2.325,0.000
-0.183,-2.326,0.000
-0.171,-2.285,0.000
-0.158,-2.236,0.000
-0.147,-2.195,0.000
-0.147,-2.328,0.000
-0.135,-2.279,0.000
-0.135,-2.459,0.000
-0.129,-2.516,0.000
-0.110,-2.322,0.000
-0.100,-2.322,0.000
-0.091,-2.323,0.000
-0.082,-2.315,0.000
-0.080,-2.534,0.000
-0.064,-2.340,0.000
-0.055,-2.332,0.000
-0.045,-2.299,0.000
-0.037,-2.341,0.000
-0.028,-2.341,0.000
-0.018,-2.325,0.000
-0.009,-2.308,0.000
-0.000,-2.225,0.000
0.009,-2.267,0.000
0.019,-2.398,0.000
0.030,-2.519,0.000
0.037,-2.341,0.000
0.046,-2.324,0.000
0.054,-2.307,0.000
0.062,-2.258,0.000
0.070,-2.224,0.000
0.089,-2.517,0.000
0.091,-2.331,0.000
0.098,-2.273,0.000
0.118,-2.508,0.000
0.118,-2.313,0.000
0.129,-2.338,0.000
0.149,-2.531,0.000
0.153,-2.434,0.000
0.157,-2.352,0.000
0.178,-2.513,0.000
0.189,-2.536,0.000
0.180,-2.293,0.000
0.193,-2.333,0.000
0.218,-2.518,0.000
0.231,-2.556,0.000
0.219,-2.314,0.000
0.222,-2.256,0.000
0.233,-2.271,0.000
0.263,-2.473,0.000
0.256,-2.319,0.000
0.289,-2.527,0.000
0.273,-2.309,0.000
0.284,-2.324,0.000
0.277,-2.191,0.000
0.315,-2.418,0.000
0.306,-2.279,0.000
0.306,-2.212,0.000
0.312,-2.195,0.000
0.321,-2.193,0.000
0.354,-2.355,0.000
0.390,-2.529,0.000
0.364,-2.296,0.000
0.355,-2.188,0.000
0.364,-2.187,0.000
0.371,-2.177,0.000
0.382,-2.192,0.000
0.388,-2.174,0.000
0.403,-2.205,0.000
0.405,-2.171,0.000
0.417,-2.186,0.000
0.424,-2.176,0.000
0.426,-2.141,0.000
0.439,-2.164,0.000
0.498,-2.404,0.000
0.463,-2.193,0.000
0.465,-2.159,0.000
0.480,-2.190,0.000
0.532,-2.380,0.000
0.490,-2.153,0.000
0.499,-2.151,0.000
0.556,-2.358,0.000
0.565,-2.356,0.000
0.526,-2.153,0.000
0.536,-2.160,0.000
0.593,-2.349,0.000
0.549,-2.139,0.000
0.562,-2.153,0.000
0.621,-2.342,0.000
0.574,-2.132,0.000
0.591,-2.162,0.000
0.591,-2.128,0.000
0.595,-2.109,0.000
0.658,-2.298,0.000
0.616,-2.121,0.000
0.627,-2.126,0.000
0.701,-2.344,0.000
0.793,-2.613,0.000
0.649,-2.111,0.000
0.662,-2.124,0.000
0.671,-2.122,0.000
0.687,-2.143,0.000
0.743,-2.289,0.000
0.768,-2.332,0.000
0.704,-2.111,0.000
0.720,-2.132,0.000
0.795,-2.323,0.000
0.807,-2.327,0.000
0.737,-2.099,0.000
0.751,-2.112,0.000
0.834,-2.317,0.000
0.871,-2.389,0.000
0.779,-2.111,0.000
0.790,-2.116,0.000
0.792,-2.097,0.000
0.803,-2.102,0.000
0.809,-2.091,0.000
0.823,-2.103,0.000
0.831,-2.100,0.000
0.836,-2.089,0.000
0.845,-2.086,0.000
0.946,-2.309,0.000
0.864,-2.087,0.000
0.866,-2.068,0.000
0.913,-2.156,0.000
0.879,-2.053,0.000
0.880,-2.034,0.000
0.905,-2.069,0.000
0.910,-2.058,0.000
0.884,-1.978,0.000
0.936,-2.074,0.000
0.937,-2.055,0.000
0.942,-2.044,0.000
1.036,-2.225,0.000
0.958,-2.036,0.000
1.057,-2.224,0.000
0.970,-2.021,0.000
0.996,-2.054,0.000
0.993,-2.028,0.000
0.987,-1.994,0.000
1.020,-2.043,0.000
0.957,-1.896,0.000
0.964,-1.893,0.000
1.037,-2.016,0.000
1.150,-2.214,0.000
1.045,-1.993,0.000
1.045,-1.974,0.000
1.061,-1.985,0.000
1.068,-1.980,0.000
1.178,-2.163,0.000
1.088,-1.979,0.000
1.030,-1.857,0.000
1.103,-1.971,0.000
1.095,-1.937,0.000
1.086,-1.904,0.000
1.127,-1.957,0.000
1.130,-1.946,0.000
1.241,-2.118,0.000
1.107,-1.872,0.000
1.114,-1.868,0.000
1.270,-2.110,0.000
1.295,-2.133,0.000
1.087,-1.775,0.000
1.108,-1.792,0.000
1.307,-2.097,0.000
1.229,-1.954,0.000
1.206,-1.900,0.000
1.145,-1.789,0.000
1.336,-2.069,0.000
1.228,-1.886,0.000
1.185,-1.804,0.000
1.266,-1.910,0.000
1.180,-1.766,0.000
1.192,-1.769,0.000
1.232,-1.813,0.000
1.272,-1.856,0.000
1.274,-1.844,0.000
1.229,-1.764,0.000
1.226,-1.745,0.000
1.228,-1.733,0.000
1.418,-1.984,0.000
1.276,-1.771,0.000
1.248,-1.719,0.000
1.260,-1.720,0.000
1.396,-1.890,0.000
1.413,-1.897,0.000
1.285,-1.712,0.000
1.287,-1.700,0.000
1.430,-1.874,0.000
1.432,-1.862,0.000
1.297,-1.672,0.000
1.314,-1.680,0.000
1.485,-1.883,0.000
1.467,-1.846,0.000
1.328,-1.658,0.000
1.334,-1.653,0.000
1.346,-1.654,0.000
1.353,-1.649,0.000
1.348,-1.630,0.000
1.360,-1.631,0.000
1.378,-1.639,0.000
1.513,-1.786,0.000
1.390,-1.628,0.000
1.549,-1.799,0.000
1.403,-1.617,0.000
1.584,-1.811,0.000
1.405,-1.593,0.000
1.405,-1.582,0.000
1.562,-1.744,0.000
1.569,-1.738,0.000
1.464,-1.609,0.000
1.441,-1.572,0.000
1.595,-1.725,0.000
1.601,-1.719,0.000
1.471,-1.567,0.000
1.466,-1.549,0.000
1.472,-1.543,0.000
1.466,-1.525,0.000
1.623,-1.675,0.000
1.572,-1.610,0.000
1.406,-1.428,0.000
1.496,-1.508,0.000
1.435,-1.436,0.000
1.429,-1.418,0.000
1.574,-1.549,0.000
1.446,-1.413,0.000
1.452,-1.407,0.000
1.432,-1.377,0.000
1.463,-1.395,0.000
1.455,-1.378,0.000
1.616,-1.518,0.000
1.473,-1.372,0.000
1.484,-1.372,0.000
1.483,-1.361,0.000
1.489,-1.355,0.000
1.488,-1.343,0.000
1.525,-1.366,0.000
1.504,-1.337,0.000
1.510,-1.331,0.000
1.681,-1.471,0.000
1.693,-1.469,0.000
1.519,-1.308,0.000
1.504,-1.285,0.000
1.717,-1.455,0.000
1.534,-1.290,0.000
1.546,-1.289,0.000
1.810,-1.498,0.000
1.556,-1.277,0.000
1.554,-1.265,0.000
1.559,-1.259,0.000
1.571,-1.259,0.000
1.576,-1.252,0.000
1.581,-1.246,0.000
1.766,-1.381,0.000
1.590,-1.234,0.000
1.575,-1.212,0.000
1.749,-1.335,0.000
2.002,-1.516,0.000
1.779,-1.336,0.000
1.600,-1.192,0.000
1.803,-1.332,0.000
1.631,-1.195,0.000
1.628,-1.183,0.000
1.805,-1.301,0.000
1.631,-1.165,0.000
1.649,-1.169,0.000
1.793,-1.260,0.000
1.558,-1.086,0.000
1.563,-1.080,0.000
1.787,-1.225,0.000
1.622,-1.102,0.000
1.604,-1.081,0.000
1.759,-1.176,0.000
1.649,-1.093,0.000
1.839,-1.208,0.000
1.570,-1.022,0.000
1.603,-1.035,0.000
1.746,-1.118,0.000
1.611,-1.023,0.000
1.600,-1.007,0.000
1.802,-1.124,0.000
1.616,-0.999,0.000
1.818,-1.114,0.000
1.830,-1.112,0.000
1.620,-0.975,0.000
1.809,-1.080,0.000
1.635,-0.967,0.000
1.631,-0.956,0.000
1.643,-0.954,0.000
1.646,-0.948,0.000
1.896,-1.082,0.000
1.638,-0.926,0.000
1.657,-0.928,0.000
1.684,-0.935,0.000
1.854,-1.019,0.000
1.668,-0.909,0.000
1.869,-1.009,0.000
1.873,-1.001,0.000
1.593,-0.844,0.000
1.564,-0.821,0.000
1.686,-0.876,0.000
1.579,-0.812,0.000
1.847,-0.941,0.000
1.672,-0.844,0.000
1.572,-0.786,0.000
1.599,-0.792,0.000
1.650,-0.809,0.000
1.581,-0.767,0.000
1.775,-0.853,0.000
1.833,-0.872,0.000
1.590,-0.749,0.000
1.809,-0.843,0.000
1.612,-0.744,0.000
1.607,-0.734,0.000
1.811,-0.818,0.000
1.621,-0.725,0.000
1.817,-0.804,0.000
1.844,-0.807,0.000
1.823,-0.789,0.000
1.834,-0.786,0.000
1.651,-0.700,0.000
1.621,-0.679,0.000
1.624,-0.673,0.000
1.790,-0.734,0.000
1.849,-0.749,0.000
1.648,-0.660,0.000
1.839,-0.728,0.000
1.866,-0.731,0.000
1.656,-0.641,0.000
1.667,-0.638,0.000
1.619,-0.612,0.000
1.655,-0.618,0.000
1.657,-0.612,0.000
1.643,-0.599,0.000
1.671,-0.602,0.000
1.664,-0.592,0.000
1.633,-0.574,0.000
1.652,-0.573,0.000
1.764,-0.604,0.000
1.800,-0.608,0.000
1.616,-0.539,0.000
1.871,-0.616,0.000
1.594,-0.518,0.000
1.562,-0.501,0.000
1.572,-0.497,0.000
1.566,-0.489,0.000
1.782,-0.548,0.000
1.596,-0.484,0.000
1.710,-0.512,0.000
1.805,-0.532,0.000
1.575,-0.458,0.000
1.568,-0.449,0.000
1.587,-0.448,0.000
1.571,-0.437,0.000
1.547,-0.423,0.000
1.575,-0.424,0.000
1.811,-0.480,0.000
1.543,-0.403,0.000
1.606,-0.413,0.000
1.590,-0.402,0.000
1.758,-0.437,0.000
1.584,-0.387,0.000
1.657,-0.398,0.000
1.596,-0.377,0.000
1.598,-0.371,0.000
1.581,-0.360,0.000
1.601,-0.358,0.000
1.602,-0.352,0.000
1.594,-0.343,0.000
1.596,-0.337,0.000
1.834,-0.380,0.000
1.598,-0.325,0.000
1.609,-0.320,0.000
1.804,-0.352,0.000
1.593,-0.304,0.000
1.639,-0.306,0.000
1.825,-0.334,0.000
1.624,-0.290,0.000
1.489,-0.260,0.000
1.715,-0.293,0.000
1.500,-0.250,0.000
1.849,-0.301,0.000
1.868,-0.296,0.000
1.484,-0.229,0.000
1.711,-0.258,0.000
1.587,-0.232,0.000
1.578,-0.225,0.000
1.714,-0.237,0.000
1.488,-0.200,0.000
1.644,-0.215,0.000
1.527,-0.193,0.000
1.491,-0.183,0.000
1.491,-0.177,0.000
1.501,-0.172,0.000
1.539,-0.170,0.000
1.622,-0.173,0.000
1.457,-0.149,0.000
1.495,-0.147,0.000
1.741,-0.165,0.000
1.496,-0.136,0.000
1.742,-0.151,0.000
1.515,-0.125,0.000
1.725,-0.136,0.000
1.735,-0.130,0.000
1.507,-0.107,0.000
1.526,-0.102,0.000
1.499,-0.094,0.000
1.728,-0.102,0.000
1.509,-0.083,0.000
1.463,-0.075,0.000
1.729,-0.082,0.000
1.510,-0.065,0.000
1.702,-0.067,0.000
1.510,-0.054,0.000
1.501,-0.047,0.000
1.511,-0.042,0.000
1.757,-0.042,0.000
1.775,-0.035,0.000
1.492,-0.024,0.000
1.502,-0.018,0.000
1.520,-0.012,0.000
1.511,-0.006,0.000
1.987,-0.000,0.500
1.908,0.007,0.500
1.908,0.015,0.500
2.132,0.025,0.500
1.917,0.030,0.500
1.846,0.036,0.500
1.908,0.045,0.500
2.072,0.057,0.500
1.872,0.059,0.500
1.916,0.067,0.500
1.854,0.073,0.500
1.915,0.083,0.500
2.113,0.099,0.500
1.906,0.097,0.500
1.940,0.107,0.500
1.914,0.113,0.500
1.878,0.118,0.500
2.026,0.135,0.500
1.895,0.134,0.500
2.042,0.152,0.500
1.832,0.144,0.500
1.989,0.164,0.500
1.751,0.151,0.500
1.892,0.171,0.500
1.891,0.179,0.500
1.943,0.191,0.500
1.749,0.179,0.500
1.721,0.183,0.500
1.836,0.202,0.500
1.800,0.206,0.500
1.965,0.232,0.500
2.058,0.251,0.500
1.744,0.220,0.500
1.734,0.226,0.500
1.742,0.234,0.500
1.732,0.239,0.500
1.967,0.280,0.500
1.757,0.257,0.500
1.747,0.262,0.500
1.998,0.308,0.500
1.763,0.279,0.500
1.944,0.315,0.500
1.951,0.325,0.500
1.750,0.298,0.500
1.957,0.341,0.500
1.766,0.315,0.500
1.711,0.312,0.500
1.953,0.364,0.500
1.744,0.332,0.500
1.743,0.339,0.500
1.759,0.350,0.500
1.947,0.395,0.500
1.765,0.365,0.500
1.737,0.367,0.500
1.942,0.418,0.500
1.726,0.378,0.500
1.715,0.383,0.500
2.005,0.456,0.500
1.712,0.397,0.500
1.711,0.403,0.500
1.700,0.408,0.500
1.708,0.417,0.500
1.928,0.479,0.500
1.722,0.435,0.500
1.694,0.435,0.500
2.039,0.532,0.500
1.690,0.448,0.500
1.680,0.452,0.500
1.917,0.524,0.500
1.711,0.475,0.500
1.904,0.537,0.500
1.910,0.547,0.500
1.697,0.493,0.500
1.695,0.499,0.500
1.945,0.581,0.500
1.742,0.528,0.500
1.697,0.522,0.500
1.669,0.520,0.500
1.693,0.535,0.500
1.691,0.542,0.500
1.890,0.614,0.500
1.670,0.549,0.500
1.667,0.556,0.500
1.648,0.557,0.500
1.672,0.572,0.500
1.695,0.587,0.500
1.667,0.585,0.500
1.673,0.595,0.500
1.688,0.607,0.500
1.652,0.602,0.500
1.674,0.617,0.500
1.655,0.618,0.500
1.653,0.624,0.500
1.872,0.715,0.500
1.648,0.637,0.500
1.629,0.637,0.500
1.643,0.650,0.500
1.607,0.643,0.500
1.646,0.666,0.500
1.635,0.669,0.500
1.616,0.669,0.500
1.744,0.730,0.500
1.870,0.791,0.500
1.525,0.652,0.500
1.654,0.716,0.500
1.820,0.796,0.500
1.483,0.656,0.500
1.790,0.800,0.500
1.495,0.675,0.500
1.476,0.673,0.500
1.669,0.769,0.500
1.972,0.918,0.500
1.492,0.702,0.500
1.473,0.700,0.500
1.665,0.799,0.500
1.694,0.821,0.500
1.465,0.717,0.500
1.454,0.719,0.500
1.676,0.837,0.500
1.665,0.840,0.500
1.437,0.732,0.500
1.634,0.841,0.500
1.439,0.747,0.500
1.445,0.757,0.500
1.648,0.872,0.500
1.447,0.773,0.500
1.492,0.804,0.500
1.448,0.789,0.500
1.657,0.911,0.500
1.466,0.813,0.500
1.439,0.806,0.500
1.616,0.913,0.500
1.425,0.812,0.500
1.414,0.813,0.500
1.612,0.936,0.500
1.616,0.947,0.500
1.372,0.811,0.500
1.393,0.831,0.500
1.413,0.850,0.500
1.449,0.880,0.500
1.383,0.847,0.500
1.586,0.980,0.500
1.407,0.877,0.500
1.357,0.854,0.500
1.315,0.834,0.500
1.281,0.820,0.500
1.499,0.968,0.500
1.481,0.964,0.500
1.271,0.835,0.500
1.299,0.860,0.500
1.439,0.961,0.500
1.261,0.849,0.500
1.250,0.849,0.500
1.239,0.849,0.500
1.461,1.009,0.500
1.225,0.853,0.500
1.229,0.863,0.500
1.225,0.868,0.500
1.379,0.985,0.500
1.426,1.027,0.500
1.208,0.877,0.500
1.425,1.044,0.500
1.246,0.920,0.500
1.212,0.902,0.500
1.391,1.044,0.500
1.130,0.855,0.500
1.231,0.939,0.500
1.190,0.916,0.500
1.187,0.920,0.500
1.176,0.919,0.500
1.180,0.930,0.500
1.183,0.940,0.500
1.150,0.921,0.500
1.368,1.104,0.500
1.158,0.942,0.500
1.218,1.000,0.500
1.334,1.103,0.500
1.439,1.199,0.500
1.178,0.990,0.500
1.293,1.095,0.500
1.330,1.135,0.500
1.145,0.986,0.500
1.355,1.175,0.500
1.310,1.145,0.500
1.099,0.968,0.500
1.151,1.022,0.500
1.303,1.166,0.500
1.108,1.000,0.500
1.260,1.146,0.500
1.148,1.053,0.500
1.110,1.026,0.500
1.403,1.307,0.500
1.095,1.028,0.500
1.091,1.032,0.500
1.114,1.062,0.500
1.096,1.054,0.500
1.085,1.051,0.500
1.101,1.075,0.500
1.070,1.053,0.500
1.060,1.051,0.500
1.082,1.081,0.500
1.058,1.066,0.500
1.246,1.265,0.500
1.063,1.088,0.500
1.217,1.256,0.500
1.206,1.254,0.500
1.056,1.107,0.500
1.039,1.097,0.500
1.028,1.095,0.500
1.180,1.266,0.500
1.039,1.123,0.500
1.015,1.107,0.500
0.986,1.083,0.500
1.013,1.121,0.500
1.002,1.119,0.500
0.992,1.115,0.500
1.157,1.312,0.500
1.080,1.234,0.500
0.997,1.148,0.500
1.129,1.311,0.500
0.982,1.149,0.500
0.965,1.139,0.500
0.961,1.142,0.500
0.956,1.146,0.500
1.109,1.340,0.500
0.935,1.139,0.500
0.954,1.172,0.500
0.938,1.161,0.500
0.939,1.172,0.500
0.935,1.176,0.500
1.088,1.380,0.500
0.943,1.205,0.500
1.044,1.346,0.500
1.045,1.357,0.500
0.906,1.186,0.500
0.918,1.212,0.500
1.034,1.377,0.500
1.050,1.410,0.500
0.893,1.208,0.500
0.877,1.196,0.500
0.878,1.207,0.500
0.862,1.196,0.500
0.873,1.222,0.500
0.879,1.240,0.500
0.858,1.221,0.500
0.964,1.383,0.500
0.854,1.235,0.500
0.865,1.262,0.500
0.844,1.242,0.500
0.845,1.253,0.500
0.835,1.249,0.500
0.835,1.260,0.500
0.825,1.255,0.500
0.820,1.258,0.500
1.016,1.574,0.500
0.815,1.273,0.500
0.800,1.260,0.500
0.917,1.457,0.500
0.907,1.453,0.500
0.800,1.293,0.500
0.795,1.296,0.500
0.959,1.578,0.500
0.789,1.310,0.500
0.896,1.502,0.500
0.769,1.301,0.500
0.769,1.312,0.500
0.888,1.527,0.500
0.837,1.453,0.500
0.749,1.312,0.500
0.830,1.467,0.500
0.670,1.195,0.500
0.729,1.313,0.500
0.724,1.316,0.500
0.841,1.543,0.500
0.722,1.338,0.500
0.699,1.308,0.500
0.681,1.286,0.500
0.719,1.371,0.500
0.697,1.341,0.500
0.696,1.352,0.500
0.794,1.558,0.500
0.792,1.569,0.500
0.676,1.352,0.500
0.662,1.338,0.500
0.665,1.357,0.500
0.660,1.360,0.500
0.753,1.568,0.500
0.649,1.365,0.500
0.636,1.350,0.500
0.642,1.378,0.500
0.747,1.620,0.500
0.596,1.307,0.500
0.634,1.403,0.500
0.706,1.580,0.500
0.577,1.305,0.500
0.557,1.273,0.500
0.644,1.488,0.500
0.696,1.624,0.500
0.590,1.391,0.500
0.573,1.368,0.500
0.663,1.599,0.500
0.527,1.285,0.500
0.568,1.400,0.500
0.647,1.615,0.500
0.553,1.396,0.500
0.537,1.372,0.500
0.542,1.401,0.500
0.576,1.506,0.500
0.528,1.396,0.500
0.483,1.292,0.500
0.523,1.418,0.500
0.518,1.420,0.500
0.584,1.620,0.500
0.500,1.406,0.500
0.583,1.658,0.500
0.614,1.770,0.500
0.499,1.456,0.500
0.481,1.423,0.500
0.551,1.650,0.500
0.461,1.400,0.500
0.464,1.428,0.500
0.467,1.457,0.500
0.525,1.659,0.500
0.448,1.434,0.500
0.450,1.462,0.500
0.439,1.446,0.500
0.433,1.448,0.500
0.485,1.643,0.500
0.422,1.451,0.500
0.411,1.435,0.500
0.405,1.436,0.500
0.466,1.676,0.500
0.397,1.449,0.500
0.450,1.671,0.500
0.385,1.452,0.500
0.368,1.408,0.500
0.429,1.668,0.500
0.375,1.483,0.500
0.362,1.457,0.500
0.357,1.459,0.500
0.351,1.460,0.500
0.349,1.480,0.500
0.342,1.472,0.500
0.338,1.482,0.500
0.382,1.707,0.500
0.322,1.467,0.500
0.359,1.665,0.500
0.314,1.488,0.500
0.305,1.471,0.500
0.352,1.731,0.500
0.320,1.609,0.500
0.343,1.760,0.500
0.306,1.602,0.500
0.276,1.476,0.500
0.298,1.631,0.500
0.297,1.659,0.500
0.279,1.598,0.500
0.315,1.847,0.500
0.273,1.636,0.500
0.259,1.592,0.500
0.255,1.611,0.500
0.279,1.808,0.500
0.275,1.826,0.500
0.240,1.641,0.500
0.229,1.606,0.500
0.225,1.625,0.500
0.220,1.634,0.500
0.212,1.626,0.500
0.235,1.858,0.500
0.202,1.646,0.500
0.192,1.620,0.500
0.187,1.629,0.500
0.211,1.906,0.500
0.176,1.649,0.500
0.168,1.632,0.500
0.186,1.882,0.500
0.155,1.633,0.500
0.150,1.652,0.500
0.164,1.884,0.500
0.135,1.635,0.500
0.129,1.635,0.500
0.127,1.690,0.500
0.118,1.663,0.500
0.110,1.636,0.500
0.101,1.600,0.500
0.111,1.870,0.500
0.090,1.638,0.500
0.085,1.647,0.500
0.079,1.675,0.500
0.081,1.863,0.500
0.065,1.648,0.500
0.060,1.675,0.500
0.059,1.872,0.500
0.046,1.649,0.500
0.039,1.621,0.500
0.038,1.891,0.500
0.028,1.775,0.500
0.019,1.622,0.500
0.017,2.073,0.500
0.008,1.882,0.500
0.000,1.631,0.500
-0.006,1.686,0.500
-0.014,1.891,0.500
-0.019,1.658,0.500
-0.026,1.649,0.500
-0.036,1.855,0.500
-0.038,1.640,0.500
-0.051,1.873,0.500
-0.051,1.630,0.500
-0.057,1.630,0.500
-0.064,1.630,0.500
-0.080,1.863,0.500
-0.076,1.611,0.500
-0.083,1.638,0.500
-0.090,1.638,0.500
-0.096,1.628,0.500
-0.101,1.610,0.500
-0.110,1.646,0.500
-0.118,1.672,0.500
-0.123,1.645,0.500
-0.125,1.599,0.500
-0.153,1.858,0.500
-0.143,1.652,0.500
-0.147,1.624,0.500
-0.172,1.821,0.500
-0.162,1.650,0.500
-0.165,1.613,0.500
-0.173,1.631,0.500
-0.180,1.630,0.500
-0.210,1.844,0.500
-0.190,1.611,0.500
-0.191,1.564,0.500
-0.238,1.885,0.500
-0.237,1.823,0.500
-0.219,1.635,0.500
-0.228,1.652,0.500
-0.262,1.846,0.500
-0.270,1.845,0.500
-0.269,1.791,0.500
-0.247,1.603,0.500
-0.250,1.584,0.500
-0.281,1.735,0.500
-0.327,1.969,0.500
-0.333,1.959,0.500
-0.300,1.723,0.500
-0.309,1.730,0.500
-0.317,1.738,0.500
-0.329,1.763,0.500
-0.327,1.718,0.500
-0.332,1.708,0.500
-0.349,1.759,0.500
-0.346,1.705,0.500
-0.360,1.739,0.500
-0.412,1.953,0.500
-0.371,1.727,0.500
-0.378,1.726,0.500
-0.437,1.956,0.500
-0.386,1.696,0.500
-0.448,1.936,0.500
-0.448,1.900,0.500
-0.410,1.709,0.500
-0.417,1.708,0.500
-0.428,1.723,0.500
-0.432,1.713,0.500
-0.437,1.703,0.500
-0.514,1.973,0.500
-0.511,1.929,0.500
-0.519,1.927,0.500
-0.470,1.721,0.500
-0.527,1.898,0.500
-0.484,1.718,0.500
-0.488,1.707,0.500
-0.554,1.908,0.500
-0.494,1.677,0.500
-0.506,1.693,0.500
-0.581,1.918,0.500
-0.519,1.689,0.500
-0.512,1.644,0.500
-0.538,1.702,0.500
-0.536,1.674,0.500
-0.603,1.857,0.500
-0.549,1.670,0.500
-0.559,1.676,0.500
-0.565,1.674,0.500
-0.572,1.672,0.500
-0.581,1.678,0.500
-0.582,1.659,0.500
-0.589,1.656,0.500
-0.595,1.654,0.500
-0.602,1.652,0.500
-0.602,1.632,0.500
-0.614,1.647,0.500
-0.624,1.653,0.500
-0.734,1.920,0.500
-0.637,1.648,0.500
-0.644,1.645,0.500
-0.647,1.634,0.500
-0.751,1.877,0.500
-0.683,1.687,0.500
-0.666,1.627,0.500
-0.760,1.836,0.500
-0.713,1.704,0.500
-0.689,1.627,0.500
-0.815,1.906,0.500
-0.705,1.630,0.500
-0.711,1.627,0.500
-0.817,1.849,0.500
-0.720,1.613,0.500
-0.723,1.602,0.500
-0.737,1.616,0.500
-0.739,1.605,0.500
-0.839,1.801,0.500
-0.737,1.566,0.500
-0.754,1.588,0.500
-0.803,1.673,0.500
-0.751,1.549,0.500
-0.773,1.579,0.500
-0.861,1.742,0.500
-0.888,1.778,0.500
-0.796,1.577,0.500
-0.846,1.661,0.500
-0.960,1.866,0.500
-0.859,1.655,0.500
-0.886,1.690,0.500
-0.847,1.601,0.500
-0.858,1.605,0.500
-0.834,1.547,0.500
-0.912,1.676,0.500
-1.072,1.950,0.500
-0.947,1.707,0.500
-0.889,1.588,0.500
-1.045,1.849,0.500
-0.945,1.658,0.500
-0.947,1.647,0.500
-1.062,1.830,0.500
-1.069,1.825,0.500
-0.958,1.620,0.500
-1.097,1.839,0.500
-0.979,1.628,0.500
-0.986,1.624,0.500
-1.109,1.811,0.500
-1.108,1.792,0.500
-1.119,1.795,0.500
-1.011,1.608,0.500
-1.133,1.786,0.500
-1.140,1.782,0.500
-1.025,1.589,0.500
-1.036,1.592,0.500
-1.043,1.588,0.500
-1.059,1.598,0.500
-1.040,1.558,0.500
-1.056,1.568,0.500
-1.063,1.564,0.500
-1.093,1.596,0.500
-1.134,1.642,0.500
-1.204,1.729,0.500
-1.097,1.562,0.500
-1.083,1.529,0.500
-1.109,1.553,0.500
-1.115,1.549,0.500
-1.248,1.719,0.500
-1.133,1.547,0.500
-1.257,1.702,0.500
-1.124,1.510,0.500
-1.135,1.512,0.500
-1.261,1.667,0.500
-1.158,1.517,0.500
-1.174,1.527,0.500
-1.148,1.480,0.500
-1.303,1.667,0.500
-1.165,1.478,0.500
-1.316,1.657,0.500
-1.187,1.483,0.500
-1.253,1.553,0.500
-1.330,1.634,0.500
-1.205,1.469,0.500
-1.216,1.471,0.500
-1.272,1.526,0.500
-1.205,1.434,0.500
-1.245,1.470,0.500
-1.301,1.524,0.500
-1.296,1.506,0.500
-1.291,1.488,0.500
-1.336,1.528,0.500
-1.471,1.669,0.500
-1.337,1.505,0.500
-1.302,1.454,0.500
-1.463,1.621,0.500
-1.354,1.489,0.500
-1.354,1.477,0.500
-1.372,1.485,0.500
-1.366,1.467,0.500
-1.372,1.461,0.500
-1.523,1.610,0.500
-1.419,1.488,0.500
-1.395,1.451,0.500
-1.537,1.586,0.500
-1.412,1.446,0.500
-1.543,1.568,0.500
-1.417,1.429,0.500
-1.429,1.430,0.500
-1.579,1.568,0.500
-1.428,1.406,0.500
-1.409,1.376,0.500
-1.592,1.543,0.500
-1.463,1.407,0.500
-1.437,1.372,0.500
-1.455,1.378,0.500
-1.467,1.378,0.500
-1.485,1.384,0.500
-1.597,1.477,0.500
-1.640,1.504,0.500
-1.501,1.367,0.500
-1.481,1.338,0.500
-1.676,1.502,0.500
-1.524,1.354,0.500
-1.503,1.326,0.500
-1.693,1.482,0.500
-1.527,1.325,0.500
-1.525,1.314,0.500
-1.692,1.445,0.500
-1.516,1.285,0.500
-1.534,1.290,0.500
-1.532,1.278,0.500
-1.727,1.429,0.500
-1.752,1.438,0.500
-1.587,1.293,0.500
-1.821,1.471,0.500
-1.584,1.270,0.500
-1.603,1.274,0.500
-1.780,1.404,0.500
-1.592,1.246,0.500
-1.691,1.313,0.500
-1.683,1.296,0.500
-1.815,1.386,0.500
-1.618,1.226,0.500
-1.725,1.296,0.500
-1.864,1.389,0.500
-1.715,1.267,0.500
-1.706,1.251,0.500
-1.920,1.396,0.500
-1.744,1.257,0.500
-1.735,1.240,0.500
-1.740,1.233,0.500
-1.738,1.222,0.500
-1.940,1.353,0.500
-1.789,1.237,0.500
-1.759,1.206,0.500
-1.757,1.194,0.500
-1.733,1.168,0.500
-1.759,1.176,0.500
-1.792,1.187,0.500
-1.977,1.299,0.500
-1.794,1.169,0.500
-1.791,1.157,0.500
-1.782,1.141,0.500
-1.808,1.148,0.500
-1.790,1.127,0.500
-1.824,1.138,0.500
-1.792,1.108,0.500
-1.847,1.132,0.500
-1.793,1.090,0.500
-1.820,1.096,0.500
-1.795,1.071,0.500
-1.821,1.077,0.500
-1.847,1.083,0.500
-2.045,1.189,0.500
-1.863,1.073,0.500
-1.882,1.074,0.500
-1.973,1.116,0.500
-2.035,1.140,0.500
-1.894,1.051,0.500
-1.869,1.028,0.500
-1.880,1.024,0.500
-2.167,1.170,0.500
-1.873,1.002,0.500
-1.981,1.049,0.500
-2.000,1.049,0.500
-1.997,1.038,0.500
-2.008,1.034,0.500
-2.005,1.022,0.500
-2.016,1.018,0.500
-2.013,1.006,0.500
-2.024,1.002,0.500
-2.028,0.994,0.500
-2.223,1.079,0.500
-2.036,0.978,0.500
-2.173,1.034,0.500
-2.043,0.962,0.500
-2.032,0.947,0.500
-2.036,0.939,0.500
-2.024,0.924,0.500
-2.274,1.027,0.500
-2.085,0.932,0.500
-2.252,0.996,0.500
-2.054,0.899,0.500
-2.126,0.920,0.500
-2.068,0.886,0.500
-2.275,0.964,0.500
-2.060,0.863,0.500
-2.523,1.046,0.500
-2.105,0.863,0.500
-2.342,0.949,0.500
-2.089,0.837,0.500
-2.282,0.904,0.500
-2.397,0.939,0.500
-2.114,0.818,0.500
-2.109,0.807,0.500
-2.128,0.805,0.500
-2.116,0.790,0.500
-2.235,0.825,0.500
-2.145,0.782,0.500
-2.317,0.835,0.500
-2.120,0.754,0.500
-2.316,0.814,0.500
-2.134,0.740,0.500
-2.121,0.727,0.500
-2.341,0.792,0.500
-2.134,0.712,0.500
-2.332,0.768,0.500
-2.132,0.693,0.500
-2.345,0.752,0.500
-2.145,0.679,0.500
-2.148,0.670,0.500
-2.166,0.667,0.500
-2.349,0.713,0.500
-2.180,0.652,0.500
-2.182,0.644,0.500
-2.365,0.688,0.500
-2.171,0.622,0.500
-2.386,0.673,0.500
-2.176,0.605,0.500
-2.178,0.596,0.500
-2.363,0.637,0.500
-2.191,0.581,0.500
-2.328,0.608,0.500
-2.147,0.552,0.500
-2.198,0.555,0.500
-2.208,0.549,0.500
-2.178,0.532,0.500
-2.164,0.520,0.500
-2.381,0.562,0.500
-2.168,0.503,0.500
-2.401,0.547,0.500
-2.372,0.531,0.500
-2.132,0.468,0.500
-2.408,0.519,0.500
-2.210,0.467,0.500
-2.179,0.452,0.500
-2.172,0.441,0.500
-2.166,0.431,0.500
-2.512,0.490,0.500
-2.169,0.414,0.500
-2.179,0.407,0.500
-2.172,0.397,0.500
-2.174,0.389,0.500
-2.200,0.384,0.500
-2.388,0.408,0.500
-2.220,0.370,0.500
-2.213,0.360,0.500
-2.409,0.382,0.500
-2.207,0.341,0.500
-2.167,0.326,0.500
-2.421,0.355,0.500
-2.186,0.312,0.500
-2.384,0.330,0.500
-2.401,0.323,0.500
-2.173,0.284,0.500
-2.208,0.279,0.500
-2.217,0.272,0.500
-2.201,0.261,0.500
-2.211,0.253,0.500
-2.261,0.250,0.500
-2.213,0.236,0.500
-2.230,0.229,0.500
-2.181,0.215,0.500
-2.248,0.213,0.500
-2.216,0.201,0.500
-2.192,0.190,0.500
-2.209,0.183,0.500
-2.202,0.174,0.500
-2.252,0.169,0.500
-2.433,0.173,0.500
-2.195,0.147,0.500
-2.402,0.151,0.500
-2.246,0.133,0.500
-2.205,0.122,0.500
-2.189,0.112,0.500
-2.239,0.106,0.500
-2.206,0.096,0.500
-2.165,0.085,0.500
-2.173,0.077,0.500
-2.405,0.076,0.500
-2.233,0.062,0.500
-2.216,0.053,0.500
-2.225,0.044,0.500
-2.438,0.039,0.500
-2.233,0.027,0.500
-2.439,0.020,0.500
-2.267,0.009,0.500
-2.439,0.000,0.500
-2.267,-0.009,0.500
-2.225,-0.017,0.500
-2.479,-0.029,0.500
-2.258,-0.035,0.500
-2.241,-0.044,0.500
-2.208,-0.052,0.500
-2.282,-0.062,0.500
-2.526,-0.079,0.500
-2.348,-0.083,0.500
-2.347,-0.092,0.500
-2.339,-0.101,0.500
-2.611,-0.123,0.500
-2.322,-0.118,0.500
-2.547,-0.140,0.500
-2.329,-0.137,0.500
-2.312,-0.145,0.500
-2.336,-0.156,0.500
-2.545,-0.180,0.500
-2.318,-0.173,0.500
-2.342,-0.184,0.500
-2.309,-0.190,0.500
-2.308,-0.200,0.500
-2.323,-0.210,0.500
-2.452,-0.231,0.500
-2.297,-0.226,0.500
-2.313,-0.237,0.500
-2.568,-0.273,0.500
-2.637,-0.291,0.500
-2.415,-0.276,0.500
-2.619,-0.310,0.500
-2.429,-0.297,0.500
-2.648,-0.334,0.500
-2.442,-0.318,0.500
-2.417,-0.324,0.500
-2.590,-0.358,0.500
-2.382,-0.339,0.500
-2.405,-0.352,0.500
-2.632,-0.395,0.500
-2.370,-0.366,0.500
-2.613,-0.413,0.500
-2.439,-0.396,0.500
-2.610,-0.434,0.500
-2.380,-0.405,0.500
-2.591,-0.452,0.500
-2.401,-0.428,0.500
-2.618,-0.478,0.500
-2.374,-0.443,0.500
-2.606,-0.497,0.500
-2.386,-0.464,0.500
-2.602,-0.517,0.500
-2.334,-0.474,0.500
-2.575,-0.533,0.500
-2.386,-0.504,0.500
-2.376,-0.511,0.500
-2.569,-0.563,0.500
-2.380,-0.532,0.500
-2.564,-0.583,0.500
-2.392,-0.554,0.500
-2.718,-0.641,0.500
-2.371,-0.569,0.500
-2.353,-0.574,0.500
-2.383,-0.591,0.500
-2.550,-0.644,0.500
-2.401,-0.616,0.500
-2.321,-0.605,0.500
-2.565,-0.680,0.500
-2.363,-0.636,0.500
-2.544,-0.696,0.500
-2.542,-0.706,0.500
-2.584,-0.728,0.500
-2.352,-0.673,0.500
-2.563,-0.744,0.500
-2.332,-0.687,0.500
-2.527,-0.755,0.500
-2.349,-0.712,0.500
-2.551,-0.784,0.500
-2.367,-0.738,0.500
-2.318,-0.733,0.500
-2.307,-0.739,0.500
-2.327,-0.756,0.500
-2.324,-0.765,0.500
-2.344,-0.782,0.500
-2.326,-0.786,0.500
-2.315,-0.792,0.500
-2.320,-0.804,0.500
-2.301,-0.808,0.500
-2.500,-0.889,0.500
-2.295,-0.826,0.500
-2.500,-0.911,0.500
-2.296,-0.847,0.500
-2.262,-0.844,0.500
-2.475,-0.935,0.500
-2.301,-0.879,0.500
-2.267,-0.877,0.500
-2.264,-0.886,0.500
-2.445,-0.968,0.500
-2.257,-0.903,0.500
-2.260,-0.915,0.500
-2.361,-0.967,0.500
-2.350,-0.973,0.500
-2.121,-0.888,0.500
-2.342,-0.991,0.500
-2.152,-0.921,0.500
-2.414,-1.044,0.500
-2.115,-0.925,0.500
-2.441,-1.079,0.500
-2.212,-0.988,0.500
-2.545,-1.149,0.500
-2.137,-0.975,0.500
-2.126,-0.980,0.500
-2.405,-1.120,0.500
-2.207,-1.038,0.500
-2.077,-0.987,0.500
-2.103,-1.010,0.500
-2.114,-1.025,0.500
-2.183,-1.069,0.500
-2.364,-1.169,0.500
-2.080,-1.039,0.500
-2.177,-1.098,0.500
-2.371,-1.208,0.500
-2.162,-1.112,0.500
-2.362,-1.226,0.500
-2.066,-1.083,0.500
-2.226,-1.178,0.500
-2.144,-1.146,0.500
-2.315,-1.249,0.500
-2.156,-1.174,0.500
-2.353,-1.293,0.500
-2.140,-1.187,0.500
-2.028,-1.136,0.500
-2.242,-1.267,0.500
-2.126,-1.212,0.500
-2.176,-1.252,0.500
-2.074,-1.204,0.500
-2.242,-1.314,0.500
-2.106,-1.245,0.500
-2.003,-1.195,0.500
-2.006,-1.207,0.500
-2.160,-1.312,0.500
-1.996,-1.223,0.500
-2.244,-1.387,0.500
-1.973,-1.230,0.500
-1.968,-1.238,0.500
-2.147,-1.362,0.500
-1.979,-1.266,0.500
-1.981,-1.279,0.500
-2.098,-1.366,0.500
-2.018,-1.325,0.500
-2.087,-1.382,0.500
-1.926,-1.287,0.500
-2.155,-1.452,0.500
-1.984,-1.348,0.500
-2.143,-1.469,0.500
-2.013,-1.391,0.500
-2.132,-1.485,0.500
-1.995,-1.402,0.500
-1.930,-1.368,0.500
-1.984,-1.418,0.500
-2.159,-1.555,0.500
-1.980,-1.438,0.500
-2.122,-1.554,0.500
-1.968,-1.453,0.500
-1.956,-1.456,0.500
-1.924,-1.445,0.500
-1.977,-1.496,0.500
-1.932,-1.474,0.500
-2.115,-1.627,0.500
-1.927,-1.495,0.500
-1.902,-1.487,0.500
-2.084,-1.642,0.500
-1.909,-1.517,0.500
-1.891,-1.514,0.500
-1.941,-1.567,0.500
-1.910,-1.555,0.500
-2.057,-1.688,0.500
-1.885,-1.559,0.500
-2.032,-1.694,0.500
-1.848,-1.553,0.500
-1.848,-1.566,0.500
-2.006,-1.713,0.500
-1.842,-1.586,0.500
-1.830,-1.588,0.500
-1.991,-1.741,0.500
-1.836,-1.618,0.500
-1.972,-1.752,0.500
-1.823,-1.632,0.500
-1.804,-1.629,0.500
-1.846,-1.679,0.500
-1.786,-1.637,0.500
-2.017,-1.864,0.500
-1.779,-1.657,0.500
-1.796,-1.686,0.500
-1.830,-1.731,0.500
-1.776,-1.694,0.500
-1.902,-1.828,0.500
-1.740,-1.686,0.500
-1.733,-1.693,0.500
-1.818,-1.789,0.500
-1.754,-1.740,0.500
-1.742,-1.741,0.500
-1.718,-1.731,0.500
-1.762,-1.789,0.500
-1.865,-1.909,0.500
-1.748,-1.803,0.500
-1.839,-1.912,0.500
-1.815,-1.903,0.500
-1.748,-1.847,0.500
-1.880,-2.002,0.500
-1.674,-1.796,0.500
-1.726,-1.867,0.500
-1.730,-1.886,0.500
-1.733,-1.904,0.500
-1.835,-2.033,0.500
-1.838,-2.051,0.500
-1.705,-1.919,0.500
-1.608,-1.823,0.500
-1.695,-1.938,0.500
-1.609,-1.854,0.500
-1.602,-1.860,0.500
-1.584,-1.854,0.500
-1.577,-1.860,0.500
-1.569,-1.867,0.500
-1.639,-1.965,0.500
-1.550,-1.873,0.500
-1.618,-1.972,0.500
-1.621,-1.990,0.500
-1.527,-1.891,0.500
-1.727,-2.155,0.500
-1.518,-1.909,0.500
-1.540,-1.953,0.500
-1.483,-1.895,0.500
-1.490,-1.920,0.500
-1.477,-1.920,0.500
-1.480,-1.939,0.500
-1.462,-1.931,0.500
-1.460,-1.944,0.500
-1.576,-2.115,0.500
-1.520,-2.058,0.500
-1.437,-1.961,0.500
-1.438,-1.979,0.500
-1.542,-2.140,0.500
-1.418,-1.984,0.500
-1.584,-2.234,0.500
-1.412,-2.008,0.500
-1.395,-2.001,0.500
-1.442,-2.085,0.500
-1.374,-2.005,0.500
-1.483,-2.181,0.500
-1.359,-2.016,0.500
-1.355,-2.028,0.500
-1.513,-2.283,0.500
-1.521,-2.315,0.500
-1.327,-2.037,0.500
-1.310,-2.028,0.500
-1.315,-2.054,0.500
-1.405,-2.214,0.500
-1.299,-2.064,0.500
-1.433,-2.297,0.500
-1.283,-2.074,0.500
-1.270,-2.072,0.500
-1.270,-2.091,0.500
-1.262,-2.096,0.500
-1.246,-2.087,0.500
-1.242,-2.099,0.500
-1.233,-2.104,0.500
-1.337,-2.301,0.500
-1.217,-2.114,0.500
-1.307,-2.291,0.500
-1.212,-2.144,0.500
-1.196,-2.135,0.500
-1.183,-2.132,0.500
-1.171,-2.130,0.500
-1.171,-2.149,0.500
-1.162,-2.153,0.500
-1.135,-2.122,0.500
-1.141,-2.155,0.500
-1.133,-2.160,0.500
-1.205,-2.320,0.500
-1.123,-2.183,0.500
-1.194,-2.343,0.500
-1.095,-2.170,0.500
-1.183,-2.366,0.500
-1.082,-2.186,0.500
-1.164,-2.376,0.500
-1.068,-2.201,0.500
-1.059,-2.206,0.500
-1.044,-2.195,0.500
-1.042,-2.214,0.500
-1.030,-2.211,0.500
-1.025,-2.222,0.500
-1.016,-2.226,0.500
-1.014,-2.245,0.500
-0.995,-2.227,0.500
-0.996,-2.253,0.500
-0.974,-2.227,0.500
-1.051,-2.428,0.500
-0.947,-2.212,0.500
-1.029,-2.429,0.500
-0.945,-2.257,0.500
-1.004,-2.422,0.500
-0.928,-2.264,0.500
-0.925,-2.283,0.500
-0.901,-2.249,0.500
-0.916,-2.312,0.500
-0.895,-2.286,0.500
-0.886,-2.289,0.500
-0.871,-2.278,0.500
-0.868,-2.296,0.500
-0.859,-2.300,0.500
-0.833,-2.258,0.500
-0.906,-2.485,0.500
-0.818,-2.272,0.500
-0.889,-2.500,0.500
-0.806,-2.293,0.500
-0.804,-2.319,0.500
-0.795,-2.322,0.500
-0.786,-2.326,0.500
-0.847,-2.539,0.500
-0.768,-2.332,0.500
-0.815,-2.508,0.500
-0.742,-2.315,0.500
-0.738,-2.333,0.500
-0.731,-2.343,0.500
-0.780,-2.536,0.500
-0.706,-2.326,0.500
-0.747,-2.497,0.500
-0.726,-2.462,0.500
-0.769,-2.645,0.500
-0.674,-2.352,0.500
-0.746,-2.643,0.500
-0.687,-2.473,0.500
-0.646,-2.360,0.500
-0.718,-2.667,0.500
-0.621,-2.342,0.500
-0.696,-2.665,0.500
-0.635,-2.471,0.500
-0.675,-2.670,0.500
-0.588,-2.367,0.500
-0.605,-2.478,0.500
-0.638,-2.655,0.500
-0.638,-2.703,0.500
-0.626,-2.698,0.500
-0.565,-2.479,0.500
-0.558,-2.497,0.500
-0.523,-2.382,0.500
-0.522,-2.423,0.500
-0.527,-2.496,0.500
-0.517,-2.498,0.500
-0.509,-2.508,0.500
-0.504,-2.533,0.500
-0.493,-2.527,0.500
-0.481,-2.521,0.500
-0.465,-2.492,0.500
-0.495,-2.709,0.500
-0.429,-2.401,0.500
-0.474,-2.713,0.500
-0.430,-2.522,0.500
-0.432,-2.594,0.500
-0.390,-2.399,0.500
-0.418,-2.636,0.500
-0.421,-2.729,0.500
-0.391,-2.601,0.500
-0.384,-2.625,0.500
-0.358,-2.518,0.500
-0.335,-2.424,0.500
-0.340,-2.528,0.500
-0.315,-2.418,0.500
-0.307,-2.428,0.500
-0.313,-2.556,0.500
-0.309,-2.612,0.500
-0.276,-2.415,0.500
-0.270,-2.448,0.500
-0.271,-2.544,0.500
-0.258,-2.514,0.500
-0.245,-2.483,0.500
-0.239,-2.524,0.500
-0.229,-2.525,0.500
-0.236,-2.728,0.500
-0.200,-2.414,0.500
-0.216,-2.738,0.500
-0.190,-2.544,0.500
-0.196,-2.770,0.500
-0.162,-2.425,0.500
-0.158,-2.506,0.500
-0.150,-2.539,0.500
-0.149,-2.704,0.500
-0.129,-2.524,0.500
-0.120,-2.532,0.500
-0.111,-2.556,0.500
-0.100,-2.549,0.500
-0.090,-2.533,0.500
-0.083,-2.644,0.500
-0.070,-2.550,0.500
-0.065,-2.746,0.500
-0.051,-2.566,0.500
-0.044,-2.777,0.500
-0.030,-2.559,0.500
-0.022,-2.746,0.500
-0.011,-2.762,0.500
-0.000,-2.535,0.500
0.011,-2.739,0.500
0.020,-2.590,0.500
0.030,-2.590,0.500
0.040,-2.551,0.500
0.054,-2.746,0.500
0.060,-2.542,0.500
0.070,-2.534,0.500
0.080,-2.550,0.500
0.098,-2.768,0.500
0.108,-2.752,0.500
0.120,-2.782,0.500
0.125,-2.658,0.500
0.130,-2.548,0.500
0.140,-2.539,0.500
0.163,-2.765,0.500
0.161,-2.554,0.500
0.170,-2.545,0.500
0.180,-2.545,0.500
0.205,-2.739,0.500
0.201,-2.559,0.500
0.211,-2.558,0.500
0.220,-2.541,0.500
0.247,-2.728,0.500
0.241,-2.548,0.500
0.248,-2.515,0.500
0.278,-2.717,0.500
0.268,-2.521,0.500
0.299,-2.707,0.500
0.293,-2.566,0.500
0.296,-2.502,0.500
0.334,-2.734,0.500
0.321,-2.539,0.500
0.359,-2.754,0.500
0.342,-2.544,0.500
0.350,-2.535,0.500
0.362,-2.541,0.500
0.370,-2.532,0.500
0.384,-2.554,0.500
0.422,-2.737,0.500
0.403,-2.543,0.500
0.406,-2.502,0.500
0.452,-2.717,0.500
0.430,-2.522,0.500
0.436,-2.497,0.500
0.439,-2.456,0.500
0.472,-2.587,0.500
0.465,-2.492,0.500
0.478,-2.506,0.500
0.488,-2.504,0.500
0.502,-2.525,0.500
0.507,-2.500,0.500
0.557,-2.689,0.500
0.527,-2.496,0.500
0.535,-2.486,0.500
0.603,-2.750,0.500
0.558,-2.497,0.500
0.563,-2.472,0.500
0.622,-2.683,0.500
0.586,-2.483,0.500
0.643,-2.678,0.500
0.607,-2.486,0.500
0.666,-2.680,0.500
0.623,-2.466,0.500
0.630,-2.455,0.500
0.646,-2.476,0.500
0.650,-2.450,0.500
0.653,-2.425,0.500
0.681,-2.491,0.500
0.735,-2.646,0.500
0.690,-2.448,0.500
0.709,-2.475,0.500
0.714,-2.457,0.500
0.714,-2.424,0.500
0.726,-2.429,0.500
0.738,-2.433,0.500
0.819,-2.662,0.500
0.745,-2.390,0.500
0.743,-2.348,0.500
0.841,-2.623,0.500
0.754,-2.319,0.500
0.827,-2.513,0.500
0.769,-2.306,0.500
0.778,-2.303,0.500
0.854,-2.495,0.500
0.804,-2.319,0.500
0.813,-2.316,0.500
0.809,-2.275,0.500
0.896,-2.489,0.500
0.906,-2.486,0.500
0.847,-2.296,0.500
0.856,-2.292,0.500
0.871,-2.304,0.500
0.877,-2.293,0.500
0.952,-2.460,0.500
0.886,-2.264,0.500
0.895,-2.260,0.500
0.978,-2.441,0.500
0.919,-2.268,0.500
0.890,-2.174,0.500
0.946,-2.283,0.500
0.901,-2.152,0.500
0.922,-2.178,0.500
1.001,-2.338,0.500
0.926,-2.141,0.500
0.968,-2.212,0.500
0.937,-2.119,0.500
1.034,-2.315,0.500
0.967,-2.141,0.500
1.052,-2.306,0.500
0.977,-2.119,0.500
0.995,-2.137,0.500
1.000,-2.126,0.500
0.998,-2.099,0.500
1.094,-2.278,0.500
1.113,-2.295,0.500
1.023,-2.088,0.500
1.034,-2.091,0.500
1.039,-2.079,0.500
1.043,-2.068,0.500
1.154,-2.266,0.500
1.063,-2.067,0.500
1.183,-2.278,0.500
1.080,-2.059,0.500
1.084,-2.047,0.500
1.331,-2.490,0.500
1.204,-2.231,0.500
1.120,-2.056,0.500
1.124,-2.044,0.500
1.132,-2.040,0.500
1.144,-2.043,0.500
1.251,-2.214,0.500
1.152,-2.019,0.500
1.143,-1.986,0.500
1.168,-2.010,0.500
1.188,-2.027,0.500
1.183,-2.001,0.500
1.195,-2.003,0.500
1.212,-2.013,0.500
1.207,-1.987,0.500
1.240,-2.024,0.500
1.231,-1.991,0.500
1.221,-1.958,0.500
1.238,-1.968,0.500
1.263,-1.990,0.500
1.262,-1.972,0.500
1.270,-1.967,0.500
1.273,-1.955,0.500
1.383,-2.105,0.500
1.275,-1.924,0.500
1.346,-2.014,0.500
1.417,-2.102,0.500
1.316,-1.936,0.500
1.451,-2.117,0.500
1.336,-1.933,0.500
1.454,-2.086,0.500
1.341,-1.909,0.500
1.344,-1.897,0.500
1.483,-2.075,0.500
1.378,-1.913,0.500
1.366,-1.881,0.500
1.383,-1.889,0.500
1.342,-1.817,0.500
1.379,-1.851,0.500
1.366,-1.819,0.500
1.333,-1.761,0.500
1.410,-1.848,0.500
1.407,-1.829,0.500
1.430,-1.843,0.500
1.422,-1.818,0.500
1.564,-1.985,0.500
1.358,-1.709,0.500
1.459,-1.821,0.500
1.398,-1.731,0.500
1.585,-1.947,0.500
1.412,-1.720,0.500
1.418,-1.714,0.500
1.414,-1.696,0.500
1.426,-1.697,0.500
1.545,-1.824,0.500
1.434,-1.679,0.500
1.441,-1.674,0.500
1.502,-1.731,0.500
1.459,-1.669,0.500
1.548,-1.756,0.500
1.467,-1.651,0.500
1.473,-1.645,0.500
1.502,-1.664,0.500
1.603,-1.762,0.500
1.648,-1.797,0.500
1.510,-1.634,0.500
1.545,-1.658,0.500
1.500,-1.598,0.500
1.726,-1.824,0.500
1.519,-1.592,0.500
1.536,-1.598,0.500
1.531,-1.580,0.500
1.698,-1.739,0.500
1.584,-1.609,0.500
1.550,-1.562,0.500
1.603,-1.603,0.500
1.568,-1.555,0.500
1.568,-1.543,0.500
1.586,-1.549,0.500
1.586,-1.537,0.500
1.586,-1.525,0.500
1.610,-1.536,0.500
1.604,-1.518,0.500
1.616,-1.517,0.500
1.778,-1.657,0.500
1.616,-1.493,0.500
1.737,-1.593,0.500
1.646,-1.498,0.500
1.658,-1.497,0.500
1.817,-1.627,0.500
1.663,-1.478,0.500
1.829,-1.613,0.500
1.830,-1.600,0.500
1.668,-1.447,0.500
1.674,-1.441,0.500
1.867,-1.594,0.500
1.717,-1.455,0.500
1.798,-1.512,0.500
1.722,-1.436,0.500
1.734,-1.434,0.500
1.733,-1.422,0.500
1.885,-1.535,0.500
1.757,-1.419,0.500
1.737,-1.391,0.500
1.762,-1.400,0.500
1.767,-1.393,0.500
1.927,-1.507,0.500
1.771,-1.374,0.500
1.777,-1.367,0.500
1.795,-1.370,0.500
1.787,-1.353,0.500
2.008,-1.508,0.500
1.982,-1.476,0.500
1.797,-1.327,0.500
1.987,-1.456,0.500
1.834,-1.332,0.500
1.819,-1.311,0.500
1.997,-1.427,0.500
1.963,-1.391,0.500
1.848,-1.299,0.500
1.853,-1.291,0.500
2.020,-1.396,0.500
1.877,-1.286,0.500
2.064,-1.402,0.500
1.887,-1.271,0.500
1.864,-1.245,0.500
2.053,-1.360,0.500
1.881,-1.235,0.500
1.879,-1.223,0.500
1.890,-1.221,0.500
2.074,-1.328,0.500
1.893,-1.201,0.500
2.098,-1.320,0.500
1.902,-1.186,0.500
1.907,-1.179,0.500
1.904,-1.167,0.500
1.930,-1.172,0.500
1.935,-1.165,0.500
1.896,-1.132,0.500
1.915,-1.133,0.500
2.132,-1.249,0.500
1.967,-1.143,0.500
1.943,-1.118,0.500
1.889,-1.078,0.500
2.130,-1.204,0.500
1.949,-1.091,0.500
1.872,-1.039,0.500
1.972,-1.084,0.500
1.888,-1.028,0.500
1.892,-1.021,0.500
1.888,-1.009,0.500
1.840,-0.974,0.500
1.904,-0.998,0.500
1.900,-0.987,0.500
1.896,-0.976,0.500
1.945,-0.991,0.500
1.904,-0.961,0.500
1.923,-0.961,0.500
1.896,-0.938,0.500
2.102,-1.030,0.500
1.926,-0.934,0.500
2.110,-1.013,0.500
1.895,-0.901,0.500
2.118,-0.997,0.500
1.925,-0.897,0.500
2.074,-0.956,0.500
1.971,-0.899,0.500
2.141,-0.967,0.500
1.970,-0.880,0.500
1.981,-0.876,0.500
2.175,-0.951,0.500
1.973,-0.854,0.500
2.242,-0.960,0.500
1.979,-0.838,0.500
2.174,-0.911,0.500
1.962,-0.813,0.500
2.166,-0.887,0.500
1.969,-0.797,0.500
2.166,-0.867,0.500
1.975,-0.782,0.500
2.195,-0.859,0.500
2.005,-0.776,0.500
2.063,-0.789,0.500
1.995,-0.754,0.500
1.982,-0.740,0.500
1.961,-0.723,0.500
2.176,-0.793,0.500
1.999,-0.719,0.500
2.001,-0.712,0.500
2.217,-0.778,0.500
2.007,-0.696,0.500
2.223,-0.761,0.500
2.012,-0.680,0.500
2.236,-0.746,0.500
2.090,-0.688,0.500
2.179,-0.708,0.500
2.007,-0.643,0.500
1.936,-0.612,0.500
1.930,-0.602,0.500
2.038,-0.627,0.500
2.033,-0.617,0.500
1.928,-0.577,0.500
2.070,-0.610,0.500
1.916,-0.557,0.500
1.918,-0.549,0.500
1.937,-0.546,0.500
1.939,-0.539,0.500
1.925,-0.527,0.500
1.927,-0.519,0.500
2.135,-0.566,0.500
1.939,-0.506,0.500
2.171,-0.557,0.500
2.157,-0.545,0.500
2.151,-0.534,0.500
2.170,-0.530,0.500
1.932,-0.464,0.500
2.174,-0.513,0.500
1.961,-0.454,0.500
1.954,-0.445,0.500
2.172,-0.485,0.500
1.966,-0.431,0.500
1.942,-0.418,0.500
1.969,-0.416,0.500
1.979,-0.410,0.500
1.939,-0.393,0.500
1.974,-0.393,0.500
2.184,-0.425,0.500
1.969,-0.375,0.500
2.179,-0.407,0.500
1.997,-0.365,0.500
1.964,-0.351,0.500
1.974,-0.345,0.500
1.942,-0.331,0.500
2.036,-0.339,0.500
1.978,-0.321,0.500
1.980,-0.313,0.500
2.015,-0.311,0.500
2.008,-0.302,0.500
2.009,-0.294,0.500
1.976,-0.281,0.500
2.002,-0.277,0.500
2.214,-0.297,0.500
2.005,-0.261,0.500
2.199,-0.278,0.500
2.200,-0.269,0.500
1.965,-0.232,0.500
1.896,-0.217,0.500
1.871,-0.206,0.500
2.044,-0.218,0.500
1.907,-0.195,0.500
2.003,-0.197,0.500
1.865,-0.176,0.500
1.892,-0.171,0.500
1.893,-0.164,0.500
1.911,-0.158,0.500
1.894,-0.149,0.500
1.999,-0.149,0.500
1.904,-0.135,0.500
1.878,-0.125,0.500
2.103,-0.132,0.500
2.018,-0.119,0.500
2.121,-0.117,0.500
1.897,-0.097,0.500
2.122,-0.100,0.500
1.915,-0.083,0.500
1.889,-0.074,0.500
1.872,-0.066,0.500
1.908,-0.060,0.500
1.890,-0.052,0.500
1.882,-0.044,0.500
1.891,-0.037,0.500
1.873,-0.029,0.500
2.098,-0.025,0.500
1.882,-0.015,0.500
2.107,-0.008,0.500
2.082,0.000,1.000
2.258,0.009,1.000
2.250,0.018,1.000
2.250,0.027,1.000
2.258,0.036,1.000
2.250,0.044,1.000
2.389,0.056,1.000
2.299,0.063,1.000
2.389,0.075,1.000
2.265,0.080,1.000
2.421,0.095,1.000
2.256,0.098,1.000
2.500,0.118,1.000
2.138,0.109,1.000
2.230,0.123,1.000
2.213,0.131,1.000
2.271,0.143,1.000
2.352,0.157,1.000
2.144,0.152,1.000
2.343,0.175,1.000
2.185,0.172,1.000
2.317,0.192,1.000
2.125,0.184,1.000
2.098,0.190,1.000
2.232,0.211,1.000
2.148,0.212,1.000
2.337,0.240,1.000
2.112,0.225,1.000
2.359,0.261,1.000
2.326,0.266,1.000
2.333,0.276,1.000
2.348,0.287,1.000
2.065,0.261,1.000
2.148,0.280,1.000
2.139,0.287,1.000
2.311,0.320,1.000
2.111,0.301,1.000
2.316,0.339,1.000
2.117,0.318,1.000
2.330,0.360,1.000
2.123,0.336,1.000
2.295,0.373,1.000
2.120,0.353,1.000
2.102,0.359,1.000
2.084,0.364,1.000
2.116,0.378,1.000
2.089,0.382,1.000
2.088,0.390,1.000
2.061,0.393,1.000
2.394,0.467,1.000
2.075,0.413,1.000
2.278,0.463,1.000
2.080,0.431,1.000
2.087,0.441,1.000
2.076,0.447,1.000
2.108,0.463,1.000
2.114,0.473,1.000
2.104,0.479,1.000
2.044,0.474,1.000
2.397,0.566,1.000
2.164,0.520,1.000
2.063,0.504,1.000
2.208,0.549,1.000
2.068,0.522,1.000
2.196,0.564,1.000
2.055,0.536,1.000
2.287,0.606,1.000
2.075,0.559,1.000
2.098,0.574,1.000
2.087,0.580,1.000
2.253,0.636,1.000
2.115,0.606,1.000
2.185,0.635,1.000
2.110,0.622,1.000
2.390,0.715,1.000
2.129,0.646,1.000
2.062,0.635,1.000
2.060,0.643,1.000
2.129,0.674,1.000
2.039,0.654,1.000
2.234,0.726,1.000
2.042,0.672,1.000
2.252,0.751,1.000
2.226,0.752,1.000
2.238,0.766,1.000
2.188,0.759,1.000
2.012,0.707,1.000
2.252,0.801,1.000
1.990,0.717,1.000
2.192,0.799,1.000
1.993,0.735,1.000
1.990,0.743,1.000
2.243,0.848,1.000
2.000,0.765,1.000
2.005,0.776,1.000
1.994,0.780,1.000
2.161,0.856,1.000
1.988,0.796,1.000
2.185,0.885,1.000
1.958,0.802,1.000
2.170,0.899,1.000
1.998,0.837,1.000
1.932,0.818,1.000
1.960,0.839,1.000
1.973,0.854,1.000
1.962,0.858,1.000
1.935,0.856,1.000
2.167,0.968,1.000
1.936,0.874,1.000
2.152,0.982,1.000
1.944,0.896,1.000
1.856,0.865,1.000
2.133,1.004,1.000
1.864,0.886,1.000
1.799,0.864,1.000
1.926,0.934,1.000
1.808,0.886,1.000
1.850,0.916,1.000
1.908,0.953,1.000
1.797,0.907,1.000
2.005,1.022,1.000
1.774,0.913,1.000
1.832,0.952,1.000
2.322,1.218,1.000
1.862,0.986,1.000
2.086,1.115,1.000
1.794,0.968,1.000
2.063,1.124,1.000
1.979,1.088,1.000
1.857,1.031,1.000
1.905,1.067,1.000
1.966,1.111,1.000
1.830,1.044,1.000
1.943,1.118,1.000
1.740,1.011,1.000
1.927,1.130,1.000
1.740,1.029,1.000
1.925,1.149,1.000
1.899,1.144,1.000
1.916,1.164,1.000
1.731,1.061,1.000
1.907,1.179,1.000
1.722,1.074,1.000
1.696,1.067,1.000
1.699,1.079,1.000
1.688,1.081,1.000
1.676,1.083,1.000
1.672,1.089,1.000
1.853,1.217,1.000
1.671,1.107,1.000
1.652,1.104,1.000
1.640,1.106,1.000
1.686,1.146,1.000
1.653,1.133,1.000
1.642,1.135,1.000
1.658,1.156,1.000
1.654,1.162,1.000
1.670,1.184,1.000
1.616,1.155,1.000
1.640,1.182,1.000
1.621,1.178,1.000
1.808,1.325,1.000
1.598,1.181,1.000
1.864,1.389,1.000
1.589,1.193,1.000
1.584,1.199,1.000
1.586,1.211,1.000
1.595,1.228,1.000
1.611,1.250,1.000
1.599,1.251,1.000
1.741,1.373,1.000
1.576,1.252,1.000
1.743,1.397,1.000
1.559,1.259,1.000
1.745,1.421,1.000
1.529,1.255,1.000
1.721,1.424,1.000
1.532,1.278,1.000
1.541,1.295,1.000
1.529,1.296,1.000
1.524,1.302,1.000
1.525,1.313,1.000
1.578,1.370,1.000
1.495,1.308,1.000
1.644,1.449,1.000
1.600,1.422,1.000
1.512,1.355,1.000
1.481,1.337,1.000
1.658,1.509,1.000
1.490,1.366,1.000
1.622,1.499,1.000
1.622,1.511,1.000
1.461,1.372,1.000
1.622,1.535,1.000
1.463,1.395,1.000
1.616,1.554,1.000
1.445,1.401,1.000
1.434,1.401,1.000
1.434,1.412,1.000
1.453,1.442,1.000
1.579,1.579,1.000
1.424,1.435,1.000
1.578,1.604,1.000
1.412,1.446,1.000
1.548,1.598,1.000
1.389,1.445,1.000
1.542,1.616,1.000
1.383,1.462,1.000
1.395,1.486,1.000
1.522,1.634,1.000
1.366,1.478,1.000
1.487,1.621,1.000
1.372,1.508,1.000
1.354,1.501,1.000
1.354,1.512,1.000
1.331,1.498,1.000
1.337,1.516,1.000
1.470,1.681,1.000
1.336,1.540,1.000
1.457,1.693,1.000
1.324,1.550,1.000
1.290,1.523,1.000
1.432,1.703,1.000
1.283,1.539,1.000
1.439,1.740,1.000
1.271,1.549,1.000
1.415,1.739,1.000
1.281,1.586,1.000
1.269,1.584,1.000
1.431,1.801,1.000
1.241,1.574,1.000
1.386,1.773,1.000
1.239,1.597,1.000
1.341,1.744,1.000
1.247,1.634,1.000
1.194,1.577,1.000
1.193,1.589,1.000
1.329,1.785,1.000
1.196,1.619,1.000
1.310,1.788,1.000
1.173,1.615,1.000
1.197,1.661,1.000
1.175,1.645,1.000
1.164,1.642,1.000
1.172,1.668,1.000
1.156,1.659,1.000
1.149,1.663,1.000
1.133,1.653,1.000
1.255,1.847,1.000
1.125,1.669,1.000
1.241,1.857,1.000
1.243,1.876,1.000
1.105,1.682,1.000
1.210,1.858,1.000
1.096,1.698,1.000
1.080,1.688,1.000
1.088,1.714,1.000
1.140,1.812,1.000
1.074,1.723,1.000
1.063,1.720,1.000
1.015,1.657,1.000
1.142,1.880,1.000
0.975,1.620,1.000
1.140,1.911,1.000
1.029,1.740,1.000
1.070,1.825,1.000
1.117,1.924,1.000
0.943,1.639,1.000
1.048,1.838,1.000
0.994,1.760,1.000
0.979,1.749,1.000
1.059,1.909,1.000
0.949,1.726,1.000
0.908,1.668,1.000
1.029,1.907,1.000
0.895,1.675,1.000
0.881,1.663,1.000
0.935,1.783,1.000
0.979,1.885,1.000
0.869,1.689,1.000
0.862,1.693,1.000
0.941,1.866,1.000
0.845,1.692,1.000
0.838,1.695,1.000
0.828,1.690,1.000
0.813,1.678,1.000
0.912,1.900,1.000
0.812,1.708,1.000
0.805,1.711,1.000
0.798,1.714,1.000
0.766,1.661,1.000
0.777,1.704,1.000
0.782,1.731,1.000
0.775,1.735,1.000
0.775,1.754,1.000
0.765,1.749,1.000
0.840,1.942,1.000
0.829,1.937,1.000
0.741,1.749,1.000
0.730,1.744,1.000
0.723,1.747,1.000
0.717,1.750,1.000
0.713,1.761,1.000
0.700,1.747,1.000
0.696,1.758,1.000
0.755,1.930,1.000
0.695,1.796,1.000
0.746,1.952,1.000
0.668,1.769,1.000
0.664,1.780,1.000
0.657,1.782,1.000
0.644,1.768,1.000
0.640,1.779,1.000
0.636,1.790,1.000
0.629,1.792,1.000
0.704,2.031,1.000
0.609,1.781,1.000
0.680,2.012,1.000
0.598,1.794,1.000
0.597,1.813,1.000
0.659,2.028,1.000
0.577,1.801,1.000
0.640,2.025,1.000
0.560,1.797,1.000
0.558,1.816,1.000
0.549,1.810,1.000
0.542,1.812,1.000
0.534,1.814,1.000
0.527,1.816,1.000
0.513,1.793,1.000
0.511,1.811,1.000
0.561,2.022,1.000
0.554,2.024,1.000
0.492,1.826,1.000
0.544,2.053,1.000
0.490,1.881,1.000
0.524,2.041,1.000
0.465,1.842,1.000
0.483,1.945,1.000
0.479,1.964,1.000
0.521,2.172,1.000
0.464,1.967,1.000
0.456,1.969,1.000
0.447,1.963,1.000
0.439,1.964,1.000
0.431,1.966,1.000
0.470,2.183,1.000
0.417,1.978,1.000
0.449,2.171,1.000
0.397,1.956,1.000
0.392,1.974,1.000
0.378,1.942,1.000
0.370,1.943,1.000
0.368,1.970,1.000
0.358,1.963,1.000
0.348,1.947,1.000
0.346,1.983,1.000
0.339,1.993,1.000
0.329,1.977,1.000
0.333,2.055,1.000
0.308,1.945,1.000
0.313,2.032,1.000
0.333,2.217,1.000
0.294,2.009,1.000
0.330,2.318,1.000
0.277,2.002,1.000
0.268,1.995,1.000
0.257,1.970,1.000
0.267,2.116,1.000
0.246,2.015,1.000
0.261,2.210,1.000
0.227,1.991,1.000
0.223,2.018,1.000
0.214,2.010,1.000
0.205,2.002,1.000
0.211,2.148,1.000
0.188,1.995,1.000
0.180,1.987,1.000
0.192,2.217,1.000
0.166,2.006,1.000
0.156,1.981,1.000
0.149,1.999,1.000
0.142,2.008,1.000
0.149,2.237,1.000
0.127,2.017,1.000
0.139,2.362,1.000
0.109,1.993,1.000
0.104,2.045,1.000
0.102,2.172,1.000
0.086,2.002,1.000
0.079,2.020,1.000
0.078,2.224,1.000
0.063,2.003,1.000
0.061,2.241,1.000
0.048,2.047,1.000
0.043,2.225,1.000
0.031,1.995,1.000
0.026,2.217,1.000
0.016,2.064,1.000
0.008,2.225,1.000
-0.000,2.047,1.000
-0.008,1.987,1.000
-0.018,2.242,1.000
-0.024,1.995,1.000
-0.036,2.242,1.000
-0.040,2.038,1.000
-0.054,2.266,1.000
-0.057,2.046,1.000
-0.064,2.012,1.000
-0.070,1.986,1.000
-0.080,2.020,1.000
-0.088,2.020,1.000
-0.095,2.002,1.000
-0.104,2.027,1.000
-0.111,2.010,1.000
-0.131,2.213,1.000
-0.139,2.212,1.000
-0.135,2.008,1.000
-0.156,2.203,1.000
-0.147,1.964,1.000
-0.175,2.218,1.000
-0.167,2.015,1.000
-0.172,1.988,1.000
-0.202,2.224,1.000
-0.191,2.021,1.000
-0.219,2.223,1.000
-0.215,2.096,1.000
-0.221,2.078,1.000
-0.229,2.069,1.000
-0.242,2.110,1.000
-0.252,2.126,1.000
-0.260,2.125,1.000
-0.270,2.132,1.000
-0.279,2.140,1.000
-0.286,2.130,1.000
-0.288,2.079,1.000
-0.333,2.334,1.000
-0.308,2.102,1.000
-0.354,2.355,1.000
-0.326,2.108,1.000
-0.392,2.472,1.000
-0.342,2.105,1.000
-0.345,2.070,1.000
-0.353,2.069,1.000
-0.370,2.117,1.000
-0.377,2.108,1.000
-0.388,2.123,1.000
-0.387,2.071,1.000
-0.447,2.340,1.000
-0.413,2.118,1.000
-0.439,2.207,1.000
-0.426,2.098,1.000
-0.480,2.316,1.000
-0.443,2.095,1.000
-0.497,2.305,1.000
-0.450,2.050,1.000
-0.466,2.081,1.000
-0.476,2.088,1.000
-0.474,2.044,1.000
-0.490,2.075,1.000
-0.492,2.049,1.000
-0.518,2.121,1.000
-0.563,2.264,1.000
-0.523,2.068,1.000
-0.583,2.267,1.000
-0.543,2.080,1.000
-0.551,2.078,1.000
-0.628,2.331,1.000
-0.561,2.049,1.000
-0.638,2.295,1.000
-0.575,2.036,1.000
-0.654,2.282,1.000
-0.593,2.040,1.000
-0.748,2.537,1.000
-0.614,2.051,1.000
-0.685,2.256,1.000
-0.627,2.038,1.000
-0.643,2.060,1.000
-0.711,2.248,1.000
-0.651,2.031,1.000
-0.662,2.036,1.000
-0.662,2.009,1.000
-0.731,2.189,1.000
-0.683,2.020,1.000
-0.756,2.207,1.000
-0.693,1.999,1.000
-0.781,2.224,1.000
-0.715,2.009,1.000
-0.799,2.218,1.000
-0.731,2.004,1.000
-0.822,2.227,1.000
-0.749,2.006,1.000
-0.802,2.120,1.000
-0.771,2.015,1.000
-0.770,1.989,1.000
-0.898,2.293,1.000
-0.792,1.998,1.000
-0.799,1.995,1.000
-0.851,2.101,1.000
-0.828,2.020,1.000
-0.912,2.200,1.000
-0.821,1.959,1.000
-0.848,2.003,1.000
-0.850,1.984,1.000
-0.933,2.156,1.000
-0.899,2.054,1.000
-1.003,2.267,1.000
-0.928,2.077,1.000
-1.014,2.245,1.000
-1.003,2.196,1.000
-0.946,2.051,1.000
-0.947,2.032,1.000
-1.042,2.214,1.000
-0.974,2.047,1.000
-1.077,2.242,1.000
-0.982,2.024,1.000
-1.005,2.050,1.000
-1.013,2.046,1.000
-0.938,1.877,1.000
-0.961,1.904,1.000
-1.029,2.020,1.000
-1.014,1.971,1.000
-1.003,1.930,1.000
-1.122,2.138,1.000
-1.030,1.944,1.000
-1.177,2.200,1.000
-1.069,1.980,1.000
-1.140,2.092,1.000
-1.080,1.964,1.000
-1.056,1.901,1.000
-1.148,2.050,1.000
-1.116,1.973,1.000
-1.197,2.097,1.000
-1.089,1.892,1.000
-1.213,2.088,1.000
-1.113,1.898,1.000
-1.188,2.008,1.000
-1.158,1.939,1.000
-1.262,2.096,1.000
-1.112,1.830,1.000
-1.176,1.918,1.000
-1.126,1.821,1.000
-1.156,1.852,1.000
-1.203,1.911,1.000
-1.346,2.120,1.000
-1.218,1.902,1.000
-1.336,2.069,1.000
-1.251,1.920,1.000
-1.290,1.963,1.000
-1.257,1.896,1.000
-1.373,2.054,1.000
-1.239,1.838,1.000
-1.371,2.017,1.000
-1.282,1.870,1.000
-1.275,1.844,1.000
-1.282,1.839,1.000
-1.304,1.854,1.000
-1.306,1.842,1.000
-1.442,2.017,1.000
-1.306,1.812,1.000
-1.298,1.786,1.000
-1.335,1.822,1.000
-1.464,1.981,1.000
-1.359,1.824,1.000
-1.351,1.799,1.000
-1.353,1.787,1.000
-1.376,1.802,1.000
-1.383,1.796,1.000
-1.475,1.901,1.000
-1.402,1.792,1.000
-1.505,1.909,1.000
-1.436,1.807,1.000
-1.535,1.916,1.000
-1.404,1.737,1.000
-1.555,1.910,1.000
-1.444,1.758,1.000
-1.575,1.904,1.000
-1.441,1.728,1.000
-1.575,1.873,1.000
-1.582,1.867,1.000
-1.456,1.704,1.000
-1.602,1.860,1.000
-1.480,1.705,1.000
-1.627,1.860,1.000
-1.488,1.688,1.000
-1.615,1.817,1.000
-1.496,1.670,1.000
-1.651,1.828,1.000
-1.520,1.670,1.000
-1.665,1.815,1.000
-1.539,1.664,1.000
-1.663,1.784,1.000
-1.546,1.646,1.000
-1.530,1.616,1.000
-1.553,1.628,1.000
-1.571,1.634,1.000
-1.566,1.616,1.000
-1.573,1.609,1.000
-1.573,1.597,1.000
-1.614,1.626,1.000
-1.621,1.620,1.000
-1.743,1.729,1.000
-1.604,1.578,1.000
-1.616,1.578,1.000
-1.622,1.571,1.000
-1.640,1.577,1.000
-1.788,1.705,1.000
-1.647,1.558,1.000
-1.784,1.675,1.000
-1.640,1.528,1.000
-1.803,1.666,1.000
-1.640,1.504,1.000
-1.828,1.663,1.000
-1.683,1.519,1.000
-1.664,1.490,1.000
-1.823,1.620,1.000
-1.676,1.477,1.000
-1.872,1.637,1.000
-1.706,1.480,1.000
-1.879,1.617,1.000
-1.718,1.466,1.000
-1.723,1.460,1.000
-1.691,1.421,1.000
-1.696,1.414,1.000
-1.715,1.418,1.000
-1.714,1.406,1.000
-1.847,1.503,1.000
-1.712,1.382,1.000
-1.750,1.401,1.000
-1.696,1.348,1.000
-1.754,1.382,1.000
-1.760,1.375,1.000
-1.739,1.348,1.000
-1.757,1.351,1.000
-1.756,1.339,1.000
-1.774,1.343,1.000
-1.739,1.305,1.000
-1.758,1.309,1.000
-1.949,1.439,1.000
-1.789,1.310,1.000
-1.787,1.298,1.000
-1.812,1.305,1.000
-1.898,1.356,1.000
-1.930,1.367,1.000
-1.855,1.303,1.000
-2.054,1.431,1.000
-1.906,1.317,1.000
-2.085,1.428,1.000
-1.909,1.297,1.000
-2.103,1.416,1.000
-1.947,1.300,1.000
-2.120,1.404,1.000
-1.957,1.285,1.000
-2.237,1.456,1.000
-1.946,1.256,1.000
-2.115,1.353,1.000
-2.154,1.366,1.000
-1.961,1.233,1.000
-2.151,1.341,1.000
-1.956,1.209,1.000
-1.961,1.201,1.000
-2.043,1.240,1.000
-2.027,1.220,1.000
-2.004,1.195,1.000
-2.257,1.334,1.000
-2.180,1.277,1.000
-2.003,1.163,1.000
-2.190,1.260,1.000
-2.119,1.208,1.000
-2.123,1.200,1.000
-2.121,1.187,1.000
-2.018,1.119,1.000
-2.102,1.155,1.000
-2.056,1.119,1.000
-2.146,1.158,1.000
-2.065,1.103,1.000
-2.127,1.126,1.000
-2.059,1.079,1.000
-2.078,1.079,1.000
-2.162,1.112,1.000
-2.188,1.114,1.000
-2.163,1.091,1.000
-2.058,1.028,1.000
-2.098,1.038,1.000
-2.103,1.029,1.000
-2.062,1.000,1.000
-2.088,1.002,1.000
-2.092,0.994,1.000
-2.096,0.986,1.000
-2.115,0.985,1.000
-2.126,0.980,1.000
-2.314,1.055,1.000
-2.119,0.956,1.000
-2.315,1.034,1.000
-2.126,0.939,1.000
-2.323,1.015,1.000
-2.126,0.920,1.000
-2.323,0.994,1.000
-2.110,0.893,1.000
-2.338,0.979,1.000
-2.140,0.886,1.000
-2.151,0.881,1.000
-2.162,0.875,1.000
-2.346,0.939,1.000
-2.169,0.858,1.000
-2.157,0.844,1.000
-2.199,0.850,1.000
-2.368,0.905,1.000
-2.159,0.815,1.000
-2.201,0.821,1.000
-2.386,0.880,1.000
-2.176,0.793,1.000
-2.195,0.790,1.000
-2.229,0.792,1.000
-2.209,0.775,1.000
-2.181,0.756,1.000
-2.207,0.755,1.000
-2.617,0.884,1.000
-2.420,0.807,1.000
-2.416,0.795,1.000
-2.219,0.720,1.000
-2.214,0.709,1.000
-2.217,0.700,1.000
-2.321,0.723,1.000
-2.438,0.750,1.000
-2.311,0.700,1.000
-2.375,0.710,1.000
-2.523,0.743,1.000
-2.225,0.646,1.000
-2.460,0.704,1.000
-2.493,0.703,1.000
-2.358,0.654,1.000
-2.552,0.698,1.000
-2.555,0.687,1.000
-2.557,0.677,1.000
-2.352,0.613,1.000
-2.563,0.657,1.000
-2.372,0.599,1.000
-2.383,0.591,1.000
-2.361,0.576,1.000
-2.379,0.571,1.000
-2.382,0.561,1.000
-2.352,0.545,1.000
-2.572,0.585,1.000
-2.349,0.524,1.000
-2.592,0.568,1.000
-2.392,0.514,1.000
-2.394,0.505,1.000
-2.380,0.492,1.000
-2.374,0.481,1.000
-2.424,0.482,1.000
-2.402,0.467,1.000
-2.404,0.458,1.000
-2.539,0.473,1.000
-2.391,0.436,1.000
-2.401,0.428,1.000
-2.606,0.454,1.000
-2.404,0.409,1.000
-2.617,0.435,1.000
-2.439,0.396,1.000
-2.417,0.382,1.000
-2.410,0.372,1.000
-2.404,0.361,1.000
-2.641,0.386,1.000
-2.415,0.343,1.000
-2.424,0.335,1.000
-2.417,0.324,1.000
-2.410,0.314,1.000
-2.452,0.309,1.000
-2.634,0.322,1.000
-2.406,0.284,1.000
-2.628,0.300,1.000
-2.376,0.262,1.000
-2.669,0.283,1.000
-2.616,0.267,1.000
-2.459,0.242,1.000
-2.649,0.250,1.000
-2.332,0.211,1.000
-2.454,0.212,1.000
-2.519,0.208,1.000
-2.399,0.188,1.000
-2.424,0.181,1.000
-2.433,0.172,1.000
-2.433,0.162,1.000
-2.442,0.153,1.000
-2.426,0.143,1.000
-2.435,0.133,1.000
-2.411,0.123,1.000
-2.643,0.124,1.000
-2.445,0.105,1.000
-2.651,0.104,1.000
-2.478,0.087,1.000
-2.364,0.074,1.000
-2.637,0.072,1.000
-2.454,0.057,1.000
-2.661,0.052,1.000
-2.414,0.037,1.000
-2.471,0.029,1.000
-2.645,0.020,1.000
-2.447,0.009,1.000
-2.653,-0.001,1.000
-2.447,-0.010,1.000
-2.455,-0.020,1.000
-2.637,-0.032,1.000
-2.430,-0.039,1.000
-2.438,-0.048,1.000
-2.406,-0.057,1.000
-2.430,-0.067,1.000
-2.438,-0.077,1.000
-2.445,-0.087,1.000
-2.667,-0.105,1.000
-2.436,-0.106,1.000
-2.412,-0.114,1.000
-2.444,-0.125,1.000
-2.435,-0.135,1.000
-2.633,-0.156,1.000
-2.522,-0.159,1.000
-2.756,-0.185,1.000
-2.654,-0.189,1.000
-2.552,-0.191,1.000
-2.543,-0.201,1.000
-2.574,-0.213,1.000
-2.541,-0.221,1.000
-2.540,-0.231,1.000
-2.540,-0.241,1.000
-2.554,-0.252,1.000
-2.553,-0.262,1.000
-2.529,-0.270,1.000
-2.551,-0.282,1.000
-2.721,-0.312,1.000
-2.750,-0.326,1.000
-2.548,-0.312,1.000
-2.747,-0.348,1.000
-2.514,-0.328,1.000
-2.528,-0.340,1.000
-2.511,-0.348,1.000
-2.787,-0.397,1.000
-2.579,-0.378,1.000
-2.593,-0.390,1.000
-2.820,-0.436,1.000
-2.621,-0.416,1.000
-2.642,-0.430,1.000
-2.625,-0.438,1.000
-2.608,-0.445,1.000
-2.803,-0.490,1.000
-2.612,-0.467,1.000
-2.610,-0.477,1.000
-2.608,-0.488,1.000
-2.614,-0.499,1.000
-2.635,-0.514,1.000
-2.791,-0.556,1.000
-2.608,-0.530,1.000
-2.918,-0.605,1.000
-2.604,-0.551,1.000
-2.692,-0.580,1.000
-2.622,-0.576,1.000
-2.566,-0.574,1.000
-2.782,-0.634,1.000
-2.757,-0.640,1.000
-2.552,-0.603,1.000
-2.610,-0.627,1.000
-2.757,-0.674,1.000
-2.575,-0.640,1.000
-2.670,-0.675,1.000
-2.494,-0.641,1.000
-2.575,-0.673,1.000
-2.662,-0.706,1.000
-2.471,-0.666,1.000
-2.656,-0.727,1.000
-2.534,-0.705,1.000
-2.695,-0.761,1.000
-2.437,-0.698,1.000
-2.472,-0.719,1.000
-2.634,-0.777,1.000
-2.542,-0.761,1.000
-2.759,-0.838,1.000
-2.625,-0.808,1.000
-2.518,-0.786,1.000
-2.618,-0.829,1.000
-2.436,-0.782,1.000
-2.403,-0.782,1.000
-2.423,-0.798,1.000
-2.771,-0.925,1.000
-2.424,-0.820,1.000
-2.620,-0.898,1.000
-2.387,-0.829,1.000
-2.533,-0.890,1.000
-2.418,-0.861,1.000
-2.422,-0.873,1.000
-2.573,-0.938,1.000
-2.712,-1.001,1.000
-2.507,-0.937,1.000
-2.504,-0.947,1.000
-2.390,-0.914,1.000
-2.467,-0.955,1.000
-2.657,-1.041,1.000
-2.488,-0.986,1.000
-2.585,-1.036,1.000
-2.552,-1.035,1.000
-2.346,-0.962,1.000
-2.530,-1.049,1.000
-2.425,-1.017,1.000
-2.407,-1.020,1.000
-2.425,-1.039,1.000
-2.413,-1.045,1.000
-2.565,-1.123,1.000
-2.376,-1.051,1.000
-2.514,-1.124,1.000
-2.332,-1.054,1.000
-2.414,-1.102,1.000
-2.522,-1.163,1.000
-2.326,-1.084,1.000
-2.386,-1.124,1.000
-2.396,-1.140,1.000
-2.363,-1.136,1.000
-2.288,-1.110,1.000
-2.389,-1.171,1.000
-2.557,-1.266,1.000
-2.586,-1.293,1.000
-2.382,-1.203,1.000
-2.265,-1.155,1.000
-2.296,-1.182,1.000
-2.368,-1.231,1.000
-2.506,-1.315,1.000
-2.501,-1.325,1.000
-2.543,-1.360,1.000
-2.504,-1.352,1.000
-2.357,-1.285,1.000
-2.345,-1.290,1.000
-2.230,-1.238,1.000
-2.342,-1.312,1.000
-2.330,-1.318,1.000
-2.318,-1.323,1.000
-2.292,-1.320,1.000
-2.287,-1.329,1.000
-2.448,-1.436,1.000
-2.277,-1.347,1.000
-2.318,-1.384,1.000
-2.273,-1.369,1.000
-2.281,-1.386,1.000
-2.242,-1.375,1.000
-2.290,-1.416,1.000
-2.291,-1.429,1.000
-2.252,-1.418,1.000
-2.240,-1.422,1.000
-2.313,-1.481,1.000
-2.390,-1.544,1.000
-2.262,-1.474,1.000
-2.384,-1.567,1.000
-2.218,-1.470,1.000
-2.225,-1.488,1.000
-2.206,-1.488,1.000
-2.220,-1.509,1.000
-2.182,-1.496,1.000
-2.208,-1.527,1.000
-2.176,-1.518,1.000
-2.202,-1.549,1.000
-2.327,-1.650,1.000
-2.190,-1.566,1.000
-2.165,-1.561,1.000
-2.296,-1.669,1.000
-2.153,-1.578,1.000
-2.313,-1.709,1.000
-2.128,-1.585,1.000
-2.146,-1.612,1.000
-2.274,-1.723,1.000
-2.115,-1.615,1.000
-2.273,-1.750,1.000
-2.230,-1.731,1.000
-2.090,-1.635,1.000
-2.246,-1.772,1.000
-2.083,-1.656,1.000
-2.070,-1.660,1.000
-2.231,-1.803,1.000
-2.218,-1.807,1.000
-2.211,-1.815,1.000
-2.044,-1.692,1.000
-2.197,-1.833,1.000
-2.037,-1.713,1.000
-2.018,-1.711,1.000
-2.041,-1.744,1.000
-2.016,-1.737,1.000
-2.166,-1.880,1.000
-2.067,-1.809,1.000
-2.031,-1.791,1.000
-2.205,-1.961,1.000
-1.982,-1.776,1.000
-2.201,-1.988,1.000
-1.985,-1.807,1.000
-2.018,-1.852,1.000
-2.039,-1.886,1.000
-2.120,-1.976,1.000
-1.945,-1.828,1.000
-1.927,-1.824,1.000
-1.953,-1.864,1.000
-1.996,-1.920,1.000
-2.124,-2.059,1.000
-1.964,-1.919,1.000
-2.108,-2.076,1.000
-1.960,-1.946,1.000
-1.958,-1.959,1.000
-2.109,-2.127,1.000
-1.948,-1.980,1.000
-1.998,-2.047,1.000
-1.921,-1.984,1.000
-1.935,-2.013,1.000
-1.911,-2.004,1.000
-1.914,-2.023,1.000
-1.890,-2.014,1.000
-1.877,-2.016,1.000
-2.007,-2.173,1.000
-1.856,-2.025,1.000
-1.990,-2.189,1.000
-1.855,-2.056,1.000
-1.827,-2.041,1.000
-1.803,-2.030,1.000
-1.811,-2.055,1.000
-1.947,-2.227,1.000
-1.943,-2.240,1.000
-1.806,-2.099,1.000
-1.916,-2.244,1.000
-1.790,-2.113,1.000
-1.776,-2.115,1.000
-1.894,-2.272,1.000
-1.774,-2.146,1.000
-1.819,-2.218,1.000
-1.743,-2.142,1.000
-1.671,-2.071,1.000
-1.731,-2.162,1.000
-1.844,-2.322,1.000
-1.714,-2.175,1.000
-1.840,-2.354,1.000
-1.808,-2.332,1.000
-1.683,-2.189,1.000
-1.642,-2.153,1.000
-1.666,-2.202,1.000
-1.667,-2.221,1.000
-1.644,-2.209,1.000
-1.654,-2.240,1.000
-1.808,-2.470,1.000
-1.729,-2.382,1.000
-1.636,-2.272,1.000
-1.728,-2.419,1.000
-1.605,-2.266,1.000
-1.640,-2.335,1.000
-1.574,-2.260,1.000
-1.587,-2.298,1.000
-1.574,-2.297,1.000
-1.565,-2.304,1.000
-1.508,-2.239,1.000
-1.551,-2.322,1.000
-1.491,-2.251,1.000
-1.486,-2.264,1.000
-1.511,-2.321,1.000
-1.502,-2.327,1.000
-1.582,-2.473,1.000
-1.496,-2.358,1.000
-1.454,-2.312,1.000
-1.569,-2.517,1.000
-1.464,-2.369,1.000
-1.545,-2.523,1.000
-1.417,-2.335,1.000
-1.502,-2.496,1.000
-1.403,-2.352,1.000
-1.354,-2.291,1.000
-1.349,-2.303,1.000
-1.394,-2.402,1.000
-1.327,-2.307,1.000
-1.322,-2.319,1.000
-1.440,-2.550,1.000
-1.311,-2.343,1.000
-1.309,-2.361,1.000
-1.281,-2.332,1.000
-1.272,-2.337,1.000
-1.256,-2.329,1.000
-1.254,-2.347,1.000
-1.248,-2.359,1.000
-1.232,-2.350,1.000
-1.230,-2.369,1.000
-1.403,-2.729,1.000
-1.301,-2.556,1.000
-1.202,-2.383,1.000
-1.278,-2.559,1.000
-1.183,-2.392,1.000
-1.261,-2.576,1.000
-1.157,-2.388,1.000
-1.151,-2.399,1.000
-1.148,-2.418,1.000
-1.122,-2.387,1.000
-1.120,-2.406,1.000
-1.107,-2.403,1.000
-1.101,-2.414,1.000
-1.094,-2.426,1.000
-1.094,-2.451,1.000
-1.153,-2.610,1.000
-1.059,-2.424,1.000
-1.056,-2.443,1.000
-1.047,-2.447,1.000
-1.025,-2.422,1.000
-1.104,-2.639,1.000
-1.012,-2.444,1.000
-1.005,-2.456,1.000
-1.001,-2.474,1.000
-0.983,-2.456,1.000
-0.979,-2.475,1.000
-0.966,-2.471,1.000
-0.959,-2.482,1.000
-0.952,-2.493,1.000
-0.934,-2.475,1.000
-0.997,-2.673,1.000
-0.926,-2.512,1.000
-0.963,-2.645,1.000
-0.901,-2.504,1.000
-0.886,-2.493,1.000
-0.881,-2.511,1.000
-0.879,-2.537,1.000
-0.856,-2.503,1.000
-0.901,-2.667,1.000
-0.897,-2.692,1.000
-0.831,-2.528,1.000
-0.829,-2.553,1.000
-0.819,-2.557,1.000
-0.825,-2.611,1.000
-0.815,-2.615,1.000
-0.802,-2.610,1.000
-0.783,-2.584,1.000
-0.757,-2.535,1.000
-0.752,-2.553,1.000
-0.735,-2.533,1.000
-0.763,-2.670,1.000
-0.751,-2.666,1.000
-0.793,-2.858,1.000
-0.730,-2.671,1.000
-0.768,-2.857,1.000
-0.711,-2.685,1.000
-0.696,-2.672,1.000
-0.686,-2.675,1.000
-0.725,-2.876,1.000
-0.674,-2.718,1.000
-0.662,-2.713,1.000
-0.690,-2.877,1.000
-0.639,-2.711,1.000
-0.682,-2.947,1.000
-0.612,-2.693,1.000
-0.607,-2.718,1.000
-0.594,-2.713,1.000
-0.580,-2.700,1.000
-0.570,-2.702,1.000
-0.558,-2.697,1.000
-0.532,-2.623,1.000
-0.539,-2.716,1.000
-0.527,-2.711,1.000
-0.501,-2.629,1.000
-0.485,-2.601,1.000
-0.477,-2.618,1.000
-0.471,-2.643,1.000
-0.458,-2.629,1.000
-0.446,-2.623,1.000
-0.442,-2.663,1.000
-0.428,-2.642,1.000
-0.417,-2.636,1.000
-0.438,-2.842,1.000
-0.423,-2.822,1.000
-0.387,-2.649,1.000
-0.397,-2.795,1.000
-0.361,-2.613,1.000
-0.354,-2.645,1.000
-0.342,-2.631,1.000
-0.336,-2.663,1.000
-0.346,-2.840,1.000
-0.313,-2.651,1.000
-0.306,-2.683,1.000
-0.289,-2.630,1.000
-0.284,-2.677,1.000
-0.304,-2.972,1.000
-0.260,-2.648,1.000
-0.269,-2.856,1.000
-0.238,-2.643,1.000
-0.231,-2.675,1.000
-0.220,-2.668,1.000
-0.211,-2.692,1.000
-0.207,-2.777,1.000
-0.196,-2.778,1.000
-0.196,-2.944,1.000
-0.165,-2.633,1.000
-0.171,-2.923,1.000
-0.150,-2.750,1.000
-0.150,-2.962,1.000
-0.130,-2.766,1.000
-0.119,-2.782,1.000
-0.115,-2.956,1.000
-0.104,-2.964,1.000
-0.085,-2.722,1.000
-0.076,-2.784,1.000
-0.065,-2.784,1.000
-0.053,-2.761,1.000
-0.047,-3.054,1.000
-0.032,-2.769,1.000
-0.021,-2.777,1.000
-0.010,-2.777,1.000
0.001,-2.777,1.000
0.012,-2.769,1.000
0.023,-2.769,1.000
0.034,-2.785,1.000
0.045,-2.784,1.000
0.055,-2.761,1.000
0.067,-2.792,1.000
0.077,-2.768,1.000
0.089,-2.791,1.000
0.099,-2.783,1.000
0.110,-2.775,1.000
0.121,-2.774,1.000
0.130,-2.743,1.000
0.152,-2.954,1.000
0.164,-2.954,1.000
0.167,-2.810,1.000
0.185,-2.930,1.000
0.184,-2.740,1.000
0.197,-2.770,1.000
0.204,-2.723,1.000
0.218,-2.761,1.000
0.229,-2.760,1.000
0.263,-3.021,1.000
0.250,-2.750,1.000
0.261,-2.749,1.000
0.273,-2.764,1.000
0.311,-3.024,1.000
0.313,-2.934,1.000
0.300,-2.707,1.000
0.336,-2.932,1.000
0.327,-2.758,1.000
0.376,-3.068,1.000
0.387,-3.052,1.000
0.373,-2.852,1.000
0.401,-2.976,1.000
0.395,-2.849,1.000
0.431,-3.024,1.000
0.411,-2.800,1.000
0.410,-2.723,1.000
0.441,-2.849,1.000
0.432,-2.720,1.000
0.445,-2.733,1.000
0.485,-2.911,1.000
0.475,-2.783,1.000
0.512,-2.929,1.000
0.489,-2.734,1.000
0.503,-2.747,1.000
0.520,-2.782,1.000
0.571,-2.985,1.000
0.533,-2.733,1.000
0.581,-2.916,1.000
0.556,-2.736,1.000
0.556,-2.682,1.000
0.570,-2.694,1.000
0.638,-2.957,1.000
0.588,-2.675,1.000
0.654,-2.923,1.000
0.617,-2.708,1.000
0.623,-2.683,1.000
0.649,-2.747,1.000
0.702,-2.919,1.000
0.671,-2.742,1.000
0.725,-2.914,1.000
0.687,-2.715,1.000
0.737,-2.865,1.000
0.702,-2.687,1.000
0.778,-2.931,1.000
0.731,-2.711,1.000
0.784,-2.860,1.000
0.744,-2.675,1.000
0.826,-2.925,1.000
0.803,-2.801,1.000
0.774,-2.659,1.000
0.790,-2.678,1.000
0.849,-2.834,1.000
0.809,-2.665,1.000
0.806,-2.617,1.000
0.913,-2.922,1.000
0.906,-2.863,1.000
0.870,-2.709,1.000
0.917,-2.820,1.000
0.900,-2.731,1.000
0.942,-2.820,1.000
0.885,-2.616,1.000
0.903,-2.634,1.000
0.980,-2.823,1.000
0.929,-2.642,1.000
0.929,-2.609,1.000
0.939,-2.605,1.000
0.947,-2.594,1.000
0.967,-2.619,1.000
0.970,-2.594,1.000
0.983,-2.597,1.000
1.052,-2.749,1.000
1.003,-2.590,1.000
0.999,-2.550,1.000
1.029,-2.596,1.000
1.033,-2.578,1.000
1.046,-2.581,1.000
1.119,-2.730,1.000
1.067,-2.572,1.000
1.147,-2.735,1.000
1.066,-2.514,1.000
1.165,-2.719,1.000
1.098,-2.534,1.000
1.114,-2.544,1.000
1.188,-2.685,1.000
1.121,-2.507,1.000
1.221,-2.702,1.000
1.125,-2.463,1.000
1.205,-2.611,1.000
1.160,-2.489,1.000
1.219,-2.588,1.000
1.153,-2.424,1.000
1.239,-2.578,1.000
1.162,-2.394,1.000
1.178,-2.403,1.000
1.333,-2.691,1.000
1.190,-2.380,1.000
1.214,-2.403,1.000
1.300,-2.548,1.000
1.225,-2.380,1.000
1.224,-2.354,1.000
1.240,-2.363,1.000
1.246,-2.351,1.000
1.244,-2.326,1.000
1.276,-2.362,1.000
1.274,-2.337,1.000
1.386,-2.520,1.000
1.288,-2.320,1.000
1.313,-2.342,1.000
1.272,-2.248,1.000
1.269,-2.222,1.000
1.265,-2.197,1.000
1.282,-2.205,1.000
1.393,-2.376,1.000
1.359,-2.297,1.000
1.320,-2.211,1.000
1.308,-2.171,1.000
1.337,-2.200,1.000
1.350,-2.202,1.000
1.380,-2.230,1.000
1.388,-2.224,1.000
1.414,-2.245,1.000
1.376,-2.167,1.000
1.506,-2.351,1.000
1.549,-2.396,1.000
1.427,-2.190,1.000
1.419,-2.158,1.000
1.440,-2.172,1.000
1.544,-2.308,1.000
1.426,-2.115,1.000
1.553,-2.284,1.000
1.447,-2.110,1.000
1.442,-2.085,1.000
1.455,-2.086,1.000
1.589,-2.259,1.000
1.476,-2.081,1.000
1.607,-2.246,1.000
1.506,-2.088,1.000
1.500,-2.063,1.000
1.628,-2.221,1.000
1.535,-2.077,1.000
1.723,-2.312,1.000
1.513,-2.014,1.000
1.658,-2.189,1.000
1.558,-2.040,1.000
1.694,-2.200,1.000
1.698,-2.188,1.000
1.582,-2.021,1.000
1.701,-2.156,1.000
1.603,-2.015,1.000
1.723,-2.149,1.000
1.608,-1.990,1.000
1.601,-1.965,1.000
1.644,-2.002,1.000
1.751,-2.115,1.000
1.624,-1.946,1.000
1.642,-1.952,1.000
1.791,-2.112,1.000
1.784,-2.088,1.000
1.660,-1.927,1.000
1.831,-2.108,1.000
1.670,-1.907,1.000
1.693,-1.919,1.000
1.695,-1.906,1.000
1.703,-1.900,1.000
1.715,-1.899,1.000
1.717,-1.886,1.000
1.725,-1.879,1.000
1.721,-1.861,1.000
1.878,-2.014,1.000
1.731,-1.841,1.000
1.765,-1.864,1.000
1.717,-1.799,1.000
1.691,-1.757,1.000
1.743,-1.797,1.000
1.699,-1.738,1.000
1.796,-1.823,1.000
1.781,-1.793,1.000
1.737,-1.735,1.000
1.862,-1.846,1.000
1.721,-1.693,1.000
1.757,-1.715,1.000
1.758,-1.702,1.000
1.896,-1.822,1.000
1.777,-1.694,1.000
1.778,-1.681,1.000
1.923,-1.805,1.000
1.791,-1.667,1.000
1.978,-1.827,1.000
1.804,-1.653,1.000
1.946,-1.769,1.000
1.775,-1.601,1.000
1.817,-1.626,1.000
1.830,-1.625,1.000
1.824,-1.607,1.000
1.998,-1.746,1.000
1.879,-1.629,1.000
2.000,-1.720,1.000
1.830,-1.562,1.000
1.855,-1.571,1.000
1.861,-1.563,1.000
1.874,-1.561,1.000
1.867,-1.543,1.000
1.867,-1.531,1.000
1.892,-1.539,1.000
2.047,-1.652,1.000
1.910,-1.529,1.000
2.047,-1.626,1.000
1.909,-1.504,1.000
1.934,-1.511,1.000
1.953,-1.514,1.000
1.940,-1.491,1.000
1.913,-1.459,1.000
1.951,-1.476,1.000
2.135,-1.602,1.000
1.950,-1.451,1.000
1.975,-1.458,1.000
1.974,-1.445,1.000
1.987,-1.442,1.000
2.044,-1.472,1.000
2.121,-1.514,1.000
2.030,-1.437,1.000
2.197,-1.543,1.000
2.001,-1.394,1.000
2.177,-1.503,1.000
2.006,-1.373,1.000
2.182,-1.482,1.000
2.003,-1.349,1.000
2.022,-1.350,1.000
2.219,-1.469,1.000
2.046,-1.343,1.000
2.211,-1.439,1.000
2.076,-1.340,1.000
2.075,-1.327,1.000
2.188,-1.387,1.000
2.051,-1.289,1.000
2.158,-1.345,1.000
1.999,-1.235,1.000
2.087,-1.278,1.000
2.112,-1.282,1.000
2.083,-1.253,1.000
2.018,-1.203,1.000
2.015,-1.191,1.000
2.006,-1.175,1.000
2.032,-1.179,1.000
2.239,-1.287,1.000
2.027,-1.155,1.000
2.235,-1.262,1.000
2.050,-1.147,1.000
2.019,-1.119,1.000
2.066,-1.135,1.000
2.049,-1.115,1.000
2.046,-1.103,1.000
2.043,-1.091,1.000
2.234,-1.182,1.000
2.081,-1.090,1.000
2.243,-1.164,1.000
2.067,-1.063,1.000
2.245,-1.143,1.000
2.090,-1.054,1.000
2.095,-1.046,1.000
2.099,-1.037,1.000
2.066,-1.011,1.000
2.288,-1.109,1.000
2.111,-1.013,1.000
2.218,-1.053,1.000
2.111,-0.992,1.000
2.291,-1.066,1.000
2.126,-0.979,1.000
2.314,-1.055,1.000
2.127,-0.959,1.000
2.315,-1.033,1.000
2.134,-0.942,1.000
2.323,-1.015,1.000
2.134,-0.922,1.000
2.152,-0.920,1.000
2.149,-0.909,1.000
2.190,-0.916,1.000
2.148,-0.889,1.000
2.167,-0.887,1.000
2.163,-0.875,1.000
2.339,-0.936,1.000
2.162,-0.855,1.000
2.180,-0.852,1.000
2.145,-0.829,1.000
2.164,-0.826,1.000
2.387,-0.901,1.000
2.178,-0.812,1.000
2.197,-0.809,1.000
2.161,-0.787,1.000
2.211,-0.795,1.000
2.198,-0.781,1.000
2.201,-0.772,1.000
2.418,-0.837,1.000
2.200,-0.752,1.000
2.402,-0.811,1.000
2.405,-0.801,1.000
2.232,-0.734,1.000
2.396,-0.777,1.000
2.190,-0.701,1.000
2.201,-0.695,1.000
2.227,-0.694,1.000
2.362,-0.726,1.000
2.426,-0.735,1.000
2.227,-0.665,1.000
2.246,-0.661,1.000
2.427,-0.704,1.000
2.243,-0.641,1.000
2.277,-0.641,1.000
2.248,-0.623,1.000
2.187,-0.597,1.000
2.494,-0.671,1.000
2.223,-0.589,1.000
2.476,-0.645,1.000
2.268,-0.581,1.000
2.262,-0.570,1.000
2.445,-0.606,1.000
2.306,-0.562,1.000
2.261,-0.542,1.000
2.491,-0.587,1.000
2.281,-0.528,1.000
2.186,-0.497,1.000
2.269,-0.506,1.000
2.476,-0.542,1.000
2.305,-0.495,1.000
2.339,-0.493,1.000
2.154,-0.445,1.000
2.173,-0.440,1.000
2.150,-0.427,1.000
2.192,-0.426,1.000
2.284,-0.435,1.000
2.179,-0.406,1.000
2.214,-0.403,1.000
2.199,-0.392,1.000
2.322,-0.404,1.000
2.185,-0.372,1.000
2.179,-0.362,1.000
2.196,-0.356,1.000
2.393,-0.378,1.000
2.232,-0.344,1.000
2.523,-0.378,1.000
2.381,-0.347,1.000
2.415,-0.343,1.000
2.196,-0.303,1.000
2.172,-0.291,1.000
2.198,-0.286,1.000
2.208,-0.278,1.000
2.192,-0.267,1.000
2.210,-0.261,1.000
2.415,-0.275,1.000
2.195,-0.241,1.000
2.196,-0.233,1.000
2.378,-0.243,1.000
2.223,-0.218,1.000
2.215,-0.208,1.000
2.372,-0.214,1.000
2.192,-0.189,1.000
2.374,-0.195,1.000
2.210,-0.173,1.000
2.194,-0.163,1.000
2.409,-0.170,1.000
2.417,-0.161,1.000
2.410,-0.151,1.000
2.213,-0.130,1.000
2.255,-0.123,1.000
2.197,-0.111,1.000
2.214,-0.103,1.000
2.223,-0.095,1.000
2.207,-0.086,1.000
2.207,-0.077,1.000
2.405,-0.075,1.000
2.199,-0.060,1.000
2.381,-0.055,1.000
2.250,-0.043,1.000
2.430,-0.037,1.000
2.217,-0.025,1.000
2.233,-0.017,1.000
2.439,-0.009,1.000
2.283,0.001,1.500
2.423,0.011,1.500
2.333,0.019,1.500
2.551,0.031,1.500
2.535,0.041,1.500
2.316,0.046,1.500
2.332,0.056,1.500
2.542,0.071,1.500
2.332,0.074,1.500
2.517,0.090,1.500
2.339,0.093,1.500
2.493,0.109,1.500
2.330,0.111,1.500
2.330,0.120,1.500
2.337,0.130,1.500
2.337,0.139,1.500
2.320,0.147,1.500
2.537,0.171,1.500
2.335,0.166,1.500
2.326,0.175,1.500
2.511,0.199,1.500
2.333,0.194,1.500
2.533,0.221,1.500
2.323,0.211,1.500
2.347,0.223,1.500
2.321,0.230,1.500
2.288,0.235,1.500
2.473,0.264,1.500
2.278,0.252,1.500
2.518,0.289,1.500
2.259,0.268,1.500
2.548,0.313,1.500
2.199,0.279,1.500
2.514,0.329,1.500
2.304,0.310,1.500
2.503,0.347,1.500
2.252,0.322,1.500
2.477,0.363,1.500
2.192,0.331,1.500
2.402,0.372,1.500
2.271,0.361,1.500
2.733,0.445,1.500
2.236,0.373,1.500
2.412,0.412,1.500
2.450,0.429,1.500
2.174,0.389,1.500
2.205,0.404,1.500
2.195,0.411,1.500
2.259,0.432,1.500
2.282,0.446,1.500
2.174,0.433,1.500
2.172,0.442,1.500
2.146,0.445,1.500
2.362,0.500,1.500
2.216,0.478,1.500
2.366,0.520,1.500
2.364,0.530,1.500
2.194,0.500,1.500
2.360,0.548,1.500
2.133,0.504,1.500
2.172,0.522,1.500
2.258,0.553,1.500
2.159,0.537,1.500
2.254,0.570,1.500
2.362,0.608,1.500
2.128,0.556,1.500
2.341,0.622,1.500
2.331,0.629,1.500
2.130,0.584,1.500
2.136,0.594,1.500
2.141,0.605,1.500
2.123,0.609,1.500
2.419,0.704,1.500
2.118,0.625,1.500
2.156,0.646,1.500
2.105,0.640,1.500
2.150,0.663,1.500
2.336,0.730,1.500
2.097,0.664,1.500
2.534,0.814,1.500
2.319,0.755,1.500
2.129,0.702,1.500
2.313,0.773,1.500
2.100,0.711,1.500
2.105,0.722,1.500
2.094,0.727,1.500
2.154,0.758,1.500
2.112,0.752,1.500
2.093,0.755,1.500
2.283,0.833,1.500
2.272,0.840,1.500
2.069,0.773,1.500
2.097,0.793,1.500
2.094,0.802,1.500
2.083,0.807,1.500
2.271,0.890,1.500
2.068,0.820,1.500
2.264,0.908,1.500
2.222,0.901,1.500
2.074,0.851,1.500
2.238,0.928,1.500
2.067,0.867,1.500
2.245,0.952,1.500
1.991,0.853,1.500
2.245,0.973,1.500
2.031,0.889,1.500
2.096,0.928,1.500
2.031,0.909,1.500
2.035,0.920,1.500
2.211,1.010,1.500
2.013,0.929,1.500
2.319,1.081,1.500
2.051,0.966,1.500
2.231,1.062,1.500
2.028,0.975,1.500
2.017,0.979,1.500
2.219,1.088,1.500
2.207,1.093,1.500
2.027,1.014,1.500
2.016,1.018,1.500
1.967,1.003,1.500
2.204,1.135,1.500
1.982,1.030,1.500
2.138,1.122,1.500
2.169,1.150,1.500
1.984,1.062,1.500
2.167,1.171,1.500
1.990,1.085,1.500
2.029,1.117,1.500
1.931,1.072,1.500
1.926,1.080,1.500
2.144,1.213,1.500
1.947,1.112,1.500
2.099,1.209,1.500
1.952,1.135,1.500
1.955,1.147,1.500
2.078,1.230,1.500
1.896,1.132,1.500
1.920,1.157,1.500
1.901,1.156,1.500
1.911,1.172,1.500
1.892,1.171,1.500
1.895,1.183,1.500
2.105,1.325,1.500
1.899,1.207,1.500
2.060,1.320,1.500
1.876,1.212,1.500
2.043,1.332,1.500
1.866,1.227,1.500
1.868,1.239,1.500
1.836,1.228,1.500
1.995,1.346,1.500
1.867,1.270,1.500
1.821,1.249,1.500
1.857,1.285,1.500
1.839,1.283,1.500
2.021,1.422,1.500
2.009,1.425,1.500
1.803,1.290,1.500
1.852,1.336,1.500
1.813,1.319,1.500
1.815,1.331,1.500
1.974,1.459,1.500
1.804,1.345,1.500
1.975,1.485,1.500
1.793,1.359,1.500
1.808,1.381,1.500
1.802,1.388,1.500
1.964,1.525,1.500
1.772,1.387,1.500
1.760,1.389,1.500
1.748,1.390,1.500
1.768,1.418,1.500
1.750,1.415,1.500
1.770,1.442,1.500
1.732,1.423,1.500
1.720,1.424,1.500
1.909,1.594,1.500
1.715,1.443,1.500
1.903,1.614,1.500
1.717,1.468,1.500
1.866,1.608,1.500
1.872,1.626,1.500
1.859,1.628,1.500
1.913,1.688,1.500
1.706,1.518,1.500
1.846,1.655,1.500
1.682,1.520,1.500
1.676,1.526,1.500
1.670,1.533,1.500
1.645,1.523,1.500
1.789,1.669,1.500
1.640,1.541,1.500
1.633,1.548,1.500
1.775,1.695,1.500
1.627,1.566,1.500
1.621,1.572,1.500
1.591,1.555,1.500
1.789,1.762,1.500
1.608,1.597,1.500
1.752,1.754,1.500
1.590,1.604,1.500
1.727,1.756,1.500
1.583,1.622,1.500
1.582,1.635,1.500
1.541,1.605,1.500
1.529,1.605,1.500
1.529,1.617,1.500
1.562,1.665,1.500
1.533,1.647,1.500
1.644,1.780,1.500
1.514,1.653,1.500
1.519,1.671,1.500
1.628,1.805,1.500
1.506,1.683,1.500
1.614,1.818,1.500
1.493,1.695,1.500
1.557,1.781,1.500
1.479,1.706,1.500
1.494,1.737,1.500
1.572,1.843,1.500
1.454,1.717,1.500
1.490,1.774,1.500
1.424,1.710,1.500
1.449,1.754,1.500
1.421,1.734,1.500
1.420,1.746,1.500
1.542,1.911,1.500
1.406,1.757,1.500
1.596,2.010,1.500
1.514,1.922,1.500
1.385,1.773,1.500
1.394,1.798,1.500
1.386,1.804,1.500
1.374,1.803,1.500
1.362,1.801,1.500
1.360,1.813,1.500
1.489,2.002,1.500
1.458,1.975,1.500
1.478,2.020,1.500
1.442,1.987,1.500
1.310,1.819,1.500
1.293,1.811,1.500
1.428,2.017,1.500
1.317,1.876,1.500
1.412,2.028,1.500
1.278,1.852,1.500
1.396,2.039,1.500
1.379,2.031,1.500
1.266,1.880,1.500
1.381,2.069,1.500
1.233,1.863,1.500
1.221,1.860,1.500
1.241,1.907,1.500
1.352,2.097,1.500
1.194,1.868,1.500
1.209,1.907,1.500
1.197,1.905,1.500
1.199,1.924,1.500
1.182,1.914,1.500
1.166,1.905,1.500
1.172,1.931,1.500
1.142,1.900,1.500
1.161,1.947,1.500
1.140,1.930,1.500
1.145,1.956,1.500
1.129,1.946,1.500
1.122,1.951,1.500
1.110,1.948,1.500
1.114,1.974,1.500
1.094,1.956,1.500
1.087,1.961,1.500
1.197,2.180,1.500
1.075,1.977,1.500
1.056,1.959,1.500
1.056,1.978,1.500
1.052,1.989,1.500
1.075,2.052,1.500
1.040,2.005,1.500
1.036,2.016,1.500
1.017,1.998,1.500
1.016,2.017,1.500
1.027,2.058,1.500
1.001,2.025,1.500
0.996,2.036,1.500
0.977,2.018,1.500
0.977,2.036,1.500
1.060,2.232,1.500
0.954,2.029,1.500
1.049,2.255,1.500
0.931,2.021,1.500
0.933,2.048,1.500
0.877,1.944,1.500
0.872,1.955,1.500
0.865,1.959,1.500
0.867,1.985,1.500
0.893,2.066,1.500
0.891,2.084,1.500
0.857,2.026,1.500
0.823,1.967,1.500
0.815,1.971,1.500
0.801,1.958,1.500
0.796,1.969,1.500
0.801,2.004,1.500
0.861,2.177,1.500
0.779,1.994,1.500
0.778,2.013,1.500
0.773,2.024,1.500
0.753,1.995,1.500
0.748,2.006,1.500
0.737,2.001,1.500
0.812,2.231,1.500
0.797,2.218,1.500
0.711,2.002,1.500
0.777,2.217,1.500
0.712,2.055,1.500
0.765,2.238,1.500
0.690,2.045,1.500
0.742,2.229,1.500
0.669,2.034,1.500
0.720,2.219,1.500
0.650,2.031,1.500
0.707,2.240,1.500
0.639,2.052,1.500
0.690,2.246,1.500
0.608,2.009,1.500
0.679,2.275,1.500
0.609,2.070,1.500
0.690,2.381,1.500
0.586,2.050,1.500
0.578,2.053,1.500
0.574,2.071,1.500
0.575,2.106,1.500
0.601,2.237,1.500
0.550,2.078,1.500
0.544,2.088,1.500
0.561,2.188,1.500
0.515,2.043,1.500
0.561,2.264,1.500
0.533,2.186,1.500
0.520,2.172,1.500
0.516,2.190,1.500
0.516,2.233,1.500
0.500,2.202,1.500
0.488,2.188,1.500
0.478,2.182,1.500
0.476,2.216,1.500
0.498,2.363,1.500
0.455,2.204,1.500
0.487,2.406,1.500
0.436,2.199,1.500
0.471,2.426,1.500
0.414,2.178,1.500
0.412,2.212,1.500
0.434,2.383,1.500
0.387,2.174,1.500
0.377,2.167,1.500
0.371,2.185,1.500
0.360,2.170,1.500
0.388,2.399,1.500
0.344,2.181,1.500
0.335,2.174,1.500
0.326,2.176,1.500
0.320,2.194,1.500
0.309,2.178,1.500
0.303,2.196,1.500
0.293,2.189,1.500
0.287,2.215,1.500
0.306,2.436,1.500
0.269,2.209,1.500
0.283,2.398,1.500
0.247,2.169,1.500
0.267,2.432,1.500
0.256,2.417,1.500
0.225,2.205,1.500
0.235,2.403,1.500
0.208,2.215,1.500
0.200,2.216,1.500
0.207,2.406,1.500
0.182,2.218,1.500
0.190,2.431,1.500
0.167,2.252,1.500
0.171,2.433,1.500
0.150,2.262,1.500
0.138,2.212,1.500
0.145,2.475,1.500
0.123,2.263,1.500
0.115,2.272,1.500
0.105,2.256,1.500
0.096,2.248,1.500
0.088,2.265,1.500
0.079,2.274,1.500
0.069,2.241,1.500
0.068,2.526,1.500
0.057,2.478,1.500
0.043,2.258,1.500
0.037,2.447,1.500
0.025,2.242,1.500
0.016,2.242,1.500
0.008,2.242,1.500
-0.001,2.242,1.500
-0.010,2.258,1.500
-0.019,2.250,1.500
-0.028,2.267,1.500
-0.040,2.463,1.500
-0.046,2.258,1.500
-0.054,2.241,1.500
-0.070,2.502,1.500
-0.072,2.249,1.500
-0.081,2.257,1.500
-0.090,2.257,1.500
-0.098,2.231,1.500
-0.108,2.256,1.500
-0.116,2.247,1.500
-0.125,2.247,1.500
-0.133,2.238,1.500
-0.143,2.254,1.500
-0.151,2.245,1.500
-0.172,2.416,1.500
-0.170,2.252,1.500
-0.175,2.210,1.500
-0.184,2.209,1.500
-0.193,2.217,1.500
-0.210,2.307,1.500
-0.212,2.232,1.500
-0.218,2.198,1.500
-0.229,2.222,1.500
-0.257,2.401,1.500
-0.269,2.424,1.500
-0.256,2.227,1.500
-0.262,2.201,1.500
-0.331,2.695,1.500
-0.278,2.191,1.500
-0.287,2.190,1.500
-0.323,2.393,1.500
-0.309,2.229,1.500
-0.341,2.390,1.500
-0.322,2.193,1.500
-0.363,2.403,1.500
-0.341,2.199,1.500
-0.382,2.401,1.500
-0.351,2.155,1.500
-0.365,2.186,1.500
-0.389,2.275,1.500
-0.388,2.216,1.500
-0.429,2.393,1.500
-0.408,2.230,1.500
-0.425,2.269,1.500
-0.490,2.560,1.500
-0.439,2.249,1.500
-0.483,2.423,1.500
-0.457,2.246,1.500
-0.479,2.308,1.500
-0.463,2.185,1.500
-0.496,2.296,1.500
-0.501,2.278,1.500
-0.556,2.481,1.500
-0.517,2.266,1.500
-0.522,2.248,1.500
-0.543,2.294,1.500
-0.576,2.395,1.500
-0.549,2.242,1.500
-0.560,2.248,1.500
-0.568,2.246,1.500
-0.577,2.243,1.500
-0.671,2.567,1.500
-0.647,2.435,1.500
-0.608,2.252,1.500
-0.677,2.468,1.500
-0.626,2.247,1.500
-0.634,2.245,1.500
-0.699,2.437,1.500
-0.657,2.256,1.500
-0.723,2.446,1.500
-0.670,2.235,1.500
-0.664,2.185,1.500
-0.687,2.229,1.500
-0.706,2.258,1.500
-0.707,2.232,1.500
-0.716,2.229,1.500
-0.725,2.226,1.500
-0.794,2.407,1.500
-0.737,2.205,1.500
-0.753,2.225,1.500
-0.754,2.199,1.500
-0.763,2.196,1.500
-0.774,2.201,1.500
-0.780,2.190,1.500
-0.794,2.202,1.500
-0.915,2.507,1.500
-0.789,2.134,1.500
-0.888,2.374,1.500
-0.820,2.166,1.500
-0.834,2.179,1.500
-0.834,2.152,1.500
-0.857,2.187,1.500
-0.857,2.161,1.500
-0.932,2.323,1.500
-0.877,2.162,1.500
-0.892,2.173,1.500
-0.888,2.140,1.500
-0.896,2.136,1.500
-0.908,2.140,1.500
-0.919,2.144,1.500
-0.928,2.140,1.500
-1.020,2.329,1.500
-0.948,2.141,1.500
-0.959,2.144,1.500
-1.044,2.310,1.500
-0.980,2.144,1.500
-1.059,2.294,1.500
-0.990,2.122,1.500
-1.008,2.140,1.500
-0.960,2.017,1.500
-1.015,2.110,1.500
-1.005,2.069,1.500
-1.035,2.109,1.500
-1.129,2.279,1.500
-1.018,2.035,1.500
-1.143,2.263,1.500
-1.152,2.258,1.500
-1.061,2.059,1.500
-1.084,2.084,1.500
-1.088,2.073,1.500
-1.038,1.959,1.500
-1.196,2.235,1.500
-1.175,2.174,1.500
-1.109,2.034,1.500
-1.230,2.235,1.500
-1.129,2.032,1.500
-1.145,2.042,1.500
-1.249,2.206,1.500
-1.153,2.019,1.500
-1.181,2.050,1.500
-1.262,2.171,1.500
-1.122,1.912,1.500
-1.222,2.064,1.500
-1.205,2.017,1.500
-1.196,1.984,1.500
-1.263,2.077,1.500
-1.220,1.988,1.500
-1.232,1.991,1.500
-1.359,2.177,1.500
-1.252,1.988,1.500
-1.255,1.976,1.500
-1.250,1.950,1.500
-1.271,1.966,1.500
-1.279,1.961,1.500
-1.273,1.935,1.500
-1.414,2.132,1.500
-1.297,1.939,1.500
-1.493,2.212,1.500
-1.431,2.102,1.500
-1.311,1.910,1.500
-1.332,1.925,1.500
-1.349,1.933,1.500
-1.459,2.073,1.500
-1.345,1.896,1.500
-1.367,1.911,1.500
-1.548,2.145,1.500
-1.382,1.900,1.500
-1.490,2.031,1.500
-1.387,1.876,1.500
-1.520,2.039,1.500
-1.402,1.865,1.500
-1.531,2.020,1.500
-1.406,1.841,1.500
-1.424,1.848,1.500
-1.441,1.855,1.500
-1.448,1.850,1.500
-1.445,1.831,1.500
-1.463,1.838,1.500
-1.470,1.833,1.500
-1.559,1.928,1.500
-1.474,1.808,1.500
-1.604,1.953,1.500
-1.472,1.778,1.500
-1.479,1.772,1.500
-1.513,1.797,1.500
-1.498,1.766,1.500
-1.516,1.773,1.500
-1.681,1.950,1.500
-1.535,1.767,1.500
-1.526,1.743,1.500
-1.672,1.895,1.500
-1.551,1.743,1.500
-1.552,1.731,1.500
-1.710,1.892,1.500
-1.702,1.868,1.500
-1.720,1.873,1.500
-1.733,1.872,1.500
-1.597,1.712,1.500
-1.592,1.694,1.500
-1.610,1.699,1.500
-1.745,1.828,1.500
-1.623,1.687,1.500
-1.749,1.802,1.500
-1.625,1.662,1.500
-1.626,1.650,1.500
-1.798,1.810,1.500
-1.805,1.803,1.500
-1.795,1.779,1.500
-1.808,1.777,1.500
-1.682,1.641,1.500
-1.821,1.763,1.500
-1.677,1.610,1.500
-1.683,1.604,1.500
-1.859,1.758,1.500
-1.677,1.573,1.500
-1.696,1.578,1.500
-1.702,1.571,1.500
-1.750,1.603,1.500
-1.846,1.678,1.500
-1.720,1.551,1.500
-1.732,1.550,1.500
-1.745,1.549,1.500
-1.745,1.536,1.500
-1.903,1.663,1.500
-1.763,1.528,1.500
-1.763,1.516,1.500
-1.769,1.509,1.500
-2.043,1.729,1.500
-1.780,1.495,1.500
-1.874,1.561,1.500
-2.009,1.660,1.500
-1.798,1.474,1.500
-1.835,1.492,1.500
-1.816,1.465,1.500
-1.821,1.458,1.500
-1.910,1.516,1.500
-1.922,1.514,1.500
-1.916,1.496,1.500
-1.909,1.479,1.500
-1.953,1.501,1.500
-1.940,1.478,1.500
-1.939,1.466,1.500
-1.938,1.453,1.500
-1.950,1.451,1.500
-2.110,1.557,1.500
-1.962,1.435,1.500
-1.948,1.413,1.500
-2.173,1.564,1.500
-1.998,1.426,1.500
-2.178,1.542,1.500
-2.152,1.511,1.500
-2.054,1.430,1.500
-2.073,1.431,1.500
-2.098,1.436,1.500
-2.215,1.503,1.500
-2.110,1.420,1.500
-2.109,1.407,1.500
-2.127,1.408,1.500
-2.126,1.395,1.500
-2.309,1.502,1.500
-2.144,1.382,1.500
-2.156,1.378,1.500
-2.339,1.483,1.500
-2.167,1.361,1.500
-2.409,1.500,1.500
-2.434,1.503,1.500
-2.276,1.393,1.500
-2.446,1.484,1.500
-2.439,1.466,1.500
-2.299,1.370,1.500
-2.496,1.474,1.500
-2.297,1.344,1.500
-2.302,1.335,1.500
-2.321,1.334,1.500
-2.306,1.313,1.500
-2.317,1.308,1.500
-2.490,1.393,1.500
-2.334,1.294,1.500
-2.340,1.284,1.500
-2.331,1.268,1.500
-2.343,1.262,1.500
-2.375,1.268,1.500
-2.262,1.196,1.500
-2.534,1.327,1.500
-2.479,1.286,1.500
-2.381,1.223,1.500
-2.281,1.160,1.500
-2.250,1.133,1.500
-2.275,1.135,1.500
-2.476,1.223,1.500
-2.270,1.110,1.500
-2.267,1.098,1.500
-2.300,1.103,1.500
-2.290,1.087,1.500
-2.316,1.088,1.500
-2.335,1.086,1.500
-2.310,1.063,1.500
-2.321,1.057,1.500
-2.333,1.052,1.500
-2.423,1.081,1.500
-2.326,1.027,1.500
-2.345,1.024,1.500
-2.327,1.005,1.500
-2.338,0.999,1.500
-2.494,1.054,1.500
-2.405,1.005,1.500
-2.437,1.008,1.500
-2.309,0.944,1.500
-2.553,1.032,1.500
-2.264,0.905,1.500
-2.372,0.938,1.500
-2.551,0.997,1.500
-2.380,0.919,1.500
-2.391,0.912,1.500
-2.409,0.909,1.500
-2.581,0.962,1.500
-2.401,0.884,1.500
-2.588,0.942,1.500
-2.423,0.871,1.500
-2.610,0.926,1.500
-2.577,0.903,1.500
-2.441,0.845,1.500
-2.577,0.881,1.500
-2.402,0.810,1.500
-2.591,0.863,1.500
-2.431,0.799,1.500
-2.757,0.894,1.500
-2.445,0.782,1.500
-2.778,0.877,1.500
-2.436,0.758,1.500
-2.640,0.810,1.500
-2.426,0.734,1.500
-2.646,0.790,1.500
-2.447,0.720,1.500
-2.465,0.715,1.500
-2.648,0.756,1.500
-2.456,0.691,1.500
-2.676,0.742,1.500
-2.461,0.672,1.500
-2.682,0.721,1.500
-2.573,0.680,1.500
-2.545,0.662,1.500
-2.668,0.683,1.500
-2.618,0.660,1.500
-2.598,0.644,1.500
-2.691,0.655,1.500
-2.473,0.592,1.500
-2.688,0.633,1.500
-2.555,0.591,1.500
-2.610,0.593,1.500
-2.613,0.582,1.500
-2.600,0.569,1.500
-2.502,0.537,1.500
-2.512,0.529,1.500
-2.794,0.577,1.500
-2.593,0.525,1.500
-2.595,0.515,1.500
-2.734,0.531,1.500
-2.706,0.514,1.500
-2.523,0.470,1.500
-2.633,0.479,1.500
-2.839,0.505,1.500
-2.498,0.434,1.500
-2.515,0.427,1.500
-2.725,0.452,1.500
-2.787,0.451,1.500
-2.621,0.413,1.500
-2.714,0.417,1.500
-2.554,0.382,1.500
-2.587,0.377,1.500
-2.541,0.360,1.500
-2.834,0.390,1.500
-2.521,0.337,1.500
-2.530,0.328,1.500
-2.555,0.321,1.500
-2.540,0.309,1.500
-2.728,0.321,1.500
-2.542,0.289,1.500
-2.768,0.304,1.500
-2.600,0.275,1.500
-2.530,0.258,1.500
-2.749,0.269,1.500
-2.727,0.256,1.500
-2.588,0.233,1.500
-2.526,0.217,1.500
-2.752,0.226,1.500
-2.559,0.200,1.500
-2.520,0.187,1.500
-2.755,0.193,1.500
-2.553,0.169,1.500
-2.546,0.159,1.500
-2.554,0.149,1.500
-2.523,0.137,1.500
-2.540,0.128,1.500
-2.580,0.120,1.500
-2.517,0.107,1.500
-2.589,0.100,1.500
-2.573,0.089,1.500
-2.542,0.078,1.500
-2.558,0.069,1.500
-2.574,0.059,1.500
-2.668,0.051,1.500
-2.559,0.039,1.500
-2.868,0.032,1.500
-2.645,0.019,1.500
-2.868,0.009,1.500
-2.661,-0.002,1.500
-2.551,-0.012,1.500
-2.692,-0.023,1.500
-2.676,-0.033,1.500
-2.676,-0.044,1.500
-2.807,-0.057,1.500
-2.660,-0.064,1.500
-2.652,-0.075,1.500
-2.660,-0.085,1.500
-2.652,-0.095,1.500
-2.659,-0.106,1.500
-2.674,-0.117,1.500
-2.681,-0.128,1.500
-2.665,-0.138,1.500
-2.711,-0.151,1.500
-2.649,-0.158,1.500
-2.687,-0.171,1.500
-2.884,-0.195,1.500
-2.943,-0.210,1.500
-2.769,-0.209,1.500
-2.768,-0.220,1.500
-2.948,-0.246,1.500
-2.940,-0.256,1.500
-2.953,-0.269,1.500
-2.703,-0.257,1.500
-2.741,-0.272,1.500
-2.950,-0.304,1.500
-2.708,-0.290,1.500
-2.752,-0.306,1.500
-2.751,-0.316,1.500
-2.952,-0.351,1.500
-2.756,-0.339,1.500
-2.724,-0.346,1.500
-2.941,-0.385,1.500
-2.909,-0.393,1.500
-2.720,-0.378,1.500
-2.734,-0.391,1.500
-2.934,-0.431,1.500
-2.731,-0.412,1.500
-2.752,-0.427,1.500
-2.735,-0.435,1.500
-2.905,-0.474,1.500
-2.732,-0.456,1.500
-2.737,-0.468,1.500
-2.720,-0.477,1.500
-2.912,-0.522,1.500
-2.709,-0.496,1.500
-2.715,-0.509,1.500
-2.861,-0.548,1.500
-2.733,-0.534,1.500
-2.716,-0.542,1.500
-2.913,-0.593,1.500
-2.712,-0.563,1.500
-2.702,-0.572,1.500
-2.862,-0.618,1.500
-2.712,-0.597,1.500
-2.702,-0.606,1.500
-2.949,-0.673,1.500
-2.705,-0.629,1.500
-2.695,-0.638,1.500
-2.832,-0.682,1.500
-2.697,-0.661,1.500
-2.680,-0.667,1.500
-2.677,-0.678,1.500
-2.682,-0.690,1.500
-2.876,-0.752,1.500
-2.684,-0.713,1.500
-2.659,-0.718,1.500
-2.671,-0.732,1.500
-2.864,-0.798,1.500
-2.672,-0.755,1.500
-2.865,-0.822,1.500
-2.847,-0.829,1.500
-2.671,-0.789,1.500
-2.667,-0.800,1.500
-2.837,-0.863,1.500
-2.661,-0.821,1.500
-2.651,-0.829,1.500
-2.827,-0.896,1.500
-2.629,-0.845,1.500
-2.633,-0.857,1.500
-2.844,-0.939,1.500
-2.634,-0.881,1.500
-2.652,-0.898,1.500
-2.805,-0.962,1.500
-2.801,-0.973,1.500
-2.627,-0.924,1.500
-2.623,-0.935,1.500
-2.831,-1.021,1.500
-2.601,-0.950,1.500
-2.598,-0.960,1.500
-2.798,-1.047,1.500
-2.829,-1.071,1.500
-2.579,-0.988,1.500
-2.568,-0.995,1.500
-2.768,-1.085,1.500
-2.574,-1.021,1.500
-2.570,-1.031,1.500
-2.573,-1.044,1.500
-2.583,-1.060,1.500
-2.572,-1.067,1.500
-2.547,-1.069,1.500
-2.571,-1.090,1.500
-2.517,-1.079,1.500
-2.541,-1.101,1.500
-2.544,-1.115,1.500
-2.539,-1.125,1.500
-2.535,-1.134,1.500
-2.509,-1.135,1.500
-2.505,-1.145,1.500
-2.500,-1.155,1.500
-2.496,-1.164,1.500
-2.696,-1.271,1.500
-2.521,-1.200,1.500
-2.516,-1.210,1.500
-2.505,-1.217,1.500
-2.669,-1.310,1.500
-2.475,-1.226,1.500
-2.470,-1.236,1.500
-2.451,-1.239,1.500
-2.446,-1.248,1.500
-2.656,-1.369,1.500
-2.618,-1.362,1.500
-2.438,-1.281,1.500
-2.426,-1.287,1.500
-2.448,-1.311,1.500
-2.583,-1.396,1.500
-2.445,-1.334,1.500
-2.426,-1.336,1.500
-2.421,-1.345,1.500
-2.580,-1.447,1.500
-2.417,-1.368,1.500
-2.405,-1.374,1.500
-2.576,-1.485,1.500
-2.557,-1.487,1.500
-2.368,-1.390,1.500
-2.416,-1.431,1.500
-2.533,-1.514,1.500
-2.378,-1.434,1.500
-2.418,-1.471,1.500
-2.622,-1.609,1.500
-2.419,-1.498,1.500
-2.534,-1.583,1.500
-2.433,-1.533,1.500
-2.453,-1.559,1.500
-2.421,-1.552,1.500
-2.421,-1.566,1.500
-2.409,-1.571,1.500
-2.570,-1.690,1.500
-2.371,-1.573,1.500
-2.359,-1.578,1.500
-2.396,-1.617,1.500
-2.549,-1.735,1.500
-2.377,-1.632,1.500
-2.377,-1.645,1.500
-2.504,-1.748,1.500
-2.346,-1.651,1.500
-2.339,-1.660,1.500
-2.484,-1.777,1.500
-2.471,-1.783,1.500
-2.307,-1.679,1.500
-2.319,-1.701,1.500
-2.479,-1.834,1.500
-2.437,-1.817,1.500
-2.311,-1.737,1.500
-2.316,-1.755,1.500
-2.303,-1.760,1.500
-2.431,-1.873,1.500
-2.289,-1.778,1.500
-2.433,-1.905,1.500
-2.368,-1.870,1.500
-2.268,-1.805,1.500
-2.249,-1.804,1.500
-2.213,-1.789,1.500
-2.223,-1.812,1.500
-2.199,-1.807,1.500
-2.358,-1.953,1.500
-2.202,-1.838,1.500
-2.200,-1.852,1.500
-2.199,-1.865,1.500
-2.186,-1.869,1.500
-2.178,-1.878,1.500
-2.171,-1.886,1.500
-2.152,-1.885,1.500
-2.150,-1.898,1.500
-2.282,-2.030,1.500
-2.135,-1.915,1.500
-2.282,-2.063,1.500
-2.241,-2.042,1.500
-2.124,-1.950,1.500
-2.111,-1.954,1.500
-2.201,-2.053,1.500
-2.112,-1.985,1.500
-2.211,-2.096,1.500
-2.058,-1.966,1.500
-2.077,-2.000,1.500
-2.202,-2.137,1.500
-2.067,-2.021,1.500
-2.064,-2.035,1.500
-2.177,-2.163,1.500
-2.168,-2.171,1.500
-2.014,-2.032,1.500
-2.016,-2.051,1.500
-2.013,-2.064,1.500
-2.005,-2.072,1.500
-1.981,-2.063,1.500
-1.984,-2.082,1.500
-1.986,-2.101,1.500
-2.109,-2.249,1.500
-2.075,-2.231,1.500
-1.940,-2.102,1.500
-2.073,-2.263,1.500
-2.049,-2.255,1.500
-1.941,-2.153,1.500
-1.922,-2.149,1.500
-2.027,-2.284,1.500
-1.900,-2.158,1.500
-2.019,-2.311,1.500
-1.976,-2.280,1.500
-1.865,-2.169,1.500
-1.871,-2.194,1.500
-1.853,-2.190,1.500
-1.849,-2.203,1.500
-1.954,-2.347,1.500
-1.827,-2.211,1.500
-1.818,-2.218,1.500
-1.833,-2.255,1.500
-1.801,-2.233,1.500
-1.778,-2.222,1.500
-1.783,-2.247,1.500
-1.830,-2.324,1.500
-1.779,-2.278,1.500
-1.761,-2.274,1.500
-1.847,-2.404,1.500
-1.729,-2.269,1.500
-1.734,-2.294,1.500
-1.716,-2.289,1.500
-1.796,-2.415,1.500
-1.712,-2.320,1.500
-1.698,-2.321,1.500
-1.836,-2.531,1.500
-1.666,-2.316,1.500
-1.662,-2.329,1.500
-1.666,-2.354,1.500
-1.746,-2.488,1.500
-1.799,-2.584,1.500
-1.633,-2.367,1.500
-1.620,-2.367,1.500
-1.723,-2.539,1.500
-1.605,-2.386,1.500
-1.609,-2.411,1.500
-1.583,-2.392,1.500
-1.586,-2.417,1.500
-1.677,-2.579,1.500
-1.667,-2.585,1.500
-1.545,-2.417,1.500
-1.535,-2.423,1.500
-1.625,-2.586,1.500
-1.528,-2.454,1.500
-1.511,-2.447,1.500
-1.505,-2.460,1.500
-1.495,-2.465,1.500
-1.489,-2.478,1.500
-1.453,-2.438,1.500
-1.458,-2.470,1.500
-1.437,-2.456,1.500
-1.450,-2.501,1.500
-1.429,-2.487,1.500
-1.434,-2.519,1.500
-1.508,-2.673,1.500
-1.487,-2.659,1.500
-1.394,-2.516,1.500
-1.398,-2.547,1.500
-1.367,-2.513,1.500
-1.371,-2.545,1.500
-1.350,-2.531,1.500
-1.434,-2.713,1.500
-1.299,-2.481,1.500
-1.324,-2.553,1.500
-1.269,-2.470,1.500
-1.300,-2.557,1.500
-1.246,-2.473,1.500
-1.327,-2.660,1.500
-1.277,-2.585,1.500
-1.217,-2.488,1.500
-1.204,-2.486,1.500
-1.194,-2.490,1.500
-1.187,-2.502,1.500
-1.177,-2.507,1.500
-1.164,-2.504,1.500
-1.164,-2.530,1.500
-1.217,-2.672,1.500
-1.135,-2.518,1.500
-1.131,-2.536,1.500
-1.206,-2.734,1.500
-1.193,-2.731,1.500
-1.101,-2.549,1.500
-1.103,-2.582,1.500
-1.195,-2.827,1.500
-1.065,-2.548,1.500
-1.058,-2.559,1.500
-1.122,-2.745,1.500
-1.035,-2.560,1.500
-1.034,-2.586,1.500
-1.084,-2.744,1.500
-1.041,-2.665,1.500
-0.995,-2.576,1.500
-1.097,-2.874,1.500
-0.983,-2.606,1.500
-1.054,-2.828,1.500
-0.959,-2.606,1.500
-1.009,-2.773,1.500
-0.970,-2.699,1.500
-0.959,-2.703,1.500
-0.946,-2.700,1.500
-0.940,-2.718,1.500
-0.992,-2.904,1.500
-0.990,-2.935,1.500
-0.906,-2.721,1.500
-0.958,-2.915,1.500
-0.937,-2.891,1.500
-0.871,-2.725,1.500
-0.865,-2.743,1.500
-0.854,-2.746,1.500
-0.841,-2.742,1.500
-0.833,-2.753,1.500
-0.877,-2.941,1.500
-0.816,-2.773,1.500
-0.800,-2.762,1.500
-0.841,-2.944,1.500
-0.831,-2.954,1.500
-0.770,-2.779,1.500
-0.813,-2.982,1.500
-0.794,-2.957,1.500
-0.737,-2.788,1.500
-0.767,-2.949,1.500
-0.757,-2.959,1.500
-0.699,-2.774,1.500
-0.745,-3.007,1.500
-0.682,-2.802,1.500
-0.669,-2.797,1.500
-0.658,-2.799,1.500
-0.649,-2.809,1.500
-0.676,-2.978,1.500
-0.664,-2.981,1.500
-0.619,-2.832,1.500
-0.606,-2.827,1.500
-0.595,-2.829,1.500
-0.574,-2.779,1.500
-0.569,-2.811,1.500
-0.562,-2.836,1.500
-0.548,-2.823,1.500
-0.541,-2.847,1.500
-0.527,-2.835,1.500
-0.508,-2.792,1.500
-0.536,-3.014,1.500
-0.492,-2.833,1.500
-0.471,-2.776,1.500
-0.474,-2.859,1.500
-0.457,-2.824,1.500
-0.453,-2.870,1.500
-0.438,-2.850,1.500
-0.424,-2.837,1.500
-0.410,-2.816,1.500
-0.388,-2.742,1.500
-0.392,-2.849,1.500
-0.379,-2.836,1.500
-0.353,-2.724,1.500
-0.353,-2.808,1.500
-0.349,-2.870,1.500
-0.335,-2.849,1.500
-0.311,-2.736,1.500
-0.302,-2.753,1.500
-0.323,-3.052,1.500
-0.299,-2.943,1.500
-0.271,-2.772,1.500
-0.268,-2.856,1.500
-0.259,-2.879,1.500
-0.245,-2.850,1.500
-0.237,-2.889,1.500
-0.224,-2.867,1.500
-0.227,-3.060,1.500
-0.212,-3.025,1.500
-0.188,-2.847,1.500
-0.179,-2.870,1.500
-0.167,-2.871,1.500
-0.167,-3.079,1.500
-0.145,-2.880,1.500
-0.134,-2.888,1.500
-0.123,-2.888,1.500
-0.111,-2.889,1.500
-0.100,-2.897,1.500
-0.089,-2.882,1.500
-0.082,-3.068,1.500
-0.066,-2.875,1.500
-0.054,-2.845,1.500
-0.045,-2.980,1.500
-0.033,-2.965,1.500
-0.021,-2.973,1.500
-0.010,-2.995,1.500
0.002,-2.958,1.500
0.015,-3.177,1.500
0.025,-2.973,1.500
0.038,-3.010,1.500
0.049,-2.973,1.500
0.064,-3.148,1.500
0.072,-2.972,1.500
0.083,-2.957,1.500
0.101,-3.147,1.500
0.106,-2.949,1.500
0.118,-2.956,1.500
0.138,-3.138,1.500
0.143,-2.992,1.500
0.163,-3.152,1.500
0.166,-2.983,1.500
0.178,-2.983,1.500
0.201,-3.157,1.500
0.200,-2.966,1.500
0.213,-2.973,1.500
0.240,-3.175,1.500
0.234,-2.949,1.500
0.247,-2.963,1.500
0.276,-3.158,1.500
0.270,-2.961,1.500
0.287,-3.011,1.500
0.313,-3.155,1.500
0.304,-2.950,1.500
0.317,-2.956,1.500
0.352,-3.165,1.500
0.343,-2.976,1.500
0.353,-2.967,1.500
0.363,-2.951,1.500
0.400,-3.145,1.500
0.385,-2.940,1.500
0.397,-2.939,1.500
0.412,-2.959,1.500
0.418,-2.921,1.500
0.434,-2.949,1.500
0.446,-2.954,1.500
0.456,-2.938,1.500
0.470,-2.951,1.500
0.510,-3.129,1.500
0.520,-3.113,1.500
0.501,-2.923,1.500
0.513,-2.928,1.500
0.558,-3.113,1.500
0.538,-2.932,1.500
0.550,-2.937,1.500
0.607,-3.170,1.500
0.604,-3.090,1.500
0.582,-2.916,1.500
0.594,-2.913,1.500
0.613,-2.947,1.500
0.656,-3.094,1.500
0.631,-2.920,1.500
0.646,-2.932,1.500
0.672,-2.994,1.500
0.659,-2.884,1.500
0.675,-2.903,1.500
0.730,-3.085,1.500
0.691,-2.869,1.500
0.709,-2.895,1.500
0.721,-2.892,1.500
0.739,-2.918,1.500
0.789,-3.063,1.500
0.751,-2.869,1.500
0.768,-2.888,1.500
0.777,-2.877,1.500
0.785,-2.860,1.500
0.794,-2.850,1.500
0.795,-2.811,1.500
0.818,-2.851,1.500
0.834,-2.862,1.500
0.847,-2.865,1.500
0.854,-2.848,1.500
0.863,-2.837,1.500
0.874,-2.834,1.500
0.892,-2.852,1.500
0.901,-2.841,1.500
0.905,-2.816,1.500
0.918,-2.820,1.500
0.989,-2.997,1.500
0.943,-2.820,1.500
0.949,-2.802,1.500
0.975,-2.840,1.500
0.979,-2.815,1.500
0.977,-2.776,1.500
1.003,-2.814,1.500
1.059,-2.934,1.500
1.023,-2.800,1.500
1.026,-2.775,1.500
1.091,-2.915,1.500
1.066,-2.815,1.500
1.101,-2.872,1.500
1.187,-3.062,1.500
1.086,-2.768,1.500
1.203,-3.033,1.500
1.148,-2.861,1.500
1.187,-2.924,1.500
1.174,-2.859,1.500
1.182,-2.848,1.500
1.173,-2.796,1.500
1.204,-2.838,1.500
1.221,-2.847,1.500
1.186,-2.734,1.500
1.223,-2.791,1.500
1.255,-2.832,1.500
1.218,-2.720,1.500
1.225,-2.709,1.500
1.330,-2.909,1.500
1.326,-2.871,1.500
1.264,-2.708,1.500
1.255,-2.662,1.500
1.363,-2.862,1.500
1.402,-2.915,1.500
1.382,-2.845,1.500
1.406,-2.865,1.500
1.317,-2.657,1.500
1.334,-2.665,1.500
1.443,-2.855,1.500
1.352,-2.648,1.500
1.359,-2.636,1.500
1.463,-2.812,1.500
1.348,-2.566,1.500
1.355,-2.554,1.500
1.493,-2.788,1.500
1.487,-2.751,1.500
1.370,-2.511,1.500
1.416,-2.572,1.500
1.405,-2.527,1.500
1.533,-2.733,1.500
1.421,-2.509,1.500
1.434,-2.510,1.500
1.459,-2.530,1.500
1.543,-2.652,1.500
1.452,-2.473,1.500
1.470,-2.481,1.500
1.612,-2.696,1.500
1.573,-2.609,1.500
1.495,-2.457,1.500
1.504,-2.451,1.500
1.518,-2.451,1.500
1.463,-2.342,1.500
1.525,-2.420,1.500
1.514,-2.382,1.500
1.499,-2.338,1.500
1.504,-2.325,1.500
1.530,-2.345,1.500
1.610,-2.446,1.500
1.531,-2.308,1.500
1.527,-2.282,1.500
1.680,-2.489,1.500
1.558,-2.289,1.500
1.572,-2.290,1.500
1.572,-2.271,1.500
1.581,-2.265,1.500
1.703,-2.419,1.500
1.594,-2.246,1.500
1.612,-2.252,1.500
1.621,-2.246,1.500
1.745,-2.398,1.500
1.629,-2.220,1.500
1.647,-2.226,1.500
1.773,-2.377,1.500
1.655,-2.201,1.500
1.673,-2.207,1.500
1.677,-2.194,1.500
1.695,-2.200,1.500
1.806,-2.324,1.500
1.698,-2.168,1.500
1.711,-2.168,1.500
1.852,-2.326,1.500
1.851,-2.307,1.500
1.742,-2.153,1.500
1.750,-2.146,1.500
1.812,-2.204,1.500
1.873,-2.261,1.500
1.770,-2.120,1.500
1.905,-2.263,1.500
1.782,-2.100,1.500
1.800,-2.105,1.500
1.828,-2.121,1.500
1.882,-2.165,1.500
1.835,-2.095,1.500
1.828,-2.070,1.500
1.897,-2.131,1.500
1.829,-2.039,1.500
1.873,-2.071,1.500
1.834,-2.013,1.500
2.011,-2.190,1.500
1.871,-2.021,1.500
2.023,-2.168,1.500
1.903,-2.023,1.500
1.900,-2.004,1.500
2.049,-2.144,1.500
1.900,-1.973,1.500
1.923,-1.982,1.500
2.069,-2.115,1.500
1.934,-1.961,1.500
1.947,-1.959,1.500
1.954,-1.951,1.500
1.957,-1.938,1.500
1.991,-1.957,1.500
1.939,-1.891,1.500
1.901,-1.840,1.500
1.931,-1.854,1.500
2.050,-1.952,1.500
1.923,-1.817,1.500
1.964,-1.841,1.500
2.067,-1.923,1.500
2.001,-1.847,1.500
1.974,-1.808,1.500
1.998,-1.816,1.500
1.971,-1.776,1.500
1.978,-1.769,1.500
1.991,-1.766,1.500
2.130,-1.875,1.500
1.998,-1.745,1.500
2.363,-2.048,1.500
2.164,-1.860,1.500
2.007,-1.711,1.500
2.020,-1.709,1.500
2.020,-1.696,1.500
2.069,-1.723,1.500
2.034,-1.680,1.500
2.070,-1.696,1.500
2.208,-1.795,1.500
2.072,-1.670,1.500
2.090,-1.672,1.500
2.253,-1.788,1.500
2.091,-1.646,1.500
2.116,-1.652,1.500
2.085,-1.615,1.500
2.104,-1.616,1.500
2.117,-1.613,1.500
2.098,-1.586,1.500
2.154,-1.615,1.500
2.278,-1.693,1.500
2.148,-1.584,1.500
2.167,-1.585,1.500
2.316,-1.680,1.500
2.371,-1.706,1.500
2.141,-1.527,1.500
2.317,-1.639,1.500
2.197,-1.542,1.500
2.184,-1.520,1.500
2.348,-1.620,1.500
2.190,-1.498,1.500
2.215,-1.503,1.500
2.188,-1.472,1.500
2.082,-1.389,1.500
2.213,-1.464,1.500
2.225,-1.459,1.500
2.251,-1.463,1.500
2.385,-1.538,1.500
2.411,-1.540,1.500
2.436,-1.543,1.500
2.147,-1.348,1.500
2.239,-1.394,1.500
2.376,-1.467,1.500
2.336,-1.429,1.500
2.255,-1.368,1.500
2.193,-1.318,1.500
2.379,-1.417,1.500
2.298,-1.357,1.500
2.181,-1.276,1.500
2.396,-1.389,1.500
2.212,-1.271,1.500
2.373,-1.351,1.500
2.222,-1.253,1.500
2.254,-1.260,1.500
2.402,-1.331,1.500
2.250,-1.235,1.500
2.227,-1.211,1.500
2.404,-1.295,1.500
2.244,-1.197,1.500
2.262,-1.196,1.500
2.426,-1.270,1.500
2.279,-1.181,1.500
2.276,-1.169,1.500
2.462,-1.252,1.500
2.300,-1.158,1.500
2.269,-1.131,1.500
2.309,-1.140,1.500
2.313,-1.131,1.500
2.303,-1.115,1.500
2.272,-1.089,1.500
2.298,-1.090,1.500
2.486,-1.167,1.500
2.328,-1.082,1.500
2.353,-1.083,1.500
2.506,-1.141,1.500
2.333,-1.051,1.500
2.337,-1.042,1.500
2.327,-1.026,1.500
2.345,-1.024,1.500
2.320,-1.002,1.500
2.331,-0.996,1.500
2.357,-0.996,1.500
2.339,-0.977,1.500
2.552,-1.055,1.500
2.354,-0.962,1.500
2.358,-0.953,1.500
2.354,-0.941,1.500
2.343,-0.925,1.500
2.369,-0.925,1.500
2.372,-0.916,1.500
2.391,-0.912,1.500
2.380,-0.897,1.500
2.595,-0.967,1.500
2.386,-0.878,1.500
2.442,-0.888,1.500
2.592,-0.931,1.500
2.397,-0.850,1.500
2.400,-0.841,1.500
2.426,-0.839,1.500
2.444,-0.835,1.500
2.432,-0.820,1.500
2.591,-0.862,1.500
2.617,-0.859,1.500
2.427,-0.786,1.500
2.437,-0.779,1.500
2.425,-0.765,1.500
2.451,-0.762,1.500
2.461,-0.755,1.500
2.449,-0.741,1.500
2.624,-0.783,1.500
2.378,-0.699,1.500
2.450,-0.710,1.500
2.445,-0.698,1.500
2.463,-0.693,1.500
2.610,-0.723,1.500
2.582,-0.704,1.500
2.471,-0.664,1.500
2.482,-0.656,1.500
2.360,-0.614,1.500
2.370,-0.607,1.500
2.686,-0.676,1.500
2.703,-0.669,1.500
2.555,-0.622,1.500
2.489,-0.595,1.500
2.460,-0.578,1.500
2.493,-0.576,1.500
2.480,-0.563,1.500
2.490,-0.554,1.500
2.492,-0.545,1.500
2.486,-0.533,1.500
2.589,-0.545,1.500
2.373,-0.489,1.500
2.485,-0.502,1.500
2.487,-0.493,1.500
2.465,-0.478,1.500
2.498,-0.475,1.500
2.390,-0.444,1.500
2.510,-0.456,1.500
2.401,-0.427,1.500
2.482,-0.431,1.500
2.515,-0.427,1.500
2.469,-0.409,1.500
2.534,-0.409,1.500
2.409,-0.380,1.500
2.506,-0.385,1.500
2.531,-0.378,1.500
2.633,-0.383,1.500
2.650,-0.375,1.500
2.472,-0.340,1.500
2.465,-0.329,1.500
2.538,-0.329,1.500
2.602,-0.327,1.500
2.413,-0.293,1.500
2.430,-0.286,1.500
2.415,-0.274,1.500
2.432,-0.267,1.500
2.639,-0.279,1.500
2.632,-0.268,1.500
2.427,-0.237,1.500
2.420,-0.227,1.500
2.429,-0.218,1.500
2.438,-0.209,1.500
2.431,-0.199,1.500
2.423,-0.189,1.500
2.448,-0.181,1.500
2.441,-0.171,1.500
2.433,-0.161,1.500
2.593,-0.161,1.500
2.427,-0.141,1.500
2.451,-0.133,1.500
2.444,-0.123,1.500
2.444,-0.113,1.500
2.445,-0.104,1.500
2.429,-0.093,1.500
2.437,-0.084,1.500
2.446,-0.075,1.500
2.621,-0.070,1.500
2.645,-0.060,1.500
2.446,-0.046,1.500
2.398,-0.036,1.500
2.422,-0.027,1.500
2.661,-0.019,1.500
2.431,-0.008,1.500
2.723,0.002,2.000
2.567,0.012,2.000
2.551,0.022,2.000
2.762,0.035,2.000
2.761,0.046,2.000
2.574,0.053,2.000
2.550,0.062,2.000
2.558,0.072,2.000
2.550,0.082,2.000
2.760,0.100,2.000
2.541,0.102,2.000
2.751,0.121,2.000
2.548,0.122,2.000
2.555,0.133,2.000
2.547,0.142,2.000
2.703,0.162,2.000
2.522,0.161,2.000
2.521,0.171,2.000
2.607,0.187,2.000
2.739,0.207,2.000
2.738,0.218,2.000
2.550,0.213,2.000
2.541,0.222,2.000
2.532,0.231,2.000
2.539,0.242,2.000
2.578,0.256,2.000
2.522,0.260,2.000
2.536,0.272,2.000
2.543,0.283,2.000
2.550,0.294,2.000
2.719,0.324,2.000
2.733,0.337,2.000
2.531,0.322,2.000
2.545,0.334,2.000
2.409,0.326,2.000
2.612,0.364,2.000
2.634,0.377,2.000
2.747,0.404,2.000
2.616,0.395,2.000
2.737,0.425,2.000
2.535,0.404,2.000
2.431,0.397,2.000
2.429,0.406,2.000
2.396,0.410,2.000
2.613,0.458,2.000
2.542,0.456,2.000
2.423,0.444,2.000
2.397,0.450,2.000
2.403,0.460,2.000
2.596,0.508,2.000
2.384,0.476,2.000
2.366,0.482,2.000
2.364,0.492,2.000
2.580,0.547,2.000
2.407,0.520,2.000
2.374,0.523,2.000
2.356,0.529,2.000
2.362,0.540,2.000
2.367,0.551,2.000
2.349,0.556,2.000
2.363,0.569,2.000
2.369,0.581,2.000
2.351,0.586,2.000
2.549,0.646,2.000
2.569,0.662,2.000
2.383,0.624,2.000
2.365,0.629,2.000
2.539,0.686,2.000
2.313,0.635,2.000
2.341,0.653,2.000
2.378,0.673,2.000
2.344,0.673,2.000
2.334,0.680,2.000
2.362,0.698,2.000
2.344,0.703,2.000
2.341,0.712,2.000
2.513,0.775,2.000
2.328,0.728,2.000
2.332,0.740,2.000
2.519,0.810,2.000
2.326,0.758,2.000
2.520,0.832,2.000
2.320,0.776,2.000
2.333,0.791,2.000
2.532,0.869,2.000
2.281,0.793,2.000
2.517,0.886,2.000
2.507,0.894,2.000
2.301,0.831,2.000
2.268,0.829,2.000
2.302,0.852,2.000
2.292,0.858,2.000
2.296,0.870,2.000
2.277,0.873,2.000
2.281,0.885,2.000
2.285,0.897,2.000
2.259,0.897,2.000
2.256,0.906,2.000
2.466,1.001,2.000
2.249,0.923,2.000
2.252,0.935,2.000
2.241,0.941,2.000
2.140,0.908,2.000
2.344,1.006,2.000
2.245,0.974,2.000
2.248,0.986,2.000
2.110,0.935,2.000
2.129,0.953,2.000
2.389,1.081,2.000
2.203,1.007,2.000
2.125,0.982,2.000
2.304,1.076,2.000
2.364,1.115,2.000
2.113,1.007,2.000
2.102,1.012,2.000
2.105,1.023,2.000
2.101,1.032,2.000
2.250,1.115,2.000
2.267,1.135,2.000
2.291,1.158,2.000
2.070,1.057,2.000
2.052,1.058,2.000
2.077,1.081,2.000
2.065,1.085,2.000
2.046,1.086,2.000
2.056,1.101,2.000
2.052,1.109,2.000
2.315,1.264,2.000
2.227,1.227,2.000
2.046,1.138,2.000
2.049,1.150,2.000
2.023,1.146,2.000
2.096,1.198,2.000
2.113,1.218,2.000
2.002,1.165,2.000
2.096,1.231,2.000
2.195,1.300,2.000
2.196,1.313,2.000
2.437,1.470,2.000
2.267,1.379,2.000
2.085,1.280,2.000
2.080,1.288,2.000
2.217,1.385,2.000
2.056,1.296,2.000
2.051,1.304,2.000
2.200,1.411,2.000
2.048,1.325,2.000
2.022,1.319,2.000
2.017,1.327,2.000
2.039,1.353,2.000
2.013,1.348,2.000
2.015,1.360,2.000
2.206,1.502,2.000
2.149,1.475,2.000
1.972,1.365,2.000
2.182,1.523,2.000
2.182,1.536,2.000
2.157,1.531,2.000
2.009,1.438,2.000
1.945,1.404,2.000
1.926,1.402,2.000
1.966,1.443,2.000
1.947,1.441,2.000
1.863,1.390,2.000
1.858,1.397,2.000
1.872,1.419,2.000
1.912,1.462,2.000
2.020,1.557,2.000
1.907,1.481,2.000
1.843,1.444,2.000
1.850,1.461,2.000
1.832,1.458,2.000
1.958,1.572,2.000
2.057,1.664,2.000
2.092,1.706,2.000
1.815,1.492,2.000
1.784,1.478,2.000
1.803,1.506,2.000
1.784,1.503,2.000
1.772,1.504,2.000
1.773,1.517,2.000
1.779,1.534,2.000
1.907,1.658,2.000
1.877,1.644,2.000
1.755,1.550,2.000
1.724,1.535,2.000
1.899,1.704,2.000
1.892,1.711,2.000
1.706,1.555,2.000
1.730,1.589,2.000
1.730,1.602,2.000
1.687,1.575,2.000
1.699,1.598,2.000
1.699,1.611,2.000
1.907,1.822,2.000
1.889,1.819,2.000
1.744,1.693,2.000
1.766,1.728,2.000
1.867,1.841,2.000
1.718,1.708,2.000
1.886,1.889,2.000
1.862,1.880,2.000
1.709,1.739,2.000
1.786,1.832,2.000
1.707,1.764,2.000
1.777,1.852,2.000
1.732,1.818,2.000
1.752,1.854,2.000
1.894,2.020,2.000
1.737,1.868,2.000
1.868,2.024,2.000
1.860,2.031,2.000
1.710,1.882,2.000
1.649,1.830,2.000
1.836,2.053,2.000
1.693,1.908,2.000
1.820,2.067,2.000
1.827,2.092,2.000
1.808,2.087,2.000
1.652,1.923,2.000
1.686,1.977,2.000
1.637,1.935,2.000
1.635,1.948,2.000
1.845,2.216,2.000
1.773,2.147,2.000
1.627,1.986,2.000
1.599,1.967,2.000
1.616,2.004,2.000
1.578,1.974,2.000
1.726,2.176,2.000
1.578,2.005,2.000
1.584,2.030,2.000
1.562,2.017,2.000
1.466,1.908,2.000
1.493,1.959,2.000
1.514,2.003,2.000
1.506,2.009,2.000
1.508,2.028,2.000
1.433,1.943,2.000
1.482,2.027,2.000
1.441,1.987,2.000
1.419,1.973,2.000
1.421,1.992,2.000
1.528,2.160,2.000
1.410,2.010,2.000
1.393,2.002,2.000
1.394,2.021,2.000
1.359,1.986,2.000
1.378,2.032,2.000
1.338,1.990,2.000
1.494,2.240,2.000
1.429,2.161,2.000
1.346,2.053,2.000
1.342,2.065,2.000
1.325,2.057,2.000
1.309,2.048,2.000
1.244,1.964,2.000
1.275,2.031,2.000
1.431,2.299,2.000
1.264,2.048,2.000
1.380,2.257,2.000
1.268,2.092,2.000
1.256,2.090,2.000
1.240,2.081,2.000
1.345,2.278,2.000
1.340,2.290,2.000
1.271,2.193,2.000
1.215,2.115,2.000
1.206,2.119,2.000
1.154,2.046,2.000
1.283,2.296,2.000
1.166,2.105,2.000
1.189,2.166,2.000
1.161,2.136,2.000
1.098,2.040,2.000
1.159,2.173,2.000
1.132,2.142,2.000
1.230,2.351,2.000
1.085,2.093,2.000
1.099,2.141,2.000
1.113,2.188,2.000
1.158,2.300,2.000
1.194,2.395,2.000
1.171,2.372,2.000
1.039,2.125,2.000
1.059,2.188,2.000
1.150,2.400,2.000
0.986,2.078,2.000
0.995,2.119,2.000
1.075,2.313,2.000
1.099,2.389,2.000
0.973,2.138,2.000
0.978,2.172,2.000
0.990,2.220,2.000
1.045,2.370,2.000
1.036,2.374,2.000
0.954,2.209,2.000
0.913,2.138,2.000
0.908,2.149,2.000
0.893,2.137,2.000
0.931,2.254,2.000
0.950,2.325,2.000
0.956,2.365,2.000
0.993,2.486,2.000
0.931,2.358,2.000
0.842,2.158,2.000
0.860,2.230,2.000
0.840,2.203,2.000
0.823,2.183,2.000
0.820,2.202,2.000
0.805,2.189,2.000
0.869,2.390,2.000
0.854,2.378,2.000
0.782,2.206,2.000
0.771,2.202,2.000
0.794,2.297,2.000
0.751,2.200,2.000
0.758,2.249,2.000
0.731,2.198,2.000
0.791,2.409,2.000
0.815,2.517,2.000
0.772,2.415,2.000
0.706,2.241,2.000
0.688,2.212,2.000
0.669,2.183,2.000
0.734,2.427,2.000
0.662,2.220,2.000
0.724,2.463,2.000
0.647,2.233,2.000
0.647,2.267,2.000
0.631,2.246,2.000
0.659,2.381,2.000
0.614,2.251,2.000
0.594,2.213,2.000
0.596,2.255,2.000
0.589,2.266,2.000
0.578,2.260,2.000
0.567,2.254,2.000
0.554,2.241,2.000
0.559,2.299,2.000
0.544,2.277,2.000
0.536,2.279,2.000
0.519,2.249,2.000
0.514,2.267,2.000
0.553,2.482,2.000
0.505,2.311,2.000
0.513,2.392,2.000
0.505,2.402,2.000
0.491,2.381,2.000
0.483,2.390,2.000
0.475,2.400,2.000
0.464,2.394,2.000
0.455,2.396,2.000
0.445,2.398,2.000
0.435,2.392,2.000
0.432,2.433,2.000
0.420,2.419,2.000
0.441,2.601,2.000
0.433,2.618,2.000
0.421,2.604,2.000
0.408,2.590,2.000
0.374,2.434,2.000
0.364,2.436,2.000
0.353,2.429,2.000
0.359,2.541,2.000
0.348,2.535,2.000
0.337,2.529,2.000
0.326,2.522,2.000
0.316,2.523,2.000
0.331,2.726,2.000
0.301,2.565,2.000
0.284,2.503,2.000
0.278,2.536,2.000
0.270,2.560,2.000
0.259,2.546,2.000
0.246,2.523,2.000
0.258,2.757,2.000
0.242,2.697,2.000
0.217,2.534,2.000
0.209,2.558,2.000
0.215,2.761,2.000
0.203,2.747,2.000
0.180,2.576,2.000
0.182,2.756,2.000
0.158,2.554,2.000
0.149,2.562,2.000
0.150,2.765,2.000
0.138,2.751,2.000
0.124,2.689,2.000
0.117,2.759,2.000
0.099,2.581,2.000
0.087,2.534,2.000
0.084,2.753,2.000
0.067,2.534,2.000
0.058,2.566,2.000
0.052,2.777,2.000
0.038,2.559,2.000
0.027,2.463,2.000
0.018,2.606,2.000
0.008,2.762,2.000
-0.002,2.551,2.000
-0.012,2.439,2.000
-0.023,2.606,2.000
-0.033,2.637,2.000
-0.044,2.645,2.000
-0.050,2.454,2.000
-0.059,2.414,2.000
-0.068,2.405,2.000
-0.078,2.405,2.000
-0.096,2.644,2.000
-0.097,2.413,2.000
-0.108,2.436,2.000
-0.118,2.452,2.000
-0.127,2.435,2.000
-0.147,2.634,2.000
-0.146,2.434,2.000
-0.156,2.450,2.000
-0.165,2.433,2.000
-0.195,2.716,2.000
-0.185,2.448,2.000
-0.197,2.471,2.000
-0.203,2.430,2.000
-0.218,2.494,2.000
-0.242,2.642,2.000
-0.253,2.649,2.000
-0.259,2.601,2.000
-0.260,2.514,2.000
-0.259,2.417,2.000
-0.280,2.519,2.000
-0.316,2.744,2.000
-0.301,2.525,2.000
-0.308,2.500,2.000
-0.347,2.724,2.000
-0.338,2.576,2.000
-0.340,2.512,2.000
-0.354,2.542,2.000
-0.361,2.517,2.000
-0.399,2.709,2.000
-0.428,2.829,2.000
-0.430,2.767,2.000
-0.401,2.519,2.000
-0.411,2.518,2.000
-0.424,2.532,2.000
-0.435,2.538,2.000
-0.476,2.713,2.000
-0.492,2.741,2.000
-0.462,2.517,2.000
-0.472,2.515,2.000
-0.519,2.705,2.000
-0.489,2.496,2.000
-0.505,2.525,2.000
-0.549,2.691,2.000
-0.523,2.513,2.000
-0.536,2.526,2.000
-0.543,2.509,2.000
-0.554,2.514,2.000
-0.560,2.497,2.000
-0.570,2.494,2.000
-0.623,2.675,2.000
-0.651,2.747,2.000
-0.601,2.495,2.000
-0.637,2.600,2.000
-0.642,2.574,2.000
-0.627,2.473,2.000
-0.693,2.689,2.000
-0.706,2.694,2.000
-0.662,2.488,2.000
-0.701,2.591,2.000
-0.727,2.648,2.000
-0.679,2.434,2.000
-0.720,2.545,2.000
-0.790,2.750,2.000
-0.743,2.547,2.000
-0.746,2.522,2.000
-0.735,2.451,2.000
-0.740,2.433,2.000
-0.796,2.580,2.000
-0.799,2.555,2.000
-0.833,2.625,2.000
-0.846,2.629,2.000
-0.793,2.433,2.000
-0.837,2.534,2.000
-0.847,2.531,2.000
-0.816,2.408,2.000
-0.821,2.390,2.000
-0.841,2.417,2.000
-0.930,2.641,2.000
-0.920,2.580,2.000
-0.898,2.488,2.000
-0.881,2.411,2.000
-0.885,2.392,2.000
-0.900,2.404,2.000
-0.973,2.568,2.000
-0.969,2.528,2.000
-0.923,2.378,2.000
-0.929,2.367,2.000
-1.030,2.595,2.000
-1.023,2.549,2.000
-0.957,2.356,2.000
-0.972,2.367,2.000
-0.975,2.348,2.000
-0.997,2.374,2.000
-1.003,2.363,2.000
-0.990,2.308,2.000
-1.096,2.527,2.000
-1.028,2.343,2.000
-1.030,2.325,2.000
-1.043,2.328,2.000
-1.058,2.338,2.000
-1.064,2.327,2.000
-1.165,2.521,2.000
-1.172,2.509,2.000
-1.085,2.300,2.000
-1.077,2.260,2.000
-1.137,2.363,2.000
-1.184,2.435,2.000
-1.131,2.304,2.000
-1.137,2.292,2.000
-1.142,2.281,2.000
-1.148,2.269,2.000
-1.160,2.272,2.000
-1.169,2.267,2.000
-1.163,2.234,2.000
-1.191,2.265,2.000
-1.295,2.440,2.000
-1.301,2.428,2.000
-1.217,2.251,2.000
-1.207,2.211,2.000
-1.344,2.439,2.000
-1.240,2.229,2.000
-1.237,2.204,2.000
-1.242,2.192,2.000
-1.371,2.398,2.000
-1.283,2.223,2.000
-1.287,2.211,2.000
-1.324,2.254,2.000
-1.428,2.409,2.000
-1.449,2.423,2.000
-1.493,2.475,2.000
-1.440,2.366,2.000
-1.397,2.274,2.000
-1.352,2.182,2.000
-1.352,2.163,2.000
-1.360,2.158,2.000
-1.365,2.146,2.000
-1.433,2.233,2.000
-1.412,2.182,2.000
-1.543,2.364,2.000
-1.577,2.396,2.000
-1.582,2.383,2.000
-1.489,2.224,2.000
-1.494,2.212,2.000
-1.602,2.352,2.000
-1.624,2.364,2.000
-1.515,2.188,2.000
-1.528,2.188,2.000
-1.643,2.333,2.000
-1.639,2.308,2.000
-1.536,2.145,2.000
-1.553,2.151,2.000
-1.571,2.158,2.000
-1.556,2.120,2.000
-1.583,2.139,2.000
-1.610,2.158,2.000
-1.576,2.095,2.000
-1.720,2.267,2.000
-1.742,2.278,2.000
-1.760,2.284,2.000
-1.647,2.120,2.000
-1.636,2.089,2.000
-1.759,2.227,2.000
-1.658,2.082,2.000
-1.676,2.087,2.000
-1.674,2.069,2.000
-1.808,2.217,2.000
-1.685,2.049,2.000
-1.767,2.132,2.000
-1.701,2.036,2.000
-1.915,2.274,2.000
-1.737,2.046,2.000
-1.806,2.110,2.000
-1.733,2.009,2.000
-1.772,2.038,2.000
-1.774,2.025,2.000
-1.949,2.206,2.000
-1.907,2.142,2.000
-1.767,1.969,2.000
-1.796,1.985,2.000
-1.788,1.961,2.000
-1.790,1.948,2.000
-1.939,2.093,2.000
-1.811,1.940,2.000
-1.818,1.932,2.000
-1.847,1.948,2.000
-1.855,1.941,2.000
-1.995,2.071,2.000
-1.870,1.926,2.000
-1.834,1.874,2.000
-1.874,1.900,2.000
-2.027,2.040,2.000
-1.895,1.891,2.000
-1.885,1.867,2.000
-1.887,1.854,2.000
-1.900,1.852,2.000
-1.918,1.855,2.000
-2.053,1.970,2.000
-1.922,1.830,2.000
-1.951,1.843,2.000
-1.942,1.820,2.000
-1.943,1.807,2.000
-2.097,1.935,2.000
-1.928,1.765,2.000
-1.958,1.779,2.000
-1.989,1.792,2.000
-1.996,1.784,2.000
-2.014,1.786,2.000
-1.957,1.722,2.000
-2.016,1.760,2.000
-2.099,1.818,2.000
-2.158,1.855,2.000
-2.013,1.716,2.000
-2.026,1.713,2.000
-2.021,1.695,2.000
-2.051,1.707,2.000
-2.058,1.699,2.000
-2.213,1.813,2.000
-2.065,1.678,2.000
-2.084,1.680,2.000
-2.228,1.782,2.000
-2.091,1.659,2.000
-2.079,1.636,2.000
-2.086,1.628,2.000
-2.280,1.765,2.000
-2.287,1.756,2.000
-2.197,1.673,2.000
-2.277,1.720,2.000
-2.210,1.656,2.000
-2.136,1.587,2.000
-2.167,1.597,2.000
-2.223,1.625,2.000
-2.407,1.745,2.000
-2.396,1.723,2.000
-2.255,1.608,2.000
-2.255,1.595,2.000
-2.267,1.590,2.000
-2.280,1.586,2.000
-2.441,1.684,2.000
-2.460,1.683,2.000
-2.317,1.572,2.000
-2.292,1.541,2.000
-2.304,1.536,2.000
-2.304,1.523,2.000
-2.323,1.522,2.000
-2.322,1.509,2.000
-2.354,1.517,2.000
-2.360,1.507,2.000
-2.340,1.482,2.000
-2.404,1.509,2.000
-2.605,1.621,2.000
-2.612,1.611,2.000
-2.428,1.484,2.000
-2.446,1.483,2.000
-2.465,1.481,2.000
-2.484,1.479,2.000
-2.464,1.454,2.000
-2.469,1.444,2.000
-2.636,1.528,2.000
-2.674,1.536,2.000
-2.686,1.529,2.000
-2.679,1.511,2.000
-2.517,1.406,2.000
-2.516,1.393,2.000
-2.665,1.462,2.000
-2.547,1.384,2.000
-2.539,1.367,2.000
-2.551,1.360,2.000
-2.694,1.423,2.000
-2.555,1.337,2.000
-2.540,1.316,2.000
-2.565,1.317,2.000
-2.557,1.300,2.000
-2.549,1.283,2.000
-2.567,1.280,2.000
-2.586,1.276,2.000
-2.584,1.263,2.000
-2.562,1.239,2.000
-2.511,1.203,2.000
-2.760,1.309,2.000
-2.631,1.235,2.000
-2.519,1.170,2.000
-2.530,1.163,2.000
-2.514,1.144,2.000
-2.504,1.128,2.000
-2.743,1.222,2.000
-2.611,1.151,2.000
-2.786,1.215,2.000
-2.557,1.103,2.000
-2.533,1.081,2.000
-2.544,1.074,2.000
-2.548,1.064,2.000
-2.545,1.051,2.000
-2.550,1.041,2.000
-2.575,1.040,2.000
-2.747,1.097,2.000
-2.752,1.086,2.000
-2.580,1.007,2.000
-2.555,0.986,2.000
-2.785,1.062,2.000
-2.606,0.982,2.000
-2.603,0.969,2.000
-2.606,0.959,2.000
-2.596,0.943,2.000
-2.798,1.004,2.000
-2.617,0.928,2.000
-2.636,0.923,2.000
-2.617,0.905,2.000
-2.621,0.894,2.000
-2.711,0.913,2.000
-2.606,0.867,2.000
-2.909,0.955,2.000
-2.933,0.950,2.000
-2.711,0.866,2.000
-2.750,0.867,2.000
-2.725,0.847,2.000
-2.742,0.841,2.000
-2.923,0.884,2.000
-2.771,0.826,2.000
-2.752,0.808,2.000
-2.755,0.798,2.000
-2.766,0.789,2.000
-2.933,0.824,2.000
-2.936,0.813,2.000
-2.982,0.813,2.000
-2.985,0.801,2.000
-2.960,0.782,2.000
-2.970,0.772,2.000
-2.815,0.720,2.000
-2.782,0.700,2.000
-2.806,0.694,2.000
-2.794,0.680,2.000
-2.826,0.676,2.000
-2.980,0.700,2.000
-2.802,0.647,2.000
-2.790,0.632,2.000
-2.807,0.625,2.000
-2.787,0.609,2.000
-2.827,0.606,2.000
-2.836,0.596,2.000
-2.817,0.580,2.000
-2.819,0.569,2.000
-2.806,0.555,2.000
-2.831,0.549,2.000
-3.008,0.571,2.000
-3.024,0.562,2.000
-3.041,0.552,2.000
-2.832,0.503,2.000
-2.834,0.492,2.000
-2.835,0.481,2.000
-2.830,0.468,2.000
-3.030,0.489,2.000
-2.848,0.448,2.000
-2.835,0.435,2.000
-2.874,0.429,2.000
-2.846,0.414,2.000
-2.862,0.404,2.000
-3.026,0.415,2.000
-2.813,0.375,2.000
-2.852,0.369,2.000
-2.861,0.359,2.000
-2.988,0.363,2.000
-3.033,0.356,2.000
-3.049,0.346,2.000
-2.881,0.315,2.000
-2.875,0.303,2.000
-2.869,0.291,2.000
-2.900,0.283,2.000
-3.041,0.284,2.000
-2.834,0.254,2.000
-3.050,0.261,2.000
-2.874,0.235,2.000
-3.074,0.239,2.000
-3.031,0.224,2.000
-2.884,0.201,2.000
-2.870,0.189,2.000
-3.041,0.188,2.000
-3.071,0.178,2.000
-2.879,0.156,2.000
-2.887,0.145,2.000
-2.865,0.132,2.000
-2.881,0.122,2.000
-3.059,0.117,2.000
-3.154,0.108,2.000
-2.875,0.087,2.000
-2.882,0.076,2.000
-2.913,0.066,2.000
-2.928,0.055,2.000
-2.891,0.043,2.000
-2.988,0.032,2.000
-2.988,0.020,2.000
-3.156,0.009,2.000
-3.149,-0.003,2.000
-2.973,-0.015,2.000
-2.973,-0.026,2.000
-2.973,-0.038,2.000
-3.163,-0.053,2.000
-3.155,-0.065,2.000
-2.980,-0.073,2.000
-2.972,-0.085,2.000
-2.964,-0.096,2.000
-3.190,-0.116,2.000
-3.210,-0.129,2.000
-2.978,-0.132,2.000
-2.984,-0.144,2.000
-2.991,-0.156,2.000
-3.136,-0.176,2.000
-2.968,-0.178,2.000
-3.063,-0.196,2.000
-3.269,-0.222,2.000
-3.083,-0.221,2.000
-3.053,-0.231,2.000
-3.059,-0.244,2.000
-3.073,-0.257,2.000
-3.064,-0.269,2.000
-3.056,-0.280,2.000
-3.055,-0.292,2.000
-3.061,-0.305,2.000
-3.067,-0.317,2.000
-3.066,-0.329,2.000
-3.250,-0.362,2.000
-3.241,-0.374,2.000
-3.083,-0.368,2.000
-3.067,-0.378,2.000
-3.201,-0.408,2.000
-3.263,-0.429,2.000
-3.048,-0.413,2.000
-3.246,-0.452,2.000
-3.059,-0.439,2.000
-2.963,-0.437,2.000
-3.127,-0.473,2.000
-3.125,-0.486,2.000
-2.965,-0.473,2.000
-2.919,-0.477,2.000
-3.204,-0.537,2.000
-2.916,-0.500,2.000
-2.914,-0.512,2.000
-3.099,-0.557,2.000
-2.931,-0.538,2.000
-2.937,-0.551,2.000
-2.934,-0.563,2.000
-2.918,-0.572,2.000
-2.908,-0.582,2.000
-2.920,-0.596,2.000
-2.932,-0.610,2.000
-2.916,-0.619,2.000
-3.091,-0.669,2.000
-2.903,-0.640,2.000
-2.922,-0.656,2.000
-3.076,-0.704,2.000
-2.903,-0.676,2.000
-3.071,-0.728,2.000
-3.227,-0.778,2.000
-2.916,-0.715,2.000
-2.899,-0.723,2.000
-3.052,-0.774,2.000
-2.886,-0.744,2.000
-2.862,-0.750,2.000
-2.866,-0.763,2.000
-3.081,-0.833,2.000
-2.853,-0.783,2.000
-2.864,-0.799,2.000
-2.853,-0.808,2.000
-3.047,-0.876,2.000
-2.854,-0.832,2.000
-2.858,-0.846,2.000
-2.819,-0.846,2.000
-2.858,-0.870,2.000
-2.819,-0.871,2.000
-3.012,-0.943,2.000
-2.883,-0.915,2.000
-2.844,-0.915,2.000
-3.041,-0.992,2.000
-3.105,-1.026,2.000
-2.819,-0.944,2.000
-2.927,-0.993,2.000
-2.847,-0.978,2.000
-2.919,-1.016,2.000
-2.915,-1.027,2.000
-2.925,-1.043,2.000
-2.900,-1.047,2.000
-3.051,-1.116,2.000
-2.885,-1.068,2.000
-2.908,-1.089,2.000
-3.051,-1.156,2.000
-3.040,-1.166,2.000
-2.875,-1.115,2.000
-2.877,-1.129,2.000
-3.039,-1.207,2.000
-2.868,-1.152,2.000
-2.775,-1.127,2.000
-2.750,-1.130,2.000
-2.841,-1.180,2.000
-2.802,-1.177,2.000
-2.791,-1.185,2.000
-2.739,-1.176,2.000
-2.802,-1.216,2.000
-2.877,-1.262,2.000
-2.878,-1.276,2.000
-2.747,-1.231,2.000
-2.722,-1.232,2.000
-2.889,-1.322,2.000
-2.726,-1.260,2.000
-2.694,-1.258,2.000
-2.861,-1.350,2.000
-2.862,-1.364,2.000
-2.685,-1.293,2.000
-2.694,-1.310,2.000
-2.845,-1.398,2.000
-2.663,-1.321,2.000
-2.652,-1.328,2.000
-2.692,-1.362,2.000
-2.654,-1.356,2.000
-2.805,-1.447,2.000
-2.624,-1.366,2.000
-2.651,-1.394,2.000
-2.762,-1.466,2.000
-2.788,-1.494,2.000
-2.661,-1.439,2.000
-2.661,-1.453,2.000
-2.851,-1.571,2.000
-2.733,-1.520,2.000
-2.689,-1.509,2.000
-2.695,-1.527,2.000
-2.832,-1.620,2.000
-2.832,-1.634,2.000
-2.665,-1.551,2.000
-2.658,-1.562,2.000
-2.807,-1.664,2.000
-2.812,-1.682,2.000
-2.640,-1.593,2.000
-2.787,-1.697,2.000
-2.634,-1.618,2.000
-2.640,-1.636,2.000
-2.608,-1.630,2.000
-2.837,-1.789,2.000
-2.632,-1.674,2.000
-2.613,-1.677,2.000
-2.691,-1.742,2.000
-2.594,-1.693,2.000
-2.654,-1.747,2.000
-2.653,-1.762,2.000
-2.640,-1.768,2.000
-2.585,-1.746,2.000
-2.755,-1.876,2.000
-2.753,-1.891,2.000
-2.630,-1.821,2.000
-2.522,-1.761,2.000
-2.609,-1.838,2.000
-2.590,-1.840,2.000
-2.716,-1.945,2.000
-2.535,-1.831,2.000
-2.569,-1.870,2.000
-2.698,-1.981,2.000
-2.651,-1.962,2.000
-2.546,-1.900,2.000
-2.533,-1.906,2.000
-2.531,-1.920,2.000
-2.670,-2.042,2.000
-2.436,-1.878,2.000
-2.520,-1.959,2.000
-2.512,-1.969,2.000
-2.637,-2.084,2.000
-2.491,-1.984,2.000
-2.472,-1.985,2.000
-2.475,-2.003,2.000
-2.479,-2.022,2.000
-2.432,-2.000,2.000
-2.457,-2.037,2.000
-2.579,-2.155,2.000
-2.397,-2.019,2.000
-2.498,-2.121,2.000
-2.425,-2.075,2.000
-2.545,-2.195,2.000
-2.338,-2.033,2.000
-2.313,-2.028,2.000
-2.387,-2.108,2.000
-2.505,-2.231,2.000
-2.365,-2.122,2.000
-2.372,-2.146,2.000
-2.353,-2.146,2.000
-2.329,-2.140,2.000
-2.331,-2.159,2.000
-2.452,-2.289,2.000
-2.309,-2.173,2.000
-2.444,-2.318,2.000
-2.317,-2.215,2.000
-2.288,-2.205,2.000
-2.416,-2.346,2.000
-2.276,-2.227,2.000
-2.303,-2.271,2.000
-2.369,-2.355,2.000
-2.359,-2.364,2.000
-2.236,-2.258,2.000
-2.206,-2.246,2.000
-2.341,-2.402,2.000
-2.219,-2.294,2.000
-2.337,-2.435,2.000
-2.191,-2.301,2.000
-2.187,-2.315,2.000
-2.303,-2.458,2.000
-2.284,-2.456,2.000
-2.164,-2.346,2.000
-2.150,-2.349,2.000
-2.273,-2.504,2.000
-2.127,-2.361,2.000
-2.122,-2.374,2.000
-2.113,-2.383,2.000
-2.108,-2.396,2.000
-2.085,-2.388,2.000
-2.200,-2.541,2.000
-2.195,-2.555,2.000
-2.061,-2.418,2.000
-2.183,-2.582,2.000
-2.160,-2.575,2.000
-2.041,-2.453,2.000
-2.023,-2.450,2.000
-2.018,-2.464,2.000
-2.008,-2.472,2.000
-1.998,-2.480,2.000
-2.006,-2.510,2.000
-2.080,-2.623,2.000
-1.947,-2.475,2.000
-1.941,-2.488,2.000
-2.049,-2.647,2.000
-1.939,-2.526,2.000
-1.916,-2.516,2.000
-1.911,-2.530,2.000
-2.023,-2.701,2.000
-1.904,-2.562,2.000
-1.885,-2.558,2.000
-1.875,-2.565,2.000
-1.882,-2.596,2.000
-1.863,-2.591,2.000
-1.840,-2.581,2.000
-1.843,-2.606,2.000
-1.930,-2.752,2.000
-1.822,-2.620,2.000
-1.804,-2.616,2.000
-1.877,-2.746,2.000
-1.787,-2.636,2.000
-1.773,-2.637,2.000
-1.868,-2.802,2.000
-1.876,-2.839,2.000
-1.726,-2.633,2.000
-1.805,-2.777,2.000
-1.713,-2.659,2.000
-1.718,-2.690,2.000
-1.783,-2.816,2.000
-1.746,-2.781,2.000
-1.625,-2.612,2.000
-1.615,-2.618,2.000
-1.683,-2.754,2.000
-1.695,-2.797,2.000
-1.595,-2.656,2.000
-1.577,-2.649,2.000
-1.701,-2.883,2.000
-1.661,-2.841,2.000
-1.564,-2.699,2.000
-1.535,-2.674,2.000
-1.621,-2.848,2.000
-1.606,-2.848,2.000
-1.507,-2.698,2.000
-1.486,-2.685,2.000
-1.565,-2.855,2.000
-1.554,-2.861,2.000
-1.458,-2.709,2.000
-1.454,-2.727,2.000
-1.440,-2.726,2.000
-1.436,-2.745,2.000
-1.418,-2.738,2.000
-1.398,-2.724,2.000
-1.475,-2.902,2.000
-1.470,-2.921,2.000
-1.352,-2.714,2.000
-1.368,-2.772,2.000
-1.417,-2.900,2.000
-1.393,-2.880,2.000
-1.325,-2.768,2.000
-1.318,-2.780,2.000
-1.383,-2.947,2.000
-1.296,-2.790,2.000
-1.285,-2.795,2.000
-1.265,-2.780,2.000
-1.331,-2.956,2.000
-1.328,-2.980,2.000
-1.205,-2.734,2.000
-1.189,-2.725,2.000
-1.270,-2.944,2.000
-1.182,-2.768,2.000
-1.208,-2.861,2.000
-1.188,-2.845,2.000
-1.253,-3.035,2.000
-1.113,-2.725,2.000
-1.110,-2.750,2.000
-1.063,-2.664,2.000
-1.100,-2.786,2.000
-1.113,-2.852,2.000
-1.067,-2.767,2.000
-1.077,-2.826,2.000
-1.053,-2.796,2.000
-1.037,-2.786,2.000
-1.036,-2.818,2.000
-1.018,-2.801,2.000
-1.039,-2.895,2.000
-1.054,-2.975,2.000
-0.977,-2.792,2.000
-0.964,-2.789,2.000
-0.998,-2.925,2.000
-1.005,-2.984,2.000
-0.973,-2.926,2.000
-0.952,-2.902,2.000
-0.985,-3.043,2.000
-0.938,-2.937,2.000
-0.983,-3.119,2.000
-0.917,-2.951,2.000
-0.903,-2.948,2.000
-0.890,-2.945,2.000
-0.882,-2.962,2.000
-0.869,-2.958,2.000
-0.909,-3.141,2.000
-0.849,-2.979,2.000
-0.836,-2.975,2.000
-0.791,-2.858,2.000
-0.828,-3.038,2.000
-0.770,-2.872,2.000
-0.757,-2.867,2.000
-0.755,-2.906,2.000
-0.734,-2.873,2.000
-0.727,-2.891,2.000
-0.722,-2.922,2.000
-0.761,-3.129,2.000
-0.700,-2.928,2.000
-0.681,-2.902,2.000
-0.670,-2.904,2.000
-0.655,-2.892,2.000
-0.644,-2.895,2.000
-0.636,-2.912,2.000
-0.619,-2.893,2.000
-0.679,-3.234,2.000
-0.598,-2.905,2.000
-0.591,-2.929,2.000
-0.580,-2.931,2.000
-0.560,-2.890,2.000
-0.553,-2.914,2.000
-0.544,-2.930,2.000
-0.535,-2.947,2.000
-0.521,-2.935,2.000
-0.499,-2.878,2.000
-0.496,-2.931,2.000
-0.517,-3.128,2.000
-0.501,-3.108,2.000
-0.463,-2.944,2.000
-0.451,-2.946,2.000
-0.467,-3.128,2.000
-0.454,-3.123,2.000
-0.416,-2.944,2.000
-0.405,-2.953,2.000
-0.418,-3.135,2.000
-0.420,-3.250,2.000
-0.368,-2.935,2.000
-0.356,-2.937,2.000
-0.345,-2.938,2.000
-0.353,-3.114,2.000
-0.344,-3.144,2.000
-0.314,-2.979,2.000
-0.299,-2.951,2.000
-0.288,-2.959,2.000
-0.279,-2.982,2.000
-0.281,-3.143,2.000
-0.253,-2.955,2.000
-0.253,-3.102,2.000
-0.228,-2.942,2.000
-0.219,-2.972,2.000
-0.211,-3.032,2.000
-0.195,-2.967,2.000
-0.183,-2.960,2.000
-0.173,-2.990,2.000
-0.166,-3.079,2.000
-0.148,-2.955,2.000
-0.142,-3.087,2.000
-0.125,-2.963,2.000
-0.117,-3.067,2.000
-0.102,-2.986,2.000
-0.098,-3.247,2.000
-0.087,-3.283,2.000
-0.070,-3.097,2.000
-0.057,-3.068,2.000
-0.048,-3.262,2.000
-0.035,-3.277,2.000
-0.021,-3.047,2.000
-0.009,-3.076,2.000
0.004,-3.242,2.000
0.016,-3.098,2.000
0.029,-3.284,2.000
0.040,-3.076,2.000
0.055,-3.269,2.000
0.070,-3.374,2.000
0.076,-3.090,2.000
0.088,-3.075,2.000
0.100,-3.067,2.000
0.119,-3.268,2.000
0.129,-3.203,2.000
0.137,-3.080,2.000
0.148,-3.072,2.000
0.162,-3.108,2.000
0.184,-3.279,2.000
0.184,-3.063,2.000
0.214,-3.347,2.000
0.228,-3.353,2.000
0.241,-3.352,2.000
0.241,-3.183,2.000
0.253,-3.174,2.000
0.263,-3.138,2.000
0.292,-3.334,2.000
0.306,-3.340,2.000
0.302,-3.156,2.000
0.318,-3.190,2.000
0.326,-3.146,2.000
0.341,-3.166,2.000
0.369,-3.306,2.000
0.365,-3.156,2.000
0.376,-3.148,2.000
0.414,-3.349,2.000
0.402,-3.152,2.000
0.414,-3.150,2.000
0.449,-3.317,2.000
0.462,-3.315,2.000
0.453,-3.159,2.000
0.466,-3.158,2.000
0.475,-3.134,2.000
0.488,-3.140,2.000
0.501,-3.138,2.000
0.513,-3.136,2.000
0.555,-3.315,2.000
0.566,-3.299,2.000
0.552,-3.144,2.000
0.563,-3.134,2.000
0.607,-3.306,2.000
0.619,-3.296,2.000
0.599,-3.120,2.000
0.611,-3.118,2.000
0.625,-3.123,2.000
0.636,-3.113,2.000
0.649,-3.118,2.000
0.694,-3.267,2.000
0.672,-3.105,2.000
0.684,-3.103,2.000
0.698,-3.107,2.000
0.704,-3.076,2.000
0.719,-3.087,2.000
0.735,-3.099,2.000
0.787,-3.260,2.000
0.756,-3.079,2.000
0.764,-3.062,2.000
0.783,-3.087,2.000
0.792,-3.070,2.000
0.806,-3.073,2.000
0.818,-3.070,2.000
0.832,-3.074,2.000
0.842,-3.064,2.000
0.854,-3.060,2.000
0.920,-3.247,2.000
0.882,-3.067,2.000
0.890,-3.050,2.000
0.906,-3.060,2.000
0.973,-3.239,2.000
0.973,-3.195,2.000
0.988,-3.198,2.000
0.950,-3.032,2.000
0.961,-3.028,2.000
0.971,-3.018,2.000
0.985,-3.021,2.000
0.995,-3.010,2.000
1.009,-3.013,2.000
1.073,-3.163,2.000
1.030,-2.998,2.000
1.037,-2.980,2.000
1.122,-3.183,2.000
1.127,-3.159,2.000
1.084,-3.002,2.000
1.094,-2.991,2.000
1.106,-2.986,2.000
1.112,-2.969,2.000
1.231,-3.246,2.000
1.176,-3.066,2.000
1.173,-3.022,2.000
1.164,-2.964,2.000
1.261,-3.175,2.000
1.286,-3.202,2.000
1.226,-3.016,2.000
1.232,-2.998,2.000
1.329,-3.199,2.000
1.384,-3.294,2.000
1.281,-3.016,2.000
1.370,-3.190,2.000
1.382,-3.184,2.000
1.314,-2.994,2.000
1.404,-3.167,2.000
1.414,-3.155,2.000
1.401,-3.093,2.000
1.413,-3.088,2.000
1.369,-2.962,2.000
1.390,-2.975,2.000
1.473,-3.121,2.000
1.488,-3.121,2.000
1.425,-2.959,2.000
1.440,-2.959,2.000
1.457,-2.966,2.000
1.546,-3.116,2.000
1.546,-3.085,2.000
1.435,-2.835,2.000
1.501,-2.937,2.000
1.457,-2.824,2.000
1.491,-2.862,2.000
1.558,-2.962,2.000
1.685,-3.173,2.000
1.504,-2.807,2.000
1.526,-2.820,2.000
1.621,-2.968,2.000
1.537,-2.789,2.000
1.548,-2.783,2.000
1.649,-2.937,2.000
1.711,-3.020,2.000
1.599,-2.795,2.000
1.577,-2.733,2.000
1.606,-2.758,2.000
1.555,-2.646,2.000
1.631,-2.752,2.000
1.587,-2.652,2.000
1.690,-2.799,2.000
1.604,-2.633,2.000
1.704,-2.774,2.000
1.723,-2.779,2.000
1.631,-2.608,2.000
1.645,-2.608,2.000
1.659,-2.608,2.000
1.657,-2.583,2.000
1.675,-2.588,2.000
1.662,-2.545,2.000
1.635,-2.483,2.000
1.628,-2.452,2.000
1.667,-2.489,2.000
1.668,-2.470,2.000
1.699,-2.494,2.000
1.684,-2.450,2.000
1.797,-2.594,2.000
1.811,-2.593,2.000
1.725,-2.449,2.000
1.735,-2.442,2.000
1.829,-2.554,2.000
1.844,-2.552,2.000
1.755,-2.409,2.000
1.742,-2.372,2.000
1.769,-2.389,2.000
1.752,-2.347,2.000
1.792,-2.381,2.000
1.824,-2.404,2.000
1.930,-2.524,2.000
1.802,-2.337,2.000
1.834,-2.359,2.000
1.834,-2.340,2.000
1.852,-2.344,2.000
1.862,-2.337,2.000
1.875,-2.335,2.000
1.885,-2.328,2.000
1.889,-2.315,2.000
1.889,-2.296,2.000
2.005,-2.418,2.000
2.024,-2.421,2.000
1.916,-2.274,2.000
2.047,-2.411,2.000
1.919,-2.242,2.000
1.962,-2.273,2.000
1.941,-2.232,2.000
1.979,-2.258,2.000
1.969,-2.228,2.000
1.987,-2.231,2.000
2.001,-2.229,2.000
2.113,-2.335,2.000
1.998,-2.191,2.000
2.017,-2.194,2.000
2.021,-2.181,2.000
2.149,-2.301,2.000
2.048,-2.176,2.000
2.026,-2.135,2.000
2.060,-2.154,2.000
2.068,-2.146,2.000
2.077,-2.138,2.000
2.064,-2.109,2.000
2.067,-2.095,2.000
2.112,-2.124,2.000
2.110,-2.105,2.000
2.243,-2.220,2.000
2.121,-2.083,2.000
2.145,-2.090,2.000
2.143,-2.072,2.000
2.140,-2.053,2.000
2.143,-2.039,2.000
2.167,-2.046,2.000
2.121,-1.987,2.000
2.183,-2.029,2.000
2.180,-2.011,2.000
2.122,-1.941,2.000
2.229,-2.023,2.000
2.137,-1.925,2.000
2.217,-1.981,2.000
2.141,-1.898,2.000
2.154,-1.894,2.000
2.312,-2.018,2.000
2.191,-1.897,2.000
2.182,-1.874,2.000
2.189,-1.865,2.000
2.190,-1.852,2.000
2.221,-1.862,2.000
2.205,-1.834,2.000
2.230,-1.840,2.000
2.335,-1.912,2.000
2.388,-1.939,2.000
2.239,-1.804,2.000
2.380,-1.902,2.000
2.399,-1.902,2.000
2.260,-1.778,2.000
2.414,-1.883,2.000
2.268,-1.755,2.000
2.269,-1.742,2.000
2.294,-1.747,2.000
2.277,-1.719,2.000
2.468,-1.848,2.000
2.422,-1.799,2.000
2.291,-1.688,2.000
2.316,-1.692,2.000
2.329,-1.688,2.000
2.323,-1.670,2.000
2.481,-1.769,2.000
2.336,-1.651,2.000
2.507,-1.757,2.000
2.435,-1.693,2.000
2.368,-1.632,2.000
2.293,-1.567,2.000
2.467,-1.672,2.000
2.305,-1.549,2.000
2.317,-1.544,2.000
2.310,-1.527,2.000
2.462,-1.613,2.000
2.335,-1.517,2.000
2.322,-1.495,2.000
2.506,-1.600,2.000
2.340,-1.481,2.000
2.346,-1.472,2.000
2.506,-1.559,2.000
2.537,-1.564,2.000
2.363,-1.444,2.000
2.388,-1.447,2.000
2.387,-1.434,2.000
2.347,-1.397,2.000
2.352,-1.387,2.000
2.547,-1.489,2.000
2.410,-1.396,2.000
2.415,-1.386,2.000
2.578,-1.466,2.000
2.596,-1.464,2.000
2.589,-1.446,2.000
2.423,-1.341,2.000
2.469,-1.353,2.000
2.460,-1.336,2.000
2.625,-1.412,2.000
2.611,-1.391,2.000
2.463,-1.300,2.000
2.468,-1.291,2.000
2.452,-1.270,2.000
2.652,-1.360,2.000
2.510,-1.275,2.000
2.501,-1.258,2.000
2.668,-1.329,2.000
2.653,-1.309,2.000
2.502,-1.222,2.000
2.507,-1.212,2.000
2.484,-1.189,2.000
2.537,-1.202,2.000
2.493,-1.170,2.000
2.512,-1.166,2.000
2.688,-1.235,2.000
2.528,-1.150,2.000
2.518,-1.134,2.000
2.523,-1.124,2.000
2.520,-1.111,2.000
2.532,-1.104,2.000
2.550,-1.100,2.000
2.714,-1.158,2.000
2.537,-1.071,2.000
2.549,-1.064,2.000
2.496,-1.030,2.000
2.550,-1.041,2.000
2.660,-1.074,2.000
2.747,-1.097,2.000
2.555,-1.008,2.000
2.580,-1.006,2.000
2.753,-1.061,2.000
2.595,-0.989,2.000
2.691,-1.013,2.000
2.509,-0.933,2.000
2.468,-0.907,2.000
2.494,-0.906,2.000
2.812,-1.009,2.000
2.523,-0.894,2.000
2.607,-0.912,2.000
2.697,-0.932,2.000
2.533,-0.864,2.000
2.559,-0.862,2.000
2.540,-0.844,2.000
2.711,-0.889,2.000
2.532,-0.819,2.000
2.513,-0.802,2.000
2.546,-0.802,2.000
2.526,-0.785,2.000
2.742,-0.840,2.000
2.532,-0.765,2.000
2.595,-0.773,2.000
2.523,-0.741,2.000
2.556,-0.739,2.000
2.544,-0.725,2.000
2.570,-0.721,2.000
2.580,-0.713,2.000
2.768,-0.754,2.000
2.548,-0.683,2.000
2.573,-0.679,2.000
2.576,-0.669,2.000
2.601,-0.665,2.000
2.588,-0.651,2.000
2.583,-0.638,2.000
2.676,-0.650,2.000
2.863,-0.684,2.000
2.606,-0.612,2.000
2.601,-0.600,2.000
2.885,-0.653,2.000
2.673,-0.594,2.000
2.676,-0.584,2.000
2.686,-0.575,2.000
2.710,-0.569,2.000
2.883,-0.593,2.000
2.914,-0.588,2.000
2.717,-0.537,2.000
2.719,-0.526,2.000
2.957,-0.561,2.000
2.730,-0.506,2.000
2.755,-0.500,2.000
2.727,-0.484,2.000
2.683,-0.465,2.000
2.746,-0.465,2.000
2.755,-0.455,2.000
2.711,-0.437,2.000
2.930,-0.460,2.000
2.753,-0.422,2.000
2.724,-0.406,2.000
2.695,-0.391,2.000
2.907,-0.410,2.000
2.736,-0.375,2.000
2.925,-0.389,2.000
2.934,-0.379,2.000
2.748,-0.344,2.000
2.765,-0.335,2.000
2.735,-0.320,2.000
3.042,-0.344,2.000
2.669,-0.291,2.000
2.685,-0.283,2.000
2.793,-0.283,2.000
2.840,-0.276,2.000
2.968,-0.277,2.000
2.857,-0.255,2.000
2.667,-0.228,2.000
2.629,-0.214,2.000
2.669,-0.207,2.000
2.876,-0.212,2.000
2.655,-0.185,2.000
2.870,-0.188,2.000
2.672,-0.165,2.000
2.696,-0.156,2.000
2.657,-0.143,2.000
2.712,-0.135,2.000
2.658,-0.122,2.000
2.985,-0.125,2.000
2.667,-0.102,2.000
2.737,-0.094,2.000
2.660,-0.080,2.000
2.668,-0.070,2.000
2.653,-0.059,2.000
2.558,-0.047,2.000
2.754,-0.040,2.000
2.567,-0.027,2.000
2.823,-0.019,2.000
2.559,-0.007,2.000
2.715,0.003,2.500
2.800,0.014,2.500
2.808,0.025,2.500
2.769,0.036,2.500
2.784,0.047,2.500
2.769,0.058,2.500
2.980,0.074,2.500
2.987,0.086,2.500
2.768,0.090,2.500
2.790,0.102,2.500
2.813,0.114,2.500
2.767,0.123,2.500
2.666,0.129,2.500
2.947,0.154,2.500
2.649,0.149,2.500
2.757,0.166,2.500
2.945,0.189,2.500
2.824,0.192,2.500
2.770,0.199,2.500
2.653,0.202,2.500
2.645,0.211,2.500
2.721,0.228,2.500
2.857,0.251,2.500
2.627,0.241,2.500
2.665,0.255,2.500
2.663,0.266,2.500
2.853,0.296,2.500
2.844,0.306,2.500
2.652,0.296,2.500
2.659,0.307,2.500
2.619,0.313,2.500
2.626,0.324,2.500
2.830,0.361,2.500
2.631,0.346,2.500
2.652,0.360,2.500
2.666,0.372,2.500
2.650,0.380,2.500
2.648,0.391,2.500
2.646,0.401,2.500
2.629,0.409,2.500
2.666,0.426,2.500
2.649,0.434,2.500
2.594,0.435,2.500
2.630,0.452,2.500
2.914,0.512,2.500
2.619,0.471,2.500
2.633,0.484,2.500
2.608,0.490,2.500
2.765,0.531,2.500
2.634,0.517,2.500
2.617,0.524,2.500
2.607,0.533,2.500
2.778,0.579,2.500
2.618,0.556,2.500
2.811,0.609,2.500
2.779,0.613,2.500
2.612,0.587,2.500
2.609,0.597,2.500
2.554,0.595,2.500
2.627,0.623,2.500
2.572,0.621,2.500
2.592,0.636,2.500
2.694,0.673,2.500
2.457,0.624,2.500
2.777,0.717,2.500
2.774,0.728,2.500
2.579,0.687,2.500
2.576,0.697,2.500
2.707,0.744,2.500
2.556,0.713,2.500
2.716,0.770,2.500
2.742,0.789,2.500
2.433,0.710,2.500
2.461,0.729,2.500
2.754,0.827,2.500
2.751,0.838,2.500
2.483,0.767,2.500
2.532,0.793,2.500
2.632,0.836,2.500
2.607,0.839,2.500
2.418,0.789,2.500
2.407,0.796,2.500
2.590,0.867,2.500
2.505,0.850,2.500
2.619,0.900,2.500
2.417,0.841,2.500
2.436,0.859,2.500
2.440,0.871,2.500
2.495,0.902,2.500
2.477,0.906,2.500
2.414,0.894,2.500
2.455,0.920,2.500
2.393,0.907,2.500
2.389,0.917,2.500
2.582,1.002,2.500
2.455,0.964,2.500
2.429,0.965,2.500
2.591,1.041,2.500
2.371,0.964,2.500
2.381,0.979,2.500
2.564,1.066,2.500
2.532,1.064,2.500
2.355,1.001,2.500
2.329,1.000,2.500
2.554,1.109,2.500
2.321,1.019,2.500
2.346,1.041,2.500
2.320,1.040,2.500
2.316,1.049,2.500
2.319,1.062,2.500
2.493,1.153,2.500
2.325,1.087,2.500
2.292,1.082,2.500
2.288,1.091,2.500
2.277,1.097,2.500
2.322,1.130,2.500
2.608,1.282,2.500
2.299,1.141,2.500
2.266,1.136,2.500
2.478,1.254,2.500
2.279,1.164,2.500
2.267,1.170,2.500
2.449,1.276,2.500
2.437,1.282,2.500
2.260,1.200,2.500
2.262,1.213,2.500
2.456,1.329,2.500
2.530,1.382,2.500
2.227,1.228,2.500
2.229,1.240,2.500
2.381,1.337,2.500
2.416,1.369,2.500
2.249,1.286,2.500
2.189,1.263,2.500
2.211,1.288,2.500
2.199,1.293,2.500
2.221,1.317,2.500
2.203,1.318,2.500
2.177,1.314,2.500
2.179,1.327,2.500
2.167,1.331,2.500
2.141,1.327,2.500
2.163,1.353,2.500
2.178,1.374,2.500
2.172,1.382,2.500
2.127,1.365,2.500
2.312,1.497,2.500
2.312,1.510,2.500
2.144,1.412,2.500
2.131,1.416,2.500
2.126,1.424,2.500
2.282,1.542,2.500
2.115,1.441,2.500
2.109,1.449,2.500
1.991,1.380,2.500
2.012,1.406,2.500
2.111,1.488,2.500
2.079,1.477,2.500
2.157,1.545,2.500
1.977,1.428,2.500
2.126,1.548,2.500
1.972,1.448,2.500
1.947,1.442,2.500
1.954,1.459,2.500
2.114,1.591,2.500
1.975,1.499,2.500
1.950,1.492,2.500
2.144,1.654,2.500
2.088,1.624,2.500
1.913,1.500,2.500
2.063,1.631,2.500
1.907,1.520,2.500
2.044,1.642,2.500
2.068,1.674,2.500
1.883,1.537,2.500
1.890,1.554,2.500
2.042,1.694,2.500
2.030,1.697,2.500
1.840,1.551,2.500
1.877,1.594,2.500
1.992,1.705,2.500
2.172,1.874,2.500
1.852,1.611,2.500
1.822,1.597,2.500
1.965,1.736,2.500
1.809,1.611,2.500
1.963,1.762,2.500
1.985,1.796,2.500
1.784,1.627,2.500
1.783,1.640,2.500
1.946,1.803,2.500
1.945,1.816,2.500
1.788,1.683,2.500
1.769,1.678,2.500
1.974,1.887,2.500
1.922,1.852,2.500
1.755,1.705,2.500
1.907,1.867,2.500
1.736,1.713,2.500
1.865,1.854,2.500
1.874,1.878,2.500
1.699,1.716,2.500
1.832,1.865,2.500
1.857,1.906,2.500
1.806,1.868,2.500
1.683,1.754,2.500
1.676,1.761,2.500
1.811,1.918,2.500
1.667,1.780,2.500
1.660,1.786,2.500
1.659,1.799,2.500
1.802,1.969,2.500
1.639,1.806,2.500
1.627,1.806,2.500
1.763,1.973,2.500
1.750,1.974,2.500
1.605,1.825,2.500
1.734,1.987,2.500
1.617,1.868,2.500
1.584,1.844,2.500
1.577,1.850,2.500
1.708,2.020,2.500
1.572,1.875,2.500
1.687,2.028,2.500
1.563,1.893,2.500
1.519,1.856,2.500
1.668,2.053,2.500
1.535,1.905,2.500
1.657,2.073,2.500
1.510,1.905,2.500
1.631,2.073,2.500
1.708,2.189,2.500
1.488,1.922,2.500
1.505,1.960,2.500
1.598,2.099,2.500
1.618,2.142,2.500
1.462,1.952,2.500
1.747,2.351,2.500
1.456,1.976,2.500
1.444,1.975,2.500
1.557,2.148,2.500
1.540,2.142,2.500
1.416,1.986,2.500
1.422,2.011,2.500
1.546,2.204,2.500
1.519,2.185,2.500
1.380,2.001,2.500
1.404,2.053,2.500
1.485,2.190,2.500
1.374,2.044,2.500
1.463,2.195,2.500
1.446,2.187,2.500
1.350,2.060,2.500
1.320,2.031,2.500
1.343,2.084,2.500
1.428,2.236,2.500
1.305,2.060,2.500
1.292,2.059,2.500
1.288,2.071,2.500
1.372,2.225,2.500
1.276,2.088,2.500
1.260,2.079,2.500
1.247,2.077,2.500
1.353,2.273,2.500
1.227,2.080,2.500
1.255,2.147,2.500
1.215,2.096,2.500
1.302,2.267,2.500
1.304,2.292,2.500
1.202,2.131,2.500
1.189,2.129,2.500
1.277,2.308,2.500
1.192,2.174,2.500
1.172,2.157,2.500
1.164,2.162,2.500
1.223,2.293,2.500
1.131,2.142,2.500
1.123,2.147,2.500
1.129,2.180,2.500
1.114,2.170,2.500
1.184,2.330,2.500
1.179,2.342,2.500
1.088,2.183,2.500
1.079,2.187,2.500
1.165,2.384,2.500
1.111,2.296,2.500
1.053,2.199,2.500
1.045,2.204,2.500
1.134,2.416,2.500
1.121,2.413,2.500
1.015,2.208,2.500
1.023,2.249,2.500
1.089,2.419,2.500
0.966,2.168,2.500
0.984,2.231,2.500
0.978,2.243,2.500
0.966,2.239,2.500
0.945,2.213,2.500
0.955,2.262,2.500
0.943,2.258,2.500
0.912,2.209,2.500
0.910,2.228,2.500
0.910,2.254,2.500
0.910,2.280,2.500
0.896,2.268,2.500
0.890,2.279,2.500
0.889,2.305,2.500
0.869,2.279,2.500
0.860,2.282,2.500
0.848,2.278,2.500
0.842,2.289,2.500
0.893,2.457,2.500
0.843,2.348,2.500
0.847,2.389,2.500
0.806,2.302,2.500
0.852,2.463,2.500
0.855,2.504,2.500
0.882,2.617,2.500
0.780,2.345,2.500
0.773,2.355,2.500
0.779,2.404,2.500
0.745,2.331,2.500
0.772,2.448,2.500
0.748,2.405,2.500
0.787,2.567,2.500
0.788,2.607,2.500
0.706,2.368,2.500
0.715,2.432,2.500
0.707,2.443,2.500
0.667,2.337,2.500
0.690,2.456,2.500
0.687,2.481,2.500
0.673,2.469,2.500
0.659,2.456,2.500
0.654,2.474,2.500
0.610,2.345,2.500
0.636,2.487,2.500
0.624,2.482,2.500
0.611,2.469,2.500
0.655,2.691,2.500
0.593,2.481,2.500
0.576,2.452,2.500
0.680,2.947,2.500
0.614,2.708,2.500
0.554,2.490,2.500
0.543,2.484,2.500
0.579,2.700,2.500
0.567,2.695,2.500
0.517,2.506,2.500
0.508,2.516,2.500
0.492,2.487,2.500
0.521,2.689,2.500
0.483,2.545,2.500
0.470,2.531,2.500
0.448,2.463,2.500
0.452,2.543,2.500
0.432,2.490,2.500
0.425,2.507,2.500
0.417,2.517,2.500
0.411,2.542,2.500
0.399,2.536,2.500
0.424,2.760,2.500
0.419,2.807,2.500
0.368,2.532,2.500
0.355,2.510,2.500
0.393,2.857,2.500
0.381,2.858,2.500
0.341,2.631,2.500
0.331,2.640,2.500
0.323,2.657,2.500
0.336,2.864,2.500
0.300,2.644,2.500
0.288,2.630,2.500
0.279,2.646,2.500
0.269,2.647,2.500
0.259,2.649,2.500
0.249,2.657,2.500
0.238,2.658,2.500
0.257,2.992,2.500
0.225,2.753,2.500
0.221,2.837,2.500
0.201,2.724,2.500
0.193,2.755,2.500
0.187,2.832,2.500
0.173,2.779,2.500
0.160,2.757,2.500
0.150,2.773,2.500
0.139,2.774,2.500
0.129,2.789,2.500
0.117,2.767,2.500
0.114,2.971,2.500
0.095,2.760,2.500
0.084,2.730,2.500
0.074,2.768,2.500
0.067,2.957,2.500
0.056,2.958,2.500
0.041,2.761,2.500
0.031,2.785,2.500
0.020,2.777,2.500
0.009,2.769,2.500
-0.002,2.777,2.500
-0.014,2.958,2.500
-0.023,2.669,2.500
-0.034,2.731,2.500
-0.047,2.860,2.500
-0.059,2.905,2.500
-0.065,2.676,2.500
-0.075,2.668,2.500
-0.092,2.852,2.500
-0.097,2.675,2.500
-0.117,2.926,2.500
-0.121,2.751,2.500
-0.128,2.666,2.500
-0.137,2.650,2.500
-0.158,2.834,2.500
-0.180,3.005,2.500
-0.172,2.702,2.500
-0.180,2.655,2.500
-0.204,2.846,2.500
-0.202,2.669,2.500
-0.212,2.668,2.500
-0.240,2.873,2.500
-0.234,2.674,2.500
-0.241,2.642,2.500
-0.285,2.989,2.500
-0.292,2.944,2.500
-0.285,2.762,2.500
-0.284,2.646,2.500
-0.305,2.745,2.500
-0.315,2.736,2.500
-0.320,2.689,2.500
-0.361,2.936,2.500
-0.351,2.762,2.500
-0.359,2.738,2.500
-0.399,2.954,2.500
-0.385,2.766,2.500
-0.416,2.906,2.500
-0.435,2.956,2.500
-0.414,2.738,2.500
-0.427,2.752,2.500
-0.474,2.980,2.500
-0.468,2.868,2.500
-0.455,2.724,2.500
-0.501,2.923,2.500
-0.477,2.720,2.500
-0.485,2.703,2.500
-0.501,2.732,2.500
-0.546,2.915,2.500
-0.522,2.727,2.500
-0.533,2.725,2.500
-0.545,2.731,2.500
-0.589,2.891,2.500
-0.562,2.704,2.500
-0.615,2.901,2.500
-0.590,2.729,2.500
-0.595,2.705,2.500
-0.647,2.886,2.500
-0.659,2.884,2.500
-0.626,2.690,2.500
-0.640,2.702,2.500
-0.652,2.707,2.500
-0.659,2.690,2.500
-0.662,2.657,2.500
-0.676,2.670,2.500
-0.696,2.704,2.500
-0.701,2.679,2.500
-0.710,2.669,2.500
-0.771,2.856,2.500
-0.796,2.903,2.500
-0.739,2.653,2.500
-0.872,3.085,2.500
-0.820,2.858,2.500
-0.770,2.644,2.500
-0.781,2.641,2.500
-0.852,2.841,2.500
-0.806,2.650,2.500
-0.814,2.639,2.500
-0.889,2.845,2.500
-0.835,2.633,2.500
-0.845,2.629,2.500
-0.914,2.806,2.500
-0.868,2.630,2.500
-0.888,2.655,2.500
-0.949,2.802,2.500
-0.901,2.627,2.500
-0.917,2.638,2.500
-0.999,2.839,2.500
-0.968,2.716,2.500
-0.927,2.569,2.500
-0.950,2.601,2.500
-1.067,2.885,2.500
-1.005,2.686,2.500
-0.978,2.583,2.500
-1.064,2.776,2.500
-1.001,2.582,2.500
-1.011,2.578,2.500
-1.018,2.567,2.500
-1.026,2.556,2.500
-1.036,2.552,2.500
-1.126,2.744,2.500
-1.070,2.579,2.500
-1.080,2.575,2.500
-1.173,2.764,2.500
-1.095,2.552,2.500
-1.174,2.707,2.500
-1.111,2.537,2.500
-1.100,2.483,2.500
-1.134,2.535,2.500
-1.144,2.530,2.500
-1.220,2.670,2.500
-1.164,2.521,2.500
-1.181,2.531,2.500
-1.261,2.676,2.500
-1.191,2.500,2.500
-1.279,2.659,2.500
-1.217,2.505,2.500
-1.306,2.662,2.500
-1.230,2.481,2.500
-1.334,2.665,2.500
-1.341,2.653,2.500
-1.262,2.474,2.500
-1.261,2.448,2.500
-1.282,2.464,2.500
-1.288,2.452,2.500
-1.294,2.440,2.500
-1.396,2.608,2.500
-1.338,2.477,2.500
-1.406,2.577,2.500
-1.347,2.446,2.500
-1.338,2.407,2.500
-1.355,2.415,2.500
-1.368,2.417,2.500
-1.471,2.575,2.500
-1.383,2.399,2.500
-1.392,2.394,2.500
-1.394,2.375,2.500
-1.399,2.363,2.500
-1.420,2.377,2.500
-1.516,2.514,2.500
-1.443,2.373,2.500
-1.432,2.334,2.500
-1.445,2.335,2.500
-1.519,2.433,2.500
-1.476,2.343,2.500
-1.594,2.509,2.500
-1.499,2.338,2.500
-1.622,2.509,2.500
-1.628,2.497,2.500
-1.589,2.415,2.500
-1.527,2.301,2.500
-1.607,2.403,2.500
-1.617,2.396,2.500
-1.597,2.346,2.500
-1.720,2.506,2.500
-1.636,2.365,2.500
-1.752,2.511,2.500
-1.664,2.364,2.500
-1.664,2.345,2.500
-1.777,2.484,2.500
-1.687,2.338,2.500
-1.687,2.320,2.500
-1.819,2.480,2.500
-1.692,2.288,2.500
-1.719,2.306,2.500
-1.723,2.293,2.500
-1.845,2.434,2.500
-1.732,2.267,2.500
-1.736,2.254,2.500
-1.873,2.412,2.500
-1.763,2.253,2.500
-1.791,2.269,2.500
-1.795,2.256,2.500
-1.795,2.238,2.500
-1.803,2.231,2.500
-1.807,2.218,2.500
-1.953,2.377,2.500
-1.953,2.358,2.500
-1.957,2.345,2.500
-1.852,2.200,2.500
-1.846,2.176,2.500
-1.864,2.180,2.500
-1.902,2.207,2.500
-1.886,2.171,2.500
-2.007,2.292,2.500
-1.903,2.156,2.500
-1.976,2.221,2.500
-2.078,2.317,2.500
-1.933,2.139,2.500
-2.144,2.354,2.500
-2.134,2.325,2.500
-1.948,2.105,2.500
-1.961,2.103,2.500
-1.959,2.084,2.500
-2.090,2.206,2.500
-1.996,2.091,2.500
-1.984,2.061,2.500
-2.132,2.197,2.500
-2.010,2.056,2.500
-2.024,2.054,2.500
-2.026,2.041,2.500
-2.029,2.027,2.500
-2.053,2.035,2.500
-2.040,2.006,2.500
-2.047,1.998,2.500
-2.147,2.078,2.500
-2.096,2.013,2.500
-2.082,1.984,2.500
-2.101,1.986,2.500
-2.108,1.978,2.500
-2.326,2.165,2.500
-2.184,2.017,2.500
-2.176,1.993,2.500
-2.265,2.059,2.500
-2.208,1.991,2.500
-2.204,1.973,2.500
-2.295,2.037,2.500
-2.158,1.901,2.500
-2.165,1.892,2.500
-2.162,1.874,2.500
-2.214,1.905,2.500
-2.422,2.067,2.500
-2.201,1.863,2.500
-2.372,1.992,2.500
-2.463,2.052,2.500
-2.234,1.847,2.500
-2.435,1.996,2.500
-2.301,1.871,2.500
-2.226,1.796,2.500
-2.464,1.972,2.500
-2.477,1.967,2.500
-2.347,1.849,2.500
-2.343,1.830,2.500
-2.350,1.821,2.500
-2.363,1.817,2.500
-2.364,1.803,2.500
-2.359,1.784,2.500
-2.384,1.789,2.500
-2.391,1.779,2.500
-2.392,1.765,2.500
-2.405,1.760,2.500
-2.560,1.858,2.500
-2.573,1.852,2.500
-2.444,1.745,2.500
-2.593,1.836,2.500
-2.427,1.704,2.500
-2.440,1.699,2.500
-2.434,1.681,2.500
-2.477,1.697,2.500
-2.646,1.797,2.500
-2.647,1.783,2.500
-2.473,1.651,2.500
-2.631,1.742,2.500
-2.486,1.631,2.500
-2.492,1.622,2.500
-2.504,1.616,2.500
-2.610,1.669,2.500
-2.659,1.686,2.500
-2.623,1.649,2.500
-2.642,1.646,2.500
-2.523,1.559,2.500
-2.654,1.625,2.500
-2.623,1.592,2.500
-2.617,1.574,2.500
-2.642,1.575,2.500
-2.827,1.671,2.500
-2.654,1.554,2.500
-2.667,1.548,2.500
-2.673,1.537,2.500
-2.679,1.527,2.500
-2.691,1.520,2.500
-2.854,1.597,2.500
-2.690,1.492,2.500
-2.702,1.484,2.500
-2.878,1.566,2.500
-2.701,1.456,2.500
-2.720,1.453,2.500
-2.897,1.532,2.500
-2.750,1.441,2.500
-2.743,1.424,2.500
-2.921,1.501,2.500
-2.735,1.392,2.500
-2.740,1.382,2.500
-2.919,1.457,2.500
-2.758,1.363,2.500
-2.769,1.356,2.500
-2.775,1.345,2.500
-2.819,1.353,2.500
-2.792,1.326,2.500
-2.810,1.321,2.500
-2.802,1.304,2.500
-2.801,1.290,2.500
-2.845,1.297,2.500
-2.817,1.271,2.500
-2.809,1.254,2.500
-2.814,1.243,2.500
-2.839,1.241,2.500
-2.897,1.252,2.500
-2.921,1.249,2.500
-2.840,1.201,2.500
-3.049,1.276,2.500
-2.949,1.220,2.500
-3.033,1.241,2.500
-2.858,1.157,2.500
-2.849,1.140,2.500
-2.860,1.132,2.500
-3.130,1.224,2.500
-2.876,1.112,2.500
-3.153,1.204,2.500
-2.891,1.092,2.500
-2.875,1.073,2.500
-3.134,1.155,2.500
-3.079,1.121,2.500
-2.908,1.046,2.500
-2.905,1.032,2.500
-3.171,1.113,2.500
-2.907,1.007,2.500
-2.917,0.998,2.500
-2.935,0.991,2.500
-2.932,0.977,2.500
-2.970,0.977,2.500
-3.203,1.040,2.500
-2.943,0.943,2.500
-2.947,0.931,2.500
-2.965,0.924,2.500
-2.940,0.904,2.500
-3.048,0.924,2.500
-3.017,0.901,2.500
-3.013,0.887,2.500
-3.140,0.911,2.500
-2.971,0.850,2.500
-2.968,0.836,2.500
-2.978,0.826,2.500
-2.953,0.807,2.500
-2.977,0.801,2.500
-3.051,0.808,2.500
-3.082,0.803,2.500
-3.001,0.770,2.500
-2.976,0.751,2.500
-3.180,0.789,2.500
-3.279,0.800,2.500
-3.090,0.741,2.500
-3.079,0.726,2.500
-3.274,0.758,2.500
-3.084,0.701,2.500
-3.108,0.694,2.500
-3.019,0.662,2.500
-3.106,0.668,2.500
-3.010,0.635,2.500
-3.111,0.644,2.500
-3.114,0.631,2.500
-3.130,0.622,2.500
-3.119,0.607,2.500
-3.135,0.597,2.500
-3.123,0.582,2.500
-3.140,0.573,2.500
-3.170,0.565,2.500
-3.137,0.547,2.500
-3.320,0.565,2.500
-3.141,0.522,2.500
-3.122,0.506,2.500
-3.320,0.525,2.500
-3.322,0.512,2.500
-3.135,0.471,2.500
-3.165,0.463,2.500
-3.328,0.473,2.500
-3.316,0.458,2.500
-3.142,0.421,2.500
-3.333,0.434,2.500
-3.131,0.395,2.500
-3.168,0.387,2.500
-3.170,0.375,2.500
-3.325,0.380,2.500
-3.194,0.352,2.500
-3.152,0.335,2.500
-3.196,0.327,2.500
-3.155,0.310,2.500
-3.149,0.297,2.500
-3.333,0.301,2.500
-3.342,0.289,2.500
-3.159,0.261,2.500
-3.175,0.249,2.500
-3.169,0.236,2.500
-3.490,0.246,2.500
-3.177,0.212,2.500
-3.171,0.199,2.500
-3.334,0.196,2.500
-3.187,0.175,2.500
-3.180,0.162,2.500
-3.378,0.159,2.500
-3.124,0.135,2.500
-3.379,0.132,2.500
-3.345,0.118,2.500
-3.183,0.100,2.500
-3.183,0.087,2.500
-3.226,0.076,2.500
-3.234,0.063,2.500
-3.277,0.051,2.500
-3.347,0.039,2.500
-3.277,0.025,2.500
-3.184,0.012,2.500
-3.375,-0.000,2.500
-3.284,-0.013,2.500
-3.184,-0.025,2.500
-3.430,-0.041,2.500
-3.163,-0.050,2.500
-3.269,-0.065,2.500
-3.269,-0.077,2.500
-3.190,-0.088,2.500
-3.261,-0.103,2.500
-3.240,-0.115,2.500
-3.414,-0.135,2.500
-3.182,-0.138,2.500
-3.273,-0.155,2.500
-3.195,-0.164,2.500
-3.349,-0.185,2.500
-3.172,-0.187,2.500
-3.340,-0.211,2.500
-3.353,-0.225,2.500
-3.205,-0.227,2.500
-3.176,-0.238,2.500
-3.344,-0.264,2.500
-3.167,-0.262,2.500
-3.158,-0.274,2.500
-3.164,-0.287,2.500
-3.163,-0.299,2.500
-3.176,-0.313,2.500
-3.146,-0.323,2.500
-3.152,-0.336,2.500
-3.172,-0.351,2.500
-3.353,-0.384,2.500
-3.148,-0.373,2.500
-3.329,-0.408,2.500
-3.188,-0.403,2.500
-3.158,-0.412,2.500
-3.359,-0.451,2.500
-3.140,-0.435,2.500
-3.341,-0.476,2.500
-3.158,-0.462,2.500
-3.156,-0.475,2.500
-3.133,-0.484,2.500
-3.138,-0.497,2.500
-3.171,-0.515,2.500
-3.315,-0.552,2.500
-3.153,-0.538,2.500
-3.137,-0.548,2.500
-3.114,-0.556,2.500
-3.133,-0.572,2.500
-3.256,-0.608,2.500
-3.121,-0.596,2.500
-3.019,-0.588,2.500
-3.200,-0.637,2.500
-3.007,-0.611,2.500
-3.012,-0.624,2.500
-3.031,-0.640,2.500
-3.036,-0.654,2.500
-3.005,-0.659,2.500
-3.009,-0.673,2.500
-2.971,-0.676,2.500
-3.185,-0.738,2.500
-3.008,-0.710,2.500
-2.991,-0.718,2.500
-3.197,-0.781,2.500
-2.985,-0.742,2.500
-2.982,-0.753,2.500
-3.174,-0.815,2.500
-2.997,-0.782,2.500
-3.167,-0.840,2.500
-3.157,-0.851,2.500
-3.065,-0.838,2.500
-3.110,-0.864,2.500
-3.235,-0.912,2.500
-3.055,-0.875,2.500
-3.051,-0.887,2.500
-3.244,-0.956,2.500
-3.051,-0.912,2.500
-3.223,-0.978,2.500
-3.051,-0.939,2.500
-3.215,-1.003,2.500
-3.023,-0.956,2.500
-3.032,-0.972,2.500
-3.008,-0.977,2.500
-3.011,-0.991,2.500
-3.221,-1.075,2.500
-2.996,-1.013,2.500
-3.026,-1.036,2.500
-3.009,-1.043,2.500
-2.991,-1.050,2.500
-2.994,-1.065,2.500
-3.030,-1.091,2.500
-2.985,-1.088,2.500
-3.377,-1.246,2.500
-3.168,-1.183,2.500
-2.972,-1.123,2.500
-3.133,-1.198,2.500
-2.970,-1.149,2.500
-3.123,-1.222,2.500
-2.968,-1.175,2.500
-3.133,-1.255,2.500
-2.952,-1.195,2.500
-3.097,-1.269,2.500
-2.929,-1.213,2.500
-3.074,-1.288,2.500
-2.926,-1.239,2.500
-2.921,-1.250,2.500
-2.942,-1.273,2.500
-2.911,-1.273,2.500
-2.913,-1.288,2.500
-2.894,-1.293,2.500
-2.896,-1.307,2.500
-2.904,-1.325,2.500
-2.886,-1.330,2.500
-2.802,-1.305,2.500
-2.783,-1.310,2.500
-3.036,-1.443,2.500
-2.812,-1.350,2.500
-2.833,-1.374,2.500
-2.860,-1.401,2.500
-2.783,-1.377,2.500
-2.829,-1.414,2.500
-2.746,-1.386,2.500
-2.964,-1.510,2.500
-2.819,-1.450,2.500
-2.870,-1.491,2.500
-2.820,-1.479,2.500
-2.946,-1.559,2.500
-2.796,-1.494,2.500
-2.796,-1.509,2.500
-2.952,-1.607,2.500
-2.784,-1.530,2.500
-2.945,-1.634,2.500
-2.760,-1.545,2.500
-2.785,-1.574,2.500
-2.748,-1.567,2.500
-2.913,-1.676,2.500
-2.748,-1.596,2.500
-2.741,-1.606,2.500
-2.747,-1.624,2.500
-2.735,-1.632,2.500
-2.915,-1.755,2.500
-2.710,-1.646,2.500
-2.872,-1.759,2.500
-2.721,-1.682,2.500
-2.763,-1.723,2.500
-2.744,-1.726,2.500
-2.873,-1.823,2.500
-2.748,-1.759,2.500
-2.830,-1.827,2.500
-2.746,-1.788,2.500
-2.739,-1.799,2.500
-2.871,-1.902,2.500
-2.737,-1.828,2.500
-2.724,-1.835,2.500
-2.854,-1.939,2.500
-2.680,-1.836,2.500
-2.856,-1.973,2.500
-2.671,-1.861,2.500
-2.840,-1.996,2.500
-2.680,-1.899,2.500
-2.824,-2.018,2.500
-2.687,-1.936,2.500
-2.781,-2.020,2.500
-2.581,-1.890,2.500
-2.562,-1.892,2.500
-2.543,-1.893,2.500
-2.524,-1.894,2.500
-2.624,-1.986,2.500
-2.526,-1.927,2.500
-2.697,-2.075,2.500
-2.667,-2.068,2.500
-2.565,-2.005,2.500
-2.563,-2.020,2.500
-2.493,-1.981,2.500
-2.480,-1.986,2.500
-2.599,-2.098,2.500
-2.481,-2.019,2.500
-2.467,-2.024,2.500
-2.531,-2.093,2.500
-2.587,-2.157,2.500
-2.449,-2.058,2.500
-2.490,-2.109,2.500
-2.567,-2.191,2.500
-2.419,-2.082,2.500
-2.518,-2.184,2.500
-2.392,-2.091,2.500
-2.521,-2.222,2.500
-2.381,-2.115,2.500
-2.378,-2.129,2.500
-2.567,-2.316,2.500
-2.382,-2.167,2.500
-2.493,-2.285,2.500
-2.422,-2.238,2.500
-2.530,-2.357,2.500
-2.311,-2.170,2.500
-2.502,-2.367,2.500
-2.377,-2.266,2.500
-2.488,-2.391,2.500
-2.333,-2.260,2.500
-2.345,-2.289,2.500
-2.396,-2.357,2.500
-2.307,-2.288,2.500
-2.377,-2.376,2.500
-2.228,-2.245,2.500
-2.289,-2.325,2.500
-2.226,-2.278,2.500
-2.222,-2.292,2.500
-2.373,-2.467,2.500
-2.208,-2.314,2.500
-2.204,-2.328,2.500
-2.316,-2.465,2.500
-2.225,-2.387,2.500
-2.152,-2.327,2.500
-2.196,-2.394,2.500
-2.309,-2.537,2.500
-2.154,-2.385,2.500
-2.125,-2.372,2.500
-2.106,-2.369,2.500
-2.144,-2.431,2.500
-2.213,-2.529,2.500
-2.074,-2.388,2.500
-2.198,-2.552,2.500
-2.055,-2.405,2.500
-2.164,-2.553,2.500
-2.050,-2.437,2.500
-2.045,-2.451,2.500
-2.026,-2.448,2.500
-2.030,-2.472,2.500
-2.011,-2.469,2.500
-1.997,-2.471,2.500
-1.978,-2.468,2.500
-1.991,-2.504,2.500
-1.968,-2.495,2.500
-1.953,-2.497,2.500
-1.944,-2.504,2.500
-1.938,-2.518,2.500
-1.937,-2.537,2.500
-2.088,-2.756,2.500
-2.015,-2.682,2.500
-1.898,-2.548,2.500
-1.893,-2.561,2.500
-1.979,-2.700,2.500
-1.868,-2.570,2.500
-1.966,-2.726,2.500
-1.852,-2.590,2.500
-1.944,-2.742,2.500
-1.840,-2.617,2.500
-1.813,-2.600,2.500
-1.811,-2.619,2.500
-1.789,-2.609,2.500
-1.783,-2.621,2.500
-1.780,-2.640,2.500
-1.876,-2.806,2.500
-1.760,-2.654,2.500
-1.842,-2.803,2.500
-1.739,-2.668,2.500
-1.869,-2.893,2.500
-1.710,-2.669,2.500
-1.794,-2.826,2.500
-1.697,-2.695,2.500
-1.779,-2.851,2.500
-1.768,-2.858,2.500
-1.661,-2.709,2.500
-1.738,-2.860,2.500
-1.629,-2.703,2.500
-1.618,-2.709,2.500
-1.705,-2.880,2.500
-1.597,-2.722,2.500
-1.611,-2.772,2.500
-1.582,-2.747,2.500
-1.586,-2.778,2.500
-1.568,-2.772,2.500
-1.667,-2.974,2.500
-1.549,-2.790,2.500
-1.490,-2.708,2.500
-1.476,-2.707,2.500
-1.465,-2.713,2.500
-1.549,-2.896,2.500
-1.464,-2.763,2.500
-1.433,-2.730,2.500
-1.426,-2.742,2.500
-1.408,-2.735,2.500
-1.411,-2.766,2.500
-1.396,-2.765,2.500
-1.459,-2.918,2.500
-1.448,-2.924,2.500
-1.436,-2.930,2.500
-1.434,-2.954,2.500
-1.419,-2.954,2.500
-1.399,-2.940,2.500
-1.317,-2.796,2.500
-1.306,-2.801,2.500
-1.292,-2.800,2.500
-1.355,-2.968,2.500
-1.270,-2.810,2.500
-1.332,-2.979,2.500
-1.332,-3.010,2.500
-1.240,-2.831,2.500
-1.223,-2.823,2.500
-1.299,-3.031,2.500
-1.215,-2.866,2.500
-1.178,-2.810,2.500
-1.220,-2.942,2.500
-1.170,-2.853,2.500
-1.237,-3.050,2.500
-1.104,-2.753,2.500
-1.139,-2.873,2.500
-1.185,-3.025,2.500
-1.111,-2.868,2.500
-1.100,-2.873,2.500
-1.088,-2.877,2.500
-1.082,-2.895,2.500
-1.135,-3.074,2.500
-1.034,-2.835,2.500
-1.036,-2.873,2.500
-1.099,-3.087,2.500
-1.078,-3.065,2.500
-1.014,-2.920,2.500
-1.040,-3.033,2.500
-0.988,-2.921,2.500
-1.032,-3.088,2.500
-0.972,-2.949,2.500
-0.929,-2.855,2.500
-0.999,-3.113,2.500
-0.935,-2.953,2.500
-0.969,-3.101,2.500
-0.910,-2.954,2.500
-0.871,-2.866,2.500
-0.859,-2.869,2.500
-0.842,-2.851,2.500
-0.886,-3.044,2.500
-0.815,-2.844,2.500
-0.856,-3.030,2.500
-0.797,-2.864,2.500
-0.782,-2.853,2.500
-0.792,-2.935,2.500
-0.810,-3.050,2.500
-0.756,-2.891,2.500
-0.741,-2.879,2.500
-0.729,-2.882,2.500
-0.716,-2.878,2.500
-0.748,-3.058,2.500
-0.702,-2.919,2.500
-0.681,-2.879,2.500
-0.676,-2.910,2.500
-0.660,-2.891,2.500
-0.690,-3.079,2.500
-0.646,-2.940,2.500
-0.625,-2.899,2.500
-0.623,-2.945,2.500
-0.600,-2.889,2.500
-0.591,-2.906,2.500
-0.578,-2.901,2.500
-0.603,-3.090,2.500
-0.547,-2.862,2.500
-0.544,-2.908,2.500
-0.526,-2.873,2.500
-0.586,-3.274,2.500
-0.493,-2.818,2.500
-0.485,-2.835,2.500
-0.471,-2.822,2.500
-0.485,-2.978,2.500
-0.464,-2.922,2.500
-0.456,-2.945,2.500
-0.444,-2.947,2.500
-0.431,-2.934,2.500
-0.446,-3.124,2.500
-0.430,-3.097,2.500
-0.398,-2.954,2.500
-0.407,-3.115,2.500
-0.378,-2.979,2.500
-0.367,-2.988,2.500
-0.376,-3.162,2.500
-0.338,-2.939,2.500
-0.349,-3.144,2.500
-0.314,-2.934,2.500
-0.322,-3.132,2.500
-0.312,-3.155,2.500
-0.284,-2.989,2.500
-0.270,-2.961,2.500
-0.261,-2.999,2.500
-0.246,-2.955,2.500
-0.236,-2.986,2.500
-0.223,-2.965,2.500
-0.230,-3.219,2.500
-0.201,-2.981,2.500
-0.192,-3.026,2.500
-0.178,-2.990,2.500
-0.181,-3.251,2.500
-0.170,-3.294,2.500
-0.146,-3.073,2.500
-0.135,-3.088,2.500
-0.123,-3.103,2.500
-0.111,-3.081,2.500
-0.104,-3.261,2.500
-0.087,-3.097,2.500
-0.079,-3.269,2.500
-0.067,-3.304,2.500
-0.050,-3.076,2.500
-0.038,-3.098,2.500
-0.026,-3.083,2.500
-0.014,-3.091,2.500
-0.002,-3.249,2.500
0.011,-3.112,2.500
0.023,-3.156,2.500
0.037,-3.270,2.500
0.047,-3.076,2.500
0.060,-3.126,2.500
0.075,-3.269,2.500
0.083,-3.075,2.500
0.095,-3.082,2.500
0.114,-3.275,2.500
0.120,-3.088,2.500
0.131,-3.081,2.500
0.152,-3.259,2.500
0.156,-3.079,2.500
0.179,-3.293,2.500
0.179,-3.071,2.500
0.194,-3.106,2.500
0.204,-3.077,2.500
0.216,-3.068,2.500
0.230,-3.104,2.500
0.248,-3.175,2.500
0.257,-3.131,2.500
0.270,-3.137,2.500
0.294,-3.271,2.500
0.299,-3.185,2.500
0.309,-3.155,2.500
0.341,-3.344,2.500
0.334,-3.153,2.500
0.348,-3.173,2.500
0.359,-3.157,2.500
0.373,-3.170,2.500
0.387,-3.182,2.500
0.418,-3.321,2.500
0.410,-3.158,2.500
0.420,-3.142,2.500
0.458,-3.323,2.500
0.445,-3.139,2.500
0.459,-3.151,2.500
0.465,-3.107,2.500
0.483,-3.140,2.500
0.494,-3.131,2.500
0.533,-3.297,2.500
0.521,-3.142,2.500
0.536,-3.154,2.500
0.544,-3.130,2.500
0.589,-3.309,2.500
0.564,-3.098,2.500
0.585,-3.145,2.500
0.595,-3.128,2.500
0.603,-3.105,2.500
0.648,-3.269,2.500
0.630,-3.114,2.500
0.641,-3.105,2.500
0.650,-3.088,2.500
0.704,-3.279,2.500
0.674,-3.083,2.500
0.688,-3.087,2.500
0.746,-3.284,2.500
0.758,-3.281,2.500
0.731,-3.107,2.500
0.740,-3.090,2.500
0.755,-3.101,2.500
0.762,-3.077,2.500
0.819,-3.252,2.500
0.788,-3.078,2.500
0.802,-3.082,2.500
0.814,-3.079,2.500
0.823,-3.062,2.500
0.838,-3.072,2.500
0.850,-3.069,2.500
0.868,-3.086,2.500
0.869,-3.041,2.500
0.890,-3.072,2.500
0.956,-3.251,2.500
0.906,-3.038,2.500
0.912,-3.014,2.500
0.936,-3.051,2.500
0.944,-3.034,2.500
1.018,-3.225,2.500
0.968,-3.026,2.500
0.982,-3.029,2.500
0.992,-3.019,2.500
1.006,-3.021,2.500
1.018,-3.018,2.500
1.025,-3.000,2.500
1.044,-3.016,2.500
1.118,-3.192,2.500
1.067,-3.008,2.500
1.082,-3.010,2.500
1.088,-2.993,2.500
1.166,-3.167,2.500
1.127,-3.024,2.500
1.121,-2.973,2.500
1.140,-2.989,2.500
1.150,-2.977,2.500
1.159,-2.966,2.500
1.268,-3.209,2.500
1.214,-3.036,2.500
1.225,-3.032,2.500
1.240,-3.033,2.500
1.252,-3.028,2.500
1.258,-3.010,2.500
1.333,-3.153,2.500
1.364,-3.192,2.500
1.398,-3.237,2.500
1.308,-2.997,2.500
1.323,-2.998,2.500
1.403,-3.145,2.500
1.352,-3.000,2.500
1.352,-2.969,2.500
1.370,-2.977,2.500
1.437,-3.092,2.500
1.390,-2.960,2.500
1.408,-2.967,2.500
1.416,-2.955,2.500
1.428,-2.949,2.500
1.436,-2.937,2.500
1.445,-2.925,2.500
1.447,-2.901,2.500
1.568,-3.112,2.500
1.492,-2.933,2.500
1.503,-2.928,2.500
1.585,-3.057,2.500
1.520,-2.903,2.500
1.531,-2.897,2.500
1.543,-2.891,2.500
1.557,-2.891,2.500
1.525,-2.804,2.500
1.607,-2.928,2.500
1.550,-2.798,2.500
1.550,-2.773,2.500
1.621,-2.872,2.500
1.572,-2.761,2.500
1.583,-2.755,2.500
1.601,-2.761,2.500
1.690,-2.889,2.500
1.612,-2.730,2.500
1.626,-2.730,2.500
1.640,-2.729,2.500
1.591,-2.624,2.500
1.613,-2.636,2.500
1.721,-2.789,2.500
1.637,-2.630,2.500
1.636,-2.605,2.500
1.742,-2.750,2.500
1.660,-2.598,2.500
1.663,-2.579,2.500
1.677,-2.579,2.500
1.797,-2.740,2.500
1.701,-2.572,2.500
1.735,-2.601,2.500
1.737,-2.582,2.500
1.735,-2.558,2.500
1.846,-2.699,2.500
1.751,-2.538,2.500
1.753,-2.519,2.500
1.771,-2.524,2.500
1.768,-2.499,2.500
1.858,-2.604,2.500
1.792,-2.491,2.500
1.810,-2.496,2.500
1.842,-2.518,2.500
1.821,-2.470,2.500
1.774,-2.386,2.500
1.965,-2.622,2.500
1.797,-2.378,2.500
1.969,-2.584,2.500
1.878,-2.445,2.500
1.834,-2.368,2.500
1.933,-2.476,2.500
1.907,-2.423,2.500
1.894,-2.387,2.500
1.908,-2.385,2.500
1.935,-2.400,2.500
1.880,-2.313,2.500
1.963,-2.396,2.500
2.064,-2.499,2.500
1.949,-2.342,2.500
1.987,-2.367,2.500
2.107,-2.491,2.500
1.958,-2.296,2.500
2.113,-2.458,2.500
1.917,-2.213,2.500
2.137,-2.447,2.500
2.042,-2.320,2.500
2.046,-2.307,2.500
2.165,-2.422,2.500
2.059,-2.285,2.500
2.063,-2.271,2.500
2.082,-2.274,2.500
2.213,-2.398,2.500
2.100,-2.258,2.500
2.104,-2.244,2.500
2.118,-2.241,2.500
2.255,-2.368,2.500
2.135,-2.224,2.500
2.164,-2.237,2.500
2.153,-2.208,2.500
2.151,-2.189,2.500
2.175,-2.196,2.500
2.173,-2.177,2.500
2.319,-2.305,2.500
2.185,-2.155,2.500
2.327,-2.277,2.500
2.197,-2.132,2.500
2.236,-2.154,2.500
2.359,-2.254,2.500
2.404,-2.279,2.500
2.241,-2.108,2.500
2.380,-2.221,2.500
2.198,-2.035,2.500
2.200,-2.021,2.500
2.338,-2.131,2.500
2.441,-2.207,2.500
2.207,-1.981,2.500
2.232,-1.987,2.500
2.371,-2.094,2.500
2.346,-2.056,2.500
2.272,-1.975,2.500
2.246,-1.937,2.500
2.596,-2.221,2.500
2.417,-2.052,2.500
2.425,-2.042,2.500
2.422,-2.023,2.500
2.272,-1.883,2.500
2.297,-1.888,2.500
2.457,-2.004,2.500
2.334,-1.889,2.500
2.478,-1.989,2.500
2.480,-1.975,2.500
2.327,-1.838,2.500
2.444,-1.915,2.500
2.353,-1.829,2.500
2.355,-1.815,2.500
2.420,-1.851,2.500
2.363,-1.792,2.500
2.304,-1.733,2.500
2.317,-1.729,2.500
2.390,-1.769,2.500
2.306,-1.693,2.500
2.313,-1.684,2.500
2.307,-1.666,2.500
2.344,-1.679,2.500
2.332,-1.656,2.500
2.509,-1.767,2.500
2.345,-1.638,2.500
2.565,-1.776,2.500
2.518,-1.729,2.500
2.352,-1.602,2.500
2.555,-1.725,2.500
2.383,-1.596,2.500
2.390,-1.586,2.500
2.383,-1.569,2.500
2.421,-1.580,2.500
2.408,-1.558,2.500
2.583,-1.657,2.500
2.427,-1.543,2.500
2.590,-1.633,2.500
2.464,-1.540,2.500
2.445,-1.515,2.500
2.483,-1.525,2.500
2.437,-1.484,2.500
2.646,-1.597,2.500
2.455,-1.468,2.500
2.640,-1.565,2.500
2.486,-1.460,2.500
2.459,-1.432,2.500
2.626,-1.515,2.500
2.639,-1.509,2.500
2.676,-1.516,2.500
2.481,-1.393,2.500
2.507,-1.394,2.500
2.532,-1.395,2.500
2.511,-1.371,2.500
2.602,-1.407,2.500
2.692,-1.442,2.500
2.540,-1.348,2.500
2.445,-1.285,2.500
2.450,-1.276,2.500
2.434,-1.255,2.500
2.648,-1.352,2.500
2.559,-1.295,2.500
2.571,-1.288,2.500
2.670,-1.324,2.500
2.588,-1.271,2.500
2.518,-1.224,2.500
2.811,-1.353,2.500
2.630,-1.253,2.500
2.491,-1.175,2.500
2.780,-1.299,2.500
2.583,-1.194,2.500
2.737,-1.252,2.500
2.620,-1.186,2.500
2.624,-1.176,2.500
2.608,-1.156,2.500
2.599,-1.140,2.500
2.707,-1.175,2.500
2.552,-1.095,2.500
2.825,-1.199,2.500
2.836,-1.191,2.500
2.550,-1.059,2.500
2.540,-1.044,2.500
2.601,-1.057,2.500
2.676,-1.075,2.500
2.567,-1.019,2.500
2.754,-1.081,2.500
2.575,-0.999,2.500
2.762,-1.059,2.500
2.611,-0.990,2.500
2.572,-0.963,2.500
2.781,-1.029,2.500
2.771,-1.013,2.500
2.576,-0.930,2.500
2.608,-0.931,2.500
2.776,-0.978,2.500
2.623,-0.913,2.500
2.805,-0.964,2.500
2.830,-0.960,2.500
2.626,-0.879,2.500
2.823,-0.933,2.500
2.626,-0.856,2.500
2.614,-0.841,2.500
2.827,-0.897,2.500
2.636,-0.825,2.500
2.848,-0.879,2.500
2.620,-0.798,2.500
2.833,-0.851,2.500
2.844,-0.842,2.500
2.659,-0.775,2.500
2.684,-0.771,2.500
2.628,-0.744,2.500
2.638,-0.736,2.500
2.860,-0.786,2.500
2.695,-0.729,2.500
2.669,-0.711,2.500
2.686,-0.704,2.500
2.667,-0.688,2.500
2.853,-0.724,2.500
2.680,-0.669,2.500
2.837,-0.696,2.500
2.707,-0.653,2.500
2.695,-0.639,2.500
2.903,-0.676,2.500
2.722,-0.623,2.500
2.762,-0.620,2.500
2.794,-0.616,2.500
2.949,-0.638,2.500
2.835,-0.602,2.500
2.830,-0.589,2.500
2.803,-0.572,2.500
2.835,-0.567,2.500
2.837,-0.556,2.500
3.246,-0.623,2.500
2.871,-0.539,2.500
2.821,-0.518,2.500
3.028,-0.544,2.500
2.832,-0.498,2.500
3.017,-0.518,2.500
2.814,-0.472,2.500
2.860,-0.468,2.500
3.016,-0.481,2.500
2.842,-0.442,2.500
2.836,-0.430,2.500
3.021,-0.446,2.500
2.832,-0.406,2.500
2.856,-0.398,2.500
2.857,-0.387,2.500
2.836,-0.373,2.500
3.037,-0.387,2.500
3.031,-0.374,2.500
2.870,-0.343,2.500
3.142,-0.363,2.500
2.947,-0.329,2.500
2.956,-0.318,2.500
2.965,-0.307,2.500
2.973,-0.296,2.500
2.937,-0.281,2.500
2.931,-0.269,2.500
2.880,-0.253,2.500
2.866,-0.240,2.500
2.859,-0.228,2.500
2.860,-0.217,2.500
3.068,-0.221,2.500
3.054,-0.208,2.500
2.855,-0.183,2.500
3.049,-0.183,2.500
2.864,-0.161,2.500
3.101,-0.162,2.500
2.857,-0.138,2.500
2.911,-0.129,2.500
3.044,-0.123,2.500
2.844,-0.104,2.500
2.882,-0.094,2.500
2.860,-0.082,2.500
2.882,-0.071,2.500
2.769,-0.058,2.500
2.868,-0.048,2.500
2.777,-0.036,2.500
2.769,-0.025,2.500
3.010,-0.015,2.500
3.127,-0.004,3.000
2.921,0.008,3.000
3.170,0.021,3.000
3.025,0.032,3.000
2.973,0.043,3.000
3.162,0.058,3.000
2.995,0.067,3.000
2.979,0.078,3.000
2.979,0.090,3.000
2.882,0.098,3.000
3.175,0.121,3.000
2.881,0.121,3.000
2.873,0.132,3.000
3.014,0.150,3.000
2.864,0.154,3.000
2.871,0.166,3.000
3.070,0.189,3.000
3.077,0.202,3.000
2.884,0.201,3.000
2.853,0.210,3.000
3.045,0.236,3.000
2.874,0.234,3.000
2.865,0.245,3.000
2.872,0.257,3.000
2.886,0.269,3.000
2.847,0.277,3.000
3.060,0.310,3.000
2.897,0.305,3.000
2.851,0.311,3.000
2.880,0.326,3.000
2.849,0.334,3.000
2.855,0.346,3.000
3.031,0.379,3.000
3.014,0.389,3.000
2.851,0.379,3.000
3.040,0.417,3.000
2.840,0.401,3.000
2.846,0.413,3.000
3.143,0.468,3.000
2.820,0.432,3.000
2.819,0.443,3.000
3.094,0.499,3.000
2.845,0.470,3.000
2.850,0.482,3.000
3.152,0.546,3.000
2.847,0.505,3.000
2.830,0.513,3.000
2.835,0.526,3.000
3.001,0.568,3.000
2.999,0.580,3.000
2.806,0.555,3.000
2.922,0.589,3.000
2.824,0.581,3.000
2.733,0.573,3.000
3.008,0.644,3.000
2.825,0.616,3.000
2.807,0.624,3.000
2.957,0.669,3.000
2.795,0.644,3.000
2.815,0.660,3.000
3.006,0.718,3.000
2.875,0.698,3.000
2.696,0.666,3.000
2.588,0.650,3.000
2.586,0.660,3.000
2.703,0.702,3.000
2.670,0.704,3.000
2.675,0.717,3.000
2.687,0.731,3.000
2.699,0.746,3.000
2.666,0.748,3.000
2.845,0.810,3.000
2.616,0.756,3.000
2.650,0.777,3.000
2.969,0.884,3.000
2.839,0.857,3.000
2.663,0.815,3.000
2.811,0.873,3.000
2.642,0.832,3.000
2.825,0.902,3.000
2.620,0.848,3.000
2.602,0.853,3.000
2.821,0.937,3.000
2.632,0.886,3.000
2.821,0.962,3.000
2.775,0.958,3.000
2.607,0.912,3.000
2.789,0.987,3.000
2.585,0.927,3.000
2.781,1.009,3.000
2.607,0.958,3.000
2.596,0.965,3.000
2.585,0.973,3.000
2.595,0.988,3.000
2.620,1.009,3.000
2.580,1.006,3.000
2.752,1.085,3.000
2.544,1.015,3.000
2.575,1.039,3.000
2.564,1.046,3.000
2.748,1.134,3.000
2.556,1.066,3.000
2.726,1.150,3.000
2.735,1.166,3.000
2.550,1.099,3.000
2.546,1.109,3.000
2.527,1.113,3.000
2.530,1.126,3.000
2.711,1.220,3.000
2.521,1.146,3.000
2.688,1.235,3.000
2.540,1.179,3.000
2.466,1.156,3.000
2.727,1.292,3.000
2.505,1.199,3.000
2.670,1.291,3.000
2.496,1.218,3.000
2.686,1.325,3.000
2.493,1.241,3.000
2.495,1.254,3.000
2.644,1.343,3.000
2.464,1.264,3.000
2.439,1.263,3.000
2.448,1.279,3.000
2.436,1.285,3.000
2.437,1.298,3.000
2.446,1.315,3.000
2.600,1.411,3.000
2.388,1.309,3.000
2.410,1.333,3.000
2.398,1.339,3.000
2.571,1.448,3.000
2.414,1.373,3.000
2.402,1.378,3.000
2.410,1.395,3.000
2.385,1.393,3.000
2.392,1.410,3.000
2.555,1.520,3.000
2.388,1.433,3.000
2.362,1.430,3.000
2.370,1.448,3.000
2.358,1.453,3.000
2.525,1.570,3.000
2.340,1.467,3.000
2.506,1.585,3.000
2.494,1.591,3.000
2.322,1.495,3.000
2.475,1.607,3.000
2.310,1.513,3.000
2.487,1.643,3.000
2.305,1.535,3.000
2.299,1.544,3.000
2.299,1.558,3.000
2.449,1.673,3.000
2.306,1.589,3.000
2.274,1.580,3.000
2.423,1.697,3.000
2.256,1.594,3.000
2.427,1.729,3.000
2.243,1.611,3.000
2.402,1.740,3.000
2.236,1.633,3.000
2.224,1.638,3.000
2.357,1.750,3.000
2.223,1.664,3.000
2.217,1.673,3.000
2.198,1.672,3.000
2.179,1.672,3.000
2.179,1.685,3.000
2.339,1.823,3.000
2.183,1.716,3.000
2.122,1.682,3.000
2.282,1.823,3.000
2.151,1.732,3.000
2.303,1.869,3.000
2.078,1.700,3.000
2.131,1.757,3.000
2.206,1.834,3.000
2.034,1.704,3.000
2.271,1.919,3.000
2.097,1.785,3.000
2.101,1.804,3.000
2.141,1.852,3.000
2.041,1.780,3.000
2.005,1.762,3.000
1.986,1.759,3.000
2.162,1.931,3.000
1.978,1.780,3.000
2.136,1.937,3.000
2.122,1.941,3.000
2.025,1.866,3.000
1.967,1.827,3.000
1.948,1.824,3.000
1.941,1.832,3.000
2.078,1.977,3.000
1.932,1.852,3.000
1.908,1.844,3.000
1.912,1.862,3.000
1.894,1.858,3.000
1.892,1.871,3.000
1.879,1.873,3.000
1.872,1.881,3.000
1.875,1.899,3.000
2.002,2.043,3.000
1.866,1.919,3.000
1.836,1.904,3.000
1.851,1.934,3.000
1.832,1.930,3.000
1.962,2.082,3.000
1.812,1.938,3.000
1.935,2.087,3.000
1.802,1.958,3.000
1.789,1.960,3.000
1.920,2.120,3.000
1.784,1.985,3.000
1.771,1.986,3.000
1.753,1.982,3.000
1.755,2.000,3.000
1.742,2.001,3.000
1.739,2.014,3.000
1.731,2.021,3.000
1.739,2.045,3.000
1.710,2.028,3.000
1.826,2.183,3.000
1.689,2.036,3.000
1.691,2.054,3.000
1.698,2.079,3.000
1.690,2.086,3.000
1.749,2.176,3.000
1.664,2.087,3.000
1.765,2.232,3.000
1.638,2.088,3.000
1.752,2.252,3.000
1.626,2.107,3.000
1.580,2.063,3.000
1.707,2.248,3.000
1.596,2.119,3.000
1.708,2.286,3.000
1.690,2.280,3.000
1.576,2.144,3.000
1.568,2.150,3.000
1.555,2.150,3.000
1.532,2.137,3.000
1.662,2.338,3.000
1.543,2.187,3.000
1.516,2.168,3.000
1.556,2.244,3.000
1.552,2.257,3.000
1.419,2.081,3.000
1.581,2.338,3.000
1.407,2.099,3.000
1.529,2.300,3.000
1.404,2.130,3.000
1.515,2.318,3.000
1.396,2.154,3.000
1.489,2.317,3.000
1.379,2.165,3.000
1.366,2.164,3.000
1.469,2.347,3.000
1.345,2.168,3.000
1.447,2.352,3.000
1.348,2.212,3.000
1.323,2.190,3.000
1.311,2.188,3.000
1.298,2.187,3.000
1.289,2.192,3.000
1.391,2.386,3.000
1.280,2.216,3.000
1.271,2.221,3.000
1.251,2.205,3.000
1.246,2.217,3.000
1.336,2.399,3.000
1.225,2.219,3.000
1.318,2.410,3.000
1.200,2.215,3.000
1.210,2.255,3.000
1.201,2.259,3.000
1.196,2.271,3.000
1.172,2.248,3.000
1.167,2.259,3.000
1.173,2.292,3.000
1.160,2.290,3.000
1.249,2.489,3.000
1.146,2.306,3.000
1.119,2.275,3.000
1.266,2.599,3.000
1.098,2.276,3.000
1.085,2.273,3.000
1.177,2.490,3.000
1.091,2.332,3.000
1.069,2.308,3.000
1.138,2.483,3.000
1.131,2.494,3.000
1.057,2.356,3.000
1.086,2.446,3.000
1.154,2.626,3.000
1.023,2.354,3.000
1.048,2.437,3.000
1.120,2.632,3.000
1.041,2.474,3.000
1.020,2.450,3.000
1.083,2.631,3.000
1.032,2.537,3.000
0.991,2.461,3.000
1.060,2.665,3.000
0.968,2.462,3.000
1.034,2.659,3.000
0.952,2.477,3.000
0.945,2.488,3.000
0.997,2.657,3.000
0.920,2.480,3.000
0.913,2.491,3.000
0.981,2.711,3.000
0.963,2.694,3.000
0.886,2.509,3.000
0.874,2.505,3.000
0.936,2.719,3.000
0.869,2.556,3.000
0.910,2.712,3.000
0.834,2.519,3.000
0.884,2.705,3.000
0.817,2.533,3.000
0.872,2.740,3.000
0.797,2.539,3.000
0.877,2.833,3.000
0.868,2.844,3.000
0.758,2.518,3.000
0.824,2.779,3.000
0.747,2.554,3.000
0.767,2.661,3.000
0.761,2.679,3.000
0.748,2.674,3.000
0.711,2.581,3.000
0.770,2.841,3.000
0.714,2.676,3.000
0.700,2.664,3.000
0.693,2.681,3.000
0.679,2.669,3.000
0.676,2.701,3.000
0.662,2.689,3.000
0.653,2.699,3.000
0.644,2.709,3.000
0.651,2.786,3.000
0.618,2.692,3.000
0.652,2.893,3.000
0.597,2.697,3.000
0.626,2.884,3.000
0.577,2.709,3.000
0.611,2.925,3.000
0.595,2.905,3.000
0.544,2.708,3.000
0.568,2.888,3.000
0.525,2.727,3.000
0.533,2.826,3.000
0.519,2.813,3.000
0.509,2.823,3.000
0.530,3.008,3.000
0.488,2.834,3.000
0.475,2.821,3.000
0.515,3.135,3.000
0.454,2.832,3.000
0.441,2.826,3.000
0.430,2.828,3.000
0.450,3.036,3.000
0.408,2.831,3.000
0.401,2.863,3.000
0.415,3.048,3.000
0.376,2.844,3.000
0.365,2.845,3.000
0.375,3.016,3.000
0.357,2.967,3.000
0.341,2.931,3.000
0.319,2.843,3.000
0.310,2.859,3.000
0.321,3.081,3.000
0.299,2.980,3.000
0.282,2.922,3.000
0.286,3.092,3.000
0.258,2.917,3.000
0.252,2.977,3.000
0.254,3.153,3.000
0.228,2.979,3.000
0.230,3.162,3.000
0.205,2.981,3.000
0.192,2.959,3.000
0.192,3.157,3.000
0.169,2.976,3.000
0.158,2.984,3.000
0.155,3.159,3.000
0.135,3.000,3.000
0.129,3.146,3.000
0.118,3.161,3.000
0.099,2.971,3.000
0.087,2.979,3.000
0.076,2.994,3.000
0.064,2.972,3.000
0.052,2.980,3.000
0.041,2.988,3.000
0.031,3.163,3.000
0.017,2.988,3.000
0.006,3.170,3.000
-0.006,2.995,3.000
-0.018,2.988,3.000
-0.029,2.973,3.000
-0.041,2.980,3.000
-0.053,2.995,3.000
-0.068,3.155,3.000
-0.076,2.979,3.000
-0.091,3.089,3.000
-0.106,3.168,3.000
-0.111,2.964,3.000
-0.131,3.160,3.000
-0.135,2.977,3.000
-0.146,2.962,3.000
-0.159,2.991,3.000
-0.170,2.976,3.000
-0.194,3.171,3.000
-0.191,2.945,3.000
-0.217,3.155,3.000
-0.216,2.965,3.000
-0.227,2.950,3.000
-0.240,2.971,3.000
-0.267,3.152,3.000
-0.261,2.939,3.000
-0.291,3.142,3.000
-0.301,3.120,3.000
-0.316,3.147,3.000
-0.307,2.935,3.000
-0.320,2.948,3.000
-0.356,3.165,3.000
-0.342,2.938,3.000
-0.355,2.952,3.000
-0.392,3.153,3.000
-0.399,3.109,3.000
-0.402,3.035,3.000
-0.432,3.169,3.000
-0.414,2.952,3.000
-0.434,3.008,3.000
-0.480,3.234,3.000
-0.463,3.041,3.000
-0.493,3.153,3.000
-0.517,3.222,3.000
-0.487,2.963,3.000
-0.526,3.119,3.000
-0.522,3.024,3.000
-0.566,3.206,3.000
-0.549,3.041,3.000
-0.560,3.032,3.000
-0.608,3.220,3.000
-0.584,3.028,3.000
-0.598,3.040,3.000
-0.644,3.206,3.000
-0.619,3.020,3.000
-0.672,3.214,3.000
-0.646,3.030,3.000
-0.652,2.999,3.000
-0.668,3.018,3.000
-0.677,3.001,3.000
-0.689,2.998,3.000
-0.699,2.988,3.000
-0.711,2.985,3.000
-0.724,2.990,3.000
-0.737,2.994,3.000
-0.747,2.984,3.000
-0.761,2.988,3.000
-0.823,3.179,3.000
-0.781,2.968,3.000
-0.807,3.021,3.000
-0.806,2.969,3.000
-0.817,2.965,3.000
-0.841,3.004,3.000
-0.851,2.994,3.000
-0.902,3.128,3.000
-0.868,2.966,3.000
-0.880,2.963,3.000
-0.939,3.117,3.000
-0.953,3.120,3.000
-0.906,2.924,3.000
-0.930,2.962,3.000
-0.942,2.959,3.000
-0.942,2.920,3.000
-0.958,2.931,3.000
-0.972,2.934,3.000
-0.981,2.923,3.000
-1.051,3.089,3.000
-1.007,2.922,3.000
-1.023,2.932,3.000
-1.027,2.907,3.000
-1.101,3.079,3.000
-1.048,2.892,3.000
-1.133,3.090,3.000
-1.085,2.925,3.000
-1.082,2.880,3.000
-1.157,3.043,3.000
-1.104,2.871,3.000
-1.110,2.853,3.000
-1.192,3.030,3.000
-1.135,2.851,3.000
-1.157,2.874,3.000
-1.163,2.856,3.000
-1.177,2.858,3.000
-1.177,2.826,3.000
-1.263,3.001,3.000
-1.281,3.009,3.000
-1.225,2.846,3.000
-1.230,2.827,3.000
-1.313,2.987,3.000
-1.246,2.804,3.000
-1.354,3.015,3.000
-1.274,2.808,3.000
-1.282,2.796,3.000
-1.354,2.922,3.000
-1.323,2.825,3.000
-1.321,2.794,3.000
-1.412,2.957,3.000
-1.302,2.698,3.000
-1.482,3.040,3.000
-1.368,2.779,3.000
-1.376,2.768,3.000
-1.383,2.756,3.000
-1.433,2.828,3.000
-1.405,2.745,3.000
-1.465,2.835,3.000
-1.372,2.629,3.000
-1.517,2.880,3.000
-1.403,2.638,3.000
-1.431,2.665,3.000
-1.595,2.943,3.000
-1.430,2.615,3.000
-1.466,2.654,3.000
-1.483,2.661,3.000
-1.589,2.825,3.000
-1.464,2.579,3.000
-1.576,2.751,3.000
-1.506,2.606,3.000
-1.502,2.574,3.000
-1.619,2.751,3.000
-1.560,2.626,3.000
-1.532,2.557,3.000
-1.530,2.532,3.000
-1.552,2.545,3.000
-1.566,2.545,3.000
-1.564,2.520,3.000
-1.578,2.520,3.000
-1.693,2.680,3.000
-1.657,2.600,3.000
-1.615,2.514,3.000
-1.728,2.666,3.000
-1.627,2.488,3.000
-1.765,2.676,3.000
-1.642,2.469,3.000
-1.818,2.710,3.000
-1.678,2.481,3.000
-1.738,2.547,3.000
-1.685,2.449,3.000
-1.832,2.640,3.000
-1.717,2.454,3.000
-1.782,2.525,3.000
-1.783,2.506,3.000
-1.750,2.440,3.000
-1.807,2.498,3.000
-1.813,2.485,3.000
-1.925,2.617,3.000
-1.841,2.483,3.000
-1.850,2.475,3.000
-1.972,2.617,3.000
-1.861,2.449,3.000
-1.988,2.596,3.000
-1.876,2.429,3.000
-2.000,2.569,3.000
-1.899,2.420,3.000
-1.909,2.412,3.000
-1.923,2.410,3.000
-2.013,2.504,3.000
-1.942,2.395,3.000
-1.956,2.393,3.000
-1.970,2.391,3.000
-1.984,2.389,3.000
-2.170,2.593,3.000
-2.113,2.505,3.000
-1.993,2.343,3.000
-2.026,2.363,3.000
-2.035,2.355,3.000
-2.020,2.320,3.000
-2.048,2.334,3.000
-2.048,2.315,3.000
-2.209,2.477,3.000
-2.056,2.288,3.000
-2.065,2.280,3.000
-2.128,2.330,3.000
-2.118,2.301,3.000
-2.229,2.402,3.000
-2.096,2.242,3.000
-2.110,2.239,3.000
-2.128,2.241,3.000
-2.112,2.206,3.000
-2.334,2.419,3.000
-2.155,2.216,3.000
-2.391,2.440,3.000
-2.157,2.183,3.000
-2.165,2.175,3.000
-2.184,2.176,3.000
-2.187,2.163,3.000
-2.344,2.300,3.000
-2.183,2.125,3.000
-2.218,2.142,3.000
-2.381,2.282,3.000
-2.277,2.164,3.000
-2.259,2.131,3.000
-2.413,2.258,3.000
-2.249,2.088,3.000
-2.436,2.244,3.000
-2.271,2.075,3.000
-2.332,2.115,3.000
-2.325,2.091,3.000
-2.306,2.058,3.000
-2.448,2.168,3.000
-2.371,2.083,3.000
-2.539,2.213,3.000
-2.332,2.017,3.000
-2.368,2.031,3.000
-2.517,2.142,3.000
-2.439,2.059,3.000
-2.452,2.054,3.000
-2.444,2.031,3.000
-2.441,2.012,3.000
-2.602,2.128,3.000
-2.462,1.997,3.000
-2.536,2.041,3.000
-2.500,1.996,3.000
-2.624,2.078,3.000
-2.648,2.081,3.000
-2.512,1.957,3.000
-2.520,1.948,3.000
-2.510,1.925,3.000
-2.518,1.915,3.000
-2.554,1.926,3.000
-2.538,1.899,3.000
-2.557,1.898,3.000
-2.559,1.883,3.000
-2.578,1.882,3.000
-2.591,1.876,3.000
-2.587,1.857,3.000
-2.588,1.843,3.000
-2.768,1.955,3.000
-2.597,1.819,3.000
-2.778,1.929,3.000
-2.629,1.810,3.000
-2.821,1.927,3.000
-2.771,1.877,3.000
-2.626,1.763,3.000
-2.798,1.863,3.000
-2.664,1.758,3.000
-2.670,1.748,3.000
-2.671,1.734,3.000
-2.666,1.715,3.000
-2.816,1.796,3.000
-2.841,1.796,3.000
-2.680,1.680,3.000
-2.699,1.677,3.000
-2.718,1.674,3.000
-2.718,1.659,3.000
-2.869,1.737,3.000
-2.737,1.642,3.000
-2.913,1.732,3.000
-2.744,1.617,3.000
-2.914,1.702,3.000
-2.750,1.591,3.000
-2.916,1.672,3.000
-2.910,1.654,3.000
-2.769,1.559,3.000
-2.941,1.641,3.000
-2.868,1.585,3.000
-2.806,1.537,3.000
-2.886,1.566,3.000
-2.880,1.548,3.000
-2.967,1.580,3.000
-2.905,1.532,3.000
-2.823,1.475,3.000
-2.935,1.519,3.000
-3.071,1.574,3.000
-3.101,1.574,3.000
-3.089,1.553,3.000
-2.927,1.457,3.000
-3.071,1.513,3.000
-2.888,1.409,3.000
-3.014,1.456,3.000
-3.113,1.489,3.000
-2.968,1.405,3.000
-3.125,1.464,3.000
-2.947,1.367,3.000
-2.984,1.370,3.000
-2.983,1.356,3.000
-2.989,1.344,3.000
-3.153,1.403,3.000
-3.006,1.323,3.000
-3.195,1.392,3.000
-3.022,1.302,3.000
-3.008,1.282,3.000
-3.205,1.351,3.000
-3.031,1.264,3.000
-3.042,1.255,3.000
-3.041,1.240,3.000
-3.226,1.301,3.000
-3.050,1.216,3.000
-3.198,1.260,3.000
-3.040,1.184,3.000
-3.347,1.289,3.000
-3.069,1.168,3.000
-3.255,1.224,3.000
-3.078,1.144,3.000
-3.089,1.134,3.000
-3.446,1.250,3.000
-3.065,1.098,3.000
-3.096,1.095,3.000
-3.270,1.143,3.000
-3.058,1.055,3.000
-3.115,1.061,3.000
-3.284,1.104,3.000
-3.123,1.037,3.000
-3.114,1.020,3.000
-3.125,1.010,3.000
-3.129,0.998,3.000
-3.119,0.981,3.000
-3.136,0.973,3.000
-3.093,0.946,3.000
-3.317,1.001,3.000
-3.121,0.928,3.000
-3.318,0.973,3.000
-3.315,0.958,3.000
-3.131,0.891,3.000
-3.303,0.926,3.000
-3.152,0.870,3.000
-3.162,0.860,3.000
-3.165,0.847,3.000
-3.330,0.878,3.000
-3.192,0.828,3.000
-3.337,0.851,3.000
-3.172,0.796,3.000
-3.188,0.787,3.000
-3.367,0.817,3.000
-3.201,0.763,3.000
-3.211,0.753,3.000
-3.363,0.774,3.000
-3.196,0.723,3.000
-3.369,0.748,3.000
-3.195,0.696,3.000
-3.218,0.688,3.000
-3.391,0.711,3.000
-3.203,0.658,3.000
-3.219,0.649,3.000
-3.208,0.633,3.000
-3.245,0.627,3.000
-3.206,0.607,3.000
-3.180,0.589,3.000
-3.231,0.585,3.000
-3.445,0.610,3.000
-3.222,0.557,3.000
-3.224,0.545,3.000
-3.425,0.565,3.000
-3.494,0.562,3.000
-3.223,0.506,3.000
-3.336,0.510,3.000
-3.269,0.487,3.000
-3.509,0.508,3.000
-3.349,0.472,3.000
-3.344,0.458,3.000
-3.495,0.464,3.000
-3.361,0.433,3.000
-3.545,0.443,3.000
-3.344,0.404,3.000
-3.427,0.401,3.000
-3.360,0.379,3.000
-3.334,0.363,3.000
-3.377,0.354,3.000
-3.358,0.339,3.000
-3.352,0.325,3.000
-3.557,0.331,3.000
-3.355,0.299,3.000
-3.356,0.286,3.000
-3.371,0.274,3.000
-3.535,0.273,3.000
-3.359,0.246,3.000
-3.537,0.245,3.000
-3.552,0.232,3.000
-3.369,0.207,3.000
-3.348,0.193,3.000
-3.554,0.191,3.000
-3.364,0.167,3.000
-3.316,0.152,3.000
-3.365,0.141,3.000
-3.372,0.128,3.000
-3.366,0.114,3.000
-3.504,0.105,3.000
-3.360,0.088,3.000
-3.367,0.075,3.000
-3.388,0.062,3.000
-3.361,0.048,3.000
-3.539,0.037,3.000
-3.566,0.023,3.000
-3.375,0.009,3.000
-3.553,-0.005,3.000
-3.361,-0.018,3.000
-3.402,-0.031,3.000
-3.375,-0.044,3.000
-3.367,-0.058,3.000
-3.360,-0.071,3.000
-3.367,-0.084,3.000
-3.531,-0.102,3.000
-3.463,-0.114,3.000
-3.345,-0.123,3.000
-3.509,-0.143,3.000
-3.267,-0.146,3.000
-3.575,-0.174,3.000
-3.258,-0.171,3.000
-3.445,-0.194,3.000
-3.257,-0.197,3.000
-3.277,-0.211,3.000
-3.269,-0.223,3.000
-3.261,-0.235,3.000
-3.296,-0.251,3.000
-3.259,-0.261,3.000
-3.425,-0.288,3.000
-3.278,-0.288,3.000
-3.312,-0.305,3.000
-3.255,-0.312,3.000
-3.261,-0.326,3.000
-3.252,-0.338,3.000
-3.258,-0.351,3.000
-3.250,-0.363,3.000
-3.441,-0.398,3.000
-3.254,-0.390,3.000
-3.224,-0.399,3.000
-3.443,-0.440,3.000
-3.249,-0.428,3.000
-3.254,-0.442,3.000
-3.438,-0.480,3.000
-3.244,-0.466,3.000
-3.228,-0.477,3.000
-3.247,-0.493,3.000
-3.266,-0.509,3.000
-3.243,-0.518,3.000
-3.234,-0.530,3.000
-3.239,-0.543,3.000
-3.230,-0.555,3.000
-3.499,-0.615,3.000
-3.232,-0.582,3.000
-3.312,-0.609,3.000
-3.227,-0.607,3.000
-3.204,-0.616,3.000
-3.216,-0.631,3.000
-3.220,-0.645,3.000
-3.394,-0.694,3.000
-3.229,-0.673,3.000
-3.382,-0.719,3.000
-3.203,-0.694,3.000
-3.207,-0.708,3.000
-3.400,-0.765,3.000
-3.208,-0.735,3.000
-3.367,-0.785,3.000
-3.188,-0.757,3.000
-3.172,-0.766,3.000
-3.182,-0.782,3.000
-3.186,-0.796,3.000
-3.358,-0.853,3.000
-3.187,-0.823,3.000
-3.080,-0.808,3.000
-3.187,-0.849,3.000
-3.318,-0.898,3.000
-3.153,-0.867,3.000
-3.136,-0.875,3.000
-3.153,-0.894,3.000
-3.108,-0.894,3.000
-3.152,-0.920,3.000
-3.302,-0.978,3.000
-3.138,-0.943,3.000
-3.268,-0.996,3.000
-3.124,-0.965,3.000
-3.107,-0.973,3.000
-3.295,-1.047,3.000
-3.126,-1.006,3.000
-3.287,-1.073,3.000
-3.111,-1.029,3.000
-3.107,-1.041,3.000
-3.248,-1.102,3.000
-3.086,-1.061,3.000
-3.259,-1.135,3.000
-3.117,-1.099,3.000
-3.276,-1.169,3.000
-3.088,-1.116,3.000
-3.253,-1.190,3.000
-3.080,-1.140,3.000
-3.218,-1.206,3.000
-3.084,-1.170,3.000
-3.228,-1.239,3.000
-3.061,-1.189,3.000
-3.030,-1.190,3.000
-3.213,-1.277,3.000
-3.041,-1.222,3.000
-3.042,-1.237,3.000
-3.185,-1.309,3.000
-2.993,-1.244,3.000
-3.206,-1.348,3.000
-3.009,-1.279,3.000
-3.011,-1.293,3.000
-2.999,-1.302,3.000
-2.994,-1.314,3.000
-3.161,-1.402,3.000
-2.990,-1.340,3.000
-3.143,-1.424,3.000
-2.980,-1.364,3.000
-2.968,-1.373,3.000
-3.114,-1.455,3.000
-2.970,-1.402,3.000
-2.881,-1.374,3.000
-2.946,-1.419,3.000
-2.947,-1.434,3.000
-3.041,-1.495,3.000
-2.910,-1.444,3.000
-3.048,-1.528,3.000
-2.924,-1.480,3.000
-3.085,-1.577,3.000
-2.868,-1.480,3.000
-3.060,-1.594,3.000
-3.054,-1.606,3.000
-3.042,-1.615,3.000
-3.065,-1.643,3.000
-2.876,-1.556,3.000
-2.919,-1.594,3.000
-2.870,-1.582,3.000
-2.857,-1.590,3.000
-2.839,-1.594,3.000
-2.851,-1.616,3.000
-2.851,-1.630,3.000
-2.850,-1.645,3.000
-2.982,-1.737,3.000
-2.843,-1.671,3.000
-2.849,-1.689,3.000
-2.967,-1.775,3.000
-2.811,-1.697,3.000
-2.982,-1.816,3.000
-2.846,-1.749,3.000
-3.031,-1.879,3.000
-2.873,-1.797,3.000
-2.878,-1.815,3.000
-2.847,-1.812,3.000
-2.823,-1.812,3.000
-2.982,-1.931,3.000
-2.814,-1.837,3.000
-2.961,-1.950,3.000
-2.794,-1.856,3.000
-2.798,-1.874,3.000
-2.797,-1.889,3.000
-2.789,-1.900,3.000
-2.884,-1.981,3.000
-2.774,-1.922,3.000
-2.761,-1.929,3.000
-2.921,-2.058,3.000
-2.763,-1.963,3.000
-2.732,-1.957,3.000
-2.753,-1.988,3.000
-2.706,-1.970,3.000
-2.715,-1.993,3.000
-2.701,-2.000,3.000
-2.693,-2.010,3.000
-2.713,-2.042,3.000
-2.683,-2.036,3.000
-2.681,-2.050,3.000
-2.661,-2.053,3.000
-2.670,-2.076,3.000
-2.640,-2.069,3.000
-2.664,-2.105,3.000
-2.763,-2.201,3.000
-2.632,-2.113,3.000
-2.767,-2.239,3.000
-2.609,-2.129,3.000
-2.728,-2.244,3.000
-2.582,-2.141,3.000
-2.731,-2.283,3.000
-2.701,-2.276,3.000
-2.703,-2.295,3.000
-2.553,-2.186,3.000
-2.685,-2.316,3.000
-2.552,-2.219,3.000
-2.559,-2.243,3.000
-2.534,-2.239,3.000
-2.515,-2.240,3.000
-2.522,-2.264,3.000
-2.503,-2.264,3.000
-2.595,-2.366,3.000
-2.500,-2.298,3.000
-2.606,-2.414,3.000
-2.492,-2.327,3.000
-2.597,-2.444,3.000
-2.444,-2.318,3.000
-2.424,-2.318,3.000
-2.549,-2.456,3.000
-2.416,-2.346,3.000
-2.529,-2.476,3.000
-2.388,-2.356,3.000
-2.403,-2.389,3.000
-2.394,-2.399,3.000
-2.394,-2.418,3.000
-2.485,-2.530,3.000
-2.465,-2.530,3.000
-2.341,-2.421,3.000
-2.506,-2.612,3.000
-2.445,-2.568,3.000
-2.317,-2.454,3.000
-2.425,-2.587,3.000
-2.289,-2.461,3.000
-2.400,-2.601,3.000
-2.274,-2.484,3.000
-2.273,-2.504,3.000
-2.259,-2.507,3.000
-2.244,-2.511,3.000
-2.244,-2.530,3.000
-2.220,-2.523,3.000
-2.210,-2.532,3.000
-2.326,-2.686,3.000
-2.208,-2.570,3.000
-2.185,-2.563,3.000
-2.192,-2.593,3.000
-2.173,-2.591,3.000
-2.163,-2.599,3.000
-2.153,-2.608,3.000
-2.143,-2.616,3.000
-2.119,-2.609,3.000
-2.139,-2.655,3.000
-2.116,-2.647,3.000
-2.088,-2.633,3.000
-2.201,-2.797,3.000
-2.063,-2.644,3.000
-2.191,-2.831,3.000
-2.076,-2.704,3.000
-2.152,-2.826,3.000
-2.026,-2.682,3.000
-2.138,-2.854,3.000
-2.001,-2.692,3.000
-2.120,-2.876,3.000
-1.979,-2.708,3.000
-2.069,-2.854,3.000
-1.962,-2.729,3.000
-2.078,-2.914,3.000
-1.937,-2.738,3.000
-2.040,-2.909,3.000
-1.919,-2.759,3.000
-1.916,-2.778,3.000
-1.913,-2.797,3.000
-1.890,-2.787,3.000
-1.879,-2.795,3.000
-1.880,-2.819,3.000
-1.865,-2.821,3.000
-1.827,-2.788,3.000
-1.843,-2.836,3.000
-1.828,-2.837,3.000
-1.817,-2.844,3.000
-1.813,-2.863,3.000
-1.816,-2.893,3.000
-1.765,-2.836,3.000
-1.757,-2.849,3.000
-1.846,-3.019,3.000
-1.746,-2.880,3.000
-1.833,-3.051,3.000
-1.719,-2.888,3.000
-1.795,-3.042,3.000
-1.797,-3.072,3.000
-1.737,-2.997,3.000
-1.712,-2.980,3.000
-1.617,-2.842,3.000
-1.651,-2.928,3.000
-1.592,-2.848,3.000
-1.628,-2.940,3.000
-1.573,-2.867,3.000
-1.561,-2.873,3.000
-1.560,-2.898,3.000
-1.539,-2.885,3.000
-1.531,-2.897,3.000
-1.519,-2.903,3.000
-1.508,-2.909,3.000
-1.573,-3.064,3.000
-1.488,-2.927,3.000
-1.549,-3.076,3.000
-1.449,-2.907,3.000
-1.527,-3.094,3.000
-1.439,-2.944,3.000
-1.421,-2.937,3.000
-1.416,-2.955,3.000
-1.389,-2.929,3.000
-1.390,-2.960,3.000
-1.454,-3.129,3.000
-1.372,-2.984,3.000
-1.427,-3.134,3.000
-1.308,-2.904,3.000
-1.405,-3.152,3.000
-1.328,-3.011,3.000
-1.358,-3.112,3.000
-1.273,-2.950,3.000
-1.342,-3.142,3.000
-1.239,-2.934,3.000
-1.230,-2.945,3.000
-1.211,-2.930,3.000
-1.207,-2.955,3.000
-1.233,-3.051,3.000
-1.234,-3.089,3.000
-1.164,-2.949,3.000
-1.155,-2.960,3.000
-1.180,-3.057,3.000
-1.170,-3.068,3.000
-1.183,-3.139,3.000
-1.109,-2.978,3.000
-1.177,-3.200,3.000
-1.119,-3.080,3.000
-1.136,-3.163,3.000
-1.098,-3.095,3.000
-1.085,-3.099,3.000
-1.038,-3.003,3.000
-1.088,-3.187,3.000
-1.006,-2.984,3.000
-1.054,-3.169,3.000
-0.991,-3.019,3.000
-0.975,-3.009,3.000
-0.965,-3.020,3.000
-0.964,-3.058,3.000
-0.948,-3.048,3.000
-0.936,-3.051,3.000
-0.913,-3.021,3.000
-0.910,-3.052,3.000
-0.890,-3.028,3.000
-0.884,-3.052,3.000
-0.876,-3.069,3.000
-0.908,-3.229,3.000
-0.850,-3.069,3.000
-0.877,-3.216,3.000
-0.824,-3.069,3.000
-0.844,-3.195,3.000
-0.801,-3.082,3.000
-0.791,-3.092,3.000
-0.776,-3.081,3.000
-0.808,-3.263,3.000
-0.755,-3.101,3.000
-0.741,-3.097,3.000
-0.725,-3.086,3.000
-0.720,-3.117,3.000
-0.701,-3.092,3.000
-0.694,-3.115,3.000
-0.718,-3.283,3.000
-0.668,-3.114,3.000
-0.693,-3.296,3.000
-0.643,-3.119,3.000
-0.666,-3.294,3.000
-0.658,-3.324,3.000
-0.606,-3.126,3.000
-0.630,-3.316,3.000
-0.581,-3.124,3.000
-0.600,-3.300,3.000
-0.555,-3.121,3.000
-0.575,-3.311,3.000
-0.529,-3.118,3.000
-0.546,-3.295,3.000
-0.507,-3.137,3.000
-0.520,-3.299,3.000
-0.484,-3.155,3.000
-0.498,-3.331,3.000
-0.462,-3.173,3.000
-0.470,-3.321,3.000
-0.424,-3.083,3.000
-0.420,-3.149,3.000
-0.401,-3.094,3.000
-0.420,-3.349,3.000
-0.383,-3.147,3.000
-0.383,-3.262,3.000
-0.358,-3.150,3.000
-0.338,-3.079,3.000
-0.322,-3.052,3.000
-0.311,-3.060,3.000
-0.317,-3.247,3.000
-0.293,-3.120,3.000
-0.282,-3.143,3.000
-0.265,-3.087,3.000
-0.248,-3.029,3.000
-0.255,-3.274,3.000
-0.231,-3.126,3.000
-0.230,-3.290,3.000
-0.202,-3.055,3.000
-0.204,-3.285,3.000
-0.179,-3.078,3.000
-0.168,-3.093,3.000
-0.160,-3.180,3.000
-0.143,-3.080,3.000
-0.135,-3.174,3.000
-0.129,-3.345,3.000
-0.110,-3.175,3.000
-0.103,-3.352,3.000
-0.085,-3.191,3.000
-0.077,-3.367,3.000
-0.060,-3.177,3.000
-0.048,-3.198,3.000
-0.037,-3.375,3.000
-0.023,-3.199,3.000
-0.010,-3.177,3.000
0.002,-3.184,3.000
0.015,-3.184,3.000
0.027,-3.156,3.000
0.042,-3.354,3.000
0.052,-3.184,3.000
0.068,-3.318,3.000
0.077,-3.176,3.000
0.090,-3.190,3.000
0.103,-3.204,3.000
0.115,-3.190,3.000
0.134,-3.351,3.000
0.140,-3.189,3.000
0.151,-3.152,3.000
0.165,-3.180,3.000
0.177,-3.180,3.000
0.189,-3.165,3.000
0.213,-3.347,3.000
0.213,-3.156,3.000
0.227,-3.169,3.000
0.239,-3.161,3.000
0.251,-3.167,3.000
0.284,-3.405,3.000
0.279,-3.201,3.000
0.305,-3.340,3.000
0.301,-3.156,3.000
0.319,-3.212,3.000
0.355,-3.439,3.000
0.349,-3.258,3.000
0.385,-3.464,3.000
0.375,-3.262,3.000
0.387,-3.254,3.000
0.399,-3.245,3.000
0.416,-3.272,3.000
0.425,-3.242,3.000
0.441,-3.268,3.000
0.475,-3.418,3.000
0.466,-3.258,3.000
0.504,-3.428,3.000
0.489,-3.240,3.000
0.504,-3.252,3.000
0.514,-3.229,3.000
0.527,-3.234,3.000
0.538,-3.218,3.000
0.558,-3.258,3.000
0.562,-3.207,3.000
0.608,-3.390,3.000
0.592,-3.230,3.000
0.602,-3.214,3.000
0.616,-3.218,3.000
0.630,-3.223,3.000
0.639,-3.200,3.000
0.691,-3.395,3.000
0.662,-3.188,3.000
0.715,-3.376,3.000
0.692,-3.203,3.000
0.742,-3.370,3.000
0.715,-3.191,3.000
0.729,-3.195,3.000
0.744,-3.199,3.000
0.753,-3.182,3.000
0.804,-3.342,3.000
0.783,-3.197,3.000
0.837,-3.362,3.000
0.804,-3.177,3.000
0.857,-3.328,3.000
0.833,-3.184,3.000
0.844,-3.174,3.000
0.856,-3.170,3.000
0.867,-3.160,3.000
0.883,-3.170,3.000
0.926,-3.274,3.000
0.906,-3.157,3.000
0.969,-3.326,3.000
0.920,-3.116,3.000
0.937,-3.125,3.000
1.004,-3.302,3.000
0.968,-3.138,3.000
1.034,-3.307,3.000
0.988,-3.117,3.000
1.004,-3.127,3.000
1.006,-3.089,3.000
1.029,-3.119,3.000
1.096,-3.279,3.000
1.044,-3.084,3.000
1.063,-3.100,3.000
1.068,-3.075,3.000
1.088,-3.091,3.000
1.104,-3.100,3.000
1.173,-3.252,3.000
1.129,-3.091,3.000
1.199,-3.243,3.000
1.141,-3.049,3.000
1.150,-3.038,3.000
1.232,-3.216,3.000
1.182,-3.049,3.000
1.265,-3.225,3.000
1.205,-3.040,3.000
1.251,-3.119,3.000
1.229,-3.030,3.000
1.238,-3.019,3.000
1.285,-3.098,3.000
1.305,-3.112,3.000
1.318,-3.107,3.000
1.330,-3.102,3.000
1.356,-3.128,3.000
1.349,-3.079,3.000
1.361,-3.073,3.000
1.378,-3.081,3.000
1.391,-3.075,3.000
1.457,-3.188,3.000
1.409,-3.051,3.000
1.505,-3.226,3.000
1.447,-3.072,3.000
1.539,-3.232,3.000
1.463,-3.042,3.000
1.555,-3.202,3.000
1.486,-3.030,3.000
1.489,-3.005,3.000
1.504,-3.006,3.000
1.590,-3.147,3.000
1.527,-2.994,3.000
1.621,-3.146,3.000
1.561,-3.000,3.000
1.658,-3.157,3.000
1.587,-2.994,3.000
1.676,-3.132,3.000
1.679,-3.108,3.000
1.612,-2.957,3.000
1.700,-3.089,3.000
1.605,-2.889,3.000
1.701,-3.034,3.000
1.624,-2.870,3.000
1.725,-3.020,3.000
1.737,-3.013,3.000
1.647,-2.833,3.000
1.644,-2.802,3.000
1.666,-2.814,3.000
1.684,-2.819,3.000
1.788,-2.967,3.000
1.699,-2.794,3.000
1.725,-2.811,3.000
1.732,-2.798,3.000
1.817,-2.910,3.000
1.716,-2.725,3.000
1.817,-2.860,3.000
1.734,-2.705,3.000
1.717,-2.656,3.000
1.832,-2.810,3.000
1.738,-2.643,3.000
1.850,-2.789,3.000
1.782,-2.665,3.000
1.777,-2.634,3.000
1.779,-2.615,3.000
1.802,-2.626,3.000
1.912,-2.764,3.000
1.826,-2.618,3.000
1.828,-2.599,3.000
1.838,-2.591,3.000
1.832,-2.561,3.000
1.838,-2.548,3.000
1.877,-2.581,3.000
1.887,-2.574,3.000
2.002,-2.708,3.000
1.895,-2.542,3.000
2.019,-2.687,3.000
1.923,-2.538,3.000
2.044,-2.676,3.000
1.934,-2.512,3.000
2.057,-2.649,3.000
1.945,-2.485,3.000
2.099,-2.660,3.000
1.982,-2.492,3.000
2.107,-2.628,3.000
2.002,-2.477,3.000
2.007,-2.463,3.000
2.138,-2.603,3.000
2.013,-2.431,3.000
2.036,-2.439,3.000
2.046,-2.431,3.000
2.169,-2.558,3.000
2.079,-2.431,3.000
2.189,-2.541,3.000
2.088,-2.404,3.000
2.093,-2.391,3.000
2.228,-2.525,3.000
2.112,-2.374,3.000
2.130,-2.377,3.000
2.140,-2.368,3.000
2.268,-2.490,3.000
2.158,-2.351,3.000
2.148,-2.322,3.000
2.292,-2.458,3.000
2.191,-2.331,3.000
2.311,-2.440,3.000
2.273,-2.380,3.000
2.208,-2.295,3.000
2.257,-2.327,3.000
2.221,-2.272,3.000
2.245,-2.279,3.000
2.234,-2.250,3.000
2.237,-2.236,3.000
2.251,-2.232,3.000
2.270,-2.233,3.000
2.410,-2.352,3.000
2.277,-2.205,3.000
2.291,-2.201,3.000
2.428,-2.314,3.000
2.324,-2.198,3.000
2.516,-2.361,3.000
2.310,-2.150,3.000
2.469,-2.281,3.000
2.321,-2.127,3.000
2.507,-2.280,3.000
2.365,-2.133,3.000
2.504,-2.241,3.000
2.492,-2.213,3.000
2.303,-2.029,3.000
2.392,-2.091,3.000
2.335,-2.025,3.000
2.343,-2.016,3.000
2.345,-2.002,3.000
2.348,-1.988,3.000
2.383,-2.002,3.000
2.369,-1.974,3.000
2.382,-1.969,3.000
2.534,-2.078,3.000
2.386,-1.941,3.000
2.539,-2.049,3.000
2.384,-1.909,3.000
2.426,-1.927,3.000
2.557,-2.015,3.000
2.430,-1.899,3.000
2.584,-2.003,3.000
2.363,-1.817,3.000
2.509,-1.914,3.000
2.371,-1.794,3.000
2.472,-1.855,3.000
2.485,-1.849,3.000
2.522,-1.861,3.000
2.476,-1.813,3.000
2.560,-1.858,3.000
2.407,-1.733,3.000
2.592,-1.851,3.000
2.444,-1.731,3.000
2.582,-1.814,3.000
2.434,-1.695,3.000
2.597,-1.793,3.000
2.453,-1.680,3.000
2.652,-1.801,3.000
2.460,-1.657,3.000
2.606,-1.740,3.000
2.498,-1.654,3.000
2.644,-1.736,3.000
2.498,-1.626,3.000
2.498,-1.612,3.000
2.670,-1.708,3.000
2.529,-1.604,3.000
2.720,-1.710,3.000
2.523,-1.573,3.000
2.746,-1.696,3.000
2.548,-1.560,3.000
2.692,-1.634,3.000
2.554,-1.537,3.000
2.573,-1.534,3.000
2.547,-1.505,3.000
2.735,-1.602,3.000
2.571,-1.493,3.000
2.577,-1.482,3.000
2.576,-1.469,3.000
2.779,-1.570,3.000
2.588,-1.448,3.000
2.760,-1.530,3.000
2.599,-1.428,3.000
2.791,-1.519,3.000
2.630,-1.418,3.000
2.790,-1.490,3.000
2.595,-1.373,3.000
2.646,-1.387,3.000
2.619,-1.360,3.000
2.644,-1.359,3.000
2.825,-1.438,3.000
2.655,-1.339,3.000
2.830,-1.413,3.000
2.665,-1.318,3.000
2.847,-1.394,3.000
2.689,-1.303,3.000
2.674,-1.283,3.000
2.665,-1.266,3.000
2.704,-1.272,3.000
2.722,-1.267,3.000
2.707,-1.247,3.000
2.891,-1.318,3.000
2.750,-1.241,3.000
2.795,-1.248,3.000
2.733,-1.207,3.000
2.898,-1.267,3.000
2.742,-1.186,3.000
2.699,-1.155,3.000
2.648,-1.121,3.000
2.632,-1.102,3.000
2.706,-1.120,3.000
2.668,-1.092,3.000
2.687,-1.087,3.000
2.684,-1.074,3.000
2.744,-1.086,3.000
2.685,-1.050,3.000
2.668,-1.032,3.000
2.686,-1.027,3.000
2.704,-1.021,3.000
2.673,-0.997,3.000
2.705,-0.997,3.000
2.883,-1.050,3.000
2.706,-0.974,3.000
2.898,-1.030,3.000
2.721,-0.955,3.000
2.920,-1.012,3.000
2.721,-0.931,3.000
2.746,-0.928,3.000
2.856,-0.952,3.000
2.732,-0.899,3.000
2.728,-0.886,3.000
2.732,-0.875,3.000
2.749,-0.869,3.000
2.731,-0.851,3.000
2.933,-0.902,3.000
2.937,-0.890,3.000
2.770,-0.828,3.000
2.930,-0.863,3.000
2.755,-0.800,3.000
2.943,-0.842,3.000
2.775,-0.782,3.000
2.771,-0.769,3.000
2.946,-0.805,3.000
2.718,-0.732,3.000
2.945,-0.780,3.000
2.775,-0.724,3.000
2.778,-0.713,3.000
2.774,-0.700,3.000
2.791,-0.693,3.000
2.772,-0.676,3.000
2.891,-0.694,3.000
2.806,-0.662,3.000
2.831,-0.656,3.000
2.804,-0.638,3.000
2.909,-0.650,3.000
2.904,-0.637,3.000
2.863,-0.616,3.000
3.109,-0.656,3.000
2.904,-0.601,3.000
2.826,-0.573,3.000
3.102,-0.617,3.000
2.911,-0.567,3.000
3.107,-0.592,3.000
2.930,-0.547,3.000
3.119,-0.569,3.000
2.927,-0.522,3.000
2.958,-0.516,3.000
3.111,-0.530,3.000
2.940,-0.489,3.000
3.143,-0.510,3.000
2.944,-0.466,3.000
3.119,-0.481,3.000
2.947,-0.443,3.000
3.200,-0.468,3.000
2.951,-0.420,3.000
3.147,-0.435,3.000
2.961,-0.397,3.000
2.948,-0.384,3.000
2.950,-0.372,3.000
2.944,-0.360,3.000
2.952,-0.349,3.000
2.946,-0.337,3.000
2.955,-0.326,3.000
2.971,-0.316,3.000
2.943,-0.301,3.000
2.951,-0.290,3.000
2.945,-0.278,3.000
2.968,-0.269,3.000
2.969,-0.257,3.000
2.956,-0.244,3.000
3.175,-0.250,3.000
2.980,-0.222,3.000
2.973,-0.210,3.000
3.170,-0.212,3.000
3.004,-0.189,3.000
2.975,-0.175,3.000
2.998,-0.165,3.000
2.947,-0.150,3.000
2.977,-0.140,3.000
3.160,-0.136,3.000
2.986,-0.117,3.000
3.110,-0.110,3.000
2.897,-0.091,3.000
3.060,-0.084,3.000
2.860,-0.067,3.000
3.068,-0.060,3.000
2.921,-0.046,3.000
3.054,-0.036,3.000
2.853,-0.022,3.000
3.010,-0.012,3.500
3.083,0.000,3.500
2.973,0.012,3.500
3.234,0.026,3.500
3.054,0.036,3.500
3.248,0.051,3.500
3.075,0.061,3.500
3.169,0.075,3.500
3.060,0.084,3.500
2.964,0.093,3.500
3.168,0.112,3.500
3.074,0.121,3.500
2.963,0.128,3.500
2.962,0.140,3.500
2.977,0.152,3.500
2.998,0.165,3.500
3.027,0.179,3.500
3.142,0.198,3.500
2.974,0.199,3.500
3.126,0.221,3.500
2.965,0.222,3.500
3.160,0.249,3.500
2.978,0.246,3.500
2.955,0.256,3.500
2.968,0.269,3.500
2.967,0.281,3.500
2.959,0.291,3.500
2.987,0.306,3.500
2.949,0.314,3.500
2.948,0.325,3.500
2.954,0.338,3.500
3.141,0.372,3.500
2.944,0.360,3.500
2.935,0.371,3.500
2.963,0.386,3.500
2.954,0.397,3.500
2.923,0.404,3.500
2.980,0.424,3.500
3.130,0.458,3.500
2.874,0.432,3.500
2.901,0.448,3.500
2.944,0.466,3.500
2.935,0.477,3.500
2.962,0.493,3.500
2.960,0.505,3.500
2.958,0.516,3.500
3.100,0.553,3.500
2.932,0.535,3.500
3.109,0.580,3.500
2.928,0.558,3.500
3.105,0.605,3.500
2.938,0.584,3.500
3.114,0.632,3.500
2.919,0.604,3.500
3.088,0.652,3.500
2.914,0.627,3.500
3.047,0.668,3.500
2.909,0.650,3.500
2.877,0.655,3.500
2.896,0.671,3.500
2.901,0.684,3.500
2.869,0.689,3.500
2.910,0.711,3.500
3.077,0.764,3.500
2.875,0.726,3.500
3.064,0.786,3.500
2.905,0.758,3.500
3.057,0.810,3.500
2.871,0.773,3.500
3.044,0.833,3.500
2.857,0.794,3.500
2.996,0.845,3.500
2.873,0.822,3.500
3.037,0.882,3.500
2.852,0.840,3.500
2.841,0.850,3.500
3.102,0.941,3.500
2.849,0.876,3.500
2.999,0.935,3.500
2.828,0.894,3.500
2.824,0.905,3.500
2.806,0.912,3.500
2.817,0.927,3.500
2.862,0.955,3.500
2.803,0.947,3.500
2.813,0.963,3.500
2.823,0.979,3.500
2.826,0.992,3.500
2.829,1.006,3.500
2.804,1.009,3.500
2.779,1.013,3.500
2.974,1.097,3.500
2.799,1.045,3.500
2.939,1.110,3.500
2.777,1.062,3.500
2.937,1.136,3.500
2.741,1.072,3.500
2.785,1.102,3.500
2.774,1.111,3.500
2.749,1.113,3.500
2.765,1.132,3.500
2.754,1.140,3.500
2.756,1.154,3.500
2.919,1.236,3.500
2.720,1.164,3.500
2.823,1.221,3.500
2.621,1.146,3.500
2.893,1.279,3.500
2.633,1.176,3.500
2.857,1.289,3.500
2.596,1.184,3.500
2.707,1.247,3.500
2.722,1.267,3.500
2.595,1.221,3.500
2.679,1.273,3.500
2.653,1.274,3.500
2.682,1.300,3.500
2.710,1.327,3.500
2.564,1.268,3.500
2.726,1.361,3.500
2.654,1.339,3.500
2.818,1.436,3.500
2.644,1.360,3.500
2.612,1.356,3.500
2.567,1.346,3.500
2.621,1.387,3.500
2.635,1.408,3.500
2.739,1.478,3.500
2.565,1.397,3.500
2.683,1.474,3.500
2.502,1.388,3.500
2.588,1.449,3.500
2.678,1.513,3.500
2.492,1.421,3.500
2.691,1.549,3.500
2.487,1.444,3.500
2.679,1.570,3.500
2.527,1.494,3.500
2.489,1.485,3.500
2.503,1.506,3.500
2.579,1.566,3.500
2.510,1.537,3.500
2.535,1.567,3.500
2.592,1.616,3.500
2.479,1.559,3.500
2.422,1.536,3.500
2.535,1.622,3.500
2.627,1.696,3.500
2.448,1.594,3.500
2.577,1.692,3.500
2.485,1.646,3.500
2.612,1.745,3.500
2.557,1.723,3.500
2.385,1.620,3.500
2.538,1.738,3.500
2.366,1.635,3.500
2.506,1.746,3.500
2.353,1.653,3.500
2.498,1.770,3.500
2.322,1.658,3.500
2.334,1.681,3.500
2.339,1.699,3.500
2.326,1.703,3.500
2.301,1.699,3.500
2.337,1.740,3.500
2.431,1.824,3.500
2.293,1.735,3.500
2.281,1.740,3.500
2.409,1.853,3.500
2.267,1.758,3.500
2.266,1.771,3.500
2.265,1.785,3.500
2.391,1.900,3.500
2.239,1.793,3.500
2.399,1.937,3.500
2.219,1.806,3.500
2.247,1.843,3.500
2.199,1.818,3.500
2.209,1.841,3.500
2.196,1.845,3.500
2.189,1.854,3.500
2.182,1.862,3.500
2.315,1.992,3.500
2.184,1.894,3.500
2.165,1.893,3.500
2.297,2.024,3.500
2.150,1.910,3.500
2.281,2.042,3.500
2.135,1.927,3.500
2.265,2.060,3.500
2.192,2.009,3.500
2.118,1.957,3.500
2.240,2.086,3.500
2.091,1.963,3.500
2.084,1.971,3.500
2.232,2.128,3.500
2.074,1.993,3.500
2.087,2.022,3.500
2.047,1.998,3.500
2.045,2.012,3.500
2.179,2.161,3.500
1.997,1.996,3.500
2.157,2.173,3.500
2.023,2.054,3.500
1.941,1.986,3.500
2.291,2.363,3.500
1.941,2.018,3.500
2.109,2.209,3.500
1.899,2.005,3.500
1.886,2.007,3.500
2.017,2.164,3.500
1.875,2.027,3.500
2.010,2.191,3.500
1.880,2.065,3.500
1.973,2.184,3.500
1.843,2.057,3.500
1.835,2.064,3.500
1.837,2.083,3.500
1.829,2.090,3.500
1.811,2.085,3.500
1.792,2.081,3.500
1.814,2.123,3.500
1.781,2.101,3.500
1.788,2.125,3.500
1.895,2.271,3.500
1.766,2.133,3.500
1.758,2.140,3.500
1.749,2.147,3.500
1.741,2.154,3.500
1.718,2.143,3.500
1.714,2.156,3.500
1.715,2.174,3.500
1.832,2.341,3.500
1.809,2.331,3.500
1.694,2.200,3.500
1.777,2.327,3.500
1.677,2.214,3.500
1.777,2.365,3.500
1.627,2.184,3.500
1.632,2.209,3.500
1.749,2.386,3.500
1.629,2.240,3.500
1.713,2.375,3.500
1.543,2.158,3.500
1.677,2.364,3.500
1.562,2.221,3.500
1.531,2.195,3.500
1.518,2.195,3.500
1.510,2.201,3.500
1.492,2.194,3.500
1.484,2.200,3.500
1.475,2.206,3.500
1.585,2.391,3.500
1.462,2.224,3.500
1.453,2.229,3.500
1.440,2.229,3.500
1.427,2.228,3.500
1.534,2.415,3.500
1.520,2.414,3.500
1.401,2.244,3.500
1.400,2.263,3.500
1.507,2.458,3.500
1.382,2.274,3.500
1.515,2.515,3.500
1.384,2.318,3.500
1.355,2.290,3.500
1.455,2.481,3.500
1.334,2.294,3.500
1.428,2.479,3.500
1.327,2.325,3.500
1.314,2.323,3.500
1.297,2.314,3.500
1.307,2.354,3.500
1.279,2.325,3.500
1.277,2.343,3.500
1.268,2.348,3.500
1.346,2.516,3.500
1.253,2.365,3.500
1.337,2.546,3.500
1.323,2.545,3.500
1.306,2.537,3.500
1.216,2.384,3.500
1.297,2.567,3.500
1.286,2.572,3.500
1.270,2.564,3.500
1.161,2.368,3.500
1.308,2.694,3.500
1.150,2.391,3.500
1.223,2.570,3.500
1.127,2.393,3.500
1.121,2.405,3.500
1.196,2.591,3.500
1.099,2.406,3.500
1.166,2.579,3.500
1.090,2.436,3.500
1.102,2.490,3.500
1.126,2.572,3.500
1.055,2.435,3.500
1.112,2.595,3.500
1.036,2.443,3.500
1.109,2.645,3.500
1.019,2.458,3.500
1.019,2.484,3.500
1.067,2.630,3.500
0.993,2.477,3.500
1.057,2.666,3.500
0.977,2.492,3.500
1.031,2.661,3.500
0.957,2.500,3.500
1.007,2.661,3.500
0.927,2.478,3.500
0.989,2.676,3.500
0.944,2.587,3.500
0.968,2.684,3.500
0.985,2.766,3.500
0.991,2.819,3.500
0.896,2.580,3.500
0.903,2.634,3.500
0.883,2.609,3.500
0.890,2.663,3.500
0.860,2.608,3.500
0.869,2.670,3.500
0.911,2.838,3.500
0.832,2.625,3.500
0.882,2.824,3.500
0.811,2.632,3.500
0.858,2.823,3.500
0.790,2.638,3.500
0.787,2.663,3.500
0.823,2.826,3.500
0.816,2.844,3.500
0.757,2.680,3.500
0.793,2.850,3.500
0.734,2.678,3.500
0.747,2.769,3.500
0.711,2.677,3.500
0.703,2.687,3.500
0.715,2.778,3.500
0.704,2.781,3.500
0.704,2.827,3.500
0.717,2.931,3.500
0.667,2.774,3.500
0.706,2.986,3.500
0.646,2.779,3.500
0.635,2.782,3.500
0.676,3.016,3.500
0.615,2.794,3.500
0.605,2.804,3.500
0.596,2.813,3.500
0.578,2.786,3.500
0.571,2.803,3.500
0.565,2.835,3.500
0.588,3.012,3.500
0.539,2.817,3.500
0.546,2.915,3.500
0.537,2.932,3.500
0.526,2.934,3.500
0.513,2.929,3.500
0.501,2.931,3.500
0.521,3.120,3.500
0.506,3.108,3.500
0.470,2.958,3.500
0.485,3.133,3.500
0.444,2.940,3.500
0.433,2.949,3.500
0.415,2.906,3.500
0.411,2.959,3.500
0.403,2.990,3.500
0.384,2.933,3.500
0.376,2.964,3.500
0.363,2.951,3.500
0.351,2.952,3.500
0.351,3.056,3.500
0.326,2.940,3.500
0.343,3.202,3.500
0.311,3.016,3.500
0.317,3.197,3.500
0.292,3.069,3.500
0.282,3.100,3.500
0.276,3.165,3.500
0.255,3.065,3.500
0.257,3.246,3.500
0.232,3.075,3.500
0.220,3.076,3.500
0.208,3.091,3.500
0.206,3.249,3.500
0.179,3.005,3.500
0.182,3.279,3.500
0.167,3.230,3.500
0.147,3.080,3.500
0.135,3.080,3.500
0.123,3.074,3.500
0.111,3.081,3.500
0.099,3.096,3.500
0.086,3.068,3.500
0.079,3.262,3.500
0.062,3.075,3.500
0.051,3.134,3.500
0.038,3.105,3.500
0.026,3.105,3.500
0.015,3.242,3.500
0.002,3.156,3.500
-0.010,3.091,3.500
-0.025,3.389,3.500
-0.035,3.090,3.500
-0.047,3.105,3.500
-0.059,3.105,3.500
-0.071,3.090,3.500
-0.082,3.053,3.500
-0.095,3.082,3.500
-0.106,3.060,3.500
-0.127,3.282,3.500
-0.131,3.081,3.500
-0.143,3.073,3.500
-0.164,3.252,3.500
-0.168,3.086,3.500
-0.180,3.093,3.500
-0.193,3.092,3.500
-0.203,3.069,3.500
-0.213,3.039,3.500
-0.227,3.068,3.500
-0.241,3.089,3.500
-0.252,3.073,3.500
-0.263,3.065,3.500
-0.275,3.056,3.500
-0.292,3.106,3.500
-0.324,3.310,3.500
-0.323,3.175,3.500
-0.344,3.252,3.500
-0.341,3.108,3.500
-0.352,3.100,3.500
-0.390,3.310,3.500
-0.372,3.061,3.500
-0.420,3.342,3.500
-0.410,3.165,3.500
-0.407,3.049,3.500
-0.434,3.155,3.500
-0.446,3.146,3.500
-0.445,3.058,3.500
-0.472,3.157,3.500
-0.485,3.155,3.500
-0.498,3.160,3.500
-0.505,3.122,3.500
-0.521,3.142,3.500
-0.534,3.147,3.500
-0.574,3.304,3.500
-0.558,3.135,3.500
-0.607,3.334,3.500
-0.586,3.152,3.500
-0.591,3.107,3.500
-0.643,3.313,3.500
-0.622,3.138,3.500
-0.629,3.107,3.500
-0.638,3.091,3.500
-0.659,3.130,3.500
-0.665,3.100,3.500
-0.680,3.111,3.500
-0.693,3.108,3.500
-0.708,3.120,3.500
-0.717,3.103,3.500
-0.719,3.058,3.500
-0.743,3.104,3.500
-0.750,3.080,3.500
-0.766,3.091,3.500
-0.781,3.102,3.500
-0.788,3.078,3.500
-0.800,3.075,3.500
-0.861,3.256,3.500
-0.828,3.082,3.500
-0.836,3.065,3.500
-0.895,3.232,3.500
-0.860,3.059,3.500
-0.925,3.239,3.500
-0.888,3.066,3.500
-0.940,3.198,3.500
-0.908,3.045,3.500
-0.924,3.055,3.500
-0.940,3.065,3.500
-0.992,3.189,3.500
-0.956,3.030,3.500
-1.024,3.201,3.500
-0.980,3.023,3.500
-1.051,3.200,3.500
-1.006,3.022,3.500
-1.074,3.185,3.500
-1.025,3.000,3.500
-1.097,3.170,3.500
-1.055,3.012,3.500
-1.121,3.161,3.500
-1.081,3.011,3.500
-1.088,2.993,3.500
-1.105,3.002,3.500
-1.114,2.991,3.500
-1.183,3.138,3.500
-1.196,3.134,3.500
-1.157,2.998,3.500
-1.235,3.163,3.500
-1.167,2.955,3.500
-1.260,3.153,3.500
-1.196,2.959,3.500
-1.208,2.954,3.500
-1.208,2.923,3.500
-1.233,2.951,3.500
-1.303,3.083,3.500
-1.254,2.935,3.500
-1.332,3.086,3.500
-1.277,2.925,3.500
-1.348,3.056,3.500
-1.306,2.928,3.500
-1.381,3.064,3.500
-1.404,3.084,3.500
-1.325,2.880,3.500
-1.336,2.875,3.500
-1.426,3.036,3.500
-1.377,2.903,3.500
-1.373,2.865,3.500
-1.473,3.044,3.500
-1.392,2.848,3.500
-1.491,3.020,3.500
-1.421,2.850,3.500
-1.426,2.831,3.500
-1.536,3.021,3.500
-1.455,2.833,3.500
-1.456,2.808,3.500
-1.490,2.847,3.500
-1.484,2.809,3.500
-1.595,2.990,3.500
-1.503,2.791,3.500
-1.500,2.760,3.500
-1.539,2.804,3.500
-1.529,2.761,3.500
-1.647,2.946,3.500
-1.648,2.921,3.500
-1.690,2.969,3.500
-1.678,2.920,3.500
-1.601,2.761,3.500
-1.760,3.008,3.500
-1.619,2.742,3.500
-1.626,2.730,3.500
-1.637,2.723,3.500
-1.658,2.735,3.500
-1.654,2.704,3.500
-1.754,2.842,3.500
-1.679,2.697,3.500
-1.674,2.666,3.500
-1.700,2.684,3.500
-1.738,2.720,3.500
-1.825,2.831,3.500
-1.740,2.676,3.500
-1.777,2.711,3.500
-1.749,2.644,3.500
-1.787,2.679,3.500
-1.884,2.800,3.500
-1.780,2.623,3.500
-1.794,2.622,3.500
-1.816,2.633,3.500
-1.915,2.753,3.500
-1.837,2.619,3.500
-1.839,2.600,3.500
-1.866,2.616,3.500
-1.859,2.585,3.500
-1.870,2.578,3.500
-1.888,2.582,3.500
-1.885,2.557,3.500
-1.887,2.538,3.500
-2.024,2.701,3.500
-1.911,2.529,3.500
-1.934,2.539,3.500
-2.047,2.666,3.500
-1.945,2.512,3.500
-2.072,2.655,3.500
-1.956,2.486,3.500
-2.041,2.573,3.500
-1.984,2.481,3.500
-2.052,2.546,3.500
-2.017,2.482,3.500
-2.023,2.469,3.500
-2.087,2.527,3.500
-2.212,2.657,3.500
-2.102,2.505,3.500
-2.220,2.624,3.500
-2.121,2.488,3.500
-2.258,2.628,3.500
-2.255,2.603,3.500
-2.151,2.463,3.500
-2.280,2.591,3.500
-2.160,2.436,3.500
-2.193,2.453,3.500
-2.273,2.523,3.500
-2.203,2.426,3.500
-2.330,2.545,3.500
-2.217,2.403,3.500
-2.341,2.517,3.500
-2.241,2.391,3.500
-2.374,2.513,3.500
-2.255,2.368,3.500
-2.399,2.500,3.500
-2.283,2.360,3.500
-2.302,2.362,3.500
-2.287,2.327,3.500
-2.433,2.457,3.500
-2.320,2.324,3.500
-2.319,2.305,3.500
-2.467,2.433,3.500
-2.347,2.297,3.500
-2.476,2.404,3.500
-2.355,2.269,3.500
-2.379,2.274,3.500
-2.553,2.421,3.500
-2.371,2.231,3.500
-2.537,2.369,3.500
-2.399,2.222,3.500
-2.551,2.344,3.500
-2.560,2.334,3.500
-2.420,2.189,3.500
-2.481,2.226,3.500
-2.582,2.299,3.500
-2.451,2.165,3.500
-2.464,2.160,3.500
-2.609,2.269,3.500
-2.492,2.150,3.500
-2.506,2.144,3.500
-2.651,2.251,3.500
-2.549,2.147,3.500
-2.664,2.226,3.500
-2.588,2.145,3.500
-2.676,2.200,3.500
-2.550,2.080,3.500
-2.575,2.084,3.500
-2.718,2.182,3.500
-2.574,2.050,3.500
-2.560,2.023,3.500
-2.651,2.077,3.500
-2.598,2.020,3.500
-2.634,2.031,3.500
-2.625,2.008,3.500
-2.814,2.135,3.500
-2.652,1.996,3.500
-2.688,2.006,3.500
-2.690,1.991,3.500
-2.715,1.993,3.500
-2.883,2.099,3.500
-2.730,1.972,3.500
-2.861,2.049,3.500
-2.746,1.950,3.500
-2.904,2.046,3.500
-2.727,1.905,3.500
-2.981,2.065,3.500
-2.770,1.903,3.500
-2.812,1.915,3.500
-2.916,1.969,3.500
-2.798,1.874,3.500
-2.993,1.987,3.500
-2.813,1.852,3.500
-2.838,1.852,3.500
-2.988,1.934,3.500
-2.841,1.822,3.500
-2.853,1.815,3.500
-2.849,1.796,3.500
-2.844,1.778,3.500
-2.857,1.770,3.500
-2.876,1.766,3.500
-2.883,1.755,3.500
-2.890,1.744,3.500
-3.031,1.813,3.500
-2.891,1.714,3.500
-3.080,1.810,3.500
-2.917,1.698,3.500
-2.947,1.701,3.500
-3.084,1.763,3.500
-3.085,1.748,3.500
-2.979,1.672,3.500
-2.925,1.627,3.500
-2.968,1.636,3.500
-2.950,1.611,3.500
-2.975,1.609,3.500
-3.119,1.672,3.500
-2.981,1.582,3.500
-3.121,1.641,3.500
-3.012,1.569,3.500
-3.157,1.629,3.500
-2.981,1.523,3.500
-3.170,1.604,3.500
-3.011,1.509,3.500
-3.017,1.497,3.500
-3.183,1.563,3.500
-3.035,1.476,3.500
-3.219,1.550,3.500
-3.040,1.449,3.500
-3.213,1.516,3.500
-3.077,1.437,3.500
-3.231,1.494,3.500
-3.050,1.396,3.500
-3.230,1.463,3.500
-3.248,1.456,3.500
-3.242,1.437,3.500
-3.091,1.356,3.500
-3.253,1.412,3.500
-3.095,1.329,3.500
-3.125,1.328,3.500
-3.269,1.373,3.500
-3.104,1.290,3.500
-3.115,1.280,3.500
-3.120,1.268,3.500
-3.493,1.403,3.500
-3.143,1.248,3.500
-3.418,1.342,3.500
-3.153,1.224,3.500
-3.423,1.313,3.500
-3.136,1.189,3.500
-3.308,1.239,3.500
-3.139,1.162,3.500
-3.176,1.162,3.500
-3.181,1.149,3.500
-3.192,1.139,3.500
-3.344,1.179,3.500
-3.317,1.154,3.500
-3.179,1.092,3.500
-3.358,1.139,3.500
-3.200,1.072,3.500
-3.204,1.059,3.500
-3.460,1.129,3.500
-3.206,1.032,3.500
-3.217,1.021,3.500
-3.194,1.000,3.500
-3.211,0.992,3.500
-3.248,0.989,3.500
-3.259,0.979,3.500
-3.413,1.010,3.500
-3.240,0.945,3.500
-3.408,0.980,3.500
-3.227,0.914,3.500
-3.244,0.905,3.500
-3.413,0.938,3.500
-3.244,0.878,3.500
-3.248,0.865,3.500
-3.278,0.859,3.500
-3.361,0.867,3.500
-3.365,0.854,3.500
-3.335,0.832,3.500
-3.384,0.831,3.500
-3.401,0.821,3.500
-3.378,0.801,3.500
-3.381,0.788,3.500
-3.561,0.815,3.500
-3.393,0.763,3.500
-3.560,0.786,3.500
-3.557,0.770,3.500
-3.369,0.716,3.500
-3.569,0.744,3.500
-3.408,0.696,3.500
-3.569,0.714,3.500
-3.400,0.667,3.500
-3.416,0.656,3.500
-3.398,0.639,3.500
-3.421,0.629,3.500
-3.437,0.618,3.500
-3.412,0.600,3.500
-3.414,0.586,3.500
-3.423,0.574,3.500
-3.419,0.559,3.500
-3.435,0.548,3.500
-3.609,0.562,3.500
-3.559,0.539,3.500
-3.434,0.507,3.500
-3.622,0.520,3.500
-3.418,0.477,3.500
-3.639,0.493,3.500
-3.428,0.451,3.500
-3.669,0.468,3.500
-3.465,0.428,3.500
-3.433,0.411,3.500
-3.661,0.423,3.500
-3.477,0.388,3.500
-3.625,0.390,3.500
-3.480,0.361,3.500
-3.461,0.345,3.500
-3.616,0.346,3.500
-3.470,0.319,3.500
-3.632,0.319,3.500
-3.493,0.293,3.500
-3.641,0.291,3.500
-3.441,0.261,3.500
-3.483,0.251,3.500
-3.456,0.235,3.500
-3.464,0.222,3.500
-3.479,0.209,3.500
-3.660,0.206,3.500
-3.466,0.181,3.500
-3.629,0.176,3.500
-3.461,0.154,3.500
-3.650,0.148,3.500
-3.462,0.127,3.500
-3.469,0.113,3.500
-3.470,0.100,3.500
-3.652,0.091,3.500
-3.665,0.077,3.500
-3.619,0.061,3.500
-3.471,0.045,3.500
-3.478,0.032,3.500
-3.471,0.018,3.500
-3.485,0.004,3.500
-3.464,-0.009,3.500
-3.485,-0.023,3.500
-3.619,-0.038,3.500
-3.485,-0.050,3.500
-3.652,-0.067,3.500
-3.498,-0.078,3.500
-3.632,-0.095,3.500
-3.456,-0.104,3.500
-3.490,-0.119,3.500
-3.469,-0.132,3.500
-3.365,-0.141,3.500
-3.529,-0.162,3.500
-3.371,-0.168,3.500
-3.561,-0.191,3.500
-3.355,-0.194,3.500
-3.362,-0.207,3.500
-3.511,-0.230,3.500
-3.353,-0.233,3.500
-3.543,-0.260,3.500
-3.358,-0.260,3.500
-3.364,-0.274,3.500
-3.363,-0.287,3.500
-3.341,-0.298,3.500
-3.374,-0.314,3.500
-3.352,-0.326,3.500
-3.351,-0.339,3.500
-3.363,-0.353,3.500
-3.383,-0.369,3.500
-3.449,-0.390,3.500
-3.542,-0.414,3.500
-3.357,-0.406,3.500
-3.376,-0.422,3.500
-3.436,-0.443,3.500
-3.414,-0.454,3.500
-3.405,-0.466,3.500
-3.458,-0.487,3.500
-3.589,-0.520,3.500
-3.427,-0.510,3.500
-3.598,-0.550,3.500
-3.402,-0.534,3.500
-3.427,-0.552,3.500
-3.418,-0.564,3.500
-3.402,-0.575,3.500
-3.580,-0.620,3.500
-3.590,-0.636,3.500
-3.409,-0.618,3.500
-3.427,-0.635,3.500
-3.589,-0.680,3.500
-3.408,-0.659,3.500
-3.405,-0.673,3.500
-3.581,-0.722,3.500
-3.407,-0.701,3.500
-3.594,-0.754,3.500
-3.394,-0.726,3.500
-3.392,-0.739,3.500
-3.389,-0.753,3.500
-3.543,-0.802,3.500
-3.309,-0.762,3.500
-3.537,-0.829,3.500
-3.356,-0.801,3.500
-3.406,-0.827,3.500
-3.357,-0.829,3.500
-3.360,-0.844,3.500
-3.436,-0.877,3.500
-3.340,-0.867,3.500
-3.363,-0.887,3.500
-3.522,-0.943,3.500
-3.330,-0.906,3.500
-3.326,-0.919,3.500
-3.511,-0.985,3.500
-3.332,-0.949,3.500
-3.335,-0.964,3.500
-3.499,-1.026,3.500
-3.327,-0.990,3.500
-3.503,-1.057,3.500
-3.326,-1.018,3.500
-3.302,-1.025,3.500
-3.324,-1.046,3.500
-3.455,-1.102,3.500
-3.544,-1.146,3.500
-3.292,-1.079,3.500
-3.268,-1.085,3.500
-3.437,-1.156,3.500
-3.273,-1.115,3.500
-3.275,-1.130,3.500
-3.283,-1.148,3.500
-3.418,-1.210,3.500
-3.281,-1.176,3.500
-3.257,-1.182,3.500
-3.265,-1.199,3.500
-3.254,-1.210,3.500
-3.243,-1.220,3.500
-3.244,-1.235,3.500
-3.271,-1.260,3.500
-3.366,-1.312,3.500
-3.242,-1.278,3.500
-3.243,-1.293,3.500
-3.375,-1.361,3.500
-3.227,-1.316,3.500
-3.215,-1.326,3.500
-3.341,-1.393,3.500
-3.224,-1.360,3.500
-3.187,-1.359,3.500
-3.169,-1.366,3.500
-3.182,-1.386,3.500
-3.089,-1.360,3.500
-3.159,-1.406,3.500
-3.197,-1.438,3.500
-3.053,-1.388,3.500
-3.061,-1.406,3.500
-3.049,-1.415,3.500
-3.204,-1.502,3.500
-3.044,-1.442,3.500
-3.044,-1.456,3.500
-3.045,-1.471,3.500
-3.033,-1.480,3.500
-3.027,-1.492,3.500
-3.015,-1.501,3.500
-3.186,-1.602,3.500
-3.003,-1.525,3.500
-3.016,-1.546,3.500
-3.137,-1.624,3.500
-2.985,-1.560,3.500
-2.991,-1.578,3.500
-2.979,-1.587,3.500
-2.972,-1.598,3.500
-3.111,-1.688,3.500
-2.954,-1.618,3.500
-2.947,-1.630,3.500
-2.935,-1.638,3.500
-2.947,-1.660,3.500
-3.071,-1.746,3.500
-2.915,-1.672,3.500
-3.069,-1.776,3.500
-2.956,-1.727,3.500
-3.113,-1.834,3.500
-2.919,-1.736,3.500
-3.144,-1.886,3.500
-3.004,-1.819,3.500
-3.117,-1.904,3.500
-2.961,-1.824,3.500
-3.085,-1.918,3.500
-2.947,-1.848,3.500
-3.076,-1.945,3.500
-2.921,-1.863,3.500
-2.925,-1.882,3.500
-3.108,-2.017,3.500
-2.955,-1.935,3.500
-2.970,-1.961,3.500
-3.106,-2.068,3.500
-2.949,-1.981,3.500
-2.947,-1.996,3.500
-3.087,-2.109,3.500
-2.914,-2.008,3.500
-2.934,-2.038,3.500
-3.051,-2.137,3.500
-2.913,-2.057,3.500
-3.050,-2.173,3.500
-2.880,-2.069,3.500
-2.899,-2.100,3.500
-2.880,-2.103,3.500
-2.872,-2.114,3.500
-2.853,-2.117,3.500
-2.850,-2.133,3.500
-2.836,-2.140,3.500
-2.833,-2.155,3.500
-2.824,-2.166,3.500
-2.957,-2.287,3.500
-2.797,-2.180,3.500
-2.793,-2.195,3.500
-2.935,-2.325,3.500
-2.921,-2.333,3.500
-2.773,-2.232,3.500
-2.764,-2.243,3.500
-2.832,-2.317,3.500
-2.741,-2.260,3.500
-2.732,-2.271,3.500
-2.855,-2.392,3.500
-2.831,-2.391,3.500
-2.715,-2.312,3.500
-2.701,-2.318,3.500
-2.697,-2.333,3.500
-2.693,-2.348,3.500
-2.663,-2.341,3.500
-2.664,-2.360,3.500
-2.650,-2.366,3.500
-2.656,-2.390,3.500
-2.631,-2.387,3.500
-2.622,-2.397,3.500
-2.622,-2.416,3.500
-2.739,-2.544,3.500
-2.594,-2.428,3.500
-2.589,-2.443,3.500
-2.718,-2.585,3.500
-2.570,-2.463,3.500
-2.570,-2.482,3.500
-2.574,-2.506,3.500
-2.536,-2.488,3.500
-2.545,-2.517,3.500
-2.643,-2.634,3.500
-2.520,-2.532,3.500
-2.608,-2.641,3.500
-2.496,-2.547,3.500
-2.486,-2.557,3.500
-2.452,-2.542,3.500
-2.470,-2.581,3.500
-2.446,-2.576,3.500
-2.450,-2.600,3.500
-2.562,-2.740,3.500
-2.420,-2.610,3.500
-2.401,-2.609,3.500
-2.395,-2.624,3.500
-2.394,-2.643,3.500
-2.388,-2.657,3.500
-2.483,-2.785,3.500
-2.459,-2.780,3.500
-2.343,-2.670,3.500
-2.368,-2.720,3.500
-2.318,-2.683,3.500
-2.428,-2.834,3.500
-2.409,-2.833,3.500
-2.303,-2.731,3.500
-2.288,-2.735,3.500
-2.375,-2.861,3.500
-2.263,-2.748,3.500
-2.252,-2.757,3.500
-2.349,-2.899,3.500
-2.230,-2.774,3.500
-2.232,-2.799,3.500
-2.212,-2.797,3.500
-2.205,-2.811,3.500
-2.190,-2.814,3.500
-2.183,-2.828,3.500
-2.160,-2.821,3.500
-2.153,-2.834,3.500
-2.242,-2.975,3.500
-2.242,-3.000,3.500
-2.119,-2.860,3.500
-2.116,-2.879,3.500
-2.198,-3.015,3.500
-2.074,-2.868,3.500
-2.171,-3.027,3.500
-2.159,-3.036,3.500
-2.063,-2.925,3.500
-2.040,-2.917,3.500
-2.131,-3.072,3.500
-2.096,-3.048,3.500
-2.013,-2.952,3.500
-2.065,-3.053,3.500
-1.979,-2.951,3.500
-1.971,-2.964,3.500
-2.040,-3.094,3.500
-2.049,-3.134,3.500
-1.892,-2.919,3.500
-1.884,-2.932,3.500
-2.005,-3.147,3.500
-1.850,-2.929,3.500
-1.889,-3.017,3.500
-1.902,-3.064,3.500
-1.847,-3.003,3.500
-1.936,-3.175,3.500
-1.841,-3.046,3.500
-1.874,-3.128,3.500
-1.824,-3.072,3.500
-1.805,-3.068,3.500
-1.883,-3.229,3.500
-1.784,-3.088,3.500
-1.832,-3.198,3.500
-1.747,-3.078,3.500
-1.738,-3.091,3.500
-1.739,-3.121,3.500
-1.714,-3.104,3.500
-1.698,-3.105,3.500
-1.768,-3.264,3.500
-1.664,-3.100,3.500
-1.658,-3.119,3.500
-1.696,-3.220,3.500
-1.612,-3.090,3.500
-1.600,-3.096,3.500
-1.655,-3.234,3.500
-1.575,-3.109,3.500
-1.560,-3.109,3.500
-1.554,-3.127,3.500
-1.604,-3.260,3.500
-1.523,-3.127,3.500
-1.523,-3.157,3.500
-1.542,-3.230,3.500
-1.486,-3.144,3.500
-1.468,-3.138,3.500
-1.538,-3.321,3.500
-1.519,-3.314,3.500
-1.440,-3.174,3.500
-1.427,-3.179,3.500
-1.480,-3.332,3.500
-1.369,-3.115,3.500
-1.381,-3.177,3.500
-1.441,-3.349,3.500
-1.332,-3.131,3.500
-1.304,-3.098,3.500
-1.401,-3.366,3.500
-1.314,-3.191,3.500
-1.278,-3.139,3.500
-1.291,-3.207,3.500
-1.338,-3.363,3.500
-1.238,-3.147,3.500
-1.233,-3.171,3.500
-1.313,-3.416,3.500
-1.201,-3.161,3.500
-1.179,-3.140,3.500
-1.238,-3.337,3.500
-1.199,-3.272,3.500
-1.144,-3.160,3.500
-1.160,-3.243,3.500
-1.176,-3.331,3.500
-1.105,-3.167,3.500
-1.155,-3.353,3.500
-1.139,-3.351,3.500
-1.074,-3.199,3.500
-1.061,-3.204,3.500
-1.106,-3.383,3.500
-1.032,-3.199,3.500
-1.023,-3.216,3.500
-1.054,-3.357,3.500
-1.000,-3.231,3.500
-0.986,-3.228,3.500
-1.024,-3.402,3.500
-0.960,-3.235,3.500
-0.926,-3.165,3.500
-0.960,-3.329,3.500
-0.893,-3.145,3.500
-0.915,-3.270,3.500
-0.920,-3.340,3.500
-0.884,-3.257,3.500
-0.896,-3.354,3.500
-0.927,-3.526,3.500
-0.868,-3.354,3.500
-0.858,-3.371,3.500
-0.840,-3.354,3.500
-0.803,-3.264,3.500
-0.817,-3.374,3.500
-0.781,-3.283,3.500
-0.831,-3.557,3.500
-0.752,-3.276,3.500
-0.741,-3.285,3.500
-0.785,-3.547,3.500
-0.738,-3.399,3.500
-0.701,-3.287,3.500
-0.727,-3.477,3.500
-0.729,-3.559,3.500
-0.663,-3.302,3.500
-0.665,-3.379,3.500
-0.671,-3.482,3.500
-0.624,-3.310,3.500
-0.642,-3.480,3.500
-0.633,-3.509,3.500
-0.585,-3.317,3.500
-0.573,-3.326,3.500
-0.561,-3.335,3.500
-0.546,-3.323,3.500
-0.534,-3.332,3.500
-0.518,-3.314,3.500
-0.534,-3.505,3.500
-0.492,-3.318,3.500
-0.481,-3.333,3.500
-0.468,-3.335,3.500
-0.457,-3.358,3.500
-0.444,-3.360,3.500
-0.428,-3.334,3.500
-0.416,-3.349,3.500
-0.424,-3.527,3.500
-0.389,-3.345,3.500
-0.377,-3.361,3.500
-0.385,-3.552,3.500
-0.350,-3.357,3.500
-0.337,-3.358,3.500
-0.337,-3.496,3.500
-0.310,-3.354,3.500
-0.311,-3.519,3.500
-0.284,-3.363,3.500
-0.271,-3.357,3.500
-0.257,-3.351,3.500
-0.243,-3.345,3.500
-0.228,-3.318,3.500
-0.217,-3.340,3.500
-0.200,-3.278,3.500
-0.194,-3.404,3.500
-0.178,-3.363,3.500
-0.163,-3.329,3.500
-0.153,-3.378,3.500
-0.146,-3.543,3.500
-0.132,-3.543,3.500
-0.112,-3.366,3.500
-0.104,-3.538,3.500
-0.090,-3.524,3.500
-0.073,-3.388,3.500
-0.063,-3.552,3.500
-0.049,-3.546,3.500
-0.033,-3.368,3.500
-0.021,-3.532,3.500
-0.007,-3.361,3.500
0.007,-3.389,3.500
0.021,-3.526,3.500
0.033,-3.368,3.500
0.047,-3.388,3.500
0.062,-3.525,3.500
0.073,-3.367,3.500
0.086,-3.381,3.500
0.099,-3.373,3.500
0.113,-3.373,3.500
0.136,-3.644,3.500
0.143,-3.455,3.500
0.153,-3.378,3.500
0.170,-3.467,3.500
0.181,-3.405,3.500
0.197,-3.459,3.500
0.222,-3.639,3.500
0.225,-3.464,3.500
0.248,-3.604,3.500
0.265,-3.643,3.500
0.265,-3.454,3.500
0.271,-3.357,3.500
0.292,-3.452,3.500
0.308,-3.478,3.500
0.321,-3.470,3.500
0.331,-3.435,3.500
0.364,-3.621,3.500
0.361,-3.452,3.500
0.372,-3.431,3.500
0.388,-3.456,3.500
0.398,-3.421,3.500
0.434,-3.607,3.500
0.425,-3.418,3.500
0.440,-3.429,3.500
0.453,-3.428,3.500
0.469,-3.439,3.500
0.504,-3.591,3.500
0.496,-3.436,3.500
0.532,-3.587,3.500
0.527,-3.459,3.500
0.559,-3.576,3.500
0.551,-3.434,3.500
0.572,-3.479,3.500
0.609,-3.615,3.500
0.590,-3.421,3.500
0.602,-3.412,3.500
0.614,-3.403,3.500
0.631,-3.420,3.500
0.676,-3.583,3.500
0.656,-3.402,3.500
0.665,-3.379,3.500
0.682,-3.397,3.500
0.698,-3.407,3.500
0.710,-3.398,3.500
0.766,-3.592,3.500
0.737,-3.392,3.500
0.752,-3.396,3.500
0.770,-3.413,3.500
0.772,-3.363,3.500
0.830,-3.550,3.500
0.810,-3.403,3.500
0.904,-3.734,3.500
0.827,-3.357,3.500
0.843,-3.367,3.500
0.843,-3.311,3.500
0.863,-3.334,3.500
0.879,-3.344,3.500
0.873,-3.267,3.500
0.955,-3.519,3.500
0.895,-3.247,3.500
0.908,-3.243,3.500
0.967,-3.404,3.500
0.925,-3.209,3.500
0.946,-3.232,3.500
0.960,-3.235,3.500
0.973,-3.232,3.500
0.988,-3.234,3.500
0.996,-3.217,3.500
1.009,-3.213,3.500
1.034,-3.249,3.500
1.034,-3.205,3.500
1.047,-3.201,3.500
1.117,-3.372,3.500
1.111,-3.310,3.500
1.091,-3.208,3.500
1.157,-3.359,3.500
1.107,-3.173,3.500
1.124,-3.182,3.500
1.134,-3.171,3.500
1.149,-3.173,3.500
1.253,-3.417,3.500
1.207,-3.254,3.500
1.186,-3.159,3.500
1.240,-3.264,3.500
1.226,-3.189,3.500
1.238,-3.184,3.500
1.335,-3.393,3.500
1.279,-3.212,3.500
1.359,-3.376,3.500
1.275,-3.132,3.500
1.322,-3.210,3.500
1.401,-3.366,3.500
1.336,-3.174,3.500
1.359,-3.194,3.500
1.361,-3.164,3.500
1.387,-3.190,3.500
1.397,-3.178,3.500
1.412,-3.179,3.500
1.408,-3.135,3.500
1.504,-3.314,3.500
1.444,-3.149,3.500
1.462,-3.156,3.500
1.579,-3.374,3.500
1.550,-3.278,3.500
1.493,-3.126,3.500
1.517,-3.145,3.500
1.594,-3.272,3.500
1.610,-3.271,3.500
1.590,-3.199,3.500
1.563,-3.115,3.500
1.648,-3.252,3.500
1.575,-3.078,3.500
1.713,-3.315,3.500
1.732,-3.320,3.500
1.652,-3.137,3.500
1.681,-3.160,3.500
1.632,-3.040,3.500
1.651,-3.046,3.500
1.743,-3.187,3.500
1.746,-3.163,3.500
1.690,-3.032,3.500
1.781,-3.166,3.500
1.703,-3.001,3.500
1.725,-3.012,3.500
1.818,-3.145,3.500
1.945,-3.335,3.500
1.743,-2.962,3.500
1.865,-3.141,3.500
1.780,-2.972,3.500
1.890,-3.126,3.500
1.811,-2.969,3.500
1.822,-2.962,3.500
1.805,-2.909,3.500
1.795,-2.866,3.500
1.806,-2.859,3.500
1.828,-2.870,3.500
1.806,-2.810,3.500
2.026,-3.126,3.500
1.843,-2.819,3.500
1.911,-2.898,3.500
1.865,-2.804,3.500
1.872,-2.791,3.500
1.987,-2.937,3.500
1.898,-2.782,3.500
2.029,-2.949,3.500
2.010,-2.897,3.500
1.938,-2.771,3.500
1.941,-2.752,3.500
2.055,-2.889,3.500
1.939,-2.703,3.500
1.974,-2.729,3.500
1.976,-2.710,3.500
2.052,-2.791,3.500
1.972,-2.661,3.500
1.991,-2.664,3.500
2.068,-2.745,3.500
2.037,-2.682,3.500
2.111,-2.756,3.500
2.007,-2.599,3.500
2.065,-2.652,3.500
2.010,-2.561,3.500
2.090,-2.641,3.500
2.169,-2.719,3.500
2.093,-2.603,3.500
2.186,-2.697,3.500
2.126,-2.603,3.500
2.263,-2.748,3.500
2.239,-2.697,3.500
2.170,-2.594,3.500
2.291,-2.716,3.500
2.177,-2.561,3.500
2.196,-2.563,3.500
2.318,-2.683,3.500
2.207,-2.535,3.500
2.231,-2.542,3.500
2.336,-2.641,3.500
2.251,-2.524,3.500
2.270,-2.526,3.500
2.376,-2.623,3.500
2.340,-2.564,3.500
2.351,-2.554,3.500
2.300,-2.480,3.500
2.601,-2.783,3.500
2.380,-2.526,3.500
2.353,-2.477,3.500
2.594,-2.710,3.500
2.372,-2.459,3.500
2.372,-2.440,3.500
2.372,-2.420,3.500
2.367,-2.396,3.500
2.521,-2.532,3.500
2.390,-2.382,3.500
2.463,-2.436,3.500
2.531,-2.483,3.500
2.428,-2.364,3.500
2.427,-2.345,3.500
2.447,-2.345,3.500
2.584,-2.457,3.500
2.414,-2.278,3.500
2.413,-2.259,3.500
2.539,-2.357,3.500
2.415,-2.225,3.500
2.552,-2.333,3.500
2.551,-2.314,3.500
2.431,-2.187,3.500
2.584,-2.307,3.500
2.458,-2.177,3.500
2.398,-2.107,3.500
2.627,-2.290,3.500
2.532,-2.190,3.500
2.422,-2.078,3.500
2.554,-2.174,3.500
2.438,-2.059,3.500
2.441,-2.045,3.500
2.526,-2.099,3.500
2.440,-2.012,3.500
2.591,-2.119,3.500
2.550,-2.069,3.500
2.580,-2.077,3.500
2.505,-2.000,3.500
2.591,-2.052,3.500
2.515,-1.976,3.500
2.500,-1.949,3.500
2.626,-2.030,3.500
2.538,-1.947,3.500
2.529,-1.924,3.500
2.683,-2.024,3.500
2.550,-1.908,3.500
2.699,-2.003,3.500
2.707,-1.993,3.500
2.560,-1.869,3.500
2.573,-1.864,3.500
2.736,-1.965,3.500
2.732,-1.946,3.500
2.734,-1.931,3.500
2.753,-1.928,3.500
2.604,-1.809,3.500
2.623,-1.806,3.500
2.636,-1.800,3.500
2.777,-1.881,3.500
2.620,-1.759,3.500
2.639,-1.757,3.500
2.652,-1.751,3.500
2.676,-1.752,3.500
2.683,-1.742,3.500
2.642,-1.700,3.500
2.828,-1.804,3.500
2.697,-1.706,3.500
2.859,-1.793,3.500
2.711,-1.685,3.500
2.862,-1.763,3.500
2.815,-1.719,3.500
2.724,-1.649,3.500
2.870,-1.722,3.500
2.743,-1.631,3.500
2.872,-1.692,3.500
2.713,-1.584,3.500
2.762,-1.599,3.500
2.915,-1.672,3.500
2.775,-1.577,3.500
2.916,-1.642,3.500
2.781,-1.552,3.500
2.793,-1.544,3.500
2.780,-1.523,3.500
2.818,-1.529,3.500
2.960,-1.591,3.500
2.817,-1.500,3.500
2.967,-1.565,3.500
2.822,-1.475,3.500
2.822,-1.460,3.500
2.834,-1.453,3.500
2.833,-1.438,3.500
2.997,-1.506,3.500
2.864,-1.425,3.500
2.863,-1.411,3.500
2.881,-1.406,3.500
2.874,-1.389,3.500
2.808,-1.343,3.500
2.760,-1.307,3.500
2.798,-1.312,3.500
2.790,-1.295,3.500
2.809,-1.290,3.500
2.794,-1.270,3.500
2.989,-1.344,3.500
2.817,-1.254,3.500
2.993,-1.318,3.500
2.820,-1.229,3.500
2.818,-1.215,3.500
2.836,-1.209,3.500
2.861,-1.207,3.500
2.852,-1.190,3.500
2.844,-1.173,3.500
3.067,-1.251,3.500
2.873,-1.159,3.500
2.878,-1.147,3.500
3.042,-1.199,3.500
2.866,-1.117,3.500
2.857,-1.100,3.500
2.902,-1.105,3.500
2.920,-1.098,3.500
2.904,-1.079,3.500
2.901,-1.065,3.500
2.885,-1.047,3.500
2.896,-1.038,3.500
2.900,-1.026,3.500
2.904,-1.015,3.500
2.908,-1.004,3.500
2.925,-0.997,3.500
2.943,-0.990,3.500
3.076,-1.021,3.500
2.923,-0.958,3.500
2.927,-0.946,3.500
2.965,-0.946,3.500
2.948,-0.928,3.500
2.945,-0.914,3.500
3.154,-0.965,3.500
2.945,-0.889,3.500
2.955,-0.879,3.500
2.952,-0.866,3.500
2.955,-0.854,3.500
3.138,-0.893,3.500
3.142,-0.881,3.500
2.958,-0.817,3.500
2.975,-0.809,3.500
3.138,-0.840,3.500
2.981,-0.786,3.500
2.977,-0.772,3.500
3.168,-0.809,3.500
2.983,-0.749,3.500
2.986,-0.737,3.500
3.178,-0.771,3.500
2.992,-0.714,3.500
3.177,-0.745,3.500
3.180,-0.732,3.500
3.176,-0.718,3.500
3.031,-0.673,3.500
2.998,-0.653,3.500
3.287,-0.703,3.500
3.018,-0.633,3.500
3.105,-0.638,3.500
3.030,-0.611,3.500
3.018,-0.596,3.500
3.203,-0.619,3.500
3.206,-0.607,3.500
3.039,-0.563,3.500
3.307,-0.599,3.500
3.029,-0.537,3.500
3.045,-0.527,3.500
3.217,-0.544,3.500
3.035,-0.501,3.500
3.044,-0.490,3.500
3.039,-0.477,3.500
3.069,-0.469,3.500
3.234,-0.482,3.500
3.059,-0.443,3.500
3.103,-0.437,3.500
3.084,-0.422,3.500
3.339,-0.444,3.500
3.051,-0.393,3.500
3.321,-0.415,3.500
3.573,-0.432,3.500
3.338,-0.390,3.500
3.164,-0.358,3.500
3.151,-0.344,3.500
3.329,-0.350,3.500
3.168,-0.320,3.500
3.366,-0.327,3.500
3.192,-0.297,3.500
3.355,-0.299,3.500
3.173,-0.270,3.500
3.145,-0.256,3.500
3.351,-0.259,3.500
3.075,-0.226,3.500
3.054,-0.212,3.500
3.099,-0.203,3.500
3.341,-0.206,3.500
3.172,-0.183,3.500
3.137,-0.168,3.500
3.173,-0.158,3.500
3.145,-0.144,3.500
3.124,-0.131,3.500
3.074,-0.117,3.500
3.067,-0.104,3.500
3.169,-0.095,3.500
3.097,-0.081,3.500
3.191,-0.071,3.500
3.076,-0.056,3.500
3.112,-0.045,3.500
3.090,-0.032,3.500
3.148,-0.021,4.000
3.184,-0.008,4.000
3.354,0.004,4.000
3.177,0.017,4.000
3.206,0.029,4.000
3.184,0.042,4.000
3.163,0.054,4.000
3.184,0.067,4.000
3.176,0.079,4.000
3.205,0.092,4.000
3.366,0.110,4.000
3.175,0.116,4.000
3.232,0.131,4.000
3.167,0.141,4.000
3.181,0.154,4.000
3.342,0.175,4.000
3.328,0.187,4.000
3.355,0.202,4.000
3.164,0.203,4.000
3.199,0.218,4.000
3.359,0.242,4.000
3.147,0.239,4.000
3.343,0.267,4.000
3.173,0.266,4.000
3.136,0.276,4.000
3.347,0.307,4.000
3.156,0.302,4.000
3.147,0.314,4.000
3.175,0.329,4.000
3.173,0.342,4.000
3.158,0.353,4.000
3.346,0.387,4.000
3.148,0.377,4.000
3.329,0.412,4.000
3.152,0.402,4.000
3.164,0.416,4.000
3.156,0.428,4.000
3.140,0.438,4.000
3.145,0.452,4.000
3.143,0.464,4.000
3.149,0.477,4.000
3.132,0.488,4.000
3.312,0.529,4.000
3.143,0.514,4.000
3.148,0.528,4.000
3.139,0.539,4.000
3.165,0.556,4.000
3.134,0.564,4.000
3.111,0.572,4.000
3.303,0.621,4.000
3.120,0.599,4.000
3.125,0.613,4.000
3.275,0.656,4.000
3.120,0.637,4.000
3.125,0.651,4.000
3.274,0.696,4.000
3.133,0.679,4.000
3.096,0.683,4.000
3.272,0.736,4.000
3.097,0.709,4.000
3.101,0.723,4.000
3.304,0.784,4.000
3.082,0.744,4.000
3.237,0.795,4.000
3.090,0.771,4.000
3.094,0.785,4.000
3.254,0.840,4.000
3.087,0.810,4.000
3.248,0.865,4.000
3.081,0.834,4.000
3.234,0.889,4.000
3.053,0.852,4.000
3.247,0.920,4.000
3.047,0.876,4.000
3.226,0.942,4.000
3.053,0.904,4.000
3.036,0.912,4.000
3.215,0.979,4.000
3.036,0.938,4.000
3.214,1.007,4.000
3.028,0.962,4.000
3.052,0.982,4.000
3.021,0.985,4.000
3.024,1.000,4.000
3.020,1.011,4.000
3.189,1.082,4.000
3.012,1.035,4.000
3.007,1.047,4.000
3.017,1.063,4.000
2.986,1.066,4.000
2.988,1.080,4.000
2.896,1.059,4.000
3.126,1.157,4.000
2.887,1.082,4.000
3.071,1.164,4.000
2.865,1.099,4.000
2.901,1.126,4.000
3.148,1.236,4.000
2.852,1.133,4.000
3.008,1.209,4.000
2.850,1.158,4.000
3.057,1.256,4.000
2.841,1.180,4.000
2.863,1.203,4.000
2.831,1.203,4.000
3.114,1.337,4.000
2.808,1.219,4.000
2.797,1.227,4.000
2.819,1.250,4.000
2.840,1.273,4.000
2.985,1.352,4.000
2.797,1.280,4.000
2.936,1.357,4.000
2.787,1.302,4.000
2.788,1.316,4.000
2.796,1.333,4.000
2.738,1.319,4.000
2.760,1.342,4.000
2.767,1.360,4.000
2.762,1.370,4.000
2.770,1.388,4.000
2.918,1.476,4.000
2.746,1.403,4.000
2.747,1.417,4.000
2.894,1.507,4.000
2.716,1.428,4.000
2.888,1.533,4.000
2.718,1.457,4.000
2.718,1.471,4.000
2.706,1.478,4.000
2.713,1.495,4.000
2.663,1.481,4.000
2.739,1.538,4.000
2.593,1.469,4.000
2.619,1.498,4.000
2.633,1.519,4.000
2.658,1.548,4.000
2.708,1.591,4.000
2.659,1.576,4.000
2.996,1.792,4.000
2.602,1.571,4.000
2.634,1.604,4.000
2.792,1.715,4.000
2.533,1.570,4.000
2.779,1.737,4.000
2.502,1.578,4.000
2.626,1.671,4.000
2.483,1.594,4.000
2.527,1.635,4.000
2.630,1.717,4.000
2.465,1.623,4.000
2.629,1.746,4.000
2.476,1.659,4.000
2.627,1.774,4.000
2.482,1.690,4.000
2.463,1.692,4.000
2.456,1.701,4.000
2.443,1.707,4.000
2.437,1.716,4.000
2.608,1.852,4.000
2.560,1.833,4.000
2.404,1.736,4.000
2.409,1.754,4.000
2.397,1.759,4.000
2.384,1.764,4.000
2.529,1.888,4.000
2.411,1.814,4.000
2.375,1.801,4.000
2.518,1.926,4.000
2.337,1.802,4.000
2.341,1.820,4.000
2.346,1.838,4.000
2.327,1.838,4.000
2.337,1.861,4.000
2.318,1.861,4.000
2.305,1.866,4.000
2.304,1.879,4.000
2.325,1.912,4.000
2.266,1.878,4.000
2.281,1.906,4.000
2.414,2.033,4.000
2.163,1.837,4.000
2.242,1.919,4.000
2.346,2.024,4.000
2.249,1.956,4.000
2.157,1.891,4.000
2.167,1.914,4.000
2.275,2.026,4.000
2.224,1.996,4.000
2.161,1.954,4.000
2.197,2.003,4.000
2.184,2.007,4.000
2.148,1.990,4.000
2.102,1.963,4.000
2.138,2.012,4.000
2.295,2.177,4.000
2.374,2.269,4.000
2.104,2.027,4.000
2.106,2.045,4.000
2.198,2.152,4.000
2.257,2.226,4.000
2.119,2.107,4.000
2.244,2.249,4.000
2.092,2.113,4.000
2.099,2.137,4.000
2.127,2.182,4.000
2.031,2.100,4.000
2.033,2.118,4.000
2.111,2.217,4.000
1.980,2.096,4.000
1.967,2.098,4.000
2.065,2.220,4.000
1.945,2.108,4.000
1.937,2.116,4.000
1.918,2.112,4.000
1.935,2.148,4.000
1.917,2.144,4.000
1.903,2.146,4.000
1.895,2.153,4.000
1.866,2.138,4.000
1.883,2.174,4.000
1.879,2.187,4.000
1.880,2.206,4.000
1.852,2.190,4.000
1.848,2.203,4.000
1.845,2.216,4.000
1.817,2.200,4.000
1.945,2.374,4.000
1.944,2.393,4.000
1.800,2.233,4.000
1.921,2.402,4.000
1.782,2.247,4.000
1.788,2.272,4.000
1.893,2.425,4.000
1.865,2.409,4.000
1.761,2.293,4.000
1.851,2.430,4.000
1.734,2.295,4.000
1.725,2.301,4.000
1.711,2.302,4.000
1.634,2.217,4.000
1.662,2.273,4.000
1.797,2.478,4.000
1.653,2.298,4.000
1.679,2.354,4.000
1.759,2.487,4.000
1.647,2.348,4.000
1.659,2.386,4.000
1.730,2.508,4.000
1.628,2.380,4.000
1.718,2.534,4.000
1.651,2.455,4.000
1.541,2.310,4.000
1.664,2.517,4.000
1.523,2.322,4.000
1.530,2.354,4.000
1.610,2.499,4.000
1.487,2.327,4.000
1.474,2.327,4.000
1.585,2.524,4.000
1.455,2.338,4.000
1.454,2.357,4.000
1.540,2.517,4.000
1.428,2.355,4.000
1.422,2.367,4.000
1.437,2.412,4.000
1.507,2.554,4.000
1.402,2.397,4.000
1.389,2.396,4.000
1.368,2.381,4.000
1.378,2.420,4.000
1.357,2.405,4.000
1.366,2.444,4.000
1.323,2.389,4.000
1.276,2.326,4.000
1.420,2.612,4.000
1.309,2.432,4.000
1.296,2.430,4.000
1.396,2.642,4.000
1.281,2.447,4.000
1.285,2.479,4.000
1.275,2.484,4.000
1.252,2.462,4.000
1.334,2.649,4.000
1.229,2.465,4.000
1.313,2.659,4.000
1.253,2.563,4.000
1.206,2.493,4.000
1.197,2.498,4.000
1.268,2.673,4.000
1.177,2.507,4.000
1.112,2.392,4.000
1.138,2.474,4.000
1.229,2.699,4.000
1.115,2.476,4.000
1.112,2.494,4.000
1.188,2.693,4.000
1.248,2.859,4.000
1.101,2.550,4.000
1.088,2.547,4.000
1.078,2.551,4.000
1.023,2.448,4.000
1.055,2.552,4.000
1.045,2.556,4.000
1.114,2.757,4.000
1.025,2.565,4.000
1.017,2.576,4.000
1.079,2.763,4.000
0.994,2.577,4.000
0.979,2.566,4.000
1.143,3.033,4.000
0.969,2.602,4.000
0.975,2.649,4.000
1.013,2.787,4.000
0.939,2.614,4.000
0.921,2.596,4.000
0.995,2.841,4.000
0.908,2.625,4.000
0.897,2.628,4.000
0.887,2.632,4.000
0.872,2.620,4.000
0.881,2.682,4.000
0.861,2.656,4.000
0.848,2.652,4.000
0.835,2.648,4.000
0.839,2.695,4.000
0.826,2.691,4.000
0.835,2.760,4.000
0.833,2.792,4.000
0.779,2.650,4.000
0.771,2.660,4.000
0.844,2.958,4.000
0.774,2.754,4.000
0.884,3.192,4.000
0.759,2.782,4.000
0.792,2.950,4.000
0.786,2.974,4.000
0.722,2.776,4.000
0.715,2.793,4.000
0.737,2.926,4.000
0.686,2.770,4.000
0.682,2.802,4.000
0.671,2.804,4.000
0.657,2.792,4.000
0.647,2.802,4.000
0.682,3.007,4.000
0.627,2.814,4.000
0.652,2.984,4.000
0.619,2.885,4.000
0.627,2.982,4.000
0.639,3.098,4.000
0.589,2.914,4.000
0.615,3.103,4.000
0.566,2.919,4.000
0.555,2.921,4.000
0.580,3.117,4.000
0.533,2.932,4.000
0.558,3.135,4.000
0.508,2.922,4.000
0.496,2.924,4.000
0.517,3.120,4.000
0.476,2.942,4.000
0.465,2.951,4.000
0.477,3.105,4.000
0.442,2.955,4.000
0.425,2.920,4.000
0.417,2.944,4.000
0.407,2.960,4.000
0.407,3.049,4.000
0.394,3.043,4.000
0.384,3.059,4.000
0.371,3.046,4.000
0.362,3.077,4.000
0.371,3.263,4.000
0.359,3.271,4.000
0.323,3.059,4.000
0.312,3.068,4.000
0.300,3.069,4.000
0.286,3.048,4.000
0.278,3.093,4.000
0.270,3.144,4.000
0.253,3.088,4.000
0.258,3.302,4.000
0.228,3.082,4.000
0.216,3.076,4.000
0.204,3.084,4.000
0.191,3.063,4.000
0.179,3.064,4.000
0.169,3.108,4.000
0.157,3.108,4.000
0.141,3.044,4.000
0.131,3.081,4.000
0.126,3.260,4.000
0.108,3.103,4.000
0.095,3.089,4.000
0.083,3.090,4.000
0.071,3.083,4.000
0.060,3.141,4.000
0.046,3.061,4.000
0.039,3.464,4.000
0.023,3.184,4.000
0.011,3.305,4.000
-0.002,3.361,4.000
-0.015,3.177,4.000
-0.027,3.177,4.000
-0.042,3.354,4.000
-0.052,3.163,4.000
-0.063,3.105,4.000
-0.082,3.374,4.000
-0.089,3.169,4.000
-0.102,3.190,4.000
-0.121,3.373,4.000
-0.127,3.175,4.000
-0.139,3.174,4.000
-0.160,3.357,4.000
-0.164,3.166,4.000
-0.177,3.172,4.000
-0.189,3.165,4.000
-0.201,3.164,4.000
-0.216,3.199,4.000
-0.221,3.090,4.000
-0.239,3.168,4.000
-0.252,3.175,4.000
-0.265,3.181,4.000
-0.292,3.348,4.000
-0.289,3.164,4.000
-0.304,3.199,4.000
-0.334,3.365,4.000
-0.327,3.168,4.000
-0.340,3.181,4.000
-0.373,3.361,4.000
-0.361,3.142,4.000
-0.375,3.155,4.000
-0.438,3.559,4.000
-0.423,3.334,4.000
-0.408,3.115,4.000
-0.433,3.212,4.000
-0.461,3.315,4.000
-0.452,3.160,4.000
-0.465,3.165,4.000
-0.502,3.323,4.000
-0.488,3.147,4.000
-0.501,3.152,4.000
-0.528,3.241,4.000
-0.536,3.211,4.000
-0.554,3.237,4.000
-0.564,3.221,4.000
-0.606,3.383,4.000
-0.623,3.401,4.000
-0.603,3.221,4.000
-0.617,3.225,4.000
-0.629,3.216,4.000
-0.678,3.397,4.000
-0.655,3.218,4.000
-0.665,3.202,4.000
-0.716,3.383,4.000
-0.690,3.196,4.000
-0.712,3.235,4.000
-0.709,3.163,4.000
-0.731,3.202,4.000
-0.742,3.192,4.000
-0.759,3.210,4.000
-0.765,3.179,4.000
-0.781,3.190,4.000
-0.790,3.173,4.000
-0.799,3.156,4.000
-0.818,3.180,4.000
-0.829,3.170,4.000
-0.845,3.181,4.000
-0.912,3.378,4.000
-0.855,3.119,4.000
-0.879,3.157,4.000
-0.887,3.140,4.000
-0.906,3.157,4.000
-0.914,3.140,4.000
-0.972,3.290,4.000
-0.983,3.279,4.000
-1.003,3.302,4.000
-1.018,3.304,4.000
-0.982,3.141,4.000
-0.992,3.131,4.000
-1.055,3.285,4.000
-1.025,3.149,4.000
-1.029,3.119,4.000
-1.039,3.108,4.000
-1.051,3.104,4.000
-1.063,3.100,4.000
-1.141,3.286,4.000
-1.143,3.249,4.000
-1.095,3.074,4.000
-1.102,3.056,4.000
-1.121,3.072,4.000
-1.136,3.074,4.000
-1.206,3.226,4.000
-1.157,3.058,4.000
-1.169,3.054,4.000
-1.176,3.036,4.000
-1.196,3.051,4.000
-1.205,3.040,4.000
-1.274,3.177,4.000
-1.245,3.069,4.000
-1.257,3.064,4.000
-1.239,2.988,4.000
-1.337,3.189,4.000
-1.301,3.069,4.000
-1.291,3.012,4.000
-1.377,3.179,4.000
-1.317,3.008,4.000
-1.397,3.155,4.000
-1.332,2.978,4.000
-1.353,2.992,4.000
-1.476,3.231,4.000
-1.466,3.176,4.000
-1.435,3.077,4.000
-1.474,3.128,4.000
-1.456,3.060,4.000
-1.459,3.035,4.000
-1.474,3.036,4.000
-1.492,3.042,4.000
-1.473,2.974,4.000
-1.507,3.012,4.000
-1.528,3.025,4.000
-1.537,3.013,4.000
-1.621,3.146,4.000
-1.547,2.976,4.000
-1.575,3.000,4.000
-1.667,3.145,4.000
-1.609,3.006,4.000
-1.607,2.975,4.000
-1.616,2.963,4.000
-1.627,2.957,4.000
-1.735,3.123,4.000
-1.644,2.932,4.000
-1.658,2.931,4.000
-1.808,3.166,4.000
-1.671,2.900,4.000
-1.689,2.906,4.000
-1.791,3.053,4.000
-1.716,2.898,4.000
-1.698,2.843,4.000
-1.792,2.973,4.000
-1.757,2.890,4.000
-1.768,2.883,4.000
-1.862,3.010,4.000
-1.783,2.857,4.000
-1.806,2.868,4.000
-1.802,2.837,4.000
-1.824,2.847,4.000
-1.782,2.758,4.000
-1.797,2.757,4.000
-1.926,2.929,4.000
-1.854,2.795,4.000
-1.829,2.736,4.000
-1.975,2.929,4.000
-1.879,2.762,4.000
-1.987,2.896,4.000
-1.963,2.838,4.000
-1.927,2.762,4.000
-1.946,2.766,4.000
-2.044,2.881,4.000
-2.027,2.835,4.000
-1.978,2.743,4.000
-1.997,2.746,4.000
-2.089,2.849,4.000
-2.023,2.736,4.000
-2.008,2.695,4.000
-2.023,2.693,4.000
-2.121,2.799,4.000
-2.053,2.688,4.000
-2.072,2.690,4.000
-2.069,2.666,4.000
-2.063,2.636,4.000
-2.086,2.644,4.000
-2.096,2.636,4.000
-2.231,2.782,4.000
-2.126,2.630,4.000
-2.105,2.584,4.000
-2.133,2.597,4.000
-2.261,2.731,4.000
-2.171,2.602,4.000
-2.168,2.577,4.000
-2.187,2.579,4.000
-2.193,2.566,4.000
-2.314,2.686,4.000
-2.399,2.763,4.000
-2.268,2.591,4.000
-2.228,2.526,4.000
-2.298,2.584,4.000
-2.257,2.518,4.000
-2.332,2.581,4.000
-2.346,2.577,4.000
-2.361,2.573,4.000
-2.467,2.667,4.000
-2.376,2.549,4.000
-2.372,2.525,4.000
-2.401,2.535,4.000
-2.387,2.501,4.000
-2.397,2.492,4.000
-2.421,2.497,4.000
-2.548,2.608,4.000
-2.559,2.598,4.000
-2.450,2.468,4.000
-2.465,2.463,4.000
-2.570,2.549,4.000
-2.470,2.430,4.000
-2.518,2.458,4.000
-2.484,2.405,4.000
-2.518,2.419,4.000
-2.503,2.386,4.000
-2.527,2.390,4.000
-2.521,2.366,4.000
-2.673,2.489,4.000
-2.550,2.356,4.000
-2.554,2.341,4.000
-2.563,2.331,4.000
-2.577,2.325,4.000
-2.597,2.324,4.000
-2.666,2.368,4.000
-2.599,2.290,4.000
-2.608,2.280,4.000
-2.622,2.274,4.000
-2.637,2.268,4.000
-2.619,2.236,4.000
-2.639,2.234,4.000
-2.642,2.220,4.000
-2.661,2.218,4.000
-2.805,2.319,4.000
-2.829,2.321,4.000
-2.823,2.297,4.000
-2.701,2.180,4.000
-2.720,2.178,4.000
-2.850,2.264,4.000
-2.859,2.252,4.000
-2.735,2.138,4.000
-2.754,2.135,4.000
-2.885,2.219,4.000
-2.910,2.219,4.000
-2.768,2.094,4.000
-2.798,2.100,4.000
-2.806,2.089,4.000
-2.798,2.066,4.000
-2.937,2.150,4.000
-2.950,2.142,4.000
-2.817,2.029,4.000
-2.841,2.029,4.000
-2.838,2.010,4.000
-2.835,1.991,4.000
-3.003,2.092,4.000
-2.989,2.065,4.000
-2.925,2.004,4.000
-2.905,1.973,4.000
-3.008,2.026,4.000
-2.926,1.954,4.000
-3.106,2.057,4.000
-3.108,2.041,4.000
-2.926,1.905,4.000
-3.064,1.977,4.000
-2.912,1.863,4.000
-2.954,1.874,4.000
-2.944,1.851,4.000
-3.094,1.929,4.000
-2.947,1.821,4.000
-2.966,1.817,4.000
-3.139,1.906,4.000
-3.203,1.927,4.000
-3.016,1.799,4.000
-3.058,1.808,4.000
-3.152,1.846,4.000
-3.227,1.874,4.000
-2.991,1.721,4.000
-3.004,1.712,4.000
-3.022,1.707,4.000
-3.065,1.715,4.000
-3.036,1.684,4.000
-3.114,1.711,4.000
-3.055,1.663,4.000
-3.061,1.651,4.000
-3.343,1.786,4.000
-3.062,1.621,4.000
-3.158,1.656,4.000
-3.248,1.686,4.000
-3.225,1.658,4.000
-3.308,1.685,4.000
-3.154,1.591,4.000
-3.184,1.590,4.000
-3.118,1.542,4.000
-3.197,1.565,4.000
-3.179,1.541,4.000
-3.233,1.552,4.000
-3.215,1.528,4.000
-3.371,1.585,4.000
-3.251,1.514,4.000
-3.214,1.481,4.000
-3.311,1.510,4.000
-3.250,1.467,4.000
-3.194,1.427,4.000
-3.256,1.439,4.000
-3.473,1.518,4.000
-3.198,1.383,4.000
-3.198,1.368,4.000
-3.454,1.462,4.000
-3.277,1.372,4.000
-3.301,1.367,4.000
-3.459,1.416,4.000
-3.429,1.388,4.000
-3.286,1.315,4.000
-3.303,1.307,4.000
-3.315,1.297,4.000
-3.326,1.286,4.000
-3.318,1.268,4.000
-3.473,1.312,4.000
-3.252,1.214,4.000
-3.327,1.227,4.000
-3.506,1.277,4.000
-3.511,1.264,4.000
-3.335,1.185,4.000
-3.515,1.234,4.000
-3.273,1.135,4.000
-3.368,1.152,4.000
-3.523,1.190,4.000
-3.528,1.176,4.000
-3.342,1.100,4.000
-3.404,1.106,4.000
-3.554,1.139,4.000
-3.394,1.073,4.000
-3.417,1.066,4.000
-3.592,1.104,4.000
-3.400,1.031,4.000
-3.417,1.021,4.000
-3.459,1.019,4.000
-3.596,1.044,4.000
-3.435,0.983,4.000
-3.426,0.966,4.000
-3.443,0.956,4.000
-3.420,0.935,4.000
-3.437,0.925,4.000
-3.454,0.915,4.000
-3.611,0.942,4.000
-3.621,0.929,4.000
-3.451,0.871,4.000
-3.519,0.874,4.000
-3.619,0.883,4.000
-3.468,0.832,4.000
-3.464,0.817,4.000
-3.699,0.857,4.000
-3.484,0.793,4.000
-3.487,0.779,4.000
-3.470,0.761,4.000
-3.466,0.746,4.000
-3.476,0.734,4.000
-3.505,0.726,4.000
-3.501,0.711,4.000
-3.666,0.729,4.000
-3.533,0.688,4.000
-3.496,0.667,4.000
-3.643,0.680,4.000
-3.671,0.670,4.000
-3.517,0.628,4.000
-3.493,0.609,4.000
-3.489,0.595,4.000
-3.511,0.584,4.000
-3.507,0.569,4.000
-3.522,0.558,4.000
-3.544,0.547,4.000
-3.690,0.555,4.000
-3.528,0.516,4.000
-3.504,0.499,4.000
-3.532,0.488,4.000
-3.528,0.474,4.000
-3.509,0.457,4.000
-3.683,0.465,4.000
-3.540,0.433,4.000
-3.535,0.418,4.000
-3.694,0.422,4.000
-3.518,0.388,4.000
-3.717,0.395,4.000
-3.732,0.382,4.000
-3.515,0.346,4.000
-3.570,0.337,4.000
-3.723,0.337,4.000
-3.789,0.328,4.000
-3.561,0.294,4.000
-3.548,0.279,4.000
-3.754,0.281,4.000
-3.557,0.252,4.000
-3.551,0.237,4.000
-3.559,0.224,4.000
-3.560,0.210,4.000
-3.829,0.211,4.000
-3.568,0.182,4.000
-3.721,0.175,4.000
-3.522,0.152,4.000
-3.577,0.141,4.000
-3.736,0.132,4.000
-3.558,0.112,4.000
-3.724,0.102,4.000
-3.737,0.088,4.000
-3.545,0.070,4.000
-3.559,0.056,4.000
-3.566,0.042,4.000
-3.599,0.028,4.000
-3.546,0.014,4.000
-3.573,0.000,4.000
-3.586,-0.014,4.000
-3.586,-0.028,4.000
-3.573,-0.042,4.000
-3.579,-0.056,4.000
-3.585,-0.070,4.000
-3.538,-0.083,4.000
-3.571,-0.098,4.000
-3.564,-0.112,4.000
-3.723,-0.132,4.000
-3.563,-0.140,4.000
-3.563,-0.154,4.000
-3.589,-0.169,4.000
-3.548,-0.181,4.000
-3.561,-0.196,4.000
-3.553,-0.209,4.000
-3.539,-0.223,4.000
-3.578,-0.239,4.000
-3.557,-0.252,4.000
-3.549,-0.265,4.000
-3.555,-0.280,4.000
-3.561,-0.294,4.000
-3.566,-0.309,4.000
-3.558,-0.322,4.000
-3.537,-0.334,4.000
-3.549,-0.349,4.000
-3.514,-0.360,4.000
-3.807,-0.405,4.000
-3.444,-0.380,4.000
-3.543,-0.405,4.000
-3.528,-0.417,4.000
-3.526,-0.431,4.000
-3.505,-0.442,4.000
-3.543,-0.461,4.000
-3.501,-0.470,4.000
-3.532,-0.488,4.000
-3.531,-0.502,4.000
-3.529,-0.516,4.000
-3.506,-0.527,4.000
-3.524,-0.544,4.000
-3.502,-0.554,4.000
-3.520,-0.571,4.000
-3.687,-0.613,4.000
-3.509,-0.598,4.000
-3.520,-0.614,4.000
-3.674,-0.656,4.000
-3.528,-0.644,4.000
-3.506,-0.654,4.000
-3.691,-0.704,4.000
-3.507,-0.683,4.000
-3.679,-0.731,4.000
-3.495,-0.709,4.000
-3.485,-0.721,4.000
-3.677,-0.776,4.000
-3.629,-0.781,4.000
-3.477,-0.762,4.000
-3.474,-0.776,4.000
-3.477,-0.791,4.000
-3.494,-0.809,4.000
-3.645,-0.859,4.000
-3.468,-0.832,4.000
-3.451,-0.843,4.000
-3.615,-0.898,4.000
-3.618,-0.913,4.000
-3.435,-0.881,4.000
-3.457,-0.902,4.000
-3.473,-0.920,4.000
-3.603,-0.970,4.000
-3.453,-0.944,4.000
-3.436,-0.954,4.000
-3.426,-0.966,4.000
-3.581,-1.025,4.000
-3.577,-1.039,4.000
-3.414,-1.006,4.000
-3.397,-1.016,4.000
-3.571,-1.083,4.000
-3.421,-1.052,4.000
-3.398,-1.059,4.000
-3.439,-1.087,4.000
-3.402,-1.090,4.000
-3.487,-1.132,4.000
-3.476,-1.144,4.000
-3.471,-1.158,4.000
-3.566,-1.205,4.000
-3.399,-1.163,4.000
-3.458,-1.198,4.000
-3.613,-1.268,4.000
-3.553,-1.263,4.000
-3.449,-1.241,4.000
-3.573,-1.302,4.000
-3.580,-1.320,4.000
-3.328,-1.242,4.000
-3.570,-1.348,4.000
-3.406,-1.302,4.000
-3.395,-1.313,4.000
-3.499,-1.369,4.000
-3.464,-1.371,4.000
-3.286,-1.315,4.000
-3.268,-1.323,4.000
-3.453,-1.414,4.000
-3.307,-1.369,4.000
-3.283,-1.374,4.000
-3.290,-1.393,4.000
-3.254,-1.392,4.000
-3.261,-1.410,4.000
-3.243,-1.418,4.000
-3.268,-1.444,4.000
-3.407,-1.522,4.000
-3.250,-1.467,4.000
-3.245,-1.480,4.000
-3.425,-1.578,4.000
-3.227,-1.502,4.000
-3.453,-1.624,4.000
-3.215,-1.527,4.000
-3.209,-1.540,4.000
-3.358,-1.628,4.000
-3.334,-1.632,4.000
-3.197,-1.581,4.000
-3.190,-1.593,4.000
-3.178,-1.603,4.000
-3.172,-1.615,4.000
-3.336,-1.715,4.000
-3.171,-1.646,4.000
-3.322,-1.742,4.000
-3.062,-1.620,4.000
-3.056,-1.632,4.000
-2.964,-1.599,4.000
-3.126,-1.702,4.000
-3.036,-1.668,4.000
-3.042,-1.687,4.000
-3.047,-1.705,4.000
-3.010,-1.701,4.000
-3.236,-1.845,4.000
-3.068,-1.765,4.000
-3.101,-1.800,4.000
-3.364,-1.971,4.000
-3.218,-1.902,4.000
-3.069,-1.830,4.000
-3.056,-1.839,4.000
-3.167,-1.923,4.000
-3.132,-1.918,4.000
-3.034,-1.874,4.000
-3.032,-1.890,4.000
-3.165,-1.990,4.000
-3.090,-1.960,4.000
-3.071,-1.965,4.000
-3.185,-2.055,4.000
-3.039,-1.978,4.000
-3.053,-2.005,4.000
-3.198,-2.117,4.000
-3.043,-2.032,4.000
-3.035,-2.044,4.000
-3.141,-2.133,4.000
-3.003,-2.057,4.000
-3.134,-2.165,4.000
-3.014,-2.099,4.000
-2.984,-2.096,4.000
-3.008,-2.130,4.000
-3.095,-2.210,4.000
-3.102,-2.234,4.000
-2.966,-2.154,4.000
-2.953,-2.162,4.000
-3.080,-2.274,4.000
-3.082,-2.294,4.000
-2.879,-2.160,4.000
-2.902,-2.196,4.000
-2.910,-2.219,4.000
-3.030,-2.330,4.000
-2.897,-2.246,4.000
-2.888,-2.257,4.000
-3.017,-2.377,4.000
-2.865,-2.276,4.000
-2.984,-2.389,4.000
-2.827,-2.282,4.000
-2.828,-2.301,4.000
-2.824,-2.316,4.000
-2.936,-2.427,4.000
-2.811,-2.343,4.000
-3.057,-2.568,4.000
-2.798,-2.369,4.000
-2.788,-2.380,4.000
-2.897,-2.493,4.000
-2.755,-2.389,4.000
-2.745,-2.400,4.000
-2.746,-2.419,4.000
-2.853,-2.534,4.000
-2.848,-2.549,4.000
-2.702,-2.438,4.000
-2.722,-2.475,4.000
-2.698,-2.473,4.000
-2.693,-2.488,4.000
-2.797,-2.605,4.000
-2.668,-2.504,4.000
-2.649,-2.505,4.000
-2.762,-2.633,4.000
-2.761,-2.653,4.000
-2.633,-2.550,4.000
-2.623,-2.561,4.000
-2.609,-2.566,4.000
-2.608,-2.586,4.000
-2.690,-2.688,4.000
-2.578,-2.597,4.000
-2.554,-2.593,4.000
-2.667,-2.729,4.000
-2.652,-2.735,4.000
-2.533,-2.632,4.000
-2.522,-2.642,4.000
-2.516,-2.657,4.000
-2.510,-2.671,4.000
-2.602,-2.791,4.000
-2.600,-2.811,4.000
-2.474,-2.696,4.000
-2.464,-2.706,4.000
-2.449,-2.710,4.000
-2.442,-2.725,4.000
-2.419,-2.720,4.000
-2.390,-2.709,4.000
-2.517,-2.876,4.000
-2.481,-2.857,4.000
-2.376,-2.757,4.000
-2.360,-2.762,4.000
-2.358,-2.781,4.000
-2.368,-2.815,4.000
-2.332,-2.794,4.000
-2.446,-2.954,4.000
-2.310,-2.812,4.000
-2.303,-2.827,4.000
-2.296,-2.841,4.000
-2.297,-2.865,4.000
-2.278,-2.864,4.000
-2.267,-2.873,4.000
-2.348,-3.000,4.000
-2.340,-3.014,4.000
-2.229,-2.894,4.000
-2.217,-2.903,4.000
-2.210,-2.917,4.000
-2.190,-2.915,4.000
-2.296,-3.080,4.000
-2.272,-3.074,4.000
-2.160,-2.946,4.000
-2.152,-2.960,4.000
-2.144,-2.973,4.000
-2.117,-2.960,4.000
-2.121,-2.990,4.000
-2.105,-2.993,4.000
-2.094,-3.001,4.000
-2.074,-2.999,4.000
-2.155,-3.141,4.000
-2.175,-3.197,4.000
-2.046,-3.034,4.000
-2.038,-3.047,4.000
-2.116,-3.191,4.000
-2.096,-3.188,4.000
-2.087,-3.202,4.000
-2.057,-3.183,4.000
-1.974,-3.081,4.000
-1.951,-3.072,4.000
-1.954,-3.102,4.000
-1.945,-3.115,4.000
-2.015,-3.256,4.000
-1.999,-3.258,4.000
-1.894,-3.115,4.000
-1.889,-3.134,4.000
-1.883,-3.153,4.000
-1.868,-3.155,4.000
-1.885,-3.213,4.000
-1.826,-3.141,4.000
-1.824,-3.165,4.000
-1.818,-3.184,4.000
-1.789,-3.162,4.000
-1.786,-3.186,4.000
-1.859,-3.347,4.000
-1.849,-3.360,4.000
-1.752,-3.213,4.000
-1.817,-3.363,4.000
-1.730,-3.232,4.000
-1.711,-3.227,4.000
-1.698,-3.234,4.000
-1.688,-3.247,4.000
-1.750,-3.398,4.000
-1.654,-3.242,4.000
-1.647,-3.260,4.000
-1.637,-3.273,4.000
-1.688,-3.408,4.000
-1.603,-3.268,4.000
-1.596,-3.286,4.000
-1.583,-3.292,4.000
-1.573,-3.304,4.000
-1.560,-3.310,4.000
-1.605,-3.441,4.000
-1.534,-3.322,4.000
-1.487,-3.256,4.000
-1.508,-3.334,4.000
-1.494,-3.340,4.000
-1.438,-3.249,4.000
-1.505,-3.436,4.000
-1.481,-3.418,4.000
-1.400,-3.265,4.000
-1.387,-3.271,4.000
-1.446,-3.447,4.000
-1.437,-3.465,4.000
-1.351,-3.293,4.000
-1.340,-3.305,4.000
-1.330,-3.316,4.000
-1.322,-3.334,4.000
-1.362,-3.474,4.000
-1.281,-3.306,4.000
-1.342,-3.503,4.000
-1.260,-3.329,4.000
-1.252,-3.346,4.000
-1.293,-3.500,4.000
-1.221,-3.343,4.000
-1.210,-3.355,4.000
-1.192,-3.347,4.000
-1.186,-3.370,4.000
-1.164,-3.350,4.000
-1.157,-3.373,4.000
-1.135,-3.352,4.000
-1.216,-3.637,4.000
-1.117,-3.387,4.000
-1.098,-3.372,4.000
-1.088,-3.389,4.000
-1.077,-3.399,4.000
-1.058,-3.384,4.000
-1.101,-3.572,4.000
-1.089,-3.583,4.000
-1.069,-3.568,4.000
-1.008,-3.414,4.000
-0.995,-3.417,4.000
-0.982,-3.421,4.000
-0.968,-3.425,4.000
-0.958,-3.442,4.000
-0.939,-3.426,4.000
-0.976,-3.615,4.000
-0.972,-3.657,4.000
-0.901,-3.443,4.000
-0.932,-3.620,4.000
-0.875,-3.457,4.000
-0.852,-3.421,4.000
-0.904,-3.694,4.000
-0.882,-3.666,4.000
-0.821,-3.470,4.000
-0.809,-3.480,4.000
-0.797,-3.490,4.000
-0.773,-3.447,4.000
-0.805,-3.657,4.000
-0.792,-3.667,4.000
-0.736,-3.475,4.000
-0.727,-3.498,4.000
-0.697,-3.421,4.000
-0.694,-3.477,4.000
-0.680,-3.480,4.000
-0.672,-3.509,4.000
-0.639,-3.412,4.000
-0.645,-3.521,4.000
-0.629,-3.510,4.000
-0.606,-3.459,4.000
-0.601,-3.515,4.000
-0.588,-3.517,4.000
-0.587,-3.599,4.000
-0.591,-3.717,4.000
-0.555,-3.583,4.000
-0.546,-3.618,4.000
-0.506,-3.441,4.000
-0.492,-3.443,4.000
-0.480,-3.452,4.000
-0.465,-3.447,4.000
-0.473,-3.609,4.000
-0.436,-3.437,4.000
-0.425,-3.459,4.000
-0.410,-3.447,4.000
-0.419,-3.642,4.000
-0.405,-3.644,4.000
-0.371,-3.465,4.000
-0.357,-3.467,4.000
-0.358,-3.615,4.000
-0.330,-3.462,4.000
-0.329,-3.611,4.000
-0.317,-3.632,4.000
-0.288,-3.459,4.000
-0.276,-3.474,4.000
-0.260,-3.455,4.000
-0.257,-3.597,4.000
-0.232,-3.436,4.000
-0.220,-3.457,4.000
-0.207,-3.479,4.000
-0.193,-3.459,4.000
-0.190,-3.668,4.000
-0.174,-3.642,4.000
-0.152,-3.461,4.000
-0.138,-3.455,4.000
-0.124,-3.435,4.000
-0.112,-3.476,4.000
-0.098,-3.470,4.000
-0.084,-3.463,4.000
-0.074,-3.665,4.000
-0.060,-3.679,4.000
-0.045,-3.626,4.000
-0.030,-3.485,4.000
-0.016,-3.492,4.000
-0.002,-3.579,4.000
0.012,-3.566,4.000
0.026,-3.559,4.000
0.041,-3.685,4.000
0.053,-3.552,4.000
0.067,-3.552,4.000
0.082,-3.572,4.000
0.100,-3.743,4.000
0.110,-3.564,4.000
0.123,-3.544,4.000
0.137,-3.557,4.000
0.159,-3.728,4.000
0.165,-3.555,4.000
0.178,-3.535,4.000
0.195,-3.588,4.000
0.217,-3.725,4.000
0.218,-3.505,4.000
0.236,-3.565,4.000
0.249,-3.551,4.000
0.277,-3.747,4.000
0.291,-3.727,4.000
0.290,-3.541,4.000
0.317,-3.692,4.000
0.319,-3.552,4.000
0.332,-3.544,4.000
0.360,-3.681,4.000
0.378,-3.712,4.000
0.375,-3.546,4.000
0.389,-3.551,4.000
0.424,-3.727,4.000
0.415,-3.528,4.000
0.430,-3.533,4.000
0.464,-3.696,4.000
0.457,-3.530,4.000
0.470,-3.521,4.000
0.507,-3.684,4.000
0.526,-3.714,4.000
0.515,-3.535,4.000
0.553,-3.697,4.000
0.540,-3.518,4.000
0.554,-3.516,4.000
0.597,-3.690,4.000
0.608,-3.669,4.000
0.596,-3.509,4.000
0.610,-3.513,4.000
0.625,-3.518,4.000
0.665,-3.659,4.000
0.651,-3.499,4.000
0.664,-3.497,4.000
0.679,-3.501,4.000
0.689,-3.478,4.000
0.708,-3.502,4.000
0.718,-3.479,4.000
0.734,-3.490,4.000
0.748,-3.487,4.000
0.767,-3.510,4.000
0.795,-3.572,4.000
0.808,-3.562,4.000
0.831,-3.598,4.000
0.787,-3.346,4.000
0.808,-3.376,4.000
0.862,-3.543,4.000
0.878,-3.546,4.000
0.849,-3.373,4.000
0.857,-3.350,4.000
0.926,-3.561,4.000
0.933,-3.531,4.000
0.900,-3.353,4.000
0.913,-3.349,4.000
0.934,-3.372,4.000
0.989,-3.516,4.000
0.953,-3.338,4.000
0.964,-3.328,4.000
1.030,-3.504,4.000
0.996,-3.340,4.000
1.056,-3.490,4.000
1.067,-3.479,4.000
1.031,-3.315,4.000
1.040,-3.297,4.000
1.063,-3.326,4.000
1.072,-3.309,4.000
1.087,-3.311,4.000
1.153,-3.466,4.000
1.158,-3.436,4.000
1.119,-3.279,4.000
1.130,-3.268,4.000
1.205,-3.441,4.000
1.212,-3.418,4.000
1.171,-3.261,4.000
1.186,-3.262,4.000
1.231,-3.347,4.000
1.270,-3.411,4.000
1.286,-3.412,4.000
1.237,-3.243,4.000
1.255,-3.251,4.000
1.260,-3.227,4.000
1.283,-3.248,4.000
1.288,-3.224,4.000
1.303,-3.225,4.000
1.316,-3.220,4.000
1.395,-3.376,4.000
1.362,-3.259,4.000
1.385,-3.279,4.000
1.460,-3.420,4.000
1.403,-3.249,4.000
1.386,-3.175,4.000
1.434,-3.250,4.000
1.487,-3.336,4.000
1.426,-3.165,4.000
1.472,-3.233,4.000
1.611,-3.502,4.000
1.509,-3.246,4.000
1.521,-3.240,4.000
1.599,-3.372,4.000
1.660,-3.464,4.000
1.548,-3.198,4.000
1.566,-3.204,4.000
1.652,-3.346,4.000
1.662,-3.334,4.000
1.601,-3.179,4.000
1.625,-3.197,4.000
1.710,-3.331,4.000
1.723,-3.325,4.000
1.647,-3.148,4.000
1.672,-3.165,4.000
1.678,-3.146,4.000
1.694,-3.146,4.000
1.703,-3.133,4.000
1.712,-3.121,4.000
1.727,-3.120,4.000
1.763,-3.154,4.000
1.749,-3.100,4.000
1.767,-3.105,4.000
1.865,-3.247,4.000
1.875,-3.234,4.000
1.800,-3.078,4.000
1.809,-3.065,4.000
2.027,-3.404,4.000
1.925,-3.204,4.000
1.828,-3.015,4.000
1.818,-2.973,4.000
1.823,-2.954,4.000
1.845,-2.964,4.000
1.864,-2.969,4.000
1.854,-2.927,4.000
1.861,-2.914,4.000
1.884,-2.924,4.000
1.888,-2.905,4.000
1.903,-2.903,4.000
2.004,-3.030,4.000
1.926,-2.888,4.000
1.933,-2.875,4.000
1.952,-2.878,4.000
1.956,-2.860,4.000
1.932,-2.801,4.000
1.931,-2.776,4.000
1.993,-2.842,4.000
2.048,-2.895,4.000
2.059,-2.887,4.000
1.966,-2.734,4.000
1.977,-2.727,4.000
2.004,-2.741,4.000
2.116,-2.870,4.000
2.095,-2.819,4.000
2.020,-2.695,4.000
2.026,-2.682,4.000
2.049,-2.690,4.000
2.168,-2.823,4.000
2.166,-2.799,4.000
2.076,-2.661,4.000
2.184,-2.776,4.000
2.106,-2.655,4.000
2.099,-2.625,4.000
2.100,-2.606,4.000
2.240,-2.757,4.000
2.152,-2.627,4.000
2.153,-2.608,4.000
2.163,-2.599,4.000
2.174,-2.591,4.000
2.179,-2.577,4.000
2.189,-2.568,4.000
2.190,-2.549,4.000
2.196,-2.535,4.000
2.210,-2.532,4.000
2.382,-2.707,4.000
2.303,-2.597,4.000
2.304,-2.578,4.000
2.328,-2.584,4.000
2.338,-2.575,4.000
2.471,-2.699,4.000
2.472,-2.680,4.000
2.359,-2.537,4.000
2.374,-2.533,4.000
2.513,-2.660,4.000
2.389,-2.509,4.000
2.422,-2.524,4.000
2.413,-2.495,4.000
2.517,-2.582,4.000
2.414,-2.457,4.000
2.442,-2.467,4.000
2.576,-2.581,4.000
2.586,-2.571,4.000
2.505,-2.471,4.000
2.486,-2.433,4.000
2.485,-2.413,4.000
2.495,-2.404,4.000
2.612,-2.496,4.000
2.494,-2.365,4.000
2.453,-2.308,4.000
2.472,-2.308,4.000
2.596,-2.405,4.000
2.485,-2.284,4.000
2.473,-2.255,4.000
2.630,-2.379,4.000
2.629,-2.359,4.000
2.500,-2.226,4.000
2.456,-2.170,4.000
2.459,-2.155,4.000
2.462,-2.141,4.000
2.476,-2.136,4.000
2.495,-2.135,4.000
2.514,-2.135,4.000
2.644,-2.228,4.000
2.514,-2.101,4.000
2.528,-2.096,4.000
2.547,-2.095,4.000
2.663,-2.173,4.000
2.553,-2.066,4.000
2.561,-2.056,4.000
2.563,-2.042,4.000
2.675,-2.114,4.000
2.585,-2.026,4.000
2.565,-1.994,4.000
2.578,-1.988,4.000
2.714,-2.076,4.000
2.722,-2.065,4.000
2.584,-1.945,4.000
2.620,-1.956,4.000
2.713,-2.008,4.000
2.709,-1.989,4.000
2.592,-1.887,4.000
2.668,-1.927,4.000
2.676,-1.916,4.000
2.614,-1.857,4.000
2.702,-1.903,4.000
2.812,-1.964,4.000
2.612,-1.809,4.000
2.713,-1.863,4.000
2.846,-1.939,4.000
2.791,-1.885,4.000
2.723,-1.824,4.000
2.718,-1.805,4.000
2.760,-1.818,4.000
2.744,-1.791,4.000
2.739,-1.773,4.000
2.764,-1.774,4.000
2.759,-1.755,4.000
2.784,-1.756,4.000
2.932,-1.833,4.000
2.791,-1.730,4.000
2.798,-1.719,4.000
2.959,-1.802,4.000
2.966,-1.790,4.000
2.938,-1.757,4.000
2.849,-1.689,4.000
2.825,-1.660,4.000
2.964,-1.726,4.000
2.838,-1.638,4.000
2.851,-1.630,4.000
2.851,-1.616,4.000
2.863,-1.608,4.000
2.985,-1.661,4.000
2.870,-1.582,4.000
2.876,-1.571,4.000
2.776,-1.502,4.000
2.950,-1.581,4.000
2.844,-1.510,4.000
2.812,-1.479,4.000
2.981,-1.553,4.000
2.811,-1.450,4.000
2.829,-1.446,4.000
2.816,-1.425,4.000
2.992,-1.500,4.000
2.833,-1.406,4.000
2.845,-1.398,4.000
3.022,-1.470,4.000
3.034,-1.461,4.000
2.887,-1.377,4.000
2.860,-1.350,4.000
2.879,-1.345,4.000
2.890,-1.337,4.000
3.024,-1.384,4.000
3.049,-1.381,4.000
2.893,-1.297,4.000
2.905,-1.288,4.000
3.097,-1.359,4.000
3.064,-1.330,4.000
2.933,-1.259,4.000
2.938,-1.248,4.000
3.099,-1.302,4.000
3.019,-1.255,4.000
2.952,-1.213,4.000
2.950,-1.199,4.000
2.868,-1.152,4.000
2.913,-1.157,4.000
2.944,-1.156,4.000
3.140,-1.219,4.000
2.879,-1.105,4.000
2.971,-1.127,4.000
2.874,-1.077,4.000
2.986,-1.106,4.000
3.091,-1.131,4.000
3.135,-1.133,4.000
3.006,-1.073,4.000
2.901,-1.023,4.000
3.174,-1.105,4.000
3.185,-1.095,4.000
3.009,-1.021,4.000
3.213,-1.076,4.000
2.927,-0.968,4.000
3.021,-0.986,4.000
3.038,-0.978,4.000
2.966,-0.942,4.000
3.018,-0.946,4.000
3.008,-0.929,4.000
3.046,-0.928,4.000
3.226,-0.969,4.000
3.026,-0.896,4.000
3.071,-0.896,4.000
3.183,-0.915,4.000
2.988,-0.847,4.000
3.224,-0.900,4.000
3.241,-0.891,4.000
2.969,-0.804,4.000
3.077,-0.820,4.000
3.244,-0.851,4.000
3.268,-0.843,4.000
3.080,-0.782,4.000
3.090,-0.772,4.000
3.162,-0.776,4.000
3.026,-0.730,4.000
3.071,-0.728,4.000
3.017,-0.703,4.000
3.090,-0.708,4.000
3.044,-0.684,4.000
3.053,-0.674,4.000
3.112,-0.674,4.000
3.315,-0.704,4.000
3.068,-0.639,4.000
3.106,-0.635,4.000
3.123,-0.625,4.000
3.312,-0.650,4.000
3.307,-0.635,4.000
3.137,-0.590,4.000
3.047,-0.560,4.000
3.308,-0.595,4.000
3.158,-0.555,4.000
3.306,-0.568,4.000
3.091,-0.519,4.000
3.136,-0.513,4.000
3.319,-0.530,4.000
3.321,-0.517,4.000
3.148,-0.477,4.000
3.115,-0.460,4.000
3.180,-0.457,4.000
3.329,-0.465,4.000
3.120,-0.423,4.000
3.143,-0.414,4.000
3.166,-0.404,4.000
3.139,-0.388,4.000
3.155,-0.378,4.000
3.325,-0.385,4.000
3.340,-0.373,4.000
3.159,-0.340,4.000
3.175,-0.329,4.000
3.351,-0.334,4.000
3.346,-0.321,4.000
3.157,-0.290,4.000
3.158,-0.278,4.000
3.173,-0.266,4.000
3.343,-0.268,4.000
3.379,-0.257,4.000
3.359,-0.242,4.000
3.148,-0.215,4.000
3.171,-0.204,4.000
3.334,-0.201,4.000
3.194,-0.180,4.000
3.173,-0.166,4.000
3.343,-0.162,4.000
3.174,-0.141,4.000
3.196,-0.130,4.000
3.190,-0.117,4.000
3.352,-0.110,4.000
3.190,-0.092,4.000
3.191,-0.079,4.000
3.339,-0.070,4.000
3.360,-0.057,4.000
3.206,-0.042,4.000
3.305,-0.030,4.500
3.199,-0.017,4.500
3.184,-0.004,4.500
3.464,0.009,4.500
3.177,0.021,4.500
3.361,0.035,4.500
3.177,0.046,4.500
3.198,0.058,4.500
3.162,0.070,4.500
3.183,0.083,4.500
3.359,0.101,4.500
3.197,0.109,4.500
3.197,0.121,4.500
3.239,0.136,4.500
3.357,0.154,4.500
3.166,0.157,4.500
3.187,0.171,4.500
3.257,0.188,4.500
3.348,0.206,4.500
3.156,0.207,4.500
3.290,0.228,4.500
3.345,0.245,4.500
3.211,0.248,4.500
3.252,0.264,4.500
3.272,0.279,4.500
3.444,0.307,4.500
3.263,0.304,4.500
3.219,0.313,4.500
3.147,0.318,4.500
3.425,0.360,4.500
3.538,0.386,4.500
3.263,0.369,4.500
3.255,0.381,4.500
3.154,0.381,4.500
3.210,0.401,4.500
3.264,0.421,4.500
3.475,0.462,4.500
3.155,0.432,4.500
3.168,0.446,4.500
3.250,0.471,4.500
3.433,0.511,4.500
3.329,0.509,4.500
3.209,0.504,4.500
3.137,0.505,4.500
3.296,0.544,4.500
3.133,0.530,4.500
3.166,0.548,4.500
3.136,0.555,4.500
3.112,0.564,4.500
3.325,0.616,4.500
3.129,0.592,4.500
3.134,0.606,4.500
3.291,0.650,4.500
3.129,0.630,4.500
3.098,0.637,4.500
3.303,0.693,4.500
3.107,0.664,4.500
3.111,0.678,4.500
3.123,0.693,4.500
3.148,0.712,4.500
3.096,0.713,4.500
3.107,0.728,4.500
3.256,0.777,4.500
3.246,0.788,4.500
3.092,0.763,4.500
3.082,0.774,4.500
3.051,0.779,4.500
3.076,0.798,4.500
3.058,0.806,4.500
3.253,0.871,4.500
3.236,0.880,4.500
3.070,0.848,4.500
3.059,0.858,4.500
3.070,0.874,4.500
3.222,0.931,4.500
3.042,0.892,4.500
3.059,0.910,4.500
3.224,0.973,4.500
3.038,0.930,4.500
3.048,0.946,4.500
3.031,0.954,4.500
3.041,0.970,4.500
3.023,0.977,4.500
3.013,0.987,4.500
3.029,1.006,4.500
3.179,1.069,4.500
2.987,1.018,4.500
3.010,1.039,4.500
3.040,1.062,4.500
3.083,1.091,4.500
3.223,1.155,4.500
3.020,1.096,4.500
3.003,1.103,4.500
2.992,1.112,4.500
2.974,1.119,4.500
2.976,1.133,4.500
2.972,1.145,4.500
2.947,1.148,4.500
2.963,1.168,4.500
3.122,1.245,4.500
3.111,1.254,4.500
2.942,1.200,4.500
2.931,1.209,4.500
2.972,1.239,4.500
3.116,1.314,4.500
2.936,1.252,4.500
2.931,1.263,4.500
3.164,1.378,4.500
2.921,1.286,4.500
3.058,1.361,4.500
2.904,1.306,4.500
2.919,1.326,4.500
3.067,1.408,4.500
2.882,1.337,4.500
2.871,1.345,4.500
3.038,1.438,4.500
3.026,1.447,4.500
2.995,1.447,4.500
2.771,1.352,4.500
2.772,1.366,4.500
2.773,1.380,4.500
2.928,1.472,4.500
2.749,1.396,4.500
2.750,1.410,4.500
2.904,1.503,4.500
2.720,1.421,4.500
2.746,1.449,4.500
2.880,1.534,4.500
2.886,1.552,4.500
2.716,1.474,4.500
2.704,1.481,4.500
2.886,1.596,4.500
2.849,1.590,4.500
2.668,1.502,4.500
2.681,1.523,4.500
2.836,1.627,4.500
2.818,1.631,4.500
2.669,1.559,4.500
2.644,1.558,4.500
2.805,1.667,4.500
2.798,1.678,4.500
2.537,1.536,4.500
2.632,1.607,4.500
2.705,1.666,4.500
2.594,1.612,4.500
2.538,1.591,4.500
2.612,1.652,4.500
2.593,1.654,4.500
2.506,1.613,4.500
2.519,1.635,4.500
2.475,1.620,4.500
2.675,1.766,4.500
2.468,1.644,4.500
2.456,1.649,4.500
2.468,1.671,4.500
2.443,1.668,4.500
2.442,1.682,4.500
2.436,1.692,4.500
2.447,1.714,4.500
2.434,1.719,4.500
2.553,1.818,4.500
2.409,1.730,4.500
2.426,1.757,4.500
2.389,1.744,4.500
2.547,1.875,4.500
2.387,1.772,4.500
2.386,1.786,4.500
2.531,1.909,4.500
2.517,1.915,4.500
2.371,1.818,4.500
2.370,1.832,4.500
2.333,1.818,4.500
2.332,1.832,4.500
2.325,1.841,4.500
2.455,1.960,4.500
2.299,1.850,4.500
2.314,1.878,4.500
2.465,2.016,4.500
2.424,1.998,4.500
2.304,1.915,4.500
2.279,1.909,4.500
2.428,2.050,4.500
2.264,1.927,4.500
2.268,1.946,4.500
2.398,2.074,4.500
2.373,2.069,4.500
2.239,1.967,4.500
2.362,2.092,4.500
2.360,2.106,4.500
2.188,1.969,4.500
2.224,2.017,4.500
2.205,2.016,4.500
2.187,2.014,4.500
2.328,2.162,4.500
2.241,2.097,4.500
2.130,2.009,4.500
2.303,2.189,4.500
2.467,2.364,4.500
2.117,2.045,4.500
2.230,2.171,4.500
2.217,2.175,4.500
2.034,2.011,4.500
2.048,2.041,4.500
2.040,2.049,4.500
2.213,2.240,4.500
2.148,2.192,4.500
2.010,2.067,4.500
2.007,2.081,4.500
1.999,2.088,4.500
1.996,2.102,4.500
2.109,2.239,4.500
2.081,2.226,4.500
2.057,2.218,4.500
1.942,2.111,4.500
1.924,2.107,4.500
1.931,2.131,4.500
2.046,2.277,4.500
2.037,2.285,4.500
1.901,2.148,4.500
1.892,2.156,4.500
1.889,2.169,4.500
1.885,2.182,4.500
1.997,2.330,4.500
1.997,2.349,4.500
1.946,2.306,4.500
1.969,2.353,4.500
1.960,2.361,4.500
1.838,2.232,4.500
1.820,2.227,4.500
1.820,2.246,4.500
1.802,2.241,4.500
1.904,2.388,4.500
1.808,2.285,4.500
1.886,2.403,4.500
1.867,2.398,4.500
1.762,2.282,4.500
1.735,2.265,4.500
1.865,2.455,4.500
1.847,2.451,4.500
1.726,2.310,4.500
1.717,2.316,4.500
1.695,2.305,4.500
1.690,2.318,4.500
1.807,2.498,4.500
1.793,2.500,4.500
1.667,2.343,4.500
1.666,2.362,4.500
1.767,2.526,4.500
1.741,2.509,4.500
1.626,2.363,4.500
1.625,2.382,4.500
1.603,2.370,4.500
1.606,2.395,4.500
1.601,2.407,4.500
1.583,2.401,4.500
1.679,2.569,4.500
1.556,2.401,4.500
1.547,2.407,4.500
1.541,2.419,4.500
1.544,2.444,4.500
1.625,2.595,4.500
1.513,2.437,4.500
1.487,2.417,4.500
1.497,2.455,4.500
1.488,2.461,4.500
1.566,2.614,4.500
1.476,2.486,4.500
1.459,2.478,4.500
1.445,2.478,4.500
1.439,2.490,4.500
1.433,2.502,4.500
1.431,2.521,4.500
1.461,2.598,4.500
1.400,2.512,4.500
1.455,2.635,4.500
1.376,2.516,4.500
1.356,2.502,4.500
1.367,2.547,4.500
1.361,2.559,4.500
1.333,2.531,4.500
1.320,2.530,4.500
1.310,2.535,4.500
1.307,2.553,4.500
1.235,2.436,4.500
1.293,2.577,4.500
1.330,2.676,4.500
1.223,2.485,4.500
1.203,2.469,4.500
1.250,2.590,4.500
1.197,2.506,4.500
1.187,2.511,4.500
1.167,2.494,4.500
1.167,2.520,4.500
1.157,2.524,4.500
1.132,2.494,4.500
1.128,2.512,4.500
1.143,2.573,4.500
1.118,2.542,4.500
1.098,2.526,4.500
1.169,2.717,4.500
1.156,2.715,4.500
1.078,2.559,4.500
1.065,2.557,4.500
1.057,2.568,4.500
1.042,2.558,4.500
1.113,2.765,4.500
1.019,2.559,4.500
1.020,2.591,4.500
1.004,2.581,4.500
0.991,2.578,4.500
0.967,2.546,4.500
0.984,2.621,4.500
1.034,2.787,4.500
1.049,2.861,4.500
0.948,2.618,4.500
0.930,2.600,4.500
0.998,2.824,4.500
0.907,2.600,4.500
0.897,2.604,4.500
0.889,2.615,4.500
0.974,2.902,4.500
0.873,2.636,4.500
0.866,2.647,4.500
0.850,2.636,4.500
0.859,2.697,4.500
0.888,2.829,4.500
0.835,2.696,4.500
0.813,2.663,4.500
0.794,2.637,4.500
0.850,2.864,4.500
0.851,2.910,4.500
0.784,2.720,4.500
0.753,2.649,4.500
0.777,2.777,4.500
0.744,2.699,4.500
0.753,2.775,4.500
0.752,2.815,4.500
0.769,2.925,4.500
0.728,2.813,4.500
0.764,3.002,4.500
0.740,2.956,4.500
0.686,2.785,4.500
0.680,2.810,4.500
0.676,2.842,4.500
0.697,2.981,4.500
0.649,2.825,4.500
0.639,2.835,4.500
0.662,2.989,4.500
0.666,3.063,4.500
0.601,2.820,4.500
0.593,2.837,4.500
0.575,2.802,4.500
0.566,2.819,4.500
0.551,2.799,4.500
0.541,2.809,4.500
0.528,2.796,4.500
0.522,2.828,4.500
0.548,3.034,4.500
0.535,3.029,4.500
0.488,2.827,4.500
0.478,2.836,4.500
0.467,2.838,4.500
0.459,2.862,4.500
0.443,2.834,4.500
0.440,2.888,4.500
0.449,3.028,4.500
0.425,2.943,4.500
0.411,2.930,4.500
0.402,2.946,4.500
0.390,2.947,4.500
0.379,2.956,4.500
0.368,2.958,4.500
0.356,2.959,4.500
0.366,3.142,4.500
0.352,3.136,4.500
0.320,2.948,4.500
0.307,2.935,4.500
0.297,2.951,4.500
0.285,2.952,4.500
0.291,3.142,4.500
0.264,2.976,4.500
0.251,2.962,4.500
0.239,2.963,4.500
0.229,2.986,4.500
0.230,3.162,4.500
0.206,2.988,4.500
0.194,2.982,4.500
0.178,2.915,4.500
0.168,2.946,4.500
0.158,2.976,4.500
0.154,3.130,4.500
0.134,2.963,4.500
0.121,2.941,4.500
0.112,2.986,4.500
0.102,3.052,4.500
0.091,3.089,4.500
0.078,3.068,4.500
0.067,3.104,4.500
0.057,3.227,4.500
0.042,3.068,4.500
0.030,3.069,4.500
0.018,3.098,4.500
0.006,3.098,4.500
-0.006,3.127,4.500
-0.018,3.076,4.500
-0.030,3.090,4.500
-0.043,3.105,4.500
-0.054,3.068,4.500
-0.066,3.075,4.500
-0.083,3.255,4.500
-0.095,3.247,4.500
-0.102,3.060,4.500
-0.114,3.067,4.500
-0.126,3.066,4.500
-0.139,3.087,4.500
-0.152,3.094,4.500
-0.164,3.086,4.500
-0.192,3.369,4.500
-0.198,3.250,4.500
-0.202,3.120,4.500
-0.213,3.105,4.500
-0.244,3.359,4.500
-0.256,3.344,4.500
-0.251,3.110,4.500
-0.268,3.173,4.500
-0.279,3.158,4.500
-0.294,3.178,4.500
-0.321,3.332,4.500
-0.320,3.190,4.500
-0.331,3.174,4.500
-0.342,3.159,4.500
-0.355,3.165,4.500
-0.374,3.213,4.500
-0.401,3.337,4.500
-0.407,3.273,4.500
-0.402,3.137,4.500
-0.416,3.150,4.500
-0.432,3.170,4.500
-0.461,3.287,4.500
-0.454,3.145,4.500
-0.477,3.221,4.500
-0.487,3.198,4.500
-0.498,3.189,4.500
-0.510,3.180,4.500
-0.536,3.261,4.500
-0.574,3.410,4.500
-0.579,3.360,4.500
-0.573,3.248,4.500
-0.582,3.225,4.500
-0.600,3.250,4.500
-0.618,3.275,4.500
-0.646,3.355,4.500
-0.631,3.208,4.500
-0.640,3.185,4.500
-0.661,3.224,4.500
-0.697,3.337,4.500
-0.719,3.375,4.500
-0.735,3.385,4.500
-0.750,3.389,4.500
-0.721,3.197,4.500
-0.736,3.208,4.500
-0.746,3.191,4.500
-0.763,3.209,4.500
-0.808,3.341,4.500
-0.780,3.168,4.500
-0.797,3.186,4.500
-0.853,3.351,4.500
-0.817,3.159,4.500
-0.835,3.176,4.500
-0.892,3.340,4.500
-0.849,3.128,4.500
-0.869,3.152,4.500
-0.883,3.156,4.500
-0.897,3.159,4.500
-0.958,3.322,4.500
-0.953,3.259,4.500
-0.932,3.142,4.500
-0.945,3.138,4.500
-0.957,3.134,4.500
-0.988,3.191,4.500
-1.048,3.338,4.500
-1.042,3.275,4.500
-1.006,3.119,4.500
-1.025,3.135,4.500
-1.087,3.282,4.500
-1.094,3.258,4.500
-1.111,3.267,4.500
-1.072,3.112,4.500
-1.086,3.114,4.500
-1.094,3.097,4.500
-1.162,3.249,4.500
-1.115,3.081,4.500
-1.132,3.090,4.500
-1.140,3.072,4.500
-1.213,3.231,4.500
-1.156,3.044,4.500
-1.178,3.065,4.500
-1.193,3.067,4.500
-1.192,3.030,4.500
-1.219,3.064,4.500
-1.229,3.053,4.500
-1.241,3.048,4.500
-1.327,3.223,4.500
-1.337,3.211,4.500
-1.336,3.174,4.500
-1.286,3.022,4.500
-1.298,3.017,4.500
-1.312,3.018,4.500
-1.394,3.172,4.500
-1.442,3.247,4.500
-1.447,3.223,4.500
-1.380,3.042,4.500
-1.415,3.087,4.500
-1.493,3.224,4.500
-1.511,3.230,4.500
-1.507,3.187,4.500
-1.534,3.212,4.500
-1.460,3.027,4.500
-1.472,3.022,4.500
-1.484,3.016,4.500
-1.508,3.035,4.500
-1.590,3.169,4.500
-1.612,3.181,4.500
-1.534,2.998,4.500
-1.549,2.998,4.500
-1.577,3.023,4.500
-1.576,2.992,4.500
-1.668,3.137,4.500
-1.718,3.201,4.500
-1.654,3.052,4.500
-1.669,3.052,4.500
-1.694,3.069,4.500
-1.683,3.020,4.500
-1.698,3.020,4.500
-1.720,3.031,4.500
-1.722,3.006,4.500
-1.713,2.964,4.500
-1.840,3.155,4.500
-1.757,2.986,4.500
-1.851,3.118,4.500
-1.787,2.984,4.500
-1.792,2.965,4.500
-1.804,2.958,4.500
-1.815,2.951,4.500
-1.926,3.104,4.500
-1.853,2.960,4.500
-1.846,2.923,4.500
-1.869,2.934,4.500
-1.964,3.056,4.500
-1.884,2.907,4.500
-1.903,2.911,4.500
-1.907,2.892,4.500
-1.930,2.902,4.500
-2.042,3.045,4.500
-2.050,3.031,4.500
-1.960,2.873,4.500
-1.967,2.860,4.500
-2.078,2.996,4.500
-2.086,2.982,4.500
-1.961,2.781,4.500
-2.109,2.966,4.500
-2.011,2.804,4.500
-2.129,2.944,4.500
-2.033,2.788,4.500
-2.068,2.813,4.500
-2.175,2.935,4.500
-2.179,2.915,4.500
-2.085,2.767,4.500
-2.100,2.764,4.500
-2.217,2.895,4.500
-2.117,2.742,4.500
-2.128,2.734,4.500
-2.126,2.709,4.500
-2.149,2.717,4.500
-2.151,2.698,4.500
-2.238,2.785,4.500
-2.190,2.702,4.500
-2.260,2.767,4.500
-2.267,2.753,4.500
-2.278,2.744,4.500
-2.301,2.750,4.500
-2.321,2.752,4.500
-2.425,2.853,4.500
-2.449,2.858,4.500
-2.409,2.789,4.500
-2.337,2.685,4.500
-2.356,2.685,4.500
-2.349,2.656,4.500
-2.386,2.677,4.500
-2.503,2.785,4.500
-2.501,2.761,4.500
-2.404,2.634,4.500
-2.478,2.693,4.500
-2.488,2.683,4.500
-2.494,2.669,4.500
-2.509,2.664,4.500
-2.524,2.658,4.500
-2.638,2.757,4.500
-2.550,2.643,4.500
-2.542,2.614,4.500
-2.552,2.604,4.500
-2.553,2.585,4.500
-2.581,2.594,4.500
-2.592,2.583,4.500
-2.606,2.578,4.500
-2.733,2.682,4.500
-2.734,2.662,4.500
-2.627,2.538,4.500
-2.750,2.636,4.500
-2.770,2.634,4.500
-2.657,2.507,4.500
-2.671,2.501,4.500
-2.676,2.486,4.500
-2.797,2.577,4.500
-2.821,2.579,4.500
-2.696,2.445,4.500
-2.705,2.435,4.500
-2.846,2.541,4.500
-2.739,2.426,4.500
-2.962,2.603,4.500
-2.758,2.405,4.500
-2.778,2.403,4.500
-2.777,2.383,4.500
-2.925,2.490,4.500
-2.785,2.353,4.500
-2.800,2.346,4.500
-2.809,2.335,4.500
-2.823,2.328,4.500
-2.827,2.313,4.500
-2.836,2.302,4.500
-2.856,2.299,4.500
-2.977,2.377,4.500
-2.996,2.374,4.500
-2.862,2.249,4.500
-2.886,2.250,4.500
-2.900,2.242,4.500
-3.028,2.322,4.500
-2.897,2.204,4.500
-2.905,2.192,4.500
-2.935,2.197,4.500
-2.863,2.126,4.500
-3.078,2.266,4.500
-3.014,2.201,4.500
-3.059,2.215,4.500
-3.233,2.322,4.500
-3.034,2.161,4.500
-3.048,2.153,4.500
-2.926,2.050,4.500
-2.940,2.042,4.500
-2.948,2.031,4.500
-2.945,2.012,4.500
-3.106,2.104,4.500
-3.081,2.070,4.500
-2.974,1.980,4.500
-2.981,1.969,4.500
-3.095,2.026,4.500
-3.124,2.028,4.500
-3.010,1.937,4.500
-2.995,1.911,4.500
-3.042,1.924,4.500
-3.100,1.944,4.500
-3.263,2.028,4.500
-3.276,2.019,4.500
-3.112,1.900,4.500
-3.096,1.875,4.500
-3.143,1.886,4.500
-3.291,1.957,4.500
-3.293,1.941,4.500
-3.171,1.852,4.500
-3.156,1.827,4.500
-3.157,1.811,4.500
-3.317,1.886,4.500
-3.330,1.876,4.500
-3.190,1.780,4.500
-3.191,1.764,4.500
-3.203,1.755,4.500
-3.280,1.780,4.500
-3.349,1.801,4.500
-3.236,1.723,4.500
-3.207,1.692,4.500
-3.237,1.692,4.500
-3.256,1.685,4.500
-3.274,1.678,4.500
-3.414,1.733,4.500
-3.421,1.720,4.500
-3.270,1.628,4.500
-3.288,1.621,4.500
-3.526,1.721,4.500
-3.447,1.666,4.500
-3.331,1.594,4.500
-3.454,1.636,4.500
-3.319,1.556,4.500
-3.313,1.538,4.500
-3.331,1.530,4.500
-3.480,1.582,4.500
-3.331,1.498,4.500
-3.343,1.488,4.500
-3.337,1.470,4.500
-3.349,1.459,4.500
-3.373,1.454,4.500
-3.342,1.425,4.500
-3.378,1.425,4.500
-3.389,1.414,4.500
-3.539,1.460,4.500
-3.551,1.449,4.500
-3.387,1.367,4.500
-3.387,1.351,4.500
-3.435,1.354,4.500
-3.391,1.322,4.500
-3.409,1.313,4.500
-3.320,1.264,4.500
-3.363,1.265,4.500
-3.349,1.245,4.500
-3.360,1.234,4.500
-3.384,1.228,4.500
-3.370,1.208,4.500
-3.343,1.183,4.500
-3.590,1.255,4.500
-3.453,1.192,4.500
-3.457,1.178,4.500
-3.424,1.152,4.500
-3.467,1.151,4.500
-3.484,1.142,4.500
-3.482,1.126,4.500
-3.486,1.112,4.500
-3.652,1.149,4.500
-3.736,1.160,4.500
-3.630,1.111,4.500
-3.665,1.106,4.500
-3.495,1.040,4.500
-3.511,1.030,4.500
-3.503,1.012,4.500
-3.519,1.002,4.500
-3.674,1.031,4.500
-3.584,0.990,4.500
-3.525,0.959,4.500
-3.554,0.952,4.500
-3.564,0.940,4.500
-3.687,0.957,4.500
-3.546,0.905,4.500
-3.638,0.914,4.500
-3.540,0.874,4.500
-3.575,0.868,4.500
-3.553,0.848,4.500
-3.563,0.835,4.500
-3.553,0.819,4.500
-3.563,0.806,4.500
-3.687,0.819,4.500
-3.582,0.781,4.500
-3.585,0.767,4.500
-3.810,0.799,4.500
-3.719,0.765,4.500
-3.594,0.725,4.500
-3.551,0.701,4.500
-3.632,0.703,4.500
-3.781,0.716,4.500
-3.815,0.707,4.500
-3.601,0.653,4.500
-3.597,0.637,4.500
-3.599,0.623,4.500
-3.769,0.637,4.500
-3.604,0.595,4.500
-3.600,0.580,4.500
-3.608,0.567,4.500
-3.650,0.558,4.500
-3.613,0.538,4.500
-3.608,0.523,4.500
-3.597,0.507,4.500
-3.671,0.503,4.500
-3.634,0.483,4.500
-3.636,0.469,4.500
-3.696,0.462,4.500
-3.705,0.448,4.500
-3.891,0.455,4.500
-3.843,0.434,4.500
-3.677,0.401,4.500
-3.646,0.383,4.500
-3.641,0.368,4.500
-3.727,0.362,4.500
-3.630,0.338,4.500
-3.671,0.328,4.500
-3.699,0.316,4.500
-3.594,0.292,4.500
-3.629,0.281,4.500
-3.695,0.271,4.500
-3.800,0.264,4.500
-3.814,0.250,4.500
-3.815,0.235,4.500
-3.803,0.219,4.500
-3.647,0.196,4.500
-3.642,0.181,4.500
-3.662,0.168,4.500
-3.650,0.153,4.500
-3.807,0.145,4.500
-3.807,0.130,4.500
-3.658,0.110,4.500
-3.645,0.096,4.500
-3.652,0.081,4.500
-3.718,0.068,4.500
-3.666,0.053,4.500
-3.646,0.038,4.500
-3.822,0.025,4.500
-3.822,0.010,4.500
-3.653,-0.005,4.500
-3.816,-0.020,4.500
-3.653,-0.033,4.500
-3.659,-0.048,4.500
-3.665,-0.062,4.500
-3.632,-0.076,4.500
-3.827,-0.095,4.500
-3.821,-0.110,4.500
-3.624,-0.118,4.500
-3.644,-0.133,4.500
-3.650,-0.148,4.500
-3.643,-0.162,4.500
-3.648,-0.177,4.500
-3.661,-0.192,4.500
-3.654,-0.206,4.500
-3.640,-0.219,4.500
-3.652,-0.234,4.500
-3.644,-0.248,4.500
-3.787,-0.273,4.500
-3.649,-0.277,4.500
-3.648,-0.292,4.500
-3.633,-0.305,4.500
-3.639,-0.320,4.500
-3.631,-0.333,4.500
-3.818,-0.366,4.500
-3.803,-0.379,4.500
-3.627,-0.376,4.500
-3.625,-0.390,4.500
-3.610,-0.403,4.500
-3.661,-0.423,4.500
-3.633,-0.434,4.500
-3.800,-0.469,4.500
-3.785,-0.483,4.500
-3.615,-0.475,4.500
-3.620,-0.491,4.500
-3.585,-0.500,4.500
-3.603,-0.517,4.500
-3.594,-0.530,4.500
-3.611,-0.547,4.500
-3.622,-0.564,4.500
-3.587,-0.573,4.500
-3.611,-0.591,4.500
-3.615,-0.606,4.500
-3.613,-0.620,4.500
-3.758,-0.660,4.500
-3.768,-0.677,4.500
-3.759,-0.691,4.500
-3.757,-0.706,4.500
-3.626,-0.696,4.500
-3.571,-0.700,4.500
-3.582,-0.717,4.500
-3.566,-0.728,4.500
-3.723,-0.776,4.500
-3.745,-0.795,4.500
-3.557,-0.770,4.500
-3.560,-0.785,4.500
-3.570,-0.802,4.500
-3.567,-0.816,4.500
-3.660,-0.853,4.500
-3.573,-0.847,4.500
-3.809,-0.919,4.500
-3.793,-0.931,4.500
-3.832,-0.956,4.500
-3.785,-0.961,4.500
-3.626,-0.935,4.500
-3.616,-0.948,4.500
-3.625,-0.965,4.500
-3.627,-0.981,4.500
-3.611,-0.992,4.500
-3.575,-0.998,4.500
-3.824,-1.083,4.500
-3.753,-1.079,4.500
-3.601,-1.051,4.500
-3.616,-1.070,4.500
-3.586,-1.077,4.500
-3.576,-1.089,4.500
-3.584,-1.107,4.500
-3.586,-1.123,4.500
-3.557,-1.129,4.500
-3.558,-1.145,4.500
-3.548,-1.157,4.500
-3.549,-1.173,4.500
-3.582,-1.199,4.500
-3.692,-1.252,4.500
-3.554,-1.221,4.500
-3.549,-1.235,4.500
-3.532,-1.245,4.500
-3.527,-1.258,4.500
-3.667,-1.325,4.500
-3.679,-1.346,4.500
-3.512,-1.300,4.500
-3.488,-1.307,4.500
-3.501,-1.327,4.500
-3.490,-1.339,4.500
-3.479,-1.350,4.500
-3.498,-1.373,4.500
-3.468,-1.377,4.500
-3.475,-1.396,4.500
-3.469,-1.410,4.500
-3.446,-1.416,4.500
-3.630,-1.508,4.500
-3.595,-1.510,4.500
-3.411,-1.449,4.500
-3.606,-1.548,4.500
-3.423,-1.486,4.500
-3.339,-1.465,4.500
-3.333,-1.478,4.500
-3.333,-1.494,4.500
-3.328,-1.507,4.500
-3.328,-1.522,4.500
-3.316,-1.533,4.500
-3.304,-1.543,4.500
-3.297,-1.556,4.500
-3.297,-1.572,4.500
-3.285,-1.582,4.500
-3.285,-1.598,4.500
-3.431,-1.685,4.500
-3.418,-1.696,4.500
-3.260,-1.633,4.500
-3.259,-1.649,4.500
-3.241,-1.656,4.500
-3.235,-1.668,4.500
-3.234,-1.684,4.500
-3.377,-1.776,4.500
-3.221,-1.709,4.500
-3.208,-1.719,4.500
-3.213,-1.738,4.500
-3.223,-1.760,4.500
-3.199,-1.763,4.500
-3.186,-1.772,4.500
-3.191,-1.791,4.500
-3.149,-1.784,4.500
-3.307,-1.891,4.500
-3.393,-1.958,4.500
-3.242,-1.887,4.500
-3.383,-1.988,4.500
-3.216,-1.906,4.500
-3.230,-1.932,4.500
-3.201,-1.931,4.500
-3.187,-1.940,4.500
-3.344,-2.054,4.500
-3.320,-2.057,4.500
-3.159,-1.974,4.500
-3.179,-2.004,4.500
-3.165,-2.013,4.500
-3.152,-2.022,4.500
-3.144,-2.034,4.500
-3.141,-2.050,4.500
-3.139,-2.066,4.500
-3.125,-2.075,4.500
-3.106,-2.080,4.500
-3.236,-2.186,4.500
-3.117,-2.122,4.500
-3.097,-2.127,4.500
-3.068,-2.125,4.500
-3.070,-2.144,4.500
-3.072,-2.164,4.500
-3.168,-2.250,4.500
-3.029,-2.169,4.500
-3.041,-2.196,4.500
-3.038,-2.212,4.500
-3.013,-2.212,4.500
-3.031,-2.243,4.500
-3.006,-2.243,4.500
-3.121,-2.348,4.500
-2.983,-2.263,4.500
-3.000,-2.294,4.500
-3.098,-2.388,4.500
-3.138,-2.439,4.500
-3.069,-2.405,4.500
-2.923,-2.309,4.500
-2.929,-2.333,4.500
-2.915,-2.340,4.500
-2.921,-2.364,4.500
-2.977,-2.428,4.500
-3.036,-2.496,4.500
-2.888,-2.394,4.500
-2.869,-2.397,4.500
-2.869,-2.416,4.500
-2.982,-2.531,4.500
-2.953,-2.527,4.500
-2.948,-2.542,4.500
-2.821,-2.453,4.500
-2.816,-2.468,4.500
-2.932,-2.589,4.500
-2.802,-2.494,4.500
-2.906,-2.608,4.500
-2.901,-2.624,4.500
-2.772,-2.527,4.500
-2.786,-2.560,4.500
-2.861,-2.649,4.500
-2.914,-2.720,4.500
-2.718,-2.557,4.500
-2.717,-2.577,4.500
-2.698,-2.578,4.500
-2.692,-2.593,4.500
-2.793,-2.711,4.500
-2.800,-2.740,4.500
-2.789,-2.751,4.500
-2.660,-2.644,4.500
-2.650,-2.655,4.500
-2.626,-2.651,4.500
-2.638,-2.685,4.500
-2.726,-2.796,4.500
-2.715,-2.807,4.500
-2.673,-2.785,4.500
-2.697,-2.833,4.500
-2.572,-2.722,4.500
-2.565,-2.737,4.500
-2.541,-2.732,4.500
-2.605,-2.823,4.500
-2.646,-2.890,4.500
-2.613,-2.877,4.500
-2.610,-2.896,4.500
-2.577,-2.883,4.500
-2.608,-2.940,4.500
-2.580,-2.932,4.500
-2.564,-2.937,4.500
-2.439,-2.816,4.500
-2.441,-2.840,4.500
-2.425,-2.845,4.500
-2.481,-2.933,4.500
-2.415,-2.879,4.500
-2.392,-2.873,4.500
-2.483,-3.006,4.500
-2.385,-2.912,4.500
-2.358,-2.901,4.500
-2.346,-2.910,4.500
-2.339,-2.924,4.500
-2.323,-2.928,4.500
-2.320,-2.948,4.500
-2.308,-2.957,4.500
-2.297,-2.966,4.500
-2.285,-2.975,4.500
-2.273,-2.984,4.500
-2.258,-2.988,4.500
-2.342,-3.125,4.500
-2.234,-3.005,4.500
-2.230,-3.024,4.500
-2.233,-3.054,4.500
-2.183,-3.010,4.500
-2.179,-3.029,4.500
-2.167,-3.038,4.500
-2.178,-3.078,4.500
-2.166,-3.087,4.500
-2.139,-3.074,4.500
-2.126,-3.082,4.500
-2.125,-3.107,4.500
-2.102,-3.099,4.500
-2.097,-3.118,4.500
-2.181,-3.270,4.500
-2.165,-3.273,4.500
-2.141,-3.266,4.500
-2.027,-3.118,4.500
-2.122,-3.293,4.500
-2.034,-3.183,4.500
-2.083,-3.288,4.500
-1.991,-3.171,4.500
-2.064,-3.315,4.500
-2.077,-3.366,4.500
-2.028,-3.315,4.500
-2.031,-3.350,4.500
-1.936,-3.221,4.500
-1.946,-3.267,4.500
-1.988,-3.368,4.500
-1.988,-3.398,4.500
-1.949,-3.362,4.500
-1.949,-3.392,4.500
-2.022,-3.551,4.500
-1.919,-3.401,4.500
-1.833,-3.280,4.500
-1.808,-3.264,4.500
-1.808,-3.294,4.500
-1.798,-3.307,4.500
-1.776,-3.297,4.500
-1.760,-3.298,4.500
-1.750,-3.311,4.500
-1.823,-3.482,4.500
-1.795,-3.461,4.500
-1.801,-3.508,4.500
-1.709,-3.361,4.500
-1.678,-3.333,4.500
-1.671,-3.351,4.500
-1.726,-3.496,4.500
-1.718,-3.514,4.500
-1.629,-3.365,4.500
-1.693,-3.533,4.500
-1.682,-3.545,4.500
-1.665,-3.546,4.500
-1.641,-3.530,4.500
-1.560,-3.390,4.500
-1.544,-3.390,4.500
-1.536,-3.408,4.500
-1.520,-3.408,4.500
-1.512,-3.426,4.500
-1.498,-3.432,4.500
-1.497,-3.468,4.500
-1.474,-3.450,4.500
-1.460,-3.455,4.500
-1.444,-3.455,4.500
-1.506,-3.644,4.500
-1.482,-3.627,4.500
-1.473,-3.644,4.500
-1.451,-3.632,4.500
-1.501,-3.800,4.500
-1.421,-3.638,4.500
-1.344,-3.481,4.500
-1.335,-3.499,4.500
-1.380,-3.660,4.500
-1.368,-3.671,4.500
-1.289,-3.502,4.500
-1.337,-3.676,4.500
-1.270,-3.536,4.500
-1.252,-3.529,4.500
-1.247,-3.559,4.500
-1.287,-3.720,4.500
-1.297,-3.796,4.500
-1.201,-3.561,4.500
-1.178,-3.541,4.500
-1.179,-3.588,4.500
-1.153,-3.556,4.500
-1.143,-3.573,4.500
-1.129,-3.577,4.500
-1.099,-3.532,4.500
-1.133,-3.691,4.500
-1.133,-3.744,4.500
-1.070,-3.588,4.500
-1.030,-3.504,4.500
-1.060,-3.659,4.500
-1.010,-3.538,4.500
-1.000,-3.554,4.500
-0.973,-3.514,4.500
-0.965,-3.537,4.500
-0.948,-3.528,4.500
-0.939,-3.551,4.500
-0.964,-3.705,4.500
-0.899,-3.513,4.500
-0.892,-3.542,4.500
-0.880,-3.552,4.500
-0.866,-3.555,4.500
-0.891,-3.723,4.500
-0.874,-3.714,4.500
-0.827,-3.578,4.500
-0.814,-3.588,4.500
-0.831,-3.731,4.500
-0.815,-3.728,4.500
-0.803,-3.743,4.500
-0.791,-3.759,4.500
-0.744,-3.603,4.500
-0.728,-3.600,4.500
-0.708,-3.570,4.500
-0.697,-3.592,4.500
-0.683,-3.595,4.500
-0.666,-3.578,4.500
-0.656,-3.607,4.500
-0.640,-3.596,4.500
-0.652,-3.753,4.500
-0.653,-3.844,4.500
-0.623,-3.758,4.500
-0.607,-3.754,4.500
-0.571,-3.621,4.500
-0.556,-3.617,4.500
-0.540,-3.606,4.500
-0.528,-3.628,4.500
-0.536,-3.784,4.500
-0.520,-3.780,4.500
-0.506,-3.789,4.500
-0.494,-3.810,4.500
-0.455,-3.618,4.500
-0.454,-3.730,4.500
-0.429,-3.647,4.500
-0.422,-3.714,4.500
-0.399,-3.637,4.500
-0.374,-3.540,4.500
-0.372,-3.654,4.500
-0.358,-3.655,4.500
-0.336,-3.577,4.500
-0.324,-3.605,4.500
-0.304,-3.540,4.500
-0.291,-3.547,4.500
-0.277,-3.542,4.500
-0.271,-3.649,4.500
-0.251,-3.577,4.500
-0.234,-3.531,4.500
-0.232,-3.724,4.500
-0.217,-3.725,4.500
-0.192,-3.527,4.500
-0.186,-3.674,4.500
-0.167,-3.582,4.500
-0.159,-3.728,4.500
-0.147,-3.800,4.500
-0.131,-3.768,4.500
-0.110,-3.571,4.500
-0.098,-3.632,4.500
-0.084,-3.645,4.500
-0.070,-3.659,4.500
-0.055,-3.659,4.500
-0.040,-3.586,4.500
-0.027,-3.659,4.500
-0.012,-3.653,4.500
0.002,-3.829,4.500
0.017,-3.673,4.500
0.031,-3.639,4.500
0.045,-3.659,4.500
0.059,-3.646,4.500
0.074,-3.685,4.500
0.088,-3.665,4.500
0.103,-3.658,4.500
0.116,-3.638,4.500
0.131,-3.657,4.500
0.147,-3.676,4.500
0.162,-3.702,4.500
0.179,-3.753,4.500
0.202,-3.906,4.500
0.217,-3.905,4.500
0.234,-3.923,4.500
0.236,-3.724,4.500
0.252,-3.736,4.500
0.267,-3.735,4.500
0.282,-3.747,4.500
0.296,-3.739,4.500
0.310,-3.732,4.500
0.326,-3.737,4.500
0.342,-3.749,4.500
0.371,-3.900,4.500
0.386,-3.899,4.500
0.399,-3.872,4.500
0.398,-3.717,4.500
0.409,-3.689,4.500
0.430,-3.740,4.500
0.451,-3.789,4.500
0.456,-3.710,4.500
0.471,-3.715,4.500
0.477,-3.641,4.500
0.489,-3.627,4.500
0.541,-3.893,4.500
0.552,-3.866,4.500
0.552,-3.756,4.500
0.571,-3.786,4.500
0.558,-3.603,4.500
0.572,-3.601,4.500
0.586,-3.599,4.500
0.600,-3.596,4.500
0.615,-3.594,4.500
0.632,-3.611,4.500
0.644,-3.596,4.500
0.686,-3.747,4.500
0.721,-3.851,4.500
0.686,-3.588,4.500
0.700,-3.585,4.500
0.717,-3.595,4.500
0.723,-3.553,4.500
0.745,-3.589,4.500
0.759,-3.586,4.500
0.766,-3.551,4.500
0.810,-3.683,4.500
0.836,-3.730,4.500
0.839,-3.676,4.500
0.808,-3.480,4.500
0.822,-3.477,4.500
0.828,-3.441,4.500
0.886,-3.618,4.500
0.882,-3.545,4.500
0.917,-3.624,4.500
0.888,-3.454,4.500
0.899,-3.437,4.500
0.956,-3.600,4.500
0.979,-3.628,4.500
0.988,-3.605,4.500
1.020,-3.664,4.500
0.970,-3.432,4.500
0.977,-3.408,4.500
0.996,-3.424,4.500
1.010,-3.420,4.500
1.054,-3.518,4.500
1.089,-3.583,4.500
1.040,-3.376,4.500
1.055,-3.378,4.500
1.077,-3.400,4.500
1.088,-3.389,4.500
1.108,-3.404,4.500
1.119,-3.393,4.500
1.203,-3.601,4.500
1.194,-3.528,4.500
1.154,-3.367,4.500
1.172,-3.375,4.500
1.231,-3.502,4.500
1.247,-3.503,4.500
1.212,-3.361,4.500
1.227,-3.363,4.500
1.275,-3.451,4.500
1.381,-3.693,4.500
1.295,-3.423,4.500
1.308,-3.417,4.500
1.324,-3.418,4.500
1.333,-3.401,4.500
1.411,-3.559,4.500
1.420,-3.542,4.500
1.373,-3.385,4.500
1.381,-3.367,4.500
1.402,-3.380,4.500
1.410,-3.362,4.500
1.494,-3.525,4.500
1.439,-3.357,4.500
1.457,-3.364,4.500
1.465,-3.346,4.500
1.550,-3.501,4.500
1.576,-3.524,4.500
1.469,-3.250,4.500
1.520,-3.329,4.500
1.491,-3.232,4.500
1.555,-3.334,4.500
1.517,-3.220,4.500
1.526,-3.208,4.500
1.614,-3.357,4.500
1.633,-3.363,4.500
1.570,-3.202,4.500
1.580,-3.190,4.500
1.598,-3.195,4.500
1.602,-3.171,4.500
1.689,-3.313,4.500
1.626,-3.158,4.500
1.721,-3.311,4.500
1.743,-3.321,4.500
1.664,-3.139,4.500
1.689,-3.156,4.500
1.691,-3.132,4.500
1.720,-3.155,4.500
1.709,-3.107,4.500
1.731,-3.118,4.500
1.753,-3.128,4.500
1.752,-3.098,4.500
1.758,-3.079,4.500
1.859,-3.228,4.500
1.785,-3.071,4.500
1.808,-3.082,4.500
1.897,-3.206,4.500
1.832,-3.067,4.500
1.929,-3.202,4.500
1.938,-3.189,4.500
1.951,-3.181,4.500
1.862,-3.010,4.500
1.888,-3.025,4.500
1.900,-3.018,4.500
2.011,-3.167,4.500
2.016,-3.148,4.500
2.029,-3.140,4.500
2.034,-3.121,4.500
1.966,-2.991,4.500
1.963,-2.961,4.500
1.990,-2.976,4.500
1.982,-2.940,4.500
1.998,-2.938,4.500
2.013,-2.935,4.500
2.085,-3.015,4.500
2.123,-3.045,4.500
2.051,-2.917,4.500
2.074,-2.925,4.500
2.043,-2.857,4.500
2.022,-2.805,4.500
2.041,-2.808,4.500
2.056,-2.805,4.500
2.104,-2.846,4.500
2.082,-2.794,4.500
2.097,-2.792,4.500
2.202,-2.906,4.500
2.098,-2.748,4.500
2.122,-2.756,4.500
2.116,-2.726,4.500
2.139,-2.734,4.500
2.141,-2.715,4.500
2.083,-2.620,4.500
2.102,-2.622,4.500
2.186,-2.705,4.500
2.127,-2.611,4.500
2.151,-2.619,4.500
2.152,-2.600,4.500
2.158,-2.586,4.500
2.172,-2.583,4.500
2.182,-2.574,4.500
2.193,-2.566,4.500
2.207,-2.562,4.500
2.280,-2.626,4.500
2.362,-2.699,4.500
2.416,-2.739,4.500
2.427,-2.730,4.500
2.433,-2.715,4.500
2.453,-2.716,4.500
2.332,-2.562,4.500
2.342,-2.553,4.500
2.375,-2.568,4.500
2.367,-2.539,4.500
2.501,-2.662,4.500
2.516,-2.657,4.500
2.581,-2.704,4.500
2.592,-2.694,4.500
2.464,-2.541,4.500
2.488,-2.546,4.500
2.516,-2.555,4.500
2.517,-2.536,4.500
2.635,-2.633,4.500
2.546,-2.525,4.500
2.660,-2.617,4.500
2.675,-2.611,4.500
2.552,-2.472,4.500
2.542,-2.443,4.500
2.502,-2.386,4.500
2.517,-2.381,4.500
2.531,-2.376,4.500
2.530,-2.356,4.500
2.550,-2.356,4.500
2.544,-2.332,4.500
2.573,-2.340,4.500
2.572,-2.321,4.500
2.702,-2.419,4.500
2.646,-2.350,4.500
2.660,-2.344,4.500
2.669,-2.334,4.500
2.668,-2.315,4.500
2.698,-2.322,4.500
2.492,-2.128,4.500
2.711,-2.296,4.500
2.573,-2.162,4.500
2.582,-2.152,4.500
2.606,-2.155,4.500
2.539,-2.083,4.500
2.623,-2.135,4.500
2.533,-2.045,4.500
2.558,-2.048,4.500
2.533,-2.012,4.500
2.579,-2.033,4.500
2.582,-2.018,4.500
2.567,-1.991,4.500
2.603,-2.002,4.500
2.605,-1.988,4.500
2.607,-1.973,4.500
2.627,-1.971,4.500
2.623,-1.953,4.500
2.648,-1.955,4.500
2.621,-1.919,4.500
2.820,-2.048,4.500
2.806,-2.021,4.500
2.757,-1.970,4.500
2.816,-1.995,4.500
2.681,-1.884,4.500
2.831,-1.973,4.500
2.725,-1.883,4.500
2.709,-1.856,4.500
2.711,-1.841,4.500
2.718,-1.831,4.500
2.719,-1.816,4.500
2.726,-1.806,4.500
2.757,-1.810,4.500
2.746,-1.788,4.500
2.771,-1.789,4.500
2.778,-1.778,4.500
3.000,-1.903,4.500
3.007,-1.891,4.500
2.781,-1.734,4.500
2.817,-1.741,4.500
2.872,-1.759,4.500
2.813,-1.708,4.500
2.802,-1.686,4.500
2.838,-1.693,4.500
3.041,-1.798,4.500
2.833,-1.660,4.500
2.840,-1.649,4.500
2.859,-1.645,4.500
3.010,-1.716,4.500
3.040,-1.718,4.500
2.853,-1.597,4.500
2.853,-1.583,4.500
2.878,-1.582,4.500
2.890,-1.574,4.500
2.884,-1.556,4.500
2.890,-1.544,4.500
2.884,-1.526,4.500
2.871,-1.505,4.500
2.914,-1.513,4.500
2.964,-1.525,4.500
3.117,-1.588,4.500
3.099,-1.563,4.500
3.105,-1.551,4.500
3.087,-1.527,4.500
3.068,-1.503,4.500
2.891,-1.402,4.500
2.851,-1.369,4.500
2.876,-1.367,4.500
2.882,-1.356,4.500
2.880,-1.341,4.500
2.892,-1.333,4.500
3.071,-1.401,4.500
3.063,-1.383,4.500
3.050,-1.362,4.500
3.080,-1.362,4.500
2.924,-1.279,4.500
2.962,-1.281,4.500
3.103,-1.328,4.500
3.108,-1.316,4.500
3.100,-1.298,4.500
2.922,-1.210,4.500
2.940,-1.204,4.500
2.985,-1.209,4.500
2.956,-1.184,4.500
2.934,-1.162,4.500
2.966,-1.160,4.500
2.970,-1.149,4.500
2.961,-1.132,4.500
2.972,-1.123,4.500
2.997,-1.119,4.500
2.981,-1.100,4.500
2.979,-1.085,4.500
3.010,-1.083,4.500
2.994,-1.064,4.500
3.178,-1.116,4.500
3.009,-1.043,4.500
3.186,-1.091,4.500
3.171,-1.072,4.500
3.014,-1.005,4.500
2.998,-0.987,4.500
3.063,-0.995,4.500
3.046,-0.976,4.500
3.205,-1.013,4.500
3.222,-1.005,4.500
3.232,-0.994,4.500
3.223,-0.978,4.500
3.058,-0.914,4.500
3.034,-0.894,4.500
3.065,-0.890,4.500
3.068,-0.878,4.500
3.051,-0.860,4.500
3.041,-0.845,4.500
3.072,-0.840,4.500
3.047,-0.821,4.500
3.064,-0.812,4.500
3.081,-0.804,4.500
3.078,-0.790,4.500
3.108,-0.785,4.500
3.336,-0.829,4.500
3.352,-0.819,4.500
3.138,-0.753,4.500
3.189,-0.752,4.500
3.185,-0.738,4.500
3.195,-0.727,4.500
3.205,-0.716,4.500
3.208,-0.704,4.500
3.387,-0.729,4.500
3.370,-0.712,4.500
3.202,-0.663,4.500
3.218,-0.653,4.500
3.228,-0.642,4.500
3.387,-0.660,4.500
3.226,-0.615,4.500
3.186,-0.595,4.500
3.231,-0.590,4.500
3.219,-0.575,4.500
3.235,-0.565,4.500
3.237,-0.552,4.500
3.205,-0.533,4.500
3.255,-0.529,4.500
3.428,-0.543,4.500
3.431,-0.530,4.500
3.240,-0.487,4.500
3.408,-0.499,4.500
3.230,-0.460,4.500
3.225,-0.446,4.500
3.255,-0.437,4.500
3.249,-0.424,4.500
3.341,-0.422,4.500
3.446,-0.422,4.500
3.434,-0.407,4.500
3.462,-0.396,4.500
3.544,-0.391,4.500
3.438,-0.366,4.500
3.246,-0.333,4.500
3.268,-0.322,4.500
3.269,-0.309,4.500
3.264,-0.296,4.500
3.286,-0.285,4.500
3.280,-0.271,4.500
3.267,-0.257,4.500
3.225,-0.241,4.500
3.456,-0.245,4.500
3.443,-0.230,4.500
3.458,-0.218,4.500
3.452,-0.204,4.500
3.272,-0.180,4.500
3.280,-0.168,4.500
3.308,-0.156,4.500
3.267,-0.141,4.500
3.253,-0.128,4.500
3.268,-0.116,4.500
3.282,-0.103,4.500
3.283,-0.091,4.500
3.290,-0.078,4.500
3.205,-0.063,4.500
3.478,-0.055,4.500
3.498,-0.042,5.000
3.471,-0.028,5.000
3.444,-0.014,5.000
3.277,-0.000,5.000
3.291,0.013,5.000
3.284,0.025,5.000
3.305,0.039,5.000
3.284,0.051,5.000
3.283,0.064,5.000
3.558,0.084,5.000
3.463,0.095,5.000
3.275,0.103,5.000
3.275,0.115,5.000
3.288,0.129,5.000
3.267,0.141,5.000
3.461,0.163,5.000
3.453,0.176,5.000
3.265,0.179,5.000
3.271,0.193,5.000
3.278,0.206,5.000
3.263,0.218,5.000
3.463,0.245,5.000
3.441,0.257,5.000
3.281,0.258,5.000
3.280,0.271,5.000
3.272,0.283,5.000
3.271,0.296,5.000
3.422,0.323,5.000
3.427,0.337,5.000
3.232,0.331,5.000
3.266,0.347,5.000
3.264,0.360,5.000
3.270,0.374,5.000
3.254,0.385,5.000
3.253,0.397,5.000
3.437,0.434,5.000
3.408,0.444,5.000
3.234,0.434,5.000
3.246,0.449,5.000
3.410,0.485,5.000
3.462,0.506,5.000
3.433,0.516,5.000
3.417,0.527,5.000
3.435,0.544,5.000
3.566,0.579,5.000
3.226,0.536,5.000
3.230,0.550,5.000
3.228,0.563,5.000
3.226,0.576,5.000
3.238,0.591,5.000
3.426,0.639,5.000
3.226,0.615,5.000
3.217,0.626,5.000
3.214,0.639,5.000
3.218,0.653,5.000
3.393,0.702,5.000
3.350,0.707,5.000
3.204,0.689,5.000
3.152,0.691,5.000
3.205,0.716,5.000
3.188,0.725,5.000
3.192,0.739,5.000
3.196,0.753,5.000
3.382,0.811,5.000
3.359,0.820,5.000
3.296,0.818,5.000
3.095,0.781,5.000
3.078,0.790,5.000
3.191,0.832,5.000
3.078,0.816,5.000
3.252,0.875,5.000
3.249,0.888,5.000
3.239,0.899,5.000
3.044,0.858,5.000
3.069,0.878,5.000
3.058,0.888,5.000
3.217,0.948,5.000
3.085,0.922,5.000
3.309,1.003,5.000
3.233,0.994,5.000
3.128,0.975,5.000
3.131,0.990,5.000
3.073,0.985,5.000
3.090,1.003,5.000
3.113,1.024,5.000
3.241,1.080,5.000
3.282,1.109,5.000
3.114,1.065,5.000
3.096,1.073,5.000
3.132,1.099,5.000
3.108,1.104,5.000
3.097,1.114,5.000
3.099,1.129,5.000
3.251,1.198,5.000
3.233,1.206,5.000
3.052,1.153,5.000
3.028,1.157,5.000
3.063,1.184,5.000
3.071,1.201,5.000
3.183,1.259,5.000
3.204,1.282,5.000
2.985,1.208,5.000
3.026,1.239,5.000
2.956,1.223,5.000
3.010,1.260,5.000
3.076,1.302,5.000
2.882,1.233,5.000
2.916,1.261,5.000
2.938,1.284,5.000
3.093,1.367,5.000
3.056,1.365,5.000
2.890,1.304,5.000
2.878,1.312,5.000
2.905,1.338,5.000
2.887,1.344,5.000
2.784,1.309,5.000
2.805,1.332,5.000
3.005,1.442,5.000
2.949,1.429,5.000
2.743,1.343,5.000
2.764,1.367,5.000
2.732,1.364,5.000
2.760,1.391,5.000
2.786,1.419,5.000
2.927,1.505,5.000
2.902,1.506,5.000
2.890,1.515,5.000
2.661,1.408,5.000
2.700,1.442,5.000
2.803,1.511,5.000
2.797,1.522,5.000
2.612,1.435,5.000
2.620,1.452,5.000
2.981,1.668,5.000
2.748,1.552,5.000
2.551,1.454,5.000
2.590,1.490,5.000
2.584,1.500,5.000
2.572,1.506,5.000
2.735,1.617,5.000
2.554,1.523,5.000
2.704,1.627,5.000
2.926,1.776,5.000
2.704,1.656,5.000
2.691,1.662,5.000
2.542,1.584,5.000
2.492,1.567,5.000
2.542,1.612,5.000
2.504,1.602,5.000
2.670,1.723,5.000
2.657,1.729,5.000
2.638,1.732,5.000
2.631,1.742,5.000
2.473,1.651,5.000
2.491,1.677,5.000
2.629,1.785,5.000
2.616,1.791,5.000
2.452,1.694,5.000
2.440,1.699,5.000
2.433,1.709,5.000
2.587,1.832,5.000
2.586,1.846,5.000
2.413,1.737,5.000
2.388,1.734,5.000
2.405,1.760,5.000
2.392,1.765,5.000
2.385,1.775,5.000
2.396,1.798,5.000
2.528,1.912,5.000
2.376,1.812,5.000
2.375,1.826,5.000
2.367,1.835,5.000
2.343,1.831,5.000
2.271,1.789,5.000
2.252,1.788,5.000
2.251,1.802,5.000
2.325,1.876,5.000
2.225,1.810,5.000
2.316,1.899,5.000
2.377,1.964,5.000
2.413,2.011,5.000
2.202,1.850,5.000
2.183,1.849,5.000
2.176,1.857,5.000
2.209,1.900,5.000
2.150,1.864,5.000
2.239,1.956,5.000
2.346,2.067,5.000
2.295,2.038,5.000
2.143,1.918,5.000
2.191,1.976,5.000
2.117,1.924,5.000
2.142,1.963,5.000
2.113,1.951,5.000
2.116,1.970,5.000
2.238,2.100,5.000
2.219,2.099,5.000
2.049,1.953,5.000
2.063,1.982,5.000
2.077,2.011,5.000
2.053,2.003,5.000
2.214,2.177,5.000
2.048,2.030,5.000
2.029,2.027,5.000
2.032,2.046,5.000
2.013,2.043,5.000
2.021,2.067,5.000
2.126,2.192,5.000
2.102,2.185,5.000
1.991,2.085,5.000
1.973,2.082,5.000
1.985,2.112,5.000
1.951,2.092,5.000
1.953,2.111,5.000
1.975,2.152,5.000
1.941,2.132,5.000
1.928,2.134,5.000
2.034,2.269,5.000
1.911,2.149,5.000
1.913,2.168,5.000
1.894,2.164,5.000
1.871,2.154,5.000
1.907,2.213,5.000
1.985,2.321,5.000
1.980,2.335,5.000
1.842,2.189,5.000
1.957,2.345,5.000
1.839,2.221,5.000
1.830,2.228,5.000
1.831,2.247,5.000
1.934,2.392,5.000
1.855,2.314,5.000
1.776,2.233,5.000
1.823,2.311,5.000
1.707,2.181,5.000
1.703,2.194,5.000
1.695,2.200,5.000
1.691,2.213,5.000
1.663,2.195,5.000
1.673,2.226,5.000
1.655,2.220,5.000
1.637,2.214,5.000
1.629,2.221,5.000
1.744,2.398,5.000
1.752,2.429,5.000
1.730,2.418,5.000
1.598,2.252,5.000
1.602,2.278,5.000
1.589,2.278,5.000
1.683,2.433,5.000
1.665,2.427,5.000
1.672,2.458,5.000
1.667,2.471,5.000
1.714,2.563,5.000
1.692,2.551,5.000
1.678,2.552,5.000
1.676,2.571,5.000
1.654,2.559,5.000
1.664,2.596,5.000
1.653,2.602,5.000
1.588,2.522,5.000
1.618,2.591,5.000
1.506,2.433,5.000
1.508,2.458,5.000
1.587,2.609,5.000
1.481,2.457,5.000
1.471,2.462,5.000
1.469,2.481,5.000
1.452,2.474,5.000
1.438,2.473,5.000
1.436,2.492,5.000
1.419,2.484,5.000
1.416,2.503,5.000
1.395,2.489,5.000
1.404,2.527,5.000
1.383,2.513,5.000
1.381,2.531,5.000
1.367,2.530,5.000
1.357,2.536,5.000
1.361,2.567,5.000
1.334,2.539,5.000
1.413,2.716,5.000
1.321,2.563,5.000
1.398,2.740,5.000
1.381,2.732,5.000
1.367,2.731,5.000
1.362,2.750,5.000
1.348,2.749,5.000
1.270,2.614,5.000
1.339,2.785,5.000
1.325,2.784,5.000
1.308,2.776,5.000
1.307,2.801,5.000
1.277,2.766,5.000
1.275,2.791,5.000
1.185,2.620,5.000
1.156,2.584,5.000
1.158,2.616,5.000
1.145,2.613,5.000
1.120,2.583,5.000
1.091,2.545,5.000
1.102,2.599,5.000
1.074,2.561,5.000
1.061,2.558,5.000
1.051,2.562,5.000
1.050,2.588,5.000
1.031,2.570,5.000
1.018,2.567,5.000
1.008,2.571,5.000
0.998,2.575,5.000
0.988,2.579,5.000
0.983,2.597,5.000
0.968,2.587,5.000
0.957,2.590,5.000
0.958,2.623,5.000
0.940,2.605,5.000
0.937,2.630,5.000
0.929,2.641,5.000
0.909,2.616,5.000
0.901,2.627,5.000
0.888,2.623,5.000
0.878,2.627,5.000
0.931,2.823,5.000
0.860,2.641,5.000
0.842,2.622,5.000
0.841,2.655,5.000
0.822,2.629,5.000
0.816,2.647,5.000
0.799,2.628,5.000
0.797,2.660,5.000
0.791,2.678,5.000
0.776,2.666,5.000
0.768,2.677,5.000
0.804,2.847,5.000
0.743,2.668,5.000
0.734,2.678,5.000
0.773,2.863,5.000
0.707,2.662,5.000
0.704,2.694,5.000
0.688,2.675,5.000
0.680,2.685,5.000
0.667,2.680,5.000
0.657,2.683,5.000
0.650,2.700,5.000
0.627,2.650,5.000
0.671,2.889,5.000
0.616,2.700,5.000
0.648,2.894,5.000
0.595,2.705,5.000
0.586,2.715,5.000
0.570,2.694,5.000
0.604,2.911,5.000
0.552,2.714,5.000
0.543,2.723,5.000
0.529,2.711,5.000
0.520,2.720,5.000
0.515,2.752,5.000
0.496,2.709,5.000
0.491,2.741,5.000
0.477,2.728,5.000
0.469,2.745,5.000
0.457,2.739,5.000
0.448,2.749,5.000
0.433,2.728,5.000
0.424,2.737,5.000
0.407,2.700,5.000
0.398,2.710,5.000
0.418,2.929,5.000
0.405,2.915,5.000
0.376,2.790,5.000
0.376,2.874,5.000
0.351,2.770,5.000
0.336,2.734,5.000
0.325,2.735,5.000
0.327,2.850,5.000
0.341,3.079,5.000
0.306,2.867,5.000
0.294,2.861,5.000
0.302,3.054,5.000
0.270,2.848,5.000
0.259,2.849,5.000
0.251,2.887,5.000
0.237,2.858,5.000
0.241,3.052,5.000
0.216,2.875,5.000
0.217,3.054,5.000
0.204,3.040,5.000
0.183,2.893,5.000
0.171,2.886,5.000
0.159,2.871,5.000
0.157,3.057,5.000
0.136,2.858,5.000
0.125,2.858,5.000
0.115,2.889,5.000
0.103,2.874,5.000
0.092,2.897,5.000
0.080,2.867,5.000
0.069,2.875,5.000
0.057,2.853,5.000
0.046,2.883,5.000
0.035,2.883,5.000
0.024,2.921,5.000
0.013,2.958,5.000
0.001,2.995,5.000
-0.011,3.156,5.000
-0.024,3.156,5.000
-0.036,3.156,5.000
-0.049,3.163,5.000
-0.061,3.162,5.000
-0.074,3.169,5.000
-0.086,3.169,5.000
-0.099,3.183,5.000
-0.105,2.993,5.000
-0.116,2.978,5.000
-0.128,2.993,5.000
-0.140,2.985,5.000
-0.151,2.969,5.000
-0.163,2.976,5.000
-0.184,3.143,5.000
-0.186,2.975,5.000
-0.197,2.967,5.000
-0.211,2.988,5.000
-0.224,3.016,5.000
-0.243,3.103,5.000
-0.247,3.000,5.000
-0.264,3.057,5.000
-0.276,3.056,5.000
-0.289,3.062,5.000
-0.300,3.054,5.000
-0.313,3.060,5.000
-0.326,3.073,5.000
-0.337,3.065,5.000
-0.349,3.063,5.000
-0.361,3.055,5.000
-0.372,3.046,5.000
-0.386,3.059,5.000
-0.411,3.158,5.000
-0.423,3.156,5.000
-0.436,3.162,5.000
-0.447,3.146,5.000
-0.460,3.151,5.000
-0.471,3.142,5.000
-0.512,3.322,5.000
-0.528,3.340,5.000
-0.542,3.345,5.000
-0.550,3.309,5.000
-0.563,3.306,5.000
-0.581,3.332,5.000
-0.598,3.357,5.000
-0.602,3.300,5.000
-0.585,3.138,5.000
-0.596,3.128,5.000
-0.612,3.147,5.000
-0.618,3.109,5.000
-0.636,3.135,5.000
-0.672,3.250,5.000
-0.679,3.220,5.000
-0.686,3.190,5.000
-0.701,3.201,5.000
-0.716,3.205,5.000
-0.725,3.188,5.000
-0.744,3.213,5.000
-0.752,3.190,5.000
-0.766,3.193,5.000
-0.773,3.170,5.000
-0.793,3.194,5.000
-0.797,3.157,5.000
-0.818,3.188,5.000
-0.818,3.137,5.000
-0.887,3.349,5.000
-0.855,3.178,5.000
-0.864,3.161,5.000
-0.921,3.318,5.000
-0.934,3.315,5.000
-0.899,3.144,5.000
-0.962,3.314,5.000
-0.977,3.317,5.000
-0.938,3.140,5.000
-0.946,3.122,5.000
-0.961,3.126,5.000
-0.973,3.122,5.000
-0.987,3.125,5.000
-1.004,3.134,5.000
-1.014,3.123,5.000
-1.024,3.113,5.000
-1.036,3.109,5.000
-1.049,3.105,5.000
-1.063,3.107,5.000
-1.075,3.103,5.000
-1.081,3.079,5.000
-1.090,3.068,5.000
-1.109,3.083,5.000
-1.119,3.072,5.000
-1.139,3.088,5.000
-1.143,3.063,5.000
-1.155,3.059,5.000
-1.172,3.068,5.000
-1.184,3.063,5.000
-1.196,3.058,5.000
-1.206,3.047,5.000
-1.249,3.120,5.000
-1.269,3.135,5.000
-1.346,3.288,5.000
-1.291,3.118,5.000
-1.301,3.107,5.000
-1.313,3.102,5.000
-1.319,3.084,5.000
-1.334,3.085,5.000
-1.349,3.086,5.000
-1.359,3.074,5.000
-1.376,3.081,5.000
-1.394,3.089,5.000
-1.474,3.232,5.000
-1.410,3.059,5.000
-1.422,3.053,5.000
-1.442,3.066,5.000
-1.457,3.067,5.000
-1.461,3.042,5.000
-1.517,3.130,5.000
-1.475,3.012,5.000
-1.490,3.013,5.000
-1.548,3.099,5.000
-1.566,3.105,5.000
-1.566,3.075,5.000
-1.588,3.087,5.000
-1.603,3.087,5.000
-1.618,3.086,5.000
-1.621,3.062,5.000
-1.718,3.216,5.000
-1.693,3.139,5.000
-1.744,3.202,5.000
-1.753,3.189,5.000
-1.691,3.047,5.000
-1.686,3.011,5.000
-1.751,3.099,5.000
-1.713,3.004,5.000
-1.785,3.102,5.000
-1.801,3.101,5.000
-1.806,3.082,5.000
-1.808,3.058,5.000
-1.827,3.062,5.000
-1.867,3.101,5.000
-1.940,3.195,5.000
-1.860,3.035,5.000
-1.875,3.033,5.000
-1.876,3.009,5.000
-1.899,3.019,5.000
-1.903,3.000,5.000
-1.912,2.986,5.000
-1.927,2.985,5.000
-1.942,2.983,5.000
-2.052,3.124,5.000
-2.046,3.089,5.000
-1.977,2.960,5.000
-2.085,3.095,5.000
-2.094,3.081,5.000
-2.091,3.051,5.000
-2.020,2.923,5.000
-2.035,2.920,5.000
-2.043,2.907,5.000
-2.058,2.904,5.000
-2.077,2.907,5.000
-2.089,2.899,5.000
-2.100,2.890,5.000
-2.107,2.877,5.000
-2.135,2.890,5.000
-2.130,2.860,5.000
-2.237,2.979,5.000
-2.248,2.970,5.000
-2.264,2.966,5.000
-2.343,3.045,5.000
-2.239,2.886,5.000
-2.197,2.809,5.000
-2.358,2.992,5.000
-2.252,2.834,5.000
-2.267,2.830,5.000
-2.295,2.842,5.000
-2.315,2.843,5.000
-2.326,2.834,5.000
-2.337,2.825,5.000
-2.344,2.810,5.000
-2.333,2.776,5.000
-2.370,2.797,5.000
-2.372,2.778,5.000
-2.375,2.758,5.000
-2.493,2.872,5.000
-2.409,2.754,5.000
-2.407,2.730,5.000
-2.526,2.843,5.000
-2.433,2.716,5.000
-2.492,2.760,5.000
-2.564,2.817,5.000
-2.618,2.855,5.000
-2.555,2.764,5.000
-2.557,2.744,5.000
-2.568,2.734,5.000
-2.574,2.720,5.000
-2.594,2.719,5.000
-2.595,2.699,5.000
-2.602,2.684,5.000
-2.598,2.660,5.000
-2.641,2.682,5.000
-2.647,2.667,5.000
-2.770,2.770,5.000
-2.663,2.642,5.000
-2.738,2.695,5.000
-2.744,2.679,5.000
-2.759,2.673,5.000
-2.765,2.658,5.000
-2.826,2.695,5.000
-2.804,2.654,5.000
-2.925,2.746,5.000
-2.931,2.730,5.000
-2.821,2.607,5.000
-2.952,2.707,5.000
-2.842,2.585,5.000
-2.847,2.570,5.000
-2.843,2.546,5.000
-2.877,2.556,5.000
-3.019,2.661,5.000
-3.006,2.629,5.000
-3.021,2.621,5.000
-3.045,2.621,5.000
-2.926,2.499,5.000
-2.931,2.483,5.000
-2.951,2.480,5.000
-2.955,2.464,5.000
-3.082,2.549,5.000
-3.101,2.545,5.000
-2.984,2.429,5.000
-2.979,2.405,5.000
-2.918,2.337,5.000
-2.932,2.329,5.000
-2.926,2.306,5.000
-2.930,2.290,5.000
-2.964,2.299,5.000
-2.994,2.303,5.000
-2.982,2.275,5.000
-2.981,2.256,5.000
-3.016,2.264,5.000
-3.014,2.244,5.000
-3.131,2.312,5.000
-3.156,2.311,5.000
-3.149,2.287,5.000
-3.164,2.279,5.000
-2.983,2.131,5.000
-2.981,2.112,5.000
-3.164,2.223,5.000
-3.131,2.181,5.000
-3.129,2.162,5.000
-3.148,2.157,5.000
-3.021,2.053,5.000
-3.046,2.052,5.000
-3.037,2.029,5.000
-3.078,2.039,5.000
-3.053,2.005,5.000
-3.198,2.082,5.000
-3.206,2.069,5.000
-3.077,1.969,5.000
-3.073,1.950,5.000
-3.092,1.945,5.000
-3.178,1.981,5.000
-3.102,1.917,5.000
-3.143,1.925,5.000
-3.117,1.892,5.000
-3.130,1.883,5.000
-3.354,2.000,5.000
-3.190,1.886,5.000
-3.248,1.903,5.000
-3.238,1.880,5.000
-3.390,1.951,5.000
-3.393,1.934,5.000
-3.389,1.915,5.000
-3.268,1.829,5.000
-3.280,1.819,5.000
-3.293,1.810,5.000
-3.272,1.781,5.000
-3.307,1.784,5.000
-3.309,1.768,5.000
-3.468,1.835,5.000
-3.453,1.810,5.000
-3.466,1.799,5.000
-3.319,1.706,5.000
-3.412,1.737,5.000
-3.509,1.770,5.000
-3.499,1.748,5.000
-3.357,1.660,5.000
-3.346,1.638,5.000
-3.370,1.633,5.000
-3.382,1.623,5.000
-3.539,1.681,5.000
-3.540,1.665,5.000
-3.401,1.583,5.000
-3.401,1.567,5.000
-3.407,1.553,5.000
-3.419,1.543,5.000
-3.413,1.524,5.000
-3.437,1.518,5.000
-3.443,1.505,5.000
-3.437,1.486,5.000
-3.590,1.536,5.000
-3.443,1.457,5.000
-3.454,1.446,5.000
-3.454,1.430,5.000
-3.614,1.479,5.000
-3.459,1.400,5.000
-3.458,1.384,5.000
-3.482,1.377,5.000
-3.481,1.361,5.000
-3.505,1.355,5.000
-3.480,1.329,5.000
-3.659,1.382,5.000
-3.659,1.365,5.000
-3.495,1.288,5.000
-3.506,1.277,5.000
-3.633,1.307,5.000
-3.467,1.232,5.000
-3.619,1.270,5.000
-3.690,1.278,5.000
-3.475,1.189,5.000
-3.467,1.171,5.000
-3.497,1.165,5.000
-3.539,1.164,5.000
-3.481,1.130,5.000
-3.485,1.116,5.000
-3.639,1.149,5.000
-3.722,1.160,5.000
-3.610,1.109,5.000
-3.571,1.082,5.000
-3.519,1.051,5.000
-3.517,1.035,5.000
-3.609,1.047,5.000
-3.594,1.028,5.000
-3.598,1.013,5.000
-3.589,0.996,5.000
-3.606,0.985,5.000
-3.610,0.971,5.000
-3.607,0.955,5.000
-3.617,0.943,5.000
-3.621,0.928,5.000
-3.637,0.917,5.000
-3.641,0.903,5.000
-3.651,0.890,5.000
-3.616,0.867,5.000
-3.639,0.857,5.000
-3.636,0.841,5.000
-3.632,0.826,5.000
-3.655,0.816,5.000
-3.671,0.804,5.000
-3.648,0.784,5.000
-3.670,0.774,5.000
-3.824,0.790,5.000
-3.827,0.775,5.000
-3.679,0.730,5.000
-3.701,0.720,5.000
-3.679,0.700,5.000
-3.707,0.691,5.000
-3.690,0.672,5.000
-3.687,0.657,5.000
-3.696,0.643,5.000
-3.837,0.653,5.000
-3.688,0.612,5.000
-3.690,0.598,5.000
-3.712,0.586,5.000
-3.701,0.570,5.000
-3.697,0.554,5.000
-3.718,0.543,5.000
-3.860,0.548,5.000
-3.862,0.533,5.000
-3.712,0.497,5.000
-3.726,0.484,5.000
-3.709,0.467,5.000
-3.736,0.456,5.000
-3.706,0.437,5.000
-3.714,0.423,5.000
-3.709,0.408,5.000
-3.717,0.394,5.000
-3.725,0.380,5.000
-3.733,0.366,5.000
-3.722,0.350,5.000
-3.883,0.350,5.000
-3.711,0.320,5.000
-3.726,0.306,5.000
-3.753,0.294,5.000
-3.734,0.277,5.000
-3.902,0.274,5.000
-3.890,0.258,5.000
-3.776,0.236,5.000
-3.732,0.218,5.000
-3.733,0.204,5.000
-3.714,0.188,5.000
-3.741,0.175,5.000
-3.748,0.160,5.000
-3.722,0.144,5.000
-3.736,0.130,5.000
-3.916,0.121,5.000
-3.897,0.105,5.000
-3.750,0.087,5.000
-3.698,0.071,5.000
-3.738,0.057,5.000
-3.777,0.043,5.000
-3.751,0.028,5.000
-3.758,0.013,5.000
-3.732,-0.002,5.000
-3.764,-0.017,5.000
-3.918,-0.033,5.000
-3.738,-0.046,5.000
-3.738,-0.061,5.000
-3.750,-0.076,5.000
-3.750,-0.090,5.000
-3.717,-0.104,5.000
-3.736,-0.119,5.000
-3.729,-0.134,5.000
-3.729,-0.148,5.000
-3.741,-0.164,5.000
-3.727,-0.178,5.000
-3.913,-0.202,5.000
-3.886,-0.216,5.000
-3.911,-0.233,5.000
-3.639,-0.231,5.000
-3.710,-0.250,5.000
-3.755,-0.268,5.000
-3.701,-0.279,5.000
-3.687,-0.292,5.000
-3.764,-0.313,5.000
-3.840,-0.335,5.000
-3.889,-0.354,5.000
-3.919,-0.373,5.000
-3.681,-0.365,5.000
-3.679,-0.379,5.000
-3.632,-0.389,5.000
-3.683,-0.409,5.000
-3.635,-0.418,5.000
-3.653,-0.434,5.000
-3.639,-0.447,5.000
-3.624,-0.460,5.000
-3.615,-0.473,5.000
-3.626,-0.489,5.000
-3.631,-0.504,5.000
-3.629,-0.519,5.000
-3.575,-0.525,5.000
-3.612,-0.545,5.000
-3.603,-0.558,5.000
-3.588,-0.570,5.000
-3.638,-0.593,5.000
-3.738,-0.624,5.000
-3.607,-0.617,5.000
-3.591,-0.629,5.000
-3.621,-0.649,5.000
-3.599,-0.660,5.000
-3.603,-0.675,5.000
-3.639,-0.696,5.000
-3.720,-0.727,5.000
-3.614,-0.721,5.000
-3.676,-0.748,5.000
-3.660,-0.760,5.000
-3.701,-0.784,5.000
-3.830,-0.827,5.000
-3.657,-0.805,5.000
-3.835,-0.860,5.000
-3.638,-0.831,5.000
-3.609,-0.839,5.000
-3.657,-0.865,5.000
-3.653,-0.879,5.000
-3.656,-0.895,5.000
-3.653,-0.910,5.000
-3.674,-0.930,5.000
-3.788,-0.975,5.000
-3.597,-0.941,5.000
-3.613,-0.960,5.000
-3.615,-0.976,5.000
-3.605,-0.989,5.000
-3.645,-1.015,5.000
-3.641,-1.029,5.000
-3.599,-1.033,5.000
-3.694,-1.076,5.000
-3.585,-1.059,5.000
-3.795,-1.138,5.000
-3.772,-1.147,5.000
-3.572,-1.101,5.000
-3.568,-1.116,5.000
-3.729,-1.182,5.000
-3.565,-1.146,5.000
-3.653,-1.190,5.000
-3.562,-1.176,5.000
-3.716,-1.242,5.000
-3.817,-1.293,5.000
-3.712,-1.274,5.000
-3.719,-1.292,5.000
-3.624,-1.275,5.000
-3.667,-1.307,5.000
-3.504,-1.264,5.000
-3.614,-1.320,5.000
-3.591,-1.328,5.000
-3.604,-1.348,5.000
-3.599,-1.363,5.000
-3.587,-1.374,5.000
-3.821,-1.481,5.000
-3.735,-1.465,5.000
-3.723,-1.477,5.000
-3.740,-1.501,5.000
-3.464,-1.406,5.000
-3.688,-1.514,5.000
-3.705,-1.538,5.000
-3.699,-1.552,5.000
-3.542,-1.503,5.000
-3.530,-1.514,5.000
-3.507,-1.521,5.000
-3.501,-1.534,5.000
-3.436,-1.522,5.000
-3.489,-1.562,5.000
-3.412,-1.543,5.000
-3.429,-1.568,5.000
-3.394,-1.567,5.000
-3.487,-1.627,5.000
-3.387,-1.597,5.000
-3.375,-1.607,5.000
-3.536,-1.701,5.000
-3.529,-1.715,5.000
-3.500,-1.718,5.000
-3.499,-1.734,5.000
-3.325,-1.665,5.000
-3.491,-1.765,5.000
-3.335,-1.703,5.000
-3.317,-1.710,5.000
-3.322,-1.729,5.000
-3.298,-1.733,5.000
-3.314,-1.758,5.000
-3.307,-1.771,5.000
-3.441,-1.860,5.000
-3.434,-1.874,5.000
-3.432,-1.890,5.000
-3.279,-1.823,5.000
-3.422,-1.920,5.000
-3.404,-1.927,5.000
-3.396,-1.941,5.000
-3.465,-1.998,5.000
-3.320,-1.932,5.000
-3.296,-1.935,5.000
-3.311,-1.961,5.000
-3.297,-1.971,5.000
-3.446,-2.078,5.000
-3.427,-2.085,5.000
-3.408,-2.092,5.000
-3.400,-2.106,5.000
-3.339,-2.086,5.000
-3.244,-2.045,5.000
-3.231,-2.054,5.000
-3.234,-2.074,5.000
-3.236,-2.093,5.000
-3.217,-2.099,5.000
-3.356,-2.209,5.000
-3.217,-2.135,5.000
-3.171,-2.123,5.000
-3.325,-2.245,5.000
-3.165,-2.155,5.000
-3.172,-2.178,5.000
-3.164,-2.190,5.000
-3.155,-2.203,5.000
-3.270,-2.302,5.000
-3.122,-2.216,5.000
-3.124,-2.236,5.000
-3.263,-2.355,5.000
-3.234,-2.353,5.000
-3.234,-2.373,5.000
-3.260,-2.412,5.000
-3.181,-2.373,5.000
-3.070,-2.309,5.000
-3.071,-2.329,5.000
-3.067,-2.345,5.000
-3.027,-2.333,5.000
-3.158,-2.454,5.000
-3.163,-2.478,5.000
-3.144,-2.483,5.000
-3.168,-2.522,5.000
-3.001,-2.408,5.000
-2.981,-2.412,5.000
-2.897,-2.363,5.000
-2.953,-2.427,5.000
-2.898,-2.402,5.000
-2.859,-2.388,5.000
-2.934,-2.470,5.000
-2.934,-2.490,5.000
-2.845,-2.434,5.000
-2.836,-2.446,5.000
-2.904,-2.524,5.000
-2.821,-2.472,5.000
-2.807,-2.479,5.000
-2.869,-2.554,5.000
-2.981,-2.675,5.000
-2.910,-2.632,5.000
-2.863,-2.609,5.000
-2.824,-2.595,5.000
-2.757,-2.553,5.000
-2.737,-2.555,5.000
-2.826,-2.658,5.000
-2.722,-2.581,5.000
-2.773,-2.650,5.000
-2.767,-2.665,5.000
-2.738,-2.658,5.000
-2.727,-2.669,5.000
-2.726,-2.688,5.000
-2.665,-2.649,5.000
-2.723,-2.728,5.000
-2.814,-2.842,5.000
-2.755,-2.804,5.000
-2.792,-2.864,5.000
-2.671,-2.761,5.000
-2.664,-2.776,5.000
-2.636,-2.768,5.000
-2.638,-2.792,5.000
-2.614,-2.789,5.000
-2.638,-2.836,5.000
-2.720,-2.949,5.000
-2.873,-3.138,5.000
-2.693,-2.965,5.000
-2.656,-2.948,5.000
-2.556,-2.859,5.000
-2.540,-2.864,5.000
-2.542,-2.889,5.000
-2.535,-2.904,5.000
-2.647,-3.056,5.000
-2.606,-3.033,5.000
-2.602,-3.053,5.000
-2.582,-3.054,5.000
-2.526,-3.011,5.000
-2.461,-2.958,5.000
-2.446,-2.962,5.000
-2.373,-2.897,5.000
-2.422,-2.981,5.000
-2.423,-3.006,5.000
-2.497,-3.124,5.000
-2.493,-3.143,5.000
-2.465,-3.133,5.000
-2.464,-3.158,5.000
-2.344,-3.028,5.000
-2.398,-3.122,5.000
-2.328,-3.056,5.000
-2.323,-3.075,5.000
-2.307,-3.079,5.000
-2.288,-3.078,5.000
-2.268,-3.077,5.000
-2.286,-3.127,5.000
-2.262,-3.120,5.000
-2.190,-3.046,5.000
-2.230,-3.128,5.000
-2.173,-3.073,5.000
-2.213,-3.156,5.000
-2.142,-3.080,5.000
-2.137,-3.099,5.000
-2.172,-3.176,5.000
-2.102,-3.099,5.000
-2.151,-3.198,5.000
-2.138,-3.207,5.000
-2.122,-3.210,5.000
-2.113,-3.224,5.000
-2.076,-3.194,5.000
-2.169,-3.367,5.000
-2.159,-3.381,5.000
-2.052,-3.240,5.000
-2.042,-3.254,5.000
-2.019,-3.245,5.000
-2.003,-3.248,5.000
-2.007,-3.283,5.000
-2.060,-3.399,5.000
-1.978,-3.293,5.000
-2.058,-3.458,5.000
-1.955,-3.314,5.000
-1.932,-3.305,5.000
-1.923,-3.318,5.000
-1.913,-3.331,5.000
-1.903,-3.344,5.000
-1.890,-3.352,5.000
-1.953,-3.497,5.000
-1.863,-3.367,5.000
-1.850,-3.374,5.000
-1.846,-3.398,5.000
-1.814,-3.371,5.000
-1.881,-3.529,5.000
-1.794,-3.397,5.000
-1.781,-3.404,5.000
-1.773,-3.422,5.000
-1.751,-3.412,5.000
-1.749,-3.442,5.000
-1.733,-3.443,5.000
-1.716,-3.444,5.000
-1.705,-3.456,5.000
-1.695,-3.469,5.000
-1.667,-3.447,5.000
-1.733,-3.618,5.000
-1.648,-3.477,5.000
-1.637,-3.489,5.000
-1.632,-3.513,5.000
-1.604,-3.490,5.000
-1.591,-3.497,5.000
-1.574,-3.497,5.000
-1.640,-3.682,5.000
-1.547,-3.509,5.000
-1.536,-3.521,5.000
-1.522,-3.527,5.000
-1.523,-3.568,5.000
-1.496,-3.545,5.000
-1.478,-3.539,5.000
-1.461,-3.539,5.000
-1.467,-3.592,5.000
-1.500,-3.714,5.000
-1.483,-3.714,5.000
-1.495,-3.789,5.000
-1.462,-3.749,5.000
-1.384,-3.590,5.000
-1.363,-3.578,5.000
-1.354,-3.595,5.000
-1.333,-3.582,5.000
-1.341,-3.647,5.000
-1.309,-3.605,5.000
-1.306,-3.640,5.000
-1.283,-3.621,5.000
-1.271,-3.632,5.000
-1.310,-3.792,5.000
-1.299,-3.809,5.000
-1.278,-3.796,5.000
-1.211,-3.645,5.000
-1.193,-3.638,5.000
-1.187,-3.667,5.000
-1.174,-3.678,5.000
-1.207,-3.832,5.000
-1.186,-3.819,5.000
-1.125,-3.673,5.000
-1.171,-3.876,5.000
-1.138,-3.821,5.000
-1.087,-3.704,5.000
-1.069,-3.696,5.000
-1.053,-3.694,5.000
-1.084,-3.862,5.000
-1.024,-3.703,5.000
-1.011,-3.713,5.000
-0.996,-3.717,5.000
-0.967,-3.665,5.000
-0.944,-3.637,5.000
-0.930,-3.641,5.000
-0.909,-3.619,5.000
-0.941,-3.810,5.000
-0.923,-3.801,5.000
-0.870,-3.642,5.000
-0.854,-3.639,5.000
-0.841,-3.649,5.000
-0.832,-3.678,5.000
-0.811,-3.649,5.000
-0.797,-3.652,5.000
-0.778,-3.636,5.000
-0.776,-3.697,5.000
-0.755,-3.668,5.000
-0.740,-3.671,5.000
-0.722,-3.654,5.000
-0.709,-3.664,5.000
-0.726,-3.831,5.000
-0.677,-3.650,5.000
-0.673,-3.710,5.000
-0.651,-3.674,5.000
-0.638,-3.683,5.000
-0.618,-3.653,5.000
-0.621,-3.758,5.000
-0.612,-3.799,5.000
-0.606,-3.858,5.000
-0.579,-3.785,5.000
-0.538,-3.613,5.000
-0.526,-3.628,5.000
-0.507,-3.597,5.000
-0.496,-3.619,5.000
-0.504,-3.789,5.000
-0.491,-3.804,5.000
-0.452,-3.618,5.000
-0.440,-3.633,5.000
-0.428,-3.661,5.000
-0.412,-3.643,5.000
-0.392,-3.592,5.000
-0.395,-3.756,5.000
-0.368,-3.634,5.000
-0.353,-3.636,5.000
-0.336,-3.604,5.000
-0.342,-3.833,5.000
-0.311,-3.646,5.000
-0.296,-3.641,5.000
-0.282,-3.642,5.000
-0.268,-3.656,5.000
-0.263,-3.781,5.000
-0.249,-3.801,5.000
-0.220,-3.566,5.000
-0.205,-3.560,5.000
-0.196,-3.647,5.000
-0.185,-3.720,5.000
-0.167,-3.649,5.000
-0.155,-3.689,5.000
-0.139,-3.663,5.000
-0.130,-3.807,5.000
-0.110,-3.651,5.000
-0.093,-3.538,5.000
-0.082,-3.678,5.000
-0.067,-3.685,5.000
-0.055,-3.847,5.000
-0.038,-3.639,5.000
-0.024,-3.646,5.000
-0.009,-3.673,5.000
0.005,-3.653,5.000
0.019,-3.659,5.000
0.034,-3.679,5.000
0.048,-3.659,5.000
0.063,-3.672,5.000
0.080,-3.809,5.000
0.091,-3.645,5.000
0.107,-3.724,5.000
0.123,-3.756,5.000
0.138,-3.755,5.000
0.158,-3.889,5.000
0.167,-3.741,5.000
0.182,-3.747,5.000
0.196,-3.726,5.000
0.210,-3.726,5.000
0.226,-3.738,5.000
0.240,-3.737,5.000
0.255,-3.736,5.000
0.270,-3.735,5.000
0.283,-3.714,5.000
0.299,-3.733,5.000
0.313,-3.718,5.000
0.345,-3.915,5.000
0.341,-3.709,5.000
0.367,-3.830,5.000
0.373,-3.733,5.000
0.389,-3.744,5.000
0.402,-3.730,5.000
0.436,-3.900,5.000
0.449,-3.879,5.000
0.460,-3.840,5.000
0.485,-3.919,5.000
0.473,-3.701,5.000
0.488,-3.706,5.000
0.505,-3.717,5.000
0.514,-3.676,5.000
0.534,-3.713,5.000
0.548,-3.711,5.000
0.577,-3.798,5.000
0.586,-3.758,5.000
0.618,-3.869,5.000
0.602,-3.676,5.000
0.618,-3.680,5.000
0.619,-3.600,5.000
0.634,-3.604,5.000
0.649,-3.601,5.000
0.660,-3.586,5.000
0.683,-3.629,5.000
0.722,-3.753,5.000
0.701,-3.571,5.000
0.718,-3.581,5.000
0.731,-3.572,5.000
0.749,-3.589,5.000
0.761,-3.579,5.000
0.771,-3.557,5.000
0.792,-3.586,5.000
0.802,-3.564,5.000
0.819,-3.573,5.000
0.832,-3.564,5.000
0.829,-3.489,5.000
0.842,-3.486,5.000
0.846,-3.443,5.000
0.863,-3.453,5.000
0.877,-3.450,5.000
0.897,-3.472,5.000
0.909,-3.462,5.000
0.921,-3.452,5.000
0.934,-3.448,5.000
0.990,-3.598,5.000
0.956,-3.422,5.000
0.979,-3.450,5.000
0.992,-3.446,5.000
0.996,-3.410,5.000
1.013,-3.419,5.000
1.067,-3.548,5.000
1.087,-3.563,5.000
1.114,-3.602,5.000
1.119,-3.567,5.000
1.080,-3.398,5.000
1.086,-3.369,5.000
1.109,-3.396,5.000
1.120,-3.385,5.000
1.195,-3.563,5.000
1.200,-3.533,5.000
1.214,-3.529,5.000
1.234,-3.542,5.000
1.242,-3.519,5.000
1.256,-3.514,5.000
1.220,-3.372,5.000
1.226,-3.349,5.000
1.299,-3.505,5.000
1.257,-3.351,5.000
1.263,-3.328,5.000
1.281,-3.335,5.000
1.294,-3.330,5.000
1.305,-3.319,5.000
1.313,-3.301,5.000
1.338,-3.327,5.000
1.349,-3.316,5.000
1.420,-3.451,5.000
1.428,-3.433,5.000
1.465,-3.482,5.000
1.388,-3.263,5.000
1.414,-3.288,5.000
1.424,-3.277,5.000
1.437,-3.271,5.000
1.512,-3.405,5.000
1.525,-3.399,5.000
1.546,-3.410,5.000
1.554,-3.392,5.000
1.554,-3.357,5.000
1.586,-3.392,5.000
1.532,-3.242,5.000
1.527,-3.200,5.000
1.546,-3.206,5.000
1.555,-3.194,5.000
1.565,-3.182,5.000
1.689,-3.400,5.000
1.596,-3.181,5.000
1.615,-3.187,5.000
1.615,-3.157,5.000
1.640,-3.174,5.000
1.602,-3.072,5.000
1.633,-3.102,5.000
1.623,-3.053,5.000
1.641,-3.059,5.000
1.657,-3.058,5.000
1.675,-3.064,5.000
1.677,-3.039,5.000
1.689,-3.033,5.000
1.796,-3.196,5.000
1.809,-3.189,5.000
1.732,-3.024,5.000
1.733,-3.000,5.000
1.742,-2.987,5.000
1.767,-3.004,5.000
1.765,-2.973,5.000
1.784,-2.978,5.000
1.886,-3.121,5.000
1.898,-3.113,5.000
1.903,-3.094,5.000
1.929,-3.109,5.000
1.845,-2.948,5.000
1.861,-2.947,5.000
1.865,-2.928,5.000
1.887,-2.938,5.000
1.884,-2.907,5.000
1.903,-2.911,5.000
1.899,-2.881,5.000
1.911,-2.873,5.000
1.930,-2.877,5.000
1.952,-2.887,5.000
1.967,-2.885,5.000
1.975,-2.871,5.000
1.971,-2.841,5.000
1.986,-2.839,5.000
2.005,-2.842,5.000
2.012,-2.829,5.000
2.031,-2.832,5.000
2.022,-2.796,5.000
2.041,-2.799,5.000
2.056,-2.797,5.000
2.067,-2.789,5.000
2.094,-2.802,5.000
2.089,-2.772,5.000
2.079,-2.737,5.000
2.052,-2.679,5.000
2.054,-2.660,5.000
2.186,-2.809,5.000
2.189,-2.789,5.000
2.200,-2.781,5.000
2.211,-2.772,5.000
2.132,-2.652,5.000
2.134,-2.633,5.000
2.069,-2.532,5.000
2.092,-2.540,5.000
2.098,-2.527,5.000
2.228,-2.662,5.000
2.225,-2.638,5.000
2.222,-2.613,5.000
2.214,-2.583,5.000
2.265,-2.622,5.000
2.161,-2.482,5.000
2.157,-2.457,5.000
2.167,-2.449,5.000
2.181,-2.446,5.000
2.191,-2.437,5.000
2.219,-2.449,5.000
2.214,-2.425,5.000
2.214,-2.406,5.000
2.233,-2.408,5.000
2.310,-2.470,5.000
2.319,-2.461,5.000
2.305,-2.427,5.000
2.339,-2.443,5.000
2.329,-2.414,5.000
2.343,-2.409,5.000
2.372,-2.420,5.000
2.372,-2.401,5.000
2.376,-2.387,5.000
2.371,-2.363,5.000
2.410,-2.382,5.000
2.536,-2.488,5.000
2.536,-2.468,5.000
2.531,-2.444,5.000
2.556,-2.448,5.000
2.446,-2.325,5.000
2.455,-2.316,5.000
2.469,-2.311,5.000
2.618,-2.431,5.000
2.603,-2.398,5.000
2.618,-2.392,5.000
2.511,-2.276,5.000
2.494,-2.243,5.000
2.523,-2.252,5.000
2.537,-2.246,5.000
2.520,-2.213,5.000
2.529,-2.204,5.000
2.527,-2.184,5.000
2.482,-2.129,5.000
2.490,-2.119,5.000
2.515,-2.123,5.000
2.501,-2.095,5.000
2.515,-2.090,5.000
2.529,-2.084,5.000
2.537,-2.074,5.000
2.551,-2.069,5.000
2.635,-2.120,5.000
2.686,-2.144,5.000
2.508,-1.986,5.000
2.499,-1.962,5.000
2.535,-1.975,5.000
2.503,-1.934,5.000
2.673,-2.049,5.000
2.541,-1.932,5.000
2.548,-1.922,5.000
2.556,-1.912,5.000
2.540,-1.884,5.000
2.582,-1.900,5.000
2.721,-1.985,5.000
2.580,-1.867,5.000
2.587,-1.857,5.000
2.623,-1.867,5.000
2.619,-1.849,5.000
2.615,-1.830,5.000
2.610,-1.812,5.000
2.623,-1.806,5.000
2.630,-1.795,5.000
2.643,-1.789,5.000
2.662,-1.787,5.000
2.663,-1.772,5.000
2.664,-1.758,5.000
3.001,-1.963,5.000
2.696,-1.748,5.000
2.756,-1.772,5.000
2.697,-1.719,5.000
2.847,-1.799,5.000
2.789,-1.747,5.000
2.931,-1.820,5.000
2.724,-1.677,5.000
2.761,-1.685,5.000
2.804,-1.696,5.000
2.799,-1.678,5.000
2.744,-1.630,5.000
2.979,-1.754,5.000
2.830,-1.652,5.000
2.769,-1.601,5.000
2.788,-1.598,5.000
2.800,-1.590,5.000
2.813,-1.583,5.000
2.874,-1.603,5.000
2.788,-1.540,5.000
2.787,-1.525,5.000
2.856,-1.548,5.000
2.805,-1.507,5.000
3.130,-1.665,5.000
2.967,-1.564,5.000
2.778,-1.450,5.000
2.998,-1.550,5.000
2.828,-1.448,5.000
3.004,-1.523,5.000
2.846,-1.429,5.000
2.851,-1.418,5.000
2.851,-1.403,5.000
3.034,-1.479,5.000
2.868,-1.384,5.000
3.045,-1.455,5.000
2.872,-1.358,5.000
2.891,-1.353,5.000
2.883,-1.336,5.000
2.888,-1.325,5.000
2.906,-1.319,5.000
3.085,-1.386,5.000
2.917,-1.296,5.000
3.077,-1.353,5.000
2.914,-1.268,5.000
2.925,-1.259,5.000
2.976,-1.267,5.000
2.842,-1.197,5.000
2.860,-1.191,5.000
2.945,-1.213,5.000
2.842,-1.158,5.000
2.947,-1.187,5.000
2.865,-1.141,5.000
3.043,-1.198,5.000
2.907,-1.131,5.000
2.945,-1.133,5.000
2.875,-1.093,5.000
2.873,-1.079,5.000
3.066,-1.138,5.000
3.077,-1.128,5.000
2.913,-1.055,5.000
3.072,-1.099,5.000
2.907,-1.027,5.000
2.911,-1.016,5.000
2.888,-0.995,5.000
3.022,-1.028,5.000
2.923,-0.981,5.000
2.920,-0.968,5.000
3.020,-0.988,5.000
2.948,-0.951,5.000
3.196,-1.017,5.000
3.066,-0.963,5.000
3.049,-0.944,5.000
3.214,-0.982,5.000
3.097,-0.933,5.000
3.067,-0.910,5.000
3.226,-0.944,5.000
3.471,-1.001,5.000
3.043,-0.864,5.000
3.060,-0.856,5.000
3.077,-0.848,5.000
3.073,-0.834,5.000
3.240,-0.866,5.000
3.257,-0.856,5.000
3.097,-0.801,5.000
3.072,-0.782,5.000
3.096,-0.775,5.000
3.071,-0.756,5.000
3.273,-0.792,5.000
3.236,-0.770,5.000
3.198,-0.747,5.000
3.159,-0.725,5.000
3.120,-0.704,5.000
3.193,-0.707,5.000
3.365,-0.731,5.000
3.375,-0.719,5.000
3.371,-0.705,5.000
3.183,-0.652,5.000
3.233,-0.649,5.000
3.222,-0.634,5.000
3.368,-0.649,5.000
3.398,-0.641,5.000
3.407,-0.629,5.000
3.259,-0.588,5.000
3.248,-0.573,5.000
3.229,-0.557,5.000
3.218,-0.542,5.000
3.227,-0.530,5.000
3.400,-0.545,5.000
3.409,-0.533,5.000
3.384,-0.515,5.000
3.407,-0.505,5.000
3.436,-0.495,5.000
3.238,-0.454,5.000
3.282,-0.447,5.000
3.249,-0.429,5.000
3.271,-0.419,5.000
3.238,-0.402,5.000
3.254,-0.391,5.000
3.255,-0.378,5.000
3.270,-0.367,5.000
3.258,-0.353,5.000
3.259,-0.340,5.000
3.434,-0.344,5.000
3.435,-0.331,5.000
3.436,-0.317,5.000
3.437,-0.304,5.000
3.445,-0.291,5.000
3.474,-0.280,5.000
3.246,-0.248,5.000
3.268,-0.237,5.000
3.276,-0.225,5.000
3.270,-0.211,5.000
3.250,-0.197,5.000
3.479,-0.198,5.000
3.300,-0.174,5.000
3.426,-0.168,5.000
3.295,-0.148,5.000
3.281,-0.135,5.000
3.268,-0.121,5.000
3.449,-0.114,5.000
3.283,-0.096,5.000
3.456,-0.087,5.000
3.276,-0.070,5.000
3.234,-0.056,5.000
3.270,-0.044,5.000
3.170,-0.030,5.500
3.184,-0.018,5.500
3.170,-0.005,5.500
3.184,0.007,5.500
3.227,0.020,5.500
3.163,0.032,5.500
3.170,0.044,5.500
3.191,0.057,5.500
3.205,0.070,5.500
3.198,0.082,5.500
3.197,0.095,5.500
3.176,0.107,5.500
3.462,0.130,5.500
3.175,0.132,5.500
3.344,0.152,5.500
3.145,0.155,5.500
3.349,0.179,5.500
3.165,0.181,5.500
3.171,0.194,5.500
3.163,0.206,5.500
3.148,0.218,5.500
3.359,0.245,5.500
3.365,0.259,5.500
3.357,0.272,5.500
3.356,0.285,5.500
3.341,0.297,5.500
3.347,0.311,5.500
3.345,0.324,5.500
3.344,0.337,5.500
3.329,0.349,5.500
3.341,0.363,5.500
3.319,0.374,5.500
3.331,0.389,5.500
3.126,0.377,5.500
3.153,0.393,5.500
3.158,0.406,5.500
3.332,0.442,5.500
3.330,0.455,5.500
3.301,0.464,5.500
3.159,0.457,5.500
3.150,0.468,5.500
3.295,0.503,5.500
3.368,0.528,5.500
3.325,0.534,5.500
3.323,0.548,5.500
3.300,0.557,5.500
3.180,0.550,5.500
3.129,0.553,5.500
3.119,0.564,5.500
3.312,0.613,5.500
3.302,0.624,5.500
3.286,0.635,5.500
3.291,0.649,5.500
3.288,0.662,5.500
3.119,0.641,5.500
3.117,0.653,5.500
3.100,0.662,5.500
3.112,0.677,5.500
3.268,0.725,5.500
3.272,0.739,5.500
3.262,0.751,5.500
3.272,0.767,5.500
3.105,0.740,5.500
3.095,0.751,5.500
3.106,0.766,5.500
3.110,0.780,5.500
3.051,0.778,5.500
3.083,0.799,5.500
3.072,0.809,5.500
3.041,0.814,5.500
3.094,0.841,5.500
3.056,0.844,5.500
3.073,0.862,5.500
3.226,0.918,5.500
3.046,0.880,5.500
3.232,0.947,5.500
3.235,0.962,5.500
3.284,0.991,5.500
3.045,0.932,5.500
3.055,0.948,5.500
3.031,0.953,5.500
3.020,0.963,5.500
3.023,0.977,5.500
3.047,0.998,5.500
3.009,0.999,5.500
3.032,1.020,5.500
3.008,1.025,5.500
3.010,1.039,5.500
2.986,1.043,5.500
3.009,1.065,5.500
3.177,1.138,5.500
2.980,1.081,5.500
3.009,1.105,5.500
2.951,1.097,5.500
2.974,1.119,5.500
3.128,1.191,5.500
3.156,1.215,5.500
3.125,1.218,5.500
3.114,1.227,5.500
3.103,1.237,5.500
3.104,1.252,5.500
2.955,1.205,5.500
2.850,1.176,5.500
3.011,1.256,5.500
3.019,1.273,5.500
3.098,1.321,5.500
3.009,1.297,5.500
2.972,1.295,5.500
2.980,1.312,5.500
2.994,1.332,5.500
2.805,1.262,5.500
2.820,1.282,5.500
2.709,1.244,5.500
2.697,1.251,5.500
2.699,1.265,5.500
2.694,1.276,5.500
2.669,1.277,5.500
2.704,1.306,5.500
2.658,1.298,5.500
2.647,1.305,5.500
2.615,1.302,5.500
2.742,1.378,5.500
2.558,1.298,5.500
2.744,1.407,5.500
2.527,1.308,5.500
2.549,1.332,5.500
2.544,1.342,5.500
2.532,1.348,5.500
2.690,1.446,5.500
2.528,1.372,5.500
2.678,1.467,5.500
2.530,1.399,5.500
2.692,1.503,5.500
2.506,1.411,5.500
2.500,1.421,5.500
2.409,1.382,5.500
2.482,1.437,5.500
2.444,1.428,5.500
2.373,1.399,5.500
2.413,1.435,5.500
2.440,1.464,5.500
2.356,1.426,5.500
2.363,1.444,5.500
2.358,1.453,5.500
2.378,1.478,5.500
2.340,1.467,5.500
2.340,1.481,5.500
2.341,1.494,5.500
2.475,1.593,5.500
2.487,1.615,5.500
2.469,1.617,5.500
2.561,1.691,5.500
2.542,1.693,5.500
2.474,1.662,5.500
2.480,1.680,5.500
2.442,1.669,5.500
2.299,1.584,5.500
2.281,1.585,5.500
2.423,1.698,5.500
2.398,1.694,5.500
2.415,1.721,5.500
2.402,1.726,5.500
2.426,1.757,5.500
2.267,1.656,5.500
2.205,1.624,5.500
2.223,1.651,5.500
2.186,1.637,5.500
2.241,1.692,5.500
2.216,1.686,5.500
2.317,1.778,5.500
2.346,1.814,5.500
2.178,1.698,5.500
2.165,1.702,5.500
2.170,1.720,5.500
2.140,1.709,5.500
2.163,1.742,5.500
2.144,1.741,5.500
2.155,1.764,5.500
2.130,1.758,5.500
2.100,1.746,5.500
2.128,1.784,5.500
2.121,1.792,5.500
2.108,1.796,5.500
2.101,1.804,5.500
2.071,1.792,5.500
2.075,1.810,5.500
2.074,1.824,5.500
2.078,1.842,5.500
2.201,1.966,5.500
2.075,1.868,5.500
2.196,1.993,5.500
2.172,1.987,5.500
2.180,2.010,5.500
2.134,1.983,5.500
2.016,1.888,5.500
1.986,1.875,5.500
1.934,1.840,5.500
1.915,1.836,5.500
1.902,1.839,5.500
1.951,1.900,5.500
1.910,1.875,5.500
2.033,2.012,5.500
2.057,2.052,5.500
2.018,2.028,5.500
2.020,2.047,5.500
2.007,2.049,5.500
1.854,1.909,5.500
1.874,1.944,5.500
1.828,1.912,5.500
1.832,1.930,5.500
1.951,2.072,5.500
1.911,2.046,5.500
1.950,2.104,5.500
1.936,2.106,5.500
1.799,1.972,5.500
1.801,1.990,5.500
1.804,2.009,5.500
1.781,1.999,5.500
1.762,1.994,5.500
1.760,2.007,5.500
1.664,1.913,5.500
1.728,2.003,5.500
1.741,2.033,5.500
1.723,2.028,5.500
1.639,1.945,5.500
1.776,2.125,5.500
1.763,2.126,5.500
1.760,2.139,5.500
1.756,2.151,5.500
1.723,2.128,5.500
1.602,1.995,5.500
1.609,2.020,5.500
1.587,2.008,5.500
1.588,2.026,5.500
1.705,2.192,5.500
1.668,2.162,5.500
1.687,2.206,5.500
1.656,2.182,5.500
1.539,2.044,5.500
1.540,2.063,5.500
1.513,2.044,5.500
1.519,2.069,5.500
1.626,2.232,5.500
1.626,2.251,5.500
1.608,2.245,5.500
1.468,2.067,5.500
1.478,2.098,5.500
1.461,2.091,5.500
1.573,2.270,5.500
1.422,2.070,5.500
1.432,2.102,5.500
1.428,2.114,5.500
1.420,2.119,5.500
1.416,2.131,5.500
1.399,2.124,5.500
1.386,2.123,5.500
1.386,2.141,5.500
1.382,2.153,5.500
1.424,2.239,5.500
1.432,2.271,5.500
1.407,2.250,5.500
1.414,2.282,5.500
1.393,2.267,5.500
1.372,2.253,5.500
1.375,2.278,5.500
1.362,2.277,5.500
1.361,2.296,5.500
1.449,2.466,5.500
1.436,2.466,5.500
1.430,2.478,5.500
1.435,2.509,5.500
1.422,2.509,5.500
1.330,2.368,5.500
1.313,2.359,5.500
1.281,2.324,5.500
1.268,2.322,5.500
1.266,2.341,5.500
1.264,2.359,5.500
1.341,2.527,5.500
1.242,2.362,5.500
1.226,2.353,5.500
1.231,2.386,5.500
1.218,2.384,5.500
1.219,2.409,5.500
1.185,2.365,5.500
1.179,2.377,5.500
1.170,2.381,5.500
1.157,2.379,5.500
1.155,2.398,5.500
1.145,2.402,5.500
1.146,2.428,5.500
1.130,2.418,5.500
1.127,2.437,5.500
1.107,2.420,5.500
1.091,2.410,5.500
1.167,2.604,5.500
1.085,2.447,5.500
1.146,2.613,5.500
1.136,2.617,5.500
1.129,2.629,5.500
1.040,2.449,5.500
0.991,2.359,5.500
0.985,2.370,5.500
0.963,2.345,5.500
0.960,2.363,5.500
0.957,2.382,5.500
1.036,2.609,5.500
0.932,2.374,5.500
0.926,2.385,5.500
0.992,2.586,5.500
0.973,2.568,5.500
0.963,2.572,5.500
0.894,2.415,5.500
0.887,2.426,5.500
0.867,2.399,5.500
0.923,2.587,5.500
0.915,2.598,5.500
0.892,2.565,5.500
0.895,2.605,5.500
0.867,2.557,5.500
0.810,2.419,5.500
0.805,2.437,5.500
0.793,2.433,5.500
0.789,2.451,5.500
0.833,2.625,5.500
0.760,2.427,5.500
0.750,2.430,5.500
0.731,2.402,5.500
0.727,2.420,5.500
0.719,2.431,5.500
0.716,2.457,5.500
0.700,2.436,5.500
0.693,2.447,5.500
0.740,2.653,5.500
0.673,2.452,5.500
0.668,2.470,5.500
0.652,2.450,5.500
0.641,2.445,5.500
0.621,2.408,5.500
0.631,2.488,5.500
0.619,2.483,5.500
0.602,2.454,5.500
0.598,2.480,5.500
0.585,2.467,5.500
0.584,2.508,5.500
0.611,2.670,5.500
0.566,2.520,5.500
0.549,2.491,5.500
0.543,2.509,5.500
0.528,2.488,5.500
0.567,2.726,5.500
0.544,2.668,5.500
0.535,2.678,5.500
0.526,2.688,5.500
0.517,2.697,5.500
0.507,2.699,5.500
0.503,2.739,5.500
0.484,2.696,5.500
0.440,2.505,5.500
0.432,2.522,5.500
0.455,2.716,5.500
0.442,2.703,5.500
0.401,2.519,5.500
0.393,2.529,5.500
0.383,2.530,5.500
0.375,2.547,5.500
0.361,2.517,5.500
0.351,2.519,5.500
0.342,2.528,5.500
0.356,2.715,5.500
0.345,2.709,5.500
0.342,2.771,5.500
0.326,2.735,5.500
0.314,2.721,5.500
0.294,2.637,5.500
0.282,2.623,5.500
0.262,2.529,5.500
0.266,2.671,5.500
0.273,2.855,5.500
0.243,2.658,5.500
0.247,2.827,5.500
0.222,2.660,5.500
0.219,2.745,5.500
0.200,2.646,5.500
0.204,2.846,5.500
0.180,2.663,5.500
0.167,2.617,5.500
0.171,2.856,5.500
0.160,2.864,5.500
0.149,2.857,5.500
0.137,2.842,5.500
0.117,2.659,5.500
0.107,2.659,5.500
0.097,2.683,5.500
0.092,2.859,5.500
0.081,2.852,5.500
0.069,2.837,5.500
0.054,2.621,5.500
0.048,2.913,5.500
0.035,2.738,5.500
0.026,2.943,5.500
0.014,2.980,5.500
0.003,2.958,5.500
-0.009,2.973,5.500
-0.019,2.754,5.500
-0.030,2.785,5.500
-0.044,2.980,5.500
-0.056,2.973,5.500
-0.067,2.950,5.500
-0.079,2.965,5.500
-0.084,2.753,5.500
-0.096,2.768,5.500
-0.107,2.775,5.500
-0.117,2.759,5.500
-0.130,2.805,5.500
-0.139,2.774,5.500
-0.157,2.902,5.500
-0.167,2.879,5.500
-0.178,2.863,5.500
-0.190,2.885,5.500
-0.201,2.869,5.500
-0.216,2.920,5.500
-0.222,2.845,5.500
-0.234,2.859,5.500
-0.246,2.873,5.500
-0.274,3.056,5.500
-0.268,2.856,5.500
-0.298,3.054,5.500
-0.291,2.861,5.500
-0.339,3.209,5.500
-0.319,2.911,5.500
-0.335,2.947,5.500
-0.349,2.967,5.500
-0.357,2.937,5.500
-0.398,3.167,5.500
-0.381,2.941,5.500
-0.418,3.128,5.500
-0.433,3.148,5.500
-0.441,3.117,5.500
-0.431,2.964,5.500
-0.439,2.933,5.500
-0.454,2.953,5.500
-0.464,2.944,5.500
-0.490,3.029,5.500
-0.486,2.933,5.500
-0.513,3.026,5.500
-0.525,3.023,5.500
-0.538,3.029,5.500
-0.553,3.041,5.500
-0.566,3.046,5.500
-0.574,3.022,5.500
-0.587,3.027,5.500
-0.636,3.208,5.500
-0.611,3.022,5.500
-0.623,3.020,5.500
-0.636,3.024,5.500
-0.647,3.015,5.500
-0.659,3.012,5.500
-0.678,3.045,5.500
-0.681,3.000,5.500
-0.687,2.976,5.500
-0.727,3.093,5.500
-0.716,2.992,5.500
-0.748,3.073,5.500
-0.741,2.993,5.500
-0.776,3.081,5.500
-0.786,3.071,5.500
-0.800,3.075,5.500
-0.807,3.051,5.500
-0.824,3.069,5.500
-0.836,3.065,5.500
-0.848,3.062,5.500
-0.858,3.052,5.500
-0.878,3.076,5.500
-0.935,3.228,5.500
-0.898,3.055,5.500
-0.957,3.207,5.500
-0.931,3.075,5.500
-0.934,3.044,5.500
-0.946,3.041,5.500
-1.011,3.205,5.500
-0.996,3.114,5.500
-1.043,3.217,5.500
-1.003,3.053,5.500
-1.086,3.261,5.500
-1.047,3.105,5.500
-1.068,3.128,5.500
-1.074,3.103,5.500
-1.084,3.093,5.500
-1.096,3.088,5.500
-1.125,3.130,5.500
-1.127,3.099,5.500
-1.139,3.095,5.500
-1.132,3.038,5.500
-1.151,3.053,5.500
-1.173,3.075,5.500
-1.193,3.090,5.500
-1.192,3.052,5.500
-1.235,3.126,5.500
-1.214,3.036,5.500
-1.228,3.038,5.500
-1.248,3.053,5.500
-1.271,3.074,5.500
-1.302,3.114,5.500
-1.317,3.115,5.500
-1.323,3.097,5.500
-1.336,3.092,5.500
-1.348,3.087,5.500
-1.432,3.244,5.500
-1.439,3.226,5.500
-1.460,3.239,5.500
-1.447,3.178,5.500
-1.405,3.053,5.500
-1.426,3.066,5.500
-1.429,3.042,5.500
-1.444,3.043,5.500
-1.459,3.043,5.500
-1.456,3.006,5.500
-1.465,2.994,5.500
-1.534,3.106,5.500
-1.507,3.020,5.500
-1.559,3.094,5.500
-1.574,3.094,5.500
-1.589,3.094,5.500
-1.660,3.201,5.500
-1.688,3.224,5.500
-1.704,3.223,5.500
-1.720,3.222,5.500
-1.717,3.186,5.500
-1.739,3.197,5.500
-1.671,3.043,5.500
-1.682,3.036,5.500
-1.776,3.176,5.500
-1.703,3.017,5.500
-1.795,3.151,5.500
-1.737,3.021,5.500
-1.738,2.997,5.500
-1.760,3.008,5.500
-1.758,2.977,5.500
-1.788,2.999,5.500
-1.820,3.027,5.500
-1.846,3.043,5.500
-1.893,3.093,5.500
-1.866,3.023,5.500
-1.882,3.021,5.500
-1.897,3.019,5.500
-1.902,3.001,5.500
-1.925,3.010,5.500
-1.940,3.008,5.500
-1.937,2.978,5.500
-1.953,2.976,5.500
-1.968,2.974,5.500
-1.980,2.966,5.500
-1.995,2.964,5.500
-2.096,3.087,5.500
-2.014,2.943,5.500
-2.240,3.245,5.500
-2.117,3.041,5.500
-2.049,2.919,5.500
-2.057,2.905,5.500
-2.168,3.037,5.500
-2.180,3.029,5.500
-2.188,3.015,5.500
-2.192,2.996,5.500
-2.121,2.875,5.500
-2.124,2.856,5.500
-2.136,2.847,5.500
-2.251,2.976,5.500
-2.207,2.894,5.500
-2.181,2.838,5.500
-2.184,2.819,5.500
-2.195,2.810,5.500
-2.202,2.796,5.500
-2.221,2.798,5.500
-2.340,2.924,5.500
-2.372,2.940,5.500
-2.355,2.895,5.500
-2.415,2.946,5.500
-2.331,2.821,5.500
-2.342,2.812,5.500
-2.353,2.802,5.500
-2.364,2.793,5.500
-2.477,2.903,5.500
-2.488,2.893,5.500
-2.500,2.883,5.500
-2.399,2.746,5.500
-2.518,2.859,5.500
-2.438,2.746,5.500
-2.600,2.905,5.500
-2.547,2.824,5.500
-2.575,2.833,5.500
-2.630,2.870,5.500
-2.554,2.765,5.500
-2.547,2.736,5.500
-2.553,2.721,5.500
-2.564,2.711,5.500
-2.588,2.715,5.500
-2.661,2.770,5.500
-2.708,2.796,5.500
-2.615,2.680,5.500
-2.630,2.674,5.500
-2.632,2.655,5.500
-2.738,2.740,5.500
-2.825,2.805,5.500
-2.750,2.710,5.500
-2.878,2.813,5.500
-2.767,2.683,5.500
-2.777,2.673,5.500
-2.778,2.653,5.500
-2.807,2.659,5.500
-2.790,2.622,5.500
-2.875,2.680,5.500
-2.927,2.707,5.500
-2.849,2.615,5.500
-2.998,2.730,5.500
-2.916,2.635,5.500
-2.922,2.619,5.500
-2.937,2.612,5.500
-2.928,2.584,5.500
-2.962,2.593,5.500
-3.066,2.663,5.500
-3.105,2.675,5.500
-3.115,2.663,5.500
-3.007,2.550,5.500
-3.017,2.538,5.500
-3.013,2.514,5.500
-3.027,2.506,5.500
-3.037,2.495,5.500
-3.047,2.483,5.500
-2.968,2.399,5.500
-2.992,2.399,5.500
-3.002,2.387,5.500
-3.011,2.375,5.500
-3.035,2.375,5.500
-3.029,2.352,5.500
-3.044,2.344,5.500
-3.048,2.328,5.500
-3.088,2.339,5.500
-3.081,2.315,5.500
-3.146,2.345,5.500
-3.130,2.314,5.500
-3.149,2.309,5.500
-3.148,2.289,5.500
-3.048,2.198,5.500
-3.046,2.178,5.500
-3.049,2.162,5.500
-3.052,2.147,5.500
-3.082,2.150,5.500
-3.020,2.089,5.500
-3.104,2.129,5.500
-3.031,2.062,5.500
-3.121,2.105,5.500
-3.025,2.023,5.500
-3.017,2.000,5.500
-3.036,1.995,5.500
-3.066,1.998,5.500
-3.062,1.979,5.500
-3.087,1.977,5.500
-3.083,1.958,5.500
-3.125,1.967,5.500
-3.232,2.017,5.500
-3.261,2.018,5.500
-3.120,1.913,5.500
-3.166,1.925,5.500
-3.163,1.905,5.500
-3.282,1.960,5.500
-3.166,1.874,5.500
-3.156,1.851,5.500
-3.158,1.836,5.500
-3.165,1.823,5.500
-3.172,1.811,5.500
-3.310,1.872,5.500
-3.186,1.786,5.500
-3.205,1.780,5.500
-3.195,1.757,5.500
-3.254,1.773,5.500
-3.208,1.732,5.500
-3.227,1.726,5.500
-3.309,1.753,5.500
-3.240,1.700,5.500
-3.235,1.682,5.500
-3.335,1.717,5.500
-3.278,1.671,5.500
-3.255,1.643,5.500
-3.638,1.819,5.500
-3.471,1.719,5.500
-3.472,1.702,5.500
-3.530,1.713,5.500
-3.387,1.627,5.500
-3.527,1.677,5.500
-3.388,1.595,5.500
-3.394,1.582,5.500
-3.406,1.571,5.500
-3.552,1.622,5.500
-3.430,1.550,5.500
-3.436,1.536,5.500
-3.577,1.582,5.500
-3.424,1.499,5.500
-3.442,1.491,5.500
-3.442,1.474,5.500
-3.602,1.526,5.500
-3.619,1.517,5.500
-3.608,1.495,5.500
-3.590,1.471,5.500
-3.470,1.407,5.500
-3.488,1.398,5.500
-3.475,1.377,5.500
-3.511,1.375,5.500
-3.480,1.347,5.500
-3.442,1.317,5.500
-3.659,1.383,5.500
-3.658,1.367,5.500
-3.439,1.270,5.500
-3.524,1.285,5.500
-3.455,1.245,5.500
-3.460,1.231,5.500
-3.446,1.211,5.500
-3.457,1.200,5.500
-3.604,1.235,5.500
-3.460,1.170,5.500
-3.458,1.155,5.500
-3.450,1.137,5.500
-3.467,1.127,5.500
-3.472,1.114,5.500
-3.501,1.108,5.500
-3.474,1.084,5.500
-3.659,1.126,5.500
-3.651,1.108,5.500
-3.480,1.041,5.500
-3.641,1.074,5.500
-3.670,1.067,5.500
-3.575,1.024,5.500
-3.541,0.999,5.500
-3.526,0.980,5.500
-3.536,0.968,5.500
-3.520,0.949,5.500
-3.531,0.937,5.500
-3.528,0.921,5.500
-3.544,0.911,5.500
-3.535,0.893,5.500
-3.551,0.883,5.500
-3.725,0.910,5.500
-3.723,0.894,5.500
-3.561,0.841,5.500
-3.552,0.824,5.500
-3.651,0.832,5.500
-3.558,0.796,5.500
-3.568,0.783,5.500
-3.737,0.805,5.500
-3.580,0.757,5.500
-3.577,0.741,5.500
-3.739,0.760,5.500
-3.755,0.747,5.500
-3.745,0.730,5.500
-3.588,0.685,5.500
-3.604,0.673,5.500
-3.606,0.659,5.500
-3.609,0.645,5.500
-3.611,0.631,5.500
-3.633,0.620,5.500
-3.610,0.601,5.500
-3.592,0.584,5.500
-3.775,0.598,5.500
-3.784,0.584,5.500
-3.619,0.544,5.500
-3.705,0.542,5.500
-3.681,0.524,5.500
-3.875,0.536,5.500
-3.895,0.524,5.500
-3.885,0.507,5.500
-3.728,0.471,5.500
-3.710,0.454,5.500
-3.738,0.443,5.500
-3.892,0.445,5.500
-3.716,0.410,5.500
-3.711,0.395,5.500
-3.891,0.399,5.500
-3.893,0.384,5.500
-3.734,0.353,5.500
-3.710,0.336,5.500
-3.737,0.324,5.500
-3.719,0.308,5.500
-3.727,0.293,5.500
-3.715,0.278,5.500
-3.883,0.275,5.500
-3.915,0.262,5.500
-3.923,0.247,5.500
-3.911,0.231,5.500
-3.726,0.205,5.500
-3.913,0.200,5.500
-3.747,0.177,5.500
-3.735,0.162,5.500
-3.729,0.147,5.500
-3.729,0.132,5.500
-3.730,0.117,5.500
-3.737,0.103,5.500
-3.744,0.088,5.500
-3.737,0.073,5.500
-3.873,0.061,5.500
-3.860,0.046,5.500
-3.911,0.031,5.500
-4.098,0.016,5.500
-3.771,0.000,5.500
-3.725,-0.015,5.500
-3.924,-0.031,5.500
-3.924,-0.046,5.500
-3.751,-0.059,5.500
-3.744,-0.074,5.500
-3.750,-0.088,5.500
-3.730,-0.103,5.500
-3.743,-0.118,5.500
-3.723,-0.132,5.500
-3.915,-0.154,5.500
-3.927,-0.170,5.500
-3.727,-0.176,5.500
-3.740,-0.191,5.500
-3.752,-0.207,5.500
-3.738,-0.221,5.500
-3.731,-0.235,5.500
-3.730,-0.249,5.500
-3.889,-0.276,5.500
-3.882,-0.290,5.500
-3.727,-0.293,5.500
-3.660,-0.303,5.500
-3.737,-0.324,5.500
-3.819,-0.346,5.500
-3.957,-0.374,5.500
-3.648,-0.360,5.500
-3.640,-0.373,5.500
-3.794,-0.404,5.500
-3.617,-0.400,5.500
-3.629,-0.415,5.500
-3.601,-0.426,5.500
-3.626,-0.444,5.500
-3.811,-0.482,5.500
-3.803,-0.496,5.500
-3.801,-0.511,5.500
-3.631,-0.503,5.500
-3.623,-0.516,5.500
-3.634,-0.532,5.500
-3.651,-0.549,5.500
-3.610,-0.558,5.500
-3.634,-0.576,5.500
-3.612,-0.587,5.500
-3.597,-0.599,5.500
-3.768,-0.643,5.500
-3.572,-0.624,5.500
-3.756,-0.671,5.500
-3.897,-0.712,5.500
-3.757,-0.702,5.500
-3.594,-0.686,5.500
-3.585,-0.699,5.500
-3.666,-0.730,5.500
-3.593,-0.730,5.500
-3.583,-0.742,5.500
-3.657,-0.773,5.500
-3.818,-0.822,5.500
-3.802,-0.835,5.500
-3.667,-0.820,5.500
-3.670,-0.836,5.500
-3.798,-0.881,5.500
-3.657,-0.863,5.500
-3.641,-0.875,5.500
-3.619,-0.884,5.500
-3.634,-0.903,5.500
-3.755,-0.949,5.500
-3.714,-0.954,5.500
-3.723,-0.972,5.500
-3.878,-1.029,5.500
-3.709,-1.000,5.500
-3.699,-1.013,5.500
-3.695,-1.027,5.500
-3.849,-1.086,5.500
-3.886,-1.113,5.500
-3.676,-1.069,5.500
-3.860,-1.138,5.500
-3.686,-1.103,5.500
-3.700,-1.123,5.500
-3.671,-1.130,5.500
-3.673,-1.146,5.500
-3.650,-1.155,5.500
-3.658,-1.173,5.500
-3.815,-1.240,5.500
-3.757,-1.238,5.500
-3.704,-1.237,5.500
-3.553,-1.202,5.500
-3.567,-1.222,5.500
-3.532,-1.225,5.500
-3.545,-1.246,5.500
-3.546,-1.262,5.500
-3.523,-1.269,5.500
-3.524,-1.285,5.500
-3.669,-1.355,5.500
-3.502,-1.308,5.500
-3.665,-1.386,5.500
-3.659,-1.400,5.500
-3.671,-1.421,5.500
-3.619,-1.417,5.500
-3.577,-1.417,5.500
-3.707,-1.485,5.500
-3.572,-1.448,5.500
-3.706,-1.519,5.500
-3.507,-1.454,5.500
-3.549,-1.487,5.500
-3.525,-1.494,5.500
-3.537,-1.515,5.500
-3.513,-1.521,5.500
-3.652,-1.599,5.500
-3.669,-1.623,5.500
-3.668,-1.640,5.500
-3.483,-1.574,5.500
-3.495,-1.595,5.500
-3.459,-1.596,5.500
-3.388,-1.579,5.500
-3.613,-1.701,5.500
-3.612,-1.718,5.500
-3.594,-1.727,5.500
-3.479,-1.688,5.500
-3.449,-1.691,5.500
-3.460,-1.713,5.500
-3.493,-1.746,5.500
-3.592,-1.814,5.500
-3.388,-1.727,5.500
-3.335,-1.717,5.500
-3.294,-1.712,5.500
-3.407,-1.788,5.500
-3.406,-1.804,5.500
-3.348,-1.791,5.500
-3.442,-1.858,5.500
-3.384,-1.844,5.500
-3.377,-1.858,5.500
-3.370,-1.871,5.500
-3.500,-1.961,5.500
-3.349,-1.894,5.500
-3.331,-1.901,5.500
-3.340,-1.924,5.500
-3.310,-1.924,5.500
-3.314,-1.943,5.500
-3.393,-2.008,5.500
-3.439,-2.054,5.500
-3.285,-1.979,5.500
-3.277,-1.992,5.500
-3.269,-2.005,5.500
-3.251,-2.011,5.500
-3.248,-2.027,5.500
-3.245,-2.043,5.500
-3.392,-2.154,5.500
-3.251,-2.082,5.500
-3.364,-2.174,5.500
-3.371,-2.197,5.500
-3.226,-2.121,5.500
-3.126,-2.073,5.500
-3.177,-2.125,5.500
-3.148,-2.123,5.500
-3.166,-2.153,5.500
-3.173,-2.176,5.500
-3.154,-2.182,5.500
-3.151,-2.198,5.500
-3.199,-2.250,5.500
-3.054,-2.166,5.500
-3.041,-2.174,5.500
-3.048,-2.198,5.500
-3.039,-2.210,5.500
-3.190,-2.339,5.500
-3.171,-2.344,5.500
-3.013,-2.245,5.500
-3.009,-2.261,5.500
-3.098,-2.347,5.500
-3.119,-2.382,5.500
-3.099,-2.386,5.500
-2.968,-2.304,5.500
-2.954,-2.312,5.500
-3.001,-2.367,5.500
-2.951,-2.347,5.500
-2.932,-2.351,5.500
-2.922,-2.362,5.500
-3.081,-2.510,5.500
-3.143,-2.582,5.500
-2.959,-2.450,5.500
-2.935,-2.449,5.500
-3.060,-2.575,5.500
-2.993,-2.538,5.500
-3.007,-2.570,5.500
-2.901,-2.499,5.500
-2.896,-2.515,5.500
-2.876,-2.518,5.500
-2.881,-2.542,5.500
-2.875,-2.557,5.500
-2.992,-2.682,5.500
-2.831,-2.558,5.500
-2.920,-2.659,5.500
-2.951,-2.709,5.500
-2.927,-2.707,5.500
-2.934,-2.736,5.500
-2.910,-2.735,5.500
-2.784,-2.637,5.500
-2.815,-2.688,5.500
-2.768,-2.664,5.500
-2.753,-2.670,5.500
-2.747,-2.685,5.500
-2.741,-2.701,5.500
-2.721,-2.702,5.500
-2.715,-2.718,5.500
-2.700,-2.724,5.500
-2.676,-2.720,5.500
-2.661,-2.726,5.500
-2.672,-2.760,5.500
-2.666,-2.775,5.500
-2.785,-2.922,5.500
-2.765,-2.924,5.500
-2.633,-2.806,5.500
-2.626,-2.821,5.500
-2.602,-2.817,5.500
-2.582,-2.818,5.500
-2.597,-2.857,5.500
-2.590,-2.872,5.500
-2.675,-2.990,5.500
-2.550,-2.873,5.500
-2.526,-2.868,5.500
-2.524,-2.888,5.500
-2.516,-2.903,5.500
-2.505,-2.912,5.500
-2.481,-2.908,5.500
-2.486,-2.937,5.500
-2.568,-3.058,5.500
-2.568,-3.082,5.500
-2.548,-3.083,5.500
-2.452,-2.990,5.500
-2.436,-2.995,5.500
-2.364,-2.930,5.500
-2.404,-3.004,5.500
-2.385,-3.004,5.500
-2.313,-2.937,5.500
-2.365,-3.027,5.500
-2.423,-3.127,5.500
-2.314,-3.010,5.500
-2.329,-3.055,5.500
-2.266,-2.997,5.500
-2.339,-3.119,5.500
-2.342,-3.148,5.500
-2.231,-3.024,5.500
-2.215,-3.027,5.500
-2.290,-3.155,5.500
-2.180,-3.029,5.500
-2.168,-3.037,5.500
-2.234,-3.156,5.500
-2.309,-3.289,5.500
-2.296,-3.298,5.500
-2.226,-3.224,5.500
-2.181,-3.186,5.500
-2.129,-3.136,5.500
-2.237,-3.323,5.500
-2.143,-3.211,5.500
-2.116,-3.198,5.500
-2.114,-3.223,5.500
-2.112,-3.247,5.500
-2.079,-3.223,5.500
-2.055,-3.215,5.500
-2.138,-3.373,5.500
-2.138,-3.402,5.500
-2.041,-3.277,5.500
-2.025,-3.280,5.500
-2.025,-3.309,5.500
-1.989,-3.279,5.500
-1.980,-3.292,5.500
-2.044,-3.430,5.500
-1.954,-3.308,5.500
-2.020,-3.452,5.500
-1.928,-3.323,5.500
-1.924,-3.347,5.500
-1.983,-3.480,5.500
-1.969,-3.488,5.500
-1.884,-3.370,5.500
-1.868,-3.371,5.500
-1.849,-3.367,5.500
-1.832,-3.369,5.500
-1.840,-3.416,5.500
-1.812,-3.395,5.500
-1.875,-3.547,5.500
-1.876,-3.581,5.500
-1.766,-3.404,5.500
-1.755,-3.417,5.500
-1.856,-3.647,5.500
-1.805,-3.583,5.500
-1.715,-3.437,5.500
-1.771,-3.586,5.500
-1.696,-3.468,5.500
-1.674,-3.457,5.500
-1.666,-3.475,5.500
-1.642,-3.459,5.500
-1.639,-3.488,5.500
-1.623,-3.489,5.500
-1.598,-3.472,5.500
-1.595,-3.502,5.500
-1.584,-3.514,5.500
-1.565,-3.508,5.500
-1.548,-3.509,5.500
-1.600,-3.665,5.500
-1.588,-3.677,5.500
-1.576,-3.689,5.500
-1.498,-3.544,5.500
-1.482,-3.544,5.500
-1.530,-3.702,5.500
-1.518,-3.713,5.500
-1.511,-3.737,5.500
-1.489,-3.725,5.500
-1.428,-3.614,5.500
-1.405,-3.596,5.500
-1.386,-3.590,5.500
-1.372,-3.595,5.500
-1.360,-3.606,5.500
-1.348,-3.618,5.500
-1.329,-3.611,5.500
-1.313,-3.610,5.500
-1.303,-3.627,5.500
-1.287,-3.626,5.500
-1.264,-3.607,5.500
-1.258,-3.636,5.500
-1.244,-3.641,5.500
-1.223,-3.628,5.500
-1.259,-3.783,5.500
-1.250,-3.805,5.500
-1.231,-3.799,5.500
-1.224,-3.827,5.500
-1.150,-3.645,5.500
-1.147,-3.686,5.500
-1.133,-3.691,5.500
-1.165,-3.852,5.500
-1.100,-3.687,5.500
-1.084,-3.685,5.500
-1.074,-3.708,5.500
-1.055,-3.694,5.500
-1.045,-3.716,5.500
-1.032,-3.727,5.500
-1.053,-3.858,5.500
-1.099,-4.092,5.500
-0.982,-3.714,5.500
-0.967,-3.718,5.500
-0.948,-3.703,5.500
-0.935,-3.713,5.500
-0.952,-3.846,5.500
-0.909,-3.732,5.500
-0.891,-3.724,5.500
-0.881,-3.746,5.500
-0.840,-3.636,5.500
-0.829,-3.652,5.500
-0.808,-3.630,5.500
-0.798,-3.652,5.500
-0.818,-3.812,5.500
-0.801,-3.809,5.500
-0.788,-3.818,5.500
-0.746,-3.689,5.500
-0.727,-3.667,5.500
-0.713,-3.676,5.500
-0.699,-3.679,5.500
-0.684,-3.682,5.500
-0.698,-3.836,5.500
-0.685,-3.851,5.500
-0.664,-3.823,5.500
-0.629,-3.705,5.500
-0.612,-3.694,5.500
-0.622,-3.849,5.500
-0.584,-3.705,5.500
-0.569,-3.708,5.500
-0.553,-3.697,5.500
-0.539,-3.706,5.500
-0.524,-3.701,5.500
-0.506,-3.677,5.500
-0.516,-3.865,5.500
-0.502,-3.873,5.500
-0.467,-3.722,5.500
-0.445,-3.665,5.500
-0.448,-3.815,5.500
-0.414,-3.643,5.500
-0.408,-3.722,5.500
-0.384,-3.633,5.500
-0.385,-3.790,5.500
-0.372,-3.804,5.500
-0.342,-3.650,5.500
-0.328,-3.651,5.500
-0.312,-3.633,5.500
-0.299,-3.654,5.500
-0.298,-3.830,5.500
-0.281,-3.799,5.500
-0.255,-3.637,5.500
-0.251,-3.795,5.500
-0.237,-3.821,5.500
-0.209,-3.593,5.500
-0.191,-3.527,5.500
-0.179,-3.562,5.500
-0.164,-3.542,5.500
-0.150,-3.529,5.500
-0.137,-3.550,5.500
-0.129,-3.729,5.500
-0.115,-3.756,5.500
-0.100,-3.743,5.500
-0.085,-3.737,5.500
-0.067,-3.565,5.500
-0.053,-3.566,5.500
-0.039,-3.573,5.500
-0.025,-3.559,5.500
-0.011,-3.579,5.500
0.003,-3.559,5.500
0.017,-3.546,5.500
0.031,-3.552,5.500
0.045,-3.559,5.500
0.062,-3.731,5.500
0.077,-3.737,5.500
0.087,-3.558,5.500
0.102,-3.605,5.500
0.120,-3.730,5.500
0.135,-3.723,5.500
0.146,-3.637,5.500
0.171,-3.882,5.500
0.176,-3.655,5.500
0.191,-3.668,5.500
0.209,-3.739,5.500
0.227,-3.796,5.500
0.244,-3.821,5.500
0.258,-3.814,5.500
0.263,-3.670,5.500
0.282,-3.721,5.500
0.299,-3.752,5.500
0.312,-3.732,5.500
0.327,-3.737,5.500
0.341,-3.729,5.500
0.357,-3.741,5.500
0.370,-3.720,5.500
0.384,-3.712,5.500
0.401,-3.736,5.500
0.414,-3.715,5.500
0.427,-3.707,5.500
0.446,-3.738,5.500
0.457,-3.710,5.500
0.473,-3.715,5.500
0.512,-3.897,5.500
0.517,-3.819,5.500
0.541,-3.887,5.500
0.530,-3.700,5.500
0.564,-3.832,5.500
0.560,-3.702,5.500
0.576,-3.707,5.500
0.616,-3.863,5.500
0.631,-3.860,5.500
0.664,-3.969,5.500
0.660,-3.849,5.500
0.648,-3.695,5.500
0.663,-3.692,5.500
0.706,-3.847,5.500
0.720,-3.838,5.500
0.738,-3.848,5.500
0.748,-3.820,5.500
0.715,-3.575,5.500
0.731,-3.585,5.500
0.746,-3.583,5.500
0.797,-3.758,5.500
0.781,-3.609,5.500
0.785,-3.561,5.500
0.833,-3.711,5.500
0.852,-3.726,5.500
0.848,-3.641,5.500
0.816,-3.444,5.500
0.834,-3.460,5.500
0.891,-3.630,5.500
0.900,-3.608,5.500
0.946,-3.730,5.500
0.890,-3.453,5.500
0.927,-3.540,5.500
0.891,-3.348,5.500
0.906,-3.351,5.500
0.943,-3.432,5.500
0.932,-3.344,5.500
0.991,-3.502,5.500
1.007,-3.504,5.500
0.970,-3.326,5.500
0.989,-3.342,5.500
0.968,-3.226,5.500
0.983,-3.229,5.500
0.996,-3.225,5.500
1.002,-3.201,5.500
1.013,-3.190,5.500
1.031,-3.206,5.500
1.097,-3.365,5.500
1.061,-3.211,5.500
1.074,-3.207,5.500
1.139,-3.358,5.500
1.154,-3.360,5.500
1.163,-3.343,5.500
1.196,-3.395,5.500
1.185,-3.321,5.500
1.151,-3.187,5.500
1.213,-3.318,5.500
1.155,-3.119,5.500
1.191,-3.180,5.500
1.196,-3.156,5.500
1.206,-3.145,5.500
1.278,-3.293,5.500
1.303,-3.319,5.500
1.241,-3.124,5.500
1.261,-3.138,5.500
1.255,-3.088,5.500
1.306,-3.179,5.500
1.292,-3.110,5.500
1.299,-3.092,5.500
1.425,-3.356,5.500
1.439,-3.350,5.500
1.452,-3.345,5.500
1.459,-3.327,5.500
1.407,-3.173,5.500
1.417,-3.162,5.500
1.490,-3.291,5.500
1.517,-3.315,5.500
1.454,-3.145,5.500
1.469,-3.145,5.500
1.479,-3.133,5.500
1.497,-3.140,5.500
1.503,-3.121,5.500
1.583,-3.255,5.500
1.619,-3.296,5.500
1.582,-3.188,5.500
1.509,-3.011,5.500
1.527,-3.018,5.500
1.545,-3.024,5.500
1.550,-3.005,5.500
1.553,-2.981,5.500
1.568,-2.981,5.500
1.573,-2.962,5.500
1.551,-2.894,5.500
1.687,-3.119,5.500
1.574,-2.882,5.500
1.669,-3.028,5.500
1.600,-2.876,5.500
1.601,-2.851,5.500
1.619,-2.857,5.500
1.720,-3.007,5.500
1.732,-3.001,5.500
1.603,-2.752,5.500
1.752,-2.981,5.500
1.617,-2.727,5.500
1.661,-2.776,5.500
1.730,-2.865,5.500
1.638,-2.689,5.500
1.767,-2.876,5.500
1.659,-2.676,5.500
1.696,-2.712,5.500
1.699,-2.693,5.500
1.830,-2.877,5.500
1.815,-2.829,5.500
1.815,-2.804,5.500
1.841,-2.820,5.500
1.748,-2.654,5.500
1.766,-2.659,5.500
1.871,-2.792,5.500
1.889,-2.796,5.500
1.877,-2.755,5.500
1.903,-2.770,5.500
1.910,-2.757,5.500
1.980,-2.834,5.500
1.822,-2.586,5.500
1.832,-2.578,5.500
1.850,-2.583,5.500
1.869,-2.587,5.500
1.866,-2.562,5.500
1.877,-2.555,5.500
1.908,-2.576,5.500
1.905,-2.552,5.500
2.021,-2.685,5.500
2.044,-2.694,5.500
2.034,-2.658,5.500
2.053,-2.661,5.500
1.955,-2.514,5.500
1.969,-2.512,5.500
2.088,-2.642,5.500
2.099,-2.634,5.500
2.100,-2.615,5.500
2.119,-2.618,5.500
2.009,-2.462,5.500
2.014,-2.448,5.500
2.042,-2.462,5.500
2.226,-2.663,5.500
2.250,-2.670,5.500
2.185,-2.572,5.500
2.085,-2.435,5.500
2.146,-2.486,5.500
2.019,-2.321,5.500
2.038,-2.324,5.500
2.042,-2.310,5.500
2.166,-2.431,5.500
2.185,-2.433,5.500
2.161,-2.388,5.500
2.204,-2.416,5.500
2.218,-2.412,5.500
2.091,-2.256,5.500
2.105,-2.253,5.500
2.237,-2.376,5.500
2.256,-2.377,5.500
2.245,-2.348,5.500
2.313,-2.400,5.500
2.342,-2.411,5.500
2.208,-2.255,5.500
2.232,-2.261,5.500
2.256,-2.268,5.500
2.255,-2.249,5.500
2.279,-2.255,5.500
2.272,-2.231,5.500
2.291,-2.232,5.500
2.295,-2.218,5.500
2.293,-2.199,5.500
2.291,-2.180,5.500
2.310,-2.181,5.500
2.340,-2.192,5.500
2.338,-2.173,5.500
2.347,-2.163,5.500
2.344,-2.145,5.500
2.353,-2.135,5.500
2.361,-2.126,5.500
2.370,-2.117,5.500
2.521,-2.234,5.500
2.392,-2.103,5.500
2.394,-2.089,5.500
2.403,-2.079,5.500
2.411,-2.070,5.500
2.424,-2.065,5.500
2.454,-2.074,5.500
2.451,-2.055,5.500
2.459,-2.045,5.500
2.451,-2.022,5.500
2.492,-2.040,5.500
2.609,-2.118,5.500
2.618,-2.108,5.500
2.460,-1.965,5.500
2.496,-1.978,5.500
2.492,-1.959,5.500
2.443,-1.905,5.500
2.398,-1.855,5.500
2.452,-1.881,5.500
2.580,-1.963,5.500
2.449,-1.849,5.500
2.468,-1.848,5.500
2.475,-1.838,5.500
2.627,-1.935,5.500
2.612,-1.908,5.500
2.491,-1.805,5.500
2.504,-1.799,5.500
2.505,-1.785,5.500
2.512,-1.775,5.500
2.660,-1.864,5.500
2.691,-1.870,5.500
2.515,-1.733,5.500
2.546,-1.740,5.500
2.553,-1.730,5.500
2.553,-1.715,5.500
2.566,-1.709,5.500
2.723,-1.798,5.500
2.561,-1.677,5.500
2.598,-1.687,5.500
2.605,-1.677,5.500
2.690,-1.717,5.500
2.673,-1.691,5.500
2.618,-1.642,5.500
2.866,-1.782,5.500
2.723,-1.678,5.500
2.699,-1.649,5.500
2.712,-1.642,5.500
2.718,-1.631,5.500
2.712,-1.613,5.500
2.895,-1.707,5.500
2.731,-1.595,5.500
2.744,-1.588,5.500
2.744,-1.574,5.500
3.018,-1.716,5.500
2.928,-1.650,5.500
2.799,-1.562,5.500
2.787,-1.541,5.500
2.780,-1.523,5.500
2.792,-1.516,5.500
2.786,-1.498,5.500
2.929,-1.560,5.500
3.003,-1.585,5.500
2.997,-1.566,5.500
2.738,-1.417,5.500
2.757,-1.413,5.500
2.762,-1.402,5.500
2.864,-1.440,5.500
2.921,-1.454,5.500
2.907,-1.433,5.500
2.771,-1.352,5.500
3.020,-1.459,5.500
2.781,-1.331,5.500
2.813,-1.332,5.500
2.779,-1.303,5.500
2.804,-1.301,5.500
2.828,-1.299,5.500
2.970,-1.350,5.500
2.825,-1.271,5.500
2.830,-1.260,5.500
2.822,-1.243,5.500
2.827,-1.231,5.500
2.964,-1.277,5.500
2.836,-1.209,5.500
2.821,-1.190,5.500
2.998,-1.250,5.500
2.850,-1.176,5.500
2.915,-1.189,5.500
3.026,-1.220,5.500
2.945,-1.174,5.500
2.745,-1.082,5.500
2.742,-1.069,5.500
2.747,-1.058,5.500
2.779,-1.058,5.500
2.776,-1.044,5.500
2.972,-1.104,5.500
2.805,-1.030,5.500
2.788,-1.011,5.500
2.813,-1.008,5.500
2.817,-0.997,5.500
2.800,-0.978,5.500
2.782,-0.960,5.500
2.828,-0.963,5.500
2.818,-0.948,5.500
2.808,-0.932,5.500
2.832,-0.928,5.500
2.822,-0.912,5.500
3.034,-0.967,5.500
2.850,-0.897,5.500
2.854,-0.885,5.500
2.850,-0.872,5.500
2.839,-0.856,5.500
2.864,-0.852,5.500
2.874,-0.842,5.500
2.856,-0.825,5.500
3.056,-0.870,5.500
3.073,-0.862,5.500
2.866,-0.791,5.500
2.883,-0.784,5.500
3.041,-0.814,5.500
2.918,-0.769,5.500
2.864,-0.742,5.500
2.952,-0.753,5.500
2.998,-0.752,5.500
2.908,-0.717,5.500
2.982,-0.723,5.500
3.006,-0.717,5.500
2.988,-0.700,5.500
3.005,-0.691,5.500
3.231,-0.730,5.500
3.192,-0.708,5.500
3.013,-0.656,5.500
3.184,-0.680,5.500
3.018,-0.632,5.500
3.035,-0.623,5.500
3.016,-0.607,5.500
2.989,-0.590,5.500
3.056,-0.590,5.500
3.030,-0.573,5.500
3.003,-0.556,5.500
3.321,-0.601,5.500
3.255,-0.576,5.500
3.152,-0.545,5.500
3.040,-0.513,5.500
3.050,-0.502,5.500
3.130,-0.503,5.500
3.146,-0.493,5.500
3.062,-0.468,5.500
3.143,-0.467,5.500
3.130,-0.453,5.500
3.153,-0.444,5.500
3.162,-0.432,5.500
3.143,-0.417,5.500
3.151,-0.405,5.500
3.363,-0.419,5.500
3.154,-0.381,5.500
3.338,-0.390,5.500
3.150,-0.355,5.500
3.307,-0.360,5.500
3.459,-0.362,5.500
3.337,-0.336,5.500
3.177,-0.308,5.500
3.340,-0.310,5.500
3.313,-0.294,5.500
3.349,-0.284,5.500
3.167,-0.256,5.500
3.154,-0.243,5.500
3.183,-0.233,5.500
3.177,-0.220,5.500
3.171,-0.207,5.500
3.375,-0.207,5.500
3.335,-0.191,5.500
3.180,-0.170,5.500
3.145,-0.155,5.500
3.371,-0.153,5.500
3.189,-0.132,5.500
3.189,-0.120,5.500
3.183,-0.107,5.500
3.176,-0.094,5.500
3.191,-0.082,5.500
3.367,-0.074,5.500
3.170,-0.057,5.500
3.262,-0.046,5.500
3.347,-0.034,5.500
3.120,-0.019,6.000
3.375,-0.007,6.000
3.382,0.006,6.000
3.156,0.018,6.000
3.170,0.030,6.000
3.368,0.045,6.000
3.381,0.059,6.000
3.184,0.068,6.000
3.191,0.081,6.000
3.154,0.092,6.000
3.168,0.105,6.000
3.182,0.118,6.000
3.496,0.143,6.000
3.323,0.149,6.000
3.209,0.157,6.000
3.180,0.168,6.000
3.369,0.191,6.000
3.264,0.198,6.000
3.171,0.205,6.000
3.105,0.213,6.000
3.169,0.230,6.000
3.168,0.242,6.000
3.088,0.248,6.000
3.244,0.274,6.000
3.243,0.287,6.000
3.249,0.300,6.000
3.084,0.297,6.000
3.082,0.309,6.000
3.038,0.317,6.000
3.065,0.332,6.000
3.064,0.344,6.000
3.048,0.354,6.000
3.076,0.370,6.000
3.053,0.379,6.000
3.058,0.392,6.000
3.078,0.407,6.000
3.055,0.416,6.000
3.061,0.429,6.000
3.052,0.440,6.000
3.228,0.478,6.000
3.205,0.488,6.000
3.054,0.477,6.000
3.073,0.492,6.000
3.086,0.507,6.000
3.225,0.543,6.000
3.201,0.552,6.000
3.241,0.572,6.000
3.141,0.567,6.000
3.139,0.579,6.000
3.115,0.587,6.000
3.134,0.604,6.000
3.075,0.605,6.000
3.295,0.662,6.000
3.092,0.633,6.000
3.117,0.651,6.000
3.101,0.661,6.000
3.105,0.674,6.000
3.102,0.687,6.000
3.107,0.700,6.000
3.111,0.714,6.000
3.080,0.720,6.000
3.056,0.727,6.000
3.273,0.792,6.000
3.243,0.798,6.000
3.260,0.816,6.000
3.093,0.787,6.000
3.083,0.798,6.000
3.066,0.806,6.000
3.077,0.822,6.000
3.073,0.834,6.000
3.077,0.848,6.000
3.046,0.852,6.000
3.200,0.909,6.000
3.046,0.878,6.000
3.070,0.898,6.000
3.222,0.956,6.000
3.225,0.971,6.000
3.066,0.936,6.000
3.028,0.938,6.000
3.025,0.950,6.000
3.028,0.964,6.000
3.024,0.976,6.000
3.181,1.040,6.000
3.204,1.062,6.000
3.019,1.014,6.000
2.988,1.016,6.000
3.184,1.097,6.000
3.067,1.070,6.000
2.880,1.017,6.000
3.099,1.109,6.000
2.892,1.047,6.000
2.922,1.071,6.000
2.891,1.073,6.000
2.873,1.079,6.000
2.821,1.072,6.000
2.775,1.067,6.000
2.778,1.081,6.000
2.760,1.086,6.000
2.905,1.157,6.000
2.947,1.187,6.000
2.767,1.127,6.000
2.925,1.205,6.000
2.799,1.166,6.000
2.888,1.216,6.000
2.803,1.193,6.000
2.635,1.134,6.000
2.644,1.150,6.000
2.626,1.155,6.000
2.784,1.237,6.000
2.799,1.257,6.000
2.487,1.129,6.000
2.517,1.154,6.000
2.677,1.241,6.000
2.508,1.174,6.000
2.490,1.177,6.000
2.499,1.194,6.000
2.404,1.160,6.000
2.434,1.186,6.000
2.387,1.175,6.000
2.534,1.260,6.000
2.364,1.187,6.000
2.572,1.304,6.000
2.546,1.304,6.000
2.601,1.345,6.000
2.345,1.224,6.000
2.354,1.241,6.000
2.342,1.246,6.000
2.480,1.332,6.000
2.374,1.287,6.000
2.334,1.277,6.000
2.329,1.287,6.000
2.338,1.303,6.000
2.312,1.301,6.000
2.475,1.405,6.000
2.282,1.308,6.000
2.317,1.340,6.000
2.244,1.310,6.000
2.353,1.386,6.000
2.200,1.307,6.000
2.188,1.312,6.000
2.169,1.312,6.000
2.364,1.442,6.000
2.179,1.341,6.000
2.181,1.354,6.000
2.168,1.358,6.000
2.170,1.371,6.000
2.164,1.380,6.000
2.159,1.388,6.000
2.140,1.388,6.000
2.041,1.335,6.000
2.324,1.534,6.000
2.215,1.474,6.000
2.038,1.368,6.000
2.033,1.376,6.000
2.166,1.478,6.000
2.179,1.500,6.000
2.003,1.391,6.000
1.971,1.380,6.000
2.161,1.526,6.000
1.860,1.324,6.000
2.066,1.483,6.000
2.054,1.486,6.000
2.054,1.499,6.000
2.055,1.512,6.000
1.874,1.390,6.000
1.835,1.373,6.000
1.889,1.424,6.000
1.857,1.412,6.000
2.012,1.542,6.000
1.826,1.411,6.000
1.762,1.373,6.000
1.835,1.441,6.000
1.823,1.443,6.000
1.726,1.378,6.000
1.721,1.384,6.000
1.702,1.381,6.000
1.703,1.393,6.000
1.743,1.436,6.000
1.705,1.417,6.000
1.693,1.418,6.000
1.839,1.552,6.000
1.851,1.575,6.000
1.845,1.582,6.000
1.671,1.444,6.000
1.659,1.445,6.000
1.715,1.507,6.000
1.734,1.536,6.000
1.807,1.613,6.000
1.648,1.482,6.000
1.783,1.616,6.000
1.636,1.495,6.000
1.637,1.507,6.000
1.618,1.502,6.000
1.619,1.515,6.000
1.613,1.521,6.000
1.762,1.675,6.000
1.625,1.557,6.000
1.601,1.546,6.000
1.583,1.540,6.000
1.588,1.558,6.000
1.576,1.559,6.000
1.564,1.559,6.000
1.704,1.711,6.000
1.680,1.700,6.000
1.552,1.583,6.000
1.499,1.541,6.000
1.727,1.790,6.000
1.670,1.744,6.000
1.555,1.638,6.000
1.509,1.601,6.000
1.503,1.607,6.000
1.513,1.631,6.000
1.662,1.806,6.000
1.666,1.825,6.000
1.637,1.807,6.000
1.532,1.704,6.000
1.470,1.648,6.000
1.496,1.691,6.000
1.479,1.685,6.000
1.478,1.697,6.000
1.498,1.734,6.000
1.475,1.721,6.000
1.431,1.682,6.000
1.413,1.675,6.000
1.455,1.738,6.000
1.351,1.628,6.000
1.340,1.626,6.000
1.360,1.665,6.000
1.327,1.637,6.000
1.331,1.655,6.000
1.335,1.674,6.000
1.463,1.849,6.000
1.348,1.717,6.000
1.326,1.703,6.000
1.303,1.688,6.000
1.312,1.713,6.000
1.426,1.877,6.000
1.299,1.723,6.000
1.287,1.722,6.000
1.255,1.693,6.000
1.268,1.725,6.000
1.384,1.898,6.000
1.260,1.742,6.000
1.243,1.733,6.000
1.256,1.765,6.000
1.239,1.757,6.000
1.217,1.741,6.000
1.211,1.745,6.000
1.213,1.764,6.000
1.202,1.762,6.000
1.190,1.759,6.000
1.192,1.778,6.000
1.176,1.769,6.000
1.293,1.961,6.000
1.171,1.792,6.000
1.169,1.804,6.000
1.261,1.963,6.000
1.262,1.981,6.000
1.130,1.789,6.000
1.109,1.772,6.000
1.243,2.003,6.000
1.231,2.001,6.000
1.171,1.921,6.000
1.103,1.825,6.000
1.156,1.930,6.000
1.144,1.928,6.000
1.137,1.932,6.000
1.146,1.965,6.000
1.134,1.963,6.000
1.122,1.960,6.000
1.110,1.957,6.000
1.111,1.976,6.000
1.199,2.152,6.000
1.194,2.163,6.000
1.091,1.996,6.000
1.084,2.000,6.000
1.072,1.997,6.000
1.079,2.031,6.000
1.056,2.006,6.000
1.060,2.032,6.000
1.152,2.231,6.000
1.129,2.207,6.000
1.021,2.015,6.000
1.016,2.026,6.000
1.163,2.341,6.000
1.087,2.210,6.000
0.982,2.015,6.000
0.970,2.012,6.000
0.980,2.053,6.000
1.052,2.227,6.000
0.957,2.046,6.000
0.938,2.027,6.000
0.941,2.053,6.000
0.922,2.034,6.000
1.012,2.254,6.000
1.009,2.273,6.000
0.912,2.075,6.000
0.900,2.071,6.000
0.908,2.113,6.000
0.884,2.078,6.000
0.876,2.082,6.000
0.855,2.054,6.000
0.859,2.089,6.000
0.807,1.983,6.000
0.802,1.994,6.000
0.791,1.989,6.000
0.863,2.194,6.000
0.824,2.121,6.000
0.783,2.038,6.000
0.828,2.181,6.000
0.874,2.329,6.000
0.819,2.210,6.000
0.768,2.097,6.000
0.743,2.053,6.000
0.718,2.008,6.000
0.715,2.027,6.000
0.699,2.006,6.000
0.702,2.041,6.000
0.729,2.146,6.000
0.675,2.014,6.000
0.678,2.049,6.000
0.659,2.019,6.000
0.723,2.244,6.000
0.709,2.231,6.000
0.638,2.035,6.000
0.694,2.244,6.000
0.704,2.309,6.000
0.693,2.304,6.000
0.625,2.109,6.000
0.596,2.039,6.000
0.618,2.146,6.000
0.619,2.181,6.000
0.581,2.078,6.000
0.593,2.153,6.000
0.584,2.156,6.000
0.582,2.182,6.000
0.569,2.168,6.000
0.567,2.195,6.000
0.552,2.173,6.000
0.548,2.191,6.000
0.531,2.161,6.000
0.534,2.211,6.000
0.520,2.189,6.000
0.508,2.175,6.000
0.503,2.193,6.000
0.489,2.171,6.000
0.491,2.221,6.000
0.480,2.215,6.000
0.511,2.401,6.000
0.501,2.403,6.000
0.449,2.196,6.000
0.431,2.149,6.000
0.430,2.192,6.000
0.422,2.193,6.000
0.412,2.187,6.000
0.406,2.205,6.000
0.429,2.384,6.000
0.386,2.191,6.000
0.374,2.176,6.000
0.403,2.397,6.000
0.394,2.407,6.000
0.386,2.416,6.000
0.336,2.157,6.000
0.331,2.183,6.000
0.333,2.251,6.000
0.313,2.178,6.000
0.303,2.171,6.000
0.313,2.303,6.000
0.305,2.313,6.000
0.294,2.298,6.000
0.310,2.508,6.000
0.305,2.549,6.000
0.268,2.317,6.000
0.285,2.551,6.000
0.249,2.311,6.000
0.244,2.353,6.000
0.231,2.313,6.000
0.223,2.322,6.000
0.230,2.501,6.000
0.205,2.324,6.000
0.195,2.316,6.000
0.185,2.309,6.000
0.191,2.504,6.000
0.171,2.368,6.000
0.156,2.286,6.000
0.150,2.336,6.000
0.156,2.578,6.000
0.138,2.443,6.000
0.127,2.411,6.000
0.120,2.468,6.000
0.117,2.619,6.000
0.099,2.429,6.000
0.097,2.636,6.000
0.087,2.667,6.000
0.070,2.438,6.000
0.061,2.438,6.000
0.052,2.462,6.000
0.041,2.414,6.000
0.032,2.439,6.000
0.022,2.439,6.000
0.013,2.431,6.000
0.003,2.455,6.000
-0.007,2.785,6.000
-0.017,2.669,6.000
-0.026,2.527,6.000
-0.037,2.543,6.000
-0.047,2.550,6.000
-0.056,2.534,6.000
-0.067,2.550,6.000
-0.077,2.550,6.000
-0.094,2.760,6.000
-0.104,2.744,6.000
-0.107,2.557,6.000
-0.117,2.548,6.000
-0.138,2.774,6.000
-0.155,2.879,6.000
-0.161,2.795,6.000
-0.165,2.672,6.000
-0.175,2.671,6.000
-0.186,2.678,6.000
-0.195,2.654,6.000
-0.205,2.653,6.000
-0.216,2.652,6.000
-0.227,2.667,6.000
-0.237,2.651,6.000
-0.266,2.848,6.000
-0.257,2.641,6.000
-0.268,2.648,6.000
-0.289,2.747,6.000
-0.303,2.776,6.000
-0.332,2.939,6.000
-0.319,2.728,6.000
-0.334,2.757,6.000
-0.344,2.748,6.000
-0.353,2.739,6.000
-0.366,2.753,6.000
-0.375,2.736,6.000
-0.414,2.937,6.000
-0.419,2.891,6.000
-0.428,2.874,6.000
-0.434,2.835,6.000
-0.445,2.834,6.000
-0.457,2.839,6.000
-0.470,2.845,6.000
-0.482,2.850,6.000
-0.488,2.819,6.000
-0.501,2.824,6.000
-0.514,2.837,6.000
-0.558,3.010,6.000
-0.566,2.986,6.000
-0.582,3.006,6.000
-0.559,2.829,6.000
-0.608,3.015,6.000
-0.575,2.795,6.000
-0.609,2.902,6.000
-0.663,3.100,6.000
-0.674,3.090,6.000
-0.648,2.917,6.000
-0.660,2.914,6.000
-0.707,3.068,6.000
-0.684,2.916,6.000
-0.685,2.870,6.000
-0.747,3.074,6.000
-0.766,3.098,6.000
-0.726,2.891,6.000
-0.736,2.881,6.000
-0.740,2.849,6.000
-0.758,2.875,6.000
-0.770,2.872,6.000
-0.775,2.847,6.000
-0.868,3.138,6.000
-0.884,3.148,6.000
-0.855,3.000,6.000
-0.855,2.955,6.000
-0.919,3.131,6.000
-0.933,3.134,6.000
-0.900,2.979,6.000
-0.947,3.093,6.000
-0.968,3.116,6.000
-0.978,3.105,6.000
-0.936,2.930,6.000
-0.947,2.927,6.000
-0.995,3.033,6.000
-1.004,3.022,6.000
-1.009,2.998,6.000
-1.019,2.987,6.000
-1.042,3.017,6.000
-1.049,2.999,6.000
-1.159,3.272,6.000
-1.080,3.011,6.000
-1.089,3.000,6.000
-1.101,2.996,6.000
-1.113,2.991,6.000
-1.117,2.967,6.000
-1.131,2.969,6.000
-1.156,2.998,6.000
-1.224,3.138,6.000
-1.172,2.969,6.000
-1.181,2.958,6.000
-1.297,3.212,6.000
-1.255,3.073,6.000
-1.248,3.022,6.000
-1.327,3.178,6.000
-1.258,2.980,6.000
-1.360,3.186,6.000
-1.298,3.009,6.000
-1.307,2.997,6.000
-1.324,3.005,6.000
-1.410,3.165,6.000
-1.416,3.147,6.000
-1.357,2.983,6.000
-1.377,2.997,6.000
-1.380,2.972,6.000
-1.395,2.973,6.000
-1.398,2.948,6.000
-1.415,2.956,6.000
-1.427,2.950,6.000
-1.423,2.913,6.000
-1.533,3.107,6.000
-1.575,3.162,6.000
-1.591,3.161,6.000
-1.523,2.996,6.000
-1.538,2.997,6.000
-1.552,2.997,6.000
-1.567,2.997,6.000
-1.579,2.990,6.000
-1.588,2.978,6.000
-1.599,2.972,6.000
-1.624,2.990,6.000
-1.711,3.121,6.000
-1.714,3.096,6.000
-1.785,3.195,6.000
-1.745,3.095,6.000
-1.757,3.088,6.000
-1.772,3.087,6.000
-1.688,2.914,6.000
-1.693,2.895,6.000
-1.711,2.901,6.000
-1.821,3.058,6.000
-1.819,3.028,6.000
-1.745,2.880,6.000
-1.760,2.879,6.000
-1.772,2.872,6.000
-1.783,2.865,6.000
-1.790,2.853,6.000
-1.805,2.851,6.000
-1.817,2.844,6.000
-1.839,2.855,6.000
-1.835,2.824,6.000
-1.899,2.898,6.000
-1.907,2.884,6.000
-1.872,2.808,6.000
-2.027,3.015,6.000
-2.050,3.023,6.000
-2.047,2.993,6.000
-2.070,3.002,6.000
-1.994,2.867,6.000
-2.017,2.875,6.000
-2.028,2.868,6.000
-2.015,2.826,6.000
-2.034,2.829,6.000
-2.140,2.952,6.000
-2.061,2.819,6.000
-2.047,2.778,6.000
-2.206,2.969,6.000
-2.174,2.902,6.000
-2.249,2.978,6.000
-2.111,2.772,6.000
-2.273,2.960,6.000
-2.276,2.940,6.000
-2.300,2.947,6.000
-2.222,2.824,6.000
-2.203,2.778,6.000
-2.239,2.801,6.000
-2.346,2.910,6.000
-2.357,2.901,6.000
-2.264,2.764,6.000
-2.270,2.750,6.000
-2.273,2.731,6.000
-2.279,2.717,6.000
-2.307,2.728,6.000
-2.313,2.714,6.000
-2.315,2.695,6.000
-2.326,2.685,6.000
-2.341,2.681,6.000
-2.356,2.677,6.000
-2.353,2.653,6.000
-2.483,2.777,6.000
-2.494,2.767,6.000
-2.522,2.777,6.000
-2.444,2.670,6.000
-2.445,2.650,6.000
-2.496,2.685,6.000
-2.521,2.689,6.000
-2.508,2.655,6.000
-2.532,2.660,6.000
-2.534,2.640,6.000
-2.558,2.644,6.000
-2.623,2.691,6.000
-2.634,2.680,6.000
-2.621,2.647,6.000
-2.632,2.636,6.000
-2.670,2.654,6.000
-2.657,2.620,6.000
-2.681,2.623,6.000
-2.682,2.604,6.000
-2.813,2.709,6.000
-2.828,2.702,6.000
-2.788,2.643,6.000
-2.913,2.740,6.000
-2.942,2.746,6.000
-2.934,2.717,6.000
-2.829,2.599,6.000
-2.848,2.597,6.000
-2.859,2.585,6.000
-2.864,2.570,6.000
-2.874,2.559,6.000
-2.884,2.547,6.000
-2.994,2.623,6.000
-3.023,2.628,6.000
-3.019,2.604,6.000
-2.929,2.506,6.000
-2.934,2.490,6.000
-3.059,2.576,6.000
-3.064,2.560,6.000
-2.963,2.455,6.000
-2.957,2.431,6.000
-2.987,2.436,6.000
-3.046,2.464,6.000
-3.134,2.515,6.000
-3.010,2.397,6.000
-3.020,2.385,6.000
-3.024,2.369,6.000
-2.941,2.286,6.000
-2.981,2.298,6.000
-3.001,2.294,6.000
-2.984,2.263,6.000
-2.998,2.255,6.000
-3.001,2.239,6.000
-3.015,2.231,6.000
-3.019,2.215,6.000
-3.033,2.207,6.000
-3.042,2.195,6.000
-2.970,2.126,6.000
-2.984,2.118,6.000
-3.099,2.182,6.000
-3.129,2.184,6.000
-3.019,2.091,6.000
-3.011,2.067,6.000
-3.019,2.056,6.000
-3.027,2.044,6.000
-2.975,1.991,6.000
-2.960,1.965,6.000
-2.951,1.942,6.000
-3.120,2.035,6.000
-3.150,2.037,6.000
-3.141,2.014,6.000
-3.021,1.920,6.000
-3.005,1.894,6.000
-3.024,1.889,6.000
-3.032,1.878,6.000
-3.010,1.848,6.000
-3.182,1.936,6.000
-3.059,1.845,6.000
-2.985,1.785,6.000
-3.062,1.814,6.000
-3.075,1.806,6.000
-3.231,1.880,6.000
-3.233,1.864,6.000
-3.043,1.739,6.000
-3.097,1.754,6.000
-3.087,1.732,6.000
-3.105,1.726,6.000
-3.124,1.720,6.000
-3.287,1.794,6.000
-3.277,1.771,6.000
-3.167,1.696,6.000
-3.132,1.662,6.000
-3.169,1.665,6.000
-3.145,1.637,6.000
-3.176,1.637,6.000
-3.176,1.621,6.000
-3.170,1.603,6.000
-3.278,1.641,6.000
-3.201,1.587,6.000
-3.279,1.609,6.000
-3.309,1.608,6.000
-3.292,1.584,6.000
-3.451,1.644,6.000
-3.457,1.630,6.000
-3.334,1.556,6.000
-3.476,1.605,6.000
-3.322,1.519,6.000
-3.316,1.500,6.000
-3.370,1.509,6.000
-3.352,1.485,6.000
-3.346,1.466,6.000
-3.345,1.450,6.000
-3.507,1.504,6.000
-3.530,1.498,6.000
-3.368,1.413,6.000
-3.374,1.400,6.000
-3.397,1.394,6.000
-3.518,1.428,6.000
-3.402,1.365,6.000
-3.408,1.352,6.000
-3.401,1.334,6.000
-3.424,1.327,6.000
-3.417,1.309,6.000
-3.310,1.253,6.000
-3.365,1.259,6.000
-3.326,1.230,6.000
-3.350,1.223,6.000
-3.367,1.215,6.000
-3.509,1.250,6.000
-3.364,1.184,6.000
-3.368,1.171,6.000
-3.392,1.164,6.000
-3.358,1.138,6.000
-3.539,1.183,6.000
-3.399,1.122,6.000
-3.404,1.108,6.000
-3.559,1.144,6.000
-3.393,1.076,6.000
-3.359,1.050,6.000
-3.528,1.088,6.000
-3.328,1.012,6.000
-3.473,1.041,6.000
-3.413,1.009,6.000
-3.488,1.016,6.000
-3.415,0.980,6.000
-3.360,0.950,6.000
-3.519,0.980,6.000
-3.341,0.916,6.000
-3.345,0.903,6.000
-3.348,0.890,6.000
-3.515,0.919,6.000
-3.620,0.932,6.000
-3.378,0.856,6.000
-3.401,0.847,6.000
-3.424,0.839,6.000
-3.348,0.806,6.000
-3.477,0.823,6.000
-3.493,0.812,6.000
-3.384,0.773,6.000
-3.480,0.780,6.000
-3.619,0.796,6.000
-3.492,0.754,6.000
-3.631,0.769,6.000
-3.399,0.706,6.000
-3.663,0.746,6.000
-3.582,0.715,6.000
-3.473,0.679,6.000
-3.403,0.651,6.000
-3.668,0.687,6.000
-3.664,0.671,6.000
-3.424,0.613,6.000
-3.446,0.604,6.000
-3.555,0.608,6.000
-3.511,0.586,6.000
-3.493,0.569,6.000
-3.515,0.559,6.000
-3.517,0.545,6.000
-3.539,0.534,6.000
-3.522,0.517,6.000
-3.537,0.505,6.000
-3.696,0.513,6.000
-3.724,0.502,6.000
-3.523,0.461,6.000
-3.689,0.468,6.000
-3.546,0.436,6.000
-3.705,0.441,6.000
-3.523,0.405,6.000
-3.558,0.395,6.000
-3.678,0.393,6.000
-3.705,0.382,6.000
-3.595,0.356,6.000
-3.636,0.346,6.000
-3.644,0.332,6.000
-3.646,0.318,6.000
-3.634,0.302,6.000
-3.635,0.288,6.000
-3.818,0.287,6.000
-3.825,0.273,6.000
-3.826,0.258,6.000
-3.632,0.230,6.000
-3.653,0.217,6.000
-3.654,0.203,6.000
-3.654,0.189,6.000
-3.642,0.174,6.000
-3.656,0.160,6.000
-3.832,0.153,6.000
-3.947,0.142,6.000
-3.657,0.117,6.000
-3.658,0.102,6.000
-3.808,0.092,6.000
-3.659,0.074,6.000
-3.809,0.062,6.000
-3.666,0.045,6.000
-3.653,0.031,6.000
-3.822,0.017,6.000
-3.646,0.002,6.000
-3.613,-0.012,6.000
-3.666,-0.027,6.000
-3.646,-0.041,6.000
-4.104,-0.062,6.000
-3.815,-0.073,6.000
-3.665,-0.085,6.000
-3.658,-0.099,6.000
-3.658,-0.113,6.000
-3.657,-0.128,6.000
-3.813,-0.148,6.000
-3.883,-0.166,6.000
-3.655,-0.171,6.000
-3.628,-0.184,6.000
-3.842,-0.210,6.000
-3.653,-0.214,6.000
-3.639,-0.227,6.000
-3.664,-0.243,6.000
-3.813,-0.268,6.000
-3.676,-0.273,6.000
-3.655,-0.286,6.000
-3.803,-0.313,6.000
-3.646,-0.314,6.000
-3.651,-0.329,6.000
-3.610,-0.340,6.000
-3.615,-0.354,6.000
-3.534,-0.361,6.000
-3.540,-0.375,6.000
-3.703,-0.407,6.000
-3.543,-0.404,6.000
-3.542,-0.418,6.000
-3.717,-0.453,6.000
-3.525,-0.444,6.000
-3.707,-0.481,6.000
-3.718,-0.498,6.000
-3.533,-0.487,6.000
-3.464,-0.491,6.000
-3.542,-0.517,6.000
-3.684,-0.552,6.000
-3.531,-0.544,6.000
-3.509,-0.554,6.000
-3.709,-0.601,6.000
-3.681,-0.611,6.000
-3.529,-0.600,6.000
-3.493,-0.608,6.000
-3.517,-0.627,6.000
-3.508,-0.639,6.000
-3.506,-0.653,6.000
-3.497,-0.666,6.000
-3.669,-0.713,6.000
-3.498,-0.694,6.000
-3.721,-0.754,6.000
-3.505,-0.725,6.000
-3.503,-0.738,6.000
-3.493,-0.751,6.000
-3.477,-0.761,6.000
-3.724,-0.831,6.000
-3.721,-0.846,6.000
-3.552,-0.822,6.000
-3.543,-0.834,6.000
-3.526,-0.845,6.000
-3.549,-0.865,6.000
-3.778,-0.937,6.000
-3.644,-0.919,6.000
-3.627,-0.930,6.000
-3.742,-0.975,6.000
-3.614,-0.957,6.000
-3.796,-1.021,6.000
-3.619,-0.989,6.000
-3.714,-1.030,6.000
-3.945,-1.111,6.000
-3.687,-1.054,6.000
-3.634,-1.054,6.000
-3.697,-1.089,6.000
-3.650,-1.090,6.000
-3.683,-1.116,6.000
-3.573,-1.098,6.000
-3.618,-1.127,6.000
-3.718,-1.174,6.000
-3.560,-1.140,6.000
-3.822,-1.240,6.000
-3.563,-1.172,6.000
-3.553,-1.184,6.000
-3.548,-1.198,6.000
-3.641,-1.245,6.000
-3.532,-1.224,6.000
-3.472,-1.218,6.000
-3.529,-1.254,6.000
-3.431,-1.234,6.000
-3.604,-1.312,6.000
-3.580,-1.320,6.000
-3.435,-1.281,6.000
-3.564,-1.345,6.000
-3.412,-1.304,6.000
-3.401,-1.315,6.000
-3.408,-1.333,6.000
-3.390,-1.341,6.000
-3.549,-1.420,6.000
-3.392,-1.373,6.000
-3.381,-1.384,6.000
-3.363,-1.392,6.000
-3.370,-1.410,6.000
-3.602,-1.524,6.000
-3.364,-1.439,6.000
-3.401,-1.471,6.000
-3.508,-1.533,6.000
-3.437,-1.518,6.000
-3.419,-1.527,6.000
-3.407,-1.537,6.000
-3.407,-1.553,6.000
-3.389,-1.561,6.000
-3.395,-1.580,6.000
-3.383,-1.591,6.000
-3.533,-1.678,6.000
-3.532,-1.695,6.000
-3.352,-1.625,6.000
-3.363,-1.647,6.000
-3.345,-1.654,6.000
-3.572,-1.784,6.000
-3.355,-1.692,6.000
-3.337,-1.699,6.000
-3.416,-1.757,6.000
-3.341,-1.734,6.000
-3.453,-1.810,6.000
-3.480,-1.841,6.000
-3.309,-1.768,6.000
-3.302,-1.781,6.000
-3.300,-1.797,6.000
-3.293,-1.810,6.000
-3.286,-1.822,6.000
-3.268,-1.829,6.000
-3.395,-1.918,6.000
-3.276,-1.867,6.000
-3.390,-1.951,6.000
-3.377,-1.961,6.000
-3.231,-1.893,6.000
-3.229,-1.909,6.000
-3.199,-1.908,6.000
-3.203,-1.927,6.000
-3.212,-1.950,6.000
-3.325,-2.036,6.000
-3.208,-1.982,6.000
-3.183,-1.984,6.000
-3.322,-2.089,6.000
-3.179,-2.016,6.000
-3.171,-2.029,6.000
-3.157,-2.038,6.000
-3.155,-2.054,6.000
-3.264,-2.143,6.000
-3.122,-2.068,6.000
-3.103,-2.073,6.000
-3.244,-2.185,6.000
-3.070,-2.086,6.000
-3.095,-2.120,6.000
-3.092,-2.136,6.000
-3.072,-2.141,6.000
-3.059,-2.149,6.000
-3.114,-2.206,6.000
-3.010,-2.150,6.000
-2.980,-2.147,6.000
-3.040,-2.208,6.000
-3.166,-2.319,6.000
-3.044,-2.247,6.000
-3.009,-2.240,6.000
-3.010,-2.260,6.000
-3.063,-2.318,6.000
-2.977,-2.271,6.000
-3.085,-2.373,6.000
-2.975,-2.307,6.000
-2.919,-2.282,6.000
-2.926,-2.306,6.000
-2.932,-2.329,6.000
-2.902,-2.325,6.000
-3.043,-2.457,6.000
-3.034,-2.469,6.000
-2.920,-2.396,6.000
-2.901,-2.399,6.000
-3.014,-2.513,6.000
-2.872,-2.413,6.000
-2.867,-2.429,6.000
-2.955,-2.524,6.000
-2.843,-2.447,6.000
-2.829,-2.454,6.000
-2.809,-2.456,6.000
-2.814,-2.480,6.000
-2.785,-2.474,6.000
-2.923,-2.618,6.000
-2.785,-2.513,6.000
-2.765,-2.516,6.000
-2.770,-2.540,6.000
-2.745,-2.537,6.000
-2.935,-2.734,6.000
-2.796,-2.625,6.000
-2.795,-2.645,6.000
-2.821,-2.691,6.000
-2.765,-2.658,6.000
-2.750,-2.664,6.000
-2.866,-2.799,6.000
-2.733,-2.690,6.000
-2.839,-2.817,6.000
-2.712,-2.712,6.000
-2.715,-2.736,6.000
-2.788,-2.832,6.000
-2.689,-2.753,6.000
-2.673,-2.759,6.000
-2.781,-2.892,6.000
-2.761,-2.894,6.000
-2.762,-2.918,6.000
-2.625,-2.796,6.000
-2.623,-2.815,6.000
-2.711,-2.932,6.000
-2.605,-2.840,6.000
-2.585,-2.841,6.000
-2.579,-2.856,6.000
-2.563,-2.861,6.000
-2.548,-2.867,6.000
-2.545,-2.886,6.000
-2.525,-2.887,6.000
-2.518,-2.901,6.000
-2.506,-2.911,6.000
-2.646,-3.097,6.000
-2.496,-2.945,6.000
-2.476,-2.945,6.000
-2.460,-2.950,6.000
-2.436,-2.945,6.000
-2.433,-2.965,6.000
-2.425,-2.979,6.000
-2.473,-3.063,6.000
-2.394,-2.988,6.000
-2.334,-2.937,6.000
-2.480,-3.146,6.000
-2.362,-3.021,6.000
-2.307,-2.974,6.000
-2.339,-3.040,6.000
-2.268,-2.972,6.000
-2.357,-3.114,6.000
-2.295,-3.057,6.000
-2.244,-3.014,6.000
-2.275,-3.080,6.000
-2.296,-3.135,6.000
-2.284,-3.144,6.000
-2.204,-3.059,6.000
-2.185,-3.057,6.000
-2.294,-3.238,6.000
-2.168,-3.085,6.000
-2.137,-3.067,6.000
-2.114,-3.059,6.000
-2.211,-3.227,6.000
-2.206,-3.246,6.000
-2.089,-3.100,6.000
-2.105,-3.151,6.000
-2.125,-3.208,6.000
-2.216,-3.374,6.000
-2.086,-3.203,6.000
-2.056,-3.184,6.000
-2.126,-3.321,6.000
-2.065,-3.254,6.000
-2.025,-3.219,6.000
-2.036,-3.265,6.000
-2.027,-3.279,6.000
-2.080,-3.394,6.000
-2.021,-3.327,6.000
-2.001,-3.324,6.000
-2.049,-3.435,6.000
-2.051,-3.469,6.000
-2.087,-3.562,6.000
-2.015,-3.469,6.000
-1.923,-3.341,6.000
-1.906,-3.343,6.000
-1.964,-3.476,6.000
-1.889,-3.374,6.000
-1.949,-3.514,6.000
-1.938,-3.527,6.000
-1.831,-3.362,6.000
-1.824,-3.381,6.000
-1.811,-3.388,6.000
-1.797,-3.395,6.000
-1.796,-3.425,6.000
-1.773,-3.415,6.000
-1.757,-3.416,6.000
-1.752,-3.440,6.000
-1.837,-3.642,6.000
-1.722,-3.448,6.000
-1.700,-3.438,6.000
-1.767,-3.608,6.000
-1.679,-3.462,6.000
-1.728,-3.600,6.000
-1.652,-3.475,6.000
-1.641,-3.488,6.000
-1.688,-3.626,6.000
-1.613,-3.500,6.000
-1.602,-3.513,6.000
-1.580,-3.501,6.000
-1.572,-3.519,6.000
-1.609,-3.641,6.000
-1.549,-3.543,6.000
-1.520,-3.514,6.000
-1.514,-3.538,6.000
-1.561,-3.689,6.000
-1.488,-3.555,6.000
-1.489,-3.596,6.000
-1.456,-3.555,6.000
-1.446,-3.573,6.000
-1.428,-3.566,6.000
-1.414,-3.572,6.000
-1.459,-3.730,6.000
-1.385,-3.583,6.000
-1.365,-3.570,6.000
-1.364,-3.612,6.000
-1.339,-3.587,6.000
-1.388,-3.764,6.000
-1.315,-3.609,6.000
-1.296,-3.603,6.000
-1.343,-3.780,6.000
-1.270,-3.619,6.000
-1.301,-3.755,6.000
-1.246,-3.641,6.000
-1.231,-3.646,6.000
-1.213,-3.638,6.000
-1.254,-3.811,6.000
-1.239,-3.816,6.000
-1.176,-3.671,6.000
-1.154,-3.651,6.000
-1.185,-3.800,6.000
-1.119,-3.641,6.000
-1.113,-3.670,6.000
-1.100,-3.681,6.000
-1.094,-3.716,6.000
-1.120,-3.859,6.000
-1.058,-3.700,6.000
-1.045,-3.710,6.000
-1.068,-3.848,6.000
-1.028,-3.761,6.000
-0.980,-3.641,6.000
-0.957,-3.613,6.000
-0.945,-3.624,6.000
-0.934,-3.640,6.000
-0.957,-3.793,6.000
-0.908,-3.660,6.000
-0.924,-3.788,6.000
-0.912,-3.804,6.000
-0.857,-3.638,6.000
-0.879,-3.798,6.000
-0.827,-3.639,6.000
-0.817,-3.661,6.000
-0.837,-3.821,6.000
-0.822,-3.824,6.000
-0.761,-3.606,6.000
-0.742,-3.590,6.000
-0.726,-3.580,6.000
-0.714,-3.596,6.000
-0.694,-3.566,6.000
-0.684,-3.588,6.000
-0.671,-3.597,6.000
-0.658,-3.606,6.000
-0.692,-3.882,6.000
-0.625,-3.585,6.000
-0.616,-3.620,6.000
-0.602,-3.623,6.000
-0.613,-3.779,6.000
-0.599,-3.788,6.000
-0.556,-3.610,6.000
-0.542,-3.612,6.000
-0.559,-3.826,6.000
-0.514,-3.616,6.000
-0.500,-3.625,6.000
-0.486,-3.627,6.000
-0.503,-3.866,6.000
-0.492,-3.906,6.000
-0.456,-3.736,6.000
-0.440,-3.725,6.000
-0.443,-3.880,6.000
-0.409,-3.716,6.000
-0.393,-3.704,6.000
-0.398,-3.898,6.000
-0.368,-3.753,6.000
-0.354,-3.760,6.000
-0.330,-3.651,6.000
-0.314,-3.639,6.000
-0.300,-3.647,6.000
-0.284,-3.628,6.000
-0.285,-3.825,6.000
-0.283,-4.020,6.000
-0.243,-3.658,6.000
-0.228,-3.639,6.000
-0.215,-3.666,6.000
-0.194,-3.554,6.000
-0.190,-3.746,6.000
-0.167,-3.569,6.000
-0.162,-3.767,6.000
-0.139,-3.563,6.000
-0.124,-3.550,6.000
-0.116,-3.723,6.000
-0.097,-3.571,6.000
-0.083,-3.572,6.000
-0.068,-3.545,6.000
-0.053,-3.443,6.000
-0.041,-3.626,6.000
-0.027,-3.653,6.000
-0.013,-3.646,6.000
0.001,-3.485,6.000
0.015,-3.485,6.000
0.028,-3.457,6.000
0.042,-3.485,6.000
0.058,-3.626,6.000
0.073,-3.659,6.000
0.084,-3.491,6.000
0.097,-3.470,6.000
0.110,-3.456,6.000
0.124,-3.462,6.000
0.138,-3.475,6.000
0.152,-3.475,6.000
0.166,-3.481,6.000
0.183,-3.561,6.000
0.205,-3.693,6.000
0.211,-3.546,6.000
0.225,-3.559,6.000
0.250,-3.723,6.000
0.253,-3.557,6.000
0.267,-3.556,6.000
0.281,-3.555,6.000
0.296,-3.561,6.000
0.309,-3.546,6.000
0.338,-3.710,6.000
0.347,-3.650,6.000
0.359,-3.628,6.000
0.371,-3.607,6.000
0.405,-3.794,6.000
0.422,-3.805,6.000
0.417,-3.629,6.000
0.432,-3.634,6.000
0.444,-3.619,6.000
0.471,-3.715,6.000
0.496,-3.790,6.000
0.488,-3.620,6.000
0.517,-3.728,6.000
0.529,-3.707,6.000
0.545,-3.711,6.000
0.560,-3.716,6.000
0.573,-3.701,6.000
0.587,-3.698,6.000
0.603,-3.702,6.000
0.616,-3.694,6.000
0.630,-3.685,6.000
0.673,-3.847,6.000
0.662,-3.699,6.000
0.678,-3.703,6.000
0.696,-3.719,6.000
0.718,-3.754,6.000
0.723,-3.701,6.000
0.714,-3.582,6.000
0.748,-3.676,6.000
0.742,-3.576,6.000
0.758,-3.580,6.000
0.771,-3.571,6.000
0.780,-3.548,6.000
0.794,-3.545,6.000
0.813,-3.561,6.000
0.825,-3.552,6.000
0.859,-3.631,6.000
0.829,-3.447,6.000
0.843,-3.444,6.000
0.900,-3.615,6.000
0.914,-3.611,6.000
0.875,-3.401,6.000
0.876,-3.352,6.000
0.891,-3.355,6.000
0.913,-3.384,6.000
0.914,-3.335,6.000
0.974,-3.500,6.000
0.993,-3.515,6.000
0.925,-3.224,6.000
0.939,-3.227,6.000
0.956,-3.237,6.000
0.961,-3.206,6.000
0.987,-3.249,6.000
1.000,-3.245,6.000
0.977,-3.128,6.000
1.044,-3.296,6.000
1.006,-3.133,6.000
1.012,-3.109,6.000
1.083,-3.284,6.000
1.041,-3.115,6.000
1.053,-3.111,6.000
1.061,-3.093,6.000
1.071,-3.082,6.000
1.094,-3.111,6.000
1.118,-3.140,6.000
1.114,-3.089,6.000
1.129,-3.091,6.000
1.136,-3.074,6.000
1.247,-3.334,6.000
1.158,-3.058,6.000
1.177,-3.073,6.000
1.187,-3.062,6.000
1.193,-3.044,6.000
1.216,-3.066,6.000
1.220,-3.041,6.000
1.297,-3.198,6.000
1.252,-3.051,6.000
1.280,-3.085,6.000
1.303,-3.106,6.000
1.382,-3.258,6.000
1.338,-3.121,6.000
1.342,-3.097,6.000
1.349,-3.078,6.000
1.366,-3.086,6.000
1.381,-3.087,6.000
1.385,-3.062,6.000
1.403,-3.070,6.000
1.412,-3.058,6.000
1.502,-3.219,6.000
1.436,-3.047,6.000
1.442,-3.028,6.000
1.460,-3.035,6.000
1.478,-3.042,6.000
1.474,-3.005,6.000
1.595,-3.219,6.000
1.507,-3.012,6.000
1.525,-3.018,6.000
1.543,-3.025,6.000
1.543,-2.994,6.000
1.519,-2.920,6.000
1.524,-2.901,6.000
1.542,-2.908,6.000
1.638,-3.060,6.000
1.568,-2.901,6.000
1.576,-2.889,6.000
1.624,-2.950,6.000
1.643,-2.956,6.000
1.547,-2.759,6.000
1.562,-2.759,6.000
1.569,-2.746,6.000
1.590,-2.759,6.000
1.690,-2.905,6.000
1.608,-2.740,6.000
1.582,-2.672,6.000
1.582,-2.647,6.000
1.592,-2.641,6.000
1.599,-2.628,6.000
1.707,-2.781,6.000
1.721,-2.780,6.000
1.637,-2.621,6.000
1.640,-2.603,6.000
1.611,-2.534,6.000
1.726,-2.693,6.000
1.714,-2.650,6.000
1.632,-2.503,6.000
1.634,-2.484,6.000
1.623,-2.446,6.000
1.653,-2.471,6.000
1.765,-2.616,6.000
1.673,-2.458,6.000
1.695,-2.470,6.000
1.734,-2.505,6.000
1.714,-2.456,6.000
1.711,-2.431,6.000
1.725,-2.431,6.000
1.722,-2.406,6.000
1.847,-2.559,6.000
1.874,-2.575,6.000
1.759,-2.397,6.000
1.777,-2.402,6.000
1.782,-2.389,6.000
1.809,-2.406,6.000
1.805,-2.381,6.000
1.814,-2.374,6.000
1.806,-2.343,6.000
1.932,-2.486,6.000
1.851,-2.364,6.000
1.847,-2.339,6.000
1.838,-2.309,6.000
1.988,-2.478,6.000
1.874,-2.317,6.000
1.874,-2.298,6.000
1.897,-2.308,6.000
1.902,-2.295,6.000
2.037,-2.439,6.000
1.915,-2.274,6.000
1.943,-2.289,6.000
1.933,-2.259,6.000
2.070,-2.401,6.000
2.070,-2.382,6.000
1.983,-2.264,6.000
1.963,-2.223,6.000
1.991,-2.237,6.000
1.975,-2.202,6.000
2.004,-2.216,6.000
2.008,-2.203,6.000
2.006,-2.184,6.000
2.030,-2.192,6.000
2.148,-2.302,6.000
2.052,-2.182,6.000
2.040,-2.152,6.000
2.059,-2.155,6.000
2.052,-2.131,6.000
2.086,-2.149,6.000
2.212,-2.261,6.000
2.221,-2.252,6.000
2.106,-2.119,6.000
2.177,-2.173,6.000
2.191,-2.170,6.000
2.183,-2.146,6.000
2.228,-2.173,6.000
2.221,-2.149,6.000
2.323,-2.230,6.000
2.347,-2.236,6.000
2.241,-2.118,6.000
2.255,-2.114,6.000
2.252,-2.095,6.000
2.408,-2.222,6.000
2.274,-2.082,6.000
2.304,-2.093,6.000
2.366,-2.132,6.000
2.298,-2.055,6.000
2.451,-2.175,6.000
2.523,-2.221,6.000
2.409,-2.104,6.000
2.407,-2.085,6.000
2.437,-2.094,6.000
2.396,-2.043,6.000
2.442,-2.066,6.000
2.445,-2.052,6.000
2.599,-2.164,6.000
2.417,-1.996,6.000
2.379,-1.949,6.000
2.364,-1.922,6.000
2.389,-1.926,6.000
2.652,-2.121,6.000
2.416,-1.916,6.000
2.423,-1.907,6.000
2.436,-1.902,6.000
2.426,-1.879,6.000
2.571,-1.974,6.000
2.441,-1.860,6.000
2.448,-1.850,6.000
2.605,-1.953,6.000
2.538,-1.887,6.000
2.411,-1.777,6.000
2.382,-1.742,6.000
2.407,-1.745,6.000
2.438,-1.753,6.000
2.420,-1.726,6.000
2.617,-1.851,6.000
2.595,-1.821,6.000
2.422,-1.685,6.000
2.610,-1.800,6.000
2.448,-1.674,6.000
2.473,-1.677,6.000
2.467,-1.659,6.000
2.486,-1.658,6.000
2.692,-1.780,6.000
2.585,-1.694,6.000
2.573,-1.672,6.000
2.598,-1.674,6.000
2.598,-1.660,6.000
2.623,-1.661,6.000
2.605,-1.636,6.000
2.758,-1.717,6.000
2.795,-1.724,6.000
2.637,-1.612,6.000
2.643,-1.602,6.000
2.662,-1.599,6.000
2.791,-1.662,6.000
2.668,-1.574,6.000
2.680,-1.568,6.000
2.674,-1.550,6.000
2.842,-1.632,6.000
2.686,-1.529,6.000
2.686,-1.515,6.000
2.854,-1.595,6.000
2.710,-1.501,6.000
2.773,-1.521,6.000
2.798,-1.521,6.000
2.953,-1.590,6.000
2.727,-1.454,6.000
2.713,-1.433,6.000
2.891,-1.513,6.000
2.795,-1.449,6.000
2.769,-1.421,6.000
2.781,-1.414,6.000
2.838,-1.429,6.000
2.746,-1.369,6.000
2.976,-1.469,6.000
2.944,-1.439,6.000
2.789,-1.349,6.000
2.761,-1.323,6.000
2.786,-1.321,6.000
2.947,-1.383,6.000
2.959,-1.375,6.000
2.821,-1.297,6.000
2.740,-1.247,6.000
2.994,-1.348,6.000
2.850,-1.270,6.000
2.828,-1.247,6.000
2.826,-1.233,6.000
2.844,-1.227,6.000
2.988,-1.275,6.000
2.840,-1.199,6.000
2.852,-1.191,6.000
2.870,-1.185,6.000
2.854,-1.166,6.000
2.926,-1.182,6.000
2.864,-1.143,6.000
2.772,-1.094,6.000
2.825,-1.102,6.000
2.774,-1.070,6.000
2.813,-1.072,6.000
2.796,-1.053,6.000
2.958,-1.101,6.000
2.962,-1.089,6.000
2.808,-1.020,6.000
3.004,-1.078,6.000
2.802,-0.993,6.000
2.806,-0.982,6.000
3.104,-1.073,6.000
2.849,-0.972,6.000
2.825,-0.951,6.000
2.786,-0.926,6.000
2.825,-0.927,6.000
3.002,-0.972,6.000
2.853,-0.911,6.000
2.857,-0.900,6.000
3.027,-0.941,6.000
2.821,-0.865,6.000
2.860,-0.864,6.000
2.828,-0.842,6.000
2.846,-0.836,6.000
2.969,-0.859,6.000
3.069,-0.875,6.000
2.869,-0.806,6.000
3.048,-0.843,6.000
2.876,-0.783,6.000
2.864,-0.768,6.000
2.875,-0.759,6.000
3.061,-0.795,6.000
3.022,-0.773,6.000
2.898,-0.729,6.000
3.077,-0.761,6.000
2.903,-0.706,6.000
3.083,-0.737,6.000
2.909,-0.683,6.000
2.890,-0.666,6.000
3.120,-0.707,6.000
2.924,-0.650,6.000
2.912,-0.636,6.000
2.900,-0.621,6.000
2.917,-0.613,6.000
2.919,-0.601,6.000
3.107,-0.627,6.000
2.909,-0.575,6.000
3.112,-0.603,6.000
3.022,-0.573,6.000
3.039,-0.564,6.000
3.210,-0.583,6.000
2.993,-0.531,6.000
3.088,-0.535,6.000
3.245,-0.549,6.000
3.042,-0.503,6.000
3.073,-0.495,6.000
3.053,-0.480,6.000
3.033,-0.465,6.000
3.241,-0.483,6.000
3.030,-0.440,6.000
3.103,-0.438,6.000
3.062,-0.420,6.000
3.071,-0.409,6.000
3.243,-0.419,6.000
3.110,-0.389,6.000
3.068,-0.372,6.000
3.290,-0.385,6.000
3.143,-0.356,6.000
3.201,-0.350,6.000
3.160,-0.333,6.000
3.288,-0.333,6.000
3.352,-0.326,6.000
3.178,-0.297,6.000
3.368,-0.301,6.000
3.173,-0.271,6.000
3.145,-0.256,6.000
3.196,-0.248,6.000
3.352,-0.247,6.000
3.184,-0.222,6.000
3.178,-0.209,6.000
3.334,-0.206,6.000
3.186,-0.184,6.000
3.151,-0.170,6.000
3.173,-0.158,6.000
3.174,-0.146,6.000
3.196,-0.134,6.000
3.175,-0.121,6.000
3.352,-0.114,6.000
3.183,-0.096,6.000
3.183,-0.084,6.000
3.184,-0.071,6.000
3.353,-0.062,6.000
3.184,-0.046,6.000
3.177,-0.034,6.000
3.148,-0.021,6.000
3.163,-0.009,6.500
3.184,0.004,6.500
3.241,0.017,6.500
3.184,0.029,6.500
3.199,0.042,6.500
3.184,0.054,6.500
3.177,0.066,6.500
3.360,0.083,6.500
3.169,0.091,6.500
3.190,0.104,6.500
3.310,0.121,6.500
3.182,0.129,6.500
3.344,0.149,6.500
3.343,0.162,6.500
3.173,0.166,6.500
3.187,0.179,6.500
3.157,0.190,6.500
3.178,0.204,6.500
3.381,0.230,6.500
3.162,0.228,6.500
3.168,0.241,6.500
3.196,0.256,6.500
3.180,0.267,6.500
3.172,0.279,6.500
3.291,0.302,6.500
3.163,0.303,6.500
3.090,0.308,6.500
3.045,0.316,6.500
3.073,0.331,6.500
3.361,0.375,6.500
3.332,0.385,6.500
3.169,0.379,6.500
3.103,0.384,6.500
3.320,0.424,6.500
3.164,0.417,6.500
3.344,0.454,6.500
3.147,0.439,6.500
3.166,0.455,6.500
3.346,0.494,6.500
3.316,0.503,6.500
3.147,0.490,6.500
3.291,0.526,6.500
3.143,0.515,6.500
3.141,0.527,6.500
3.306,0.568,6.500
3.303,0.581,6.500
3.155,0.568,6.500
3.153,0.580,6.500
3.296,0.620,6.500
3.127,0.601,6.500
3.278,0.643,6.500
3.122,0.625,6.500
3.099,0.633,6.500
3.103,0.647,6.500
3.101,0.659,6.500
3.098,0.671,6.500
3.383,0.747,6.500
3.360,0.756,6.500
3.146,0.721,6.500
3.184,0.743,6.500
3.195,0.758,6.500
3.341,0.807,6.500
3.189,0.783,6.500
3.348,0.836,6.500
3.190,0.810,6.500
3.180,0.821,6.500
3.149,0.826,6.500
3.173,0.846,6.500
3.337,0.904,6.500
3.354,0.922,6.500
3.156,0.881,6.500
3.159,0.896,6.500
3.156,0.908,6.500
3.146,0.919,6.500
3.169,0.939,6.500
3.152,0.947,6.500
3.121,0.951,6.500
3.151,0.974,6.500
3.073,0.963,6.500
3.035,0.964,6.500
3.031,0.976,6.500
3.020,0.986,6.500
3.204,1.060,6.500
3.006,1.007,6.500
2.981,1.012,6.500
3.191,1.098,6.500
3.007,1.048,6.500
3.044,1.074,6.500
2.992,1.069,6.500
3.161,1.143,6.500
2.889,1.057,6.500
3.053,1.131,6.500
2.860,1.072,6.500
2.883,1.094,6.500
2.872,1.103,6.500
2.928,1.138,6.500
2.774,1.090,6.500
2.770,1.101,6.500
2.751,1.106,6.500
3.152,1.282,6.500
2.667,1.097,6.500
2.827,1.176,6.500
2.630,1.106,6.500
2.633,1.119,6.500
2.635,1.133,6.500
2.821,1.226,6.500
2.619,1.150,6.500
2.724,1.209,6.500
2.527,1.133,6.500
2.522,1.143,6.500
2.696,1.235,6.500
2.698,1.249,6.500
2.502,1.170,6.500
2.497,1.180,6.500
2.582,1.232,6.500
2.570,1.239,6.500
2.379,1.158,6.500
2.360,1.160,6.500
2.376,1.180,6.500
2.372,1.189,6.500
2.552,1.293,6.500
2.527,1.292,6.500
2.413,1.246,6.500
2.380,1.241,6.500
2.362,1.243,6.500
2.533,1.346,6.500
2.366,1.269,6.500
2.367,1.282,6.500
2.321,1.269,6.500
2.492,1.375,6.500
2.499,1.392,6.500
2.481,1.394,6.500
2.308,1.309,6.500
2.330,1.334,6.500
2.304,1.331,6.500
2.204,1.285,6.500
2.361,1.388,6.500
2.315,1.374,6.500
2.195,1.315,6.500
2.224,1.344,6.500
2.178,1.328,6.500
2.273,1.398,6.500
2.437,1.512,6.500
2.183,1.366,6.500
2.144,1.353,6.500
2.158,1.374,6.500
2.317,1.488,6.500
2.154,1.396,6.500
2.293,1.498,6.500
2.150,1.417,6.500
2.017,1.341,6.500
2.079,1.394,6.500
2.185,1.477,6.500
2.022,1.378,6.500
2.016,1.386,6.500
2.148,1.490,6.500
1.898,1.327,6.500
1.920,1.354,6.500
2.072,1.474,6.500
2.034,1.459,6.500
1.864,1.347,6.500
1.878,1.369,6.500
1.886,1.386,6.500
2.037,1.509,6.500
1.960,1.465,6.500
1.777,1.339,6.500
1.765,1.341,6.500
1.923,1.473,6.500
1.755,1.355,6.500
1.931,1.503,6.500
1.744,1.368,6.500
2.099,1.660,6.500
1.733,1.382,6.500
1.907,1.533,6.500
1.761,1.427,6.500
1.717,1.402,6.500
1.756,1.446,6.500
1.877,1.558,6.500
1.700,1.422,6.500
1.714,1.445,6.500
1.883,1.600,6.500
1.852,1.587,6.500
1.678,1.449,6.500
1.703,1.483,6.500
1.691,1.484,6.500
1.851,1.637,6.500
1.655,1.475,6.500
1.674,1.504,6.500
1.849,1.675,6.500
1.668,1.523,6.500
1.668,1.535,6.500
1.656,1.536,6.500
1.564,1.462,6.500
1.799,1.694,6.500
1.626,1.544,6.500
1.535,1.469,6.500
1.679,1.620,6.500
1.678,1.632,6.500
1.547,1.516,6.500
1.529,1.510,6.500
1.671,1.663,6.500
1.658,1.664,6.500
1.500,1.516,6.500
1.476,1.504,6.500
1.575,1.618,6.500
1.632,1.690,6.500
1.715,1.790,6.500
1.469,1.546,6.500
1.463,1.551,6.500
1.605,1.715,6.500
1.474,1.587,6.500
1.456,1.581,6.500
1.579,1.728,6.500
1.433,1.580,6.500
1.566,1.740,6.500
1.465,1.641,6.500
1.403,1.584,6.500
1.545,1.759,6.500
1.489,1.709,6.500
1.328,1.536,6.500
1.305,1.521,6.500
1.310,1.539,6.500
1.299,1.538,6.500
1.434,1.712,6.500
1.286,1.548,6.500
1.253,1.520,6.500
1.274,1.558,6.500
1.268,1.563,6.500
1.262,1.568,6.500
1.196,1.498,6.500
1.185,1.496,6.500
1.168,1.487,6.500
1.306,1.675,6.500
1.278,1.654,6.500
1.134,1.480,6.500
1.139,1.498,6.500
1.123,1.489,6.500
1.143,1.528,6.500
1.132,1.526,6.500
1.131,1.537,6.500
1.110,1.520,6.500
1.109,1.532,6.500
1.327,1.848,6.500
1.227,1.723,6.500
1.111,1.573,6.500
1.110,1.585,6.500
1.078,1.553,6.500
1.205,1.749,6.500
1.076,1.576,6.500
1.070,1.580,6.500
1.189,1.771,6.500
1.182,1.775,6.500
1.046,1.585,6.500
1.045,1.597,6.500
1.161,1.789,6.500
1.158,1.801,6.500
1.091,1.712,6.500
1.180,1.867,6.500
1.083,1.728,6.500
1.174,1.890,6.500
1.042,1.692,6.500
1.053,1.725,6.500
1.019,1.685,6.500
1.035,1.726,6.500
1.033,1.738,6.500
1.035,1.757,6.500
1.019,1.746,6.500
1.029,1.780,6.500
1.107,1.930,6.500
1.003,1.765,6.500
0.975,1.731,6.500
0.963,1.728,6.500
1.076,1.948,6.500
1.076,1.966,6.500
0.960,1.769,6.500
0.957,1.781,6.500
0.946,1.777,6.500
0.943,1.788,6.500
0.920,1.761,6.500
0.921,1.780,6.500
1.075,2.098,6.500
0.918,1.810,6.500
0.950,1.890,6.500
0.896,1.802,6.500
0.893,1.813,6.500
0.878,1.801,6.500
0.982,2.034,6.500
0.970,2.030,6.500
0.861,1.819,6.500
0.846,1.807,6.500
0.843,1.818,6.500
0.839,1.829,6.500
0.920,2.026,6.500
0.919,2.045,6.500
0.793,1.784,6.500
0.814,1.850,6.500
0.814,1.869,6.500
0.793,1.841,6.500
0.832,1.954,6.500
0.741,1.759,6.500
0.771,1.850,6.500
0.770,1.869,6.500
0.717,1.759,6.500
0.831,2.064,6.500
0.745,1.870,6.500
0.744,1.889,6.500
0.724,1.860,6.500
0.713,1.854,6.500
0.731,1.922,6.500
0.717,1.908,6.500
0.698,1.879,6.500
0.775,2.113,6.500
0.686,1.892,6.500
0.684,1.911,6.500
0.674,1.906,6.500
0.663,1.900,6.500
0.659,1.911,6.500
0.719,2.114,6.500
0.638,1.900,6.500
0.644,1.943,6.500
0.620,1.897,6.500
0.712,2.204,6.500
0.678,2.128,6.500
0.611,1.945,6.500
0.598,1.931,6.500
0.591,1.933,6.500
0.593,1.968,6.500
0.575,1.938,6.500
0.630,2.152,6.500
0.593,2.057,6.500
0.583,2.051,6.500
0.633,2.262,6.500
0.565,2.048,6.500
0.557,2.050,6.500
0.553,2.068,6.500
0.540,2.054,6.500
0.532,2.056,6.500
0.528,2.075,6.500
0.579,2.311,6.500
0.556,2.257,6.500
0.500,2.064,6.500
0.548,2.301,6.500
0.505,2.159,6.500
0.551,2.400,6.500
0.501,2.219,6.500
0.488,2.205,6.500
0.523,2.407,6.500
0.515,2.417,6.500
0.462,2.211,6.500
0.452,2.204,6.500
0.447,2.222,6.500
0.438,2.224,6.500
0.469,2.434,6.500
0.461,2.444,6.500
0.412,2.229,6.500
0.403,2.231,6.500
0.385,2.183,6.500
0.375,2.176,6.500
0.370,2.194,6.500
0.364,2.212,6.500
0.384,2.392,6.500
0.345,2.207,6.500
0.364,2.387,6.500
0.325,2.193,6.500
0.317,2.194,6.500
0.304,2.170,6.500
0.298,2.188,6.500
0.291,2.198,6.500
0.310,2.419,6.500
0.300,2.412,6.500
0.263,2.184,6.500
0.257,2.210,6.500
0.245,2.178,6.500
0.270,2.489,6.500
0.242,2.320,6.500
0.255,2.538,6.500
0.224,2.322,6.500
0.214,2.315,6.500
0.225,2.541,6.500
0.214,2.526,6.500
0.186,2.309,6.500
0.196,2.559,6.500
0.169,2.318,6.500
0.174,2.537,6.500
0.151,2.336,6.500
0.141,2.320,6.500
0.132,2.313,6.500
0.139,2.618,6.500
0.115,2.346,6.500
0.109,2.412,6.500
0.108,2.635,6.500
0.099,2.659,6.500
0.081,2.445,6.500
0.078,2.644,6.500
0.063,2.462,6.500
0.053,2.446,6.500
0.043,2.446,6.500
0.033,2.430,6.500
0.026,2.653,6.500
0.015,2.645,6.500
0.005,2.463,6.500
-0.005,2.439,6.500
-0.015,2.414,6.500
-0.026,2.575,6.500
-0.034,2.430,6.500
-0.049,2.738,6.500
-0.056,2.574,6.500
-0.066,2.582,6.500
-0.081,2.737,6.500
-0.086,2.573,6.500
-0.094,2.509,6.500
-0.107,2.588,6.500
-0.125,2.759,6.500
-0.125,2.540,6.500
-0.135,2.539,6.500
-0.146,2.547,6.500
-0.156,2.546,6.500
-0.172,2.640,6.500
-0.196,2.846,6.500
-0.209,2.861,6.500
-0.204,2.653,6.500
-0.214,2.645,6.500
-0.225,2.652,6.500
-0.235,2.651,6.500
-0.254,2.735,6.500
-0.256,2.649,6.500
-0.266,2.648,6.500
-0.275,2.631,6.500
-0.319,2.941,6.500
-0.314,2.790,6.500
-0.319,2.736,6.500
-0.354,2.937,6.500
-0.342,2.748,6.500
-0.379,2.949,6.500
-0.364,2.745,6.500
-0.376,2.752,6.500
-0.412,2.929,6.500
-0.425,2.942,6.500
-0.421,2.837,6.500
-0.420,2.753,6.500
-0.445,2.841,6.500
-0.452,2.817,6.500
-0.468,2.845,6.500
-0.509,3.019,6.500
-0.487,2.819,6.500
-0.497,2.810,6.500
-0.510,2.823,6.500
-0.520,2.813,6.500
-0.585,3.094,6.500
-0.562,2.912,6.500
-0.574,2.910,6.500
-0.624,3.101,6.500
-0.596,2.905,6.500
-0.644,3.075,6.500
-0.622,2.915,6.500
-0.648,2.977,6.500
-0.685,3.088,6.500
-0.695,3.078,6.500
-0.665,2.890,6.500
-0.673,2.873,6.500
-0.755,3.167,6.500
-0.770,3.178,6.500
-0.776,3.147,6.500
-0.792,3.158,6.500
-0.806,3.162,6.500
-0.818,3.158,6.500
-0.783,2.975,6.500
-0.795,2.972,6.500
-0.810,2.982,6.500
-0.822,2.979,6.500
-0.828,2.955,6.500
-0.898,3.159,6.500
-0.885,3.066,6.500
-0.867,2.959,6.500
-0.903,3.039,6.500
-0.919,3.049,6.500
-0.931,3.045,6.500
-0.945,3.048,6.500
-0.957,3.045,6.500
-0.974,3.055,6.500
-0.983,3.044,6.500
-0.984,3.006,6.500
-1.056,3.183,6.500
-1.017,3.025,6.500
-1.079,3.168,6.500
-1.038,3.010,6.500
-1.048,3.000,6.500
-1.055,2.982,6.500
-1.066,2.978,6.500
-1.139,3.140,6.500
-1.097,2.989,6.500
-1.190,3.203,6.500
-1.153,3.067,6.500
-1.163,3.056,6.500
-1.172,3.045,6.500
-1.252,3.215,6.500
-1.199,3.042,6.500
-1.213,3.044,6.500
-1.225,3.039,6.500
-1.232,3.021,6.500
-1.315,3.190,6.500
-1.266,3.038,6.500
-1.281,3.039,6.500
-1.353,3.174,6.500
-1.297,3.010,6.500
-1.306,2.998,6.500
-1.337,3.038,6.500
-1.329,2.988,6.500
-1.358,3.021,6.500
-1.390,3.060,6.500
-1.471,3.204,6.500
-1.483,3.198,6.500
-1.405,2.999,6.500
-1.441,3.044,6.500
-1.459,3.051,6.500
-1.534,3.175,6.500
-1.483,3.039,6.500
-1.498,3.040,6.500
-1.589,3.193,6.500
-1.509,3.003,6.500
-1.518,2.991,6.500
-1.517,2.960,6.500
-1.614,3.119,6.500
-1.685,3.226,6.500
-1.574,2.985,6.500
-1.670,3.136,6.500
-1.604,2.985,6.500
-1.603,2.954,6.500
-1.611,2.942,6.500
-1.629,2.948,6.500
-1.728,3.096,6.500
-1.659,2.947,6.500
-1.664,2.928,6.500
-1.679,2.928,6.500
-1.773,3.063,6.500
-1.702,2.914,6.500
-1.797,3.049,6.500
-1.846,3.105,6.500
-1.768,2.947,6.500
-1.740,2.875,6.500
-1.816,2.974,6.500
-1.856,3.013,6.500
-1.803,2.902,6.500
-1.796,2.865,6.500
-1.841,2.911,6.500
-1.936,3.035,6.500
-1.882,2.925,6.500
-1.882,2.900,6.500
-1.990,3.039,6.500
-1.852,2.805,6.500
-2.032,3.051,6.500
-1.932,2.876,6.500
-2.067,3.052,6.500
-2.057,3.011,6.500
-1.965,2.853,6.500
-1.984,2.856,6.500
-1.988,2.837,6.500
-2.092,2.962,6.500
-2.010,2.822,6.500
-2.017,2.808,6.500
-2.135,2.948,6.500
-2.039,2.792,6.500
-2.098,2.850,6.500
-2.032,2.738,6.500
-2.125,2.839,6.500
-2.263,2.999,6.500
-2.155,2.833,6.500
-2.166,2.824,6.500
-2.186,2.826,6.500
-2.184,2.802,6.500
-2.290,2.913,6.500
-2.325,2.935,6.500
-2.221,2.781,6.500
-2.245,2.788,6.500
-2.243,2.764,6.500
-2.250,2.750,6.500
-2.256,2.735,6.500
-2.280,2.742,6.500
-2.397,2.860,6.500
-2.301,2.724,6.500
-2.415,2.836,6.500
-2.331,2.716,6.500
-2.329,2.692,6.500
-2.392,2.743,6.500
-2.519,2.866,6.500
-2.531,2.856,6.500
-2.442,2.734,6.500
-2.574,2.860,6.500
-2.450,2.700,6.500
-2.474,2.705,6.500
-2.476,2.686,6.500
-2.606,2.805,6.500
-2.501,2.671,6.500
-2.503,2.652,6.500
-2.518,2.647,6.500
-2.698,2.814,6.500
-2.593,2.683,6.500
-2.590,2.659,6.500
-2.749,2.800,6.500
-2.629,2.657,6.500
-2.649,2.656,6.500
-2.636,2.623,6.500
-2.656,2.622,6.500
-2.772,2.715,6.500
-2.805,2.726,6.500
-2.705,2.608,6.500
-2.711,2.593,6.500
-2.740,2.600,6.500
-2.815,2.651,6.500
-2.867,2.679,6.500
-2.732,2.532,6.500
-2.948,2.712,6.500
-2.954,2.696,6.500
-2.862,2.591,6.500
-2.872,2.580,6.500
-2.863,2.551,6.500
-3.001,2.653,6.500
-2.898,2.542,6.500
-3.012,2.621,6.500
-2.903,2.506,6.500
-2.942,2.520,6.500
-2.932,2.492,6.500
-3.048,2.570,6.500
-3.068,2.566,6.500
-2.961,2.457,6.500
-2.896,2.384,6.500
-2.896,2.364,6.500
-2.915,2.361,6.500
-2.914,2.341,6.500
-2.923,2.330,6.500
-3.068,2.426,6.500
-2.962,2.323,6.500
-2.956,2.299,6.500
-2.965,2.287,6.500
-2.969,2.272,6.500
-3.029,2.299,6.500
-2.934,2.209,6.500
-2.937,2.194,6.500
-2.909,2.154,6.500
-2.944,2.163,6.500
-2.947,2.147,6.500
-2.961,2.139,6.500
-3.123,2.238,6.500
-2.896,2.058,6.500
-2.898,2.043,6.500
-2.917,2.039,6.500
-3.067,2.126,6.500
-2.950,2.027,6.500
-2.958,2.016,6.500
-3.092,2.089,6.500
-3.095,2.074,6.500
-3.130,2.079,6.500
-2.978,1.962,6.500
-2.986,1.950,6.500
-3.262,2.112,6.500
-2.910,1.868,6.500
-2.917,1.856,6.500
-2.947,1.860,6.500
-2.937,1.837,6.500
-2.979,1.847,6.500
-3.112,1.913,6.500
-2.982,1.817,6.500
-2.989,1.805,6.500
-3.002,1.797,6.500
-2.962,1.757,6.500
-3.126,1.838,6.500
-2.994,1.744,6.500
-3.000,1.732,6.500
-3.001,1.717,6.500
-3.008,1.705,6.500
-3.009,1.690,6.500
-3.021,1.681,6.500
-3.093,1.706,6.500
-3.130,1.710,6.500
-3.136,1.697,6.500
-3.271,1.754,6.500
-3.173,1.685,6.500
-3.156,1.660,6.500
-3.168,1.651,6.500
-3.322,1.714,6.500
-3.229,1.650,6.500
-3.329,1.685,6.500
-3.188,1.598,6.500
-3.194,1.585,6.500
-3.349,1.646,6.500
-3.367,1.638,6.500
-3.261,1.571,6.500
-3.368,1.606,6.500
-3.213,1.517,6.500
-3.231,1.510,6.500
-3.255,1.505,6.500
-3.261,1.493,6.500
-3.261,1.477,6.500
-3.405,1.526,6.500
-3.266,1.449,6.500
-3.363,1.476,6.500
-3.500,1.520,6.500
-3.277,1.407,6.500
-3.276,1.392,6.500
-3.446,1.448,6.500
-3.446,1.432,6.500
-3.305,1.358,6.500
-3.457,1.405,6.500
-3.315,1.332,6.500
-3.308,1.314,6.500
-3.313,1.301,6.500
-3.473,1.348,6.500
-3.478,1.335,6.500
-3.328,1.262,6.500
-3.494,1.309,6.500
-3.338,1.236,6.500
-3.349,1.225,6.500
-3.497,1.264,6.500
-3.269,1.167,6.500
-3.235,1.140,6.500
-3.431,1.194,6.500
-3.283,1.128,6.500
-3.287,1.115,6.500
-3.285,1.100,6.500
-3.487,1.153,6.500
-3.460,1.129,6.500
-3.304,1.064,6.500
-3.475,1.103,6.500
-3.306,1.035,6.500
-3.310,1.022,6.500
-3.488,1.062,6.500
-3.486,1.047,6.500
-3.335,0.987,6.500
-3.339,0.974,6.500
-3.504,1.007,6.500
-3.333,0.944,6.500
-3.324,0.927,6.500
-3.347,0.920,6.500
-3.351,0.907,6.500
-3.367,0.897,6.500
-3.351,0.879,6.500
-3.341,0.862,6.500
-3.398,0.862,6.500
-3.375,0.842,6.500
-3.547,0.871,6.500
-3.361,0.811,6.500
-3.378,0.801,6.500
-3.387,0.789,6.500
-3.404,0.779,6.500
-3.380,0.759,6.500
-3.554,0.784,6.500
-3.564,0.771,6.500
-3.554,0.755,6.500
-3.405,0.709,6.500
-3.448,0.704,6.500
-3.397,0.680,6.500
-3.413,0.669,6.500
-3.535,0.678,6.500
-3.590,0.674,6.500
-3.407,0.626,6.500
-3.417,0.614,6.500
-3.426,0.602,6.500
-3.600,0.618,6.500
-3.417,0.572,6.500
-3.631,0.594,6.500
-3.482,0.555,6.500
-3.497,0.544,6.500
-3.519,0.533,6.500
-3.607,0.532,6.500
-3.503,0.502,6.500
-3.715,0.518,6.500
-3.527,0.478,6.500
-3.713,0.488,6.500
-3.517,0.448,6.500
-3.519,0.434,6.500
-3.548,0.424,6.500
-3.543,0.409,6.500
-3.531,0.394,6.500
-3.671,0.395,6.500
-3.712,0.384,6.500
-3.515,0.350,6.500
-3.583,0.342,6.500
-3.710,0.340,6.500
-3.539,0.310,6.500
-3.620,0.303,6.500
-3.817,0.304,6.500
-3.589,0.272,6.500
-3.630,0.261,6.500
-3.638,0.247,6.500
-4.059,0.260,6.500
-3.646,0.219,6.500
-3.654,0.205,6.500
-3.811,0.199,6.500
-3.642,0.175,6.500
-3.643,0.161,6.500
-3.650,0.147,6.500
-3.858,0.140,6.500
-3.684,0.119,6.500
-3.814,0.109,6.500
-3.658,0.090,6.500
-3.652,0.075,6.500
-3.822,0.064,6.500
-3.646,0.047,6.500
-3.659,0.032,6.500
-3.646,0.018,6.500
-3.653,0.004,6.500
-3.673,-0.011,6.500
-3.679,-0.025,6.500
-3.639,-0.039,6.500
-3.666,-0.054,6.500
-3.645,-0.068,6.500
-3.658,-0.083,6.500
-3.651,-0.097,6.500
-3.820,-0.116,6.500
-3.833,-0.132,6.500
-3.637,-0.139,6.500
-3.643,-0.154,6.500
-3.662,-0.169,6.500
-3.655,-0.183,6.500
-3.836,-0.207,6.500
-3.693,-0.214,6.500
-3.821,-0.237,6.500
-3.814,-0.251,6.500
-3.664,-0.256,6.500
-3.643,-0.269,6.500
-3.830,-0.298,6.500
-3.654,-0.299,6.500
-3.626,-0.311,6.500
-3.638,-0.326,6.500
-3.637,-0.340,6.500
-3.804,-0.371,6.500
-3.647,-0.370,6.500
-3.801,-0.401,6.500
-3.638,-0.398,6.500
-3.811,-0.432,6.500
-3.588,-0.421,6.500
-3.685,-0.447,6.500
-3.525,-0.442,6.500
-3.530,-0.457,6.500
-3.692,-0.493,6.500
-3.546,-0.487,6.500
-3.701,-0.523,6.500
-3.542,-0.515,6.500
-3.527,-0.527,6.500
-3.525,-0.541,6.500
-3.536,-0.557,6.500
-3.520,-0.569,6.500
-3.518,-0.582,6.500
-3.705,-0.628,6.500
-3.507,-0.609,6.500
-3.680,-0.654,6.500
-3.502,-0.636,6.500
-3.669,-0.682,6.500
-3.503,-0.665,6.500
-3.494,-0.678,6.500
-3.654,-0.724,6.500
-3.495,-0.706,6.500
-3.499,-0.721,6.500
-3.639,-0.765,6.500
-3.474,-0.745,6.500
-3.626,-0.792,6.500
-3.565,-0.794,6.500
-3.556,-0.806,6.500
-3.559,-0.822,6.500
-3.746,-0.880,6.500
-3.559,-0.851,6.500
-3.720,-0.905,6.500
-3.778,-0.935,6.500
-3.619,-0.911,6.500
-3.777,-0.966,6.500
-3.624,-0.942,6.500
-3.639,-0.962,6.500
-3.796,-1.019,6.500
-3.638,-0.992,6.500
-3.708,-1.027,6.500
-3.692,-1.038,6.500
-3.840,-1.096,6.500
-3.696,-1.070,6.500
-3.679,-1.081,6.500
-3.856,-1.150,6.500
-3.701,-1.119,6.500
-3.818,-1.171,6.500
-3.631,-1.129,6.500
-3.571,-1.126,6.500
-3.548,-1.134,6.500
-3.691,-1.196,6.500
-3.564,-1.170,6.500
-3.723,-1.239,6.500
-3.555,-1.198,6.500
-3.550,-1.212,6.500
-3.520,-1.218,6.500
-3.553,-1.244,6.500
-3.535,-1.254,6.500
-3.651,-1.311,6.500
-3.604,-1.310,6.500
-3.575,-1.316,6.500
-3.582,-1.334,6.500
-3.418,-1.288,6.500
-3.425,-1.307,6.500
-3.408,-1.315,6.500
-3.390,-1.324,6.500
-3.585,-1.416,6.500
-3.398,-1.358,6.500
-3.585,-1.449,6.500
-3.381,-1.382,6.500
-3.388,-1.400,6.500
-3.389,-1.416,6.500
-3.509,-1.483,6.500
-3.377,-1.443,6.500
-3.353,-1.448,6.500
-3.444,-1.503,6.500
-3.420,-1.509,6.500
-3.318,-1.479,6.500
-3.555,-1.602,6.500
-3.426,-1.560,6.500
-3.548,-1.632,6.500
-3.407,-1.584,6.500
-3.384,-1.589,6.500
-3.354,-1.591,6.500
-3.383,-1.621,6.500
-3.382,-1.637,6.500
-3.387,-1.656,6.500
-3.381,-1.670,6.500
-3.397,-1.694,6.500
-3.505,-1.765,6.500
-3.475,-1.767,6.500
-3.337,-1.714,6.500
-3.539,-1.835,6.500
-3.341,-1.749,6.500
-3.311,-1.750,6.500
-3.309,-1.766,6.500
-3.297,-1.776,6.500
-3.290,-1.789,6.500
-3.423,-1.879,6.500
-3.293,-1.824,6.500
-3.409,-1.906,6.500
-3.290,-1.856,6.500
-3.260,-1.856,6.500
-3.230,-1.856,6.500
-3.384,-1.962,6.500
-3.392,-1.985,6.500
-3.368,-1.989,6.500
-3.366,-2.005,6.500
-3.209,-1.929,6.500
-3.213,-1.949,6.500
-3.205,-1.961,6.500
-3.198,-1.974,6.500
-3.315,-2.064,6.500
-3.312,-2.081,6.500
-3.113,-1.973,6.500
-3.215,-2.055,6.500
-3.064,-1.976,6.500
-3.204,-2.084,6.500
-3.239,-2.124,6.500
-3.068,-2.030,6.500
-3.269,-2.181,6.500
-3.261,-2.194,6.500
-3.109,-2.110,6.500
-3.020,-2.067,6.500
-3.006,-2.075,6.500
-2.998,-2.087,6.500
-2.995,-2.102,6.500
-2.998,-2.122,6.500
-2.962,-2.114,6.500
-3.108,-2.236,6.500
-2.956,-2.145,6.500
-3.022,-2.211,6.500
-2.950,-2.176,6.500
-2.936,-2.184,6.500
-3.114,-2.335,6.500
-3.125,-2.363,6.500
-2.963,-2.258,6.500
-3.107,-2.387,6.500
-2.971,-2.301,6.500
-2.946,-2.301,6.500
-3.093,-2.435,6.500
-2.953,-2.344,6.500
-3.039,-2.432,6.500
-2.910,-2.347,6.500
-2.910,-2.367,6.500
-2.891,-2.370,6.500
-3.015,-2.491,6.500
-2.912,-2.426,6.500
-3.010,-2.527,6.500
-2.838,-2.402,6.500
-2.844,-2.426,6.500
-2.829,-2.433,6.500
-2.820,-2.444,6.500
-2.805,-2.451,6.500
-2.801,-2.466,6.500
-2.796,-2.481,6.500
-2.877,-2.574,6.500
-2.791,-2.516,6.500
-2.895,-2.631,6.500
-2.837,-2.599,6.500
-2.822,-2.606,6.500
-2.812,-2.617,6.500
-2.811,-2.637,6.500
-2.796,-2.643,6.500
-2.758,-2.628,6.500
-2.757,-2.648,6.500
-2.887,-2.795,6.500
-2.754,-2.687,6.500
-2.721,-2.675,6.500
-2.845,-2.820,6.500
-2.722,-2.719,6.500
-2.707,-2.725,6.500
-2.687,-2.727,6.500
-2.800,-2.864,6.500
-2.675,-2.757,6.500
-2.786,-2.895,6.500
-2.649,-2.774,6.500
-2.764,-2.917,6.500
-2.735,-2.909,6.500
-2.616,-2.805,6.500
-2.725,-2.944,6.500
-2.726,-2.969,6.500
-2.574,-2.826,6.500
-2.580,-2.855,6.500
-2.564,-2.860,6.500
-2.666,-2.997,6.500
-2.555,-2.895,6.500
-2.643,-3.018,6.500
-2.519,-2.900,6.500
-2.615,-3.034,6.500
-2.505,-2.930,6.500
-2.485,-2.930,6.500
-2.477,-2.944,6.500
-2.583,-3.094,6.500
-2.446,-2.954,6.500
-2.535,-3.085,6.500
-2.435,-2.988,6.500
-2.530,-3.129,6.500
-2.395,-2.987,6.500
-2.498,-3.139,6.500
-2.481,-3.144,6.500
-2.380,-3.040,6.500
-2.368,-3.049,6.500
-2.455,-3.188,6.500
-2.328,-3.048,6.500
-2.328,-3.072,6.500
-2.300,-3.061,6.500
-2.304,-3.090,6.500
-2.280,-3.084,6.500
-2.369,-3.230,6.500
-2.256,-3.102,6.500
-2.255,-3.126,6.500
-2.239,-3.130,6.500
-2.226,-3.138,6.500
-2.214,-3.147,6.500
-2.231,-3.198,6.500
-2.182,-3.154,6.500
-2.266,-3.303,6.500
-2.164,-3.182,6.500
-2.247,-3.331,6.500
-2.139,-3.198,6.500
-2.123,-3.201,6.500
-2.211,-3.362,6.500
-2.187,-3.356,6.500
-2.171,-3.359,6.500
-2.168,-3.383,6.500
-2.084,-3.280,6.500
-2.050,-3.256,6.500
-2.021,-3.237,6.500
-2.111,-3.411,6.500
-2.091,-3.409,6.500
-2.084,-3.428,6.500
-2.061,-3.420,6.500
-2.054,-3.439,6.500
-1.963,-3.317,6.500
-1.954,-3.330,6.500
-1.940,-3.338,6.500
-1.915,-3.323,6.500
-2.001,-3.505,6.500
-1.895,-3.349,6.500
-1.878,-3.351,6.500
-1.862,-3.353,6.500
-1.919,-3.487,6.500
-1.920,-3.522,6.500
-1.822,-3.374,6.500
-1.800,-3.365,6.500
-1.796,-3.389,6.500
-1.786,-3.401,6.500
-1.848,-3.554,6.500
-1.768,-3.432,6.500
-1.817,-3.563,6.500
-1.729,-3.423,6.500
-1.718,-3.436,6.500
-1.713,-3.460,6.500
-1.761,-3.591,6.500
-1.686,-3.473,6.500
-1.659,-3.451,6.500
-1.653,-3.475,6.500
-1.642,-3.487,6.500
-1.631,-3.499,6.500
-1.607,-3.482,6.500
-1.598,-3.500,6.500
-1.585,-3.506,6.500
-1.640,-3.668,6.500
-1.560,-3.525,6.500
-1.538,-3.513,6.500
-1.595,-3.681,6.500
-1.516,-3.537,6.500
-1.561,-3.682,6.500
-1.495,-3.566,6.500
-1.469,-3.543,6.500
-1.520,-3.706,6.500
-1.443,-3.560,6.500
-1.516,-3.781,6.500
-1.418,-3.577,6.500
-1.406,-3.589,6.500
-1.451,-3.747,6.500
-1.380,-3.606,6.500
-1.437,-3.799,6.500
-1.400,-3.746,6.500
-1.331,-3.604,6.500
-1.400,-3.838,6.500
-1.333,-3.698,6.500
-1.295,-3.637,6.500
-1.274,-3.624,6.500
-1.324,-3.813,6.500
-1.250,-3.646,6.500
-1.237,-3.657,6.500
-1.221,-3.656,6.500
-1.203,-3.648,6.500
-1.194,-3.671,6.500
-1.218,-3.796,6.500
-1.158,-3.656,6.500
-1.192,-3.818,6.500
-1.134,-3.684,6.500
-1.122,-3.694,6.500
-1.104,-3.686,6.500
-1.125,-3.812,6.500
-1.073,-3.689,6.500
-1.167,-4.073,6.500
-1.037,-3.672,6.500
-1.003,-3.608,6.500
-0.989,-3.612,6.500
-0.985,-3.653,6.500
-0.961,-3.619,6.500
-0.993,-3.803,6.500
-0.934,-3.633,6.500
-0.962,-3.804,6.500
-0.893,-3.590,6.500
-0.928,-3.793,6.500
-0.854,-3.552,6.500
-0.835,-3.536,6.500
-0.865,-3.730,6.500
-0.848,-3.720,6.500
-0.801,-3.577,6.500
-0.784,-3.568,6.500
-0.804,-3.730,6.500
-0.757,-3.580,6.500
-0.772,-3.724,6.500
-0.765,-3.765,6.500
-0.713,-3.582,6.500
-0.731,-3.745,6.500
-0.719,-3.767,6.500
-0.677,-3.623,6.500
-0.690,-3.773,6.500
-0.677,-3.788,6.500
-0.629,-3.598,6.500
-0.641,-3.755,6.500
-0.595,-3.570,6.500
-0.588,-3.618,6.500
-0.569,-3.588,6.500
-0.585,-3.784,6.500
-0.544,-3.612,6.500
-0.530,-3.614,6.500
-0.513,-3.596,6.500
-0.501,-3.618,6.500
-0.493,-3.666,6.500
-0.473,-3.622,6.500
-0.489,-3.862,6.500
-0.455,-3.710,6.500
-0.475,-4.008,6.500
-0.426,-3.720,6.500
-0.415,-3.754,6.500
-0.419,-3.933,6.500
-0.382,-3.725,6.500
-0.368,-3.733,6.500
-0.353,-3.728,6.500
-0.354,-3.902,6.500
-0.323,-3.724,6.500
-0.323,-3.904,6.500
-0.293,-3.720,6.500
-0.280,-3.741,6.500
-0.265,-3.729,6.500
-0.251,-3.743,6.500
-0.235,-3.731,6.500
-0.226,-3.816,6.500
-0.201,-3.647,6.500
-0.185,-3.608,6.500
-0.185,-3.913,6.500
-0.158,-3.649,6.500
-0.151,-3.826,6.500
-0.130,-3.664,6.500
-0.113,-3.571,6.500
-0.099,-3.578,6.500
-0.088,-3.731,6.500
-0.070,-3.559,6.500
-0.056,-3.539,6.500
-0.044,-3.718,6.500
-0.029,-3.579,6.500
-0.015,-3.633,6.500
-0.000,-3.471,6.500
0.013,-3.471,6.500
0.027,-3.464,6.500
0.043,-3.659,6.500
0.054,-3.478,6.500
0.068,-3.464,6.500
0.086,-3.652,6.500
0.095,-3.484,6.500
0.109,-3.476,6.500
0.128,-3.637,6.500
0.136,-3.482,6.500
0.148,-3.434,6.500
0.171,-3.635,6.500
0.185,-3.628,6.500
0.190,-3.459,6.500
0.203,-3.452,6.500
0.218,-3.478,6.500
0.242,-3.631,6.500
0.251,-3.550,6.500
0.266,-3.556,6.500
0.291,-3.707,6.500
0.293,-3.547,6.500
0.306,-3.533,6.500
0.321,-3.552,6.500
0.350,-3.702,6.500
0.351,-3.569,6.500
0.373,-3.647,6.500
0.405,-3.807,6.500
0.398,-3.611,6.500
0.416,-3.636,6.500
0.429,-3.627,6.500
0.444,-3.632,6.500
0.459,-3.637,6.500
0.473,-3.629,6.500
0.494,-3.679,6.500
0.537,-3.887,6.500
0.527,-3.707,6.500
0.543,-3.712,6.500
0.580,-3.862,6.500
0.571,-3.701,6.500
0.585,-3.692,6.500
0.626,-3.855,6.500
0.613,-3.681,6.500
0.630,-3.698,6.500
0.676,-3.872,6.500
0.658,-3.686,6.500
0.670,-3.671,6.500
0.733,-3.925,6.500
0.694,-3.640,6.500
0.716,-3.676,6.500
0.732,-3.679,6.500
0.746,-3.676,6.500
0.761,-3.673,6.500
0.800,-3.790,6.500
0.787,-3.654,6.500
0.804,-3.664,6.500
0.852,-3.811,6.500
0.828,-3.638,6.500
0.826,-3.565,6.500
0.836,-3.542,6.500
0.856,-3.565,6.500
0.868,-3.555,6.500
0.881,-3.545,6.500
0.936,-3.706,6.500
0.933,-3.633,6.500
0.906,-3.470,6.500
0.911,-3.434,6.500
0.926,-3.437,6.500
0.983,-3.593,6.500
0.956,-3.442,6.500
0.968,-3.432,6.500
1.016,-3.550,6.500
0.969,-3.333,6.500
0.978,-3.316,6.500
0.993,-3.319,6.500
1.055,-3.476,6.500
1.025,-3.331,6.500
1.076,-3.449,6.500
1.034,-3.270,6.500
1.033,-3.220,6.500
1.041,-3.203,6.500
1.053,-3.199,6.500
1.120,-3.357,6.500
1.079,-3.191,6.500
1.087,-3.173,6.500
1.171,-3.376,6.500
1.121,-3.191,6.500
1.124,-3.160,6.500
1.199,-3.330,6.500
1.156,-3.171,6.500
1.230,-3.333,6.500
1.171,-3.136,6.500
1.246,-3.298,6.500
1.203,-3.146,6.500
1.215,-3.141,6.500
1.228,-3.136,6.500
1.227,-3.099,6.500
1.247,-3.114,6.500
1.334,-3.293,6.500
1.349,-3.294,6.500
1.289,-3.111,6.500
1.312,-3.132,6.500
1.356,-3.203,6.500
1.427,-3.333,6.500
1.365,-3.154,6.500
1.383,-3.161,6.500
1.409,-3.187,6.500
1.416,-3.169,6.500
1.498,-3.317,6.500
1.441,-3.158,6.500
1.471,-3.189,6.500
1.472,-3.159,6.500
1.553,-3.299,6.500
1.499,-3.153,6.500
1.506,-3.135,6.500
1.527,-3.148,6.500
1.604,-3.274,6.500
1.522,-3.074,6.500
1.552,-3.105,6.500
1.567,-3.105,6.500
1.653,-3.243,6.500
1.588,-3.086,6.500
1.543,-2.970,6.500
1.568,-2.989,6.500
1.560,-2.945,6.500
1.675,-3.133,6.500
1.668,-3.091,6.500
1.615,-2.964,6.500
1.586,-2.884,6.500
1.580,-2.847,6.500
1.693,-3.022,6.500
1.616,-2.859,6.500
1.628,-2.852,6.500
1.729,-3.002,6.500
1.639,-2.821,6.500
1.643,-2.802,6.500
1.704,-2.881,6.500
1.730,-2.898,6.500
1.639,-2.722,6.500
1.742,-2.866,6.500
1.664,-2.715,6.500
1.675,-2.708,6.500
1.779,-2.852,6.500
1.708,-2.713,6.500
1.711,-2.694,6.500
1.682,-2.627,6.500
1.673,-2.590,6.500
1.687,-2.589,6.500
1.685,-2.565,6.500
1.703,-2.570,6.500
1.714,-2.563,6.500
1.824,-2.705,6.500
1.738,-2.556,6.500
1.744,-2.543,6.500
1.766,-2.554,6.500
1.776,-2.547,6.500
1.893,-2.692,6.500
1.792,-2.527,6.500
1.785,-2.496,6.500
1.803,-2.501,6.500
1.923,-2.645,6.500
1.836,-2.505,6.500
1.824,-2.468,6.500
1.941,-2.605,6.500
1.847,-2.459,6.500
1.866,-2.464,6.500
1.924,-2.520,6.500
1.836,-2.385,6.500
1.944,-2.504,6.500
1.832,-2.342,6.500
1.950,-2.472,6.500
1.855,-2.333,6.500
2.054,-2.562,6.500
2.046,-2.532,6.500
1.952,-2.396,6.500
1.998,-2.433,6.500
1.961,-2.370,6.500
1.980,-2.373,6.500
2.003,-2.382,6.500
2.119,-2.500,6.500
2.013,-2.355,6.500
2.008,-2.331,6.500
2.134,-2.458,6.500
1.953,-2.232,6.500
2.049,-2.323,6.500
2.000,-2.249,6.500
1.979,-2.209,6.500
2.192,-2.427,6.500
2.071,-2.275,6.500
2.134,-2.325,6.500
2.024,-2.188,6.500
2.022,-2.169,6.500
2.046,-2.177,6.500
2.060,-2.175,6.500
2.199,-2.304,6.500
2.077,-2.159,6.500
2.247,-2.317,6.500
2.160,-2.210,6.500
2.159,-2.191,6.500
2.167,-2.183,6.500
2.318,-2.316,6.500
2.184,-2.166,6.500
2.198,-2.162,6.500
2.335,-2.279,6.500
2.215,-2.145,6.500
2.213,-2.126,6.500
2.247,-2.143,6.500
2.447,-2.314,6.500
2.327,-2.184,6.500
2.465,-2.295,6.500
2.339,-2.161,6.500
2.337,-2.142,6.500
2.471,-2.247,6.500
2.359,-2.128,6.500
2.367,-2.119,6.500
2.386,-2.119,6.500
2.362,-2.081,6.500
2.525,-2.207,6.500
2.406,-2.086,6.500
2.409,-2.072,6.500
2.411,-2.058,6.500
2.581,-2.185,6.500
2.416,-2.030,6.500
2.582,-2.152,6.500
2.596,-2.146,6.500
2.468,-2.024,6.500
2.470,-2.010,6.500
2.478,-2.000,6.500
2.629,-2.105,6.500
2.494,-1.980,6.500
2.635,-2.075,6.500
2.654,-2.074,6.500
2.511,-1.946,6.500
2.609,-2.006,6.500
2.463,-1.879,6.500
2.459,-1.860,6.500
2.472,-1.855,6.500
2.623,-1.952,6.500
2.481,-1.831,6.500
2.488,-1.821,6.500
2.640,-1.917,6.500
2.496,-1.797,6.500
2.515,-1.796,6.500
2.516,-1.782,6.500
2.676,-1.879,6.500
2.530,-1.762,6.500
2.531,-1.748,6.500
2.710,-1.855,6.500
2.557,-1.736,6.500
2.707,-1.822,6.500
2.558,-1.708,6.500
2.583,-1.710,6.500
2.572,-1.688,6.500
2.717,-1.768,6.500
2.615,-1.687,6.500
2.585,-1.653,6.500
2.827,-1.792,6.500
2.696,-1.695,6.500
2.727,-1.699,6.500
2.685,-1.658,6.500
2.825,-1.729,6.500
2.716,-1.648,6.500
2.686,-1.615,6.500
2.976,-1.774,6.500
2.833,-1.674,6.500
2.736,-1.602,6.500
2.889,-1.676,6.500
2.908,-1.672,6.500
2.748,-1.566,6.500
2.767,-1.562,6.500
2.779,-1.555,6.500
2.760,-1.530,6.500
2.964,-1.628,6.500
2.965,-1.613,6.500
2.765,-1.490,6.500
2.803,-1.496,6.500
2.809,-1.485,6.500
3.002,-1.573,6.500
3.081,-1.599,6.500
2.826,-1.452,6.500
2.825,-1.438,6.500
2.850,-1.436,6.500
3.001,-1.498,6.500
3.013,-1.489,6.500
2.880,-1.409,6.500
2.847,-1.379,6.500
2.878,-1.380,6.500
2.883,-1.369,6.500
3.086,-1.450,6.500
2.907,-1.352,6.500
3.053,-1.406,6.500
2.904,-1.323,6.500
3.077,-1.387,6.500
2.902,-1.295,6.500
2.920,-1.289,6.500
3.086,-1.348,6.500
3.098,-1.339,6.500
2.928,-1.252,6.500
3.089,-1.306,6.500
2.931,-1.226,6.500
2.943,-1.217,6.500
2.961,-1.211,6.500
3.122,-1.263,6.500
2.964,-1.185,6.500
2.955,-1.168,6.500
2.959,-1.156,6.500
2.957,-1.142,6.500
2.955,-1.128,6.500
3.145,-1.186,6.500
2.984,-1.112,6.500
3.154,-1.162,6.500
3.132,-1.140,6.500
2.983,-1.072,6.500
3.001,-1.065,6.500
3.092,-1.084,6.500
3.170,-1.097,6.500
3.007,-1.028,6.500
3.078,-1.039,6.500
3.189,-1.062,6.500
3.032,-0.997,6.500
3.002,-0.974,6.500
3.168,-1.014,6.500
2.989,-0.943,6.500
2.944,-0.917,6.500
3.112,-0.956,6.500
2.937,-0.889,6.500
2.962,-0.884,6.500
2.951,-0.868,6.500
2.947,-0.854,6.500
2.958,-0.845,6.500
2.961,-0.833,6.500
3.137,-0.870,6.500
2.982,-0.814,6.500
3.137,-0.843,6.500
2.995,-0.792,6.500
2.984,-0.777,6.500
2.980,-0.763,6.500
2.990,-0.753,6.500
3.174,-0.786,6.500
2.996,-0.730,6.500
3.006,-0.720,6.500
3.008,-0.708,6.500
3.193,-0.738,6.500
3.007,-0.683,6.500
3.178,-0.708,6.500
3.005,-0.657,6.500
3.197,-0.686,6.500
3.010,-0.634,6.500
3.264,-0.674,6.500
3.079,-0.623,6.500
3.131,-0.621,6.500
3.133,-0.608,6.500
3.295,-0.626,6.500
3.311,-0.616,6.500
3.279,-0.597,6.500
3.288,-0.585,6.500
3.144,-0.547,6.500
3.161,-0.537,6.500
3.085,-0.511,6.500
3.144,-0.508,6.500
3.124,-0.493,6.500
3.140,-0.483,6.500
3.171,-0.475,6.500
3.137,-0.457,6.500
3.321,-0.470,6.500
3.162,-0.435,6.500
3.324,-0.444,6.500
3.312,-0.429,6.500
3.167,-0.398,6.500
3.175,-0.386,6.500
3.261,-0.384,6.500
3.157,-0.359,6.500
3.158,-0.347,6.500
3.273,-0.346,6.500
3.267,-0.333,6.500
3.268,-0.320,6.500
3.270,-0.307,6.500
3.179,-0.286,6.500
3.173,-0.273,6.500
3.561,-0.292,6.500
3.239,-0.253,6.500
3.448,-0.255,6.500
3.269,-0.229,6.500
3.436,-0.227,6.500
3.185,-0.198,6.500
3.257,-0.190,6.500
3.370,-0.183,6.500
3.188,-0.161,6.500
3.364,-0.156,6.500
3.167,-0.135,6.500
3.441,-0.133,6.500
3.183,-0.110,6.500
3.289,-0.101,6.500
3.360,-0.090,6.500
3.346,-0.076,6.500
3.367,-0.064,6.500
3.163,-0.047,6.500
3.368,-0.037,6.500
3.192,-0.023,6.500
3.375,-0.011,6.500
3.256,0.002,7.000
3.437,0.016,7.000
3.277,0.028,7.000
3.270,0.041,7.000
3.276,0.054,7.000
3.491,0.071,7.000
3.290,0.080,7.000
3.449,0.097,7.000
3.275,0.105,7.000
3.268,0.118,7.000
3.281,0.131,7.000
3.420,0.150,7.000
3.259,0.156,7.000
3.446,0.179,7.000
3.286,0.183,7.000
3.431,0.205,7.000
3.277,0.209,7.000
3.262,0.221,7.000
3.290,0.235,7.000
3.482,0.263,7.000
3.245,0.258,7.000
3.266,0.272,7.000
3.208,0.280,7.000
3.157,0.288,7.000
3.483,0.332,7.000
3.358,0.333,7.000
3.260,0.337,7.000
3.173,0.340,7.000
3.236,0.360,7.000
3.421,0.394,7.000
3.240,0.386,7.000
3.432,0.423,7.000
3.272,0.416,7.000
3.421,0.449,7.000
3.433,0.464,7.000
3.431,0.477,7.000
3.223,0.461,7.000
3.441,0.506,7.000
3.240,0.490,7.000
3.217,0.499,7.000
3.394,0.540,7.000
3.419,0.558,7.000
3.239,0.542,7.000
3.475,0.595,7.000
3.283,0.576,7.000
3.430,0.615,7.000
3.401,0.624,7.000
3.228,0.605,7.000
3.483,0.667,7.000
3.278,0.641,7.000
3.241,0.648,7.000
3.176,0.648,7.000
3.304,0.687,7.000
3.482,0.738,7.000
3.244,0.701,7.000
3.269,0.720,7.000
3.293,0.739,7.000
3.290,0.752,7.000
3.447,0.802,7.000
3.271,0.775,7.000
3.267,0.787,7.000
3.285,0.805,7.000
3.254,0.811,7.000
3.305,0.838,7.000
3.427,0.883,7.000
3.271,0.857,7.000
3.268,0.870,7.000
3.251,0.879,7.000
3.254,0.893,7.000
3.244,0.904,7.000
3.431,0.971,7.000
3.244,0.932,7.000
3.173,0.925,7.000
3.223,0.953,7.000
3.139,0.942,7.000
3.155,0.960,7.000
3.131,0.966,7.000
3.107,0.972,7.000
3.315,1.052,7.000
3.106,0.999,7.000
3.122,1.018,7.000
3.105,1.025,7.000
3.272,1.095,7.000
3.110,1.054,7.000
3.146,1.080,7.000
3.015,1.048,7.000
2.997,1.056,7.000
3.172,1.131,7.000
2.995,1.081,7.000
3.011,1.101,7.000
2.973,1.100,7.000
2.989,1.119,7.000
2.964,1.123,7.000
3.228,1.238,7.000
2.976,1.154,7.000
2.958,1.161,7.000
2.966,1.178,7.000
3.021,1.213,7.000
2.823,1.146,7.000
2.866,1.177,7.000
2.868,1.191,7.000
2.850,1.197,7.000
2.825,1.199,7.000
2.985,1.281,7.000
2.822,1.224,7.000
2.810,1.232,7.000
2.732,1.211,7.000
2.706,1.212,7.000
2.868,1.298,7.000
2.724,1.246,7.000
2.712,1.254,7.000
2.859,1.335,7.000
2.696,1.272,7.000
2.684,1.279,7.000
2.692,1.296,7.000
2.819,1.371,7.000
2.669,1.311,7.000
2.663,1.321,7.000
2.828,1.417,7.000
2.633,1.332,7.000
2.661,1.359,7.000
2.649,1.366,7.000
2.663,1.387,7.000
2.618,1.377,7.000
2.813,1.493,7.000
2.640,1.415,7.000
2.543,1.375,7.000
2.603,1.421,7.000
2.732,1.506,7.000
2.526,1.405,7.000
2.586,1.452,7.000
2.515,1.425,7.000
2.740,1.566,7.000
2.491,1.437,7.000
2.733,1.591,7.000
2.557,1.502,7.000
2.615,1.550,7.000
2.475,1.480,7.000
2.462,1.486,7.000
2.609,1.588,7.000
2.451,1.505,7.000
2.445,1.515,7.000
2.458,1.536,7.000
2.433,1.534,7.000
2.420,1.539,7.000
2.439,1.565,7.000
2.433,1.575,7.000
2.551,1.665,7.000
2.389,1.573,7.000
2.532,1.681,7.000
2.396,1.604,7.000
2.377,1.605,7.000
2.536,1.728,7.000
2.295,1.577,7.000
2.438,1.689,7.000
2.431,1.698,7.000
2.258,1.590,7.000
2.264,1.608,7.000
2.264,1.621,7.000
2.233,1.612,7.000
2.379,1.733,7.000
2.238,1.644,7.000
2.336,1.729,7.000
2.139,1.596,7.000
2.108,1.586,7.000
2.139,1.623,7.000
2.083,1.593,7.000
2.014,1.553,7.000
2.186,1.700,7.000
2.008,1.574,7.000
2.161,1.707,7.000
2.154,1.716,7.000
1.983,1.592,7.000
1.977,1.600,7.000
2.110,1.722,7.000
1.964,1.615,7.000
1.994,1.653,7.000
2.119,1.771,7.000
2.071,1.745,7.000
1.932,1.641,7.000
1.865,1.596,7.000
1.846,1.593,7.000
1.883,1.637,7.000
1.822,1.597,7.000
2.006,1.772,7.000
1.797,1.600,7.000
1.957,1.757,7.000
1.844,1.669,7.000
1.820,1.660,7.000
1.795,1.650,7.000
1.789,1.657,7.000
1.782,1.664,7.000
1.776,1.671,7.000
1.787,1.695,7.000
1.769,1.691,7.000
1.877,1.809,7.000
1.767,1.716,7.000
1.737,1.700,7.000
1.643,1.621,7.000
1.654,1.645,7.000
1.659,1.663,7.000
1.635,1.652,7.000
1.640,1.670,7.000
1.617,1.659,7.000
1.762,1.823,7.000
1.615,1.684,7.000
1.780,1.871,7.000
1.590,1.684,7.000
1.595,1.702,7.000
1.588,1.709,7.000
1.581,1.715,7.000
1.700,1.859,7.000
1.590,1.752,7.000
1.556,1.727,7.000
1.477,1.653,7.000
1.471,1.659,7.000
1.524,1.733,7.000
1.457,1.670,7.000
1.445,1.670,7.000
1.439,1.675,7.000
1.587,1.862,7.000
1.453,1.718,7.000
1.583,1.887,7.000
1.455,1.749,7.000
1.437,1.742,7.000
1.425,1.741,7.000
1.558,1.918,7.000
1.422,1.765,7.000
1.538,1.924,7.000
1.393,1.757,7.000
1.396,1.775,7.000
1.369,1.754,7.000
1.377,1.780,7.000
1.380,1.798,7.000
1.511,1.985,7.000
1.381,1.829,7.000
1.349,1.801,7.000
1.473,1.984,7.000
1.456,1.976,7.000
1.332,1.824,7.000
1.311,1.809,7.000
1.318,1.834,7.000
1.311,1.839,7.000
1.304,1.844,7.000
1.301,1.856,7.000
1.289,1.854,7.000
1.310,1.900,7.000
1.270,1.858,7.000
1.276,1.883,7.000
1.264,1.881,7.000
1.238,1.859,7.000
1.250,1.891,7.000
1.224,1.868,7.000
1.207,1.859,7.000
1.182,1.836,7.000
1.290,2.021,7.000
1.181,1.866,7.000
1.178,1.878,7.000
1.188,1.911,7.000
1.168,1.894,7.000
1.160,1.899,7.000
1.144,1.889,7.000
1.251,2.084,7.000
1.133,1.905,7.000
1.113,1.888,7.000
1.230,2.106,7.000
1.115,1.926,7.000
1.218,2.122,7.000
1.092,1.920,7.000
1.217,2.160,7.000
1.085,1.943,7.000
1.177,2.127,7.000
1.168,2.132,7.000
1.050,1.933,7.000
1.159,2.155,7.000
1.158,2.174,7.000
1.058,2.005,7.000
1.096,2.096,7.000
1.027,1.983,7.000
1.031,2.010,7.000
1.123,2.210,7.000
1.015,2.018,7.000
1.007,2.022,7.000
1.093,2.216,7.000
0.991,2.029,7.000
1.068,2.210,7.000
0.971,2.030,7.000
0.963,2.033,7.000
1.049,2.237,7.000
0.944,2.033,7.000
1.035,2.253,7.000
0.945,2.079,7.000
0.923,2.052,7.000
1.005,2.257,7.000
0.897,2.036,7.000
0.984,2.258,7.000
0.897,2.082,7.000
0.966,2.266,7.000
0.875,2.073,7.000
0.873,2.092,7.000
0.861,2.088,7.000
0.863,2.114,7.000
0.921,2.284,7.000
0.837,2.098,7.000
0.909,2.306,7.000
0.894,2.295,7.000
0.806,2.092,7.000
0.801,2.103,7.000
0.845,2.245,7.000
0.787,2.117,7.000
0.759,2.065,7.000
0.826,2.277,7.000
0.739,2.063,7.000
0.743,2.098,7.000
0.729,2.085,7.000
0.712,2.064,7.000
0.779,2.285,7.000
0.701,2.085,7.000
0.706,2.128,7.000
0.693,2.114,7.000
0.685,2.117,7.000
0.768,2.408,7.000
0.665,2.115,7.000
0.650,2.093,7.000
0.680,2.223,7.000
0.674,2.233,7.000
0.658,2.212,7.000
0.649,2.215,7.000
0.688,2.382,7.000
0.634,2.228,7.000
0.682,2.433,7.000
0.621,2.249,7.000
0.608,2.235,7.000
0.597,2.230,7.000
0.646,2.451,7.000
0.582,2.242,7.000
0.583,2.284,7.000
0.570,2.271,7.000
0.559,2.265,7.000
0.550,2.267,7.000
0.583,2.443,7.000
0.538,2.295,7.000
0.525,2.281,7.000
0.550,2.434,7.000
0.542,2.444,7.000
0.498,2.287,7.000
0.533,2.495,7.000
0.500,2.387,7.000
0.522,2.537,7.000
0.482,2.391,7.000
0.469,2.377,7.000
0.502,2.597,7.000
0.452,2.388,7.000
0.501,2.708,7.000
0.436,2.408,7.000
0.425,2.401,7.000
0.410,2.371,7.000
0.404,2.389,7.000
0.393,2.382,7.000
0.420,2.612,7.000
0.377,2.401,7.000
0.370,2.419,7.000
0.357,2.396,7.000
0.351,2.422,7.000
0.367,2.604,7.000
0.332,2.424,7.000
0.348,2.622,7.000
0.340,2.639,7.000
0.317,2.539,7.000
0.327,2.704,7.000
0.318,2.720,7.000
0.286,2.535,7.000
0.298,2.738,7.000
0.263,2.505,7.000
0.259,2.570,7.000
0.247,2.547,7.000
0.238,2.564,7.000
0.246,2.758,7.000
0.216,2.542,7.000
0.223,2.745,7.000
0.196,2.543,7.000
0.186,2.544,7.000
0.190,2.747,7.000
0.166,2.545,7.000
0.161,2.617,7.000
0.165,2.871,7.000
0.142,2.657,7.000
0.141,2.850,7.000
0.122,2.682,7.000
0.120,2.881,7.000
0.101,2.667,7.000
0.089,2.644,7.000
0.079,2.660,7.000
0.069,2.660,7.000
0.062,2.837,7.000
0.048,2.668,7.000
0.040,2.845,7.000
0.027,2.669,7.000
0.017,2.661,7.000
0.006,2.762,7.000
-0.004,2.777,7.000
-0.016,2.966,7.000
-0.026,2.769,7.000
-0.037,2.777,7.000
-0.052,2.995,7.000
-0.059,2.761,7.000
-0.070,2.799,7.000
-0.081,2.776,7.000
-0.092,2.798,7.000
-0.102,2.768,7.000
-0.124,3.022,7.000
-0.127,2.828,7.000
-0.141,2.887,7.000
-0.159,3.013,7.000
-0.162,2.856,7.000
-0.186,3.063,7.000
-0.187,2.900,7.000
-0.197,2.869,7.000
-0.207,2.853,7.000
-0.221,2.897,7.000
-0.232,2.889,7.000
-0.266,3.152,7.000
-0.260,2.947,7.000
-0.290,3.142,7.000
-0.286,2.974,7.000
-0.297,2.966,7.000
-0.309,2.972,7.000
-0.340,3.145,7.000
-0.329,2.932,7.000
-0.356,3.070,7.000
-0.365,3.040,7.000
-0.377,3.038,7.000
-0.412,3.215,7.000
-0.405,3.071,7.000
-0.417,3.070,7.000
-0.430,3.068,7.000
-0.441,3.059,7.000
-0.454,3.065,7.000
-0.462,3.041,7.000
-0.474,3.039,7.000
-0.489,3.052,7.000
-0.499,3.043,7.000
-0.525,3.119,7.000
-0.572,3.319,7.000
-0.552,3.129,7.000
-0.596,3.308,7.000
-0.611,3.312,7.000
-0.588,3.122,7.000
-0.607,3.155,7.000
-0.656,3.339,7.000
-0.629,3.136,7.000
-0.673,3.286,7.000
-0.653,3.124,7.000
-0.702,3.294,7.000
-0.688,3.168,7.000
-0.736,3.329,7.000
-0.708,3.141,7.000
-0.734,3.201,7.000
-0.747,3.198,7.000
-0.760,3.195,7.000
-0.805,3.327,7.000
-0.833,3.384,7.000
-0.799,3.193,7.000
-0.851,3.344,7.000
-0.819,3.166,7.000
-0.833,3.169,7.000
-0.904,3.387,7.000
-0.856,3.156,7.000
-0.872,3.166,7.000
-0.931,3.330,7.000
-0.889,3.132,7.000
-1.039,3.604,7.000
-0.939,3.213,7.000
-0.930,3.135,7.000
-0.987,3.278,7.000
-0.985,3.228,7.000
-1.047,3.381,7.000
-1.004,3.200,7.000
-1.019,3.203,7.000
-1.036,3.212,7.000
-1.091,3.338,7.000
-1.061,3.204,7.000
-1.132,3.374,7.000
-1.141,3.357,7.000
-1.099,3.191,7.000
-1.104,3.167,7.000
-1.126,3.189,7.000
-1.198,3.351,7.000
-1.149,3.173,7.000
-1.220,3.329,7.000
-1.171,3.158,7.000
-1.186,3.160,7.000
-1.196,3.148,7.000
-1.238,3.221,7.000
-1.253,3.222,7.000
-1.333,3.387,7.000
-1.281,3.219,7.000
-1.362,3.382,7.000
-1.362,3.346,7.000
-1.324,3.216,7.000
-1.337,3.211,7.000
-1.341,3.187,7.000
-1.362,3.200,7.000
-1.488,3.458,7.000
-1.390,3.196,7.000
-1.465,3.332,7.000
-1.464,3.296,7.000
-1.419,3.160,7.000
-1.434,3.161,7.000
-1.447,3.155,7.000
-1.549,3.344,7.000
-1.474,3.150,7.000
-1.550,3.278,7.000
-1.493,3.126,7.000
-1.508,3.126,7.000
-1.521,3.120,7.000
-1.545,3.139,7.000
-1.530,3.078,7.000
-1.554,3.096,7.000
-1.573,3.102,7.000
-1.575,3.078,7.000
-1.668,3.227,7.000
-1.606,3.077,7.000
-1.709,3.243,7.000
-1.620,3.047,7.000
-1.753,3.265,7.000
-1.654,3.052,7.000
-1.715,3.134,7.000
-1.681,3.045,7.000
-1.736,3.115,7.000
-1.738,3.091,7.000
-1.734,3.054,7.000
-1.773,3.094,7.000
-1.877,3.248,7.000
-1.804,3.092,7.000
-1.792,3.044,7.000
-1.783,3.002,7.000
-1.833,3.059,7.000
-1.838,3.040,7.000
-1.953,3.202,7.000
-1.876,3.048,7.000
-1.958,3.154,7.000
-1.882,3.005,7.000
-1.983,3.138,7.000
-2.002,3.141,7.000
-1.925,2.994,7.000
-2.034,3.136,7.000
-1.955,2.990,7.000
-1.967,2.982,7.000
-1.979,2.975,7.000
-2.075,3.093,7.000
-2.080,3.074,7.000
-2.021,2.962,7.000
-2.093,3.042,7.000
-2.131,3.071,7.000
-2.140,3.057,7.000
-2.056,2.914,7.000
-2.068,2.906,7.000
-2.075,2.892,7.000
-2.082,2.878,7.000
-2.153,2.951,7.000
-2.160,2.937,7.000
-2.180,2.939,7.000
-2.277,3.046,7.000
-2.207,2.927,7.000
-2.210,2.908,7.000
-2.246,2.931,7.000
-2.221,2.875,7.000
-2.244,2.882,7.000
-2.264,2.883,7.000
-2.263,2.859,7.000
-2.380,2.983,7.000
-2.285,2.841,7.000
-2.301,2.837,7.000
-2.439,2.984,7.000
-2.422,2.940,7.000
-2.393,2.881,7.000
-2.458,2.936,7.000
-2.356,2.791,7.000
-2.518,2.960,7.000
-2.421,2.823,7.000
-2.410,2.788,7.000
-2.515,2.887,7.000
-2.471,2.814,7.000
-2.584,2.919,7.000
-2.493,2.794,7.000
-2.491,2.770,7.000
-2.524,2.784,7.000
-2.526,2.765,7.000
-2.537,2.755,7.000
-2.538,2.735,7.000
-2.549,2.725,7.000
-2.564,2.720,7.000
-2.588,2.724,7.000
-2.581,2.695,7.000
-2.601,2.694,7.000
-2.602,2.675,7.000
-2.626,2.678,7.000
-2.754,2.786,7.000
-2.774,2.785,7.000
-2.690,2.679,7.000
-2.840,2.807,7.000
-2.674,2.622,7.000
-2.689,2.616,7.000
-2.935,2.833,7.000
-2.737,2.621,7.000
-2.785,2.646,7.000
-2.725,2.569,7.000
-2.801,2.620,7.000
-2.932,2.720,7.000
-2.956,2.721,7.000
-2.789,2.547,7.000
-2.926,2.652,7.000
-2.780,2.499,7.000
-2.780,2.480,7.000
-2.819,2.495,7.000
-2.814,2.471,7.000
-2.940,2.561,7.000
-2.828,2.444,7.000
-2.965,2.542,7.000
-2.843,2.418,7.000
-2.857,2.411,7.000
-2.871,2.404,7.000
-2.871,2.384,7.000
-2.900,2.389,7.000
-2.905,2.374,7.000
-2.949,2.391,7.000
-2.862,2.302,7.000
-2.968,2.368,7.000
-2.859,2.263,7.000
-2.858,2.243,7.000
-2.893,2.252,7.000
-2.886,2.229,7.000
-3.075,2.356,7.000
-2.893,2.198,7.000
-3.042,2.293,7.000
-2.941,2.199,7.000
-2.934,2.176,7.000
-3.079,2.264,7.000
-2.876,2.097,7.000
-3.008,2.176,7.000
-2.892,2.075,7.000
-2.906,2.067,7.000
-2.908,2.052,7.000
-2.933,2.052,7.000
-2.924,2.029,7.000
-2.998,2.063,7.000
-2.940,2.006,7.000
-2.931,1.983,7.000
-3.094,2.075,7.000
-2.975,1.979,7.000
-2.966,1.956,7.000
-3.101,2.028,7.000
-2.981,1.932,7.000
-3.011,1.935,7.000
-2.996,1.909,7.000
-3.127,1.975,7.000
-3.034,1.900,7.000
-3.159,1.961,7.000
-3.032,1.865,7.000
-3.180,1.940,7.000
-3.058,1.848,7.000
-3.048,1.826,7.000
-3.066,1.821,7.000
-3.073,1.809,7.000
-3.075,1.793,7.000
-3.236,1.871,7.000
-3.106,1.779,7.000
-3.125,1.773,7.000
-3.241,1.823,7.000
-3.139,1.749,7.000
-3.192,1.762,7.000
-3.216,1.759,7.000
-3.212,1.740,7.000
-3.368,1.808,7.000
-3.231,1.718,7.000
-3.376,1.778,7.000
-3.239,1.689,7.000
-3.233,1.671,7.000
-3.246,1.661,7.000
-3.276,1.660,7.000
-3.277,1.644,7.000
-3.283,1.631,7.000
-3.266,1.607,7.000
-3.284,1.600,7.000
-3.278,1.581,7.000
-3.461,1.652,7.000
-3.302,1.561,7.000
-3.450,1.614,7.000
-3.321,1.538,7.000
-3.315,1.519,7.000
-3.333,1.512,7.000
-3.357,1.507,7.000
-3.320,1.475,7.000
-3.338,1.467,7.000
-3.356,1.459,7.000
-3.392,1.459,7.000
-3.343,1.422,7.000
-3.373,1.419,7.000
-3.523,1.466,7.000
-3.378,1.390,7.000
-3.352,1.365,7.000
-3.389,1.364,7.000
-3.388,1.348,7.000
-3.393,1.335,7.000
-3.556,1.383,7.000
-3.471,1.334,7.000
-3.334,1.266,7.000
-3.500,1.313,7.000
-3.381,1.254,7.000
-3.317,1.215,7.000
-3.347,1.211,7.000
-3.345,1.196,7.000
-3.500,1.236,7.000
-3.374,1.176,7.000
-3.522,1.212,7.000
-3.383,1.150,7.000
-3.362,1.128,7.000
-3.555,1.177,7.000
-3.390,1.108,7.000
-3.388,1.092,7.000
-3.411,1.085,7.000
-3.409,1.070,7.000
-3.394,1.050,7.000
-3.563,1.087,7.000
-3.408,1.025,7.000
-3.400,1.008,7.000
-3.410,0.997,7.000
-3.598,1.036,7.000
-3.437,0.975,7.000
-3.569,0.998,7.000
-3.814,1.050,7.000
-3.422,0.928,7.000
-3.605,0.962,7.000
-3.443,0.904,7.000
-3.594,0.929,7.000
-3.456,0.879,7.000
-3.466,0.867,7.000
-3.456,0.850,7.000
-3.479,0.841,7.000
-3.611,0.858,7.000
-3.473,0.811,7.000
-3.688,0.846,7.000
-3.479,0.783,7.000
-3.482,0.770,7.000
-3.498,0.759,7.000
-3.475,0.740,7.000
-3.491,0.729,7.000
-3.732,0.764,7.000
-3.607,0.723,7.000
-3.763,0.739,7.000
-3.753,0.722,7.000
-3.583,0.675,7.000
-3.772,0.695,7.000
-3.762,0.678,7.000
-3.604,0.635,7.000
-3.593,0.618,7.000
-3.609,0.606,7.000
-3.598,0.590,7.000
-3.781,0.605,7.000
-3.609,0.563,7.000
-3.598,0.547,7.000
-3.775,0.558,7.000
-3.629,0.522,7.000
-3.836,0.537,7.000
-3.639,0.495,7.000
-3.602,0.475,7.000
-3.617,0.463,7.000
-3.632,0.450,7.000
-3.789,0.454,7.000
-3.726,0.432,7.000
-3.623,0.406,7.000
-3.691,0.399,7.000
-3.725,0.387,7.000
-3.892,0.389,7.000
-3.747,0.360,7.000
-3.901,0.359,7.000
-3.711,0.327,7.000
-3.725,0.314,7.000
-3.752,0.301,7.000
-3.894,0.297,7.000
-3.728,0.270,7.000
-3.736,0.255,7.000
-3.737,0.241,7.000
-3.744,0.226,7.000
-3.752,0.212,7.000
-3.733,0.196,7.000
-3.721,0.181,7.000
-3.844,0.172,7.000
-3.742,0.153,7.000
-3.959,0.146,7.000
-3.743,0.123,7.000
-3.991,0.116,7.000
-3.891,0.098,7.000
-3.744,0.079,7.000
-3.738,0.064,7.000
-3.911,0.052,7.000
-3.738,0.035,7.000
-3.886,0.021,7.000
-3.725,0.006,7.000
-3.861,-0.009,7.000
-3.738,-0.024,7.000
-3.731,-0.038,7.000
-3.841,-0.055,7.000
-4.005,-0.073,7.000
-3.860,-0.085,7.000
-3.847,-0.100,7.000
-4.010,-0.120,7.000
-3.858,-0.131,7.000
-3.996,-0.151,7.000
-3.832,-0.160,7.000
-3.857,-0.176,7.000
-4.001,-0.199,7.000
-3.830,-0.205,7.000
-3.999,-0.230,7.000
-3.828,-0.235,7.000
-3.833,-0.251,7.000
-3.832,-0.266,7.000
-3.838,-0.281,7.000
-3.969,-0.307,7.000
-3.848,-0.312,7.000
-3.935,-0.335,7.000
-3.782,-0.337,7.000
-3.716,-0.346,7.000
-3.849,-0.374,7.000
-3.841,-0.388,7.000
-3.846,-0.404,7.000
-3.914,-0.426,7.000
-3.760,-0.425,7.000
-3.706,-0.433,7.000
-3.877,-0.469,7.000
-3.696,-0.462,7.000
-3.923,-0.506,7.000
-3.718,-0.494,7.000
-3.710,-0.508,7.000
-3.867,-0.545,7.000
-3.712,-0.538,7.000
-3.704,-0.552,7.000
-3.708,-0.567,7.000
-3.712,-0.583,7.000
-3.729,-0.600,7.000
-3.695,-0.610,7.000
-3.679,-0.622,7.000
-3.867,-0.669,7.000
-3.700,-0.655,7.000
-3.849,-0.697,7.000
-3.663,-0.679,7.000
-3.837,-0.726,7.000
-3.664,-0.709,7.000
-3.661,-0.723,7.000
-3.841,-0.774,7.000
-3.674,-0.756,7.000
-3.841,-0.806,7.000
-3.668,-0.785,7.000
-3.834,-0.836,7.000
-3.662,-0.813,7.000
-3.734,-0.845,7.000
-3.674,-0.846,7.000
-3.740,-0.877,7.000
-3.724,-0.889,7.000
-3.721,-0.903,7.000
-3.717,-0.918,7.000
-3.732,-0.937,7.000
-3.863,-0.986,7.000
-3.706,-0.962,7.000
-3.739,-0.986,7.000
-3.717,-0.996,7.000
-3.707,-1.009,7.000
-3.903,-1.079,7.000
-3.705,-1.040,7.000
-3.676,-1.047,7.000
-3.854,-1.114,7.000
-3.692,-1.083,7.000
-3.694,-1.099,7.000
-3.671,-1.108,7.000
-3.667,-1.123,7.000
-3.669,-1.139,7.000
-3.658,-1.152,7.000
-3.798,-1.212,7.000
-3.655,-1.182,7.000
-3.650,-1.197,7.000
-3.621,-1.203,7.000
-3.647,-1.227,7.000
-3.660,-1.248,7.000
-3.792,-1.309,7.000
-3.620,-1.266,7.000
-3.740,-1.325,7.000
-3.747,-1.344,7.000
-3.599,-1.306,7.000
-3.812,-1.401,7.000
-3.601,-1.339,7.000
-3.772,-1.420,7.000
-3.566,-1.358,7.000
-3.590,-1.384,7.000
-3.543,-1.382,7.000
-3.574,-1.410,7.000
-3.562,-1.421,7.000
-3.562,-1.438,7.000
-3.539,-1.444,7.000
-3.708,-1.531,7.000
-3.545,-1.480,7.000
-3.545,-1.496,7.000
-3.539,-1.510,7.000
-3.695,-1.594,7.000
-3.638,-1.586,7.000
-3.521,-1.551,7.000
-3.766,-1.677,7.000
-3.515,-1.582,7.000
-3.491,-1.588,7.000
-3.485,-1.601,7.000
-3.484,-1.618,7.000
-3.495,-1.639,7.000
-3.466,-1.642,7.000
-3.465,-1.659,7.000
-3.595,-1.738,7.000
-3.486,-1.703,7.000
-3.609,-1.780,7.000
-3.438,-1.713,7.000
-3.403,-1.712,7.000
-3.419,-1.737,7.000
-3.429,-1.759,7.000
-3.417,-1.770,7.000
-3.555,-1.859,7.000
-3.386,-1.787,7.000
-3.407,-1.816,7.000
-3.394,-1.826,7.000
-3.393,-1.842,7.000
-3.385,-1.856,7.000
-3.494,-1.933,7.000
-3.508,-1.959,7.000
-3.457,-1.948,7.000
-3.345,-1.902,7.000
-3.337,-1.916,7.000
-3.330,-1.929,7.000
-3.333,-1.948,7.000
-3.314,-1.955,7.000
-3.251,-1.935,7.000
-3.310,-1.987,7.000
-3.258,-1.974,7.000
-3.300,-2.017,7.000
-3.171,-1.955,7.000
-3.180,-1.978,7.000
-3.183,-1.997,7.000
-3.219,-2.037,7.000
-3.151,-2.012,7.000
-3.320,-2.138,7.000
-3.140,-2.040,7.000
-3.132,-2.052,7.000
-3.119,-2.061,7.000
-3.127,-2.084,7.000
-3.097,-2.082,7.000
-3.105,-2.105,7.000
-3.198,-2.186,7.000
-3.083,-2.126,7.000
-3.080,-2.141,7.000
-3.066,-2.150,7.000
-3.084,-2.180,7.000
-3.185,-2.271,7.000
-3.077,-2.212,7.000
-3.037,-2.201,7.000
-3.018,-2.206,7.000
-3.004,-2.214,7.000
-3.078,-2.287,7.000
-3.075,-2.303,7.000
-3.076,-2.323,7.000
-3.067,-2.335,7.000
-3.177,-2.439,7.000
-3.048,-2.359,7.000
-3.024,-2.359,7.000
-3.019,-2.375,7.000
-3.015,-2.391,7.000
-2.981,-2.383,7.000
-3.109,-2.505,7.000
-2.962,-2.406,7.000
-3.099,-2.538,7.000
-2.963,-2.445,7.000
-2.973,-2.473,7.000
-3.064,-2.570,7.000
-2.934,-2.480,7.000
-3.207,-2.733,7.000
-2.919,-2.507,7.000
-2.904,-2.515,7.000
-2.894,-2.526,7.000
-2.879,-2.533,7.000
-2.992,-2.653,7.000
-2.916,-2.607,7.000
-2.849,-2.567,7.000
-2.858,-2.595,7.000
-2.829,-2.589,7.000
-2.828,-2.609,7.000
-2.813,-2.616,7.000
-2.918,-2.735,7.000
-2.779,-2.624,7.000
-2.782,-2.649,7.000
-2.777,-2.664,7.000
-2.766,-2.675,7.000
-2.737,-2.668,7.000
-2.857,-2.807,7.000
-2.716,-2.689,7.000
-2.782,-2.776,7.000
-2.859,-2.876,7.000
-2.698,-2.735,7.000
-2.762,-2.822,7.000
-2.791,-2.874,7.000
-2.670,-2.771,7.000
-2.654,-2.777,7.000
-2.644,-2.787,7.000
-2.633,-2.798,7.000
-2.792,-2.991,7.000
-2.619,-2.828,7.000
-2.723,-2.963,7.000
-2.571,-2.820,7.000
-2.573,-2.844,7.000
-2.579,-2.873,7.000
-2.576,-2.893,7.000
-2.640,-2.988,7.000
-2.636,-3.008,7.000
-2.529,-2.909,7.000
-2.633,-3.052,7.000
-2.510,-2.933,7.000
-2.490,-2.933,7.000
-2.467,-2.928,7.000
-2.528,-3.026,7.000
-2.464,-2.972,7.000
-2.468,-3.002,7.000
-2.587,-3.171,7.000
-2.453,-3.031,7.000
-2.519,-3.138,7.000
-2.393,-3.005,7.000
-2.381,-3.014,7.000
-2.474,-3.158,7.000
-2.408,-3.098,7.000
-2.377,-3.083,7.000
-2.441,-3.192,7.000
-2.371,-3.126,7.000
-2.412,-3.206,7.000
-2.354,-3.155,7.000
-2.427,-3.279,7.000
-2.374,-3.234,7.000
-2.261,-3.106,7.000
-2.301,-3.187,7.000
-2.292,-3.201,7.000
-2.220,-3.127,7.000
-2.317,-3.290,7.000
-2.240,-3.207,7.000
-2.309,-3.334,7.000
-2.236,-3.256,7.000
-2.209,-3.243,7.000
-2.146,-3.178,7.000
-2.141,-3.197,7.000
-2.174,-3.275,7.000
-2.185,-3.320,7.000
-2.148,-3.292,7.000
-2.223,-3.436,7.000
-2.115,-3.298,7.000
-2.119,-3.333,7.000
-2.195,-3.482,7.000
-2.073,-3.317,7.000
-2.073,-3.347,7.000
-2.057,-3.349,7.000
-2.037,-3.347,7.000
-2.034,-3.371,7.000
-2.024,-3.384,7.000
-2.001,-3.376,7.000
-2.000,-3.405,7.000
-1.964,-3.375,7.000
-1.964,-3.405,7.000
-1.947,-3.407,7.000
-2.017,-3.561,7.000
-1.886,-3.361,7.000
-1.983,-3.566,7.000
-1.875,-3.404,7.000
-1.844,-3.378,7.000
-1.878,-3.474,7.000
-1.868,-3.487,7.000
-1.921,-3.620,7.000
-1.864,-3.546,7.000
-1.792,-3.441,7.000
-1.827,-3.544,7.000
-1.747,-3.421,7.000
-1.838,-3.635,7.000
-1.763,-3.520,7.000
-1.709,-3.447,7.000
-1.704,-3.471,7.000
-1.751,-3.602,7.000
-1.699,-3.530,7.000
-1.726,-3.622,7.000
-1.633,-3.463,7.000
-1.663,-3.561,7.000
-1.714,-3.709,7.000
-1.624,-3.551,7.000
-1.664,-3.678,7.000
-1.596,-3.564,7.000
-1.551,-3.500,7.000
-1.576,-3.594,7.000
-1.623,-3.743,7.000
-1.517,-3.536,7.000
-1.565,-3.687,7.000
-1.489,-3.548,7.000
-1.502,-3.618,7.000
-1.528,-3.723,7.000
-1.476,-3.636,7.000
-1.443,-3.595,7.000
-1.450,-3.653,7.000
-1.429,-3.641,7.000
-1.419,-3.659,7.000
-1.416,-3.694,7.000
-1.445,-3.815,7.000
-1.373,-3.669,7.000
-1.363,-3.686,7.000
-1.347,-3.686,7.000
-1.334,-3.697,7.000
-1.311,-3.678,7.000
-1.355,-3.848,7.000
-1.295,-3.724,7.000
-1.274,-3.712,7.000
-1.251,-3.693,7.000
-1.245,-3.721,7.000
-1.234,-3.738,7.000
-1.219,-3.743,7.000
-1.252,-3.896,7.000
-1.186,-3.741,7.000
-1.170,-3.739,7.000
-1.132,-3.671,7.000
-1.158,-3.808,7.000
-1.111,-3.704,7.000
-1.137,-3.847,7.000
-1.080,-3.707,7.000
-1.109,-3.862,7.000
-1.042,-3.684,7.000
-1.075,-3.859,7.000
-1.022,-3.723,7.000
-0.999,-3.696,7.000
-0.989,-3.719,7.000
-1.011,-3.863,7.000
-0.957,-3.714,7.000
-0.959,-3.786,7.000
-0.909,-3.646,7.000
-0.891,-3.637,7.000
-0.869,-3.609,7.000
-0.897,-3.788,7.000
-0.850,-3.654,7.000
-0.861,-3.770,7.000
-0.814,-3.628,7.000
-0.804,-3.651,7.000
-0.791,-3.660,7.000
-0.806,-3.802,7.000
-0.759,-3.653,7.000
-0.785,-3.851,7.000
-0.733,-3.672,7.000
-0.724,-3.701,7.000
-0.706,-3.684,7.000
-0.722,-3.851,7.000
-0.673,-3.670,7.000
-0.667,-3.718,7.000
-0.645,-3.682,7.000
-0.632,-3.691,7.000
-0.620,-3.706,7.000
-0.623,-3.817,7.000
-0.613,-3.850,7.000
-0.595,-3.834,7.000
-0.559,-3.703,7.000
-0.545,-3.705,7.000
-0.548,-3.834,7.000
-0.539,-3.874,7.000
-0.499,-3.698,7.000
-0.510,-3.891,7.000
-0.475,-3.741,7.000
-0.468,-3.800,7.000
-0.473,-3.971,7.000
-0.440,-3.823,7.000
-0.444,-4.000,7.000
-0.426,-3.977,7.000
-0.390,-3.783,7.000
-0.396,-3.992,7.000
-0.363,-3.811,7.000
-0.364,-3.989,7.000
-0.334,-3.827,7.000
-0.318,-3.822,7.000
-0.305,-3.849,7.000
-0.302,-4.007,7.000
-0.273,-3.825,7.000
-0.259,-3.833,7.000
-0.254,-3.997,7.000
-0.230,-3.860,7.000
-0.207,-3.726,7.000
-0.193,-3.733,7.000
-0.179,-3.734,7.000
-0.164,-3.728,7.000
-0.149,-3.722,7.000
-0.141,-3.909,7.000
-0.120,-3.743,7.000
-0.107,-3.821,7.000
-0.088,-3.645,7.000
-0.074,-3.645,7.000
-0.060,-3.665,7.000
-0.048,-3.828,7.000
-0.031,-3.666,7.000
-0.017,-3.745,7.000
-0.002,-3.579,7.000
0.012,-3.566,7.000
0.026,-3.539,7.000
0.042,-3.744,7.000
0.054,-3.572,7.000
0.071,-3.737,7.000
0.082,-3.558,7.000
0.096,-3.565,7.000
0.109,-3.544,7.000
0.132,-3.788,7.000
0.137,-3.550,7.000
0.160,-3.754,7.000
0.173,-3.708,7.000
0.179,-3.548,7.000
0.194,-3.561,7.000
0.208,-3.560,7.000
0.222,-3.566,7.000
0.251,-3.795,7.000
0.258,-3.677,7.000
0.283,-3.818,7.000
0.285,-3.648,7.000
0.312,-3.803,7.000
0.314,-3.646,7.000
0.326,-3.625,7.000
0.358,-3.805,7.000
0.359,-3.668,7.000
0.380,-3.725,7.000
0.395,-3.730,7.000
0.408,-3.716,7.000
0.442,-3.880,7.000
0.439,-3.725,7.000
0.473,-3.883,7.000
0.469,-3.728,7.000
0.494,-3.810,7.000
0.519,-3.883,7.000
0.511,-3.710,7.000
0.559,-3.941,7.000
0.578,-3.964,7.000
0.576,-3.843,7.000
0.626,-4.069,7.000
0.596,-3.776,7.000
0.614,-3.792,7.000
0.688,-4.144,7.000
0.645,-3.794,7.000
0.657,-3.778,7.000
0.673,-3.782,7.000
0.693,-3.804,7.000
0.726,-3.901,7.000
0.742,-3.898,7.000
0.735,-3.784,7.000
0.749,-3.774,7.000
0.747,-3.689,7.000
0.791,-3.831,7.000
0.805,-3.821,7.000
0.788,-3.668,7.000
0.799,-3.652,7.000
0.853,-3.824,7.000
0.835,-3.677,7.000
0.883,-3.817,7.000
0.855,-3.632,7.000
0.907,-3.785,7.000
0.887,-3.638,7.000
0.901,-3.635,7.000
0.937,-3.719,7.000
0.910,-3.551,7.000
0.919,-3.528,7.000
0.936,-3.538,7.000
0.950,-3.534,7.000
0.936,-3.427,7.000
1.001,-3.608,7.000
0.965,-3.426,7.000
1.025,-3.588,7.000
0.990,-3.412,7.000
1.048,-3.561,7.000
1.068,-3.576,7.000
1.032,-3.407,7.000
1.094,-3.561,7.000
1.058,-3.398,7.000
1.100,-3.483,7.000
1.058,-3.306,7.000
1.127,-3.474,7.000
1.088,-3.311,7.000
1.104,-3.313,7.000
1.108,-3.283,7.000
1.123,-3.285,7.000
1.134,-3.274,7.000
1.137,-3.243,7.000
1.150,-3.239,7.000
1.222,-3.400,7.000
1.249,-3.432,7.000
1.198,-3.251,7.000
1.276,-3.423,7.000
1.226,-3.248,7.000
1.241,-3.249,7.000
1.249,-3.232,7.000
1.264,-3.233,7.000
1.336,-3.378,7.000
1.322,-3.305,7.000
1.433,-3.543,7.000
1.353,-3.307,7.000
1.419,-3.430,7.000
1.376,-3.290,7.000
1.384,-3.272,7.000
1.405,-3.285,7.000
1.410,-3.261,7.000
1.428,-3.268,7.000
1.552,-3.514,7.000
1.442,-3.232,7.000
1.455,-3.226,7.000
1.515,-3.324,7.000
1.480,-3.215,7.000
1.504,-3.233,7.000
1.557,-3.312,7.000
1.541,-3.245,7.000
1.528,-3.185,7.000
1.627,-3.358,7.000
1.565,-3.197,7.000
1.654,-3.345,7.000
1.596,-3.197,7.000
1.674,-3.320,7.000
1.618,-3.178,7.000
1.630,-3.172,7.000
1.725,-3.324,7.000
1.652,-3.153,7.000
1.745,-3.298,7.000
1.686,-3.157,7.000
1.774,-3.290,7.000
1.711,-3.144,7.000
1.668,-3.036,7.000
1.768,-3.189,7.000
1.695,-3.029,7.000
1.790,-3.169,7.000
1.729,-3.034,7.000
1.734,-3.015,7.000
1.824,-3.142,7.000
1.709,-2.918,7.000
1.724,-2.917,7.000
1.819,-3.051,7.000
1.733,-2.880,7.000
1.840,-3.031,7.000
1.755,-2.866,7.000
1.864,-3.017,7.000
1.875,-3.009,7.000
1.796,-2.857,7.000
1.895,-2.989,7.000
1.811,-2.831,7.000
1.901,-2.945,7.000
1.864,-2.863,7.000
1.844,-2.810,7.000
1.867,-2.820,7.000
2.039,-3.054,7.000
1.881,-2.794,7.000
1.988,-2.928,7.000
1.883,-2.750,7.000
1.862,-2.696,7.000
1.968,-2.826,7.000
1.936,-2.756,7.000
1.890,-2.668,7.000
1.909,-2.672,7.000
2.017,-2.800,7.000
1.930,-2.657,7.000
2.055,-2.806,7.000
1.942,-2.631,7.000
1.948,-2.617,7.000
2.059,-2.744,7.000
1.973,-2.608,7.000
2.093,-2.744,7.000
2.006,-2.609,7.000
2.003,-2.584,7.000
2.133,-2.730,7.000
2.011,-2.552,7.000
2.029,-2.555,7.000
2.148,-2.683,7.000
2.045,-2.533,7.000
2.073,-2.547,7.000
2.197,-2.679,7.000
2.093,-2.531,7.000
2.218,-2.661,7.000
2.108,-2.509,7.000
2.100,-2.479,7.000
2.114,-2.476,7.000
2.233,-2.595,7.000
2.124,-2.449,7.000
2.161,-2.472,7.000
2.304,-2.615,7.000
2.153,-2.424,7.000
2.306,-2.576,7.000
2.162,-2.396,7.000
2.247,-2.471,7.000
2.147,-2.342,7.000
2.142,-2.318,7.000
2.165,-2.325,7.000
2.286,-2.435,7.000
2.193,-2.318,7.000
2.208,-2.315,7.000
2.217,-2.306,7.000
2.211,-2.282,7.000
2.220,-2.273,7.000
2.259,-2.295,7.000
2.313,-2.332,7.000
2.317,-2.318,7.000
2.326,-2.308,7.000
2.350,-2.314,7.000
2.354,-2.300,7.000
2.363,-2.291,7.000
2.352,-2.262,7.000
2.496,-2.382,7.000
2.405,-2.277,7.000
2.383,-2.239,7.000
2.392,-2.229,7.000
2.421,-2.239,7.000
2.548,-2.337,7.000
2.418,-2.201,7.000
2.576,-2.327,7.000
2.435,-2.182,7.000
2.584,-2.297,7.000
2.458,-2.167,7.000
2.618,-2.290,7.000
2.464,-2.139,7.000
2.494,-2.148,7.000
2.561,-2.188,7.000
2.494,-2.114,7.000
2.636,-2.216,7.000
2.511,-2.095,7.000
2.519,-2.085,7.000
2.533,-2.079,7.000
2.525,-2.056,7.000
2.684,-2.168,7.000
2.563,-2.054,7.000
2.565,-2.039,7.000
2.557,-2.016,7.000
2.587,-2.023,7.000
2.589,-2.009,7.000
2.597,-1.999,7.000
2.622,-2.001,7.000
2.629,-1.991,7.000
2.626,-1.972,7.000
2.639,-1.966,7.000
2.636,-1.947,7.000
2.643,-1.937,7.000
2.634,-1.914,7.000
2.612,-1.883,7.000
2.802,-2.003,7.000
2.793,-1.980,7.000
2.681,-1.885,7.000
2.677,-1.866,7.000
2.614,-1.807,7.000
2.638,-1.809,7.000
2.646,-1.798,7.000
2.884,-1.944,7.000
2.677,-1.789,7.000
2.831,-1.876,7.000
2.855,-1.876,7.000
2.740,-1.785,7.000
2.753,-1.778,7.000
2.900,-1.857,7.000
2.919,-1.853,7.000
2.774,-1.745,7.000
2.928,-1.826,7.000
2.799,-1.731,7.000
2.782,-1.705,7.000
2.961,-1.799,7.000
2.801,-1.687,7.000
2.969,-1.772,7.000
2.820,-1.668,7.000
2.983,-1.749,7.000
2.840,-1.650,7.000
2.846,-1.638,7.000
2.991,-1.706,7.000
2.853,-1.613,7.000
3.005,-1.683,7.000
2.859,-1.587,7.000
2.865,-1.575,7.000
2.945,-1.604,7.000
2.884,-1.556,7.000
2.871,-1.535,7.000
2.896,-1.533,7.000
3.007,-1.577,7.000
2.945,-1.530,7.000
2.939,-1.512,7.000
3.075,-1.567,7.000
3.019,-1.524,7.000
3.031,-1.515,7.000
3.130,-1.548,7.000
3.031,-1.485,7.000
2.936,-1.424,7.000
3.036,-1.458,7.000
2.972,-1.413,7.000
3.054,-1.437,7.000
3.015,-1.404,7.000
3.065,-1.413,7.000
3.070,-1.401,7.000
3.019,-1.363,7.000
3.081,-1.377,7.000
3.087,-1.365,7.000
3.243,-1.418,7.000
3.097,-1.340,7.000
3.284,-1.406,7.000
3.265,-1.383,7.000
3.119,-1.306,7.000
3.124,-1.294,7.000
3.136,-1.284,7.000
3.128,-1.267,7.000
3.146,-1.260,7.000
3.047,-1.206,7.000
3.149,-1.232,7.000
3.148,-1.218,7.000
3.139,-1.200,7.000
3.052,-1.153,7.000
3.378,-1.261,7.000
3.121,-1.151,7.000
3.092,-1.127,7.000
3.083,-1.110,7.000
3.180,-1.131,7.000
3.243,-1.139,7.000
3.176,-1.101,7.000
3.094,-1.059,7.000
3.111,-1.051,7.000
3.162,-1.055,7.000
3.126,-1.029,7.000
3.366,-1.093,7.000
3.214,-1.030,7.000
3.111,-0.984,7.000
3.359,-1.048,7.000
3.159,-0.972,7.000
3.289,-0.997,7.000
3.153,-0.943,7.000
3.157,-0.930,7.000
3.140,-0.912,7.000
3.157,-0.904,7.000
3.134,-0.883,7.000
3.351,-0.931,7.000
3.195,-0.874,7.000
3.151,-0.848,7.000
3.154,-0.836,7.000
3.178,-0.829,7.000
3.408,-0.875,7.000
3.516,-0.888,7.000
3.221,-0.800,7.000
3.183,-0.777,7.000
3.200,-0.768,7.000
3.372,-0.795,7.000
3.172,-0.735,7.000
3.365,-0.766,7.000
3.212,-0.718,7.000
3.269,-0.717,7.000
3.299,-0.710,7.000
3.213,-0.678,7.000
3.379,-0.699,7.000
3.205,-0.650,7.000
3.411,-0.678,7.000
3.326,-0.648,7.000
3.483,-0.664,7.000
3.466,-0.647,7.000
3.320,-0.606,7.000
3.309,-0.590,7.000
3.318,-0.579,7.000
3.515,-0.599,7.000
3.315,-0.551,7.000
3.311,-0.537,7.000
3.347,-0.530,7.000
3.504,-0.540,7.000
3.331,-0.500,7.000
3.298,-0.482,7.000
3.334,-0.474,7.000
3.513,-0.485,7.000
3.310,-0.444,7.000
3.622,-0.471,7.000
3.335,-0.421,7.000
3.343,-0.408,7.000
3.345,-0.395,7.000
3.523,-0.402,7.000
3.375,-0.372,7.000
3.377,-0.359,7.000
3.344,-0.342,7.000
3.393,-0.334,7.000
3.442,-0.325,7.000
3.403,-0.308,7.000
3.513,-0.304,7.000
3.336,-0.275,7.000
3.542,-0.278,7.000
3.359,-0.250,7.000
3.346,-0.236,7.000
3.374,-0.225,7.000
3.375,-0.212,7.000
3.383,-0.199,7.000
3.356,-0.184,7.000
3.371,-0.172,7.000
3.508,-0.165,7.000
3.536,-0.152,7.000
3.372,-0.132,7.000
3.571,-0.125,7.000
3.578,-0.112,7.000
3.367,-0.092,7.000
3.367,-0.079,7.000
3.388,-0.066,7.000
3.374,-0.052,7.000
3.546,-0.041,7.000
3.347,-0.026,7.000
3.478,-0.013,7.000
3.326,0.001,7.000
3.354,0.014,7.500
3.532,0.029,7.500
3.382,0.041,7.500
3.559,0.057,7.500
3.374,0.067,7.500
3.545,0.084,7.500
3.531,0.098,7.500
3.289,0.104,7.500
3.462,0.123,7.500
3.281,0.130,7.500
3.274,0.142,7.500
3.266,0.155,7.500
3.453,0.177,7.500
3.258,0.180,7.500
3.271,0.194,7.500
3.263,0.206,7.500
3.443,0.231,7.500
3.255,0.231,7.500
3.289,0.247,7.500
3.231,0.255,7.500
3.273,0.271,7.500
3.300,0.287,7.500
3.235,0.294,7.500
3.304,0.313,7.500
3.275,0.324,7.500
3.260,0.335,7.500
3.258,0.348,7.500
3.402,0.377,7.500
3.256,0.373,7.500
3.494,0.415,7.500
3.274,0.401,7.500
3.272,0.414,7.500
3.326,0.434,7.500
3.331,0.448,7.500
3.343,0.463,7.500
3.524,0.503,7.500
3.325,0.488,7.500
3.323,0.501,7.500
3.504,0.542,7.500
3.333,0.529,7.500
3.506,0.571,7.500
3.504,0.584,7.500
3.482,0.595,7.500
3.318,0.580,7.500
3.315,0.593,7.500
3.327,0.609,7.500
3.317,0.620,7.500
3.483,0.666,7.500
3.500,0.683,7.500
3.398,0.677,7.500
3.462,0.704,7.500
3.264,0.677,7.500
3.462,0.733,7.500
3.285,0.709,7.500
3.303,0.726,7.500
3.584,0.802,7.500
3.284,0.749,7.500
3.461,0.803,7.500
3.457,0.817,7.500
3.295,0.792,7.500
3.278,0.802,7.500
3.480,0.866,7.500
3.272,0.828,7.500
3.434,0.883,7.500
3.265,0.853,7.500
3.282,0.872,7.500
3.449,0.931,7.500
3.268,0.895,7.500
3.403,0.947,7.500
3.254,0.919,7.500
3.231,0.926,7.500
3.333,0.970,7.500
3.136,0.926,7.500
3.226,0.966,7.500
3.142,0.955,7.500
3.159,0.973,7.500
3.307,1.033,7.500
3.117,0.987,7.500
3.140,1.008,7.500
3.130,1.018,7.500
3.112,1.026,7.500
3.121,1.043,7.500
3.282,1.111,7.500
3.100,1.063,7.500
3.266,1.134,7.500
3.011,1.059,7.500
2.993,1.066,7.500
3.009,1.085,7.500
3.111,1.135,7.500
2.994,1.106,7.500
2.969,1.110,7.500
3.143,1.189,7.500
2.967,1.136,7.500
2.963,1.148,7.500
2.972,1.165,7.500
3.124,1.239,7.500
2.956,1.185,7.500
3.102,1.258,7.500
2.946,1.208,7.500
2.928,1.214,7.500
2.923,1.226,7.500
3.088,1.309,7.500
2.920,1.252,7.500
2.922,1.266,7.500
2.904,1.272,7.500
3.022,1.338,7.500
2.907,1.300,7.500
2.882,1.303,7.500
2.890,1.320,7.500
2.885,1.332,7.500
2.886,1.346,7.500
3.226,1.520,7.500
2.875,1.369,7.500
2.947,1.417,7.500
3.023,1.468,7.500
2.775,1.361,7.500
3.024,1.498,7.500
3.012,1.507,7.500
2.817,1.423,7.500
2.994,1.527,7.500
2.831,1.458,7.500
2.988,1.554,7.500
2.826,1.484,7.500
2.820,1.495,7.500
2.963,1.586,7.500
2.821,1.524,7.500
2.796,1.525,7.500
2.765,1.522,7.500
2.784,1.547,7.500
2.771,1.554,7.500
2.931,1.659,7.500
2.759,1.576,7.500
2.882,1.661,7.500
2.659,1.546,7.500
2.634,1.546,7.500
2.678,1.586,7.500
2.879,1.720,7.500
2.800,1.688,7.500
2.634,1.602,7.500
2.609,1.601,7.500
2.634,1.630,7.500
2.615,1.633,7.500
2.785,1.754,7.500
2.590,1.646,7.500
2.753,1.764,7.500
2.595,1.678,7.500
2.619,1.708,7.500
2.546,1.674,7.500
2.576,1.708,7.500
2.569,1.718,7.500
2.556,1.725,7.500
2.549,1.735,7.500
2.684,1.842,7.500
2.535,1.755,7.500
2.517,1.756,7.500
2.498,1.758,7.500
2.443,1.733,7.500
2.412,1.726,7.500
2.405,1.735,7.500
2.639,1.919,7.500
2.391,1.754,7.500
2.408,1.781,7.500
2.395,1.786,7.500
2.382,1.791,7.500
2.381,1.805,7.500
2.479,1.894,7.500
2.517,1.939,7.500
2.371,1.842,7.500
2.335,1.828,7.500
2.544,2.008,7.500
2.326,1.851,7.500
2.388,1.916,7.500
2.254,1.822,7.500
2.247,1.831,7.500
2.204,1.811,7.500
2.215,1.834,7.500
2.208,1.843,7.500
2.206,1.857,7.500
2.181,1.851,7.500
2.186,1.869,7.500
2.161,1.863,7.500
2.165,1.881,7.500
2.169,1.900,7.500
2.301,2.031,7.500
2.149,1.912,7.500
2.295,2.059,7.500
2.271,2.053,7.500
2.241,2.042,7.500
2.102,1.930,7.500
2.241,2.075,7.500
2.114,1.972,7.500
2.117,1.991,7.500
2.211,2.096,7.500
2.080,1.986,7.500
2.072,1.995,7.500
2.197,2.132,7.500
2.051,2.006,7.500
2.154,2.123,7.500
2.045,2.032,7.500
2.127,2.130,7.500
1.960,1.978,7.500
2.000,2.035,7.500
2.112,2.165,7.500
1.915,1.979,7.500
1.929,2.009,7.500
1.916,2.011,7.500
2.057,2.177,7.500
2.099,2.238,7.500
1.902,2.044,7.500
2.001,2.168,7.500
1.865,2.037,7.500
1.984,2.184,7.500
1.859,2.063,7.500
1.841,2.058,7.500
1.823,2.054,7.500
1.825,2.073,7.500
1.966,2.250,7.500
1.809,2.087,7.500
1.938,2.255,7.500
1.817,2.130,7.500
1.734,2.049,7.500
1.839,2.191,7.500
1.888,2.268,7.500
1.700,2.058,7.500
1.721,2.100,7.500
1.684,2.071,7.500
1.695,2.102,7.500
1.662,2.078,7.500
1.654,2.085,7.500
1.646,2.091,7.500
1.638,2.097,7.500
1.625,2.098,7.500
1.621,2.110,7.500
1.613,2.117,7.500
1.720,2.276,7.500
1.592,2.123,7.500
1.702,2.290,7.500
1.589,2.154,7.500
1.689,2.309,7.500
1.572,2.167,7.500
1.550,2.154,7.500
1.541,2.160,7.500
1.665,2.354,7.500
1.643,2.342,7.500
1.698,2.440,7.500
1.520,2.203,7.500
1.503,2.196,7.500
1.503,2.215,7.500
1.481,2.201,7.500
1.654,2.479,7.500
1.464,2.213,7.500
1.565,2.386,7.500
1.455,2.238,7.500
1.542,2.392,7.500
1.425,2.229,7.500
1.523,2.404,7.500
1.411,2.247,7.500
1.406,2.259,7.500
1.389,2.251,7.500
1.389,2.270,7.500
1.380,2.276,7.500
1.359,2.261,7.500
1.452,2.438,7.500
1.357,2.298,7.500
1.433,2.450,7.500
1.335,2.302,7.500
1.318,2.294,7.500
1.320,2.319,7.500
1.307,2.318,7.500
1.295,2.316,7.500
1.397,2.522,7.500
1.299,2.367,7.500
1.222,2.248,7.500
1.431,2.657,7.500
1.204,2.258,7.500
1.272,2.408,7.500
1.187,2.267,7.500
1.250,2.411,7.500
1.161,2.262,7.500
1.334,2.624,7.500
1.151,2.285,7.500
1.225,2.458,7.500
1.126,2.280,7.500
1.113,2.277,7.500
1.108,2.289,7.500
1.190,2.484,7.500
1.187,2.502,7.500
1.164,2.479,7.500
1.038,2.234,7.500
1.022,2.223,7.500
1.060,2.329,7.500
1.087,2.412,7.500
0.996,2.235,7.500
0.978,2.217,7.500
0.982,2.250,7.500
0.973,2.254,7.500
1.042,2.440,7.500
0.949,2.247,7.500
0.959,2.295,7.500
0.980,2.372,7.500
1.042,2.549,7.500
0.953,2.358,7.500
1.019,2.550,7.500
0.943,2.387,7.500
1.068,2.735,7.500
0.921,2.387,7.500
0.981,2.573,7.500
0.902,2.394,7.500
0.969,2.602,7.500
0.864,2.349,7.500
0.877,2.412,7.500
0.867,2.416,7.500
0.918,2.588,7.500
0.848,2.423,7.500
0.900,2.603,7.500
0.819,2.399,7.500
0.815,2.417,7.500
0.869,2.613,7.500
0.796,2.424,7.500
0.863,2.664,7.500
0.779,2.437,7.500
0.767,2.433,7.500
0.760,2.443,7.500
0.741,2.416,7.500
0.747,2.472,7.500
0.738,2.475,7.500
0.806,2.745,7.500
0.701,2.420,7.500
0.755,2.648,7.500
0.701,2.494,7.500
0.691,2.497,7.500
0.675,2.476,7.500
0.663,2.471,7.500
0.721,2.729,7.500
0.671,2.583,7.500
0.650,2.540,7.500
0.653,2.596,7.500
0.641,2.591,7.500
0.681,2.802,7.500
0.622,2.603,7.500
0.652,2.778,7.500
0.597,2.585,7.500
0.627,2.768,7.500
0.578,2.598,7.500
0.566,2.592,7.500
0.556,2.594,7.500
0.591,2.814,7.500
0.539,2.614,7.500
0.569,2.819,7.500
0.517,2.610,7.500
0.508,2.620,7.500
0.536,2.825,7.500
0.487,2.624,7.500
0.515,2.837,7.500
0.461,2.597,7.500
0.454,2.614,7.500
0.458,2.700,7.500
0.436,2.633,7.500
0.457,2.832,7.500
0.430,2.736,7.500
0.408,2.661,7.500
0.429,2.874,7.500
0.422,2.905,7.500
0.387,2.742,7.500
0.402,2.931,7.500
0.393,2.947,7.500
0.353,2.731,7.500
0.368,2.935,7.500
0.335,2.764,7.500
0.324,2.766,7.500
0.313,2.759,7.500
0.299,2.738,7.500
0.316,3.001,7.500
0.279,2.755,7.500
0.269,2.756,7.500
0.267,2.856,7.500
0.246,2.751,7.500
0.244,2.858,7.500
0.242,2.963,7.500
0.223,2.875,7.500
0.226,3.060,7.500
0.200,2.861,7.500
0.188,2.855,7.500
0.177,2.855,7.500
0.177,3.056,7.500
0.154,2.849,7.500
0.144,2.880,7.500
0.132,2.873,7.500
0.121,2.881,7.500
0.113,2.963,7.500
0.099,2.882,7.500
0.090,2.964,7.500
0.078,2.957,7.500
0.067,2.987,7.500
0.055,2.987,7.500
0.043,2.950,7.500
0.032,3.010,7.500
0.020,2.943,7.500
0.008,2.966,7.500
-0.003,2.966,7.500
-0.016,3.163,7.500
-0.027,2.973,7.500
-0.042,3.241,7.500
-0.052,3.076,7.500
-0.064,3.097,7.500
-0.076,3.090,7.500
-0.093,3.261,7.500
-0.101,3.096,7.500
-0.113,3.089,7.500
-0.131,3.253,7.500
-0.137,3.088,7.500
-0.157,3.259,7.500
-0.161,3.086,7.500
-0.188,3.349,7.500
-0.194,3.222,7.500
-0.198,3.099,7.500
-0.216,3.170,7.500
-0.229,3.183,7.500
-0.245,3.232,7.500
-0.251,3.146,7.500
-0.281,3.356,7.500
-0.278,3.172,7.500
-0.306,3.340,7.500
-0.301,3.149,7.500
-0.316,3.176,7.500
-0.328,3.168,7.500
-0.342,3.180,7.500
-0.373,3.347,7.500
-0.363,3.142,7.500
-0.388,3.247,7.500
-0.402,3.252,7.500
-0.411,3.223,7.500
-0.427,3.249,7.500
-0.463,3.419,7.500
-0.455,3.259,7.500
-0.467,3.251,7.500
-0.482,3.270,7.500
-0.489,3.226,7.500
-0.505,3.245,7.500
-0.514,3.222,7.500
-0.531,3.248,7.500
-0.540,3.218,7.500
-0.553,3.223,7.500
-0.590,3.358,7.500
-0.582,3.239,7.500
-0.591,3.216,7.500
-0.607,3.227,7.500
-0.617,3.211,7.500
-0.669,3.413,7.500
-0.646,3.227,7.500
-0.692,3.388,7.500
-0.670,3.215,7.500
-0.691,3.253,7.500
-0.710,3.278,7.500
-0.748,3.390,7.500
-0.720,3.204,7.500
-0.796,3.476,7.500
-0.766,3.287,7.500
-0.784,3.304,7.500
-0.775,3.213,7.500
-0.847,3.450,7.500
-0.819,3.281,7.500
-0.887,3.495,7.500
-0.850,3.295,7.500
-0.860,3.278,7.500
-0.862,3.234,7.500
-0.882,3.258,7.500
-0.931,3.386,7.500
-0.942,3.376,7.500
-0.920,3.247,7.500
-0.935,3.250,7.500
-0.948,3.246,7.500
-0.954,3.223,7.500
-1.020,3.396,7.500
-0.990,3.248,7.500
-1.001,3.238,7.500
-1.032,3.293,7.500
-1.053,3.315,7.500
-1.053,3.272,7.500
-1.081,3.313,7.500
-1.094,3.309,7.500
-1.103,3.291,7.500
-1.129,3.326,7.500
-1.177,3.423,7.500
-1.139,3.272,7.500
-1.143,3.241,7.500
-1.179,3.301,7.500
-1.239,3.429,7.500
-1.198,3.273,7.500
-1.210,3.268,7.500
-1.228,3.276,7.500
-1.231,3.246,7.500
-1.307,3.404,7.500
-1.249,3.217,7.500
-1.267,3.224,7.500
-1.290,3.245,7.500
-1.406,3.499,7.500
-1.302,3.203,7.500
-1.325,3.223,7.500
-1.327,3.193,7.500
-1.377,3.275,7.500
-1.421,3.343,7.500
-1.408,3.276,7.500
-1.413,3.252,7.500
-1.436,3.271,7.500
-1.433,3.229,7.500
-1.445,3.223,7.500
-1.455,3.211,7.500
-1.559,3.405,7.500
-1.500,3.243,7.500
-1.504,3.218,7.500
-1.520,3.219,7.500
-1.535,3.219,7.500
-1.625,3.373,7.500
-1.558,3.200,7.500
-1.649,3.355,7.500
-1.586,3.194,7.500
-1.589,3.170,7.500
-1.798,3.551,7.500
-1.626,3.181,7.500
-1.712,3.316,7.500
-1.645,3.156,7.500
-1.645,3.126,7.500
-1.757,3.307,7.500
-1.688,3.149,7.500
-1.720,3.177,7.500
-1.792,3.280,7.500
-1.703,3.087,7.500
-1.731,3.110,7.500
-1.740,3.097,7.500
-1.841,3.246,7.500
-1.764,3.083,7.500
-1.873,3.243,7.500
-1.789,3.070,7.500
-1.814,3.086,7.500
-1.813,3.055,7.500
-1.876,3.134,7.500
-1.840,3.047,7.500
-1.863,3.057,7.500
-1.864,3.032,7.500
-1.879,3.031,7.500
-1.884,3.012,7.500
-1.910,3.027,7.500
-1.915,3.008,7.500
-1.927,3.001,7.500
-2.021,3.121,7.500
-1.947,2.980,7.500
-1.962,2.978,7.500
-1.974,2.970,7.500
-1.982,2.957,7.500
-2.049,3.032,7.500
-2.106,3.089,7.500
-2.069,3.010,7.500
-2.178,3.141,7.500
-2.085,2.983,7.500
-2.108,2.991,7.500
-2.124,2.988,7.500
-2.140,2.985,7.500
-2.239,3.098,7.500
-2.171,2.979,7.500
-2.167,2.949,7.500
-2.163,2.919,7.500
-2.190,2.932,7.500
-2.213,2.939,7.500
-2.335,3.075,7.500
-2.240,2.927,7.500
-2.323,3.011,7.500
-2.239,2.878,7.500
-2.367,3.018,7.500
-2.274,2.876,7.500
-2.382,2.989,7.500
-2.321,2.888,7.500
-2.349,2.900,7.500
-2.446,2.995,7.500
-2.317,2.815,7.500
-2.387,2.877,7.500
-2.339,2.797,7.500
-2.517,2.986,7.500
-2.529,2.976,7.500
-2.436,2.844,7.500
-2.560,2.965,7.500
-2.463,2.830,7.500
-2.461,2.805,7.500
-2.587,2.925,7.500
-2.607,2.925,7.500
-2.507,2.790,7.500
-2.509,2.771,7.500
-2.533,2.775,7.500
-2.535,2.756,7.500
-2.655,2.864,7.500
-2.543,2.722,7.500
-2.682,2.847,7.500
-2.697,2.841,7.500
-2.593,2.710,7.500
-2.724,2.825,7.500
-2.726,2.805,7.500
-2.621,2.675,7.500
-2.753,2.788,7.500
-2.641,2.654,7.500
-2.779,2.771,7.500
-2.672,2.643,7.500
-2.774,2.722,7.500
-2.688,2.617,7.500
-2.702,2.611,7.500
-2.703,2.591,7.500
-2.894,2.752,7.500
-2.709,2.556,7.500
-2.842,2.660,7.500
-2.734,2.540,7.500
-2.754,2.538,7.500
-2.764,2.527,7.500
-2.778,2.520,7.500
-2.754,2.479,7.500
-2.865,2.559,7.500
-2.923,2.589,7.500
-2.818,2.476,7.500
-2.939,2.562,7.500
-2.847,2.463,7.500
-2.896,2.485,7.500
-2.776,2.364,7.500
-2.791,2.357,7.500
-2.810,2.354,7.500
-2.850,2.369,7.500
-2.818,2.324,7.500
-2.812,2.300,7.500
-2.841,2.306,7.500
-2.840,2.286,7.500
-2.854,2.279,7.500
-2.996,2.373,7.500
-2.883,2.265,7.500
-3.070,2.393,7.500
-2.864,2.214,7.500
-2.899,2.223,7.500
-2.975,2.263,7.500
-3.138,2.367,7.500
-2.930,2.192,7.500
-2.922,2.169,7.500
-2.883,2.122,7.500
-3.003,2.193,7.500
-2.964,2.146,7.500
-3.094,2.222,7.500
-2.981,2.123,7.500
-2.989,2.111,7.500
-3.019,2.114,7.500
-3.000,2.084,7.500
-3.132,2.157,7.500
-3.022,2.064,7.500
-3.030,2.052,7.500
-3.032,2.036,7.500
-3.160,2.104,7.500
-3.037,2.005,7.500
-3.209,2.100,7.500
-3.059,1.985,7.500
-3.083,1.984,7.500
-3.080,1.964,7.500
-3.093,1.956,7.500
-3.095,1.940,7.500
-3.241,2.014,7.500
-3.116,1.919,7.500
-3.251,1.985,7.500
-3.119,1.888,7.500
-3.149,1.889,7.500
-3.157,1.877,7.500
-3.124,1.841,7.500
-3.149,1.838,7.500
-3.314,1.917,7.500
-3.157,1.810,7.500
-3.323,1.888,7.500
-3.171,1.785,7.500
-3.196,1.783,7.500
-3.214,1.776,7.500
-3.210,1.758,7.500
-3.251,1.764,7.500
-3.223,1.732,7.500
-3.277,1.744,7.500
-3.295,1.738,7.500
-3.461,1.808,7.500
-3.279,1.697,7.500
-3.504,1.795,7.500
-3.328,1.688,7.500
-3.358,1.687,7.500
-3.353,1.668,7.500
-3.509,1.729,7.500
-3.521,1.718,7.500
-3.494,1.687,7.500
-3.378,1.615,7.500
-3.379,1.599,7.500
-3.361,1.575,7.500
-3.397,1.575,7.500
-3.624,1.663,7.500
-3.427,1.557,7.500
-3.504,1.575,7.500
-3.427,1.524,7.500
-3.343,1.471,7.500
-3.337,1.453,7.500
-3.373,1.453,7.500
-3.354,1.429,7.500
-3.651,1.539,7.500
-3.426,1.428,7.500
-3.563,1.469,7.500
-3.376,1.376,7.500
-3.369,1.358,7.500
-3.393,1.352,7.500
-3.639,1.434,7.500
-3.416,1.330,7.500
-3.579,1.377,7.500
-3.408,1.296,7.500
-3.419,1.285,7.500
-3.430,1.274,7.500
-3.435,1.261,7.500
-3.447,1.249,7.500
-3.464,1.240,7.500
-3.475,1.229,7.500
-3.455,1.206,7.500
-3.583,1.235,7.500
-3.452,1.175,7.500
-3.469,1.166,7.500
-3.461,1.148,7.500
-3.699,1.211,7.500
-3.476,1.123,7.500
-3.512,1.119,7.500
-3.560,1.119,7.500
-3.520,1.091,7.500
-3.493,1.068,7.500
-3.523,1.062,7.500
-3.514,1.044,7.500
-3.736,1.094,7.500
-3.715,1.072,7.500
-3.608,1.026,7.500
-3.600,1.008,7.500
-3.622,0.999,7.500
-3.877,1.053,7.500
-3.766,1.007,7.500
-3.703,0.975,7.500
-3.606,0.934,7.500
-3.629,0.925,7.500
-3.620,0.907,7.500
-3.629,0.895,7.500
-3.646,0.883,7.500
-3.649,0.869,7.500
-3.646,0.853,7.500
-3.649,0.839,7.500
-3.627,0.819,7.500
-3.662,0.812,7.500
-3.810,0.829,7.500
-3.819,0.815,7.500
-3.640,0.762,7.500
-3.825,0.785,7.500
-3.684,0.741,7.500
-3.844,0.757,7.500
-3.664,0.707,7.500
-3.686,0.696,7.500
-3.657,0.676,7.500
-3.698,0.668,7.500
-3.700,0.654,7.500
-3.984,0.688,7.500
-3.838,0.647,7.500
-3.866,0.636,7.500
-3.717,0.596,7.500
-3.795,0.594,7.500
-3.708,0.565,7.500
-3.800,0.564,7.500
-3.770,0.544,7.500
-3.798,0.533,7.500
-3.697,0.504,7.500
-4.075,0.540,7.500
-3.797,0.488,7.500
-3.938,0.490,7.500
-3.827,0.461,7.500
-3.822,0.445,7.500
-3.836,0.431,7.500
-3.742,0.406,7.500
-3.737,0.391,7.500
-3.809,0.383,7.500
-3.824,0.369,7.500
-3.825,0.354,7.500
-3.852,0.341,7.500
-4.102,0.347,7.500
-3.835,0.310,7.500
-3.994,0.307,7.500
-3.838,0.279,7.500
-3.839,0.264,7.500
-3.795,0.246,7.500
-3.986,0.243,7.500
-3.854,0.220,7.500
-3.830,0.203,7.500
-3.837,0.189,7.500
-3.989,0.180,7.500
-3.851,0.159,7.500
-3.800,0.142,7.500
-4.016,0.134,7.500
-3.801,0.112,7.500
-3.847,0.098,7.500
-4.103,0.089,7.500
-3.873,0.069,7.500
-3.828,0.053,7.500
-3.860,0.038,7.500
-3.841,0.023,7.500
-3.848,0.008,7.500
-4.049,-0.008,7.500
-4.005,-0.024,7.500
-3.854,-0.038,7.500
-3.854,-0.053,7.500
-3.860,-0.068,7.500
-3.847,-0.083,7.500
-3.998,-0.102,7.500
-3.846,-0.113,7.500
-3.852,-0.129,7.500
-3.902,-0.146,7.500
-3.838,-0.158,7.500
-3.812,-0.172,7.500
-3.837,-0.189,7.500
-3.874,-0.206,7.500
-3.993,-0.228,7.500
-3.923,-0.239,7.500
-4.096,-0.266,7.500
-3.839,-0.264,7.500
-4.093,-0.298,7.500
-3.988,-0.306,7.500
-3.949,-0.319,7.500
-3.929,-0.333,7.500
-4.039,-0.358,7.500
-3.945,-0.365,7.500
-3.836,-0.370,7.500
-3.917,-0.394,7.500
-4.106,-0.429,7.500
-3.908,-0.424,7.500
-3.786,-0.426,7.500
-3.892,-0.453,7.500
-3.896,-0.469,7.500
-4.061,-0.505,7.500
-4.059,-0.521,7.500
-3.903,-0.517,7.500
-3.907,-0.533,7.500
-3.905,-0.548,7.500
-3.890,-0.562,7.500
-4.054,-0.602,7.500
-3.879,-0.591,7.500
-3.914,-0.612,7.500
-3.881,-0.623,7.500
-3.878,-0.638,7.500
-4.035,-0.680,7.500
-3.879,-0.670,7.500
-3.889,-0.687,7.500
-3.886,-0.702,7.500
-3.853,-0.712,7.500
-3.856,-0.728,7.500
-3.822,-0.737,7.500
-4.015,-0.791,7.500
-3.859,-0.776,7.500
-3.838,-0.787,7.500
-3.847,-0.805,7.500
-3.850,-0.821,7.500
-4.004,-0.871,7.500
-3.995,-0.885,7.500
-3.834,-0.865,7.500
-3.831,-0.880,7.500
-3.815,-0.893,7.500
-3.842,-0.915,7.500
-3.820,-0.926,7.500
-3.985,-0.982,7.500
-3.788,-0.949,7.500
-3.797,-0.967,7.500
-3.799,-0.984,7.500
-3.807,-1.002,7.500
-3.959,-1.059,7.500
-3.781,-1.027,7.500
-3.789,-1.045,7.500
-3.785,-1.060,7.500
-3.781,-1.075,7.500
-3.914,-1.129,7.500
-3.754,-1.099,7.500
-3.768,-1.119,7.500
-3.745,-1.129,7.500
-3.759,-1.149,7.500
-3.920,-1.215,7.500
-3.892,-1.223,7.500
-3.739,-1.191,7.500
-3.740,-1.208,7.500
-3.729,-1.221,7.500
-3.737,-1.239,7.500
-3.732,-1.254,7.500
-3.721,-1.266,7.500
-3.716,-1.281,7.500
-3.711,-1.296,7.500
-3.712,-1.312,7.500
-3.853,-1.379,7.500
-3.677,-1.333,7.500
-3.830,-1.405,7.500
-3.595,-1.335,7.500
-3.673,-1.381,7.500
-3.825,-1.455,7.500
-3.645,-1.403,7.500
-3.668,-1.428,7.500
-3.669,-1.445,7.500
-3.628,-1.445,7.500
-3.663,-1.476,7.500
-3.557,-1.450,7.500
-3.628,-1.495,7.500
-3.777,-1.574,7.500
-3.546,-1.494,7.500
-3.679,-1.567,7.500
-3.730,-1.606,7.500
-3.592,-1.564,7.500
-3.574,-1.573,7.500
-3.528,-1.569,7.500
-3.596,-1.616,7.500
-3.504,-1.591,7.500
-3.538,-1.623,7.500
-3.656,-1.695,7.500
-3.633,-1.702,7.500
-3.632,-1.719,7.500
-3.642,-1.741,7.500
-3.459,-1.670,7.500
-3.481,-1.698,7.500
-3.452,-1.700,7.500
-3.439,-1.711,7.500
-3.427,-1.722,7.500
-3.397,-1.724,7.500
-3.559,-1.824,7.500
-3.406,-1.762,7.500
-3.422,-1.787,7.500
-3.398,-1.792,7.500
-3.385,-1.802,7.500
-3.395,-1.824,7.500
-3.510,-1.904,7.500
-3.470,-1.900,7.500
-3.373,-1.864,7.500
-3.349,-1.868,7.500
-3.353,-1.888,7.500
-3.434,-1.951,7.500
-3.470,-1.989,7.500
-3.342,-1.933,7.500
-3.323,-1.940,7.500
-3.315,-1.953,7.500
-3.319,-1.973,7.500
-3.305,-1.982,7.500
-3.287,-1.989,7.500
-3.273,-1.998,7.500
-3.287,-2.025,7.500
-3.268,-2.031,7.500
-3.244,-2.033,7.500
-3.263,-2.063,7.500
-3.398,-2.167,7.500
-3.374,-2.171,7.500
-3.212,-2.084,7.500
-3.230,-2.114,7.500
-3.353,-2.214,7.500
-3.176,-2.115,7.500
-3.289,-2.209,7.500
-3.202,-2.168,7.500
-3.313,-2.263,7.500
-3.195,-2.201,7.500
-3.166,-2.199,7.500
-3.147,-2.204,7.500
-3.154,-2.227,7.500
-3.303,-2.352,7.500
-3.120,-2.241,7.500
-3.153,-2.283,7.500
-3.097,-2.261,7.500
-3.083,-2.270,7.500
-3.095,-2.297,7.500
-3.212,-2.404,7.500
-3.247,-2.450,7.500
-3.042,-2.314,7.500
-3.099,-2.376,7.500
-3.100,-2.396,7.500
-3.030,-2.361,7.500
-3.056,-2.401,7.500
-3.066,-2.429,7.500
-3.071,-2.453,7.500
-2.997,-2.413,7.500
-3.173,-2.575,7.500
-2.978,-2.436,7.500
-2.988,-2.464,7.500
-2.974,-2.472,7.500
-3.061,-2.565,7.500
-2.949,-2.491,7.500
-3.036,-2.584,7.500
-2.910,-2.498,7.500
-2.910,-2.517,7.500
-2.895,-2.525,7.500
-3.013,-2.648,7.500
-2.876,-2.547,7.500
-2.993,-2.672,7.500
-2.865,-2.578,7.500
-2.962,-2.687,7.500
-2.835,-2.592,7.500
-2.830,-2.608,7.500
-2.810,-2.610,7.500
-2.795,-2.617,7.500
-2.913,-2.749,7.500
-2.793,-2.656,7.500
-2.896,-2.776,7.500
-2.772,-2.678,7.500
-2.743,-2.671,7.500
-2.859,-2.806,7.500
-2.736,-2.706,7.500
-2.832,-2.824,7.500
-2.710,-2.723,7.500
-2.708,-2.743,7.500
-2.816,-2.875,7.500
-2.788,-2.868,7.500
-2.667,-2.765,7.500
-2.761,-2.885,7.500
-2.645,-2.786,7.500
-2.742,-2.911,7.500
-2.619,-2.802,7.500
-2.621,-2.826,7.500
-2.588,-2.813,7.500
-2.590,-2.837,7.500
-2.689,-2.969,7.500
-2.572,-2.862,7.500
-2.565,-2.877,7.500
-2.553,-2.887,7.500
-2.538,-2.892,7.500
-2.642,-3.035,7.500
-2.523,-2.922,7.500
-2.499,-2.917,7.500
-2.496,-2.937,7.500
-2.570,-3.048,7.500
-2.469,-2.952,7.500
-2.482,-2.991,7.500
-2.458,-2.986,7.500
-2.450,-3.000,7.500
-2.470,-3.049,7.500
-2.501,-3.113,7.500
-2.450,-3.073,7.500
-2.399,-3.033,7.500
-2.422,-3.088,7.500
-2.402,-3.087,7.500
-2.496,-3.235,7.500
-2.450,-3.200,7.500
-2.373,-3.125,7.500
-2.380,-3.160,7.500
-2.333,-3.124,7.500
-2.355,-3.178,7.500
-2.320,-3.157,7.500
-2.410,-3.307,7.500
-2.291,-3.170,7.500
-2.279,-3.179,7.500
-2.263,-3.183,7.500
-2.268,-3.218,7.500
-2.355,-3.369,7.500
-2.324,-3.353,7.500
-2.237,-3.254,7.500
-2.210,-3.242,7.500
-2.198,-3.251,7.500
-2.185,-3.260,7.500
-2.258,-3.398,7.500
-2.163,-3.282,7.500
-2.157,-3.301,7.500
-2.140,-3.304,7.500
-2.120,-3.302,7.500
-2.111,-3.316,7.500
-2.094,-3.318,7.500
-2.081,-3.327,7.500
-2.157,-3.477,7.500
-2.137,-3.475,7.500
-2.006,-3.291,7.500
-2.119,-3.508,7.500
-1.976,-3.302,7.500
-1.957,-3.298,7.500
-2.059,-3.501,7.500
-1.953,-3.352,7.500
-2.034,-3.522,7.500
-1.986,-3.471,7.500
-1.911,-3.369,7.500
-1.910,-3.399,7.500
-1.912,-3.434,7.500
-1.855,-3.364,7.500
-1.942,-3.553,7.500
-1.907,-3.523,7.500
-1.813,-3.380,7.500
-1.808,-3.404,7.500
-1.786,-3.394,7.500
-1.778,-3.412,7.500
-1.837,-3.559,7.500
-1.826,-3.572,7.500
-1.744,-3.444,7.500
-1.727,-3.445,7.500
-1.756,-3.537,7.500
-1.703,-3.465,7.500
-1.687,-3.466,7.500
-1.744,-3.620,7.500
-1.670,-3.502,7.500
-1.640,-3.474,7.500
-1.621,-3.468,7.500
-1.642,-3.550,7.500
-1.678,-3.664,7.500
-1.591,-3.511,7.500
-1.559,-3.476,7.500
-1.589,-3.581,7.500
-1.613,-3.673,7.500
-1.615,-3.719,7.500
-1.544,-3.594,7.500
-1.535,-3.611,7.500
-1.528,-3.635,7.500
-1.514,-3.641,7.500
-1.523,-3.705,7.500
-1.444,-3.553,7.500
-1.452,-3.612,7.500
-1.516,-3.814,7.500
-1.478,-3.763,7.500
-1.450,-3.734,7.500
-1.381,-3.598,7.500
-1.454,-3.832,7.500
-1.348,-3.597,7.500
-1.337,-3.608,7.500
-1.374,-3.756,7.500
-1.353,-3.744,7.500
-1.283,-3.594,7.500
-1.282,-3.635,7.500
-1.265,-3.634,7.500
-1.268,-3.687,7.500
-1.241,-3.656,7.500
-1.222,-3.649,7.500
-1.292,-3.908,7.500
-1.198,-3.670,7.500
-1.175,-3.650,7.500
-1.186,-3.734,7.500
-1.151,-3.672,7.500
-1.140,-3.689,7.500
-1.166,-3.826,7.500
-1.145,-3.812,7.500
-1.093,-3.689,7.500
-1.080,-3.700,7.500
-1.109,-3.855,7.500
-1.051,-3.708,7.500
-1.077,-3.858,7.500
-1.077,-3.916,7.500
-1.007,-3.720,7.500
-0.996,-3.737,7.500
-1.013,-3.862,7.500
-1.007,-3.902,7.500
-0.945,-3.723,7.500
-0.938,-3.758,7.500
-0.925,-3.768,7.500
-0.906,-3.753,7.500
-0.891,-3.756,7.500
-0.871,-3.735,7.500
-0.859,-3.751,7.500
-0.880,-3.914,7.500
-0.821,-3.720,7.500
-0.815,-3.761,7.500
-0.800,-3.764,7.500
-0.769,-3.691,7.500
-0.783,-3.832,7.500
-0.804,-4.018,7.500
-0.721,-3.675,7.500
-0.707,-3.684,7.500
-0.694,-3.693,7.500
-0.683,-3.715,7.500
-0.680,-3.781,7.500
-0.697,-3.963,7.500
-0.653,-3.805,7.500
-0.627,-3.738,7.500
-0.621,-3.797,7.500
-0.604,-3.787,7.500
-0.593,-3.808,7.500
-0.579,-3.817,7.500
-0.562,-3.807,7.500
-0.549,-3.821,7.500
-0.534,-3.824,7.500
-0.514,-3.794,7.500
-0.501,-3.809,7.500
-0.488,-3.823,7.500
-0.492,-3.982,7.500
-0.473,-3.959,7.500
-0.440,-3.803,7.500
-0.425,-3.805,7.500
-0.412,-3.826,7.500
-0.398,-3.840,7.500
-0.396,-3.973,7.500
-0.365,-3.818,7.500
-0.352,-3.838,7.500
-0.351,-4.003,7.500
-0.335,-3.998,7.500
-0.319,-3.999,7.500
-0.289,-3.805,7.500
-0.276,-3.838,7.500
-0.271,-3.990,7.500
-0.245,-3.821,7.500
-0.229,-3.815,7.500
-0.216,-3.848,7.500
-0.209,-4.006,7.500
-0.181,-3.753,7.500
-0.167,-3.754,7.500
-0.151,-3.742,7.500
-0.137,-3.749,7.500
-0.123,-3.788,7.500
-0.107,-3.724,7.500
-0.092,-3.730,7.500
-0.077,-3.724,7.500
-0.063,-3.725,7.500
-0.047,-3.646,7.500
-0.035,-3.930,7.500
-0.018,-3.659,7.500
-0.004,-3.816,7.500
0.010,-3.646,7.500
0.025,-3.686,7.500
0.041,-3.822,7.500
0.053,-3.652,7.500
0.068,-3.652,7.500
0.082,-3.658,7.500
0.096,-3.651,7.500
0.111,-3.658,7.500
0.131,-3.833,7.500
0.139,-3.630,7.500
0.153,-3.643,7.500
0.169,-3.662,7.500
0.183,-3.655,7.500
0.196,-3.641,7.500
0.211,-3.640,7.500
0.226,-3.652,7.500
0.241,-3.665,7.500
0.254,-3.637,7.500
0.267,-3.630,7.500
0.287,-3.694,7.500
0.304,-3.726,7.500
0.316,-3.692,7.500
0.335,-3.743,7.500
0.373,-3.994,7.500
0.361,-3.708,7.500
0.374,-3.693,7.500
0.392,-3.718,7.500
0.426,-3.901,7.500
0.420,-3.708,7.500
0.435,-3.713,7.500
0.452,-3.724,7.500
0.465,-3.709,7.500
0.514,-3.979,7.500
0.527,-3.958,7.500
0.522,-3.806,7.500
0.537,-3.804,7.500
0.554,-3.814,7.500
0.592,-3.968,7.500
0.607,-3.959,7.500
0.600,-3.814,7.500
0.612,-3.792,7.500
0.628,-3.796,7.500
0.669,-3.949,7.500
0.652,-3.760,7.500
0.671,-3.782,7.500
0.713,-3.929,7.500
0.701,-3.777,7.500
0.744,-3.923,7.500
0.764,-3.945,7.500
0.743,-3.756,7.500
0.762,-3.772,7.500
0.810,-3.929,7.500
0.793,-3.772,7.500
0.842,-3.929,7.500
0.799,-3.658,7.500
0.810,-3.643,7.500
0.825,-3.639,7.500
0.843,-3.655,7.500
0.892,-3.796,7.500
0.866,-3.623,7.500
0.882,-3.626,7.500
0.899,-3.635,7.500
0.917,-3.644,7.500
0.966,-3.777,7.500
0.924,-3.554,7.500
0.934,-3.538,7.500
0.992,-3.698,7.500
0.959,-3.518,7.500
0.978,-3.533,7.500
0.988,-3.517,7.500
1.048,-3.676,7.500
0.986,-3.406,7.500
1.055,-3.593,7.500
1.018,-3.418,7.500
1.040,-3.439,7.500
1.103,-3.599,7.500
1.061,-3.412,7.500
1.137,-3.609,7.500
1.083,-3.390,7.500
1.101,-3.399,7.500
1.168,-3.558,7.500
1.125,-3.384,7.500
1.141,-3.386,7.500
1.205,-3.532,7.500
1.163,-3.364,7.500
1.178,-3.366,7.500
1.189,-3.355,7.500
1.227,-3.419,7.500
1.220,-3.358,7.500
1.250,-3.397,7.500
1.244,-3.342,7.500
1.248,-3.312,7.500
1.256,-3.294,7.500
1.350,-3.500,7.500
1.297,-3.322,7.500
1.317,-3.336,7.500
1.384,-3.465,7.500
1.341,-3.319,7.500
1.414,-3.460,7.500
1.369,-3.314,7.500
1.372,-3.284,7.500
1.449,-3.432,7.500
1.403,-3.286,7.500
1.421,-3.292,7.500
1.466,-3.360,7.500
1.463,-3.318,7.500
1.567,-3.515,7.500
1.503,-3.336,7.500
1.516,-3.331,7.500
1.526,-3.319,7.500
1.539,-3.313,7.500
1.555,-3.312,7.500
1.630,-3.436,7.500
1.584,-3.306,7.500
1.668,-3.446,7.500
1.607,-3.288,7.500
1.614,-3.269,7.500
1.633,-3.275,7.500
1.713,-3.402,7.500
1.729,-3.401,7.500
1.665,-3.244,7.500
1.678,-3.237,7.500
1.697,-3.242,7.500
1.789,-3.385,7.500
1.750,-3.281,7.500
1.803,-3.348,7.500
1.751,-3.221,7.500
1.712,-3.121,7.500
1.724,-3.114,7.500
1.740,-3.113,7.500
1.903,-3.374,7.500
1.846,-3.243,7.500
1.776,-3.092,7.500
1.812,-3.126,7.500
1.811,-3.095,7.500
1.966,-3.330,7.500
1.832,-3.075,7.500
1.840,-3.062,7.500
1.918,-3.163,7.500
1.804,-2.950,7.500
1.823,-2.954,7.500
1.930,-3.101,7.500
1.846,-2.940,7.500
1.861,-2.938,7.500
1.862,-2.914,7.500
1.869,-2.900,7.500
1.995,-3.068,7.500
1.896,-2.891,7.500
1.915,-2.895,7.500
2.016,-3.022,7.500
1.941,-2.886,7.500
1.933,-2.850,7.500
1.960,-2.865,7.500
2.040,-2.957,7.500
2.075,-2.982,7.500
2.029,-2.892,7.500
2.017,-2.850,7.500
2.059,-2.887,7.500
1.963,-2.728,7.500
2.098,-2.892,7.500
1.992,-2.724,7.500
2.003,-2.716,7.500
2.124,-2.856,7.500
2.016,-2.689,7.500
2.039,-2.698,7.500
2.050,-2.690,7.500
2.060,-2.682,7.500
2.062,-2.663,7.500
2.081,-2.666,7.500
2.096,-2.663,7.500
2.111,-2.660,7.500
2.104,-2.630,7.500
2.105,-2.611,7.500
2.120,-2.608,7.500
2.256,-2.753,7.500
2.149,-2.602,7.500
2.164,-2.599,7.500
2.170,-2.585,7.500
2.295,-2.712,7.500
2.181,-2.557,7.500
2.325,-2.704,7.500
2.331,-2.690,7.500
2.225,-2.547,7.500
2.248,-2.554,7.500
2.254,-2.540,7.500
2.287,-2.557,7.500
2.264,-2.512,7.500
2.279,-2.508,7.500
2.399,-2.620,7.500
2.275,-2.465,7.500
2.285,-2.456,7.500
2.309,-2.462,7.500
2.318,-2.453,7.500
2.441,-2.563,7.500
2.337,-2.434,7.500
2.485,-2.567,7.500
2.361,-2.421,7.500
2.317,-2.357,7.500
2.306,-2.328,7.500
2.385,-2.388,7.500
2.458,-2.442,7.500
2.334,-2.300,7.500
2.373,-2.321,7.500
2.427,-2.355,7.500
2.426,-2.336,7.500
2.530,-2.417,7.500
2.373,-2.249,7.500
2.418,-2.274,7.500
2.468,-2.302,7.500
2.607,-2.413,7.500
2.612,-2.398,7.500
2.469,-2.250,7.500
2.447,-2.212,7.500
2.492,-2.235,7.500
2.516,-2.239,7.500
2.514,-2.220,7.500
2.606,-2.283,7.500
2.495,-2.168,7.500
2.487,-2.144,7.500
2.695,-2.305,7.500
2.558,-2.170,7.500
2.550,-2.146,7.500
2.526,-2.109,7.500
2.604,-2.157,7.500
2.713,-2.230,7.500
2.653,-2.163,7.500
2.570,-2.078,7.500
2.562,-2.055,7.500
2.575,-2.049,7.500
2.567,-2.026,7.500
2.646,-2.072,7.500
2.588,-2.010,7.500
2.825,-2.176,7.500
2.747,-2.099,7.500
2.606,-1.975,7.500
2.764,-2.078,7.500
2.621,-1.955,7.500
2.646,-1.957,7.500
2.648,-1.942,7.500
2.639,-1.919,7.500
2.629,-1.897,7.500
2.671,-1.911,7.500
2.831,-2.009,7.500
2.680,-1.886,7.500
2.705,-1.887,7.500
2.849,-1.971,7.500
2.696,-1.850,7.500
2.732,-1.859,7.500
2.711,-1.829,7.500
2.735,-1.830,7.500
2.812,-1.866,7.500
2.917,-1.919,7.500
2.757,-1.798,7.500
2.728,-1.764,7.500
2.836,-1.817,7.500
2.872,-1.825,7.500
3.012,-1.897,7.500
2.851,-1.780,7.500
3.021,-1.870,7.500
2.888,-1.772,7.500
2.889,-1.757,7.500
2.878,-1.735,7.500
3.038,-1.815,7.500
3.057,-1.810,7.500
2.929,-1.719,7.500
2.911,-1.693,7.500
2.906,-1.675,7.500
3.091,-1.765,7.500
2.931,-1.659,7.500
2.932,-1.644,7.500
2.956,-1.642,7.500
2.944,-1.621,7.500
2.963,-1.616,7.500
2.969,-1.604,7.500
2.982,-1.596,7.500
2.994,-1.587,7.500
3.145,-1.652,7.500
2.994,-1.557,7.500
3.176,-1.636,7.500
3.000,-1.531,7.500
2.994,-1.512,7.500
3.012,-1.507,7.500
3.189,-1.580,7.500
3.018,-1.480,7.500
3.054,-1.483,7.500
3.048,-1.465,7.500
3.047,-1.450,7.500
3.059,-1.441,7.500
3.207,-1.496,7.500
3.083,-1.423,7.500
3.219,-1.471,7.500
3.100,-1.402,7.500
3.049,-1.364,7.500
3.187,-1.411,7.500
3.242,-1.420,7.500
3.185,-1.380,7.500
3.165,-1.357,7.500
3.240,-1.374,7.500
3.189,-1.337,7.500
3.362,-1.394,7.500
3.212,-1.317,7.500
3.134,-1.271,7.500
3.234,-1.297,7.500
3.189,-1.264,7.500
3.238,-1.269,7.500
3.237,-1.254,7.500
3.399,-1.301,7.500
3.150,-1.192,7.500
3.239,-1.211,7.500
3.326,-1.229,7.500
3.216,-1.174,7.500
3.246,-1.170,7.500
3.166,-1.127,7.500
3.452,-1.214,7.500
3.279,-1.139,7.500
3.271,-1.121,7.500
3.397,-1.150,7.500
3.266,-1.091,7.500
3.297,-1.087,7.500
3.281,-1.068,7.500
3.472,-1.115,7.500
3.316,-1.050,7.500
3.333,-1.041,7.500
3.459,-1.066,7.500
3.347,-1.017,7.500
3.493,-1.046,7.500
3.323,-0.981,7.500
3.307,-0.962,7.500
3.343,-0.959,7.500
3.509,-0.991,7.500
3.251,-0.905,7.500
3.516,-0.964,7.500
3.371,-0.909,7.500
3.348,-0.889,7.500
3.352,-0.876,7.500
3.447,-0.887,7.500
3.312,-0.838,7.500
3.309,-0.823,7.500
3.271,-0.800,7.500
3.454,-0.831,7.500
3.305,-0.781,7.500
3.321,-0.771,7.500
3.364,-0.767,7.500
3.467,-0.776,7.500
3.390,-0.745,7.500
3.299,-0.712,7.500
3.315,-0.701,7.500
3.277,-0.680,7.500
3.599,-0.732,7.500
3.317,-0.661,7.500
3.572,-0.697,7.500
3.568,-0.682,7.500
3.297,-0.617,7.500
3.333,-0.610,7.500
3.417,-0.611,7.500
3.656,-0.639,7.500
3.401,-0.581,7.500
3.437,-0.573,7.500
3.566,-0.580,7.500
3.415,-0.542,7.500
3.451,-0.534,7.500
3.432,-0.517,7.500
3.421,-0.502,7.500
3.334,-0.476,7.500
3.612,-0.501,7.500
3.440,-0.463,7.500
3.622,-0.473,7.500
3.430,-0.434,7.500
3.425,-0.420,7.500
3.440,-0.408,7.500
3.629,-0.416,7.500
3.450,-0.382,7.500
3.431,-0.366,7.500
3.433,-0.353,7.500
3.461,-0.342,7.500
3.643,-0.345,7.500
3.457,-0.314,7.500
3.458,-0.301,7.500
3.466,-0.288,7.500
3.454,-0.273,7.500
3.629,-0.272,7.500
3.716,-0.264,7.500
3.463,-0.233,7.500
3.396,-0.215,7.500
3.445,-0.204,7.500
3.466,-0.192,7.500
3.460,-0.178,7.500
3.474,-0.165,7.500
3.623,-0.158,7.500
3.630,-0.144,7.500
3.380,-0.120,7.500
3.338,-0.106,7.500
3.374,-0.094,7.500
3.558,-0.085,7.500
3.374,-0.067,7.500
3.395,-0.054,7.500
3.395,-0.041,7.500
3.402,-0.028,7.500
3.382,-0.014,7.500
3.546,-0.001,7.500
3.368,0.012,7.500
3.270,0.025,8.000
3.270,0.038,8.000
3.464,0.054,8.000
3.290,0.064,8.000
3.290,0.077,8.000
3.269,0.089,8.000
3.275,0.102,8.000
3.268,0.115,8.000
3.310,0.129,8.000
3.475,0.149,8.000
3.252,0.153,8.000
3.294,0.168,8.000
3.446,0.189,8.000
3.271,0.192,8.000
3.599,0.226,8.000
3.284,0.219,8.000
3.449,0.243,8.000
3.462,0.258,8.000
3.246,0.255,8.000
3.259,0.269,8.000
3.258,0.281,8.000
3.444,0.311,8.000
3.415,0.322,8.000
3.254,0.320,8.000
3.267,0.334,8.000
3.252,0.345,8.000
3.264,0.360,8.000
3.263,0.373,8.000
3.282,0.388,8.000
3.267,0.399,8.000
3.265,0.412,8.000
3.221,0.419,8.000
3.248,0.436,8.000
3.445,0.476,8.000
3.403,0.484,8.000
3.277,0.479,8.000
3.255,0.489,8.000
3.225,0.497,8.000
3.244,0.513,8.000
3.413,0.554,8.000
3.397,0.565,8.000
3.244,0.553,8.000
3.235,0.564,8.000
3.219,0.574,8.000
3.251,0.593,8.000
3.221,0.601,8.000
3.233,0.616,8.000
3.407,0.663,8.000
3.200,0.636,8.000
3.225,0.654,8.000
3.406,0.705,8.000
3.213,0.678,8.000
3.272,0.704,8.000
3.194,0.700,8.000
3.454,0.772,8.000
3.298,0.750,8.000
3.315,0.768,8.000
3.352,0.790,8.000
3.375,0.810,8.000
3.204,0.782,8.000
3.180,0.790,8.000
3.177,0.802,8.000
3.342,0.858,8.000
3.164,0.825,8.000
3.342,0.886,8.000
3.144,0.846,8.000
3.229,0.883,8.000
3.144,0.873,8.000
3.354,0.946,8.000
3.130,0.896,8.000
3.160,0.918,8.000
3.343,0.985,8.000
3.146,0.941,8.000
3.129,0.949,8.000
3.152,0.969,8.000
3.135,0.978,8.000
3.290,1.040,8.000
3.201,1.026,8.000
3.042,0.988,8.000
3.025,0.996,8.000
3.201,1.068,8.000
3.017,1.019,8.000
3.160,1.082,8.000
3.002,1.041,8.000
3.025,1.062,8.000
3.001,1.067,8.000
3.003,1.081,8.000
2.985,1.088,8.000
2.968,1.095,8.000
2.983,1.114,8.000
3.144,1.188,8.000
2.981,1.140,8.000
2.963,1.146,8.000
2.966,1.160,8.000
2.860,1.132,8.000
3.049,1.221,8.000
2.865,1.160,8.000
3.019,1.237,8.000
2.842,1.177,8.000
2.864,1.199,8.000
3.031,1.283,8.000
2.848,1.219,8.000
2.816,1.219,8.000
2.989,1.307,8.000
2.978,1.316,8.000
2.802,1.252,8.000
2.784,1.257,8.000
2.988,1.363,8.000
2.767,1.276,8.000
2.802,1.305,8.000
2.770,1.303,8.000
2.960,1.407,8.000
2.766,1.328,8.000
2.794,1.355,8.000
2.955,1.448,8.000
2.770,1.371,8.000
2.906,1.452,8.000
2.779,1.402,8.000
2.760,1.406,8.000
2.755,1.417,8.000
2.889,1.501,8.000
2.724,1.429,8.000
2.744,1.453,8.000
2.871,1.535,8.000
2.970,1.603,8.000
2.701,1.471,8.000
2.715,1.492,8.000
2.878,1.597,8.000
2.690,1.507,8.000
2.691,1.521,8.000
2.685,1.531,8.000
2.666,1.535,8.000
2.685,1.560,8.000
2.629,1.541,8.000
2.821,1.668,8.000
2.641,1.576,8.000
2.654,1.598,8.000
2.623,1.593,8.000
2.629,1.611,8.000
2.769,1.712,8.000
2.604,1.624,8.000
2.714,1.707,8.000
2.516,1.597,8.000
2.510,1.607,8.000
2.590,1.673,8.000
2.535,1.651,8.000
2.553,1.677,8.000
2.619,1.735,8.000
2.453,1.640,8.000
2.490,1.678,8.000
2.459,1.671,8.000
2.597,1.780,8.000
2.584,1.786,8.000
2.451,1.709,8.000
2.414,1.697,8.000
2.407,1.706,8.000
2.585,1.848,8.000
2.412,1.738,8.000
2.559,1.859,8.000
2.386,1.748,8.000
2.361,1.744,8.000
2.542,1.894,8.000
2.389,1.794,8.000
2.539,1.922,8.000
2.351,1.795,8.000
2.501,1.925,8.000
2.337,1.813,8.000
2.371,1.854,8.000
2.472,1.950,8.000
2.316,1.841,8.000
2.314,1.855,8.000
2.290,1.850,8.000
2.305,1.877,8.000
2.456,2.016,8.000
2.431,2.012,8.000
2.289,1.909,8.000
2.287,1.923,8.000
2.268,1.922,8.000
2.232,1.907,8.000
2.397,2.064,8.000
2.223,1.929,8.000
2.170,1.899,8.000
2.151,1.897,8.000
2.283,2.029,8.000
2.198,1.969,8.000
2.129,1.922,8.000
2.204,2.006,8.000
2.288,2.099,8.000
2.253,2.083,8.000
2.109,1.966,8.000
2.205,2.071,8.000
2.105,1.993,8.000
2.220,2.119,8.000
2.067,1.988,8.000
2.065,2.002,8.000
2.185,2.134,8.000
2.060,2.028,8.000
2.025,2.010,8.000
2.017,2.018,8.000
2.161,2.179,8.000
2.152,2.187,8.000
1.977,2.025,8.000
1.996,2.060,8.000
2.003,2.084,8.000
1.995,2.092,8.000
2.129,2.250,8.000
1.963,2.091,8.000
1.939,2.082,8.000
1.941,2.101,8.000
2.079,2.267,8.000
2.060,2.265,8.000
1.927,2.135,8.000
1.923,2.148,8.000
2.223,2.502,8.000
1.906,2.163,8.000
1.908,2.182,8.000
1.874,2.161,8.000
1.886,2.191,8.000
1.862,2.181,8.000
1.974,2.331,8.000
1.840,2.190,8.000
1.970,2.363,8.000
1.837,2.222,8.000
1.819,2.218,8.000
1.829,2.248,8.000
1.844,2.284,8.000
1.783,2.227,8.000
1.746,2.198,8.000
1.709,2.169,8.000
1.710,2.188,8.000
1.706,2.201,8.000
1.776,2.309,8.000
1.689,2.214,8.000
1.794,2.371,8.000
1.635,2.178,8.000
1.654,2.222,8.000
1.636,2.216,8.000
1.631,2.228,8.000
1.743,2.400,8.000
1.627,2.260,8.000
1.614,2.260,8.000
1.697,2.396,8.000
1.705,2.427,8.000
1.579,2.266,8.000
1.690,2.446,8.000
1.556,2.272,8.000
1.556,2.291,8.000
1.644,2.441,8.000
1.542,2.309,8.000
1.629,2.460,8.000
1.720,2.620,8.000
1.498,2.302,8.000
1.506,2.333,8.000
1.513,2.365,8.000
1.584,2.498,8.000
1.478,2.351,8.000
1.481,2.376,8.000
1.551,2.510,8.000
1.446,2.362,8.000
1.433,2.361,8.000
1.416,2.353,8.000
1.426,2.392,8.000
1.501,2.540,8.000
1.411,2.410,8.000
1.485,2.558,8.000
1.373,2.387,8.000
1.360,2.386,8.000
1.469,2.602,8.000
1.349,2.410,8.000
1.358,2.449,8.000
1.333,2.427,8.000
1.324,2.433,8.000
1.354,2.511,8.000
1.276,2.388,8.000
1.380,2.608,8.000
1.239,2.364,8.000
1.314,2.532,8.000
1.217,2.367,8.000
1.291,2.536,8.000
1.194,2.369,8.000
1.175,2.353,8.000
1.274,2.578,8.000
1.160,2.369,8.000
1.140,2.352,8.000
1.121,2.336,8.000
1.098,2.311,8.000
1.135,2.415,8.000
1.159,2.490,8.000
1.064,2.310,8.000
1.100,2.414,8.000
1.049,2.325,8.000
1.027,2.300,8.000
1.122,2.540,8.000
1.100,2.517,8.000
1.012,2.341,8.000
1.074,2.511,8.000
0.975,2.305,8.000
1.063,2.541,8.000
1.056,2.552,8.000
0.969,2.368,8.000
1.027,2.539,8.000
0.942,2.354,8.000
0.944,2.387,8.000
0.994,2.543,8.000
0.917,2.372,8.000
0.907,2.376,8.000
0.901,2.387,8.000
0.981,2.631,8.000
0.887,2.408,8.000
0.947,2.602,8.000
0.866,2.408,8.000
0.862,2.426,8.000
0.909,2.592,8.000
0.840,2.425,8.000
0.898,2.628,8.000
0.846,2.507,8.000
0.809,2.428,8.000
0.821,2.498,8.000
0.885,2.728,8.000
0.807,2.520,8.000
0.775,2.455,8.000
0.791,2.541,8.000
0.784,2.551,8.000
0.825,2.723,8.000
0.752,2.520,8.000
0.754,2.560,8.000
0.739,2.548,8.000
0.784,2.743,8.000
0.719,2.554,8.000
0.766,2.764,8.000
0.701,2.567,8.000
0.703,2.615,8.000
0.734,2.773,8.000
0.696,2.673,8.000
0.666,2.600,8.000
0.660,2.618,8.000
0.642,2.590,8.000
0.632,2.593,8.000
0.670,2.797,8.000
0.610,2.590,8.000
0.600,2.593,8.000
0.588,2.587,8.000
0.583,2.613,8.000
0.567,2.592,8.000
0.559,2.602,8.000
0.596,2.829,8.000
0.556,2.690,8.000
0.550,2.714,8.000
0.546,2.754,8.000
0.524,2.696,8.000
0.518,2.721,8.000
0.544,2.923,8.000
0.519,2.852,8.000
0.485,2.727,8.000
0.476,2.736,8.000
0.464,2.730,8.000
0.487,2.933,8.000
0.441,2.726,8.000
0.439,2.781,8.000
0.423,2.752,8.000
0.410,2.739,8.000
0.396,2.718,8.000
0.388,2.734,8.000
0.401,2.908,8.000
0.406,3.034,8.000
0.364,2.807,8.000
0.349,2.778,8.000
0.339,2.787,8.000
0.337,2.864,8.000
0.325,2.857,8.000
0.315,2.866,8.000
0.321,3.030,8.000
0.289,2.838,8.000
0.281,2.870,8.000
0.270,2.878,8.000
0.256,2.842,8.000
0.244,2.835,8.000
0.250,3.044,8.000
0.240,3.067,8.000
0.212,2.853,8.000
0.201,2.861,8.000
0.190,2.870,8.000
0.191,3.070,8.000
0.167,2.863,8.000
0.157,2.879,8.000
0.145,2.865,8.000
0.137,2.948,8.000
0.126,2.963,8.000
0.116,2.986,8.000
0.103,2.964,8.000
0.091,2.964,8.000
0.080,2.957,8.000
0.068,2.957,8.000
0.057,3.002,8.000
0.049,3.255,8.000
0.033,2.958,8.000
0.022,2.980,8.000
0.010,2.980,8.000
-0.002,3.156,8.000
-0.013,2.973,8.000
-0.025,2.943,8.000
-0.040,3.248,8.000
-0.050,3.083,8.000
-0.066,3.276,8.000
-0.076,3.148,8.000
-0.087,3.082,8.000
-0.100,3.111,8.000
-0.110,3.067,8.000
-0.131,3.274,8.000
-0.135,3.073,8.000
-0.156,3.259,8.000
-0.159,3.079,8.000
-0.172,3.086,8.000
-0.194,3.257,8.000
-0.202,3.171,8.000
-0.226,3.346,8.000
-0.227,3.176,8.000
-0.239,3.168,8.000
-0.266,3.350,8.000
-0.265,3.181,8.000
-0.276,3.165,8.000
-0.289,3.171,8.000
-0.303,3.184,8.000
-0.328,3.310,8.000
-0.325,3.153,8.000
-0.337,3.145,8.000
-0.349,3.144,8.000
-0.364,3.164,8.000
-0.375,3.148,8.000
-0.390,3.168,8.000
-0.426,3.355,8.000
-0.411,3.136,8.000
-0.449,3.324,8.000
-0.435,3.133,8.000
-0.452,3.160,8.000
-0.508,3.455,8.000
-0.475,3.142,8.000
-0.516,3.328,8.000
-0.527,3.312,8.000
-0.512,3.136,8.000
-0.531,3.176,8.000
-0.539,3.146,8.000
-0.550,3.137,8.000
-0.561,3.127,8.000
-0.574,3.132,8.000
-0.620,3.310,8.000
-0.636,3.321,8.000
-0.608,3.111,8.000
-0.625,3.130,8.000
-0.630,3.092,8.000
-0.648,3.118,8.000
-0.659,3.108,8.000
-0.668,3.092,8.000
-0.689,3.131,8.000
-0.737,3.286,8.000
-0.706,3.091,8.000
-0.761,3.274,8.000
-0.732,3.092,8.000
-0.742,3.082,8.000
-0.780,3.183,8.000
-0.792,3.180,8.000
-0.846,3.338,8.000
-0.816,3.167,8.000
-0.826,3.156,8.000
-0.844,3.174,8.000
-0.858,3.177,8.000
-0.911,3.321,8.000
-0.883,3.170,8.000
-0.890,3.146,8.000
-0.920,3.204,8.000
-0.909,3.119,8.000
-0.923,3.122,8.000
-0.989,3.299,8.000
-0.972,3.196,8.000
-0.993,3.218,8.000
-0.972,3.107,8.000
-1.026,3.237,8.000
-1.014,3.153,8.000
-1.041,3.196,8.000
-1.062,3.218,8.000
-1.075,3.214,8.000
-1.083,3.196,8.000
-1.149,3.347,8.000
-1.104,3.175,8.000
-1.121,3.183,8.000
-1.136,3.185,8.000
-1.148,3.181,8.000
-1.221,3.343,8.000
-1.168,3.159,8.000
-1.188,3.174,8.000
-1.195,3.156,8.000
-1.213,3.164,8.000
-1.294,3.337,8.000
-1.230,3.135,8.000
-1.253,3.156,8.000
-1.260,3.138,8.000
-1.272,3.133,8.000
-1.287,3.135,8.000
-1.302,3.136,8.000
-1.314,3.131,8.000
-1.345,3.170,8.000
-1.369,3.190,8.000
-1.384,3.191,8.000
-1.355,3.091,8.000
-1.482,3.346,8.000
-1.416,3.162,8.000
-1.434,3.169,8.000
-1.511,3.304,8.000
-1.526,3.304,8.000
-1.531,3.280,8.000
-1.481,3.140,8.000
-1.490,3.128,8.000
-1.505,3.128,8.000
-1.553,3.195,8.000
-1.530,3.116,8.000
-1.527,3.079,8.000
-1.560,3.116,8.000
-1.606,3.176,8.000
-1.664,3.259,8.000
-1.594,3.091,8.000
-1.600,3.073,8.000
-1.609,3.061,8.000
-1.630,3.072,8.000
-1.639,3.060,8.000
-1.654,3.059,8.000
-1.660,3.041,8.000
-1.622,2.944,8.000
-1.775,3.192,8.000
-1.699,3.027,8.000
-1.714,3.026,8.000
-1.726,3.020,8.000
-1.818,3.153,8.000
-1.736,2.982,8.000
-1.754,2.987,8.000
-1.763,2.975,8.000
-1.781,2.979,8.000
-1.887,3.128,8.000
-1.791,2.942,8.000
-1.816,2.958,8.000
-1.917,3.094,8.000
-1.840,2.944,8.000
-1.944,3.084,8.000
-1.953,3.071,8.000
-1.874,2.922,8.000
-1.999,3.089,8.000
-1.930,2.958,8.000
-2.066,3.139,8.000
-1.965,2.960,8.000
-1.984,2.963,8.000
-2.095,3.103,8.000
-2.003,2.942,8.000
-2.019,2.940,8.000
-2.034,2.937,8.000
-2.046,2.929,8.000
-2.053,2.916,8.000
-2.261,3.184,8.000
-2.072,2.894,8.000
-2.095,2.902,8.000
-2.099,2.883,8.000
-2.102,2.864,8.000
-2.109,2.850,8.000
-2.243,3.006,8.000
-2.220,2.951,8.000
-2.135,2.814,8.000
-2.170,2.838,8.000
-2.177,2.824,8.000
-2.188,2.816,8.000
-2.330,2.973,8.000
-2.206,2.793,8.000
-2.226,2.795,8.000
-2.253,2.807,8.000
-2.289,2.829,8.000
-2.246,2.753,8.000
-2.428,2.952,8.000
-2.452,2.958,8.000
-2.351,2.813,8.000
-2.362,2.804,8.000
-2.377,2.800,8.000
-2.366,2.765,8.000
-2.505,2.904,8.000
-2.401,2.761,8.000
-2.519,2.875,8.000
-2.431,2.752,8.000
-2.438,2.738,8.000
-2.431,2.709,8.000
-2.581,2.854,8.000
-2.597,2.848,8.000
-2.494,2.714,8.000
-2.584,2.790,8.000
-2.502,2.680,8.000
-2.508,2.665,8.000
-2.626,2.769,8.000
-2.556,2.674,8.000
-2.539,2.635,8.000
-2.545,2.621,8.000
-2.560,2.615,8.000
-2.711,2.748,8.000
-2.589,2.604,8.000
-2.595,2.590,8.000
-2.716,2.689,8.000
-2.596,2.551,8.000
-2.733,2.663,8.000
-2.757,2.666,8.000
-2.636,2.529,8.000
-2.646,2.519,8.000
-2.769,2.616,8.000
-2.661,2.493,8.000
-2.680,2.492,8.000
-2.861,2.639,8.000
-2.834,2.594,8.000
-2.709,2.460,8.000
-2.719,2.449,8.000
-2.845,2.543,8.000
-2.743,2.432,8.000
-2.747,2.417,8.000
-2.816,2.458,8.000
-2.741,2.374,8.000
-2.710,2.328,8.000
-2.770,2.361,8.000
-2.713,2.294,8.000
-2.859,2.398,8.000
-2.721,2.264,8.000
-2.755,2.274,8.000
-2.897,2.372,8.000
-2.757,2.240,8.000
-2.906,2.341,8.000
-2.806,2.243,8.000
-2.789,2.211,8.000
-2.928,2.303,8.000
-2.806,2.189,8.000
-2.836,2.195,8.000
-2.939,2.256,8.000
-2.848,2.168,8.000
-2.830,2.137,8.000
-2.859,2.142,8.000
-2.995,2.225,8.000
-2.865,2.111,8.000
-2.874,2.100,8.000
-2.974,2.155,8.000
-2.971,2.136,8.000
-3.054,2.178,8.000
-2.983,2.109,8.000
-2.969,2.082,8.000
-2.988,2.078,8.000
-3.002,2.070,8.000
-3.026,2.069,8.000
-3.029,2.053,8.000
-3.042,2.045,8.000
-3.039,2.026,8.000
-3.205,2.118,8.000
-3.186,2.088,8.000
-3.069,1.994,8.000
-3.099,1.996,8.000
-3.095,1.976,8.000
-3.109,1.968,8.000
-3.232,2.028,8.000
-3.229,2.009,8.000
-3.104,1.914,8.000
-3.117,1.905,8.000
-3.253,1.971,8.000
-3.260,1.958,8.000
-3.162,1.882,8.000
-3.146,1.856,8.000
-3.136,1.833,8.000
-3.335,1.932,8.000
-3.315,1.903,8.000
-3.175,1.806,8.000
-3.182,1.794,8.000
-3.189,1.781,8.000
-3.196,1.768,8.000
-3.402,1.865,8.000
-3.204,1.740,8.000
-3.228,1.737,8.000
-3.212,1.712,8.000
-3.230,1.705,8.000
-3.387,1.771,8.000
-3.232,1.674,8.000
-3.244,1.664,8.000
-3.402,1.728,8.000
-3.357,1.689,8.000
-3.369,1.678,8.000
-3.439,1.697,8.000
-3.282,1.603,8.000
-3.521,1.703,8.000
-3.476,1.664,8.000
-3.348,1.587,8.000
-3.325,1.560,8.000
-3.390,1.574,8.000
-3.467,1.593,8.000
-3.325,1.512,8.000
-3.355,1.510,8.000
-3.527,1.571,8.000
-3.397,1.497,8.000
-3.342,1.457,8.000
-3.360,1.449,8.000
-3.598,1.535,8.000
-3.384,1.428,8.000
-3.365,1.404,8.000
-3.389,1.399,8.000
-3.400,1.388,8.000
-3.515,1.418,8.000
-3.386,1.351,8.000
-3.404,1.343,8.000
-3.679,1.435,8.000
-3.408,1.314,8.000
-3.420,1.303,8.000
-3.412,1.284,8.000
-3.612,1.344,8.000
-3.588,1.318,8.000
-3.452,1.253,8.000
-3.438,1.233,8.000
-3.651,1.293,8.000
-3.578,1.251,8.000
-3.459,1.194,8.000
-3.457,1.179,8.000
-3.462,1.165,8.000
-3.627,1.205,8.000
-3.656,1.199,8.000
-3.482,1.126,8.000
-3.480,1.111,8.000
-3.701,1.165,8.000
-3.526,1.095,8.000
-3.734,1.143,8.000
-3.572,1.079,8.000
-3.539,1.053,8.000
-3.587,1.052,8.000
-3.597,1.040,8.000
-3.651,1.040,8.000
-3.624,1.017,8.000
-3.794,1.049,8.000
-3.774,1.027,8.000
-3.604,0.966,8.000
-3.615,0.953,8.000
-3.612,0.937,8.000
-3.628,0.926,8.000
-3.781,0.950,8.000
-3.642,0.899,8.000
-3.633,0.882,8.000
-3.774,0.901,8.000
-3.808,0.893,8.000
-3.649,0.841,8.000
-3.690,0.835,8.000
-3.675,0.816,8.000
-3.809,0.830,8.000
-3.825,0.818,8.000
-3.665,0.769,8.000
-3.649,0.750,8.000
-3.671,0.740,8.000
-3.831,0.757,8.000
-3.657,0.707,8.000
-3.673,0.695,8.000
-3.676,0.681,8.000
-3.652,0.662,8.000
-3.687,0.653,8.000
-3.690,0.639,8.000
-3.851,0.651,8.000
-3.701,0.611,8.000
-3.703,0.596,8.000
-3.699,0.581,8.000
-3.816,0.584,8.000
-3.723,0.554,8.000
-3.699,0.536,8.000
-3.708,0.522,8.000
-3.742,0.512,8.000
-3.706,0.492,8.000
-3.867,0.498,8.000
-3.888,0.486,8.000
-3.705,0.448,8.000
-3.891,0.455,8.000
-3.714,0.420,8.000
-3.723,0.406,8.000
-3.840,0.403,8.000
-3.879,0.392,8.000
-3.824,0.371,8.000
-3.774,0.351,8.000
-3.794,0.338,8.000
-3.705,0.316,8.000
-3.719,0.302,8.000
-3.987,0.308,8.000
-3.838,0.281,8.000
-4.002,0.278,8.000
-3.846,0.252,8.000
-3.967,0.244,8.000
-3.848,0.221,8.000
-3.836,0.206,8.000
-3.837,0.191,8.000
-4.001,0.183,8.000
-3.983,0.166,8.000
-3.864,0.146,8.000
-3.833,0.130,8.000
-3.998,0.120,8.000
-3.859,0.101,8.000
-3.847,0.085,8.000
-3.847,0.070,8.000
-3.980,0.057,8.000
-3.854,0.040,8.000
-4.024,0.026,8.000
-3.835,0.009,8.000
-3.854,-0.006,8.000
-3.835,-0.021,8.000
-3.848,-0.036,8.000
-3.993,-0.053,8.000
-3.847,-0.066,8.000
-3.834,-0.081,8.000
-3.847,-0.096,8.000
-4.035,-0.117,8.000
-3.985,-0.131,8.000
-3.839,-0.141,8.000
-3.864,-0.158,8.000
-3.983,-0.178,8.000
-3.843,-0.187,8.000
-3.843,-0.202,8.000
-4.012,-0.227,8.000
-3.809,-0.230,8.000
-3.814,-0.246,8.000
-3.984,-0.272,8.000
-3.844,-0.278,8.000
-3.994,-0.305,8.000
-3.980,-0.319,8.000
-3.822,-0.322,8.000
-3.996,-0.352,8.000
-3.825,-0.352,8.000
-3.824,-0.367,8.000
-3.979,-0.398,8.000
-3.827,-0.398,8.000
-3.832,-0.414,8.000
-3.981,-0.446,8.000
-3.803,-0.441,8.000
-3.814,-0.457,8.000
-3.987,-0.494,8.000
-3.986,-0.510,8.000
-3.815,-0.503,8.000
-3.807,-0.517,8.000
-3.823,-0.535,8.000
-3.971,-0.571,8.000
-3.794,-0.561,8.000
-3.798,-0.577,8.000
-3.802,-0.593,8.000
-3.793,-0.607,8.000
-3.791,-0.622,8.000
-3.788,-0.637,8.000
-3.805,-0.655,8.000
-3.815,-0.672,8.000
-3.936,-0.709,8.000
-3.759,-0.693,8.000
-3.825,-0.720,8.000
-3.921,-0.754,8.000
-3.763,-0.739,8.000
-3.773,-0.757,8.000
-3.776,-0.773,8.000
-3.754,-0.784,8.000
-3.751,-0.798,8.000
-3.921,-0.851,8.000
-3.911,-0.865,8.000
-3.748,-0.844,8.000
-3.763,-0.863,8.000
-3.728,-0.870,8.000
-3.750,-0.891,8.000
-3.721,-0.900,8.000
-3.737,-0.919,8.000
-3.708,-0.927,8.000
-4.054,-1.031,8.000
-3.799,-0.982,8.000
-3.715,-0.976,8.000
-3.804,-1.015,8.000
-3.714,-1.007,8.000
-3.771,-1.038,8.000
-3.700,-1.034,8.000
-3.702,-1.050,8.000
-3.704,-1.067,8.000
-3.874,-1.132,8.000
-3.762,-1.116,8.000
-3.727,-1.121,8.000
-3.819,-1.165,8.000
-3.827,-1.184,8.000
-3.696,-1.159,8.000
-3.655,-1.162,8.000
-3.717,-1.198,8.000
-3.819,-1.248,8.000
-3.653,-1.209,8.000
-3.879,-1.301,8.000
-3.781,-1.285,8.000
-3.782,-1.302,8.000
-3.621,-1.262,8.000
-3.628,-1.281,8.000
-3.629,-1.297,8.000
-3.606,-1.305,8.000
-3.631,-1.330,8.000
-3.590,-1.331,8.000
-3.773,-1.416,8.000
-3.733,-1.418,8.000
-3.598,-1.383,8.000
-3.739,-1.454,8.000
-3.587,-1.411,8.000
-3.575,-1.422,8.000
-3.564,-1.434,8.000
-3.558,-1.448,8.000
-3.710,-1.527,8.000
-3.710,-1.544,8.000
-3.529,-1.485,8.000
-3.505,-1.491,8.000
-3.697,-1.590,8.000
-3.673,-1.597,8.000
-3.523,-1.548,8.000
-3.552,-1.577,8.000
-3.499,-1.570,8.000
-3.487,-1.581,8.000
-3.670,-1.682,8.000
-3.635,-1.683,8.000
-3.503,-1.639,8.000
-3.473,-1.642,8.000
-3.598,-1.718,8.000
-3.608,-1.740,8.000
-3.442,-1.677,8.000
-3.447,-1.696,8.000
-3.457,-1.718,8.000
-3.439,-1.726,8.000
-3.427,-1.736,8.000
-3.431,-1.756,8.000
-3.570,-1.844,8.000
-3.557,-1.855,8.000
-3.393,-1.787,8.000
-3.392,-1.803,8.000
-3.390,-1.820,8.000
-3.383,-1.833,8.000
-3.365,-1.840,8.000
-3.352,-1.850,8.000
-3.455,-1.925,8.000
-3.497,-1.966,8.000
-3.341,-1.896,8.000
-3.339,-1.912,8.000
-3.315,-1.916,8.000
-3.324,-1.938,8.000
-3.305,-1.945,8.000
-3.423,-2.032,8.000
-3.273,-1.961,8.000
-3.271,-1.977,8.000
-3.514,-2.143,8.000
-3.283,-2.020,8.000
-3.264,-2.026,8.000
-3.272,-2.049,8.000
-3.371,-2.129,8.000
-3.240,-2.064,8.000
-3.253,-2.091,8.000
-3.229,-2.093,8.000
-3.199,-2.092,8.000
-3.354,-2.212,8.000
-3.204,-2.131,8.000
-3.201,-2.147,8.000
-3.177,-2.149,8.000
-3.304,-2.254,8.000
-3.149,-2.166,8.000
-3.172,-2.201,8.000
-3.163,-2.213,8.000
-3.144,-2.218,8.000
-3.141,-2.234,8.000
-3.121,-2.239,8.000
-3.241,-2.344,8.000
-3.206,-2.338,8.000
-3.090,-2.272,8.000
-3.076,-2.280,8.000
-3.087,-2.308,8.000
-3.068,-2.312,8.000
-3.059,-2.324,8.000
-3.055,-2.340,8.000
-3.050,-2.356,8.000
-3.051,-2.376,8.000
-3.151,-2.473,8.000
-3.017,-2.388,8.000
-3.013,-2.404,8.000
-3.146,-2.530,8.000
-3.126,-2.534,8.000
-2.975,-2.431,8.000
-2.970,-2.447,8.000
-2.980,-2.474,8.000
-2.941,-2.462,8.000
-2.990,-2.522,8.000
-2.965,-2.522,8.000
-2.843,-2.437,8.000
-2.823,-2.440,8.000
-2.814,-2.451,8.000
-2.809,-2.466,8.000
-2.799,-2.477,8.000
-2.765,-2.466,8.000
-2.799,-2.517,8.000
-2.770,-2.510,8.000
-2.765,-2.525,8.000
-2.765,-2.545,8.000
-2.735,-2.538,8.000
-2.735,-2.558,8.000
-2.734,-2.577,8.000
-2.705,-2.570,8.000
-2.709,-2.594,8.000
-2.727,-2.632,8.000
-2.938,-2.857,8.000
-2.775,-2.721,8.000
-2.654,-2.623,8.000
-2.771,-2.760,8.000
-2.761,-2.771,8.000
-2.637,-2.668,8.000
-2.626,-2.678,8.000
-2.620,-2.693,8.000
-2.614,-2.708,8.000
-2.604,-2.718,8.000
-2.593,-2.729,8.000
-2.683,-2.846,8.000
-2.659,-2.843,8.000
-2.547,-2.745,8.000
-2.658,-2.887,8.000
-2.630,-2.878,8.000
-2.515,-2.774,8.000
-2.495,-2.775,8.000
-2.566,-2.876,8.000
-2.597,-2.934,8.000
-2.543,-2.896,8.000
-2.502,-2.872,8.000
-2.529,-2.926,8.000
-2.509,-2.926,8.000
-2.489,-2.926,8.000
-2.478,-2.936,8.000
-2.474,-2.955,8.000
-2.455,-2.955,8.000
-2.622,-3.182,8.000
-2.527,-3.092,8.000
-2.420,-2.984,8.000
-2.416,-3.003,8.000
-2.502,-3.136,8.000
-2.376,-3.002,8.000
-2.372,-3.021,8.000
-2.461,-3.160,8.000
-2.445,-3.165,8.000
-2.329,-3.039,8.000
-2.344,-3.084,8.000
-2.313,-3.067,8.000
-2.304,-3.082,8.000
-2.288,-3.086,8.000
-2.280,-3.100,8.000
-2.357,-3.231,8.000
-2.267,-3.133,8.000
-2.277,-3.173,8.000
-2.322,-3.264,8.000
-2.215,-3.139,8.000
-2.206,-3.153,8.000
-2.198,-3.166,8.000
-2.267,-3.295,8.000
-2.162,-3.168,8.000
-2.245,-3.317,8.000
-2.148,-3.201,8.000
-2.131,-3.204,8.000
-2.122,-3.217,8.000
-2.124,-3.247,8.000
-2.186,-3.371,8.000
-2.074,-3.226,8.000
-2.061,-3.234,8.000
-2.062,-3.264,8.000
-2.042,-3.261,8.000
-2.026,-3.264,8.000
-2.017,-3.277,8.000
-2.001,-3.279,8.000
-2.079,-3.438,8.000
-1.988,-3.317,8.000
-1.958,-3.297,8.000
-1.952,-3.316,8.000
-2.022,-3.465,8.000
-2.002,-3.462,8.000
-1.906,-3.328,8.000
-1.896,-3.341,8.000
-1.896,-3.370,8.000
-1.861,-3.339,8.000
-1.807,-3.272,8.000
-1.847,-3.376,8.000
-1.870,-3.450,8.000
-1.774,-3.305,8.000
-1.807,-3.397,8.000
-1.797,-3.410,8.000
-1.850,-3.546,8.000
-1.816,-3.514,8.000
-1.747,-3.414,8.000
-1.737,-3.426,8.000
-1.761,-3.507,8.000
-1.780,-3.581,8.000
-1.691,-3.435,8.000
-1.680,-3.447,8.000
-1.664,-3.448,8.000
-1.653,-3.461,8.000
-1.639,-3.467,8.000
-1.631,-3.485,8.000
-1.684,-3.635,8.000
-1.667,-3.635,8.000
-1.585,-3.492,8.000
-1.571,-3.499,8.000
-1.575,-3.546,8.000
-1.530,-3.481,8.000
-1.535,-3.529,8.000
-1.566,-3.639,8.000
-1.509,-3.546,8.000
-1.493,-3.546,8.000
-1.544,-3.709,8.000
-1.518,-3.687,8.000
-1.446,-3.552,8.000
-1.447,-3.593,8.000
-1.423,-3.575,8.000
-1.411,-3.587,8.000
-1.459,-3.750,8.000
-1.433,-3.727,8.000
-1.367,-3.597,8.000
-1.352,-3.602,8.000
-1.389,-3.744,8.000
-1.378,-3.761,8.000
-1.312,-3.624,8.000
-1.296,-3.623,8.000
-1.286,-3.640,8.000
-1.274,-3.651,8.000
-1.259,-3.656,8.000
-1.234,-3.631,8.000
-1.224,-3.648,8.000
-1.206,-3.641,8.000
-1.241,-3.795,8.000
-1.233,-3.824,8.000
-1.175,-3.691,8.000
-1.149,-3.659,8.000
-1.185,-3.826,8.000
-1.123,-3.680,8.000
-1.111,-3.691,8.000
-1.091,-3.677,8.000
-1.085,-3.712,8.000
-1.109,-3.849,8.000
-1.101,-3.877,8.000
-1.084,-3.875,8.000
-1.020,-3.704,8.000
-1.004,-3.701,8.000
-1.037,-3.882,8.000
-0.978,-3.722,8.000
-0.962,-3.719,8.000
-0.950,-3.735,8.000
-0.933,-3.727,8.000
-0.921,-3.743,8.000
-0.880,-3.640,8.000
-0.887,-3.731,8.000
-0.908,-3.888,8.000
-0.856,-3.732,8.000
-0.910,-4.039,8.000
-0.812,-3.669,8.000
-0.823,-3.791,8.000
-0.812,-3.813,8.000
-0.772,-3.697,8.000
-0.750,-3.662,8.000
-0.741,-3.691,8.000
-0.725,-3.687,8.000
-0.709,-3.683,8.000
-0.690,-3.661,8.000
-0.678,-3.676,8.000
-0.693,-3.843,8.000
-0.650,-3.688,8.000
-0.634,-3.684,8.000
-0.650,-3.864,8.000
-0.609,-3.708,8.000
-0.603,-3.768,8.000
-0.594,-3.808,8.000
-0.602,-3.960,8.000
-0.585,-3.950,8.000
-0.542,-3.764,8.000
-0.526,-3.753,8.000
-0.522,-3.838,8.000
-0.501,-3.796,8.000
-0.511,-3.992,8.000
-0.504,-4.067,8.000
-0.458,-3.814,8.000
-0.446,-3.841,8.000
-0.428,-3.818,8.000
-0.429,-3.970,8.000
-0.400,-3.840,8.000
-0.385,-3.841,8.000
-0.372,-3.868,8.000
-0.352,-3.812,8.000
-0.332,-3.762,8.000
-0.324,-3.841,8.000
-0.320,-3.980,8.000
-0.285,-3.734,8.000
-0.283,-3.908,8.000
-0.267,-3.902,8.000
-0.241,-3.730,8.000
-0.226,-3.731,8.000
-0.211,-3.719,8.000
-0.197,-3.739,8.000
-0.183,-3.740,8.000
-0.177,-3.939,8.000
-0.157,-3.838,8.000
-0.135,-3.657,8.000
-0.120,-3.644,8.000
-0.110,-3.788,8.000
-0.095,-3.769,8.000
-0.078,-3.659,8.000
-0.063,-3.646,8.000
-0.049,-3.626,8.000
-0.034,-3.639,8.000
-0.020,-3.646,8.000
-0.006,-3.659,8.000
0.009,-3.803,8.000
0.023,-3.653,8.000
0.037,-3.653,8.000
0.052,-3.659,8.000
0.066,-3.652,8.000
0.084,-3.834,8.000
0.098,-3.802,8.000
0.113,-3.801,8.000
0.123,-3.637,8.000
0.138,-3.657,8.000
0.152,-3.650,8.000
0.166,-3.636,8.000
0.180,-3.635,8.000
0.194,-3.634,8.000
0.218,-3.803,8.000
0.224,-3.646,8.000
0.238,-3.638,8.000
0.253,-3.657,8.000
0.265,-3.623,8.000
0.281,-3.648,8.000
0.297,-3.667,8.000
0.325,-3.821,8.000
0.324,-3.638,8.000
0.363,-3.901,8.000
0.374,-3.862,8.000
0.370,-3.667,8.000
0.392,-3.737,8.000
0.404,-3.710,8.000
0.420,-3.721,8.000
0.434,-3.719,8.000
0.449,-3.718,8.000
0.466,-3.735,8.000
0.477,-3.701,8.000
0.517,-3.896,8.000
0.527,-3.857,8.000
0.524,-3.721,8.000
0.563,-3.890,8.000
0.550,-3.697,8.000
0.564,-3.689,8.000
0.582,-3.712,8.000
0.592,-3.678,8.000
0.652,-3.952,8.000
0.676,-4.005,8.000
0.638,-3.690,8.000
0.672,-3.795,8.000
0.687,-3.793,8.000
0.696,-3.758,8.000
0.718,-3.793,8.000
0.731,-3.784,8.000
0.725,-3.674,8.000
0.737,-3.658,8.000
0.789,-3.838,8.000
0.801,-3.822,8.000
0.812,-3.800,8.000
0.804,-3.691,8.000
0.849,-3.825,8.000
0.860,-3.803,8.000
0.842,-3.656,8.000
0.856,-3.652,8.000
0.867,-3.636,8.000
0.883,-3.639,8.000
0.911,-3.692,8.000
0.931,-3.707,8.000
0.906,-3.552,8.000
0.919,-3.542,8.000
0.928,-3.519,8.000
0.945,-3.528,8.000
0.957,-3.518,8.000
0.949,-3.437,8.000
1.039,-3.705,8.000
1.022,-3.589,8.000
0.995,-3.445,8.000
1.005,-3.428,8.000
1.013,-3.405,8.000
1.032,-3.420,8.000
1.044,-3.410,8.000
1.085,-3.495,8.000
1.126,-3.578,8.000
1.082,-3.391,8.000
1.093,-3.380,8.000
1.115,-3.402,8.000
1.172,-3.529,8.000
1.190,-3.537,8.000
1.150,-3.375,8.000
1.190,-3.447,8.000
1.227,-3.510,8.000
1.172,-3.311,8.000
1.167,-3.255,8.000
1.212,-3.340,8.000
1.234,-3.360,8.000
1.245,-3.349,8.000
1.312,-3.486,8.000
1.267,-3.326,8.000
1.277,-3.315,8.000
1.290,-3.310,8.000
1.369,-3.471,8.000
1.321,-3.312,8.000
1.337,-3.313,8.000
1.350,-3.308,8.000
1.360,-3.297,8.000
1.355,-3.248,8.000
1.381,-3.273,8.000
1.404,-3.293,8.000
1.417,-3.287,8.000
1.488,-3.415,8.000
1.432,-3.251,8.000
1.450,-3.258,8.000
1.469,-3.264,8.000
1.479,-3.252,8.000
1.486,-3.234,8.000
1.501,-3.235,8.000
1.584,-3.379,8.000
1.636,-3.454,8.000
1.533,-3.205,8.000
1.592,-3.295,8.000
1.556,-3.186,8.000
1.656,-3.359,8.000
1.658,-3.329,8.000
1.617,-3.216,8.000
1.651,-3.251,8.000
1.633,-3.185,8.000
1.637,-3.161,8.000
1.661,-3.178,8.000
1.742,-3.300,8.000
1.752,-3.288,8.000
1.667,-3.099,8.000
1.701,-3.134,8.000
1.723,-3.145,8.000
1.723,-3.115,8.000
1.822,-3.264,8.000
1.747,-3.101,8.000
1.763,-3.100,8.000
1.857,-3.237,8.000
1.860,-3.212,8.000
1.792,-3.067,8.000
1.808,-3.066,8.000
1.911,-3.213,8.000
1.914,-3.188,8.000
1.802,-2.975,8.000
1.817,-2.974,8.000
1.910,-3.098,8.000
1.829,-2.942,8.000
1.952,-3.111,8.000
1.943,-3.070,8.000
1.860,-2.914,8.000
1.967,-3.054,8.000
1.894,-2.917,8.000
1.994,-3.044,8.000
1.906,-2.885,8.000
1.932,-2.900,8.000
2.041,-3.037,8.000
1.940,-2.862,8.000
1.966,-2.877,8.000
1.943,-2.819,8.000
1.985,-2.856,8.000
1.988,-2.837,8.000
1.988,-2.812,8.000
2.007,-2.816,8.000
2.014,-2.802,8.000
2.155,-2.974,8.000
2.068,-2.830,8.000
2.107,-2.860,8.000
2.170,-2.922,8.000
2.019,-2.696,8.000
2.054,-2.721,8.000
2.061,-2.707,8.000
2.055,-2.677,8.000
2.048,-2.647,8.000
2.193,-2.812,8.000
2.099,-2.669,8.000
2.101,-2.650,8.000
2.103,-2.631,8.000
2.122,-2.634,8.000
2.119,-2.609,8.000
2.233,-2.728,8.000
2.148,-2.603,8.000
2.163,-2.600,8.000
2.173,-2.591,8.000
2.285,-2.703,8.000
2.198,-2.580,8.000
2.208,-2.571,8.000
2.200,-2.541,8.000
2.214,-2.538,8.000
2.288,-2.601,8.000
2.405,-2.714,8.000
2.249,-2.517,8.000
2.282,-2.534,8.000
2.273,-2.504,8.000
2.283,-2.495,8.000
2.408,-2.612,8.000
2.288,-2.462,8.000
2.303,-2.458,8.000
2.416,-2.559,8.000
2.327,-2.445,8.000
2.346,-2.446,8.000
2.355,-2.436,8.000
2.350,-2.412,8.000
2.365,-2.408,8.000
2.579,-2.605,8.000
2.384,-2.389,8.000
2.413,-2.399,8.000
2.402,-2.370,8.000
2.402,-2.351,8.000
2.543,-2.471,8.000
2.573,-2.479,8.000
2.444,-2.337,8.000
2.448,-2.323,8.000
2.592,-2.440,8.000
2.596,-2.425,8.000
2.455,-2.275,8.000
2.479,-2.279,8.000
2.473,-2.255,8.000
2.492,-2.255,8.000
2.733,-2.453,8.000
2.618,-2.331,8.000
2.508,-2.216,8.000
2.475,-2.170,8.000
2.536,-2.206,8.000
2.550,-2.200,8.000
2.580,-2.208,8.000
2.635,-2.238,8.000
2.554,-2.152,8.000
2.573,-2.151,8.000
2.560,-2.123,8.000
2.601,-2.140,8.000
2.533,-2.067,8.000
2.602,-2.106,8.000
2.754,-2.212,8.000
2.704,-2.154,8.000
2.621,-2.071,8.000
2.634,-2.065,8.000
2.664,-2.071,8.000
2.738,-2.111,8.000
2.620,-2.004,8.000
2.616,-1.985,8.000
2.646,-1.992,8.000
2.831,-2.113,8.000
2.823,-2.090,8.000
2.709,-1.989,8.000
2.877,-2.095,8.000
2.875,-2.076,8.000
2.738,-1.961,8.000
2.746,-1.950,8.000
2.765,-1.948,8.000
2.755,-1.925,8.000
2.780,-1.926,8.000
2.928,-2.012,8.000
2.919,-1.989,8.000
2.779,-1.877,8.000
2.941,-1.969,8.000
2.817,-1.871,8.000
2.819,-1.856,8.000
2.832,-1.849,8.000
2.977,-1.927,8.000
3.119,-2.001,8.000
2.818,-1.793,8.000
2.855,-1.800,8.000
2.844,-1.778,8.000
2.869,-1.778,8.000
2.870,-1.763,8.000
2.883,-1.755,8.000
3.042,-1.836,8.000
2.884,-1.725,8.000
3.062,-1.815,8.000
3.069,-1.803,8.000
2.923,-1.702,8.000
3.071,-1.772,8.000
2.942,-1.682,8.000
2.936,-1.664,8.000
3.092,-1.736,8.000
3.081,-1.714,8.000
2.950,-1.626,8.000
3.112,-1.699,8.000
2.962,-1.602,8.000
2.969,-1.591,8.000
2.981,-1.582,8.000
3.115,-1.638,8.000
3.024,-1.575,8.000
3.169,-1.635,8.000
3.140,-1.604,8.000
3.176,-1.607,8.000
3.017,-1.512,8.000
3.011,-1.493,8.000
3.054,-1.500,8.000
3.195,-1.554,8.000
3.207,-1.544,8.000
3.201,-1.526,8.000
3.065,-1.446,8.000
3.058,-1.428,8.000
3.225,-1.491,8.000
3.063,-1.401,8.000
3.230,-1.462,8.000
3.230,-1.447,8.000
3.117,-1.382,8.000
3.135,-1.375,8.000
3.109,-1.349,8.000
3.120,-1.339,8.000
3.258,-1.383,8.000
3.331,-1.399,8.000
3.225,-1.339,8.000
3.179,-1.306,8.000
3.203,-1.301,8.000
3.189,-1.281,8.000
3.413,-1.355,8.000
3.219,-1.263,8.000
3.236,-1.256,8.000
3.222,-1.235,8.000
3.227,-1.223,8.000
3.244,-1.215,8.000
3.243,-1.200,8.000
3.241,-1.185,8.000
3.187,-1.151,8.000
3.179,-1.134,8.000
3.344,-1.178,8.000
3.475,-1.209,8.000
3.238,-1.112,8.000
3.229,-1.095,8.000
3.363,-1.125,8.000
3.462,-1.144,8.000
3.435,-1.120,8.000
3.213,-1.033,8.000
3.190,-1.012,8.000
3.326,-1.041,8.000
3.427,-1.058,8.000
3.379,-1.028,8.000
3.252,-0.976,8.000
3.329,-0.985,8.000
3.319,-0.968,8.000
3.257,-0.936,8.000
3.444,-0.975,8.000
3.244,-0.904,8.000
3.288,-0.903,8.000
3.258,-0.881,8.000
3.433,-0.914,8.000
3.285,-0.860,8.000
3.348,-0.863,8.000
3.431,-0.870,8.000
3.348,-0.835,8.000
3.285,-0.805,8.000
3.499,-0.843,8.000
3.331,-0.789,8.000
3.274,-0.762,8.000
3.304,-0.755,8.000
3.407,-0.765,8.000
3.574,-0.787,8.000
3.400,-0.735,8.000
3.322,-0.705,8.000
3.325,-0.691,8.000
3.320,-0.677,8.000
3.384,-0.676,8.000
3.292,-0.644,8.000
3.315,-0.635,8.000
3.283,-0.616,8.000
3.514,-0.645,8.000
3.410,-0.612,8.000
3.297,-0.578,8.000
3.401,-0.583,8.000
3.342,-0.559,8.000
3.605,-0.589,8.000
3.353,-0.534,8.000
3.355,-0.521,8.000
3.323,-0.502,8.000
3.508,-0.516,8.000
3.348,-0.479,8.000
3.391,-0.472,8.000
3.554,-0.480,8.000
3.455,-0.453,8.000
3.610,-0.459,8.000
3.606,-0.444,8.000
3.440,-0.410,8.000
3.455,-0.398,8.000
3.443,-0.383,8.000
3.349,-0.359,8.000
3.453,-0.357,8.000
3.475,-0.345,8.000
3.708,-0.354,8.000
3.464,-0.316,8.000
3.465,-0.303,8.000
3.405,-0.284,8.000
3.588,-0.285,8.000
3.358,-0.254,8.000
3.449,-0.247,8.000
3.477,-0.235,8.000
3.354,-0.214,8.000
3.540,-0.212,8.000
3.363,-0.188,8.000
3.548,-0.184,8.000
3.392,-0.163,8.000
3.542,-0.156,8.000
3.365,-0.135,8.000
3.537,-0.128,8.000
3.366,-0.108,8.000
3.360,-0.095,8.000
3.367,-0.082,8.000
3.367,-0.069,8.000
3.552,-0.058,8.000
3.375,-0.042,8.000
3.389,-0.029,8.000
3.464,-0.016,8.000
3.368,-0.003,8.000
3.546,0.011,8.000
3.291,0.023,8.000
3.270,0.036,8.500
3.227,0.048,8.500
3.191,0.060,8.500
3.212,0.073,8.500
3.470,0.093,8.500
3.190,0.098,8.500
3.175,0.110,8.500
3.393,0.131,8.500
3.358,0.143,8.500
3.210,0.149,8.500
3.188,0.161,8.500
3.356,0.182,8.500
3.186,0.186,8.500
3.186,0.198,8.500
3.178,0.210,8.500
3.198,0.224,8.500
3.169,0.235,8.500
3.351,0.261,8.500
3.357,0.275,8.500
3.123,0.268,8.500
3.186,0.286,8.500
3.178,0.298,8.500
3.169,0.310,8.500
3.351,0.341,8.500
3.153,0.333,8.500
3.166,0.347,8.500
3.150,0.358,8.500
3.177,0.374,8.500
3.175,0.386,8.500
3.293,0.414,8.500
3.144,0.408,8.500
3.283,0.439,8.500
3.155,0.434,8.500
3.153,0.447,8.500
3.172,0.462,8.500
3.310,0.495,8.500
3.148,0.484,8.500
3.139,0.495,8.500
3.151,0.510,8.500
3.135,0.520,8.500
3.154,0.536,8.500
3.116,0.542,8.500
3.330,0.592,8.500
3.105,0.565,8.500
3.131,0.582,8.500
3.136,0.596,8.500
3.119,0.606,8.500
3.145,0.623,8.500
3.107,0.629,8.500
3.305,0.682,8.500
3.102,0.653,8.500
3.273,0.702,8.500
3.090,0.676,8.500
3.328,0.742,8.500
3.099,0.703,8.500
3.268,0.755,8.500
3.265,0.768,8.500
3.118,0.746,8.500
3.094,0.754,8.500
3.242,0.803,8.500
3.273,0.824,8.500
3.085,0.790,8.500
3.075,0.800,8.500
3.086,0.816,8.500
3.246,0.872,8.500
3.065,0.837,8.500
3.069,0.851,8.500
3.031,0.853,8.500
3.048,0.871,8.500
3.052,0.885,8.500
3.062,0.901,8.500
3.038,0.907,8.500
3.062,0.927,8.500
3.031,0.930,8.500
3.041,0.947,8.500
3.023,0.954,8.500
3.026,0.968,8.500
3.036,0.985,8.500
3.032,0.996,8.500
2.987,0.995,8.500
2.922,0.986,8.500
2.911,0.995,8.500
2.914,1.009,8.500
2.903,1.018,8.500
2.906,1.031,8.500
2.895,1.040,8.500
2.891,1.052,8.500
3.055,1.125,8.500
3.064,1.142,8.500
2.871,1.083,8.500
2.894,1.105,8.500
2.883,1.114,8.500
3.026,1.182,8.500
2.867,1.133,8.500
2.856,1.142,8.500
2.852,1.153,8.500
2.813,1.151,8.500
2.856,1.181,8.500
2.743,1.147,8.500
2.738,1.158,8.500
2.713,1.160,8.500
2.897,1.252,8.500
2.718,1.187,8.500
2.740,1.210,8.500
2.715,1.211,8.500
2.724,1.228,8.500
3.103,1.414,8.500
2.694,1.240,8.500
2.689,1.251,8.500
2.697,1.268,8.500
2.692,1.278,8.500
2.674,1.282,8.500
2.669,1.293,8.500
2.691,1.316,8.500
2.692,1.330,8.500
2.824,1.409,8.500
2.662,1.341,8.500
2.851,1.451,8.500
2.839,1.459,8.500
2.639,1.369,8.500
2.634,1.380,8.500
2.783,1.472,8.500
2.809,1.500,8.500
2.630,1.418,8.500
2.766,1.505,8.500
2.593,1.424,8.500
2.607,1.445,8.500
2.582,1.444,8.500
2.896,1.635,8.500
2.622,1.494,8.500
2.584,1.486,8.500
2.526,1.466,8.500
2.591,1.517,8.500
2.553,1.508,8.500
2.698,1.608,8.500
2.541,1.528,8.500
2.548,1.546,8.500
2.542,1.556,8.500
2.542,1.570,8.500
2.517,1.568,8.500
2.505,1.574,8.500
2.536,1.608,8.500
2.454,1.570,8.500
2.455,1.583,8.500
2.504,1.630,8.500
2.398,1.574,8.500
2.429,1.608,8.500
2.558,1.708,8.500
2.546,1.714,8.500
2.367,1.607,8.500
2.604,1.783,8.500
2.507,1.731,8.500
2.560,1.783,8.500
2.354,1.653,8.500
2.347,1.662,8.500
2.503,1.787,8.500
2.479,1.784,8.500
2.339,1.698,8.500
2.351,1.721,8.500
2.320,1.712,8.500
2.307,1.717,8.500
2.300,1.726,8.500
2.528,1.912,8.500
2.281,1.739,8.500
2.280,1.753,8.500
2.243,1.739,8.500
2.266,1.771,8.500
2.411,1.899,8.500
2.397,1.904,8.500
2.245,1.797,8.500
2.232,1.801,8.500
2.231,1.815,8.500
2.212,1.814,8.500
2.217,1.832,8.500
2.215,1.846,8.500
2.191,1.840,8.500
2.195,1.858,8.500
2.329,1.987,8.500
2.180,1.875,8.500
2.161,1.874,8.500
2.182,1.907,8.500
2.303,2.029,8.500
2.156,1.915,8.500
2.160,1.933,8.500
2.124,1.916,8.500
2.128,1.935,8.500
2.120,1.943,8.500
2.249,2.077,8.500
2.251,2.096,8.500
2.086,1.958,8.500
2.089,1.976,8.500
2.065,1.969,8.500
2.244,2.156,8.500
2.199,2.130,8.500
2.238,2.184,8.500
2.167,2.132,8.500
2.164,2.145,8.500
2.018,2.017,8.500
2.037,2.052,8.500
2.023,2.054,8.500
2.021,2.067,8.500
2.007,2.070,8.500
1.978,2.056,8.500
1.986,2.080,8.500
2.095,2.212,8.500
2.041,2.172,8.500
1.915,2.054,8.500
1.927,2.083,8.500
2.080,2.266,8.500
1.849,2.031,8.500
1.907,2.112,8.500
1.853,2.068,8.500
1.850,2.081,8.500
1.837,2.083,8.500
1.819,2.078,8.500
1.949,2.245,8.500
1.940,2.253,8.500
1.769,2.070,8.500
1.771,2.089,8.500
1.904,2.264,8.500
1.764,2.115,8.500
1.766,2.133,8.500
1.753,2.134,8.500
1.720,2.111,8.500
1.741,2.154,8.500
1.718,2.143,8.500
1.714,2.156,8.500
1.710,2.168,8.500
1.707,2.181,8.500
1.823,2.349,8.500
1.795,2.332,8.500
1.681,2.201,8.500
1.672,2.208,8.500
1.781,2.371,8.500
1.781,2.390,8.500
1.637,2.215,8.500
1.637,2.234,8.500
1.619,2.228,8.500
1.602,2.222,8.500
1.720,2.406,8.500
1.732,2.443,8.500
1.597,2.272,8.500
1.575,2.259,8.500
1.704,2.464,8.500
1.681,2.452,8.500
1.583,2.328,8.500
1.540,2.284,8.500
1.543,2.309,8.500
1.538,2.321,8.500
1.621,2.466,8.500
1.667,2.559,8.500
1.523,2.358,8.500
1.619,2.529,8.500
1.537,2.421,8.500
1.536,2.440,8.500
1.494,2.395,8.500
1.505,2.433,8.500
1.604,2.616,8.500
1.597,2.629,8.500
1.441,2.392,8.500
1.447,2.424,8.500
1.406,2.377,8.500
1.389,2.369,8.500
1.391,2.394,8.500
1.491,2.589,8.500
1.575,2.760,8.500
1.356,2.397,8.500
1.350,2.409,8.500
1.344,2.421,8.500
1.426,2.592,8.500
1.489,2.733,8.500
1.319,2.444,8.500
1.269,2.374,8.500
1.339,2.528,8.500
1.322,2.520,8.500
1.227,2.361,8.500
1.221,2.373,8.500
1.216,2.385,8.500
1.203,2.383,8.500
1.417,2.836,8.500
1.276,2.577,8.500
1.171,2.390,8.500
1.175,2.422,8.500
1.242,2.585,8.500
1.229,2.584,8.500
1.130,2.401,8.500
1.256,2.695,8.500
1.121,2.431,8.500
1.169,2.561,8.500
1.089,2.411,8.500
1.095,2.451,8.500
1.108,2.505,8.500
1.198,2.737,8.500
1.042,2.406,8.500
1.004,2.345,8.500
0.995,2.349,8.500
1.028,2.454,8.500
0.973,2.349,8.500
0.967,2.360,8.500
1.020,2.517,8.500
0.957,2.390,8.500
1.017,2.568,8.500
1.043,2.664,8.500
0.938,2.423,8.500
0.945,2.471,8.500
0.946,2.504,8.500
0.926,2.478,8.500
1.014,2.747,8.500
1.003,2.751,8.500
0.904,2.511,8.500
0.865,2.433,8.500
0.943,2.685,8.500
0.933,2.688,8.500
0.852,2.488,8.500
0.852,2.521,8.500
0.842,2.524,8.500
0.818,2.483,8.500
0.825,2.538,8.500
0.820,2.556,8.500
0.798,2.522,8.500
0.793,2.540,8.500
0.848,2.756,8.500
0.833,2.745,8.500
0.758,2.535,8.500
0.755,2.560,8.500
0.800,2.754,8.500
0.820,2.865,8.500
0.718,2.546,8.500
0.708,2.549,8.500
0.700,2.559,8.500
0.696,2.585,8.500
0.741,2.794,8.500
0.668,2.560,8.500
0.658,2.562,8.500
0.648,2.565,8.500
0.681,2.740,8.500
0.684,2.801,8.500
0.670,2.789,8.500
0.613,2.598,8.500
0.644,2.779,8.500
0.594,2.610,8.500
0.579,2.589,8.500
0.575,2.622,8.500
0.599,2.782,8.500
0.550,2.604,8.500
0.546,2.636,8.500
0.569,2.804,8.500
0.555,2.791,8.500
0.549,2.815,8.500
0.496,2.599,8.500
0.547,2.930,8.500
0.479,2.625,8.500
0.485,2.719,8.500
0.505,2.892,8.500
0.495,2.901,8.500
0.453,2.724,8.500
0.448,2.756,8.500
0.440,2.781,8.500
0.420,2.722,8.500
0.414,2.754,8.500
0.428,2.927,8.500
0.386,2.711,8.500
0.379,2.743,8.500
0.366,2.722,8.500
0.358,2.746,8.500
0.351,2.778,8.500
0.335,2.741,8.500
0.324,2.743,8.500
0.314,2.744,8.500
0.305,2.760,8.500
0.314,2.949,8.500
0.303,2.958,8.500
0.288,2.929,8.500
0.260,2.749,8.500
0.249,2.750,8.500
0.254,2.940,8.500
0.244,2.956,8.500
0.225,2.867,8.500
0.216,2.890,8.500
0.211,2.980,8.500
0.185,2.771,8.500
0.174,2.764,8.500
0.169,2.871,8.500
0.157,2.864,8.500
0.156,3.065,8.500
0.144,3.065,8.500
0.121,2.805,8.500
0.112,2.851,8.500
0.102,2.889,8.500
0.090,2.867,8.500
0.079,2.897,8.500
0.067,2.868,8.500
0.056,2.860,8.500
0.045,2.898,8.500
0.036,3.076,8.500
0.023,2.936,8.500
0.011,2.958,8.500
-0.000,3.192,8.500
-0.013,3.156,8.500
-0.024,2.973,8.500
-0.035,2.965,8.500
-0.047,2.965,8.500
-0.062,3.148,8.500
-0.070,2.972,8.500
-0.084,3.053,8.500
-0.094,2.986,8.500
-0.105,2.956,8.500
-0.116,2.934,8.500
-0.129,2.970,8.500
-0.142,2.992,8.500
-0.157,3.072,8.500
-0.163,2.946,8.500
-0.193,3.257,8.500
-0.192,3.048,8.500
-0.203,3.033,8.500
-0.217,3.061,8.500
-0.231,3.082,8.500
-0.243,3.081,8.500
-0.255,3.080,8.500
-0.268,3.086,8.500
-0.275,3.034,8.500
-0.308,3.248,8.500
-0.322,3.268,8.500
-0.316,3.074,8.500
-0.326,3.059,8.500
-0.355,3.208,8.500
-0.375,3.270,8.500
-0.364,3.069,8.500
-0.379,3.089,8.500
-0.388,3.066,8.500
-0.417,3.193,8.500
-0.411,3.056,8.500
-0.452,3.267,8.500
-0.438,3.074,8.500
-0.448,3.058,8.500
-0.472,3.135,8.500
-0.501,3.238,8.500
-0.484,3.052,8.500
-0.503,3.093,8.500
-0.520,3.120,8.500
-0.536,3.139,8.500
-0.544,3.116,8.500
-0.560,3.135,8.500
-0.573,3.133,8.500
-0.582,3.116,8.500
-0.612,3.205,8.500
-0.641,3.285,8.500
-0.623,3.130,8.500
-0.637,3.135,8.500
-0.710,3.426,8.500
-0.694,3.281,8.500
-0.671,3.113,8.500
-0.682,3.103,8.500
-0.692,3.094,8.500
-0.711,3.119,8.500
-0.721,3.109,8.500
-0.729,3.085,8.500
-0.741,3.082,8.500
-0.758,3.100,8.500
-0.765,3.076,8.500
-0.782,3.094,8.500
-0.838,3.262,8.500
-0.855,3.272,8.500
-0.817,3.078,8.500
-0.831,3.082,8.500
-0.841,3.071,8.500
-0.845,3.040,8.500
-0.867,3.072,8.500
-0.863,3.013,8.500
-0.944,3.247,8.500
-0.963,3.263,8.500
-0.968,3.233,8.500
-0.993,3.269,8.500
-0.997,3.239,8.500
-1.035,3.313,8.500
-0.987,3.117,8.500
-1.001,3.120,8.500
-1.078,3.314,8.500
-1.028,3.119,8.500
-1.036,3.101,8.500
-1.104,3.262,8.500
-1.116,3.258,8.500
-1.077,3.102,8.500
-1.084,3.085,8.500
-1.104,3.100,8.500
-1.111,3.083,8.500
-1.168,3.203,8.500
-1.138,3.081,8.500
-1.201,3.213,8.500
-1.187,3.137,8.500
-1.201,3.139,8.500
-1.219,3.147,8.500
-1.236,3.155,8.500
-1.311,3.309,8.500
-1.256,3.133,8.500
-1.330,3.280,8.500
-1.280,3.123,8.500
-1.300,3.137,8.500
-1.381,3.295,8.500
-1.282,3.024,8.500
-1.291,3.012,8.500
-1.369,3.160,8.500
-1.317,3.008,8.500
-1.368,3.093,8.500
-1.372,3.068,8.500
-1.384,3.063,8.500
-1.396,3.057,8.500
-1.483,3.214,8.500
-1.495,3.208,8.500
-1.432,3.041,8.500
-1.453,3.054,8.500
-1.536,3.196,8.500
-1.557,3.208,8.500
-1.483,3.024,8.500
-1.495,3.018,8.500
-1.598,3.195,8.500
-1.592,3.153,8.500
-1.536,3.013,8.500
-1.633,3.170,8.500
-1.560,3.000,8.500
-1.556,2.964,8.500
-1.571,2.964,8.500
-1.592,2.976,8.500
-1.682,3.114,8.500
-1.622,2.975,8.500
-1.716,3.118,8.500
-1.725,3.106,8.500
-1.647,2.938,8.500
-1.686,2.980,8.500
-1.748,3.062,8.500
-1.777,3.084,8.500
-1.693,2.912,8.500
-1.708,2.911,8.500
-1.726,2.916,8.500
-1.727,2.891,8.500
-1.792,2.973,8.500
-1.800,2.960,8.500
-1.822,2.971,8.500
-1.837,2.969,8.500
-1.931,3.093,8.500
-1.946,3.091,8.500
-1.861,2.930,8.500
-1.873,2.923,8.500
-1.892,2.927,8.500
-1.899,2.914,8.500
-1.900,2.889,8.500
-1.911,2.882,8.500
-1.934,2.891,8.500
-1.930,2.861,8.500
-1.956,2.876,8.500
-1.979,2.885,8.500
-2.059,2.977,8.500
-1.990,2.853,8.500
-2.005,2.850,8.500
-2.016,2.842,8.500
-2.102,2.939,8.500
-2.137,2.963,8.500
-2.058,2.829,8.500
-2.049,2.794,8.500
-2.160,2.921,8.500
-2.179,2.923,8.500
-2.069,2.753,8.500
-2.100,2.772,8.500
-2.099,2.748,8.500
-2.106,2.734,8.500
-2.125,2.736,8.500
-2.243,2.866,8.500
-2.213,2.805,8.500
-2.199,2.764,8.500
-2.343,2.921,8.500
-2.242,2.773,8.500
-2.249,2.759,8.500
-2.285,2.781,8.500
-2.392,2.889,8.500
-2.387,2.860,8.500
-2.287,2.718,8.500
-2.302,2.714,8.500
-2.438,2.851,8.500
-2.432,2.822,8.500
-2.325,2.677,8.500
-2.345,2.678,8.500
-2.355,2.669,8.500
-2.480,2.788,8.500
-2.385,2.660,8.500
-2.391,2.646,8.500
-2.392,2.626,8.500
-2.412,2.627,8.500
-2.427,2.622,8.500
-2.428,2.603,8.500
-2.438,2.593,8.500
-2.499,2.637,8.500
-2.463,2.579,8.500
-2.592,2.693,8.500
-2.616,2.697,8.500
-2.484,2.540,8.500
-2.498,2.535,8.500
-2.499,2.516,8.500
-2.631,2.628,8.500
-2.528,2.506,8.500
-2.528,2.486,8.500
-2.567,2.504,8.500
-2.557,2.476,8.500
-2.677,2.571,8.500
-2.591,2.469,8.500
-2.591,2.450,8.500
-2.581,2.421,8.500
-2.755,2.564,8.500
-2.610,2.410,8.500
-2.625,2.404,8.500
-2.644,2.403,8.500
-2.658,2.397,8.500
-2.643,2.364,8.500
-2.657,2.358,8.500
-2.681,2.361,8.500
-2.686,2.346,8.500
-2.849,2.470,8.500
-2.724,2.343,8.500
-2.844,2.426,8.500
-2.727,2.308,8.500
-2.838,2.383,8.500
-2.847,2.371,8.500
-2.759,2.280,8.500
-2.773,2.273,8.500
-2.895,2.354,8.500
-2.915,2.351,8.500
-2.784,2.228,8.500
-2.918,2.316,8.500
-2.791,2.198,8.500
-2.821,2.203,8.500
-2.808,2.176,8.500
-2.817,2.165,8.500
-2.836,2.162,8.500
-2.845,2.151,8.500
-3.001,2.250,8.500
-2.861,2.128,8.500
-3.008,2.219,8.500
-3.017,2.207,8.500
-3.026,2.195,8.500
-3.034,2.183,8.500
-2.875,2.052,8.500
-2.894,2.048,8.500
-3.092,2.170,8.500
-3.073,2.139,8.500
-3.050,2.105,8.500
-2.915,1.995,8.500
-2.967,2.014,8.500
-3.080,2.072,8.500
-2.938,1.961,8.500
-2.968,1.964,8.500
-2.982,1.956,8.500
-2.989,1.944,8.500
-2.974,1.918,8.500
-3.010,1.924,8.500
-3.163,2.004,8.500
-3.149,1.978,8.500
-3.033,1.889,8.500
-3.236,1.998,8.500
-3.194,1.954,8.500
-3.202,1.942,8.500
-3.051,1.834,8.500
-3.132,1.866,8.500
-3.059,1.806,8.500
-3.147,1.842,8.500
-3.085,1.789,8.500
-3.173,1.823,8.500
-3.174,1.808,8.500
-3.135,1.769,8.500
-3.194,1.786,8.500
-3.201,1.773,8.500
-3.345,1.836,8.500
-3.364,1.829,8.500
-3.320,1.788,8.500
-3.223,1.720,8.500
-3.241,1.713,8.500
-3.230,1.691,8.500
-3.249,1.685,8.500
-3.255,1.672,8.500
-3.273,1.665,8.500
-3.373,1.699,8.500
-3.292,1.642,8.500
-3.281,1.620,8.500
-3.281,1.605,8.500
-3.300,1.597,8.500
-3.300,1.582,8.500
-3.324,1.577,8.500
-3.465,1.628,8.500
-3.330,1.548,8.500
-3.324,1.530,8.500
-3.484,1.587,8.500
-3.342,1.506,8.500
-3.372,1.504,8.500
-3.444,1.519,8.500
-3.497,1.527,8.500
-3.341,1.443,8.500
-3.515,1.502,8.500
-3.527,1.490,8.500
-3.370,1.409,8.500
-3.532,1.460,8.500
-3.381,1.382,8.500
-3.550,1.435,8.500
-3.579,1.430,8.500
-3.403,1.344,8.500
-3.415,1.334,8.500
-3.408,1.315,8.500
-3.450,1.316,8.500
-3.406,1.284,8.500
-3.429,1.277,8.500
-3.599,1.325,8.500
-3.439,1.250,8.500
-3.456,1.241,8.500
-3.467,1.230,8.500
-3.632,1.272,8.500
-3.612,1.249,8.500
-3.438,1.174,8.500
-3.474,1.171,8.500
-3.615,1.203,8.500
-3.625,1.191,8.500
-3.469,1.124,8.500
-3.486,1.114,8.500
-3.502,1.105,8.500
-3.488,1.085,8.500
-3.666,1.125,8.500
-3.646,1.103,8.500
-3.500,1.044,8.500
-3.511,1.032,8.500
-3.515,1.018,8.500
-3.512,1.002,8.500
-3.516,0.989,8.500
-3.533,0.978,8.500
-3.530,0.963,8.500
-3.710,0.996,8.500
-3.689,0.975,8.500
-3.542,0.921,8.500
-3.596,0.920,8.500
-3.719,0.936,8.500
-3.565,0.882,8.500
-3.714,0.904,8.500
-3.908,0.935,8.500
-3.639,0.855,8.500
-3.572,0.825,8.500
-3.562,0.808,8.500
-3.812,0.849,8.500
-3.607,0.788,8.500
-3.674,0.788,8.500
-3.664,0.771,8.500
-3.648,0.752,8.500
-3.822,0.772,8.500
-3.705,0.734,8.500
-3.683,0.714,8.500
-3.692,0.701,8.500
-3.669,0.682,8.500
-3.678,0.668,8.500
-3.693,0.656,8.500
-3.689,0.641,8.500
-3.685,0.625,8.500
-3.853,0.638,8.500
-3.697,0.597,8.500
-3.693,0.582,8.500
-3.879,0.595,8.500
-3.862,0.577,8.500
-3.712,0.540,8.500
-3.708,0.524,8.500
-3.703,0.509,8.500
-3.712,0.495,8.500
-3.720,0.481,8.500
-3.696,0.464,8.500
-3.889,0.472,8.500
-3.872,0.455,8.500
-3.747,0.425,8.500
-3.722,0.408,8.500
-3.763,0.397,8.500
-3.738,0.380,8.500
-3.720,0.363,8.500
-3.741,0.350,8.500
-3.883,0.348,8.500
-3.789,0.325,8.500
-3.745,0.306,8.500
-3.862,0.300,8.500
-3.895,0.287,8.500
-3.736,0.261,8.500
-3.890,0.256,8.500
-3.750,0.232,8.500
-3.732,0.217,8.500
-3.739,0.202,8.500
-3.740,0.188,8.500
-3.888,0.180,8.500
-3.741,0.158,8.500
-3.748,0.144,8.500
-3.768,0.130,8.500
-3.916,0.119,8.500
-3.891,0.103,8.500
-3.750,0.085,8.500
-3.917,0.073,8.500
-3.757,0.055,8.500
-3.738,0.040,8.500
-3.745,0.026,8.500
-3.745,0.011,8.500
-3.911,-0.004,8.500
-3.905,-0.019,8.500
-3.738,-0.033,8.500
-3.744,-0.048,8.500
-3.731,-0.062,8.500
-3.744,-0.077,8.500
-3.967,-0.097,8.500
-3.979,-0.113,8.500
-3.743,-0.121,8.500
-3.710,-0.135,8.500
-3.896,-0.157,8.500
-3.914,-0.173,8.500
-3.740,-0.180,8.500
-3.753,-0.195,8.500
-3.752,-0.210,8.500
-3.917,-0.235,8.500
-3.743,-0.239,8.500
-3.717,-0.252,8.500
-3.735,-0.268,8.500
-3.894,-0.295,8.500
-3.937,-0.314,8.500
-3.866,-0.324,8.500
-3.737,-0.327,8.500
-3.755,-0.344,8.500
-3.728,-0.356,8.500
-3.733,-0.371,8.500
-3.731,-0.386,8.500
-3.723,-0.400,8.500
-3.722,-0.415,8.500
-3.720,-0.429,8.500
-3.718,-0.444,8.500
-3.716,-0.459,8.500
-3.715,-0.473,8.500
-3.726,-0.489,8.500
-3.717,-0.503,8.500
-3.887,-0.542,8.500
-3.884,-0.557,8.500
-3.876,-0.571,8.500
-3.715,-0.563,8.500
-3.713,-0.577,8.500
-3.869,-0.617,8.500
-3.947,-0.645,8.500
-3.700,-0.620,8.500
-3.697,-0.634,8.500
-3.853,-0.677,8.500
-3.862,-0.694,8.500
-3.866,-0.710,8.500
-3.850,-0.723,8.500
-3.684,-0.707,8.500
-3.832,-0.751,8.500
-3.678,-0.736,8.500
-3.669,-0.749,8.500
-3.672,-0.765,8.500
-3.682,-0.782,8.500
-3.666,-0.793,8.500
-3.638,-0.802,8.500
-3.816,-0.857,8.500
-3.813,-0.872,8.500
-3.660,-0.852,8.500
-3.650,-0.865,8.500
-3.628,-0.875,8.500
-3.786,-0.929,8.500
-3.795,-0.947,8.500
-3.779,-0.959,8.500
-3.763,-0.971,8.500
-3.610,-0.946,8.500
-3.612,-0.962,8.500
-3.627,-0.981,8.500
-3.759,-1.033,8.500
-3.768,-1.051,8.500
-3.739,-1.059,8.500
-3.580,-1.029,8.500
-3.557,-1.038,8.500
-3.738,-1.107,8.500
-3.746,-1.125,8.500
-3.754,-1.143,8.500
-3.695,-1.141,8.500
-3.580,-1.121,8.500
-3.575,-1.135,8.500
-3.552,-1.143,8.500
-3.566,-1.163,8.500
-3.537,-1.169,8.500
-3.551,-1.189,8.500
-3.546,-1.203,8.500
-3.529,-1.213,8.500
-3.543,-1.233,8.500
-3.532,-1.245,8.500
-3.527,-1.259,8.500
-3.540,-1.279,8.500
-3.529,-1.291,8.500
-3.518,-1.302,8.500
-3.513,-1.316,8.500
-3.657,-1.387,8.500
-3.646,-1.399,8.500
-3.635,-1.411,8.500
-3.492,-1.371,8.500
-3.474,-1.380,8.500
-3.481,-1.399,8.500
-3.457,-1.405,8.500
-3.470,-1.426,8.500
-3.476,-1.445,8.500
-3.446,-1.448,8.500
-3.446,-1.464,8.500
-3.459,-1.485,8.500
-3.435,-1.491,8.500
-3.564,-1.564,8.500
-3.441,-1.526,8.500
-3.447,-1.545,8.500
-3.575,-1.619,8.500
-3.562,-1.631,8.500
-3.399,-1.572,8.500
-3.351,-1.566,8.500
-3.375,-1.593,8.500
-3.386,-1.615,8.500
-3.391,-1.634,8.500
-3.367,-1.638,8.500
-3.349,-1.646,8.500
-3.343,-1.659,8.500
-3.342,-1.675,8.500
-3.479,-1.761,8.500
-3.329,-1.701,8.500
-3.333,-1.720,8.500
-3.441,-1.793,8.500
-3.473,-1.827,8.500
-3.301,-1.753,8.500
-3.431,-1.839,8.500
-3.305,-1.788,8.500
-3.275,-1.789,8.500
-3.273,-1.805,8.500
-3.266,-1.818,8.500
-3.271,-1.837,8.500
-3.263,-1.850,8.500
-3.262,-1.866,8.500
-3.249,-1.875,8.500
-3.456,-2.013,8.500
-3.217,-1.891,8.500
-3.215,-1.907,8.500
-3.247,-1.943,8.500
-3.211,-1.939,8.500
-3.181,-1.938,8.500
-3.185,-1.957,8.500
-3.177,-1.970,8.500
-3.169,-1.982,8.500
-3.150,-1.988,8.500
-3.159,-2.011,8.500
-3.146,-2.019,8.500
-3.143,-2.035,8.500
-3.135,-2.048,8.500
-3.149,-2.074,8.500
-3.119,-2.072,8.500
-3.249,-2.177,8.500
-3.329,-2.250,8.500
-3.078,-2.098,8.500
-3.218,-2.212,8.500
-3.083,-2.137,8.500
-3.069,-2.145,8.500
-3.061,-2.157,8.500
-3.052,-2.169,8.500
-3.044,-2.181,8.500
-3.272,-2.364,8.500
-3.027,-2.205,8.500
-3.147,-2.312,8.500
-3.004,-2.225,8.500
-2.995,-2.237,8.500
-3.002,-2.260,8.500
-2.998,-2.276,8.500
-3.116,-2.385,8.500
-3.102,-2.393,8.500
-3.057,-2.378,8.500
-2.942,-2.307,8.500
-2.933,-2.318,8.500
-2.857,-2.276,8.500
-2.899,-2.329,8.500
-2.869,-2.324,8.500
-2.845,-2.322,8.500
-2.886,-2.375,8.500
-2.801,-2.324,8.500
-2.812,-2.352,8.500
-2.923,-2.463,8.500
-2.794,-2.374,8.500
-2.779,-2.380,8.500
-2.780,-2.400,8.500
-2.766,-2.406,8.500
-2.761,-2.422,8.500
-2.737,-2.419,8.500
-2.742,-2.443,8.500
-2.732,-2.454,8.500
-2.843,-2.574,8.500
-2.693,-2.458,8.500
-2.693,-2.477,8.500
-2.689,-2.492,8.500
-2.684,-2.507,8.500
-2.664,-2.509,8.500
-2.768,-2.627,8.500
-2.635,-2.520,8.500
-2.606,-2.512,8.500
-2.713,-2.637,8.500
-2.610,-2.556,8.500
-2.618,-2.585,8.500
-2.589,-2.576,8.500
-2.575,-2.582,8.500
-2.711,-2.740,8.500
-2.573,-2.621,8.500
-2.562,-2.631,8.500
-2.665,-2.758,8.500
-2.645,-2.759,8.500
-2.634,-2.769,8.500
-2.443,-2.589,8.500
-2.447,-2.613,8.500
-2.423,-2.608,8.500
-2.476,-2.686,8.500
-2.465,-2.695,8.500
-2.450,-2.700,8.500
-2.540,-2.822,8.500
-2.618,-2.931,8.500
-2.586,-2.918,8.500
-2.570,-2.923,8.500
-2.448,-2.807,8.500
-2.459,-2.842,8.500
-2.481,-2.891,8.500
-2.520,-2.959,8.500
-2.528,-2.993,8.500
-2.513,-2.998,8.500
-2.435,-2.929,8.500
-2.403,-2.914,8.500
-2.355,-2.878,8.500
-2.368,-2.917,8.500
-2.328,-2.891,8.500
-2.321,-2.905,8.500
-2.429,-3.066,8.500
-2.318,-2.949,8.500
-2.294,-2.943,8.500
-2.408,-3.114,8.500
-2.271,-2.961,8.500
-2.368,-3.113,8.500
-2.364,-3.132,8.500
-2.348,-3.136,8.500
-2.343,-3.156,8.500
-2.228,-3.026,8.500
-2.197,-3.008,8.500
-2.208,-3.049,8.500
-2.181,-3.036,8.500
-2.176,-3.055,8.500
-2.161,-3.058,8.500
-2.149,-3.067,8.500
-2.151,-3.097,8.500
-2.128,-3.089,8.500
-2.123,-3.108,8.500
-2.096,-3.095,8.500
-2.188,-3.257,8.500
-2.186,-3.282,8.500
-2.067,-3.130,8.500
-2.143,-3.272,8.500
-2.042,-3.146,8.500
-2.026,-3.149,8.500
-2.004,-3.140,8.500
-1.998,-3.159,8.500
-1.989,-3.173,8.500
-1.977,-3.180,8.500
-2.062,-3.346,8.500
-2.032,-3.327,8.500
-2.068,-3.416,8.500
-1.923,-3.205,8.500
-1.904,-3.202,8.500
-1.976,-3.353,8.500
-1.885,-3.228,8.500
-1.882,-3.252,8.500
-1.860,-3.243,8.500
-1.850,-3.256,8.500
-1.828,-3.246,8.500
-1.906,-3.416,8.500
-1.818,-3.289,8.500
-1.745,-3.186,8.500
-1.792,-3.303,8.500
-1.730,-3.217,8.500
-1.769,-3.322,8.500
-1.756,-3.329,8.500
-1.701,-3.255,8.500
-1.715,-3.314,8.500
-1.778,-3.470,8.500
-1.704,-3.357,8.500
-1.759,-3.501,8.500
-1.674,-3.364,8.500
-1.644,-3.335,8.500
-1.715,-3.515,8.500
-1.626,-3.366,8.500
-1.690,-3.534,8.500
-1.600,-3.379,8.500
-1.713,-3.655,8.500
-1.649,-3.554,8.500
-1.624,-3.538,8.500
-1.554,-3.421,8.500
-1.533,-3.409,8.500
-1.519,-3.415,8.500
-1.573,-3.574,8.500
-1.490,-3.421,8.500
-1.479,-3.433,8.500
-1.455,-3.415,8.500
-1.462,-3.469,8.500
-1.436,-3.444,8.500
-1.484,-3.599,8.500
-1.455,-3.569,8.500
-1.479,-3.669,8.500
-1.451,-3.639,8.500
-1.380,-3.502,8.500
-1.352,-3.471,8.500
-1.350,-3.507,8.500
-1.336,-3.512,8.500
-1.318,-3.505,8.500
-1.302,-3.504,8.500
-1.293,-3.521,8.500
-1.329,-3.665,8.500
-1.313,-3.665,8.500
-1.242,-3.512,8.500
-1.237,-3.541,8.500
-1.225,-3.552,8.500
-1.295,-3.803,8.500
-1.201,-3.574,8.500
-1.181,-3.560,8.500
-1.215,-3.711,8.500
-1.183,-3.662,8.500
-1.190,-3.733,8.500
-1.137,-3.616,8.500
-1.164,-3.754,8.500
-1.091,-3.568,8.500
-1.085,-3.598,8.500
-1.116,-3.755,8.500
-1.058,-3.612,8.500
-1.087,-3.764,8.500
-1.070,-3.762,8.500
-1.047,-3.736,8.500
-0.993,-3.597,8.500
-0.984,-3.620,8.500
-0.971,-3.630,8.500
-0.957,-3.634,8.500
-0.944,-3.644,8.500
-0.928,-3.641,8.500
-0.911,-3.632,8.500
-0.935,-3.792,8.500
-0.947,-3.905,8.500
-0.904,-3.793,8.500
-0.851,-3.633,8.500
-0.878,-3.818,8.500
-0.860,-3.809,8.500
-0.808,-3.643,8.500
-0.795,-3.653,8.500
-0.840,-3.935,8.500
-0.803,-3.835,8.500
-0.754,-3.674,8.500
-0.736,-3.658,8.500
-0.727,-3.687,8.500
-0.739,-3.828,8.500
-0.727,-3.850,8.500
-0.678,-3.669,8.500
-0.697,-3.855,8.500
-0.691,-3.908,8.500
-0.664,-3.842,8.500
-0.623,-3.692,8.500
-0.608,-3.695,8.500
-0.592,-3.684,8.500
-0.579,-3.700,8.500
-0.563,-3.689,8.500
-0.546,-3.678,8.500
-0.535,-3.700,8.500
-0.523,-3.721,8.500
-0.506,-3.704,8.500
-0.529,-3.989,8.500
-0.477,-3.714,8.500
-0.460,-3.696,8.500
-0.448,-3.718,8.500
-0.436,-3.739,8.500
-0.420,-3.734,8.500
-0.404,-3.723,8.500
-0.399,-3.814,8.500
-0.382,-3.790,8.500
-0.365,-3.779,8.500
-0.337,-3.631,8.500
-0.340,-3.833,8.500
-0.309,-3.646,8.500
-0.293,-3.628,8.500
-0.281,-3.655,8.500
-0.266,-3.650,8.500
-0.263,-3.807,8.500
-0.238,-3.652,8.500
-0.222,-3.633,8.500
-0.208,-3.640,8.500
-0.195,-3.661,8.500
-0.177,-3.589,8.500
-0.163,-3.603,8.500
-0.150,-3.630,8.500
-0.133,-3.550,8.500
-0.120,-3.564,8.500
-0.106,-3.578,8.500
-0.091,-3.558,8.500
-0.078,-3.592,8.500
-0.063,-3.552,8.500
-0.052,-3.731,8.500
-0.037,-3.738,8.500
-0.022,-3.573,8.500
-0.007,-3.566,8.500
0.007,-3.573,8.500
0.020,-3.539,8.500
0.036,-3.731,8.500
0.048,-3.559,8.500
0.066,-3.744,8.500
0.076,-3.559,8.500
0.091,-3.572,8.500
0.105,-3.565,8.500
0.124,-3.736,8.500
0.134,-3.597,8.500
0.146,-3.556,8.500
0.160,-3.549,8.500
0.183,-3.740,8.500
0.198,-3.746,8.500
0.212,-3.719,8.500
0.217,-3.573,8.500
0.231,-3.559,8.500
0.244,-3.544,8.500
0.258,-3.550,8.500
0.271,-3.542,8.500
0.288,-3.568,8.500
0.301,-3.560,8.500
0.313,-3.539,8.500
0.330,-3.564,8.500
0.343,-3.556,8.500
0.368,-3.661,8.500
0.379,-3.633,8.500
0.393,-3.631,8.500
0.408,-3.630,8.500
0.420,-3.609,8.500
0.456,-3.795,8.500
0.472,-3.799,8.500
0.469,-3.656,8.500
0.478,-3.615,8.500
0.525,-3.851,8.500
0.508,-3.624,8.500
0.543,-3.764,8.500
0.561,-3.781,8.500
0.550,-3.611,8.500
0.564,-3.609,8.500
0.595,-3.710,8.500
0.605,-3.682,8.500
0.606,-3.595,8.500
0.634,-3.677,8.500
0.636,-3.604,8.500
0.667,-3.691,8.500
0.675,-3.657,8.500
0.686,-3.635,8.500
0.693,-3.593,8.500
0.723,-3.674,8.500
0.722,-3.594,8.500
0.734,-3.578,8.500
0.750,-3.588,8.500
0.762,-3.572,8.500
0.786,-3.614,8.500
0.828,-3.738,8.500
0.825,-3.659,8.500
0.821,-3.573,8.500
0.830,-3.550,8.500
0.847,-3.560,8.500
0.889,-3.671,8.500
0.854,-3.469,8.500
0.865,-3.453,8.500
0.877,-3.443,8.500
0.892,-3.446,8.500
0.911,-3.462,8.500
0.960,-3.592,8.500
0.931,-3.429,8.500
0.948,-3.438,8.500
0.936,-3.343,8.500
0.997,-3.507,8.500
1.010,-3.503,8.500
0.973,-3.325,8.500
0.980,-3.301,8.500
1.001,-3.324,8.500
1.026,-3.359,8.500
1.033,-3.335,8.500
1.053,-3.351,8.500
1.100,-3.455,8.500
1.118,-3.464,8.500
1.077,-3.293,8.500
1.092,-3.295,8.500
1.101,-3.278,8.500
1.120,-3.293,8.500
1.140,-3.308,8.500
1.142,-3.271,8.500
1.154,-3.266,8.500
1.170,-3.268,8.500
1.185,-3.270,8.500
1.188,-3.240,8.500
1.201,-3.235,8.500
1.218,-3.243,8.500
1.234,-3.245,8.500
1.249,-3.246,8.500
1.363,-3.502,8.500
1.279,-3.249,8.500
1.279,-3.212,8.500
1.360,-3.376,8.500
1.307,-3.208,8.500
1.325,-3.216,8.500
1.335,-3.204,8.500
1.348,-3.199,8.500
1.434,-3.367,8.500
1.442,-3.349,8.500
1.439,-3.307,8.500
1.463,-3.325,8.500
1.413,-3.178,8.500
1.431,-3.185,8.500
1.507,-3.320,8.500
1.490,-3.247,8.500
1.564,-3.374,8.500
1.538,-3.284,8.500
1.516,-3.205,8.500
1.494,-3.126,8.500
1.518,-3.144,8.500
1.515,-3.108,8.500
1.537,-3.120,8.500
1.612,-3.241,8.500
1.573,-3.132,8.500
1.613,-3.180,8.500
1.653,-3.228,8.500
1.666,-3.221,8.500
1.684,-3.226,8.500
1.631,-3.095,8.500
1.631,-3.064,8.500
1.646,-3.064,8.500
1.738,-3.205,8.500
1.754,-3.204,8.500
1.760,-3.186,8.500
1.687,-3.026,8.500
1.699,-3.019,8.500
1.714,-3.018,8.500
1.820,-3.175,8.500
1.832,-3.168,8.500
1.757,-3.010,8.500
1.758,-2.985,8.500
1.784,-3.002,8.500
1.785,-2.977,8.500
1.887,-3.120,8.500
1.886,-3.090,8.500
1.813,-2.944,8.500
1.814,-2.920,8.500
1.836,-2.930,8.500
1.862,-2.946,8.500
1.863,-2.921,8.500
1.867,-2.902,8.500
1.893,-2.918,8.500
1.897,-2.899,8.500
1.867,-2.828,8.500
1.920,-2.884,8.500
1.881,-2.802,8.500
1.888,-2.789,8.500
1.895,-2.776,8.500
1.930,-2.803,8.500
1.909,-2.749,8.500
1.991,-2.844,8.500
1.935,-2.740,8.500
2.060,-2.894,8.500
1.960,-2.730,8.500
1.975,-2.728,8.500
1.981,-2.715,8.500
2.102,-2.856,8.500
2.007,-2.705,8.500
2.017,-2.697,8.500
2.032,-2.694,8.500
2.211,-2.908,8.500
2.178,-2.841,8.500
2.055,-2.659,8.500
2.062,-2.646,8.500
2.085,-2.654,8.500
2.091,-2.640,8.500
2.088,-2.616,8.500
2.129,-2.645,8.500
2.117,-2.610,8.500
2.240,-2.740,8.500
2.156,-2.615,8.500
2.153,-2.590,8.500
2.172,-2.592,8.500
2.173,-2.573,8.500
2.178,-2.559,8.500
2.202,-2.567,8.500
2.226,-2.574,8.500
2.213,-2.539,8.500
2.232,-2.541,8.500
2.247,-2.537,8.500
2.252,-2.523,8.500
2.248,-2.499,8.500
2.262,-2.495,8.500
2.282,-2.496,8.500
2.282,-2.477,8.500
2.315,-2.493,8.500
2.320,-2.479,8.500
2.316,-2.455,8.500
2.325,-2.446,8.500
2.453,-2.560,8.500
2.459,-2.546,8.500
2.354,-2.418,8.500
2.479,-2.526,8.500
2.353,-2.380,8.500
2.373,-2.381,8.500
2.387,-2.376,8.500
2.401,-2.372,8.500
2.410,-2.362,8.500
2.355,-2.289,8.500
2.557,-2.467,8.500
2.367,-2.266,8.500
2.402,-2.281,8.500
2.456,-2.314,8.500
2.465,-2.305,8.500
2.408,-2.233,8.500
2.411,-2.219,8.500
2.420,-2.209,8.500
2.563,-2.321,8.500
2.562,-2.302,8.500
2.435,-2.171,8.500
2.528,-2.236,8.500
2.578,-2.262,8.500
2.603,-2.266,8.500
2.485,-2.147,8.500
2.625,-2.250,8.500
2.481,-2.109,8.500
2.510,-2.117,8.500
2.513,-2.103,8.500
2.511,-2.084,8.500
2.519,-2.074,8.500
2.543,-2.077,8.500
2.568,-2.081,8.500
2.690,-2.162,8.500
2.698,-2.151,8.500
2.554,-2.020,8.500
2.617,-2.053,8.500
2.652,-2.064,8.500
2.732,-2.109,8.500
2.602,-1.992,8.500
2.615,-1.986,8.500
2.623,-1.976,8.500
2.619,-1.957,8.500
2.650,-1.964,8.500
2.663,-1.957,8.500
2.637,-1.922,8.500
2.661,-1.924,8.500
2.663,-1.909,8.500
2.676,-1.903,8.500
2.666,-1.880,8.500
2.662,-1.862,8.500
2.739,-1.899,8.500
2.706,-1.861,8.500
2.719,-1.854,8.500
2.709,-1.832,8.500
2.883,-1.933,8.500
2.868,-1.907,8.500
2.724,-1.796,8.500
2.761,-1.804,8.500
2.896,-1.876,8.500
2.909,-1.869,8.500
2.764,-1.760,8.500
2.753,-1.738,8.500
2.914,-1.823,8.500
2.779,-1.724,8.500
2.797,-1.720,8.500
2.935,-1.789,8.500
2.793,-1.687,8.500
2.854,-1.709,8.500
2.830,-1.680,8.500
2.897,-1.704,8.500
2.813,-1.640,8.500
2.838,-1.639,8.500
2.844,-1.628,8.500
2.863,-1.624,8.500
2.869,-1.612,8.500
2.888,-1.608,8.500
2.875,-1.586,8.500
2.882,-1.575,8.500
2.888,-1.564,8.500
3.059,-1.641,8.500
3.053,-1.623,8.500
2.887,-1.520,8.500
2.906,-1.515,8.500
3.072,-1.586,8.500
3.066,-1.568,8.500
3.085,-1.562,8.500
3.072,-1.541,8.500
3.091,-1.535,8.500
2.934,-1.443,8.500
2.940,-1.431,8.500
2.952,-1.423,8.500
2.996,-1.429,8.500
2.988,-1.412,8.500
2.981,-1.394,8.500
2.974,-1.376,8.500
2.966,-1.359,8.500
2.978,-1.350,8.500
3.073,-1.378,8.500
3.078,-1.366,8.500
3.128,-1.374,8.500
2.993,-1.300,8.500
3.113,-1.338,8.500
2.990,-1.271,8.500
3.200,-1.346,8.500
3.274,-1.362,8.500
3.115,-1.281,8.500
3.094,-1.258,8.500
3.105,-1.249,8.500
3.117,-1.239,8.500
3.056,-1.201,8.500
3.172,-1.232,8.500
3.138,-1.205,8.500
3.162,-1.200,8.500
3.075,-1.153,8.500
3.499,-1.297,8.500
3.330,-1.219,8.500
3.180,-1.150,8.500
3.185,-1.138,8.500
3.170,-1.118,8.500
3.101,-1.080,8.500
3.263,-1.122,8.500
3.351,-1.138,8.500
3.160,-1.059,8.500
3.178,-1.051,8.500
3.384,-1.105,8.500
3.381,-1.089,8.500
3.243,-1.031,8.500
3.207,-1.005,8.500
3.224,-0.997,8.500
3.392,-1.034,8.500
3.415,-1.027,8.500
3.229,-0.957,8.500
3.226,-0.942,8.500
3.230,-0.930,8.500
3.247,-0.921,8.500
3.244,-0.906,8.500
3.247,-0.893,8.500
3.244,-0.879,8.500
3.234,-0.862,8.500
3.271,-0.858,8.500
3.268,-0.844,8.500
3.258,-0.828,8.500
3.261,-0.815,8.500
3.284,-0.807,8.500
3.307,-0.799,8.500
3.277,-0.778,8.500
3.287,-0.767,8.500
3.463,-0.793,8.500
3.446,-0.775,8.500
3.295,-0.728,8.500
3.305,-0.716,8.500
3.294,-0.700,8.500
3.458,-0.721,8.500
3.487,-0.713,8.500
3.483,-0.698,8.500
3.250,-0.638,8.500
3.476,-0.668,8.500
3.324,-0.625,8.500
3.319,-0.611,8.500
3.322,-0.598,8.500
3.324,-0.585,8.500
3.326,-0.572,8.500
3.308,-0.555,8.500
3.324,-0.544,8.500
3.326,-0.531,8.500
3.348,-0.521,8.500
3.337,-0.506,8.500
3.339,-0.493,8.500
3.347,-0.481,8.500
3.329,-0.465,8.500
3.344,-0.454,8.500
3.339,-0.440,8.500
3.355,-0.428,8.500
3.349,-0.414,8.500
3.337,-0.399,8.500
3.353,-0.388,8.500
3.361,-0.375,8.500
3.552,-0.383,8.500
3.520,-0.365,8.500
3.331,-0.332,8.500
3.339,-0.320,8.500
3.347,-0.307,8.500
3.348,-0.294,8.500
3.342,-0.281,8.500
3.364,-0.269,8.500
3.351,-0.255,8.500
3.359,-0.242,8.500
3.571,-0.243,8.500
3.291,-0.211,8.500
3.369,-0.203,8.500
3.286,-0.185,8.500
3.548,-0.186,8.500
3.447,-0.167,8.500
3.454,-0.154,8.500
3.267,-0.133,8.500
3.289,-0.120,8.500
3.456,-0.113,8.500
3.380,-0.097,8.500
3.276,-0.081,8.500
3.269,-0.068,8.500
3.437,-0.058,8.500
3.450,-0.045,8.500
3.249,-0.030,8.500
3.284,-0.017,8.500
3.284,-0.004,8.500
3.263,0.009,8.500
3.263,0.022,8.500
3.270,0.034,8.500
3.148,0.046,9.000
3.198,0.059,9.000
3.112,0.069,9.000
3.053,0.080,9.000
3.096,0.094,9.000
3.261,0.111,9.000
3.225,0.123,9.000
3.066,0.129,9.000
3.080,0.141,9.000
3.087,0.154,9.000
3.237,0.174,9.000
3.078,0.178,9.000
3.085,0.190,9.000
3.106,0.204,9.000
3.039,0.212,9.000
3.090,0.227,9.000
3.045,0.236,9.000
3.446,0.281,9.000
3.237,0.276,9.000
3.071,0.274,9.000
3.084,0.288,9.000
3.062,0.298,9.000
3.068,0.311,9.000
3.245,0.341,9.000
3.222,0.352,9.000
3.064,0.347,9.000
3.084,0.361,9.000
3.061,0.371,9.000
3.045,0.381,9.000
3.014,0.389,9.000
3.035,0.404,9.000
3.233,0.443,9.000
3.024,0.427,9.000
3.257,0.473,9.000
3.227,0.481,9.000
2.968,0.455,9.000
3.039,0.478,9.000
3.179,0.513,9.000
3.233,0.534,9.000
3.033,0.513,9.000
3.081,0.534,9.000
3.050,0.541,9.000
3.034,0.550,9.000
3.024,0.561,9.000
3.029,0.574,9.000
3.034,0.588,9.000
3.277,0.648,9.000
3.184,0.643,9.000
3.020,0.622,9.000
3.010,0.632,9.000
3.008,0.644,9.000
3.005,0.656,9.000
3.010,0.669,9.000
3.007,0.681,9.000
3.012,0.694,9.000
2.988,0.701,9.000
2.963,0.708,9.000
3.010,0.732,9.000
3.167,0.783,9.000
3.171,0.797,9.000
2.987,0.763,9.000
2.998,0.779,9.000
2.974,0.785,9.000
2.992,0.802,9.000
2.982,0.812,9.000
3.117,0.862,9.000
2.968,0.834,9.000
2.859,0.815,9.000
3.141,0.909,9.000
3.110,0.913,9.000
3.018,0.899,9.000
2.917,0.881,9.000
2.920,0.895,9.000
2.931,0.911,9.000
3.017,0.951,9.000
3.013,0.962,9.000
2.836,0.918,9.000
2.832,0.929,9.000
2.967,0.986,9.000
2.811,0.947,9.000
2.821,0.962,9.000
2.803,0.969,9.000
2.985,1.045,9.000
2.974,1.054,9.000
2.902,1.041,9.000
2.794,1.015,9.000
2.811,1.034,9.000
2.951,1.098,9.000
2.967,1.117,9.000
2.969,1.132,9.000
2.774,1.070,9.000
2.770,1.081,9.000
2.759,1.089,9.000
2.924,1.168,9.000
2.750,1.111,9.000
2.935,1.199,9.000
2.762,1.141,9.000
2.743,1.146,9.000
2.732,1.154,9.000
2.889,1.233,9.000
2.627,1.133,9.000
2.670,1.165,9.000
2.720,1.199,9.000
2.688,1.198,9.000
2.650,1.193,9.000
2.590,1.179,9.000
2.633,1.211,9.000
2.601,1.208,9.000
2.555,1.199,9.000
2.585,1.226,9.000
2.573,1.232,9.000
2.782,1.346,9.000
2.570,1.256,9.000
2.572,1.269,9.000
2.601,1.296,9.000
2.535,1.276,9.000
2.564,1.303,9.000
2.737,1.405,9.000
2.718,1.409,9.000
2.719,1.423,9.000
2.694,1.423,9.000
2.610,1.392,9.000
2.512,1.352,9.000
2.527,1.373,9.000
2.541,1.394,9.000
2.542,1.407,9.000
2.524,1.410,9.000
2.505,1.413,9.000
2.447,1.392,9.000
2.474,1.421,9.000
2.611,1.513,9.000
2.495,1.459,9.000
2.457,1.450,9.000
2.452,1.460,9.000
2.446,1.469,9.000
2.472,1.498,9.000
2.453,1.500,9.000
2.618,1.615,9.000
2.599,1.618,9.000
2.599,1.632,9.000
2.599,1.646,9.000
2.417,1.544,9.000
2.417,1.558,9.000
2.573,1.672,9.000
2.354,1.543,9.000
2.393,1.582,9.000
2.399,1.600,9.000
2.393,1.609,9.000
2.292,1.555,9.000
2.349,1.607,9.000
2.435,1.680,9.000
2.428,1.689,9.000
2.428,1.703,9.000
2.336,1.652,9.000
2.255,1.608,9.000
2.322,1.670,9.000
2.230,1.617,9.000
2.418,1.768,9.000
2.223,1.639,9.000
2.235,1.661,9.000
2.361,1.770,9.000
2.378,1.797,9.000
2.365,1.802,9.000
2.202,1.692,9.000
2.196,1.700,9.000
2.165,1.690,9.000
2.164,1.703,9.000
2.164,1.716,9.000
2.163,1.730,9.000
2.138,1.724,9.000
2.284,1.856,9.000
2.317,1.898,9.000
2.332,1.926,9.000
2.268,1.888,9.000
2.116,1.775,9.000
2.132,1.803,9.000
2.257,1.924,9.000
2.255,1.938,9.000
2.242,1.942,9.000
2.239,1.955,9.000
2.215,1.949,9.000
2.072,1.838,9.000
2.070,1.851,9.000
2.063,1.859,9.000
2.206,2.004,9.000
2.043,1.870,9.000
2.024,1.868,9.000
2.039,1.897,9.000
2.020,1.894,9.000
2.278,2.153,9.000
2.005,1.910,9.000
1.998,1.918,9.000
1.990,1.926,9.000
1.977,1.928,9.000
1.964,1.930,9.000
1.984,1.965,9.000
1.960,1.957,9.000
1.958,1.970,9.000
2.077,2.106,9.000
1.947,1.991,9.000
1.934,1.993,9.000
1.910,1.984,9.000
2.054,2.150,9.000
1.905,2.010,9.000
2.022,2.149,9.000
1.910,2.047,9.000
1.871,2.021,9.000
1.996,2.173,9.000
1.871,2.053,9.000
1.989,2.200,9.000
1.854,2.067,9.000
1.846,2.074,9.000
1.843,2.087,9.000
1.830,2.089,9.000
1.802,2.073,9.000
1.803,2.092,9.000
1.815,2.122,9.000
1.802,2.123,9.000
1.784,2.119,9.000
1.780,2.131,9.000
1.767,2.133,9.000
1.744,2.122,9.000
1.755,2.152,9.000
1.856,2.294,9.000
1.851,2.307,9.000
1.838,2.309,9.000
1.777,2.251,9.000
1.977,2.524,9.000
1.810,2.330,9.000
1.676,2.175,9.000
1.686,2.206,9.000
1.696,2.237,9.000
1.787,2.376,9.000
1.773,2.377,9.000
1.647,2.226,9.000
1.638,2.233,9.000
1.638,2.252,9.000
1.603,2.221,9.000
1.603,2.240,9.000
1.598,2.252,9.000
1.620,2.302,9.000
1.702,2.438,9.000
1.776,2.565,9.000
1.691,2.463,9.000
1.669,2.452,9.000
1.558,2.308,9.000
1.544,2.308,9.000
1.648,2.483,9.000
1.634,2.484,9.000
1.608,2.465,9.000
1.516,2.345,9.000
1.556,2.427,9.000
1.526,2.402,9.000
1.489,2.362,9.000
1.471,2.355,9.000
1.442,2.328,9.000
1.445,2.354,9.000
1.447,2.379,9.000
1.418,2.352,9.000
1.417,2.371,9.000
1.411,2.383,9.000
1.498,2.551,9.000
1.488,2.557,9.000
1.477,2.563,9.000
1.464,2.562,9.000
1.353,2.390,9.000
1.440,2.567,9.000
1.349,2.427,9.000
1.280,2.324,9.000
1.282,2.350,9.000
1.364,2.523,9.000
1.347,2.515,9.000
1.258,2.372,9.000
1.241,2.363,9.000
1.221,2.347,9.000
1.215,2.359,9.000
1.206,2.363,9.000
1.200,2.375,9.000
1.267,2.531,9.000
1.270,2.563,9.000
1.217,2.479,9.000
1.118,2.302,9.000
1.102,2.292,9.000
1.100,2.310,9.000
1.094,2.322,9.000
1.164,2.496,9.000
1.155,2.500,9.000
1.064,2.327,9.000
1.061,2.346,9.000
1.045,2.336,9.000
1.030,2.325,9.000
1.027,2.344,9.000
1.018,2.348,9.000
1.124,2.622,9.000
1.078,2.542,9.000
1.059,2.525,9.000
0.972,2.341,9.000
1.010,2.462,9.000
0.929,2.290,9.000
0.994,2.477,9.000
0.990,2.495,9.000
1.036,2.642,9.000
1.061,2.737,9.000
0.949,2.478,9.000
0.939,2.481,9.000
0.965,2.579,9.000
1.013,2.740,9.000
0.915,2.507,9.000
0.919,2.547,9.000
0.947,2.659,9.000
0.883,2.510,9.000
0.878,2.528,9.000
0.861,2.510,9.000
0.898,2.652,9.000
0.806,2.412,9.000
0.834,2.527,9.000
0.821,2.523,9.000
0.816,2.541,9.000
0.804,2.537,9.000
0.796,2.547,9.000
0.791,2.565,9.000
0.776,2.554,9.000
0.782,2.609,9.000
0.763,2.582,9.000
0.748,2.570,9.000
0.762,2.655,9.000
0.726,2.568,9.000
0.714,2.564,9.000
0.701,2.559,9.000
0.695,2.577,9.000
0.681,2.564,9.000
0.722,2.760,9.000
0.711,2.763,9.000
0.713,2.817,9.000
0.689,2.769,9.000
0.622,2.539,9.000
0.626,2.602,9.000
0.614,2.597,9.000
0.597,2.569,9.000
0.641,2.811,9.000
0.597,2.665,9.000
0.613,2.787,9.000
0.566,2.624,9.000
0.553,2.611,9.000
0.544,2.621,9.000
0.534,2.623,9.000
0.522,2.617,9.000
0.515,2.635,9.000
0.498,2.606,9.000
0.491,2.623,9.000
0.477,2.602,9.000
0.503,2.809,9.000
0.494,2.825,9.000
0.450,2.631,9.000
0.439,2.632,9.000
0.460,2.824,9.000
0.451,2.840,9.000
0.406,2.622,9.000
0.399,2.647,9.000
0.406,2.763,9.000
0.405,2.839,9.000
0.364,2.620,9.000
0.353,2.622,9.000
0.347,2.654,9.000
0.335,2.640,9.000
0.329,2.680,9.000
0.316,2.658,9.000
0.317,2.759,9.000
0.292,2.637,9.000
0.293,2.746,9.000
0.272,2.639,9.000
0.270,2.725,9.000
0.252,2.657,9.000
0.245,2.697,9.000
0.234,2.690,9.000
0.224,2.698,9.000
0.234,2.956,9.000
0.206,2.746,9.000
0.205,2.884,9.000
0.187,2.778,9.000
0.176,2.779,9.000
0.175,2.946,9.000
0.165,2.983,9.000
0.153,2.977,9.000
0.138,2.903,9.000
0.120,2.759,9.000
0.110,2.760,9.000
0.105,2.941,9.000
0.095,2.979,9.000
0.082,2.927,9.000
0.067,2.784,9.000
0.059,2.958,9.000
0.048,2.973,9.000
0.034,2.785,9.000
0.024,2.936,9.000
0.012,2.739,9.000
0.001,2.754,9.000
-0.011,3.069,9.000
-0.022,2.906,9.000
-0.033,2.883,9.000
-0.047,3.083,9.000
-0.059,3.061,9.000
-0.071,3.046,9.000
-0.078,2.890,9.000
-0.089,2.859,9.000
-0.108,3.081,9.000
-0.112,2.889,9.000
-0.123,2.881,9.000
-0.134,2.858,9.000
-0.144,2.834,9.000
-0.163,2.983,9.000
-0.168,2.871,9.000
-0.197,3.150,9.000
-0.198,2.981,9.000
-0.209,2.966,9.000
-0.220,2.957,9.000
-0.235,3.001,9.000
-0.245,2.978,9.000
-0.256,2.962,9.000
-0.268,2.968,9.000
-0.298,3.163,9.000
-0.308,3.141,9.000
-0.301,2.950,9.000
-0.317,2.986,9.000
-0.327,2.970,9.000
-0.337,2.954,9.000
-0.349,2.960,9.000
-0.382,3.133,9.000
-0.372,2.950,9.000
-0.382,2.941,9.000
-0.395,2.947,9.000
-0.431,3.126,9.000
-0.460,3.237,9.000
-0.456,3.123,9.000
-0.443,2.955,9.000
-0.448,2.909,9.000
-0.464,2.937,9.000
-0.489,3.015,9.000
-0.501,3.013,9.000
-0.501,2.946,9.000
-0.596,3.420,9.000
-0.576,3.233,9.000
-0.602,3.300,9.000
-0.599,3.214,9.000
-0.576,3.022,9.000
-0.593,3.048,9.000
-0.598,3.010,9.000
-0.613,3.022,9.000
-0.624,3.019,9.000
-0.633,3.003,9.000
-0.650,3.022,9.000
-0.700,3.194,9.000
-0.669,2.995,9.000
-0.692,3.042,9.000
-0.694,2.997,9.000
-0.707,3.001,9.000
-0.719,2.998,9.000
-0.731,2.995,9.000
-0.791,3.187,9.000
-0.763,3.025,9.000
-0.791,3.085,9.000
-0.798,3.061,9.000
-0.859,3.242,9.000
-0.816,3.033,9.000
-0.888,3.249,9.000
-0.852,3.069,9.000
-0.860,3.051,9.000
-0.922,3.225,9.000
-0.939,3.234,9.000
-0.900,3.055,9.000
-0.952,3.187,9.000
-0.926,3.054,9.000
-0.934,3.037,9.000
-0.948,3.040,9.000
-0.968,3.064,9.000
-1.032,3.221,9.000
-1.038,3.197,9.000
-1.055,3.206,9.000
-1.056,3.169,9.000
-1.080,3.197,9.000
-1.099,3.213,9.000
-1.043,3.009,9.000
-1.083,3.085,9.000
-1.185,3.335,9.000
-1.105,3.070,9.000
-1.090,2.992,9.000
-1.126,3.055,9.000
-1.143,3.064,9.000
-1.160,3.072,9.000
-1.167,3.054,9.000
-1.293,3.345,9.000
-1.181,3.019,9.000
-1.203,3.040,9.000
-1.267,3.165,9.000
-1.303,3.218,9.000
-1.239,3.026,9.000
-1.254,3.028,9.000
-1.271,3.036,9.000
-1.272,3.005,9.000
-1.295,3.026,9.000
-1.298,3.001,9.000
-1.316,3.009,9.000
-1.327,3.004,9.000
-1.339,2.999,9.000
-1.351,2.993,9.000
-1.360,2.981,9.000
-1.371,2.976,9.000
-1.383,2.971,9.000
-1.401,2.978,9.000
-1.409,2.966,9.000
-1.487,3.099,9.000
-1.427,2.942,9.000
-1.515,3.093,9.000
-1.450,2.931,9.000
-1.458,2.919,9.000
-1.551,3.075,9.000
-1.491,2.926,9.000
-1.496,2.908,9.000
-1.510,2.908,9.000
-1.518,2.896,9.000
-1.530,2.890,9.000
-1.558,2.915,9.000
-1.638,3.037,9.000
-1.611,2.958,9.000
-1.669,3.036,9.000
-1.634,2.945,9.000
-1.662,2.969,9.000
-1.744,3.087,9.000
-1.672,2.932,9.000
-1.683,2.925,9.000
-1.702,2.930,9.000
-1.710,2.918,9.000
-1.718,2.905,9.000
-1.726,2.892,9.000
-1.740,2.891,9.000
-1.737,2.861,9.000
-1.767,2.884,9.000
-1.767,2.859,9.000
-1.789,2.870,9.000
-1.797,2.857,9.000
-1.808,2.850,9.000
-1.804,2.819,9.000
-1.830,2.835,9.000
-1.838,2.822,9.000
-1.830,2.786,9.000
-1.868,2.819,9.000
-1.875,2.806,9.000
-1.882,2.793,9.000
-1.905,2.803,9.000
-1.912,2.790,9.000
-2.008,2.906,9.000
-2.023,2.904,9.000
-1.940,2.761,9.000
-1.951,2.754,9.000
-1.974,2.763,9.000
-2.061,2.860,9.000
-2.092,2.880,9.000
-2.075,2.833,9.000
-2.107,2.852,9.000
-2.028,2.724,9.000
-2.022,2.693,9.000
-2.037,2.691,9.000
-2.043,2.677,9.000
-2.075,2.697,9.000
-2.073,2.672,9.000
-2.062,2.637,9.000
-2.081,2.639,9.000
-2.113,2.658,9.000
-2.101,2.623,9.000
-2.151,2.663,9.000
-2.179,2.676,9.000
-2.198,2.678,9.000
-2.337,2.825,9.000
-2.210,2.650,9.000
-2.238,2.662,9.000
-2.244,2.648,9.000
-2.254,2.640,9.000
-2.353,2.733,9.000
-2.381,2.744,9.000
-2.396,2.739,9.000
-2.407,2.730,9.000
-2.315,2.605,9.000
-2.316,2.586,9.000
-2.331,2.582,9.000
-2.345,2.577,9.000
-2.469,2.692,9.000
-2.471,2.672,9.000
-2.362,2.535,9.000
-2.386,2.540,9.000
-2.511,2.653,9.000
-2.401,2.517,9.000
-2.411,2.507,9.000
-2.421,2.498,9.000
-2.411,2.469,9.000
-2.450,2.488,9.000
-2.435,2.454,9.000
-2.450,2.450,9.000
-2.469,2.450,9.000
-2.488,2.449,9.000
-2.609,2.547,9.000
-2.694,2.610,9.000
-2.576,2.476,9.000
-2.502,2.386,9.000
-2.506,2.372,9.000
-2.470,2.320,9.000
-2.629,2.449,9.000
-2.534,2.342,9.000
-2.558,2.346,9.000
-2.501,2.276,9.000
-2.587,2.335,9.000
-2.606,2.334,9.000
-2.528,2.246,9.000
-2.599,2.291,9.000
-2.608,2.281,9.000
-2.544,2.207,9.000
-2.758,2.374,9.000
-2.582,2.205,9.000
-2.721,2.305,9.000
-2.796,2.350,9.000
-2.592,2.161,9.000
-2.685,2.221,9.000
-2.694,2.211,9.000
-2.692,2.191,9.000
-2.722,2.198,9.000
-2.672,2.140,9.000
-2.718,2.159,9.000
-2.721,2.145,9.000
-2.740,2.142,9.000
-2.738,2.123,9.000
-2.751,2.116,9.000
-2.760,2.106,9.000
-2.790,2.111,9.000
-2.776,2.084,9.000
-2.773,2.065,9.000
-2.814,2.078,9.000
-2.974,2.178,9.000
-2.798,2.032,9.000
-2.817,2.029,9.000
-2.808,2.006,9.000
-2.821,1.999,9.000
-2.851,2.003,9.000
-2.848,1.984,9.000
-2.856,1.973,9.000
-3.013,2.065,9.000
-3.010,2.045,9.000
-3.073,2.070,9.000
-2.965,1.981,9.000
-2.888,1.913,9.000
-2.896,1.902,9.000
-2.966,1.931,9.000
-2.979,1.923,9.000
-2.953,1.889,9.000
-3.068,1.946,9.000
-3.019,1.898,9.000
-2.998,1.869,9.000
-3.039,1.878,9.000
-3.029,1.856,9.000
-3.206,1.947,9.000
-3.197,1.924,9.000
-3.051,1.820,9.000
-3.070,1.815,9.000
-3.054,1.789,9.000
-3.233,1.877,9.000
-3.251,1.871,9.000
-3.057,1.743,9.000
-3.105,1.754,9.000
-3.094,1.732,9.000
-3.107,1.723,9.000
-3.131,1.721,9.000
-3.114,1.695,9.000
-3.180,1.715,9.000
-3.151,1.684,9.000
-3.152,1.668,9.000
-3.158,1.656,9.000
-3.306,1.716,9.000
-3.171,1.631,9.000
-3.160,1.609,9.000
-3.184,1.606,9.000
-3.178,1.587,9.000
-3.316,1.640,9.000
-3.392,1.661,9.000
-3.203,1.553,9.000
-3.209,1.540,9.000
-3.227,1.533,9.000
-3.359,1.580,9.000
-3.245,1.511,9.000
-3.221,1.484,9.000
-3.257,1.485,9.000
-3.413,1.540,9.000
-3.419,1.527,9.000
-3.413,1.508,9.000
-3.377,1.476,9.000
-3.267,1.413,9.000
-3.279,1.403,9.000
-3.303,1.398,9.000
-3.448,1.443,9.000
-3.454,1.430,9.000
-3.453,1.414,9.000
-3.447,1.395,9.000
-3.298,1.320,9.000
-3.328,1.317,9.000
-3.309,1.294,9.000
-3.475,1.343,9.000
-3.325,1.270,9.000
-3.324,1.255,9.000
-3.341,1.246,9.000
-3.314,1.222,9.000
-3.338,1.216,9.000
-3.517,1.265,9.000
-3.398,1.207,9.000
-3.365,1.181,9.000
-3.395,1.176,9.000
-3.380,1.156,9.000
-3.385,1.143,9.000
-3.528,1.176,9.000
-3.539,1.164,9.000
-3.398,1.103,9.000
-3.396,1.088,9.000
-3.571,1.128,9.000
-3.575,1.114,9.000
-3.586,1.102,9.000
-3.419,1.036,9.000
-3.404,1.017,9.000
-3.414,1.005,9.000
-3.438,0.998,9.000
-3.588,1.026,9.000
-3.458,0.974,9.000
-3.564,0.989,9.000
-3.440,0.940,9.000
-3.444,0.926,9.000
-3.460,0.916,9.000
-3.457,0.901,9.000
-3.602,0.924,9.000
-3.451,0.870,9.000
-3.448,0.855,9.000
-3.458,0.843,9.000
-3.461,0.830,9.000
-3.465,0.816,9.000
-3.468,0.802,9.000
-3.477,0.790,9.000
-3.467,0.774,9.000
-3.483,0.763,9.000
-3.519,0.756,9.000
-3.574,0.753,9.000
-3.584,0.741,9.000
-3.573,0.724,9.000
-3.576,0.710,9.000
-3.592,0.698,9.000
-3.595,0.684,9.000
-3.751,0.699,9.000
-3.760,0.685,9.000
-3.776,0.673,9.000
-3.772,0.657,9.000
-3.601,0.612,9.000
-3.603,0.598,9.000
-3.612,0.585,9.000
-3.621,0.572,9.000
-3.790,0.584,9.000
-3.625,0.544,9.000
-3.769,0.550,9.000
-3.803,0.540,9.000
-3.754,0.518,9.000
-3.814,0.511,9.000
-3.797,0.493,9.000
-3.786,0.477,9.000
-3.813,0.465,9.000
-3.621,0.427,9.000
-3.655,0.417,9.000
-3.624,0.399,9.000
-3.639,0.386,9.000
-3.640,0.371,9.000
-3.635,0.356,9.000
-3.793,0.357,9.000
-3.645,0.329,9.000
-3.827,0.330,9.000
-3.654,0.300,9.000
-3.635,0.285,9.000
-3.825,0.284,9.000
-3.914,0.275,9.000
-3.903,0.259,9.000
-3.898,0.243,9.000
-3.732,0.218,9.000
-3.693,0.202,9.000
-3.753,0.190,9.000
-3.741,0.175,9.000
-3.774,0.161,9.000
-3.755,0.146,9.000
-3.690,0.129,9.000
-3.820,0.118,9.000
-3.795,0.103,9.000
-3.658,0.085,9.000
-3.672,0.070,9.000
-3.659,0.056,9.000
-3.809,0.043,9.000
-3.653,0.027,9.000
-3.666,0.013,9.000
-3.816,-0.002,9.000
-3.816,-0.017,9.000
-3.911,-0.033,9.000
-3.646,-0.045,9.000
-3.815,-0.062,9.000
-3.645,-0.073,9.000
-3.678,-0.088,9.000
-3.645,-0.102,9.000
-3.677,-0.117,9.000
-3.644,-0.131,9.000
-3.813,-0.152,9.000
-3.812,-0.167,9.000
-3.818,-0.182,9.000
-3.648,-0.188,9.000
-3.640,-0.202,9.000
-3.633,-0.216,9.000
-3.619,-0.230,9.000
-3.671,-0.247,9.000
-3.637,-0.259,9.000
-3.669,-0.276,9.000
-3.823,-0.303,9.000
-3.815,-0.317,9.000
-3.801,-0.331,9.000
-3.813,-0.347,9.000
-3.623,-0.344,9.000
-3.628,-0.359,9.000
-3.802,-0.392,9.000
-3.645,-0.390,9.000
-3.624,-0.402,9.000
-3.616,-0.416,9.000
-3.627,-0.431,9.000
-3.625,-0.446,9.000
-3.630,-0.461,9.000
-3.790,-0.496,9.000
-3.813,-0.514,9.000
-3.780,-0.525,9.000
-3.752,-0.536,9.000
-3.640,-0.535,9.000
-3.792,-0.572,9.000
-3.623,-0.561,9.000
-3.614,-0.574,9.000
-3.772,-0.615,9.000
-3.770,-0.630,9.000
-3.748,-0.641,9.000
-3.598,-0.630,9.000
-3.595,-0.644,9.000
-3.586,-0.657,9.000
-3.629,-0.680,9.000
-3.575,-0.684,9.000
-3.598,-0.703,9.000
-3.755,-0.749,9.000
-3.771,-0.768,9.000
-3.589,-0.746,9.000
-3.752,-0.795,9.000
-3.583,-0.774,9.000
-3.574,-0.786,9.000
-3.558,-0.797,9.000
-3.535,-0.807,9.000
-3.710,-0.862,9.000
-3.561,-0.842,9.000
-3.551,-0.855,9.000
-3.700,-0.906,9.000
-3.544,-0.883,9.000
-3.535,-0.895,9.000
-3.689,-0.950,9.000
-3.710,-0.971,9.000
-3.694,-0.982,9.000
-3.684,-0.995,9.000
-3.661,-1.004,9.000
-3.544,-0.987,9.000
-3.515,-0.994,9.000
-3.505,-1.006,9.000
-3.507,-1.021,9.000
-3.503,-1.035,9.000
-3.524,-1.056,9.000
-3.507,-1.066,9.000
-3.659,-1.128,9.000
-3.512,-1.098,9.000
-3.469,-1.100,9.000
-3.484,-1.119,9.000
-3.480,-1.133,9.000
-3.750,-1.238,9.000
-3.625,-1.212,9.000
-3.608,-1.222,9.000
-3.621,-1.243,9.000
-3.463,-1.203,9.000
-3.636,-1.279,9.000
-3.600,-1.283,9.000
-3.430,-1.237,9.000
-3.425,-1.251,9.000
-3.414,-1.262,9.000
-3.433,-1.285,9.000
-3.379,-1.279,9.000
-3.343,-1.281,9.000
-3.400,-1.318,9.000
-3.388,-1.329,9.000
-3.553,-1.409,9.000
-3.541,-1.421,9.000
-3.548,-1.440,9.000
-3.494,-1.434,9.000
-3.374,-1.400,9.000
-3.362,-1.411,9.000
-3.513,-1.490,9.000
-3.525,-1.512,9.000
-3.519,-1.526,9.000
-3.358,-1.471,9.000
-3.495,-1.548,9.000
-3.500,-1.567,9.000
-3.482,-1.575,9.000
-3.494,-1.597,9.000
-3.334,-1.540,9.000
-3.310,-1.545,9.000
-3.298,-1.555,9.000
-3.304,-1.573,9.000
-3.444,-1.657,9.000
-3.273,-1.591,9.000
-3.454,-1.695,9.000
-3.267,-1.619,9.000
-3.418,-1.711,9.000
-3.411,-1.724,9.000
-3.404,-1.738,9.000
-3.357,-1.730,9.000
-3.228,-1.680,9.000
-3.216,-1.690,9.000
-3.221,-1.709,9.000
-3.226,-1.727,9.000
-3.368,-1.821,9.000
-3.195,-1.743,9.000
-3.348,-1.844,9.000
-3.210,-1.784,9.000
-3.411,-1.914,9.000
-3.332,-1.886,9.000
-3.189,-1.822,9.000
-3.176,-1.831,9.000
-3.320,-1.932,9.000
-3.075,-1.806,9.000
-3.222,-1.909,9.000
-3.158,-1.888,9.000
-3.122,-1.883,9.000
-3.126,-1.902,9.000
-3.213,-1.973,9.000
-3.184,-1.972,9.000
-3.013,-1.882,9.000
-3.023,-1.905,9.000
-3.155,-2.005,9.000
-3.125,-2.004,9.000
-3.006,-1.944,9.000
-3.004,-1.959,9.000
-2.985,-1.964,9.000
-2.971,-1.972,9.000
-2.958,-1.980,9.000
-2.950,-1.991,9.000
-2.942,-2.003,9.000
-3.109,-2.134,9.000
-2.948,-2.041,9.000
-2.918,-2.038,9.000
-2.921,-2.057,9.000
-3.059,-2.171,9.000
-2.905,-2.080,9.000
-2.892,-2.087,9.000
-2.883,-2.098,9.000
-3.159,-2.318,9.000
-2.995,-2.216,9.000
-2.858,-2.132,9.000
-2.877,-2.164,9.000
-2.968,-2.251,9.000
-2.833,-2.166,9.000
-2.971,-2.290,9.000
-2.827,-2.196,9.000
-2.802,-2.195,9.000
-2.783,-2.198,9.000
-2.785,-2.217,9.000
-2.771,-2.224,9.000
-2.751,-2.226,9.000
-2.872,-2.342,9.000
-2.734,-2.248,9.000
-2.741,-2.271,9.000
-2.884,-2.409,9.000
-2.854,-2.404,9.000
-2.719,-2.308,9.000
-2.835,-2.426,9.000
-2.826,-2.437,9.000
-2.806,-2.440,9.000
-2.677,-2.346,9.000
-2.693,-2.378,9.000
-2.659,-2.367,9.000
-2.654,-2.382,9.000
-2.655,-2.401,9.000
-2.863,-2.609,9.000
-2.616,-2.404,9.000
-2.626,-2.432,9.000
-2.718,-2.537,9.000
-2.727,-2.566,9.000
-2.797,-2.652,9.000
-2.602,-2.487,9.000
-2.706,-2.607,9.000
-2.563,-2.489,9.000
-2.663,-2.605,9.000
-2.544,-2.509,9.000
-2.534,-2.519,9.000
-2.636,-2.641,9.000
-2.617,-2.642,9.000
-2.620,-2.666,9.000
-2.605,-2.672,9.000
-2.475,-2.558,9.000
-2.656,-2.767,9.000
-2.578,-2.707,9.000
-2.563,-2.713,9.000
-2.420,-2.582,9.000
-2.419,-2.601,9.000
-2.539,-2.752,9.000
-2.524,-2.757,9.000
-2.513,-2.767,9.000
-2.387,-2.649,9.000
-2.386,-2.669,9.000
-2.472,-2.787,9.000
-2.365,-2.687,9.000
-2.336,-2.676,9.000
-2.343,-2.706,9.000
-2.320,-2.700,9.000
-2.335,-2.739,9.000
-2.290,-2.707,9.000
-2.296,-2.737,9.000
-2.286,-2.746,9.000
-2.283,-2.765,9.000
-2.272,-2.774,9.000
-2.240,-2.757,9.000
-2.234,-2.771,9.000
-2.231,-2.790,9.000
-2.199,-2.773,9.000
-2.188,-2.781,9.000
-2.251,-2.885,9.000
-2.232,-2.883,9.000
-2.320,-3.021,9.000
-2.217,-2.911,9.000
-2.198,-2.909,9.000
-2.303,-3.074,9.000
-2.288,-3.078,9.000
-2.171,-2.946,9.000
-2.160,-2.954,9.000
-2.160,-2.979,9.000
-2.132,-2.966,9.000
-2.121,-2.974,9.000
-2.101,-2.971,9.000
-2.094,-2.985,9.000
-2.089,-3.004,9.000
-2.249,-3.261,9.000
-2.154,-3.150,9.000
-2.050,-3.023,9.000
-2.053,-3.053,9.000
-2.008,-3.012,9.000
-2.014,-3.047,9.000
-1.984,-3.027,9.000
-1.994,-3.068,9.000
-1.975,-3.065,9.000
-1.959,-3.067,9.000
-1.947,-3.075,9.000
-2.032,-3.237,9.000
-1.937,-3.113,9.000
-1.918,-3.109,9.000
-1.997,-3.267,9.000
-2.030,-3.351,9.000
-1.991,-3.315,9.000
-1.952,-3.279,9.000
-1.859,-3.152,9.000
-1.850,-3.165,9.000
-1.913,-3.302,9.000
-1.878,-3.270,9.000
-1.806,-3.175,9.000
-1.797,-3.188,9.000
-1.785,-3.195,9.000
-1.772,-3.202,9.000
-1.747,-3.185,9.000
-1.706,-3.139,9.000
-1.690,-3.140,9.000
-1.798,-3.373,9.000
-1.718,-3.253,9.000
-1.662,-3.178,9.000
-1.671,-3.226,9.000
-1.637,-3.191,9.000
-1.616,-3.179,9.000
-1.721,-3.420,9.000
-1.632,-3.275,9.000
-1.610,-3.264,9.000
-1.606,-3.288,9.000
-1.664,-3.441,9.000
-1.580,-3.300,9.000
-1.573,-3.319,9.000
-1.552,-3.307,9.000
-1.613,-3.472,9.000
-1.537,-3.343,9.000
-1.507,-3.313,9.000
-1.499,-3.331,9.000
-1.494,-3.355,9.000
-1.471,-3.336,9.000
-1.457,-3.342,9.000
-1.452,-3.366,9.000
-1.434,-3.360,9.000
-1.410,-3.341,9.000
-1.410,-3.377,9.000
-1.389,-3.364,9.000
-1.386,-3.394,9.000
-1.370,-3.393,9.000
-1.357,-3.399,9.000
-1.346,-3.410,9.000
-1.335,-3.421,9.000
-1.375,-3.566,9.000
-1.366,-3.584,9.000
-1.299,-3.449,9.000
-1.276,-3.430,9.000
-1.265,-3.441,9.000
-1.305,-3.593,9.000
-1.293,-3.604,9.000
-1.222,-3.449,9.000
-1.219,-3.485,9.000
-1.195,-3.459,9.000
-1.168,-3.426,9.000
-1.163,-3.455,9.000
-1.158,-3.485,9.000
-1.136,-3.465,9.000
-1.175,-3.630,9.000
-1.159,-3.629,9.000
-1.115,-3.540,9.000
-1.082,-3.482,9.000
-1.118,-3.648,9.000
-1.107,-3.665,9.000
-1.093,-3.669,9.000
-1.029,-3.505,9.000
-1.020,-3.528,9.000
-1.046,-3.670,9.000
-0.991,-3.529,9.000
-0.972,-3.514,9.000
-1.018,-3.737,9.000
-0.948,-3.535,9.000
-0.972,-3.683,9.000
-0.936,-3.605,9.000
-0.949,-3.716,9.000
-0.889,-3.536,9.000
-0.879,-3.559,9.000
-0.861,-3.543,9.000
-0.848,-3.553,9.000
-0.837,-3.569,9.000
-0.823,-3.572,9.000
-0.806,-3.563,9.000
-0.828,-3.725,9.000
-0.759,-3.478,9.000
-0.762,-3.559,9.000
-0.771,-3.671,9.000
-0.771,-3.744,9.000
-0.751,-3.722,9.000
-0.708,-3.583,9.000
-0.693,-3.580,9.000
-0.712,-3.755,9.000
-0.694,-3.746,9.000
-0.638,-3.515,9.000
-0.645,-3.636,9.000
-0.626,-3.612,9.000
-0.612,-3.615,9.000
-0.597,-3.617,9.000
-0.580,-3.600,9.000
-0.567,-3.608,9.000
-0.554,-3.617,9.000
-0.543,-3.645,9.000
-0.524,-3.615,9.000
-0.505,-3.577,9.000
-0.484,-3.533,9.000
-0.481,-3.614,9.000
-0.456,-3.530,9.000
-0.442,-3.538,9.000
-0.428,-3.534,9.000
-0.413,-3.529,9.000
-0.401,-3.550,9.000
-0.408,-3.735,9.000
-0.391,-3.718,9.000
-0.359,-3.548,9.000
-0.344,-3.543,9.000
-0.330,-3.544,9.000
-0.318,-3.565,9.000
-0.304,-3.560,9.000
-0.289,-3.554,9.000
-0.277,-3.582,9.000
-0.262,-3.563,9.000
-0.258,-3.710,9.000
-0.244,-3.724,9.000
-0.217,-3.526,9.000
-0.200,-3.472,9.000
-0.185,-3.446,9.000
-0.173,-3.467,9.000
-0.159,-3.474,9.000
-0.153,-3.650,9.000
-0.140,-3.683,9.000
-0.123,-3.611,9.000
-0.104,-3.449,9.000
-0.091,-3.463,9.000
-0.077,-3.477,9.000
-0.064,-3.484,9.000
-0.050,-3.471,9.000
-0.037,-3.512,9.000
-0.023,-3.464,9.000
-0.009,-3.464,9.000
0.005,-3.478,9.000
0.018,-3.498,9.000
0.034,-3.692,9.000
0.046,-3.471,9.000
0.059,-3.478,9.000
0.073,-3.470,9.000
0.087,-3.497,9.000
0.105,-3.638,9.000
0.114,-3.476,9.000
0.129,-3.503,9.000
0.141,-3.468,9.000
0.155,-3.481,9.000
0.176,-3.622,9.000
0.182,-3.473,9.000
0.205,-3.634,9.000
0.218,-3.620,9.000
0.223,-3.464,9.000
0.236,-3.463,9.000
0.249,-3.455,9.000
0.264,-3.461,9.000
0.277,-3.453,9.000
0.291,-3.459,9.000
0.305,-3.465,9.000
0.318,-3.457,9.000
0.347,-3.616,9.000
0.344,-3.440,9.000
0.359,-3.459,9.000
0.373,-3.458,9.000
0.396,-3.544,9.000
0.398,-3.435,9.000
0.426,-3.554,9.000
0.437,-3.532,9.000
0.474,-3.708,9.000
0.487,-3.693,9.000
0.501,-3.691,9.000
0.517,-3.702,9.000
0.507,-3.530,9.000
0.521,-3.528,9.000
0.533,-3.512,9.000
0.549,-3.524,9.000
0.555,-3.475,9.000
0.579,-3.532,9.000
0.589,-3.510,9.000
0.605,-3.521,9.000
0.618,-3.512,9.000
0.631,-3.503,9.000
0.644,-3.500,9.000
0.694,-3.686,9.000
0.706,-3.671,9.000
0.719,-3.662,9.000
0.699,-3.490,9.000
0.721,-3.527,9.000
0.727,-3.484,9.000
0.743,-3.495,9.000
0.788,-3.634,9.000
0.771,-3.489,9.000
0.786,-3.492,9.000
0.835,-3.644,9.000
0.809,-3.466,9.000
0.824,-3.470,9.000
0.833,-3.447,9.000
0.824,-3.351,9.000
0.865,-3.460,9.000
0.898,-3.534,9.000
0.914,-3.537,9.000
0.929,-3.539,9.000
0.896,-3.361,9.000
0.904,-3.337,9.000
0.969,-3.522,9.000
0.954,-3.415,9.000
1.008,-3.552,9.000
0.922,-3.203,9.000
0.977,-3.345,9.000
0.951,-3.209,9.000
0.968,-3.219,9.000
1.034,-3.392,9.000
1.044,-3.375,9.000
1.004,-3.200,9.000
1.035,-3.256,9.000
1.035,-3.212,9.000
1.101,-3.371,9.000
1.063,-3.211,9.000
1.075,-3.206,9.000
1.081,-3.182,9.000
1.087,-3.158,9.000
1.113,-3.193,9.000
1.123,-3.183,9.000
1.138,-3.185,9.000
1.172,-3.238,9.000
1.219,-3.330,9.000
1.173,-3.164,9.000
1.185,-3.160,9.000
1.193,-3.142,9.000
1.208,-3.144,9.000
1.287,-3.311,9.000
1.290,-3.281,9.000
1.310,-3.295,9.000
1.323,-3.290,9.000
1.274,-3.132,9.000
1.279,-3.108,9.000
1.288,-3.097,9.000
1.298,-3.085,9.000
1.318,-3.099,9.000
1.336,-3.107,9.000
1.345,-3.095,9.000
1.366,-3.109,9.000
1.386,-3.122,9.000
1.382,-3.079,9.000
1.391,-3.067,9.000
1.406,-3.068,9.000
1.492,-3.224,9.000
1.499,-3.206,9.000
1.512,-3.200,9.000
1.530,-3.206,9.000
1.469,-3.046,9.000
1.472,-3.022,9.000
1.562,-3.176,9.000
1.580,-3.182,9.000
1.590,-3.169,9.000
1.654,-3.264,9.000
1.543,-3.017,9.000
1.546,-2.992,9.000
1.643,-3.150,9.000
1.633,-3.102,9.000
1.661,-3.125,9.000
1.609,-2.998,9.000
1.611,-2.974,9.000
1.612,-2.949,9.000
1.710,-3.099,9.000
1.768,-3.174,9.000
1.738,-3.091,9.000
1.750,-3.084,9.000
1.758,-3.071,9.000
1.767,-3.059,9.000
1.696,-2.910,9.000
1.715,-2.915,9.000
1.813,-3.055,9.000
1.829,-3.054,9.000
1.830,-3.029,9.000
1.757,-2.882,9.000
1.768,-2.875,9.000
1.855,-2.990,9.000
1.888,-3.017,9.000
1.897,-3.004,9.000
1.806,-2.835,9.000
1.828,-2.845,9.000
1.936,-2.987,9.000
1.944,-2.974,9.000
1.842,-2.794,9.000
1.869,-2.810,9.000
1.876,-2.797,9.000
2.013,-2.976,9.000
2.006,-2.941,9.000
2.017,-2.933,9.000
2.086,-3.007,9.000
1.997,-2.856,9.000
1.941,-2.752,9.000
1.964,-2.762,9.000
2.059,-2.871,9.000
2.156,-2.981,9.000
2.101,-2.881,9.000
2.068,-2.813,9.000
2.006,-2.706,9.000
2.016,-2.698,9.000
2.134,-2.832,9.000
2.145,-2.824,9.000
2.052,-2.679,9.000
2.058,-2.666,9.000
2.186,-2.809,9.000
2.049,-2.611,9.000
2.072,-2.620,9.000
2.113,-2.649,9.000
2.115,-2.630,9.000
2.085,-2.573,9.000
2.131,-2.608,9.000
2.141,-2.600,9.000
2.151,-2.591,9.000
2.175,-2.599,9.000
2.122,-2.516,9.000
2.222,-2.613,9.000
2.132,-2.488,9.000
2.147,-2.485,9.000
2.147,-2.466,9.000
2.157,-2.458,9.000
2.171,-2.454,9.000
2.186,-2.451,9.000
2.191,-2.437,9.000
2.210,-2.439,9.000
2.210,-2.420,9.000
2.332,-2.534,9.000
2.356,-2.540,9.000
2.233,-2.389,9.000
2.243,-2.380,9.000
2.262,-2.381,9.000
2.266,-2.367,9.000
2.275,-2.358,9.000
2.285,-2.349,9.000
2.289,-2.335,9.000
2.308,-2.336,9.000
2.317,-2.327,9.000
2.316,-2.308,9.000
2.340,-2.314,9.000
2.334,-2.290,9.000
2.363,-2.300,9.000
2.357,-2.276,9.000
2.351,-2.252,9.000
2.370,-2.253,9.000
2.369,-2.234,9.000
2.393,-2.239,9.000
2.391,-2.220,9.000
2.441,-2.249,9.000
2.557,-2.337,9.000
2.572,-2.332,9.000
2.560,-2.303,9.000
2.466,-2.201,9.000
2.453,-2.172,9.000
2.593,-2.277,9.000
2.591,-2.258,9.000
2.610,-2.257,9.000
2.604,-2.233,9.000
2.496,-2.124,9.000
2.531,-2.137,9.000
2.501,-2.095,9.000
2.515,-2.090,9.000
2.534,-2.089,9.000
2.559,-2.092,9.000
2.550,-2.069,9.000
2.553,-2.054,9.000
2.578,-2.057,9.000
2.575,-2.039,9.000
2.577,-2.024,9.000
2.585,-2.014,9.000
2.610,-2.017,9.000
2.656,-2.036,9.000
2.524,-1.919,9.000
2.605,-1.964,9.000
2.573,-1.924,9.000
2.632,-1.952,9.000
2.628,-1.934,9.000
2.567,-1.873,9.000
2.609,-1.888,9.000
2.587,-1.857,9.000
2.811,-2.001,9.000
2.694,-1.902,9.000
2.667,-1.867,9.000
2.622,-1.820,9.000
2.670,-1.838,9.000
2.712,-1.851,9.000
2.637,-1.785,9.000
2.796,-1.877,9.000
2.705,-1.800,9.000
2.646,-1.746,9.000
2.876,-1.882,9.000
2.826,-1.833,9.000
2.762,-1.776,9.000
2.715,-1.731,9.000
2.776,-1.754,9.000
2.705,-1.694,9.000
2.723,-1.691,9.000
2.766,-1.703,9.000
2.718,-1.659,9.000
2.888,-1.747,9.000
2.966,-1.778,9.000
2.943,-1.749,9.000
2.750,-1.619,9.000
2.830,-1.652,9.000
2.999,-1.734,9.000
2.982,-1.709,9.000
3.036,-1.724,9.000
3.043,-1.712,9.000
2.781,-1.551,9.000
2.856,-1.578,9.000
3.039,-1.663,9.000
2.831,-1.535,9.000
2.967,-1.594,9.000
2.893,-1.539,9.000
2.798,-1.475,9.000
2.899,-1.513,9.000
2.861,-1.479,9.000
2.822,-1.445,9.000
2.847,-1.443,9.000
2.897,-1.455,9.000
3.120,-1.552,9.000
3.009,-1.482,9.000
3.027,-1.476,9.000
2.874,-1.387,9.000
2.880,-1.376,9.000
2.872,-1.359,9.000
2.942,-1.377,9.000
2.967,-1.375,9.000
2.895,-1.328,9.000
2.926,-1.328,9.000
2.911,-1.308,9.000
2.917,-1.296,9.000
2.915,-1.282,9.000
3.076,-1.338,9.000
2.945,-1.267,9.000
3.162,-1.346,9.000
2.948,-1.241,9.000
2.933,-1.222,9.000
2.951,-1.216,9.000
3.177,-1.294,9.000
2.994,-1.206,9.000
3.142,-1.251,9.000
2.970,-1.169,9.000
3.021,-1.175,9.000
2.966,-1.141,9.000
3.076,-1.169,9.000
3.230,-1.213,9.000
2.986,-1.108,9.000
3.380,-1.239,9.000
3.001,-1.087,9.000
3.158,-1.130,9.000
3.103,-1.096,9.000
3.167,-1.105,9.000
3.171,-1.093,9.000
3.260,-1.109,9.000
3.219,-1.081,9.000
3.023,-1.002,9.000
3.020,-0.988,9.000
3.132,-1.011,9.000
3.203,-1.020,9.000
3.093,-0.971,9.000
3.090,-0.957,9.000
3.032,-0.926,9.000
3.049,-0.918,9.000
3.321,-0.986,9.000
3.132,-0.916,9.000
3.162,-0.912,9.000
3.145,-0.894,9.000
3.156,-0.883,9.000
3.173,-0.874,9.000
3.169,-0.860,9.000
3.173,-0.848,9.000
3.183,-0.837,9.000
3.172,-0.821,9.000
3.176,-0.808,9.000
3.192,-0.799,9.000
3.092,-0.761,9.000
3.102,-0.751,9.000
3.098,-0.737,9.000
3.426,-0.801,9.000
3.336,-0.766,9.000
3.258,-0.735,9.000
3.376,-0.747,9.000
3.195,-0.694,9.000
3.198,-0.682,9.000
3.187,-0.666,9.000
3.231,-0.662,9.000
3.108,-0.624,9.000
3.257,-0.641,9.000
3.232,-0.623,9.000
3.316,-0.625,9.000
3.414,-0.630,9.000
3.120,-0.563,9.000
3.241,-0.572,9.000
3.138,-0.541,9.000
3.133,-0.527,9.000
3.128,-0.514,9.000
3.116,-0.499,9.000
3.160,-0.494,9.000
3.141,-0.478,9.000
3.318,-0.492,9.000
3.159,-0.455,9.000
3.161,-0.443,9.000
3.120,-0.425,9.000
3.332,-0.440,9.000
3.334,-0.427,9.000
3.356,-0.417,9.000
3.155,-0.379,9.000
3.163,-0.368,9.000
3.165,-0.355,9.000
3.159,-0.342,9.000
3.357,-0.350,9.000
3.358,-0.337,9.000
3.373,-0.325,9.000
3.178,-0.294,9.000
3.151,-0.279,9.000
3.349,-0.283,9.000
3.467,-0.279,9.000
3.351,-0.256,9.000
3.338,-0.242,9.000
3.177,-0.218,9.000
3.382,-0.219,9.000
3.355,-0.204,9.000
3.363,-0.191,9.000
3.209,-0.170,9.000
3.364,-0.165,9.000
3.337,-0.150,9.000
3.196,-0.131,9.000
3.182,-0.118,9.000
3.176,-0.105,9.000
3.346,-0.098,9.000
3.176,-0.080,9.000
3.169,-0.068,9.000
3.155,-0.055,9.000
3.206,-0.043,9.000
3.192,-0.031,9.000
3.184,-0.018,9.000
3.199,-0.006,9.000
3.361,0.007,9.000
3.361,0.021,9.000
3.333,0.033,9.000
3.457,0.048,9.000
2.920,0.052,9.500
2.995,0.065,9.500
2.979,0.077,9.500
2.994,0.089,9.500
3.154,0.106,9.500
2.971,0.112,9.500
3.139,0.130,9.500
2.977,0.135,9.500
2.962,0.146,9.500
2.939,0.157,9.500
3.115,0.178,9.500
2.975,0.182,9.500
2.967,0.193,9.500
2.959,0.204,9.500
2.995,0.219,9.500
2.957,0.228,9.500
2.881,0.233,9.500
2.970,0.252,9.500
3.049,0.271,9.500
2.864,0.266,9.500
2.915,0.282,9.500
2.869,0.289,9.500
3.016,0.316,9.500
3.173,0.345,9.500
3.078,0.347,9.500
3.034,0.354,9.500
2.937,0.354,9.500
2.965,0.370,9.500
2.934,0.377,9.500
2.962,0.393,9.500
2.864,0.391,9.500
2.818,0.396,9.500
2.942,0.426,9.500
2.852,0.424,9.500
3.134,0.478,9.500
3.032,0.475,9.500
3.116,0.501,9.500
2.830,0.466,9.500
3.105,0.524,9.500
3.103,0.536,9.500
2.920,0.517,9.500
3.077,0.557,9.500
2.872,0.531,9.500
2.958,0.559,9.500
2.919,0.564,9.500
2.924,0.577,9.500
2.885,0.581,9.500
2.912,0.598,9.500
2.924,0.613,9.500
3.072,0.656,9.500
3.091,0.673,9.500
3.206,0.711,9.500
3.036,0.686,9.500
2.825,0.650,9.500
2.887,0.676,9.500
2.892,0.689,9.500
2.925,0.709,9.500
2.894,0.714,9.500
2.905,0.729,9.500
2.772,0.707,9.500
2.871,0.744,9.500
2.932,0.772,9.500
2.879,0.771,9.500
2.883,0.784,9.500
3.049,0.842,9.500
2.820,0.790,9.500
3.028,0.862,9.500
2.785,0.804,9.500
2.760,0.809,9.500
2.948,0.877,9.500
2.775,0.837,9.500
2.736,0.837,9.500
2.740,0.850,9.500
2.743,0.863,9.500
2.903,0.926,9.500
2.736,0.884,9.500
2.747,0.900,9.500
2.751,0.913,9.500
2.740,0.921,9.500
2.898,0.987,9.500
2.908,1.003,9.500
2.701,0.944,9.500
2.711,0.959,9.500
2.722,0.975,9.500
2.871,1.041,9.500
2.700,0.991,9.500
2.689,0.999,9.500
2.671,1.004,9.500
2.723,1.036,9.500
2.857,1.100,9.500
2.763,1.077,9.500
2.683,1.057,9.500
2.657,1.059,9.500
2.846,1.148,9.500
2.649,1.080,9.500
2.823,1.164,9.500
2.758,1.150,9.500
2.821,1.189,9.500
2.618,1.116,9.500
2.655,1.144,9.500
2.692,1.172,9.500
2.809,1.237,9.500
2.641,1.175,9.500
2.588,1.164,9.500
2.625,1.193,9.500
2.620,1.203,9.500
2.784,1.292,9.500
2.665,1.249,9.500
2.740,1.298,9.500
2.695,1.289,9.500
2.603,1.258,9.500
2.578,1.258,9.500
2.470,1.218,9.500
2.486,1.238,9.500
2.467,1.240,9.500
2.524,1.281,9.500
2.464,1.263,9.500
2.480,1.284,9.500
2.468,1.290,9.500
2.443,1.289,9.500
2.431,1.295,9.500
2.500,1.344,9.500
2.434,1.321,9.500
2.429,1.331,9.500
2.444,1.351,9.500
2.418,1.350,9.500
2.400,1.352,9.500
2.414,1.372,9.500
2.409,1.382,9.500
2.410,1.395,9.500
2.391,1.397,9.500
2.366,1.395,9.500
2.387,1.420,9.500
2.381,1.429,9.500
2.369,1.434,9.500
2.409,1.471,9.500
2.364,1.457,9.500
2.345,1.458,9.500
2.346,1.471,9.500
2.321,1.468,9.500
2.347,1.498,9.500
2.316,1.491,9.500
2.316,1.504,9.500
2.298,1.505,9.500
2.481,1.639,9.500
2.456,1.636,9.500
2.449,1.646,9.500
2.449,1.659,9.500
2.287,1.562,9.500
2.280,1.571,9.500
2.435,1.692,9.500
2.471,1.732,9.500
2.416,1.707,9.500
2.280,1.625,9.500
2.249,1.616,9.500
2.199,1.593,9.500
2.236,1.633,9.500
2.143,1.578,9.500
2.137,1.586,9.500
2.192,1.641,9.500
2.105,1.589,9.500
2.185,1.663,9.500
2.111,1.620,9.500
2.099,1.623,9.500
2.105,1.641,9.500
2.129,1.673,9.500
2.092,1.658,9.500
2.317,1.851,9.500
2.228,1.794,9.500
2.078,1.687,9.500
2.137,1.749,9.500
2.118,1.748,9.500
2.129,1.771,9.500
2.027,1.700,9.500
2.121,1.792,9.500
2.102,1.791,9.500
2.019,1.733,9.500
2.006,1.736,9.500
2.070,1.805,9.500
2.137,1.879,9.500
1.986,1.760,9.500
2.162,1.931,9.500
1.983,1.786,9.500
2.011,1.825,9.500
1.981,1.812,9.500
2.025,1.867,9.500
2.156,2.004,9.500
1.948,1.824,9.500
1.929,1.821,9.500
1.917,1.824,9.500
2.103,2.016,9.500
2.062,1.993,9.500
1.906,1.857,9.500
1.910,1.875,9.500
2.012,1.991,9.500
1.917,1.912,9.500
2.018,2.028,9.500
1.880,1.905,9.500
1.986,2.028,9.500
1.988,2.046,9.500
1.975,2.049,9.500
1.839,1.923,9.500
1.821,1.919,9.500
1.819,1.932,9.500
1.973,2.113,9.500
1.809,1.952,9.500
1.801,1.959,9.500
1.933,2.119,9.500
1.920,2.121,9.500
1.916,2.134,9.500
1.765,1.981,9.500
1.880,2.126,9.500
1.876,2.140,9.500
1.792,2.060,9.500
1.759,2.038,9.500
1.806,2.109,9.500
1.857,2.186,9.500
1.715,2.035,9.500
1.712,2.048,9.500
1.709,2.060,9.500
1.818,2.209,9.500
1.842,2.257,9.500
1.670,2.062,9.500
1.657,2.063,9.500
1.764,2.214,9.500
1.693,2.143,9.500
1.642,2.094,9.500
1.667,2.144,9.500
1.687,2.187,9.500
1.697,2.218,9.500
1.679,2.212,9.500
1.666,2.213,9.500
1.652,2.213,9.500
1.644,2.219,9.500
1.644,2.238,9.500
1.631,2.239,9.500
1.626,2.251,9.500
1.608,2.245,9.500
1.718,2.418,9.500
1.704,2.418,9.500
1.591,2.276,9.500
1.573,2.270,9.500
1.675,2.438,9.500
1.619,2.377,9.500
1.542,2.282,9.500
1.533,2.288,9.500
1.545,2.326,9.500
1.602,2.433,9.500
1.455,2.228,9.500
1.450,2.240,9.500
1.442,2.246,9.500
1.491,2.343,9.500
1.411,2.238,9.500
1.390,2.223,9.500
1.398,2.255,9.500
1.474,2.399,9.500
1.392,2.286,9.500
1.375,2.278,9.500
1.366,2.284,9.500
1.357,2.289,9.500
1.356,2.308,9.500
1.339,2.300,9.500
1.346,2.332,9.500
1.298,2.269,9.500
1.266,2.233,9.500
1.268,2.259,9.500
1.332,2.393,9.500
1.231,2.234,9.500
1.230,2.253,9.500
1.214,2.244,9.500
1.209,2.255,9.500
1.200,2.260,9.500
1.180,2.244,9.500
1.178,2.262,9.500
1.252,2.427,9.500
1.179,2.307,9.500
1.145,2.262,9.500
1.143,2.281,9.500
1.141,2.299,9.500
1.118,2.275,9.500
1.112,2.287,9.500
1.096,2.277,9.500
1.098,2.303,9.500
1.085,2.300,9.500
1.086,2.326,9.500
1.084,2.344,9.500
1.061,2.320,9.500
1.036,2.287,9.500
1.114,2.485,9.500
1.044,2.354,9.500
1.091,2.487,9.500
1.081,2.491,9.500
1.003,2.337,9.500
0.985,2.319,9.500
0.982,2.337,9.500
0.970,2.334,9.500
0.973,2.367,9.500
0.960,2.363,9.500
0.954,2.374,9.500
0.942,2.371,9.500
0.947,2.411,9.500
0.923,2.378,9.500
0.914,2.382,9.500
0.910,2.400,9.500
0.898,2.396,9.500
0.888,2.400,9.500
0.876,2.396,9.500
0.909,2.517,9.500
0.920,2.579,9.500
0.850,2.413,9.500
0.897,2.579,9.500
0.895,2.605,9.500
0.817,2.408,9.500
0.812,2.426,9.500
0.862,2.608,9.500
0.856,2.626,9.500
0.846,2.629,9.500
0.777,2.446,9.500
0.774,2.472,9.500
0.817,2.646,9.500
0.743,2.440,9.500
0.772,2.571,9.500
0.708,2.393,9.500
0.721,2.472,9.500
0.705,2.452,9.500
0.691,2.439,9.500
0.690,2.472,9.500
0.727,2.648,9.500
0.656,2.424,9.500
0.654,2.457,9.500
0.651,2.483,9.500
0.633,2.455,9.500
0.615,2.426,9.500
0.631,2.529,9.500
0.612,2.493,9.500
0.642,2.662,9.500
0.592,2.498,9.500
0.623,2.675,9.500
0.569,2.487,9.500
0.557,2.481,9.500
0.595,2.697,9.500
0.539,2.493,9.500
0.533,2.511,9.500
0.561,2.696,9.500
0.507,2.484,9.500
0.506,2.532,9.500
0.493,2.519,9.500
0.483,2.521,9.500
0.471,2.507,9.500
0.459,2.501,9.500
0.448,2.495,9.500
0.441,2.512,9.500
0.427,2.491,9.500
0.421,2.516,9.500
0.409,2.502,9.500
0.401,2.519,9.500
0.393,2.529,9.500
0.397,2.623,9.500
0.375,2.547,9.500
0.362,2.525,9.500
0.352,2.527,9.500
0.366,2.706,9.500
0.357,2.723,9.500
0.346,2.717,9.500
0.326,2.641,9.500
0.302,2.533,9.500
0.306,2.651,9.500
0.290,2.606,9.500
0.293,2.731,9.500
0.272,2.631,9.500
0.251,2.523,9.500
0.246,2.579,9.500
0.244,2.666,9.500
0.232,2.651,9.500
0.233,2.790,9.500
0.219,2.753,9.500
0.216,2.853,9.500
0.192,2.678,9.500
0.178,2.632,9.500
0.182,2.847,9.500
0.171,2.863,9.500
0.149,2.665,9.500
0.138,2.650,9.500
0.137,2.842,9.500
0.126,2.850,9.500
0.114,2.843,9.500
0.096,2.659,9.500
0.086,2.675,9.500
0.082,2.882,9.500
0.065,2.660,9.500
0.056,2.738,9.500
0.044,2.669,9.500
0.034,2.645,9.500
0.023,2.653,9.500
0.013,2.669,9.500
0.002,2.677,9.500
-0.008,2.661,9.500
-0.020,2.846,9.500
-0.029,2.653,9.500
-0.044,2.973,9.500
-0.050,2.668,9.500
-0.063,2.769,9.500
-0.079,2.957,9.500
-0.085,2.783,9.500
-0.095,2.760,9.500
-0.106,2.752,9.500
-0.117,2.752,9.500
-0.129,2.789,9.500
-0.139,2.766,9.500
-0.160,2.954,9.500
-0.160,2.757,9.500
-0.171,2.749,9.500
-0.196,2.967,9.500
-0.205,2.936,9.500
-0.205,2.770,9.500
-0.231,2.971,9.500
-0.225,2.753,9.500
-0.237,2.767,9.500
-0.247,2.751,9.500
-0.258,2.757,9.500
-0.265,2.718,9.500
-0.282,2.770,9.500
-0.291,2.754,9.500
-0.300,2.738,9.500
-0.330,2.902,9.500
-0.332,2.826,9.500
-0.346,2.847,9.500
-0.353,2.816,9.500
-0.381,2.941,9.500
-0.378,2.828,9.500
-0.392,2.849,9.500
-0.403,2.847,9.500
-0.440,3.022,9.500
-0.453,3.028,9.500
-0.438,2.850,9.500
-0.449,2.848,9.500
-0.459,2.839,9.500
-0.472,2.852,9.500
-0.481,2.835,9.500
-0.523,3.009,9.500
-0.536,3.014,9.500
-0.544,2.990,9.500
-0.546,2.938,9.500
-0.535,2.818,9.500
-0.605,3.119,9.500
-0.622,3.138,9.500
-0.625,3.093,9.500
-0.619,2.998,9.500
-0.609,2.895,9.500
-0.622,2.900,9.500
-0.679,3.104,9.500
-0.692,3.108,9.500
-0.650,2.863,9.500
-0.709,3.068,9.500
-0.675,2.872,9.500
-0.707,2.956,9.500
-0.722,2.967,9.500
-0.757,3.056,9.500
-0.751,2.983,9.500
-0.743,2.902,9.500
-0.773,2.970,9.500
-0.790,2.988,9.500
-0.802,2.985,9.500
-0.817,2.996,9.500
-0.877,3.165,9.500
-0.839,2.982,9.500
-0.850,2.979,9.500
-0.856,2.955,9.500
-0.872,2.965,9.500
-0.883,2.962,9.500
-0.941,3.109,9.500
-0.959,3.126,9.500
-0.916,2.944,9.500
-0.923,2.927,9.500
-0.996,3.114,9.500
-1.002,3.090,9.500
-1.029,3.133,9.500
-0.988,2.967,9.500
-1.049,3.112,9.500
-1.084,3.174,9.500
-1.041,3.009,9.500
-1.053,3.005,9.500
-1.067,3.008,9.500
-1.089,3.031,9.500
-1.151,3.165,9.500
-1.098,2.982,9.500
-1.112,2.984,9.500
-1.108,2.939,9.500
-1.120,2.935,9.500
-1.142,2.957,9.500
-1.153,2.953,9.500
-1.173,2.968,9.500
-1.177,2.944,9.500
-1.188,2.939,9.500
-1.202,2.941,9.500
-1.203,2.910,9.500
-1.294,3.095,9.500
-1.245,2.946,9.500
-1.326,3.103,9.500
-1.330,3.079,9.500
-1.362,3.118,9.500
-1.297,2.940,9.500
-1.288,2.889,9.500
-1.384,3.070,9.500
-1.402,3.078,9.500
-1.402,3.047,9.500
-1.340,2.881,9.500
-1.354,2.882,9.500
-1.438,3.030,9.500
-1.468,3.062,9.500
-1.542,3.185,9.500
-1.474,3.013,9.500
-1.407,2.849,9.500
-1.415,2.837,9.500
-1.436,2.850,9.500
-1.428,2.806,9.500
-1.455,2.833,9.500
-1.463,2.821,9.500
-1.477,2.821,9.500
-1.502,2.841,9.500
-1.569,2.940,9.500
-1.510,2.803,9.500
-1.515,2.785,9.500
-1.529,2.785,9.500
-1.533,2.767,9.500
-1.561,2.792,9.500
-1.562,2.767,9.500
-1.663,2.920,9.500
-1.587,2.761,9.500
-1.686,2.907,9.500
-1.705,2.913,9.500
-1.709,2.894,9.500
-1.634,2.742,9.500
-1.641,2.729,9.500
-1.648,2.717,9.500
-1.659,2.710,9.500
-1.669,2.704,9.500
-1.725,2.770,9.500
-1.690,2.690,9.500
-1.743,2.750,9.500
-1.765,2.761,9.500
-1.780,2.760,9.500
-1.779,2.735,9.500
-1.798,2.740,9.500
-1.812,2.739,9.500
-1.819,2.726,9.500
-1.830,2.719,9.500
-1.821,2.682,9.500
-1.831,2.675,9.500
-1.862,2.697,9.500
-1.892,2.718,9.500
-1.887,2.688,9.500
-1.889,2.669,9.500
-2.013,2.820,9.500
-1.918,2.665,9.500
-1.929,2.658,9.500
-2.030,2.774,9.500
-2.053,2.782,9.500
-1.960,2.635,9.500
-1.966,2.622,9.500
-2.081,2.752,9.500
-2.105,2.761,9.500
-2.006,2.609,9.500
-2.011,2.596,9.500
-2.035,2.605,9.500
-2.135,2.711,9.500
-2.020,2.544,9.500
-2.156,2.694,9.500
-2.071,2.567,9.500
-2.059,2.531,9.500
-2.162,2.637,9.500
-2.203,2.665,9.500
-2.376,2.852,9.500
-2.107,2.509,9.500
-2.140,2.528,9.500
-2.240,2.625,9.500
-2.141,2.490,9.500
-2.192,2.529,9.500
-2.156,2.468,9.500
-2.166,2.459,9.500
-2.176,2.451,9.500
-2.185,2.442,9.500
-2.214,2.454,9.500
-2.204,2.425,9.500
-2.214,2.416,9.500
-2.218,2.402,9.500
-2.351,2.526,9.500
-2.261,2.410,9.500
-2.366,2.502,9.500
-2.395,2.513,9.500
-2.270,2.363,9.500
-2.274,2.349,9.500
-2.298,2.355,9.500
-2.420,2.460,9.500
-2.297,2.317,9.500
-2.449,2.451,9.500
-2.444,2.427,9.500
-2.473,2.436,9.500
-2.472,2.417,9.500
-2.357,2.286,9.500
-2.472,2.378,9.500
-2.511,2.397,9.500
-2.410,2.283,9.500
-2.398,2.254,9.500
-2.397,2.235,9.500
-2.558,2.367,9.500
-2.617,2.402,9.500
-2.551,2.323,9.500
-2.437,2.202,9.500
-2.461,2.206,9.500
-2.599,2.311,9.500
-2.587,2.283,9.500
-2.612,2.286,9.500
-2.611,2.267,9.500
-2.466,2.125,9.500
-2.502,2.138,9.500
-2.505,2.124,9.500
-2.518,2.119,9.500
-2.532,2.113,9.500
-2.535,2.099,9.500
-2.532,2.080,9.500
-2.712,2.210,9.500
-2.684,2.169,9.500
-2.698,2.163,9.500
-2.570,2.044,9.500
-2.573,2.030,9.500
-2.586,2.024,9.500
-2.737,2.124,9.500
-2.602,2.004,9.500
-2.610,1.993,9.500
-2.701,2.046,9.500
-2.704,2.032,9.500
-2.633,1.962,9.500
-2.692,1.990,9.500
-2.711,1.987,9.500
-2.713,1.972,9.500
-2.871,2.070,9.500
-2.884,2.063,9.500
-2.770,1.964,9.500
-2.760,1.942,9.500
-2.930,2.044,9.500
-2.905,2.009,9.500
-2.766,1.897,9.500
-2.785,1.894,9.500
-2.781,1.875,9.500
-2.805,1.876,9.500
-2.790,1.850,9.500
-2.820,1.854,9.500
-2.839,1.850,9.500
-2.864,1.850,9.500
-2.824,1.809,9.500
-2.837,1.802,9.500
-2.978,1.875,9.500
-2.997,1.870,9.500
-3.015,1.866,9.500
-2.877,1.764,9.500
-2.866,1.742,9.500
-3.037,1.830,9.500
-2.909,1.737,9.500
-3.052,1.806,9.500
-2.923,1.714,9.500
-2.924,1.699,9.500
-2.936,1.691,9.500
-2.937,1.676,9.500
-2.956,1.672,9.500
-2.956,1.657,9.500
-2.926,1.625,9.500
-2.957,1.627,9.500
-3.066,1.671,9.500
-2.976,1.607,9.500
-3.127,1.672,9.500
-3.151,1.670,9.500
-2.988,1.568,9.500
-2.994,1.557,9.500
-3.153,1.623,9.500
-3.000,1.530,9.500
-3.000,1.515,9.500
-3.050,1.525,9.500
-3.049,1.510,9.500
-3.043,1.492,9.500
-3.042,1.477,9.500
-3.129,1.503,9.500
-3.287,1.563,9.500
-3.287,1.548,9.500
-3.072,1.432,9.500
-3.317,1.530,9.500
-3.158,1.442,9.500
-3.329,1.504,9.500
-3.169,1.417,9.500
-3.212,1.421,9.500
-3.192,1.397,9.500
-3.179,1.377,9.500
-3.185,1.364,9.500
-3.221,1.365,9.500
-3.208,1.344,9.500
-3.338,1.383,9.500
-3.368,1.380,9.500
-3.267,1.324,9.500
-3.384,1.356,9.500
-3.377,1.338,9.500
-3.226,1.263,9.500
-3.231,1.251,9.500
-3.178,1.216,9.500
-3.137,1.186,9.500
-3.200,1.196,9.500
-3.179,1.174,9.500
-3.235,1.180,9.500
-3.188,1.149,9.500
-3.225,1.148,9.500
-3.281,1.153,9.500
-3.292,1.142,9.500
-3.180,1.089,9.500
-3.269,1.106,9.500
-3.325,1.110,9.500
-3.387,1.116,9.500
-3.442,1.119,9.500
-3.312,1.062,9.500
-3.218,1.018,9.500
-3.241,1.012,9.500
-3.318,1.021,9.500
-3.229,0.980,9.500
-3.207,0.960,9.500
-3.336,0.984,9.500
-3.327,0.967,9.500
-3.278,0.939,9.500
-3.321,0.937,9.500
-3.344,0.930,9.500
-3.348,0.917,9.500
-3.272,0.882,9.500
-3.349,0.888,9.500
-3.372,0.880,9.500
-3.362,0.864,9.500
-3.346,0.846,9.500
-3.369,0.837,9.500
-3.516,0.859,9.500
-3.349,0.804,9.500
-3.378,0.798,9.500
-3.545,0.822,9.500
-3.418,0.779,9.500
-3.368,0.753,9.500
-3.529,0.775,9.500
-3.571,0.769,9.500
-3.574,0.755,9.500
-3.386,0.702,9.500
-3.567,0.724,9.500
-3.391,0.675,9.500
-3.387,0.660,9.500
-3.463,0.661,9.500
-3.499,0.654,9.500
-3.415,0.624,9.500
-3.504,0.626,9.500
-3.480,0.608,9.500
-3.509,0.599,9.500
-3.518,0.586,9.500
-3.520,0.572,9.500
-3.489,0.553,9.500
-3.511,0.542,9.500
-3.690,0.555,9.500
-3.508,0.514,9.500
-3.550,0.506,9.500
-3.805,0.527,9.500
-3.705,0.498,9.500
-3.549,0.463,9.500
-3.531,0.446,9.500
-3.704,0.453,9.500
-3.693,0.437,9.500
-3.707,0.424,9.500
-3.538,0.391,9.500
-3.539,0.377,9.500
-3.699,0.379,9.500
-3.549,0.350,9.500
-3.544,0.335,9.500
-3.545,0.321,9.500
-3.533,0.306,9.500
-3.554,0.294,9.500
-3.727,0.294,9.500
-3.576,0.268,9.500
-3.557,0.252,9.500
-3.631,0.243,9.500
-3.705,0.233,9.500
-3.587,0.212,9.500
-3.719,0.205,9.500
-3.561,0.182,9.500
-3.549,0.168,9.500
-3.563,0.154,9.500
-3.577,0.141,9.500
-3.571,0.126,9.500
-3.551,0.112,9.500
-3.545,0.098,9.500
-3.750,0.088,9.500
-3.572,0.070,9.500
-3.566,0.056,9.500
-3.559,0.042,9.500
-3.566,0.028,9.500
-3.579,0.014,9.500
-3.559,0.000,9.500
-3.553,-0.014,9.500
-3.532,-0.028,9.500
-3.725,-0.044,9.500
-3.718,-0.058,9.500
-3.731,-0.073,9.500
-3.704,-0.087,9.500
-3.578,-0.098,9.500
-3.723,-0.117,9.500
-3.571,-0.126,9.500
-3.742,-0.147,9.500
-3.583,-0.155,9.500
-3.562,-0.168,9.500
-3.561,-0.182,9.500
-3.956,-0.218,9.500
-3.745,-0.221,9.500
-3.763,-0.237,9.500
-3.551,-0.238,9.500
-3.564,-0.252,9.500
-3.695,-0.276,9.500
-3.746,-0.295,9.500
-3.547,-0.293,9.500
-3.573,-0.310,9.500
-3.710,-0.336,9.500
-3.544,-0.335,9.500
-3.542,-0.349,9.500
-3.554,-0.364,9.500
-3.539,-0.377,9.500
-3.709,-0.410,9.500
-3.746,-0.429,9.500
-3.828,-0.453,9.500
-3.533,-0.432,9.500
-3.531,-0.446,9.500
-3.543,-0.462,9.500
-3.698,-0.497,9.500
-3.526,-0.488,9.500
-3.557,-0.506,9.500
-3.535,-0.518,9.500
-3.533,-0.531,9.500
-3.518,-0.543,9.500
-3.496,-0.554,9.500
-3.507,-0.570,9.500
-3.511,-0.585,9.500
-3.666,-0.625,9.500
-3.526,-0.616,9.500
-3.530,-0.631,9.500
-3.677,-0.672,9.500
-3.472,-0.649,9.500
-3.516,-0.671,9.500
-3.494,-0.681,9.500
-3.491,-0.695,9.500
-3.495,-0.710,9.500
-3.492,-0.723,9.500
-3.645,-0.770,9.500
-3.654,-0.787,9.500
-3.463,-0.760,9.500
-3.474,-0.777,9.500
-3.632,-0.827,9.500
-3.622,-0.840,9.500
-3.638,-0.859,9.500
-3.622,-0.870,9.500
-3.471,-0.848,9.500
-3.454,-0.858,9.500
-3.624,-0.916,9.500
-3.621,-0.930,9.500
-3.457,-0.903,9.500
-3.440,-0.913,9.500
-3.443,-0.928,9.500
-3.612,-0.989,9.500
-3.455,-0.960,9.500
-3.610,-1.019,9.500
-3.422,-0.980,9.500
-3.431,-0.997,9.500
-3.420,-1.009,9.500
-3.429,-1.026,9.500
-3.571,-1.084,9.500
-3.566,-1.098,9.500
-3.556,-1.110,9.500
-3.368,-1.066,9.500
-3.396,-1.089,9.500
-3.536,-1.150,9.500
-3.661,-1.206,9.500
-3.509,-1.171,9.500
-3.372,-1.140,9.500
-3.524,-1.207,9.500
-3.331,-1.156,9.500
-3.371,-1.184,9.500
-3.353,-1.193,9.500
-3.361,-1.211,9.500
-3.363,-1.226,9.500
-3.358,-1.240,9.500
-3.341,-1.248,9.500
-3.298,-1.247,9.500
-3.324,-1.272,9.500
-3.332,-1.290,9.500
-3.308,-1.295,9.500
-3.215,-1.273,9.500
-3.222,-1.291,9.500
-3.440,-1.394,9.500
-3.306,-1.355,9.500
-3.288,-1.363,9.500
-3.195,-1.339,9.500
-3.296,-1.396,9.500
-3.272,-1.401,9.500
-3.260,-1.412,9.500
-3.267,-1.430,9.500
-3.507,-1.551,9.500
-3.237,-1.447,9.500
-3.194,-1.443,9.500
-3.323,-1.517,9.500
-3.377,-1.558,9.500
-3.394,-1.582,9.500
-3.245,-1.528,9.500
-3.226,-1.535,9.500
-3.123,-1.500,9.500
-3.363,-1.632,9.500
-3.357,-1.645,9.500
-3.202,-1.585,9.500
-3.153,-1.577,9.500
-3.331,-1.682,9.500
-3.171,-1.617,9.500
-3.098,-1.595,9.500
-3.164,-1.645,9.500
-3.164,-1.660,9.500
-3.349,-1.774,9.500
-3.097,-1.656,9.500
-3.036,-1.639,9.500
-3.042,-1.658,9.500
-3.183,-1.751,9.500
-3.330,-1.849,9.500
-3.128,-1.753,9.500
-3.116,-1.762,9.500
-3.097,-1.768,9.500
-3.096,-1.783,9.500
-3.013,-1.751,9.500
-2.971,-1.742,9.500
-3.081,-1.823,9.500
-3.131,-1.869,9.500
-3.123,-1.881,9.500
-2.960,-1.799,9.500
-2.965,-1.818,9.500
-2.952,-1.826,9.500
-2.939,-1.834,9.500
-2.938,-1.849,9.500
-2.901,-1.842,9.500
-2.929,-1.876,9.500
-2.904,-1.876,9.500
-2.908,-1.895,9.500
-2.906,-1.910,9.500
-3.028,-2.007,9.500
-3.031,-2.027,9.500
-2.895,-1.952,9.500
-2.893,-1.967,9.500
-2.868,-1.967,9.500
-2.866,-1.982,9.500
-2.836,-1.978,9.500
-2.851,-2.005,9.500
-2.831,-2.008,9.500
-2.840,-2.031,9.500
-2.821,-2.034,9.500
-2.819,-2.049,9.500
-2.800,-2.052,9.500
-2.775,-2.051,9.500
-2.913,-2.171,9.500
-2.915,-2.190,9.500
-2.756,-2.088,9.500
-2.775,-2.119,9.500
-2.756,-2.122,9.500
-2.731,-2.120,9.500
-2.734,-2.139,9.500
-2.725,-2.150,9.500
-2.848,-2.265,9.500
-2.834,-2.272,9.500
-2.694,-2.178,9.500
-2.801,-2.282,9.500
-2.813,-2.310,9.500
-2.684,-2.222,9.500
-2.655,-2.215,9.500
-2.795,-2.351,9.500
-2.653,-2.249,9.500
-2.634,-2.251,9.500
-2.630,-2.266,9.500
-2.548,-2.213,9.500
-2.586,-2.264,9.500
-2.724,-2.403,9.500
-2.725,-2.423,9.500
-2.580,-2.312,9.500
-2.566,-2.318,9.500
-2.577,-2.346,9.500
-2.582,-2.370,9.500
-2.548,-2.357,9.500
-2.662,-2.482,9.500
-2.733,-2.569,9.500
-2.510,-2.378,9.500
-2.501,-2.388,9.500
-2.501,-2.407,9.500
-2.482,-2.407,9.500
-2.607,-2.549,9.500
-2.478,-2.441,9.500
-2.463,-2.446,9.500
-2.458,-2.460,9.500
-2.449,-2.470,9.500
-2.420,-2.460,9.500
-2.537,-2.600,9.500
-2.513,-2.596,9.500
-2.410,-2.508,9.500
-2.395,-2.513,9.500
-2.376,-2.512,9.500
-2.384,-2.541,9.500
-2.475,-2.659,9.500
-2.469,-2.674,9.500
-2.341,-2.554,9.500
-2.457,-2.703,9.500
-2.334,-2.588,9.500
-2.310,-2.582,9.500
-2.305,-2.596,9.500
-2.290,-2.600,9.500
-2.275,-2.604,9.500
-2.354,-2.715,9.500
-2.378,-2.764,9.500
-2.262,-2.651,9.500
-2.252,-2.660,9.500
-2.306,-2.746,9.500
-2.325,-2.791,9.500
-2.323,-2.810,9.500
-2.324,-2.835,9.500
-2.186,-2.688,9.500
-2.290,-2.838,9.500
-2.178,-2.721,9.500
-2.150,-2.708,9.500
-2.139,-2.716,9.500
-2.145,-2.746,9.500
-2.118,-2.733,9.500
-2.202,-2.864,9.500
-2.096,-2.750,9.500
-2.195,-2.903,9.500
-2.091,-2.788,9.500
-2.080,-2.796,9.500
-2.069,-2.804,9.500
-2.046,-2.796,9.500
-2.035,-2.804,9.500
-2.024,-2.812,9.500
-2.107,-2.951,9.500
-2.103,-2.970,9.500
-2.002,-2.852,9.500
-2.068,-2.971,9.500
-2.030,-2.940,9.500
-2.097,-3.063,9.500
-2.003,-2.950,9.500
-1.995,-2.964,9.500
-2.068,-3.098,9.500
-1.957,-2.957,9.500
-1.949,-2.970,9.500
-1.941,-2.984,9.500
-1.926,-2.986,9.500
-2.014,-3.149,9.500
-1.994,-3.146,9.500
-1.904,-3.031,9.500
-1.885,-3.027,9.500
-1.877,-3.040,9.500
-1.955,-3.194,9.500
-1.956,-3.224,9.500
-1.834,-3.050,9.500
-1.812,-3.040,9.500
-1.810,-3.065,9.500
-1.882,-3.215,9.500
-1.866,-3.216,9.500
-1.774,-3.086,9.500
-1.768,-3.104,9.500
-1.760,-3.117,9.500
-1.741,-3.112,9.500
-1.725,-3.113,9.500
-1.706,-3.108,9.500
-1.697,-3.121,9.500
-1.688,-3.133,9.500
-1.760,-3.298,9.500
-1.732,-3.276,9.500
-1.728,-3.300,9.500
-1.715,-3.307,9.500
-1.708,-3.325,9.500
-1.635,-3.214,9.500
-1.592,-3.161,9.500
-1.669,-3.345,9.500
-1.577,-3.191,9.500
-1.567,-3.203,9.500
-1.560,-3.222,9.500
-1.536,-3.203,9.500
-1.529,-3.222,9.500
-1.485,-3.160,9.500
-1.579,-3.395,9.500
-1.491,-3.239,9.500
-1.552,-3.408,9.500
-1.466,-3.251,9.500
-1.453,-3.257,9.500
-1.504,-3.408,9.500
-1.427,-3.268,9.500
-1.406,-3.255,9.500
-1.409,-3.298,9.500
-1.383,-3.272,9.500
-1.439,-3.443,9.500
-1.398,-3.382,9.500
-1.347,-3.295,9.500
-1.391,-3.441,9.500
-1.383,-3.459,9.500
-1.311,-3.316,9.500
-1.298,-3.322,9.500
-1.285,-3.327,9.500
-1.276,-3.344,9.500
-1.268,-3.362,9.500
-1.245,-3.342,9.500
-1.232,-3.346,9.500
-1.214,-3.339,9.500
-1.206,-3.356,9.500
-1.190,-3.354,9.500
-1.175,-3.353,9.500
-1.162,-3.357,9.500
-1.149,-3.362,9.500
-1.190,-3.530,9.500
-1.193,-3.584,9.500
-1.117,-3.401,9.500
-1.098,-3.386,9.500
-1.076,-3.364,9.500
-1.127,-3.571,9.500
-1.099,-3.532,9.500
-1.028,-3.351,9.500
-1.023,-3.381,9.500
-0.998,-3.346,9.500
-0.981,-3.337,9.500
-0.989,-3.412,9.500
-0.996,-3.487,9.500
-0.985,-3.504,9.500
-0.932,-3.365,9.500
-0.912,-3.342,9.500
-0.899,-3.346,9.500
-0.886,-3.349,9.500
-0.872,-3.353,9.500
-0.859,-3.356,9.500
-0.889,-3.529,9.500
-0.873,-3.526,9.500
-0.823,-3.379,9.500
-0.847,-3.540,9.500
-0.792,-3.366,9.500
-0.780,-3.375,9.500
-0.768,-3.385,9.500
-0.753,-3.382,9.500
-0.743,-3.398,9.500
-0.727,-3.387,9.500
-0.715,-3.397,9.500
-0.737,-3.571,9.500
-0.721,-3.567,9.500
-0.673,-3.398,9.500
-0.657,-3.388,9.500
-0.649,-3.417,9.500
-0.636,-3.419,9.500
-0.616,-3.388,9.500
-0.649,-3.648,9.500
-0.624,-3.592,9.500
-0.580,-3.416,9.500
-0.578,-3.492,9.500
-0.555,-3.434,9.500
-0.534,-3.388,9.500
-0.552,-3.597,9.500
-0.538,-3.599,9.500
-0.549,-3.770,9.500
-0.483,-3.410,9.500
-0.471,-3.425,9.500
-0.460,-3.447,9.500
-0.447,-3.449,9.500
-0.437,-3.478,9.500
-0.420,-3.453,9.500
-0.405,-3.447,9.500
-0.392,-3.449,9.500
-0.377,-3.444,9.500
-0.382,-3.619,9.500
-0.367,-3.608,9.500
-0.338,-3.462,9.500
-0.343,-3.657,9.500
-0.313,-3.491,9.500
-0.296,-3.452,9.500
-0.296,-3.621,9.500
-0.272,-3.488,9.500
-0.262,-3.543,9.500
-0.249,-3.551,9.500
-0.224,-3.395,9.500
-0.209,-3.361,9.500
-0.205,-3.533,9.500
-0.183,-3.370,9.500
-0.179,-3.562,9.500
-0.164,-3.542,9.500
-0.142,-3.351,9.500
-0.129,-3.359,9.500
-0.116,-3.359,9.500
-0.100,-3.275,9.500
-0.089,-3.346,9.500
-0.076,-3.360,9.500
-0.063,-3.353,9.500
-0.050,-3.368,9.500
-0.036,-3.298,9.500
-0.023,-3.284,9.500
-0.010,-3.284,9.500
0.003,-3.340,9.500
0.016,-3.437,9.500
0.030,-3.437,9.500
0.041,-3.270,9.500
0.057,-3.464,9.500
0.067,-3.283,9.500
0.082,-3.353,9.500
0.093,-3.276,9.500
0.109,-3.373,9.500
0.122,-3.359,9.500
0.131,-3.260,9.500
0.147,-3.337,9.500
0.169,-3.515,9.500
0.174,-3.343,9.500
0.193,-3.459,9.500
0.213,-3.560,9.500
0.234,-3.665,9.500
0.229,-3.381,9.500
0.241,-3.359,9.500
0.253,-3.344,9.500
0.267,-3.350,9.500
0.281,-3.363,9.500
0.294,-3.362,9.500
0.307,-3.361,9.500
0.338,-3.543,9.500
0.349,-3.508,9.500
0.348,-3.371,9.500
0.378,-3.519,9.500
0.392,-3.524,9.500
0.405,-3.516,9.500
0.398,-3.337,9.500
0.411,-3.336,9.500
0.424,-3.334,9.500
0.440,-3.353,9.500
0.449,-3.317,9.500
0.477,-3.425,9.500
0.492,-3.436,9.500
0.506,-3.434,9.500
0.518,-3.425,9.500
0.531,-3.417,9.500
0.545,-3.421,9.500
0.591,-3.618,9.500
0.603,-3.603,9.500
0.581,-3.388,9.500
0.599,-3.412,9.500
0.611,-3.403,9.500
0.622,-3.387,9.500
0.638,-3.398,9.500
0.654,-3.409,9.500
0.696,-3.552,9.500
0.679,-3.397,9.500
0.695,-3.408,9.500
0.741,-3.563,9.500
0.723,-3.409,9.500
0.730,-3.373,9.500
0.753,-3.416,9.500
0.766,-3.414,9.500
0.774,-3.384,9.500
0.789,-3.387,9.500
0.783,-3.304,9.500
0.831,-3.447,9.500
0.804,-3.278,9.500
0.878,-3.518,9.500
0.867,-3.417,9.500
0.883,-3.427,9.500
0.857,-3.271,9.500
0.917,-3.446,9.500
0.876,-3.238,9.500
0.885,-3.221,9.500
0.938,-3.363,9.500
0.966,-3.412,9.500
0.926,-3.224,9.500
0.943,-3.233,9.500
0.958,-3.236,9.500
0.972,-3.239,9.500
0.981,-3.222,9.500
1.046,-3.388,9.500
0.979,-3.127,9.500
1.021,-3.217,9.500
1.065,-3.311,9.500
1.070,-3.281,9.500
1.026,-3.105,9.500
1.091,-3.259,9.500
1.057,-3.117,9.500
1.069,-3.112,9.500
1.079,-3.102,9.500
1.077,-3.057,9.500
1.094,-3.066,9.500
1.111,-3.075,9.500
1.120,-3.064,9.500
1.135,-3.067,9.500
1.154,-3.082,9.500
1.161,-3.064,9.500
1.181,-3.079,9.500
1.183,-3.048,9.500
1.198,-3.050,9.500
1.207,-3.039,9.500
1.208,-3.008,9.500
1.239,-3.049,9.500
1.314,-3.198,9.500
1.321,-3.180,9.500
1.339,-3.188,9.500
1.360,-3.201,9.500
1.296,-3.018,9.500
1.288,-2.967,9.500
1.319,-3.007,9.500
1.311,-2.957,9.500
1.444,-3.224,9.500
1.429,-3.156,9.500
1.358,-2.967,9.500
1.381,-2.987,9.500
1.384,-2.963,9.500
1.401,-2.970,9.500
1.404,-2.945,9.500
1.425,-2.959,9.500
1.424,-2.928,9.500
1.442,-2.935,9.500
1.444,-2.910,9.500
1.465,-2.923,9.500
1.479,-2.924,9.500
1.494,-2.924,9.500
1.582,-3.067,9.500
1.594,-3.060,9.500
1.519,-2.888,9.500
1.537,-2.894,9.500
1.551,-2.894,9.500
1.556,-2.876,9.500
1.571,-2.876,9.500
1.582,-2.870,9.500
1.583,-2.845,9.500
1.604,-2.857,9.500
1.633,-2.882,9.500
1.627,-2.845,9.500
1.728,-2.995,9.500
1.642,-2.820,9.500
1.752,-2.981,9.500
1.678,-2.831,9.500
1.686,-2.818,9.500
1.787,-2.960,9.500
1.704,-2.799,9.500
1.719,-2.798,9.500
1.730,-2.791,9.500
1.745,-2.790,9.500
1.741,-2.760,9.500
1.767,-2.777,9.500
1.778,-2.770,9.500
1.785,-2.757,9.500
1.792,-2.744,9.500
1.810,-2.749,9.500
1.813,-2.730,9.500
1.867,-2.787,9.500
1.842,-2.727,9.500
1.853,-2.720,9.500
1.954,-2.844,9.500
2.042,-2.948,9.500
1.869,-2.675,9.500
1.883,-2.673,9.500
1.910,-2.689,9.500
1.904,-2.658,9.500
1.906,-2.639,9.500
1.929,-2.649,9.500
1.940,-2.641,9.500
1.933,-2.611,9.500
2.052,-2.749,9.500
2.079,-2.762,9.500
2.086,-2.749,9.500
1.995,-2.608,9.500
1.927,-2.499,9.500
2.059,-2.648,9.500
1.965,-2.506,9.500
2.041,-2.582,9.500
1.989,-2.496,9.500
2.165,-2.696,9.500
2.137,-2.639,9.500
2.009,-2.462,9.500
2.037,-2.476,9.500
2.037,-2.457,9.500
2.038,-2.438,9.500
2.166,-2.570,9.500
2.176,-2.562,9.500
2.057,-2.403,9.500
2.187,-2.534,9.500
2.197,-2.525,9.500
2.090,-2.384,9.500
2.133,-2.413,9.500
2.104,-2.362,9.500
2.118,-2.359,9.500
2.132,-2.356,9.500
2.265,-2.483,9.500
2.275,-2.474,9.500
2.169,-2.341,9.500
2.294,-2.456,9.500
2.294,-2.437,9.500
2.197,-2.315,9.500
2.211,-2.312,9.500
2.210,-2.293,9.500
2.219,-2.284,9.500
2.223,-2.270,9.500
2.331,-2.362,9.500
2.534,-2.547,9.500
2.239,-2.234,9.500
2.263,-2.240,9.500
2.393,-2.350,9.500
2.276,-2.217,9.500
2.295,-2.218,9.500
2.426,-2.326,9.500
2.307,-2.195,9.500
2.316,-2.186,9.500
2.335,-2.187,9.500
2.354,-2.187,9.500
2.352,-2.168,9.500
2.339,-2.140,9.500
2.358,-2.140,9.500
2.498,-2.249,9.500
2.512,-2.244,9.500
2.389,-2.117,9.500
2.402,-2.112,9.500
2.522,-2.200,9.500
2.408,-2.084,9.500
2.422,-2.079,9.500
2.430,-2.070,9.500
2.427,-2.051,9.500
2.570,-2.155,9.500
2.552,-2.122,9.500
2.451,-2.022,9.500
2.448,-2.003,9.500
2.472,-2.007,9.500
2.475,-1.993,9.500
2.477,-1.979,9.500
2.490,-1.974,9.500
2.503,-1.968,9.500
2.511,-1.958,9.500
2.525,-1.953,9.500
2.532,-1.943,9.500
2.540,-1.933,9.500
2.655,-2.004,9.500
2.526,-1.891,9.500
2.539,-1.886,9.500
2.477,-1.824,9.500
2.896,-2.115,9.500
2.716,-1.968,9.500
2.592,-1.862,9.500
2.582,-1.840,9.500
2.601,-1.838,9.500
2.573,-1.803,9.500
2.674,-1.858,9.500
2.539,-1.750,9.500
2.798,-1.912,9.500
2.547,-1.726,9.500
2.553,-1.715,9.500
2.590,-1.726,9.500
2.579,-1.703,9.500
2.700,-1.768,9.500
2.748,-1.785,9.500
2.599,-1.673,9.500
2.762,-1.763,9.500
2.757,-1.744,9.500
2.770,-1.737,9.500
2.619,-1.628,9.500
2.612,-1.610,9.500
2.613,-1.596,9.500
2.767,-1.675,9.500
2.792,-1.675,9.500
2.619,-1.558,9.500
2.650,-1.562,9.500
2.712,-1.585,9.500
2.668,-1.545,9.500
2.662,-1.527,9.500
2.680,-1.524,9.500
2.849,-1.605,9.500
2.843,-1.587,9.500
2.685,-1.485,9.500
2.698,-1.478,9.500
2.748,-1.492,9.500
2.709,-1.457,9.500
2.811,-1.497,9.500
2.727,-1.439,9.500
2.942,-1.537,9.500
2.954,-1.529,9.500
2.737,-1.403,9.500
2.756,-1.399,9.500
2.748,-1.382,9.500
2.799,-1.394,9.500
2.772,-1.367,9.500
2.764,-1.349,9.500
2.750,-1.329,9.500
2.937,-1.405,9.500
2.813,-1.332,9.500
2.805,-1.315,9.500
2.953,-1.370,9.500
2.822,-1.296,9.500
2.834,-1.288,9.500
2.792,-1.256,9.500
2.837,-1.263,9.500
2.986,-1.315,9.500
2.813,-1.226,9.500
2.818,-1.215,9.500
2.830,-1.206,9.500
2.848,-1.201,9.500
2.839,-1.184,9.500
2.857,-1.178,9.500
2.855,-1.165,9.500
2.860,-1.153,9.500
2.871,-1.145,9.500
2.855,-1.125,9.500
2.859,-1.114,9.500
2.884,-1.111,9.500
2.875,-1.094,9.500
2.879,-1.083,9.500
2.883,-1.072,9.500
2.888,-1.060,9.500
2.892,-1.049,9.500
3.038,-1.089,9.500
3.155,-1.117,9.500
3.073,-1.074,9.500
2.922,-1.008,9.500
2.926,-0.997,9.500
3.093,-1.040,9.500
3.130,-1.039,9.500
2.930,-0.960,9.500
3.111,-1.006,9.500
2.924,-0.932,9.500
2.920,-0.919,9.500
2.931,-0.909,9.500
3.093,-0.946,9.500
2.945,-0.888,9.500
2.969,-0.883,9.500
2.959,-0.867,9.500
2.948,-0.852,9.500
3.131,-0.891,9.500
3.162,-0.887,9.500
2.979,-0.823,9.500
2.982,-0.811,9.500
3.145,-0.842,9.500
3.010,-0.793,9.500
2.985,-0.774,9.500
2.988,-0.762,9.500
2.976,-0.747,9.500
2.986,-0.737,9.500
3.004,-0.729,9.500
2.978,-0.710,9.500
3.170,-0.743,9.500
3.200,-0.736,9.500
3.007,-0.680,9.500
3.010,-0.668,9.500
3.216,-0.700,9.500
3.177,-0.679,9.500
3.018,-0.632,9.500
3.217,-0.661,9.500
3.443,-0.693,9.500
3.025,-0.597,9.500
3.217,-0.622,9.500
3.037,-0.574,9.500
2.996,-0.554,9.500
3.034,-0.549,9.500
3.029,-0.536,9.500
3.031,-0.524,9.500
3.033,-0.512,9.500
3.042,-0.501,9.500
3.193,-0.513,9.500
3.039,-0.476,9.500
3.098,-0.473,9.500
3.241,-0.482,9.500
3.073,-0.445,9.500
3.046,-0.428,9.500
3.048,-0.417,9.500
3.297,-0.437,9.500
3.051,-0.393,9.500
3.038,-0.379,9.500
3.047,-0.368,9.500
3.070,-0.358,9.500
3.049,-0.344,9.500
3.065,-0.333,9.500
3.074,-0.322,9.500
3.075,-0.310,9.500
3.069,-0.297,9.500
3.291,-0.306,9.500
3.071,-0.273,9.500
3.237,-0.275,9.500
3.051,-0.247,9.500
3.081,-0.237,9.500
3.126,-0.228,9.500
3.105,-0.215,9.500
3.270,-0.213,9.500
3.271,-0.200,9.500
3.064,-0.176,9.500
3.086,-0.165,9.500
3.087,-0.153,9.500
3.266,-0.149,9.500
3.088,-0.128,9.500
3.239,-0.122,9.500
3.140,-0.106,9.500
3.268,-0.097,9.500
3.024,-0.078,9.500
3.269,-0.072,9.500
2.987,-0.054,9.500
3.291,-0.046,9.500
2.988,-0.030,9.500
2.973,-0.018,9.500
3.061,-0.007,9.500
2.951,0.005,9.500
3.184,0.018,9.500
2.995,0.029,9.500
3.148,0.042,9.500
3.141,0.055,9.500
3.024,0.065,10.000
2.875,0.073,10.000
2.875,0.084,10.000
2.904,0.096,10.000
3.067,0.114,10.000
3.139,0.129,10.000
2.903,0.130,10.000
2.850,0.139,10.000
3.115,0.165,10.000
3.049,0.173,10.000
3.049,0.185,10.000
3.026,0.196,10.000
2.755,0.189,10.000
2.868,0.208,10.000
3.067,0.235,10.000
3.000,0.241,10.000
2.881,0.243,10.000
2.766,0.244,10.000
2.758,0.255,10.000
2.749,0.265,10.000
2.778,0.279,10.000
2.792,0.291,10.000
2.956,0.320,10.000
2.969,0.333,10.000
2.759,0.320,10.000
2.742,0.329,10.000
2.756,0.342,10.000
2.739,0.351,10.000
2.753,0.364,10.000
2.805,0.382,10.000
2.743,0.384,10.000
2.741,0.395,10.000
2.740,0.406,10.000
2.730,0.415,10.000
2.736,0.427,10.000
2.712,0.434,10.000
2.838,0.466,10.000
2.843,0.479,10.000
2.937,0.506,10.000
2.742,0.484,10.000
2.725,0.492,10.000
2.975,0.549,10.000
2.706,0.510,10.000
2.824,0.544,10.000
3.153,0.620,10.000
2.842,0.571,10.000
2.721,0.557,10.000
2.815,0.588,10.000
2.987,0.636,10.000
2.788,0.606,10.000
2.815,0.623,10.000
2.769,0.624,10.000
2.991,0.687,10.000
2.995,0.700,10.000
2.790,0.664,10.000
2.795,0.676,10.000
2.980,0.734,10.000
2.941,0.736,10.000
3.065,0.780,10.000
2.770,0.717,10.000
2.752,0.724,10.000
2.757,0.736,10.000
2.754,0.747,10.000
2.780,0.766,10.000
2.755,0.771,10.000
2.759,0.784,10.000
2.756,0.795,10.000
2.789,0.816,10.000
2.857,0.848,10.000
2.938,0.885,10.000
2.914,0.890,10.000
2.733,0.846,10.000
2.715,0.852,10.000
2.882,0.917,10.000
2.715,0.876,10.000
2.741,0.896,10.000
2.694,0.893,10.000
2.783,0.934,10.000
2.708,0.921,10.000
2.618,0.902,10.000
2.687,0.937,10.000
2.604,0.920,10.000
2.593,0.928,10.000
2.618,0.948,10.000
2.600,0.953,10.000
2.582,0.958,10.000
2.593,0.974,10.000
2.596,0.987,10.000
2.585,0.994,10.000
2.574,1.001,10.000
2.584,1.017,10.000
2.559,1.019,10.000
2.548,1.026,10.000
2.572,1.047,10.000
2.568,1.058,10.000
2.564,1.068,10.000
2.524,1.063,10.000
2.527,1.076,10.000
2.710,1.166,10.000
2.540,1.105,10.000
2.521,1.109,10.000
2.538,1.128,10.000
2.526,1.135,10.000
2.522,1.145,10.000
2.531,1.161,10.000
2.664,1.234,10.000
2.494,1.168,10.000
2.504,1.184,10.000
2.703,1.291,10.000
2.657,1.282,10.000
2.489,1.213,10.000
2.471,1.216,10.000
2.662,1.324,10.000
2.650,1.331,10.000
2.645,1.341,10.000
2.369,1.213,10.000
2.628,1.358,10.000
2.733,1.427,10.000
2.564,1.351,10.000
2.342,1.246,10.000
2.344,1.259,10.000
2.346,1.272,10.000
2.314,1.266,10.000
2.357,1.302,10.000
2.338,1.303,10.000
2.333,1.313,10.000
2.501,1.420,10.000
2.476,1.419,10.000
2.317,1.340,10.000
2.298,1.341,10.000
2.313,1.362,10.000
2.295,1.363,10.000
2.282,1.368,10.000
2.277,1.377,10.000
2.238,1.366,10.000
2.233,1.374,10.000
2.274,1.412,10.000
2.412,1.511,10.000
2.250,1.422,10.000
2.244,1.430,10.000
2.245,1.443,10.000
2.206,1.431,10.000
2.394,1.566,10.000
2.286,1.508,10.000
2.228,1.483,10.000
2.197,1.474,10.000
2.217,1.500,10.000
2.185,1.491,10.000
2.325,1.601,10.000
2.199,1.526,10.000
2.167,1.517,10.000
2.180,1.539,10.000
2.331,1.659,10.000
2.275,1.633,10.000
2.099,1.519,10.000
2.073,1.513,10.000
2.048,1.507,10.000
2.267,1.682,10.000
2.230,1.668,10.000
2.043,1.541,10.000
2.081,1.582,10.000
2.100,1.609,10.000
2.173,1.679,10.000
2.019,1.572,10.000
1.994,1.566,10.000
2.105,1.666,10.000
1.969,1.571,10.000
2.092,1.683,10.000
1.969,1.597,10.000
1.975,1.615,10.000
2.107,1.737,10.000
2.148,1.784,10.000
2.010,1.683,10.000
1.949,1.645,10.000
1.955,1.663,10.000
2.079,1.783,10.000
1.924,1.663,10.000
1.941,1.692,10.000
2.172,1.908,10.000
1.992,1.764,10.000
1.885,1.683,10.000
1.967,1.769,10.000
2.069,1.876,10.000
2.027,1.853,10.000
1.859,1.712,10.000
1.887,1.752,10.000
1.989,1.861,10.000
1.862,1.756,10.000
1.855,1.763,10.000
1.983,1.900,10.000
1.852,1.788,10.000
2.147,2.089,10.000
1.815,1.781,10.000
1.842,1.821,10.000
1.801,1.795,10.000
1.789,1.796,10.000
1.919,1.943,10.000
1.928,1.967,10.000
1.784,1.834,10.000
1.766,1.830,10.000
1.899,1.984,10.000
1.773,1.867,10.000
1.894,2.010,10.000
1.995,2.134,10.000
1.740,1.876,10.000
1.828,1.987,10.000
1.725,1.890,10.000
1.723,1.902,10.000
1.700,1.891,10.000
1.687,1.892,10.000
1.685,1.905,10.000
1.776,2.023,10.000
1.809,2.077,10.000
1.668,1.930,10.000
1.665,1.943,10.000
1.658,1.949,10.000
1.650,1.956,10.000
1.777,2.124,10.000
1.629,1.963,10.000
1.612,1.957,10.000
1.619,1.982,10.000
1.601,1.976,10.000
1.721,2.140,10.000
1.717,2.153,10.000
1.593,2.013,10.000
1.580,2.013,10.000
1.572,2.019,10.000
1.583,2.050,10.000
1.613,2.106,10.000
1.694,2.230,10.000
1.535,2.037,10.000
1.658,2.218,10.000
1.505,2.030,10.000
1.511,2.055,10.000
1.654,2.269,10.000
1.518,2.099,10.000
1.551,2.162,10.000
1.538,2.162,10.000
1.583,2.244,10.000
1.614,2.307,10.000
1.609,2.319,10.000
1.561,2.269,10.000
1.451,2.127,10.000
1.611,2.382,10.000
1.408,2.099,10.000
1.417,2.131,10.000
1.408,2.136,10.000
1.391,2.129,10.000
1.468,2.266,10.000
1.493,2.323,10.000
1.475,2.316,10.000
1.475,2.335,10.000
1.345,2.149,10.000
1.349,2.174,10.000
1.463,2.378,10.000
1.324,2.171,10.000
1.319,2.183,10.000
1.315,2.195,10.000
1.398,2.355,10.000
1.334,2.267,10.000
1.364,2.339,10.000
1.228,2.126,10.000
1.256,2.193,10.000
1.199,2.114,10.000
1.191,2.119,10.000
1.299,2.332,10.000
1.178,2.135,10.000
1.170,2.140,10.000
1.165,2.151,10.000
1.149,2.142,10.000
1.253,2.357,10.000
1.136,2.158,10.000
1.128,2.162,10.000
1.127,2.181,10.000
1.191,2.327,10.000
1.199,2.367,10.000
1.104,2.201,10.000
1.089,2.191,10.000
1.164,2.367,10.000
1.158,2.378,10.000
1.056,2.189,10.000
1.044,2.186,10.000
1.042,2.205,10.000
1.037,2.216,10.000
1.018,2.198,10.000
1.006,2.195,10.000
1.086,2.395,10.000
1.093,2.435,10.000
0.986,2.222,10.000
0.981,2.233,10.000
0.972,2.237,10.000
1.042,2.423,10.000
0.961,2.259,10.000
0.955,2.270,10.000
1.007,2.421,10.000
0.925,2.248,10.000
0.991,2.436,10.000
0.913,2.270,10.000
0.904,2.274,10.000
0.913,2.322,10.000
0.950,2.444,10.000
0.880,2.292,10.000
0.942,2.481,10.000
0.932,2.484,10.000
0.853,2.302,10.000
0.904,2.469,10.000
0.903,2.495,10.000
0.898,2.513,10.000
0.814,2.307,10.000
0.800,2.295,10.000
0.804,2.337,10.000
0.784,2.309,10.000
0.839,2.501,10.000
0.771,2.331,10.000
0.821,2.515,10.000
0.743,2.306,10.000
0.741,2.332,10.000
0.732,2.335,10.000
0.770,2.490,10.000
0.772,2.530,10.000
0.705,2.343,10.000
0.691,2.330,10.000
0.751,2.569,10.000
0.675,2.344,10.000
0.703,2.477,10.000
0.654,2.341,10.000
0.704,2.558,10.000
0.688,2.538,10.000
0.631,2.364,10.000
0.664,2.528,10.000
0.616,2.385,10.000
0.603,2.371,10.000
0.590,2.358,10.000
0.571,2.321,10.000
0.621,2.571,10.000
0.606,2.551,10.000
0.556,2.383,10.000
0.554,2.416,10.000
0.532,2.363,10.000
0.531,2.405,10.000
0.564,2.601,10.000
0.549,2.580,10.000
0.501,2.403,10.000
0.532,2.599,10.000
0.478,2.383,10.000
0.511,2.604,10.000
0.464,2.411,10.000
0.450,2.389,10.000
0.440,2.390,10.000
0.437,2.424,10.000
0.423,2.402,10.000
0.413,2.403,10.000
0.404,2.405,10.000
0.389,2.375,10.000
0.389,2.432,10.000
0.409,2.622,10.000
0.370,2.435,10.000
0.357,2.413,10.000
0.378,2.626,10.000
0.352,2.518,10.000
0.373,2.744,10.000
0.335,2.545,10.000
0.321,2.515,10.000
0.315,2.547,10.000
0.303,2.533,10.000
0.294,2.542,10.000
0.281,2.511,10.000
0.274,2.536,10.000
0.253,2.434,10.000
0.256,2.562,10.000
0.250,2.610,10.000
0.252,2.742,10.000
0.223,2.533,10.000
0.216,2.574,10.000
0.204,2.551,10.000
0.192,2.520,10.000
0.199,2.755,10.000
0.168,2.457,10.000
0.164,2.546,10.000
0.165,2.734,10.000
0.144,2.547,10.000
0.134,2.555,10.000
0.124,2.564,10.000
0.120,2.697,10.000
0.110,2.706,10.000
0.101,2.737,10.000
0.084,2.550,10.000
0.073,2.526,10.000
0.063,2.542,10.000
0.054,2.550,10.000
0.047,2.746,10.000
0.034,2.559,10.000
0.024,2.551,10.000
0.014,2.551,10.000
0.004,2.823,10.000
-0.007,2.808,10.000
-0.018,2.762,10.000
-0.027,2.598,10.000
-0.036,2.543,10.000
-0.047,2.550,10.000
-0.057,2.566,10.000
-0.067,2.550,10.000
-0.077,2.574,10.000
-0.087,2.565,10.000
-0.104,2.744,10.000
-0.109,2.604,10.000
-0.126,2.743,10.000
-0.144,2.902,10.000
-0.137,2.555,10.000
-0.152,2.641,10.000
-0.161,2.617,10.000
-0.180,2.740,10.000
-0.180,2.592,10.000
-0.190,2.584,10.000
-0.205,2.653,10.000
-0.214,2.637,10.000
-0.223,2.620,10.000
-0.237,2.651,10.000
-0.247,2.650,10.000
-0.257,2.649,10.000
-0.267,2.640,10.000
-0.297,2.830,10.000
-0.290,2.661,10.000
-0.300,2.652,10.000
-0.308,2.635,10.000
-0.319,2.634,10.000
-0.354,2.831,10.000
-0.338,2.624,10.000
-0.390,2.932,10.000
-0.375,2.736,10.000
-0.387,2.742,10.000
-0.426,2.935,10.000
-0.409,2.747,10.000
-0.417,2.722,10.000
-0.436,2.774,10.000
-0.469,2.913,10.000
-0.487,2.948,10.000
-0.462,2.731,10.000
-0.471,2.721,10.000
-0.481,2.712,10.000
-0.521,2.874,10.000
-0.542,2.923,10.000
-0.520,2.744,10.000
-0.545,2.816,10.000
-0.534,2.702,10.000
-0.583,2.893,10.000
-0.581,2.824,10.000
-0.598,2.851,10.000
-0.641,2.994,10.000
-0.613,2.810,10.000
-0.627,2.822,10.000
-0.632,2.790,10.000
-0.649,2.817,10.000
-0.691,2.945,10.000
-0.664,2.783,10.000
-0.677,2.787,10.000
-0.734,2.972,10.000
-0.701,2.789,10.000
-0.706,2.764,10.000
-0.723,2.784,10.000
-0.741,2.810,10.000
-0.772,2.879,10.000
-0.821,3.017,10.000
-0.835,3.021,10.000
-0.806,2.870,10.000
-0.815,2.859,10.000
-0.828,2.863,10.000
-0.883,3.007,10.000
-0.853,2.864,10.000
-0.862,2.853,10.000
-0.931,3.038,10.000
-0.891,2.868,10.000
-0.895,2.843,10.000
-0.911,2.853,10.000
-0.913,2.822,10.000
-0.981,2.992,10.000
-0.933,2.807,10.000
-1.009,2.998,10.000
-1.019,2.987,10.000
-1.021,2.956,10.000
-0.989,2.827,10.000
-0.985,2.781,10.000
-0.994,2.770,10.000
-1.012,2.788,10.000
-1.101,2.996,10.000
-1.095,2.944,10.000
-1.112,2.953,10.000
-1.116,2.929,10.000
-1.059,2.746,10.000
-1.144,2.933,10.000
-1.158,2.936,10.000
-1.246,3.122,10.000
-1.157,2.866,10.000
-1.149,2.814,10.000
-1.179,2.857,10.000
-1.249,2.991,10.000
-1.207,2.861,10.000
-1.210,2.836,10.000
-1.298,3.009,10.000
-1.224,2.806,10.000
-1.241,2.815,10.000
-1.249,2.803,10.000
-1.242,2.758,10.000
-1.400,3.078,10.000
-1.275,2.775,10.000
-1.296,2.790,10.000
-1.310,2.791,10.000
-1.324,2.793,10.000
-1.344,2.807,10.000
-1.349,2.789,10.000
-1.347,2.757,10.000
-1.447,2.932,10.000
-1.378,2.766,10.000
-1.383,2.748,10.000
-1.400,2.755,10.000
-1.401,2.730,10.000
-1.504,2.903,10.000
-1.509,2.885,10.000
-1.436,2.720,10.000
-1.447,2.714,10.000
-1.461,2.715,10.000
-1.537,2.830,10.000
-1.559,2.842,10.000
-1.583,2.861,10.000
-1.497,2.679,10.000
-1.511,2.680,10.000
-1.525,2.680,10.000
-1.546,2.693,10.000
-1.531,2.643,10.000
-1.538,2.630,10.000
-1.567,2.656,10.000
-1.573,2.643,10.000
-1.673,2.785,10.000
-1.698,2.803,10.000
-1.631,2.668,10.000
-1.619,2.624,10.000
-1.629,2.618,10.000
-1.624,2.587,10.000
-1.768,2.792,10.000
-1.660,2.599,10.000
-1.721,2.671,10.000
-1.676,2.579,10.000
-1.694,2.585,10.000
-1.692,2.560,10.000
-1.814,2.721,10.000
-1.781,2.649,10.000
-1.726,2.546,10.000
-1.793,2.623,10.000
-1.916,2.778,10.000
-1.887,2.713,10.000
-1.762,2.513,10.000
-1.797,2.541,10.000
-1.832,2.569,10.000
-1.863,2.591,10.000
-1.894,2.613,10.000
-1.824,2.495,10.000
-1.825,2.476,10.000
-1.891,2.545,10.000
-1.892,2.526,10.000
-1.979,2.620,10.000
-1.968,2.584,10.000
-1.891,2.463,10.000
-1.945,2.513,10.000
-2.007,2.572,10.000
-1.920,2.440,10.000
-2.080,2.622,10.000
-1.912,2.391,10.000
-1.998,2.479,10.000
-1.944,2.393,10.000
-1.968,2.402,10.000
-1.963,2.378,10.000
-1.954,2.348,10.000
-1.972,2.351,10.000
-2.098,2.481,10.000
-2.019,2.369,10.000
-2.019,2.350,10.000
-2.154,2.488,10.000
-2.037,2.334,10.000
-2.042,2.320,10.000
-2.036,2.296,10.000
-2.065,2.310,10.000
-2.165,2.403,10.000
-2.078,2.288,10.000
-2.087,2.280,10.000
-2.217,2.403,10.000
-2.105,2.263,10.000
-2.128,2.271,10.000
-2.127,2.252,10.000
-2.250,2.363,10.000
-2.155,2.246,10.000
-2.283,2.360,10.000
-2.152,2.208,10.000
-2.166,2.205,10.000
-2.159,2.181,10.000
-2.168,2.172,10.000
-2.329,2.315,10.000
-2.195,2.165,10.000
-2.183,2.136,10.000
-2.212,2.148,10.000
-2.205,2.124,10.000
-2.364,2.259,10.000
-2.316,2.196,10.000
-2.214,2.083,10.000
-2.385,2.227,10.000
-2.341,2.169,10.000
-2.334,2.145,10.000
-2.427,2.213,10.000
-2.276,2.059,10.000
-2.381,2.137,10.000
-2.308,2.055,10.000
-2.370,2.094,10.000
-2.422,2.123,10.000
-2.381,2.071,10.000
-2.406,2.076,10.000
-2.419,2.071,10.000
-2.492,2.117,10.000
-2.391,2.015,10.000
-2.438,2.038,10.000
-2.457,2.037,10.000
-2.432,2.000,10.000
-2.599,2.120,10.000
-2.481,2.008,10.000
-2.604,2.091,10.000
-2.613,2.081,10.000
-2.487,1.965,10.000
-2.512,1.969,10.000
-2.648,2.059,10.000
-2.516,1.940,10.000
-2.529,1.935,10.000
-2.520,1.912,10.000
-2.544,1.915,10.000
-2.546,1.901,10.000
-2.530,1.874,10.000
-2.709,1.989,10.000
-2.568,1.871,10.000
-2.593,1.873,10.000
-2.595,1.859,10.000
-2.584,1.836,10.000
-2.725,1.920,10.000
-2.755,1.925,10.000
-2.600,1.802,10.000
-2.601,1.787,10.000
-2.614,1.781,10.000
-2.808,1.897,10.000
-2.652,1.777,10.000
-2.811,1.867,10.000
-2.647,1.744,10.000
-2.660,1.737,10.000
-2.810,1.819,10.000
-2.674,1.716,10.000
-2.662,1.694,10.000
-2.687,1.695,10.000
-2.867,1.793,10.000
-2.688,1.667,10.000
-2.852,1.753,10.000
-2.701,1.646,10.000
-2.732,1.650,10.000
-2.745,1.643,10.000
-2.770,1.643,10.000
-2.903,1.707,10.000
-2.752,1.603,10.000
-2.826,1.632,10.000
-2.770,1.585,10.000
-2.783,1.578,10.000
-2.942,1.653,10.000
-2.782,1.549,10.000
-2.782,1.535,10.000
-2.788,1.524,10.000
-2.807,1.519,10.000
-2.962,1.588,10.000
-2.812,1.494,10.000
-2.837,1.493,10.000
-3.005,1.566,10.000
-2.912,1.503,10.000
-2.918,1.492,10.000
-3.005,1.521,10.000
-2.923,1.466,10.000
-3.091,1.535,10.000
-2.941,1.446,10.000
-2.902,1.413,10.000
-3.164,1.525,10.000
-2.970,1.417,10.000
-3.133,1.480,10.000
-2.968,1.388,10.000
-2.980,1.379,10.000
-2.973,1.362,10.000
-2.965,1.344,10.000
-3.142,1.410,10.000
-2.989,1.327,10.000
-2.948,1.295,10.000
-3.005,1.306,10.000
-3.023,1.300,10.000
-3.009,1.280,10.000
-3.034,1.276,10.000
-3.186,1.325,10.000
-3.069,1.263,10.000
-3.016,1.227,10.000
-3.034,1.220,10.000
-3.045,1.211,10.000
-3.010,1.184,10.000
-3.054,1.187,10.000
-3.304,1.269,10.000
-3.239,1.230,10.000
-3.081,1.156,10.000
-3.059,1.134,10.000
-3.070,1.125,10.000
-3.258,1.179,10.000
-3.256,1.164,10.000
-3.083,1.088,10.000
-3.101,1.081,10.000
-3.085,1.062,10.000
-3.274,1.112,10.000
-3.285,1.102,10.000
-3.097,1.025,10.000
-3.466,1.132,10.000
-3.112,1.003,10.000
-3.170,1.008,10.000
-3.160,0.992,10.000
-3.124,0.967,10.000
-3.154,0.963,10.000
-3.151,0.948,10.000
-3.328,0.987,10.000
-3.145,0.920,10.000
-3.142,0.905,10.000
-3.313,0.940,10.000
-3.142,0.879,10.000
-3.320,0.914,10.000
-3.363,0.912,10.000
-3.159,0.843,10.000
-3.176,0.835,10.000
-3.281,0.848,10.000
-3.430,0.873,10.000
-3.267,0.818,10.000
-3.397,0.836,10.000
-3.274,0.792,10.000
-3.456,0.822,10.000
-3.300,0.771,10.000
-3.255,0.747,10.000
-3.326,0.750,10.000
-3.302,0.731,10.000
-3.445,0.748,10.000
-3.475,0.740,10.000
-3.304,0.690,10.000
-3.299,0.676,10.000
-3.282,0.659,10.000
-3.499,0.688,10.000
-3.341,0.644,10.000
-3.330,0.628,10.000
-3.319,0.612,10.000
-3.321,0.599,10.000
-3.459,0.610,10.000
-3.514,0.606,10.000
-3.335,0.561,10.000
-3.317,0.545,10.000
-3.332,0.534,10.000
-3.523,0.551,10.000
-3.336,0.508,10.000
-3.325,0.493,10.000
-3.510,0.506,10.000
-3.363,0.472,10.000
-3.337,0.455,10.000
-3.359,0.444,10.000
-3.341,0.428,10.000
-3.512,0.436,10.000
-3.344,0.402,10.000
-3.529,0.410,10.000
-3.326,0.374,10.000
-3.362,0.364,10.000
-3.350,0.350,10.000
-3.344,0.336,10.000
-3.556,0.343,10.000
-3.354,0.310,10.000
-3.389,0.300,10.000
-3.314,0.280,10.000
-3.364,0.271,10.000
-3.351,0.257,10.000
-3.435,0.250,10.000
-3.346,0.230,10.000
-3.361,0.218,10.000
-3.458,0.211,10.000
-3.418,0.195,10.000
-3.363,0.179,10.000
-3.447,0.169,10.000
-3.542,0.160,10.000
-3.372,0.139,10.000
-3.435,0.128,10.000
-3.394,0.114,10.000
-3.564,0.105,10.000
-3.360,0.086,10.000
-3.360,0.073,10.000
-3.367,0.060,10.000
-3.361,0.047,10.000
-3.319,0.033,10.000
-3.361,0.020,10.000
-3.620,0.008,10.000
-3.389,-0.006,10.000
-3.361,-0.019,10.000
-3.566,-0.035,10.000
-3.375,-0.046,10.000
-3.367,-0.059,10.000
-3.381,-0.073,10.000
-3.551,-0.090,10.000
-3.380,-0.099,10.000
-3.380,-0.112,10.000
-3.537,-0.131,10.000
-3.365,-0.138,10.000
-3.392,-0.153,10.000
-3.385,-0.166,10.000
-3.307,-0.175,10.000
-3.560,-0.202,10.000
-3.553,-0.216,10.000
-3.375,-0.218,10.000
-3.381,-0.232,10.000
-3.489,-0.253,10.000
-3.358,-0.257,10.000
-3.541,-0.285,10.000
-3.321,-0.280,10.000
-3.519,-0.311,10.000
-3.368,-0.311,10.000
-3.556,-0.342,10.000
-3.337,-0.334,10.000
-3.350,-0.349,10.000
-3.335,-0.361,10.000
-3.319,-0.372,10.000
-3.345,-0.388,10.000
-3.534,-0.424,10.000
-3.519,-0.436,10.000
-3.341,-0.428,10.000
-3.332,-0.440,10.000
-3.365,-0.458,10.000
-3.492,-0.489,10.000
-3.496,-0.503,10.000
-3.339,-0.494,10.000
-3.350,-0.509,10.000
-3.328,-0.519,10.000
-3.332,-0.533,10.000
-3.317,-0.544,10.000
-3.321,-0.558,10.000
-3.374,-0.581,10.000
-3.324,-0.586,10.000
-3.503,-0.631,10.000
-3.360,-0.619,10.000
-3.405,-0.641,10.000
-3.574,-0.688,10.000
-3.493,-0.686,10.000
-3.302,-0.662,10.000
-3.306,-0.677,10.000
-3.297,-0.688,10.000
-3.475,-0.739,10.000
-3.291,-0.714,10.000
-3.316,-0.733,10.000
-3.292,-0.741,10.000
-3.343,-0.767,10.000
-3.280,-0.765,10.000
-3.310,-0.786,10.000
-3.287,-0.794,10.000
-3.384,-0.832,10.000
-3.267,-0.817,10.000
-3.450,-0.877,10.000
-3.433,-0.887,10.000
-3.251,-0.853,10.000
-3.261,-0.870,10.000
-3.251,-0.881,10.000
-3.406,-0.937,10.000
-3.244,-0.906,10.000
-3.240,-0.919,10.000
-3.420,-0.985,10.000
-3.532,-1.032,10.000
-3.222,-0.955,10.000
-3.245,-0.976,10.000
-3.215,-0.980,10.000
-3.218,-0.995,10.000
-3.383,-1.061,10.000
-3.203,-1.018,10.000
-3.192,-1.028,10.000
-3.202,-1.045,10.000
-3.217,-1.064,10.000
-3.482,-1.167,10.000
-3.183,-1.081,10.000
-3.178,-1.093,10.000
-3.167,-1.103,10.000
-3.189,-1.125,10.000
-3.172,-1.133,10.000
-3.180,-1.150,10.000
-3.156,-1.155,10.000
-3.331,-1.234,10.000
-3.154,-1.182,10.000
-3.309,-1.255,10.000
-3.131,-1.202,10.000
-3.146,-1.222,10.000
-3.141,-1.234,10.000
-3.136,-1.247,10.000
-3.290,-1.323,10.000
-3.133,-1.274,10.000
-3.317,-1.364,10.000
-3.123,-1.298,10.000
-3.105,-1.305,10.000
-3.093,-1.315,10.000
-3.120,-1.340,10.000
-3.089,-1.342,10.000
-3.078,-1.351,10.000
-3.098,-1.374,10.000
-3.073,-1.378,10.000
-3.218,-1.458,10.000
-3.062,-1.402,10.000
-3.063,-1.417,10.000
-3.182,-1.487,10.000
-3.039,-1.435,10.000
-3.201,-1.526,10.000
-3.219,-1.550,10.000
-3.016,-1.467,10.000
-3.029,-1.488,10.000
-2.986,-1.482,10.000
-3.005,-1.506,10.000
-3.017,-1.527,10.000
-3.169,-1.620,10.000
-3.024,-1.560,10.000
-3.163,-1.648,10.000
-3.132,-1.647,10.000
-2.975,-1.579,10.000
-2.968,-1.591,10.000
-3.107,-1.681,10.000
-2.968,-1.621,10.000
-3.088,-1.702,10.000
-2.961,-1.648,10.000
-2.912,-1.635,10.000
-2.918,-1.654,10.000
-3.078,-1.760,10.000
-2.893,-1.669,10.000
-2.904,-1.691,10.000
-2.904,-1.706,10.000
-3.044,-1.805,10.000
-2.896,-1.733,10.000
-2.866,-1.729,10.000
-2.877,-1.752,10.000
-2.870,-1.763,10.000
-3.014,-1.868,10.000
-2.885,-1.804,10.000
-3.005,-1.895,10.000
-2.836,-1.804,10.000
-2.840,-1.823,10.000
-2.845,-1.841,10.000
-2.814,-1.837,10.000
-2.796,-1.841,10.000
-2.777,-1.844,10.000
-2.804,-1.878,10.000
-2.780,-1.877,10.000
-2.925,-1.992,10.000
-2.793,-1.919,10.000
-2.774,-1.922,10.000
-2.761,-1.928,10.000
-2.754,-1.939,10.000
-2.735,-1.942,10.000
-2.727,-1.953,10.000
-2.697,-1.947,10.000
-2.728,-1.986,10.000
-2.642,-1.939,10.000
-2.707,-2.004,10.000
-2.705,-2.018,10.000
-2.823,-2.124,10.000
-2.645,-2.006,10.000
-2.598,-1.986,10.000
-2.606,-2.009,10.000
-2.626,-2.041,10.000
-2.574,-2.017,10.000
-2.697,-2.130,10.000
-2.569,-2.046,10.000
-2.550,-2.047,10.000
-2.693,-2.179,10.000
-2.663,-2.172,10.000
-2.531,-2.081,10.000
-2.556,-2.118,10.000
-2.520,-2.105,10.000
-2.501,-2.106,10.000
-2.504,-2.125,10.000
-2.501,-2.139,10.000
-2.487,-2.145,10.000
-2.473,-2.150,10.000
-2.465,-2.159,10.000
-2.556,-2.257,10.000
-2.421,-2.155,10.000
-2.434,-2.184,10.000
-2.431,-2.198,10.000
-2.401,-2.188,10.000
-2.561,-2.353,10.000
-2.405,-2.226,10.000
-2.385,-2.226,10.000
-2.509,-2.359,10.000
-2.394,-2.269,10.000
-2.380,-2.273,10.000
-2.360,-2.273,10.000
-2.357,-2.287,10.000
-2.348,-2.296,10.000
-2.452,-2.418,10.000
-2.329,-2.315,10.000
-2.325,-2.329,10.000
-2.321,-2.343,10.000
-2.438,-2.480,10.000
-2.278,-2.336,10.000
-2.279,-2.355,10.000
-2.269,-2.364,10.000
-2.260,-2.373,10.000
-2.380,-2.518,10.000
-2.242,-2.390,10.000
-2.346,-2.521,10.000
-2.213,-2.397,10.000
-2.199,-2.401,10.000
-2.208,-2.430,10.000
-2.324,-2.578,10.000
-2.189,-2.448,10.000
-2.175,-2.451,10.000
-2.165,-2.459,10.000
-2.270,-2.599,10.000
-2.151,-2.482,10.000
-2.127,-2.474,10.000
-2.127,-2.493,10.000
-2.130,-2.518,10.000
-2.098,-2.499,10.000
-2.195,-2.636,10.000
-2.083,-2.521,10.000
-2.068,-2.523,10.000
-2.076,-2.553,10.000
-2.048,-2.540,10.000
-2.047,-2.559,10.000
-2.046,-2.578,10.000
-2.036,-2.586,10.000
-2.017,-2.583,10.000
-2.011,-2.596,10.000
-2.094,-2.725,10.000
-1.995,-2.617,10.000
-1.972,-2.608,10.000
-1.962,-2.616,10.000
-2.084,-2.802,10.000
-1.954,-2.648,10.000
-1.989,-2.718,10.000
-1.945,-2.681,10.000
-1.963,-2.728,10.000
-1.965,-2.752,10.000
-2.053,-2.900,10.000
-1.927,-2.745,10.000
-1.940,-2.787,10.000
-1.914,-2.772,10.000
-2.018,-2.948,10.000
-1.903,-2.804,10.000
-1.877,-2.788,10.000
-1.972,-2.955,10.000
-1.953,-2.951,10.000
-1.844,-2.810,10.000
-1.963,-3.017,10.000
-1.844,-2.859,10.000
-1.818,-2.843,10.000
-1.800,-2.839,10.000
-1.792,-2.851,10.000
-1.875,-3.010,10.000
-1.781,-2.883,10.000
-1.755,-2.866,10.000
-1.747,-2.879,10.000
-1.824,-3.033,10.000
-1.728,-2.899,10.000
-1.720,-2.912,10.000
-1.698,-2.900,10.000
-1.690,-2.913,10.000
-1.748,-3.039,10.000
-1.759,-3.087,10.000
-1.663,-2.945,10.000
-1.638,-2.927,10.000
-1.633,-2.946,10.000
-1.645,-2.994,10.000
-1.607,-2.952,10.000
-1.605,-2.977,10.000
-1.661,-3.110,10.000
-1.588,-3.001,10.000
-1.573,-3.002,10.000
-1.552,-2.989,10.000
-1.627,-3.166,10.000
-1.531,-3.008,10.000
-1.602,-3.178,10.000
-1.584,-3.172,10.000
-1.493,-3.019,10.000
-1.487,-3.037,10.000
-1.481,-3.056,10.000
-1.466,-3.055,10.000
-1.454,-3.061,10.000
-1.442,-3.067,10.000
-1.439,-3.091,10.000
-1.418,-3.078,10.000
-1.460,-3.202,10.000
-1.391,-3.083,10.000
-1.373,-3.075,10.000
-1.353,-3.062,10.000
-1.423,-3.255,10.000
-1.334,-3.085,10.000
-1.330,-3.109,10.000
-1.310,-3.095,10.000
-1.369,-3.271,10.000
-1.299,-3.137,10.000
-1.349,-3.294,10.000
-1.269,-3.135,10.000
-1.308,-3.267,10.000
-1.305,-3.297,10.000
-1.227,-3.136,10.000
-1.272,-3.288,10.000
-1.207,-3.159,10.000
-1.192,-3.157,10.000
-1.233,-3.303,10.000
-1.227,-3.327,10.000
-1.148,-3.151,10.000
-1.138,-3.162,10.000
-1.183,-3.328,10.000
-1.172,-3.339,10.000
-1.105,-3.189,10.000
-1.100,-3.213,10.000
-1.076,-3.184,10.000
-1.118,-3.351,10.000
-1.053,-3.199,10.000
-1.034,-3.183,10.000
-1.038,-3.240,10.000
-1.063,-3.362,10.000
-1.015,-3.255,10.000
-0.959,-3.119,10.000
-0.986,-3.250,10.000
-0.965,-3.227,10.000
-1.002,-3.401,10.000
-0.926,-3.187,10.000
-0.925,-3.231,10.000
-0.889,-3.154,10.000
-0.907,-3.265,10.000
-0.941,-3.440,10.000
-0.852,-3.164,10.000
-0.912,-3.440,10.000
-0.850,-3.259,10.000
-0.825,-3.215,10.000
-0.830,-3.286,10.000
-0.832,-3.349,10.000
-0.796,-3.258,10.000
-0.762,-3.173,10.000
-0.772,-3.271,10.000
-0.779,-3.362,10.000
-0.732,-3.216,10.000
-0.715,-3.198,10.000
-0.720,-3.283,10.000
-0.728,-3.380,10.000
-0.696,-3.295,10.000
-0.723,-3.492,10.000
-0.654,-3.218,10.000
-0.641,-3.221,10.000
-0.626,-3.209,10.000
-0.614,-3.219,10.000
-0.631,-3.379,10.000
-0.590,-3.230,10.000
-0.595,-3.329,10.000
-0.576,-3.297,10.000
-0.551,-3.230,10.000
-0.538,-3.232,10.000
-0.555,-3.413,10.000
-0.520,-3.278,10.000
-0.500,-3.238,10.000
-0.487,-3.233,10.000
-0.473,-3.228,10.000
-0.460,-3.230,10.000
-0.450,-3.253,10.000
-0.437,-3.248,10.000
-0.425,-3.256,10.000
-0.411,-3.251,10.000
-0.419,-3.418,10.000
-0.390,-3.289,10.000
-0.371,-3.242,10.000
-0.376,-3.403,10.000
-0.347,-3.251,10.000
-0.352,-3.433,10.000
-0.323,-3.275,10.000
-0.308,-3.255,10.000
-0.311,-3.430,10.000
-0.301,-3.465,10.000
-0.271,-3.266,10.000
-0.269,-3.413,10.000
-0.254,-3.386,10.000
-0.246,-3.456,10.000
-0.219,-3.263,10.000
-0.223,-3.532,10.000
-0.205,-3.465,10.000
-0.181,-3.279,10.000
-0.164,-3.195,10.000
-0.150,-3.167,10.000
-0.145,-3.323,10.000
-0.133,-3.365,10.000
-0.113,-3.161,10.000
-0.101,-3.176,10.000
-0.089,-3.198,10.000
-0.080,-3.353,10.000
-0.067,-3.353,10.000
-0.051,-3.170,10.000
-0.038,-3.148,10.000
-0.026,-3.177,10.000
-0.014,-3.347,10.000
-0.001,-3.368,10.000
0.011,-3.213,10.000
0.024,-3.192,10.000
0.036,-3.170,10.000
0.052,-3.368,10.000
0.061,-3.184,10.000
0.073,-3.169,10.000
0.086,-3.183,10.000
0.104,-3.366,10.000
0.112,-3.190,10.000
0.124,-3.182,10.000
0.136,-3.174,10.000
0.157,-3.350,10.000
0.161,-3.180,10.000
0.173,-3.165,10.000
0.196,-3.355,10.000
0.197,-3.150,10.000
0.211,-3.177,10.000
0.223,-3.177,10.000
0.247,-3.324,10.000
0.250,-3.196,10.000
0.260,-3.159,10.000
0.297,-3.445,10.000
0.284,-3.157,10.000
0.296,-3.149,10.000
0.310,-3.162,10.000
0.322,-3.161,10.000
0.335,-3.160,10.000
0.368,-3.348,10.000
0.379,-3.326,10.000
0.373,-3.163,10.000
0.386,-3.168,10.000
0.395,-3.138,10.000
0.410,-3.158,10.000
0.456,-3.407,10.000
0.439,-3.190,10.000
0.460,-3.244,10.000
0.472,-3.236,10.000
0.511,-3.413,10.000
0.498,-3.239,10.000
0.537,-3.402,10.000
0.519,-3.207,10.000
0.562,-3.391,10.000
0.545,-3.210,10.000
0.561,-3.228,10.000
0.575,-3.233,10.000
0.589,-3.238,10.000
0.656,-3.526,10.000
0.612,-3.219,10.000
0.623,-3.210,10.000
0.628,-3.166,10.000
0.686,-3.389,10.000
0.662,-3.209,10.000
0.682,-3.241,10.000
0.689,-3.211,10.000
0.694,-3.174,10.000
0.752,-3.375,10.000
0.727,-3.203,10.000
0.771,-3.335,10.000
0.747,-3.176,10.000
0.764,-3.194,10.000
0.767,-3.150,10.000
0.846,-3.416,10.000
0.799,-3.171,10.000
0.814,-3.181,10.000
0.827,-3.178,10.000
0.880,-3.329,10.000
0.895,-3.333,10.000
0.866,-3.175,10.000
0.921,-3.325,10.000
0.885,-3.148,10.000
0.949,-3.325,10.000
0.910,-3.141,10.000
0.922,-3.137,10.000
0.939,-3.147,10.000
1.025,-3.388,10.000
1.002,-3.266,10.000
0.950,-3.054,10.000
0.984,-3.118,10.000
0.996,-3.115,10.000
1.036,-3.197,10.000
0.991,-3.019,10.000
1.010,-3.035,10.000
1.017,-3.018,10.000
1.088,-3.187,10.000
1.043,-3.016,10.000
1.053,-3.005,10.000
1.060,-2.988,10.000
1.074,-2.990,10.000
1.088,-2.993,10.000
1.158,-3.148,10.000
1.109,-2.978,10.000
1.128,-2.993,10.000
1.135,-2.975,10.000
1.141,-2.958,10.000
1.155,-2.960,10.000
1.167,-2.955,10.000
1.249,-3.128,10.000
1.198,-2.966,10.000
1.202,-2.941,10.000
1.286,-3.113,10.000
1.296,-3.101,10.000
1.302,-3.083,10.000
1.251,-2.929,10.000
1.251,-2.897,10.000
1.271,-2.912,10.000
1.365,-3.094,10.000
1.293,-2.902,10.000
1.296,-2.877,10.000
1.392,-3.059,10.000
1.324,-2.880,10.000
1.345,-2.894,10.000
1.341,-2.857,10.000
1.431,-3.018,10.000
1.376,-2.872,10.000
1.384,-2.860,10.000
1.357,-2.777,10.000
1.484,-3.008,10.000
1.424,-2.856,10.000
1.419,-2.819,10.000
1.443,-2.839,10.000
1.457,-2.840,10.000
1.455,-2.808,10.000
1.564,-2.990,10.000
1.487,-2.816,10.000
1.495,-2.804,10.000
1.499,-2.785,10.000
1.595,-2.935,10.000
1.616,-2.947,10.000
1.539,-2.780,10.000
1.550,-2.774,10.000
1.507,-2.673,10.000
1.575,-2.768,10.000
1.653,-2.878,10.000
1.695,-2.926,10.000
1.611,-2.755,10.000
1.603,-2.718,10.000
1.712,-2.876,10.000
1.723,-2.869,10.000
1.643,-2.711,10.000
1.612,-2.637,10.000
1.724,-2.795,10.000
1.682,-2.704,10.000
1.685,-2.685,10.000
1.745,-2.757,10.000
1.718,-2.690,10.000
1.701,-2.641,10.000
1.735,-2.670,10.000
1.834,-2.800,10.000
1.688,-2.554,10.000
1.710,-2.566,10.000
1.828,-2.720,10.000
1.726,-2.546,10.000
1.740,-2.545,10.000
1.746,-2.533,10.000
1.846,-2.656,10.000
1.873,-2.672,10.000
1.883,-2.664,10.000
1.790,-2.511,10.000
1.871,-2.603,10.000
1.915,-2.642,10.000
1.815,-2.484,10.000
1.842,-2.500,10.000
1.839,-2.475,10.000
1.861,-2.485,10.000
1.975,-2.615,10.000
1.863,-2.448,10.000
1.982,-2.583,10.000
2.001,-2.586,10.000
1.887,-2.420,10.000
1.910,-2.430,10.000
1.906,-2.405,10.000
2.107,-2.637,10.000
1.939,-2.407,10.000
1.953,-2.405,10.000
1.934,-2.363,10.000
2.076,-2.517,10.000
2.077,-2.498,10.000
1.995,-2.380,10.000
1.995,-2.361,10.000
2.009,-2.358,10.000
2.023,-2.356,10.000
1.931,-2.231,10.000
2.131,-2.443,10.000
2.021,-2.299,10.000
2.050,-2.313,10.000
2.197,-2.460,10.000
2.082,-2.313,10.000
2.193,-2.416,10.000
2.086,-2.281,10.000
2.207,-2.394,10.000
2.104,-2.264,10.000
2.027,-2.165,10.000
2.051,-2.173,10.000
2.239,-2.354,10.000
2.129,-2.220,10.000
2.112,-2.186,10.000
2.090,-2.146,10.000
2.286,-2.328,10.000
2.163,-2.187,10.000
2.099,-2.105,10.000
2.196,-2.185,10.000
2.121,-2.094,10.000
2.203,-2.158,10.000
2.153,-2.093,10.000
2.297,-2.215,10.000
2.137,-2.045,10.000
2.151,-2.042,10.000
2.175,-2.049,10.000
2.316,-2.164,10.000
2.223,-2.062,10.000
2.194,-2.018,10.000
2.336,-2.132,10.000
2.242,-2.030,10.000
2.217,-1.992,10.000
2.361,-2.105,10.000
2.380,-2.105,10.000
2.224,-1.951,10.000
2.386,-2.077,10.000
2.233,-1.929,10.000
2.275,-1.949,10.000
2.437,-2.072,10.000
2.418,-2.039,10.000
2.303,-1.927,10.000
2.299,-1.908,10.000
2.289,-1.885,10.000
2.422,-1.978,10.000
2.310,-1.872,10.000
2.317,-1.863,10.000
2.313,-1.844,10.000
2.332,-1.844,10.000
2.522,-1.979,10.000
2.329,-1.812,10.000
2.365,-1.826,10.000
2.471,-1.892,10.000
2.385,-1.812,10.000
2.380,-1.793,10.000
2.534,-1.893,10.000
2.389,-1.770,10.000
2.395,-1.761,10.000
2.573,-1.876,10.000
2.427,-1.755,10.000
2.416,-1.733,10.000
2.417,-1.719,10.000
2.579,-1.819,10.000
2.436,-1.704,10.000
2.431,-1.686,10.000
2.522,-1.735,10.000
2.419,-1.650,10.000
2.463,-1.666,10.000
2.451,-1.644,10.000
2.476,-1.646,10.000
2.494,-1.645,10.000
2.623,-1.715,10.000
2.482,-1.609,10.000
2.618,-1.683,10.000
2.501,-1.593,10.000
2.514,-1.588,10.000
2.431,-1.522,10.000
2.772,-1.721,10.000
2.718,-1.672,10.000
2.545,-1.552,10.000
2.551,-1.542,10.000
2.695,-1.615,10.000
2.544,-1.510,10.000
2.581,-1.519,10.000
2.568,-1.498,10.000
2.757,-1.594,10.000
2.599,-1.489,10.000
2.579,-1.464,10.000
2.591,-1.457,10.000
2.763,-1.540,10.000
2.769,-1.529,10.000
2.615,-1.430,10.000
2.607,-1.413,10.000
2.774,-1.489,10.000
2.599,-1.382,10.000
2.643,-1.393,10.000
2.669,-1.393,10.000
2.674,-1.382,10.000
2.796,-1.431,10.000
2.866,-1.453,10.000
2.664,-1.337,10.000
2.669,-1.327,10.000
2.825,-1.391,10.000
2.673,-1.303,10.000
2.678,-1.292,10.000
2.729,-1.304,10.000
2.708,-1.281,10.000
2.845,-1.332,10.000
2.863,-1.327,10.000
2.696,-1.236,10.000
2.741,-1.244,10.000
2.712,-1.218,10.000
2.903,-1.290,10.000
2.722,-1.197,10.000
2.740,-1.192,10.000
2.744,-1.181,10.000
2.735,-1.165,10.000
2.908,-1.225,10.000
2.913,-1.213,10.000
2.769,-1.141,10.000
2.781,-1.133,10.000
2.758,-1.111,10.000
2.959,-1.178,10.000
2.753,-1.084,10.000
2.921,-1.137,10.000
2.768,-1.065,10.000
2.930,-1.114,10.000
2.804,-1.053,10.000
2.918,-1.083,10.000
3.003,-1.102,10.000
2.781,-1.008,10.000
2.792,-0.999,10.000
2.789,-0.986,10.000
2.758,-0.963,10.000
2.818,-0.971,10.000
2.829,-0.963,10.000
2.978,-1.000,10.000
2.982,-0.989,10.000
2.819,-0.922,10.000
2.808,-0.907,10.000
2.840,-0.905,10.000
3.024,-0.950,10.000
3.014,-0.934,10.000
2.850,-0.871,10.000
2.832,-0.854,10.000
2.857,-0.849,10.000
3.070,-0.899,10.000
2.864,-0.826,10.000
2.860,-0.813,10.000
2.891,-0.810,10.000
2.852,-0.787,10.000
3.024,-0.822,10.000
2.872,-0.768,10.000
2.882,-0.759,10.000
2.784,-0.721,10.000
2.917,-0.744,10.000
2.905,-0.728,10.000
2.887,-0.712,10.000
3.053,-0.740,10.000
3.077,-0.733,10.000
2.902,-0.679,10.000
2.912,-0.670,10.000
2.886,-0.652,10.000
2.888,-0.640,10.000
2.934,-0.639,10.000
2.820,-0.602,10.000
2.910,-0.609,10.000
2.839,-0.583,10.000
2.922,-0.588,10.000
2.924,-0.577,10.000
3.020,-0.583,10.000
2.914,-0.551,10.000
2.820,-0.522,10.000
2.830,-0.512,10.000
3.015,-0.533,10.000
2.937,-0.508,10.000
2.843,-0.480,10.000
2.875,-0.474,10.000
2.906,-0.467,10.000
2.952,-0.463,10.000
3.070,-0.469,10.000
2.837,-0.422,10.000
2.957,-0.428,10.000
2.840,-0.400,10.000
3.048,-0.417,10.000
2.947,-0.391,10.000
2.971,-0.382,10.000
3.016,-0.376,10.000
2.944,-0.356,10.000
3.127,-0.365,10.000
2.873,-0.324,10.000
2.904,-0.316,10.000
2.860,-0.300,10.000
2.965,-0.299,10.000
3.098,-0.300,10.000
2.863,-0.266,10.000
2.849,-0.254,10.000
3.123,-0.266,10.000
2.821,-0.229,10.000
2.875,-0.222,10.000
3.031,-0.222,10.000
3.141,-0.218,10.000
3.055,-0.200,10.000
2.990,-0.184,10.000
2.841,-0.163,10.000
2.969,-0.159,10.000
2.962,-0.147,10.000
3.138,-0.143,10.000
2.888,-0.121,10.000
2.881,-0.109,10.000
2.897,-0.098,10.000
2.875,-0.086,10.000
3.053,-0.080,10.000
2.965,-0.066,10.000
3.068,-0.056,10.000
2.883,-0.041,10.000
2.861,-0.030,10.000
2.861,-0.018,10.000
2.891,-0.007,10.000
3.061,0.004,10.000
2.883,0.015,10.000
3.061,0.028,10.000
2.906,0.038,10.000
2.754,0.047,10.500
2.776,0.058,10.500
2.784,0.069,10.500
2.761,0.080,10.500
2.768,0.091,10.500
2.768,0.102,10.500
2.775,0.113,10.500
2.774,0.124,10.500
2.774,0.134,10.500
2.735,0.143,10.500
2.939,0.166,10.500
2.990,0.180,10.500
2.741,0.176,10.500
2.763,0.188,10.500
2.732,0.197,10.500
2.942,0.224,10.500
2.956,0.236,10.500
2.767,0.232,10.500
2.766,0.243,10.500
2.758,0.253,10.500
2.757,0.264,10.500
2.687,0.268,10.500
2.935,0.304,10.500
2.746,0.296,10.500
2.843,0.317,10.500
2.643,0.306,10.500
3.033,0.363,10.500
2.839,0.351,10.500
2.701,0.345,10.500
2.631,0.346,10.500
2.629,0.356,10.500
2.636,0.368,10.500
2.650,0.380,10.500
2.625,0.387,10.500
2.631,0.399,10.500
2.736,0.426,10.500
2.818,0.450,10.500
2.611,0.427,10.500
2.821,0.473,10.500
2.630,0.452,10.500
2.636,0.463,10.500
2.627,0.472,10.500
2.791,0.513,10.500
2.797,0.525,10.500
2.590,0.497,10.500
2.619,0.513,10.500
2.594,0.519,10.500
2.615,0.534,10.500
2.793,0.582,10.500
2.641,0.561,10.500
2.699,0.584,10.500
2.712,0.598,10.500
2.732,0.614,10.500
2.586,0.592,10.500
2.667,0.621,10.500
2.893,0.686,10.500
2.655,0.640,10.500
2.690,0.660,10.500
2.985,0.745,10.500
2.692,0.683,10.500
2.711,0.699,10.500
2.582,0.677,10.500
2.676,0.712,10.500
2.856,0.772,10.500
2.678,0.735,10.500
2.660,0.742,10.500
2.665,0.754,10.500
2.662,0.765,10.500
2.840,0.828,10.500
2.837,0.839,10.500
2.660,0.798,10.500
2.657,0.809,10.500
2.661,0.821,10.500
2.650,0.830,10.500
2.632,0.835,10.500
2.651,0.853,10.500
2.813,0.917,10.500
2.774,0.916,10.500
2.626,0.879,10.500
2.505,0.849,10.500
2.605,0.894,10.500
2.513,0.874,10.500
2.720,0.958,10.500
2.616,0.933,10.500
2.503,0.904,10.500
2.492,0.911,10.500
2.481,0.918,10.500
2.485,0.930,10.500
2.488,0.943,10.500
2.664,1.021,10.500
2.474,0.959,10.500
2.477,0.972,10.500
2.659,1.055,10.500
2.491,1.000,10.500
2.444,0.992,10.500
2.447,1.005,10.500
2.443,1.014,10.500
2.446,1.027,10.500
2.442,1.037,10.500
2.446,1.049,10.500
2.449,1.062,10.500
2.437,1.068,10.500
2.426,1.075,10.500
2.429,1.087,10.500
2.339,1.058,10.500
2.327,1.064,10.500
2.465,1.139,10.500
2.537,1.184,10.500
2.498,1.178,10.500
2.296,1.094,10.500
2.277,1.096,10.500
2.301,1.118,10.500
2.318,1.138,10.500
2.300,1.140,10.500
2.442,1.222,10.500
2.241,1.133,10.500
2.286,1.167,10.500
2.253,1.161,10.500
2.436,1.268,10.500
2.390,1.256,10.500
2.302,1.221,10.500
2.249,1.204,10.500
2.279,1.232,10.500
2.253,1.229,10.500
2.241,1.234,10.500
2.292,1.274,10.500
2.218,1.244,10.500
2.122,1.201,10.500
2.089,1.194,10.500
2.305,1.329,10.500
2.143,1.247,10.500
2.075,1.218,10.500
2.140,1.267,10.500
2.114,1.263,10.500
2.259,1.362,10.500
2.097,1.276,10.500
2.079,1.276,10.500
2.236,1.384,10.500
2.048,1.279,10.500
2.036,1.283,10.500
2.246,1.427,10.500
2.053,1.316,10.500
2.215,1.432,10.500
2.223,1.449,10.500
2.051,1.349,10.500
2.032,1.348,10.500
2.192,1.467,10.500
2.042,1.378,10.500
2.181,1.484,10.500
2.004,1.375,10.500
2.025,1.401,10.500
2.033,1.419,10.500
2.170,1.527,10.500
1.996,1.416,10.500
1.950,1.395,10.500
2.004,1.446,10.500
2.133,1.551,10.500
1.973,1.447,10.500
1.954,1.445,10.500
1.981,1.477,10.500
2.115,1.589,10.500
1.937,1.468,10.500
1.951,1.490,10.500
1.932,1.488,10.500
2.077,1.613,10.500
1.939,1.518,10.500
1.908,1.506,10.500
1.896,1.508,10.500
2.064,1.655,10.500
1.915,1.548,10.500
1.891,1.541,10.500
2.038,1.674,10.500
1.897,1.571,10.500
1.854,1.547,10.500
1.885,1.586,10.500
2.006,1.701,10.500
1.866,1.595,10.500
1.848,1.592,10.500
1.997,1.735,10.500
1.979,1.732,10.500
1.835,1.619,10.500
1.959,1.742,10.500
1.822,1.633,10.500
1.975,1.784,10.500
1.797,1.637,10.500
1.785,1.638,10.500
1.790,1.656,10.500
1.754,1.635,10.500
1.771,1.664,10.500
1.771,1.677,10.500
1.793,1.712,10.500
1.757,1.691,10.500
1.910,1.852,10.500
1.761,1.721,10.500
1.737,1.711,10.500
1.650,1.638,10.500
1.798,1.799,10.500
1.711,1.726,10.500
1.705,1.733,10.500
1.760,1.803,10.500
1.702,1.758,10.500
1.679,1.747,10.500
1.694,1.777,10.500
1.603,1.695,10.500
1.816,1.935,10.500
1.814,1.947,10.500
1.671,1.809,10.500
1.670,1.821,10.500
1.635,1.798,10.500
1.783,1.976,10.500
1.616,1.805,10.500
1.549,1.744,10.500
1.612,1.830,10.500
1.611,1.842,10.500
1.733,1.998,10.500
1.731,2.011,10.500
1.568,1.836,10.500
1.555,1.836,10.500
1.579,1.879,10.500
1.546,1.855,10.500
1.691,2.045,10.500
1.593,1.941,10.500
1.545,1.898,10.500
1.527,1.891,10.500
1.654,2.065,10.500
1.492,1.878,10.500
1.500,1.903,10.500
1.502,1.921,10.500
1.563,2.016,10.500
1.613,2.097,10.500
1.445,1.894,10.500
1.472,1.945,10.500
1.391,1.852,10.500
1.523,2.046,10.500
1.400,1.896,10.500
1.451,1.980,10.500
1.410,1.940,10.500
1.359,1.886,10.500
1.423,1.991,10.500
1.405,1.983,10.500
1.508,2.145,10.500
1.324,1.900,10.500
1.468,2.125,10.500
1.323,1.931,10.500
1.371,2.017,10.500
1.483,2.200,10.500
1.301,1.947,10.500
1.284,1.938,10.500
1.427,2.172,10.500
1.362,2.091,10.500
1.270,1.967,10.500
1.258,1.965,10.500
1.341,2.113,10.500
1.350,2.146,10.500
1.230,1.972,10.500
1.329,2.149,10.500
1.312,2.141,10.500
1.207,1.987,10.500
1.208,2.006,10.500
1.204,2.017,10.500
1.204,2.036,10.500
1.290,2.201,10.500
1.172,2.017,10.500
1.253,2.176,10.500
1.160,2.033,10.500
1.140,2.016,10.500
1.281,2.288,10.500
1.136,2.047,10.500
1.218,2.214,10.500
1.116,2.049,10.500
1.096,2.031,10.500
1.104,2.064,10.500
1.092,2.062,10.500
1.170,2.231,10.500
1.060,2.041,10.500
1.071,2.082,10.500
1.059,2.078,10.500
1.088,2.155,10.500
1.043,2.087,10.500
1.125,2.272,10.500
1.059,2.161,10.500
1.018,2.099,10.500
1.010,2.103,10.500
1.075,2.260,10.500
0.966,2.051,10.500
0.982,2.107,10.500
0.977,2.118,10.500
1.056,2.313,10.500
0.967,2.141,10.500
1.044,2.336,10.500
0.950,2.148,10.500
0.916,2.092,10.500
1.007,2.326,10.500
0.915,2.137,10.500
0.917,2.163,10.500
0.889,2.121,10.500
0.971,2.342,10.500
0.882,2.151,10.500
0.952,2.349,10.500
0.862,2.150,10.500
0.859,2.169,10.500
0.913,2.331,10.500
0.836,2.160,10.500
0.915,2.390,10.500
0.837,2.213,10.500
0.814,2.177,10.500
0.802,2.173,10.500
0.861,2.359,10.500
0.797,2.210,10.500
0.785,2.205,10.500
0.846,2.407,10.500
0.768,2.212,10.500
0.759,2.215,10.500
0.748,2.210,10.500
0.744,2.228,10.500
0.799,2.423,10.500
0.712,2.187,10.500
0.700,2.182,10.500
0.699,2.208,10.500
0.751,2.404,10.500
0.689,2.237,10.500
0.680,2.240,10.500
0.667,2.227,10.500
0.722,2.447,10.500
0.652,2.240,10.500
0.641,2.235,10.500
0.627,2.221,10.500
0.675,2.427,10.500
0.617,2.250,10.500
0.606,2.244,10.500
0.607,2.286,10.500
0.588,2.249,10.500
0.630,2.447,10.500
0.570,2.254,10.500
0.563,2.264,10.500
0.603,2.462,10.500
0.540,2.244,10.500
0.537,2.270,10.500
0.528,2.272,10.500
0.564,2.471,10.500
0.505,2.252,10.500
0.498,2.262,10.500
0.485,2.248,10.500
0.528,2.496,10.500
0.473,2.276,10.500
0.512,2.515,10.500
0.455,2.280,10.500
0.443,2.265,10.500
0.438,2.291,10.500
0.470,2.507,10.500
0.420,2.295,10.500
0.410,2.288,10.500
0.422,2.410,10.500
0.427,2.499,10.500
0.383,2.293,10.500
0.371,2.278,10.500
0.364,2.288,10.500
0.377,2.434,10.500
0.347,2.299,10.500
0.372,2.532,10.500
0.325,2.277,10.500
0.322,2.319,10.500
0.354,2.622,10.500
0.317,2.418,10.500
0.316,2.491,10.500
0.298,2.421,10.500
0.312,2.619,10.500
0.280,2.431,10.500
0.272,2.448,10.500
0.257,2.401,10.500
0.271,2.632,10.500
0.243,2.451,10.500
0.230,2.412,10.500
0.221,2.421,10.500
0.210,2.405,10.500
0.203,2.438,10.500
0.194,2.439,10.500
0.199,2.638,10.500
0.173,2.424,10.500
0.164,2.425,10.500
0.155,2.442,10.500
0.158,2.641,10.500
0.135,2.427,10.500
0.126,2.427,10.500
0.122,2.540,10.500
0.116,2.635,10.500
0.098,2.445,10.500
0.093,2.565,10.500
0.079,2.454,10.500
0.070,2.470,10.500
0.060,2.454,10.500
0.050,2.462,10.500
0.040,2.455,10.500
0.031,2.430,10.500
0.021,2.439,10.500
0.013,2.653,10.500
0.002,2.439,10.500
-0.008,2.463,10.500
-0.017,2.447,10.500
-0.029,2.637,10.500
-0.039,2.653,10.500
-0.048,2.535,10.500
-0.061,2.668,10.500
-0.066,2.470,10.500
-0.081,2.652,10.500
-0.084,2.437,10.500
-0.093,2.429,10.500
-0.108,2.549,10.500
-0.126,2.720,10.500
-0.121,2.403,10.500
-0.131,2.419,10.500
-0.154,2.657,10.500
-0.158,2.554,10.500
-0.167,2.530,10.500
-0.179,2.561,10.500
-0.189,2.560,10.500
-0.214,2.753,10.500
-0.206,2.519,10.500
-0.217,2.534,10.500
-0.226,2.525,10.500
-0.257,2.742,10.500
-0.248,2.539,10.500
-0.256,2.522,10.500
-0.266,2.521,10.500
-0.277,2.536,10.500
-0.291,2.566,10.500
-0.298,2.541,10.500
-0.310,2.556,10.500
-0.315,2.515,10.500
-0.353,2.731,10.500
-0.338,2.536,10.500
-0.358,2.605,10.500
-0.393,2.780,10.500
-0.383,2.633,10.500
-0.422,2.829,10.500
-0.431,2.813,10.500
-0.414,2.629,10.500
-0.426,2.643,10.500
-0.467,2.822,10.500
-0.443,2.616,10.500
-0.489,2.819,10.500
-0.501,2.824,10.500
-0.477,2.626,10.500
-0.521,2.805,10.500
-0.493,2.599,10.500
-0.506,2.613,10.500
-0.552,2.792,10.500
-0.557,2.760,10.500
-0.537,2.606,10.500
-0.565,2.688,10.500
-0.624,2.914,10.500
-0.589,2.698,10.500
-0.631,2.837,10.500
-0.586,2.588,10.500
-0.624,2.706,10.500
-0.633,2.696,10.500
-0.699,2.928,10.500
-0.654,2.691,10.500
-0.663,2.681,10.500
-0.677,2.693,10.500
-0.734,2.873,10.500
-0.694,2.673,10.500
-0.749,2.839,10.500
-0.713,2.660,10.500
-0.789,2.897,10.500
-0.742,2.684,10.500
-0.802,2.855,10.500
-0.761,2.671,10.500
-0.772,2.668,10.500
-0.773,2.635,10.500
-0.846,2.842,10.500
-0.798,2.644,10.500
-0.820,2.677,10.500
-0.815,2.623,10.500
-0.893,2.836,10.500
-0.830,2.602,10.500
-0.850,2.628,10.500
-0.858,2.617,10.500
-0.873,2.628,10.500
-0.881,2.617,10.500
-1.016,2.980,10.500
-0.901,2.610,10.500
-0.924,2.643,10.500
-1.039,2.934,10.500
-0.935,2.607,10.500
-0.966,2.661,10.500
-1.030,2.805,10.500
-1.062,2.856,10.500
-1.013,2.692,10.500
-1.021,2.680,10.500
-0.993,2.577,10.500
-1.112,2.852,10.500
-1.058,2.682,10.500
-1.134,2.844,10.500
-1.068,2.646,10.500
-1.081,2.649,10.500
-1.088,2.637,10.500
-1.184,2.839,10.500
-1.124,2.664,10.500
-1.128,2.645,10.500
-1.215,2.818,10.500
-1.155,2.650,10.500
-1.150,2.611,10.500
-1.169,2.627,10.500
-1.174,2.609,10.500
-1.190,2.618,10.500
-1.272,2.769,10.500
-1.223,2.636,10.500
-1.218,2.597,10.500
-1.301,2.747,10.500
-1.244,2.601,10.500
-1.248,2.583,10.500
-1.327,2.718,10.500
-1.265,2.566,10.500
-1.285,2.581,10.500
-1.288,2.563,10.500
-1.386,2.730,10.500
-1.312,2.559,10.500
-1.315,2.541,10.500
-1.404,2.687,10.500
-1.331,2.524,10.500
-1.439,2.702,10.500
-1.365,2.540,10.500
-1.375,2.534,10.500
-1.374,2.509,10.500
-1.439,2.602,10.500
-1.412,2.531,10.500
-1.408,2.499,10.500
-1.462,2.572,10.500
-1.658,2.891,10.500
-1.456,2.515,10.500
-1.462,2.503,10.500
-1.468,2.491,10.500
-1.583,2.663,10.500
-1.487,2.479,10.500
-1.585,2.619,10.500
-1.503,2.461,10.500
-1.613,2.619,10.500
-1.498,2.410,10.500
-1.520,2.424,10.500
-1.545,2.443,10.500
-1.646,2.581,10.500
-1.576,2.450,10.500
-1.557,2.400,10.500
-1.669,2.549,10.500
-1.580,2.394,10.500
-1.602,2.406,10.500
-1.603,2.388,10.500
-1.608,2.375,10.500
-1.618,2.369,10.500
-1.597,2.319,10.500
-1.636,2.356,10.500
-1.769,2.526,10.500
-1.659,2.349,10.500
-1.664,2.336,10.500
-1.781,2.481,10.500
-1.673,2.311,10.500
-1.704,2.335,10.500
-1.691,2.298,10.500
-1.824,2.459,10.500
-1.705,2.279,10.500
-1.727,2.290,10.500
-1.741,2.289,10.500
-1.876,2.447,10.500
-1.759,2.275,10.500
-1.891,2.426,10.500
-1.772,2.256,10.500
-1.799,2.272,10.500
-1.789,2.242,10.500
-1.915,2.379,10.500
-1.807,2.228,10.500
-1.811,2.215,10.500
-1.820,2.207,10.500
-1.966,2.366,10.500
-1.851,2.210,10.500
-1.845,2.186,10.500
-1.864,2.190,10.500
-1.998,2.329,10.500
-1.871,2.164,10.500
-1.894,2.174,10.500
-1.903,2.166,10.500
-2.020,2.281,10.500
-1.900,2.129,10.500
-2.042,2.271,10.500
-1.911,2.108,10.500
-1.945,2.129,10.500
-2.069,2.247,10.500
-2.098,2.260,10.500
-1.960,2.095,10.500
-1.978,2.098,10.500
-2.213,2.329,10.500
-1.995,2.082,10.500
-2.157,2.234,10.500
-1.995,2.050,10.500
-2.082,2.123,10.500
-2.074,2.099,10.500
-2.247,2.256,10.500
-2.043,2.035,10.500
-2.046,2.021,10.500
-2.118,2.076,10.500
-2.215,2.155,10.500
-2.134,2.060,10.500
-2.136,2.046,10.500
-2.145,2.038,10.500
-2.312,2.180,10.500
-2.177,2.036,10.500
-2.190,2.032,10.500
-2.337,2.152,10.500
-2.190,2.000,10.500
-2.333,2.114,10.500
-2.205,1.983,10.500
-2.218,1.979,10.500
-2.347,2.077,10.500
-2.234,1.962,10.500
-2.258,1.968,10.500
-2.238,1.935,10.500
-2.268,1.945,10.500
-2.287,1.946,10.500
-2.428,2.049,10.500
-2.274,1.904,10.500
-2.293,1.905,10.500
-2.446,2.016,10.500
-2.319,1.896,10.500
-2.298,1.863,10.500
-2.322,1.868,10.500
-2.472,1.973,10.500
-2.331,1.845,10.500
-2.482,1.949,10.500
-2.351,1.832,10.500
-2.353,1.818,10.500
-2.342,1.795,10.500
-2.489,1.892,10.500
-2.374,1.790,10.500
-2.369,1.772,10.500
-2.382,1.767,10.500
-2.395,1.762,10.500
-2.561,1.869,10.500
-2.556,1.850,10.500
-2.403,1.725,10.500
-2.410,1.716,10.500
-2.584,1.824,10.500
-2.442,1.709,10.500
-2.472,1.717,10.500
-2.443,1.682,10.500
-2.468,1.685,10.500
-2.613,1.769,10.500
-2.632,1.767,10.500
-2.475,1.647,10.500
-2.658,1.754,10.500
-2.506,1.640,10.500
-2.507,1.626,10.500
-2.488,1.600,10.500
-2.525,1.611,10.500
-2.513,1.589,10.500
-2.895,1.814,10.500
-2.513,1.561,10.500
-2.550,1.571,10.500
-2.687,1.641,10.500
-2.544,1.539,10.500
-2.625,1.575,10.500
-2.737,1.627,10.500
-2.568,1.513,10.500
-2.731,1.595,10.500
-2.560,1.482,10.500
-2.637,1.512,10.500
-2.668,1.516,10.500
-2.800,1.576,10.500
-2.686,1.499,10.500
-2.582,1.427,10.500
-2.780,1.523,10.500
-2.704,1.467,10.500
-2.684,1.442,10.500
-2.760,1.470,10.500
-2.886,1.522,10.500
-2.726,1.424,10.500
-2.892,1.496,10.500
-2.639,1.353,10.500
-2.743,1.392,10.500
-2.755,1.385,10.500
-2.754,1.371,10.500
-2.927,1.442,10.500
-2.784,1.359,10.500
-2.789,1.348,10.500
-2.937,1.405,10.500
-2.793,1.323,10.500
-2.779,1.302,10.500
-2.797,1.298,10.500
-2.809,1.290,10.500
-2.807,1.276,10.500
-2.989,1.344,10.500
-2.987,1.329,10.500
-2.986,1.315,10.500
-2.827,1.231,10.500
-2.996,1.291,10.500
-2.816,1.201,10.500
-2.861,1.207,10.500
-2.846,1.187,10.500
-3.016,1.244,10.500
-2.855,1.165,10.500
-2.873,1.159,10.500
-2.857,1.139,10.500
-3.042,1.199,10.500
-2.880,1.122,10.500
-2.850,1.098,10.500
-2.888,1.100,10.500
-2.879,1.083,10.500
-2.911,1.082,10.500
-2.901,1.066,10.500
-2.892,1.049,10.500
-3.025,1.084,10.500
-2.907,1.029,10.500
-3.026,1.058,10.500
-3.098,1.069,10.500
-2.918,0.995,10.500
-3.086,1.038,10.500
-3.036,1.008,10.500
-2.909,0.954,10.500
-2.899,0.938,10.500
-2.944,0.940,10.500
-2.948,0.928,10.500
-3.028,0.940,10.500
-3.024,0.926,10.500
-3.124,0.943,10.500
-2.962,0.882,10.500
-2.959,0.868,10.500
-3.025,0.874,10.500
-3.219,0.917,10.500
-3.073,0.862,10.500
-3.062,0.846,10.500
-3.223,0.877,10.500
-3.090,0.828,10.500
-3.072,0.810,10.500
-3.075,0.798,10.500
-3.092,0.790,10.500
-3.273,0.822,10.500
-3.085,0.762,10.500
-3.108,0.755,10.500
-3.069,0.733,10.500
-3.093,0.726,10.500
-3.110,0.717,10.500
-3.271,0.740,10.500
-3.109,0.691,10.500
-3.104,0.677,10.500
-3.121,0.668,10.500
-3.269,0.686,10.500
-3.285,0.676,10.500
-3.115,0.628,10.500
-3.124,0.618,10.500
-3.148,0.609,10.500
-3.122,0.592,10.500
-3.339,0.619,10.500
-3.154,0.572,10.500
-3.114,0.552,10.500
-3.138,0.544,10.500
-3.321,0.562,10.500
-3.184,0.526,10.500
-3.339,0.538,10.500
-3.174,0.499,10.500
-3.141,0.481,10.500
-3.324,0.496,10.500
-3.319,0.482,10.500
-3.146,0.444,10.500
-3.141,0.431,10.500
-3.345,0.446,10.500
-3.151,0.407,10.500
-3.167,0.397,10.500
-3.147,0.382,10.500
-3.317,0.389,10.500
-3.164,0.358,10.500
-3.355,0.367,10.500
-3.160,0.333,10.500
-3.175,0.322,10.500
-3.162,0.308,10.500
-3.178,0.297,10.500
-3.186,0.285,10.500
-3.397,0.291,10.500
-3.160,0.258,10.500
-3.161,0.245,10.500
-3.169,0.234,10.500
-3.198,0.223,10.500
-3.170,0.209,10.500
-3.193,0.198,10.500
-3.334,0.193,10.500
-3.208,0.173,10.500
-3.173,0.159,10.500
-3.174,0.147,10.500
-3.358,0.142,10.500
-3.175,0.122,10.500
-3.204,0.110,10.500
-3.176,0.097,10.500
-3.198,0.085,10.500
-3.169,0.072,10.500
-3.402,0.064,10.500
-3.170,0.047,10.500
-3.191,0.035,10.500
-3.192,0.022,10.500
-3.361,0.010,10.500
-3.354,-0.003,10.500
-3.184,-0.015,10.500
-3.206,-0.028,10.500
-3.170,-0.040,10.500
-3.170,-0.053,10.500
-3.184,-0.065,10.500
-3.184,-0.078,10.500
-3.353,-0.095,10.500
-3.183,-0.103,10.500
-3.352,-0.121,10.500
-3.182,-0.128,10.500
-3.413,-0.150,10.500
-3.181,-0.153,10.500
-3.187,-0.166,10.500
-3.201,-0.179,10.500
-3.257,-0.195,10.500
-3.457,-0.220,10.500
-3.213,-0.217,10.500
-3.219,-0.231,10.500
-3.254,-0.246,10.500
-3.189,-0.254,10.500
-3.335,-0.278,10.500
-3.250,-0.284,10.500
-3.270,-0.299,10.500
-3.170,-0.302,10.500
-3.575,-0.355,10.500
-3.182,-0.329,10.500
-3.223,-0.346,10.500
-3.172,-0.353,10.500
-3.401,-0.392,10.500
-3.275,-0.390,10.500
-3.175,-0.391,10.500
-3.265,-0.415,10.500
-3.221,-0.422,10.500
-3.420,-0.462,10.500
-3.260,-0.453,10.500
-3.159,-0.452,10.500
-3.407,-0.501,10.500
-3.163,-0.478,10.500
-3.245,-0.503,10.500
-3.215,-0.512,10.500
-3.122,-0.509,10.500
-3.113,-0.520,10.500
-3.394,-0.581,10.500
-3.372,-0.591,10.500
-3.219,-0.577,10.500
-3.160,-0.579,10.500
-3.310,-0.620,10.500
-3.382,-0.648,10.500
-3.174,-0.621,10.500
-3.102,-0.619,10.500
-3.300,-0.672,10.500
-3.132,-0.651,10.500
-3.143,-0.666,10.500
-3.203,-0.692,10.500
-3.269,-0.719,10.500
-3.184,-0.714,10.500
-3.146,-0.718,10.500
-3.274,-0.761,10.500
-3.418,-0.808,10.500
-3.193,-0.769,10.500
-3.352,-0.821,10.500
-3.166,-0.788,10.500
-3.184,-0.806,10.500
-3.132,-0.806,10.500
-3.163,-0.827,10.500
-3.071,-0.816,10.500
-3.325,-0.898,10.500
-3.099,-0.850,10.500
-3.026,-0.842,10.500
-3.160,-0.893,10.500
-3.237,-0.929,10.500
-3.058,-0.890,10.500
-3.047,-0.900,10.500
-3.200,-0.959,10.500
-3.108,-0.945,10.500
-3.152,-0.971,10.500
-3.053,-0.954,10.500
-3.022,-0.957,10.500
-3.073,-0.987,10.500
-3.055,-0.994,10.500
-3.004,-0.991,10.500
-3.214,-1.074,10.500
-3.030,-1.026,10.500
-3.153,-1.081,10.500
-3.182,-1.105,10.500
-2.997,-1.054,10.500
-3.153,-1.123,10.500
-2.989,-1.078,10.500
-3.005,-1.097,10.500
-3.133,-1.157,10.500
-3.003,-1.123,10.500
-3.012,-1.140,10.500
-2.987,-1.144,10.500
-3.147,-1.219,10.500
-2.938,-1.151,10.500
-2.967,-1.176,10.500
-3.113,-1.248,10.500
-2.951,-1.197,10.500
-3.116,-1.278,10.500
-2.961,-1.228,10.500
-2.937,-1.231,10.500
-3.088,-1.309,10.500
-2.927,-1.254,10.500
-2.916,-1.263,10.500
-3.104,-1.359,10.500
-2.919,-1.292,10.500
-2.907,-1.300,10.500
-2.895,-1.308,10.500
-3.057,-1.396,10.500
-2.885,-1.331,10.500
-3.034,-1.414,10.500
-3.034,-1.429,10.500
-2.876,-1.368,10.500
-3.029,-1.456,10.500
-3.011,-1.462,10.500
-2.846,-1.395,10.500
-2.867,-1.419,10.500
-3.012,-1.506,10.500
-2.925,-1.477,10.500
-2.988,-1.523,10.500
-2.819,-1.451,10.500
-2.819,-1.465,10.500
-2.826,-1.483,10.500
-2.801,-1.484,10.500
-2.808,-1.502,10.500
-2.802,-1.513,10.500
-2.951,-1.608,10.500
-2.790,-1.535,10.500
-2.932,-1.628,10.500
-2.759,-1.546,10.500
-2.784,-1.575,10.500
-2.919,-1.666,10.500
-2.882,-1.660,10.500
-2.753,-1.600,10.500
-2.863,-1.679,10.500
-2.893,-1.711,10.500
-2.880,-1.719,10.500
-2.716,-1.636,10.500
-2.734,-1.661,10.500
-2.871,-1.760,10.500
-2.715,-1.679,10.500
-2.702,-1.686,10.500
-2.695,-1.696,10.500
-2.838,-1.801,10.500
-2.676,-1.713,10.500
-2.651,-1.712,10.500
-2.816,-1.835,10.500
-2.667,-1.753,10.500
-2.655,-1.759,10.500
-2.648,-1.769,10.500
-2.781,-1.875,10.500
-2.634,-1.790,10.500
-2.615,-1.792,10.500
-2.765,-1.911,10.500
-2.612,-1.821,10.500
-2.617,-1.839,10.500
-2.731,-1.935,10.500
-2.585,-1.847,10.500
-2.566,-1.849,10.500
-2.576,-1.872,10.500
-2.706,-1.982,10.500
-2.567,-1.896,10.500
-2.707,-2.016,10.500
-2.552,-1.916,10.500
-2.539,-1.922,10.500
-2.526,-1.928,10.500
-2.495,-1.920,10.500
-2.667,-2.068,10.500
-2.503,-1.957,10.500
-2.484,-1.958,10.500
-2.631,-2.091,10.500
-2.623,-2.101,10.500
-2.604,-2.103,10.500
-2.459,-2.001,10.500
-2.484,-2.038,10.500
-2.454,-2.030,10.500
-2.603,-2.170,10.500
-2.443,-2.054,10.500
-2.419,-2.049,10.500
-2.556,-2.183,10.500
-2.408,-2.073,10.500
-2.544,-2.207,10.500
-2.386,-2.087,10.500
-2.389,-2.106,10.500
-2.381,-2.115,10.500
-2.514,-2.251,10.500
-2.364,-2.134,10.500
-2.481,-2.257,10.500
-2.358,-2.162,10.500
-2.323,-2.147,10.500
-2.330,-2.171,10.500
-2.322,-2.180,10.500
-2.313,-2.189,10.500
-2.432,-2.320,10.500
-2.296,-2.207,10.500
-2.241,-2.171,10.500
-2.400,-2.343,10.500
-2.401,-2.362,10.500
-2.376,-2.357,10.500
-2.362,-2.361,10.500
-2.253,-2.270,10.500
-2.363,-2.400,10.500
-2.195,-2.247,10.500
-2.212,-2.281,10.500
-2.203,-2.290,10.500
-2.316,-2.426,10.500
-2.175,-2.297,10.500
-2.156,-2.295,10.500
-2.176,-2.335,10.500
-2.167,-2.343,10.500
-2.153,-2.346,10.500
-2.144,-2.355,10.500
-2.135,-2.363,10.500
-2.248,-2.508,10.500
-2.224,-2.501,10.500
-2.097,-2.377,10.500
-2.375,-2.714,10.500
-2.092,-2.410,10.500
-2.074,-2.407,10.500
-2.055,-2.405,10.500
-2.059,-2.429,10.500
-2.177,-2.588,10.500
-2.045,-2.451,10.500
-2.031,-2.453,10.500
-2.129,-2.592,10.500
-2.007,-2.463,10.500
-2.099,-2.598,10.500
-1.987,-2.479,10.500
-2.105,-2.647,10.500
-1.959,-2.483,10.500
-1.967,-2.514,10.500
-1.966,-2.533,10.500
-1.960,-2.546,10.500
-1.933,-2.531,10.500
-1.927,-2.544,10.500
-2.040,-2.715,10.500
-1.899,-2.548,10.500
-1.884,-2.549,10.500
-1.874,-2.557,10.500
-1.856,-2.552,10.500
-1.946,-2.698,10.500
-1.840,-2.573,10.500
-1.838,-2.592,10.500
-1.938,-2.755,10.500
-1.923,-2.757,10.500
-1.920,-2.775,10.500
-1.805,-2.632,10.500
-1.787,-2.627,10.500
-1.777,-2.634,10.500
-1.872,-2.799,10.500
-1.748,-2.636,10.500
-1.843,-2.802,10.500
-1.751,-2.686,10.500
-1.729,-2.674,10.500
-1.798,-2.806,10.500
-1.704,-2.682,10.500
-1.693,-2.689,10.500
-1.683,-2.695,10.500
-1.668,-2.696,10.500
-1.669,-2.720,10.500
-1.636,-2.690,10.500
-1.735,-2.879,10.500
-1.630,-2.728,10.500
-1.612,-2.722,10.500
-1.690,-2.881,10.500
-1.605,-2.759,10.500
-1.590,-2.759,10.500
-1.576,-2.759,10.500
-1.652,-2.919,10.500
-1.558,-2.778,10.500
-1.636,-2.944,10.500
-1.529,-2.777,10.500
-1.514,-2.777,10.500
-1.604,-2.969,10.500
-1.499,-2.801,10.500
-1.565,-2.951,10.500
-1.487,-2.832,10.500
-1.463,-2.812,10.500
-1.455,-2.824,10.500
-1.537,-3.012,10.500
-1.563,-3.092,10.500
-1.422,-2.841,10.500
-1.420,-2.866,10.500
-1.403,-2.859,10.500
-1.438,-2.960,10.500
-1.396,-2.902,10.500
-1.366,-2.869,10.500
-1.367,-2.900,10.500
-1.343,-2.879,10.500
-1.332,-2.885,10.500
-1.440,-3.151,10.500
-1.309,-2.895,10.500
-1.367,-3.055,10.500
-1.287,-2.905,10.500
-1.270,-2.897,10.500
-1.264,-2.915,10.500
-1.349,-3.146,10.500
-1.235,-2.912,10.500
-1.238,-2.950,10.500
-1.221,-2.941,10.500
-1.274,-3.103,10.500
-1.198,-2.951,10.500
-1.244,-3.100,10.500
-1.237,-3.118,10.500
-1.168,-2.978,10.500
-1.213,-3.127,10.500
-1.137,-2.967,10.500
-1.123,-2.965,10.500
-1.121,-2.996,10.500
-1.105,-2.987,10.500
-1.165,-3.189,10.500
-1.081,-2.995,10.500
-1.065,-2.986,10.500
-1.053,-2.990,10.500
-1.104,-3.175,10.500
-1.046,-3.046,10.500
-1.077,-3.177,10.500
-1.006,-3.006,10.500
-0.994,-3.010,10.500
-0.984,-3.021,10.500
-0.970,-3.018,10.500
-1.016,-3.204,10.500
-0.955,-3.053,10.500
-0.987,-3.198,10.500
-0.925,-3.040,10.500
-0.911,-3.036,10.500
-0.905,-3.061,10.500
-0.889,-3.050,10.500
-0.879,-3.061,10.500
-0.840,-2.967,10.500
-0.939,-3.370,10.500
-0.845,-3.078,10.500
-0.875,-3.238,10.500
-0.793,-2.980,10.500
-0.845,-3.224,10.500
-0.770,-2.986,10.500
-0.781,-3.080,10.500
-0.784,-3.145,10.500
-0.760,-3.100,10.500
-0.745,-3.089,10.500
-0.737,-3.113,10.500
-0.735,-3.157,10.500
-0.707,-3.090,10.500
-0.695,-3.093,10.500
-0.699,-3.172,10.500
-0.657,-3.035,10.500
-0.657,-3.094,10.500
-0.646,-3.104,10.500
-0.649,-3.183,10.500
-0.620,-3.102,10.500
-0.614,-3.132,10.500
-0.637,-3.321,10.500
-0.586,-3.123,10.500
-0.605,-3.292,10.500
-0.567,-3.155,10.500
-0.574,-3.269,10.500
-0.532,-3.103,10.500
-0.525,-3.134,10.500
-0.537,-3.283,10.500
-0.524,-3.285,10.500
-0.488,-3.140,10.500
-0.477,-3.149,10.500
-0.491,-3.332,10.500
-0.452,-3.152,10.500
-0.458,-3.287,10.500
-0.424,-3.127,10.500
-0.401,-3.050,10.500
-0.414,-3.251,10.500
-0.389,-3.153,10.500
-0.375,-3.141,10.500
-0.350,-3.027,10.500
-0.359,-3.215,10.500
-0.331,-3.073,10.500
-0.338,-3.266,10.500
-0.306,-3.068,10.500
-0.310,-3.241,10.500
-0.282,-3.078,10.500
-0.270,-3.079,10.500
-0.258,-3.080,10.500
-0.244,-3.059,10.500
-0.245,-3.225,10.500
-0.220,-3.061,10.500
-0.222,-3.255,10.500
-0.195,-3.048,10.500
-0.185,-3.070,10.500
-0.173,-3.078,10.500
-0.170,-3.258,10.500
-0.150,-3.094,10.500
-0.137,-3.073,10.500
-0.132,-3.253,10.500
-0.112,-3.067,10.500
-0.106,-3.247,10.500
-0.089,-3.089,10.500
-0.077,-3.090,10.500
-0.065,-3.090,10.500
-0.052,-3.090,10.500
-0.040,-3.083,10.500
-0.027,-2.973,10.500
-0.017,-3.263,10.500
-0.004,-3.263,10.500
0.008,-3.017,10.500
0.020,-3.054,10.500
0.032,-3.098,10.500
0.044,-3.083,10.500
0.056,-3.068,10.500
0.074,-3.332,10.500
0.081,-3.090,10.500
0.089,-2.949,10.500
0.101,-2.979,10.500
0.114,-2.993,10.500
0.128,-3.044,10.500
0.146,-3.195,10.500
0.153,-3.080,10.500
0.161,-2.991,10.500
0.171,-2.968,10.500
0.198,-3.221,10.500
0.196,-2.996,10.500
0.205,-2.951,10.500
0.241,-3.289,10.500
0.230,-2.972,10.500
0.257,-3.160,10.500
0.259,-3.036,10.500
0.272,-3.049,10.500
0.274,-2.945,10.500
0.298,-3.069,10.500
0.312,-3.089,10.500
0.320,-3.052,10.500
0.372,-3.410,10.500
0.347,-3.071,10.500
0.365,-3.120,10.500
0.393,-3.253,10.500
0.381,-3.052,10.500
0.417,-3.236,10.500
0.407,-3.064,10.500
0.420,-3.069,10.500
0.454,-3.224,10.500
0.440,-3.037,10.500
0.456,-3.064,10.500
0.494,-3.232,10.500
0.508,-3.237,10.500
0.519,-3.228,10.500
0.519,-3.149,10.500
0.516,-3.055,10.500
0.544,-3.145,10.500
0.551,-3.115,10.500
0.552,-3.048,10.500
0.584,-3.152,10.500
0.573,-3.030,10.500
0.582,-3.013,10.500
0.633,-3.208,10.500
0.606,-3.008,10.500
0.621,-3.020,10.500
0.629,-3.004,10.500
0.686,-3.211,10.500
0.658,-3.020,10.500
0.705,-3.178,10.500
0.681,-3.015,10.500
0.693,-3.012,10.500
0.749,-3.197,10.500
0.713,-2.992,10.500
0.730,-3.011,10.500
0.781,-3.168,10.500
0.745,-2.969,10.500
0.806,-3.162,10.500
0.774,-2.985,10.500
0.783,-2.975,10.500
0.793,-2.964,10.500
0.848,-3.121,10.500
0.822,-2.979,10.500
0.834,-2.976,10.500
0.902,-3.172,10.500
0.861,-2.983,10.500
0.865,-2.952,10.500
0.936,-3.148,10.500
0.890,-2.952,10.500
0.897,-2.935,10.500
0.913,-2.945,10.500
0.920,-2.927,10.500
1.001,-3.142,10.500
0.946,-2.927,10.500
0.959,-2.930,10.500
0.962,-2.899,10.500
0.985,-2.930,10.500
1.049,-3.082,10.500
1.000,-2.901,10.500
0.990,-2.835,10.500
1.030,-2.914,10.500
1.039,-2.903,10.500
1.107,-3.054,10.500
1.057,-2.881,10.500
1.068,-2.877,10.500
1.041,-2.769,10.500
1.086,-2.855,10.500
1.102,-2.864,10.500
1.087,-2.791,10.500
1.089,-2.766,10.500
1.176,-2.952,10.500
1.108,-2.751,10.500
1.196,-2.936,10.500
1.136,-2.756,10.500
1.217,-2.920,10.500
1.222,-2.902,10.500
1.168,-2.742,10.500
1.176,-2.731,10.500
1.207,-2.773,10.500
1.197,-2.721,10.500
1.205,-2.710,10.500
1.212,-2.698,10.500
1.305,-2.874,10.500
1.243,-2.709,10.500
1.327,-2.863,10.500
1.332,-2.845,10.500
1.278,-2.701,10.500
1.364,-2.854,10.500
1.286,-2.664,10.500
1.296,-2.659,10.500
1.404,-2.851,10.500
1.327,-2.669,10.500
1.419,-2.827,10.500
1.348,-2.658,10.500
1.355,-2.646,10.500
1.485,-2.873,10.500
1.454,-2.785,10.500
1.386,-2.630,10.500
1.486,-2.792,10.500
1.407,-2.619,10.500
1.511,-2.787,10.500
1.431,-2.615,10.500
1.434,-2.596,10.500
1.418,-2.545,10.500
1.551,-2.757,10.500
1.468,-2.585,10.500
1.569,-2.738,10.500
1.492,-2.580,10.500
1.583,-2.713,10.500
1.523,-2.588,10.500
1.518,-2.556,10.500
1.684,-2.811,10.500
1.534,-2.538,10.500
1.643,-2.694,10.500
1.554,-2.526,10.500
1.568,-2.526,10.500
1.574,-2.513,10.500
1.584,-2.507,10.500
1.606,-2.520,10.500
1.608,-2.501,10.500
1.609,-2.482,10.500
1.727,-2.641,10.500
1.637,-2.482,10.500
1.597,-2.401,10.500
1.762,-2.627,10.500
1.764,-2.608,10.500
1.667,-2.444,10.500
1.677,-2.437,10.500
1.699,-2.449,10.500
1.644,-2.350,10.500
1.684,-2.387,10.500
1.671,-2.350,10.500
1.729,-2.410,10.500
1.742,-2.409,10.500
1.756,-2.408,10.500
1.818,-2.472,10.500
1.735,-2.340,10.500
1.717,-2.297,10.500
1.740,-2.309,10.500
1.878,-2.473,10.500
1.812,-2.366,10.500
1.826,-2.365,10.500
1.894,-2.433,10.500
1.785,-2.274,10.500
1.904,-2.407,10.500
1.844,-2.313,10.500
1.797,-2.235,10.500
1.806,-2.228,10.500
1.829,-2.239,10.500
1.937,-2.352,10.500
1.832,-2.207,10.500
1.974,-2.359,10.500
1.849,-2.193,10.500
1.843,-2.168,10.500
1.987,-2.319,10.500
1.875,-2.171,10.500
1.986,-2.281,10.500
1.892,-2.156,10.500
1.880,-2.126,10.500
2.066,-2.318,10.500
1.907,-2.122,10.500
2.055,-2.269,10.500
1.944,-2.129,10.500
1.952,-2.122,10.500
1.961,-2.114,10.500
1.959,-2.095,10.500
1.972,-2.093,10.500
2.006,-2.113,10.500
2.009,-2.099,10.500
2.130,-2.209,10.500
2.005,-2.062,10.500
2.148,-2.192,10.500
2.015,-2.041,10.500
2.251,-2.262,10.500
2.037,-2.030,10.500
2.050,-2.028,10.500
2.195,-2.155,10.500
2.199,-2.141,10.500
2.074,-2.003,10.500
2.092,-2.006,10.500
2.229,-2.120,10.500
2.081,-1.963,10.500
2.094,-1.960,10.500
2.102,-1.952,10.500
2.120,-1.954,10.500
2.249,-2.056,10.500
2.130,-1.932,10.500
2.121,-1.909,10.500
2.305,-2.059,10.500
2.158,-1.912,10.500
2.288,-2.012,10.500
2.156,-1.880,10.500
2.163,-1.872,10.500
2.188,-1.878,10.500
2.195,-1.869,10.500
2.394,-2.023,10.500
2.181,-1.828,10.500
2.200,-1.829,10.500
2.379,-1.962,10.500
2.214,-1.812,10.500
2.383,-1.934,10.500
2.228,-1.794,10.500
2.432,-1.943,10.500
2.218,-1.758,10.500
2.249,-1.768,10.500
2.414,-1.883,10.500
2.203,-1.704,10.500
2.394,-1.837,10.500
2.192,-1.668,10.500
2.198,-1.659,10.500
2.380,-1.782,10.500
2.285,-1.697,10.500
2.412,-1.776,10.500
2.377,-1.736,10.500
2.230,-1.616,10.500
2.510,-1.803,10.500
2.274,-1.621,10.500
2.268,-1.603,10.500
2.537,-1.778,10.500
2.343,-1.628,10.500
2.442,-1.683,10.500
2.286,-1.563,10.500
2.299,-1.558,10.500
2.292,-1.540,10.500
2.317,-1.544,10.500
2.311,-1.527,10.500
2.252,-1.475,10.500
2.335,-1.517,10.500
2.322,-1.495,10.500
2.493,-1.592,10.500
2.481,-1.570,10.500
2.359,-1.480,10.500
2.575,-1.601,10.500
2.364,-1.457,10.500
2.350,-1.436,10.500
2.517,-1.525,10.500
2.361,-1.418,10.500
2.529,-1.505,10.500
2.366,-1.395,10.500
2.384,-1.394,10.500
2.416,-1.400,10.500
2.395,-1.375,10.500
2.578,-1.466,10.500
2.392,-1.349,10.500
2.398,-1.339,10.500
2.430,-1.345,10.500
2.435,-1.335,10.500
2.427,-1.318,10.500
2.425,-1.305,10.500
2.451,-1.306,10.500
2.616,-1.381,10.500
2.427,-1.269,10.500
2.620,-1.357,10.500
2.471,-1.268,10.500
2.455,-1.248,10.500
2.649,-1.333,10.500
2.451,-1.221,10.500
2.552,-1.259,10.500
2.502,-1.222,10.500
2.500,-1.209,10.500
2.491,-1.193,10.500
2.523,-1.196,10.500
2.507,-1.176,10.500
2.519,-1.170,10.500
2.688,-1.236,10.500
2.528,-1.150,10.500
2.546,-1.146,10.500
2.551,-1.136,10.500
2.727,-1.202,10.500
2.531,-1.104,10.500
2.743,-1.184,10.500
2.547,-1.087,10.500
2.718,-1.148,10.500
2.563,-1.070,10.500
2.553,-1.054,10.500
2.739,-1.119,10.500
2.568,-1.037,10.500
2.699,-1.078,10.500
2.576,-1.017,10.500
2.587,-1.010,10.500
2.788,-1.075,10.500
2.573,-0.981,10.500
2.740,-1.032,10.500
2.588,-0.964,10.500
2.614,-0.961,10.500
2.596,-0.943,10.500
2.777,-0.997,10.500
2.610,-0.925,10.500
2.585,-0.905,10.500
2.810,-0.971,10.500
2.592,-0.885,10.500
2.624,-0.884,10.500
2.621,-0.872,10.500
2.617,-0.859,10.500
2.649,-0.858,10.500
2.638,-0.843,10.500
2.627,-0.828,10.500
2.832,-0.881,10.500
2.655,-0.814,10.500
2.832,-0.856,10.500
2.639,-0.787,10.500
2.642,-0.776,10.500
2.856,-0.827,10.500
2.700,-0.770,10.500
2.855,-0.803,10.500
2.676,-0.741,10.500
2.679,-0.731,10.500
2.682,-0.720,10.500
2.677,-0.708,10.500
2.680,-0.697,10.500
2.661,-0.681,10.500
2.897,-0.729,10.500
2.651,-0.656,10.500
2.896,-0.705,10.500
2.891,-0.692,10.500
2.688,-0.632,10.500
2.897,-0.669,10.500
2.986,-0.677,10.500
2.696,-0.600,10.500
2.698,-0.590,10.500
2.715,-0.582,10.500
2.695,-0.567,10.500
2.697,-0.556,10.500
2.707,-0.547,10.500
2.724,-0.540,10.500
2.734,-0.531,10.500
2.743,-0.521,10.500
2.715,-0.505,10.500
2.732,-0.497,10.500
2.727,-0.485,10.500
2.728,-0.474,10.500
2.916,-0.495,10.500
2.725,-0.452,10.500
2.719,-0.440,10.500
2.929,-0.462,10.500
2.730,-0.419,10.500
2.918,-0.437,10.500
2.949,-0.430,10.500
2.719,-0.385,10.500
2.923,-0.402,10.500
2.775,-0.371,10.500
3.029,-0.393,10.500
2.755,-0.346,10.500
3.126,-0.380,10.500
2.796,-0.329,10.500
2.842,-0.323,10.500
2.874,-0.315,10.500
2.942,-0.311,10.500
2.793,-0.285,10.500
3.040,-0.298,10.500
2.780,-0.261,10.500
3.035,-0.273,10.500
3.065,-0.264,10.500
2.760,-0.227,10.500
2.761,-0.216,10.500
2.868,-0.213,10.500
2.951,-0.207,10.500
2.809,-0.186,10.500
2.878,-0.179,10.500
3.049,-0.178,10.500
2.781,-0.152,10.500
2.947,-0.149,10.500
2.805,-0.131,10.500
2.767,-0.118,10.500
3.074,-0.119,10.500
2.760,-0.096,10.500
2.753,-0.085,10.500
2.776,-0.075,10.500
2.769,-0.064,10.500
2.958,-0.057,10.500
2.777,-0.042,10.500
2.754,-0.031,10.500
2.943,-0.022,10.500
2.973,-0.010,10.500
2.754,0.001,10.500
2.785,0.012,10.500
2.614,0.022,11.000
2.823,0.034,11.000
2.629,0.042,11.000
2.535,0.051,11.000
2.542,0.061,11.000
2.550,0.071,11.000
2.565,0.082,11.000
2.573,0.092,11.000
2.533,0.101,11.000
2.751,0.120,11.000
2.556,0.122,11.000
2.532,0.130,11.000
2.571,0.142,11.000
2.772,0.165,11.000
2.554,0.162,11.000
2.732,0.184,11.000
2.505,0.178,11.000
2.762,0.207,11.000
2.535,0.200,11.000
2.518,0.209,11.000
2.541,0.221,11.000
2.743,0.249,11.000
2.547,0.242,11.000
2.491,0.246,11.000
2.530,0.260,11.000
2.731,0.291,11.000
2.737,0.303,11.000
2.511,0.288,11.000
2.462,0.292,11.000
2.453,0.301,11.000
2.562,0.324,11.000
2.410,0.315,11.000
2.653,0.357,11.000
2.503,0.347,11.000
2.406,0.343,11.000
2.413,0.354,11.000
2.412,0.363,11.000
2.645,0.409,11.000
2.409,0.382,11.000
2.383,0.388,11.000
2.594,0.432,11.000
2.412,0.412,11.000
2.575,0.450,11.000
2.495,0.446,11.000
2.610,0.477,11.000
2.357,0.441,11.000
2.403,0.459,11.000
2.597,0.506,11.000
2.541,0.506,11.000
2.562,0.520,11.000
2.348,0.487,11.000
2.378,0.503,11.000
2.555,0.551,11.000
2.484,0.545,11.000
2.411,0.539,11.000
2.362,0.538,11.000
2.368,0.549,11.000
2.680,0.633,11.000
2.363,0.568,11.000
2.361,0.577,11.000
2.375,0.590,11.000
2.450,0.619,11.000
2.346,0.603,11.000
2.406,0.628,11.000
2.381,0.631,11.000
2.659,0.717,11.000
2.437,0.667,11.000
2.358,0.655,11.000
2.539,0.716,11.000
2.345,0.671,11.000
2.342,0.681,11.000
2.619,0.772,11.000
2.336,0.699,11.000
2.334,0.708,11.000
2.625,0.808,11.000
2.320,0.724,11.000
2.537,0.802,11.000
2.361,0.757,11.000
2.304,0.749,11.000
2.286,0.753,11.000
2.313,0.772,11.000
2.295,0.776,11.000
2.307,0.790,11.000
2.312,0.802,11.000
2.503,0.879,11.000
2.500,0.889,11.000
2.295,0.826,11.000
2.291,0.835,11.000
2.280,0.841,11.000
2.464,0.920,11.000
2.274,0.859,11.000
2.308,0.882,11.000
2.267,0.877,11.000
2.485,0.973,11.000
2.253,0.892,11.000
2.264,0.906,11.000
2.268,0.918,11.000
2.242,0.918,11.000
2.117,0.877,11.000
2.257,0.945,11.000
2.342,0.991,11.000
2.167,0.928,11.000
2.363,1.022,11.000
2.145,0.938,11.000
2.119,0.936,11.000
2.123,0.948,11.000
2.149,0.970,11.000
2.145,0.978,11.000
2.119,0.976,11.000
2.305,1.073,11.000
2.096,0.986,11.000
2.290,1.088,11.000
2.103,1.009,11.000
2.092,1.014,11.000
2.277,1.115,11.000
2.076,1.027,11.000
2.275,1.136,11.000
2.112,1.065,11.000
2.093,1.066,11.000
2.060,1.059,11.000
2.070,1.075,11.000
2.052,1.075,11.000
2.234,1.182,11.000
2.201,1.176,11.000
2.046,1.103,11.000
2.034,1.107,11.000
1.935,1.063,11.000
2.119,1.175,11.000
2.121,1.187,11.000
1.923,1.086,11.000
1.911,1.089,11.000
1.892,1.089,11.000
2.010,1.167,11.000
2.083,1.220,11.000
1.908,1.128,11.000
1.875,1.118,11.000
1.914,1.151,11.000
2.085,1.265,11.000
1.883,1.153,11.000
2.033,1.256,11.000
1.888,1.177,11.000
1.870,1.175,11.000
1.879,1.192,11.000
2.041,1.305,11.000
1.884,1.215,11.000
1.837,1.195,11.000
2.012,1.320,11.000
1.855,1.228,11.000
1.844,1.231,11.000
1.832,1.233,11.000
1.997,1.356,11.000
1.815,1.243,11.000
1.980,1.367,11.000
1.988,1.384,11.000
1.989,1.397,11.000
1.802,1.276,11.000
1.972,1.408,11.000
1.792,1.290,11.000
1.974,1.433,11.000
1.775,1.299,11.000
1.962,1.448,11.000
1.778,1.323,11.000
1.793,1.345,11.000
1.926,1.456,11.000
1.926,1.469,11.000
1.771,1.361,11.000
1.746,1.353,11.000
1.753,1.370,11.000
1.922,1.514,11.000
1.736,1.378,11.000
1.898,1.519,11.000
1.725,1.392,11.000
1.700,1.383,11.000
1.886,1.546,11.000
1.696,1.401,11.000
1.677,1.397,11.000
1.691,1.420,11.000
1.818,1.539,11.000
1.693,1.444,11.000
1.681,1.445,11.000
1.669,1.446,11.000
1.855,1.620,11.000
1.664,1.465,11.000
1.633,1.449,11.000
1.640,1.467,11.000
1.817,1.639,11.000
1.647,1.497,11.000
1.647,1.509,11.000
1.623,1.498,11.000
1.773,1.650,11.000
1.641,1.539,11.000
1.611,1.523,11.000
1.562,1.489,11.000
1.587,1.524,11.000
1.593,1.542,11.000
1.593,1.554,11.000
1.575,1.548,11.000
1.721,1.705,11.000
1.568,1.566,11.000
1.702,1.713,11.000
1.562,1.585,11.000
1.544,1.579,11.000
1.515,1.561,11.000
1.697,1.763,11.000
1.531,1.603,11.000
1.536,1.621,11.000
1.519,1.615,11.000
1.708,1.830,11.000
1.489,1.608,11.000
1.511,1.645,11.000
1.482,1.626,11.000
1.531,1.694,11.000
1.480,1.650,11.000
1.627,1.828,11.000
1.478,1.674,11.000
1.477,1.686,11.000
1.454,1.673,11.000
1.592,1.847,11.000
1.468,1.716,11.000
1.440,1.697,11.000
1.438,1.709,11.000
1.426,1.708,11.000
1.556,1.878,11.000
1.574,1.915,11.000
1.546,1.896,11.000
1.410,1.743,11.000
1.521,1.896,11.000
1.519,1.908,11.000
1.511,1.914,11.000
1.377,1.758,11.000
1.486,1.913,11.000
1.358,1.762,11.000
1.372,1.794,11.000
1.488,1.963,11.000
1.363,1.812,11.000
1.345,1.804,11.000
1.333,1.802,11.000
1.448,1.973,11.000
1.334,1.833,11.000
1.293,1.791,11.000
1.434,2.003,11.000
1.421,2.002,11.000
1.310,1.860,11.000
1.401,2.006,11.000
1.420,2.051,11.000
1.274,1.855,11.000
1.373,2.016,11.000
1.268,1.879,11.000
1.256,1.877,11.000
1.244,1.875,11.000
1.251,1.900,11.000
1.211,1.856,11.000
1.298,2.007,11.000
1.201,1.873,11.000
1.207,1.899,11.000
1.309,2.077,11.000
1.297,2.075,11.000
1.194,1.927,11.000
1.178,1.917,11.000
1.281,2.104,11.000
1.281,2.123,11.000
1.159,1.938,11.000
1.248,2.105,11.000
1.136,1.933,11.000
1.149,1.973,11.000
1.227,2.126,11.000
1.230,2.152,11.000
1.101,1.943,11.000
1.106,1.969,11.000
1.185,2.131,11.000
1.197,2.171,11.000
1.090,1.997,11.000
1.078,1.994,11.000
1.152,2.150,11.000
1.055,1.987,11.000
1.150,2.187,11.000
1.051,2.018,11.000
1.054,2.044,11.000
1.016,1.989,11.000
1.108,2.190,11.000
1.012,2.019,11.000
1.004,2.023,11.000
0.999,2.035,11.000
1.010,2.076,11.000
0.983,2.042,11.000
1.067,2.238,11.000
0.964,2.042,11.000
0.949,2.031,11.000
0.944,2.042,11.000
0.940,2.054,11.000
0.939,2.072,11.000
0.924,2.061,11.000
0.998,2.251,11.000
0.911,2.076,11.000
0.896,2.064,11.000
0.972,2.263,11.000
0.877,2.063,11.000
0.868,2.067,11.000
0.958,2.304,11.000
0.859,2.089,11.000
0.838,2.061,11.000
0.839,2.088,11.000
0.903,2.274,11.000
0.841,2.141,11.000
0.814,2.098,11.000
0.818,2.132,11.000
0.968,2.553,11.000
0.796,2.123,11.000
0.784,2.118,11.000
0.762,2.082,11.000
0.779,2.155,11.000
0.759,2.127,11.000
0.827,2.346,11.000
0.815,2.341,11.000
0.803,2.337,11.000
0.718,2.115,11.000
0.715,2.134,11.000
0.701,2.121,11.000
0.701,2.147,11.000
0.692,2.150,11.000
0.746,2.347,11.000
0.673,2.147,11.000
0.660,2.134,11.000
0.661,2.168,11.000
0.648,2.155,11.000
0.686,2.315,11.000
0.665,2.279,11.000
0.615,2.138,11.000
0.611,2.157,11.000
0.647,2.318,11.000
0.623,2.265,11.000
0.579,2.140,11.000
0.580,2.174,11.000
0.623,2.375,11.000
0.554,2.146,11.000
0.602,2.371,11.000
0.572,2.287,11.000
0.529,2.153,11.000
0.528,2.187,11.000
0.554,2.333,11.000
0.507,2.175,11.000
0.543,2.369,11.000
0.483,2.146,11.000
0.478,2.165,11.000
0.475,2.191,11.000
0.506,2.377,11.000
0.451,2.162,11.000
0.444,2.172,11.000
0.487,2.431,11.000
0.427,2.175,11.000
0.415,2.160,11.000
0.409,2.170,11.000
0.430,2.335,11.000
0.390,2.165,11.000
0.419,2.378,11.000
0.377,2.193,11.000
0.373,2.219,11.000
0.357,2.179,11.000
0.384,2.400,11.000
0.344,2.207,11.000
0.334,2.200,11.000
0.321,2.168,11.000
0.346,2.406,11.000
0.311,2.220,11.000
0.297,2.188,11.000
0.317,2.402,11.000
0.283,2.215,11.000
0.274,2.208,11.000
0.288,2.397,11.000
0.280,2.414,11.000
0.252,2.253,11.000
0.236,2.187,11.000
0.241,2.320,11.000
0.253,2.530,11.000
0.222,2.306,11.000
0.233,2.532,11.000
0.196,2.216,11.000
0.192,2.284,11.000
0.202,2.519,11.000
0.178,2.334,11.000
0.176,2.424,11.000
0.156,2.278,11.000
0.149,2.312,11.000
0.152,2.506,11.000
0.153,2.696,11.000
0.122,2.313,11.000
0.114,2.330,11.000
0.104,2.314,11.000
0.104,2.533,11.000
0.087,2.339,11.000
0.077,2.332,11.000
0.069,2.356,11.000
0.057,2.258,11.000
0.053,2.503,11.000
0.041,2.357,11.000
0.032,2.333,11.000
0.023,2.382,11.000
0.013,2.325,11.000
0.004,2.325,11.000
-0.005,2.333,11.000
-0.014,2.333,11.000
-0.023,2.341,11.000
-0.033,2.333,11.000
-0.042,2.332,11.000
-0.051,2.324,11.000
-0.060,2.340,11.000
-0.075,2.518,11.000
-0.077,2.299,11.000
-0.087,2.331,11.000
-0.096,2.306,11.000
-0.106,2.347,11.000
-0.115,2.338,11.000
-0.123,2.305,11.000
-0.134,2.337,11.000
-0.155,2.530,11.000
-0.152,2.336,11.000
-0.163,2.360,11.000
-0.177,2.424,11.000
-0.178,2.318,11.000
-0.211,2.606,11.000
-0.207,2.438,11.000
-0.230,2.588,11.000
-0.226,2.444,11.000
-0.234,2.427,11.000
-0.264,2.624,11.000
-0.254,2.426,11.000
-0.260,2.392,11.000
-0.294,2.613,11.000
-0.282,2.422,11.000
-0.315,2.619,11.000
-0.296,2.380,11.000
-0.335,2.608,11.000
-0.319,2.410,11.000
-0.334,2.448,11.000
-0.336,2.391,11.000
-0.376,2.603,11.000
-0.356,2.396,11.000
-0.367,2.411,11.000
-0.409,2.614,11.000
-0.388,2.416,11.000
-0.434,2.641,11.000
-0.418,2.484,11.000
-0.419,2.427,11.000
-0.424,2.402,11.000
-0.488,2.703,11.000
-0.466,2.524,11.000
-0.451,2.389,11.000
-0.481,2.497,11.000
-0.491,2.495,11.000
-0.539,2.685,11.000
-0.522,2.545,11.000
-0.525,2.512,11.000
-0.530,2.487,11.000
-0.586,2.699,11.000
-0.555,2.506,11.000
-0.556,2.465,11.000
-0.569,2.478,11.000
-0.625,2.674,11.000
-0.587,2.466,11.000
-0.596,2.464,11.000
-0.615,2.500,11.000
-0.673,2.686,11.000
-0.635,2.495,11.000
-0.633,2.446,11.000
-0.657,2.498,11.000
-0.709,2.653,11.000
-0.672,2.477,11.000
-0.678,2.459,11.000
-0.694,2.479,11.000
-0.752,2.649,11.000
-0.724,2.512,11.000
-0.775,2.651,11.000
-0.739,2.491,11.000
-0.789,2.622,11.000
-0.742,2.432,11.000
-0.752,2.429,11.000
-0.757,2.411,11.000
-0.776,2.438,11.000
-0.848,2.628,11.000
-0.802,2.455,11.000
-0.797,2.406,11.000
-0.819,2.441,11.000
-0.881,2.593,11.000
-0.830,2.412,11.000
-0.840,2.409,11.000
-0.920,2.604,11.000
-0.851,2.380,11.000
-0.937,2.590,11.000
-0.894,2.440,11.000
-0.963,2.597,11.000
-0.899,2.396,11.000
-0.939,2.473,11.000
-0.912,2.374,11.000
-1.042,2.680,11.000
-0.951,2.418,11.000
-0.952,2.392,11.000
-0.958,2.381,11.000
-1.053,2.586,11.000
-0.992,2.410,11.000
-1.013,2.435,11.000
-1.032,2.453,11.000
-1.120,2.632,11.000
-1.070,2.488,11.000
-1.017,2.339,11.000
-1.145,2.605,11.000
-1.080,2.432,11.000
-1.054,2.349,11.000
-1.188,2.619,11.000
-1.112,2.426,11.000
-1.176,2.541,11.000
-1.077,2.303,11.000
-1.097,2.321,11.000
-1.160,2.430,11.000
-1.239,2.570,11.000
-1.165,2.393,11.000
-1.164,2.367,11.000
-1.184,2.383,11.000
-1.140,2.273,11.000
-1.209,2.388,11.000
-1.212,2.369,11.000
-1.316,2.549,11.000
-1.190,2.283,11.000
-1.243,2.362,11.000
-1.335,2.513,11.000
-1.243,2.317,11.000
-1.263,2.333,11.000
-1.376,2.517,11.000
-1.285,2.330,11.000
-1.291,2.318,11.000
-1.304,2.320,11.000
-1.309,2.308,11.000
-1.322,2.310,11.000
-1.423,2.464,11.000
-1.292,2.218,11.000
-1.361,2.314,11.000
-1.354,2.282,11.000
-1.466,2.448,11.000
-1.311,2.170,11.000
-1.368,2.246,11.000
-1.494,2.431,11.000
-1.403,2.262,11.000
-1.395,2.229,11.000
-1.527,2.419,11.000
-1.374,2.159,11.000
-1.383,2.153,11.000
-1.551,2.395,11.000
-1.399,2.142,11.000
-1.464,2.222,11.000
-1.407,2.118,11.000
-1.416,2.112,11.000
-1.631,2.414,11.000
-1.477,2.167,11.000
-1.445,2.102,11.000
-1.444,2.083,11.000
-1.587,2.270,11.000
-1.483,2.105,11.000
-1.644,2.313,11.000
-1.559,2.176,11.000
-1.513,2.093,11.000
-1.617,2.220,11.000
-1.598,2.176,11.000
-1.666,2.250,11.000
-1.587,2.126,11.000
-1.601,2.126,11.000
-1.537,2.026,11.000
-1.612,2.107,11.000
-1.630,2.113,11.000
-1.719,2.210,11.000
-1.647,2.100,11.000
-1.669,2.112,11.000
-1.778,2.231,11.000
-1.666,2.075,11.000
-1.670,2.062,11.000
-1.804,2.210,11.000
-1.681,2.043,11.000
-1.812,2.185,11.000
-1.707,2.042,11.000
-1.720,2.041,11.000
-1.728,2.034,11.000
-1.731,2.021,11.000
-1.759,2.038,11.000
-1.746,2.008,11.000
-1.759,2.007,11.000
-1.772,2.006,11.000
-1.770,1.987,11.000
-1.788,1.992,11.000
-1.775,1.962,11.000
-1.804,1.978,11.000
-1.931,2.101,11.000
-1.798,1.941,11.000
-1.958,2.096,11.000
-1.824,1.938,11.000
-1.831,1.931,11.000
-1.839,1.923,11.000
-2.047,2.125,11.000
-1.988,2.047,11.000
-1.872,1.913,11.000
-1.874,1.900,11.000
-1.871,1.881,11.000
-1.884,1.880,11.000
-1.913,1.894,11.000
-2.105,2.068,11.000
-1.956,1.906,11.000
-1.919,1.855,11.000
-1.915,1.837,11.000
-2.067,1.967,11.000
-1.946,1.838,11.000
-1.987,1.862,11.000
-1.983,1.844,11.000
-2.092,1.929,11.000
-2.099,1.921,11.000
-2.045,1.857,11.000
-2.046,1.843,11.000
-2.206,1.971,11.000
-2.078,1.843,11.000
-2.079,1.829,11.000
-2.098,1.831,11.000
-2.202,1.907,11.000
-2.095,1.800,11.000
-2.090,1.782,11.000
-2.270,1.920,11.000
-2.128,1.785,11.000
-2.135,1.777,11.000
-2.130,1.758,11.000
-2.154,1.765,11.000
-2.155,1.751,11.000
-2.332,1.880,11.000
-2.163,1.730,11.000
-2.312,1.834,11.000
-2.319,1.825,11.000
-2.165,1.690,11.000
-2.339,1.811,11.000
-2.340,1.797,11.000
-2.203,1.678,11.000
-2.191,1.656,11.000
-2.367,1.774,11.000
-2.368,1.760,11.000
-2.204,1.625,11.000
-2.223,1.626,11.000
-2.260,1.639,11.000
-2.254,1.622,11.000
-2.248,1.604,11.000
-2.403,1.700,11.000
-2.267,1.591,11.000
-2.273,1.582,11.000
-2.490,1.718,11.000
-2.286,1.564,11.000
-2.311,1.568,11.000
-2.323,1.563,11.000
-2.310,1.541,11.000
-2.310,1.528,11.000
-2.480,1.626,11.000
-2.322,1.510,11.000
-2.328,1.500,11.000
-2.347,1.500,11.000
-2.499,1.583,11.000
-2.345,1.473,11.000
-2.364,1.472,11.000
-2.363,1.459,11.000
-2.523,1.544,11.000
-2.361,1.432,11.000
-2.360,1.419,11.000
-2.541,1.514,11.000
-2.391,1.412,11.000
-2.390,1.399,11.000
-2.382,1.382,11.000
-2.395,1.376,11.000
-2.590,1.475,11.000
-2.419,1.365,11.000
-2.424,1.355,11.000
-2.568,1.423,11.000
-2.421,1.329,11.000
-2.419,1.316,11.000
-2.425,1.306,11.000
-2.577,1.375,11.000
-2.448,1.294,11.000
-2.453,1.285,11.000
-2.458,1.275,11.000
-2.631,1.352,11.000
-2.496,1.270,11.000
-2.460,1.239,11.000
-2.533,1.264,11.000
-2.469,1.220,11.000
-2.488,1.217,11.000
-2.662,1.289,11.000
-2.552,1.224,11.000
-2.564,1.217,11.000
-2.520,1.184,11.000
-2.504,1.165,11.000
-2.495,1.148,11.000
-2.520,1.148,11.000
-2.580,1.163,11.000
-2.803,1.250,11.000
-2.603,1.149,11.000
-2.731,1.193,11.000
-2.626,1.135,11.000
-2.568,1.097,11.000
-2.614,1.105,11.000
-2.597,1.086,11.000
-2.644,1.093,11.000
-2.820,1.153,11.000
-2.838,1.148,11.000
-2.843,1.137,11.000
-2.667,1.055,11.000
-2.686,1.050,11.000
-2.863,1.106,11.000
-2.867,1.095,11.000
-2.677,1.010,11.000
-2.709,1.010,11.000
-2.880,1.061,11.000
-2.710,0.986,11.000
-2.692,0.968,11.000
-2.717,0.965,11.000
-2.714,0.952,11.000
-2.703,0.936,11.000
-2.897,0.990,11.000
-2.732,0.922,11.000
-2.721,0.907,11.000
-2.732,0.898,11.000
-2.743,0.890,11.000
-2.732,0.874,11.000
-2.757,0.871,11.000
-2.753,0.858,11.000
-2.756,0.847,11.000
-2.723,0.825,11.000
-2.748,0.821,11.000
-2.773,0.816,11.000
-2.940,0.853,11.000
-2.751,0.786,11.000
-2.933,0.826,11.000
-2.964,0.822,11.000
-2.796,0.764,11.000
-2.784,0.749,11.000
-2.959,0.784,11.000
-2.984,0.777,11.000
-2.778,0.712,11.000
-2.781,0.701,11.000
-2.971,0.737,11.000
-2.779,0.678,11.000
-2.775,0.665,11.000
-3.141,0.740,11.000
-2.780,0.643,11.000
-2.797,0.636,11.000
-3.045,0.680,11.000
-2.809,0.616,11.000
-2.804,0.603,11.000
-2.821,0.595,11.000
-3.041,0.629,11.000
-2.826,0.573,11.000
-2.784,0.553,11.000
-3.084,0.600,11.000
-3.015,0.574,11.000
-2.827,0.527,11.000
-3.090,0.564,11.000
-3.107,0.554,11.000
-2.914,0.508,11.000
-2.924,0.498,11.000
-2.829,0.470,11.000
-2.942,0.477,11.000
-2.944,0.466,11.000
-3.140,0.484,11.000
-2.940,0.441,11.000
-2.942,0.430,11.000
-2.965,0.421,11.000
-2.952,0.408,11.000
-2.954,0.396,11.000
-2.970,0.387,11.000
-2.957,0.373,11.000
-3.161,0.386,11.000
-2.960,0.350,11.000
-2.902,0.331,11.000
-2.963,0.327,11.000
-3.138,0.334,11.000
-3.161,0.323,11.000
-2.974,0.292,11.000
-3.149,0.297,11.000
-2.961,0.268,11.000
-2.977,0.257,11.000
-2.963,0.245,11.000
-3.132,0.246,11.000
-2.965,0.221,11.000
-3.134,0.222,11.000
-2.966,0.198,11.000
-3.004,0.189,11.000
-3.157,0.186,11.000
-2.939,0.162,11.000
-2.962,0.151,11.000
-2.970,0.140,11.000
-2.978,0.129,11.000
-2.948,0.116,11.000
-3.168,0.112,11.000
-2.994,0.094,11.000
-3.147,0.086,11.000
-3.133,0.074,11.000
-3.134,0.061,11.000
-2.988,0.047,11.000
-3.148,0.037,11.000
-2.973,0.023,11.000
-3.149,0.012,11.000
-2.988,0.000,11.000
-3.149,-0.012,11.000
-2.951,-0.023,11.000
-2.995,-0.035,11.000
-3.163,-0.050,11.000
-2.980,-0.058,11.000
-3.169,-0.075,11.000
-3.169,-0.087,11.000
-2.979,-0.093,11.000
-2.971,-0.105,11.000
-3.168,-0.124,11.000
-2.963,-0.128,11.000
-3.181,-0.150,11.000
-2.977,-0.152,11.000
-2.961,-0.163,11.000
-2.961,-0.174,11.000
-2.952,-0.185,11.000
-3.134,-0.209,11.000
-3.148,-0.223,11.000
-3.118,-0.233,11.000
-2.964,-0.233,11.000
-2.941,-0.243,11.000
-3.137,-0.271,11.000
-2.976,-0.269,11.000
-2.945,-0.278,11.000
-2.959,-0.291,11.000
-2.965,-0.303,11.000
-2.956,-0.314,11.000
-3.144,-0.347,11.000
-2.954,-0.337,11.000
-2.953,-0.349,11.000
-2.944,-0.360,11.000
-3.138,-0.396,11.000
-3.007,-0.391,11.000
-2.939,-0.394,11.000
-2.945,-0.407,11.000
-3.160,-0.449,11.000
-2.964,-0.433,11.000
-2.940,-0.441,11.000
-2.938,-0.453,11.000
-2.995,-0.474,11.000
-2.920,-0.474,11.000
-2.926,-0.486,11.000
-2.916,-0.496,11.000
-2.922,-0.509,11.000
-2.927,-0.522,11.000
-2.925,-0.533,11.000
-2.923,-0.545,11.000
-2.928,-0.558,11.000
-3.119,-0.607,11.000
-2.894,-0.575,11.000
-2.907,-0.589,11.000
-2.875,-0.595,11.000
-2.938,-0.620,11.000
-2.943,-0.633,11.000
-3.344,-0.733,11.000
-2.909,-0.649,11.000
-2.921,-0.664,11.000
-3.074,-0.712,11.000
-3.086,-0.727,11.000
-2.906,-0.697,11.000
-2.917,-0.711,11.000
-2.893,-0.718,11.000
-2.890,-0.729,11.000
-2.866,-0.735,11.000
-2.884,-0.751,11.000
-2.881,-0.763,11.000
-2.871,-0.772,11.000
-3.065,-0.837,11.000
-2.865,-0.795,11.000
-2.847,-0.802,11.000
-3.020,-0.863,11.000
-3.010,-0.873,11.000
-2.873,-0.846,11.000
-3.017,-0.901,11.000
-2.881,-0.873,11.000
-3.010,-0.925,11.000
-2.824,-0.880,11.000
-3.037,-0.959,11.000
-2.832,-0.906,11.000
-2.807,-0.911,11.000
-2.991,-0.983,11.000
-2.828,-0.942,11.000
-2.852,-0.962,11.000
-2.820,-0.964,11.000
-2.809,-0.973,11.000
-2.985,-1.047,11.000
-2.795,-0.992,11.000
-2.819,-1.013,11.000
-2.787,-1.014,11.000
-2.776,-1.022,11.000
-2.970,-1.107,11.000
-2.768,-1.044,11.000
-2.798,-1.068,11.000
-2.787,-1.077,11.000
-2.769,-1.082,11.000
-2.799,-1.107,11.000
-2.767,-1.107,11.000
-2.906,-1.175,11.000
-2.752,-1.125,11.000
-2.923,-1.209,11.000
-2.750,-1.150,11.000
-2.725,-1.152,11.000
-2.948,-1.260,11.000
-2.729,-1.179,11.000
-2.905,-1.269,11.000
-2.713,-1.198,11.000
-2.715,-1.211,11.000
-2.884,-1.300,11.000
-2.685,-1.223,11.000
-2.721,-1.252,11.000
-2.696,-1.254,11.000
-2.704,-1.270,11.000
-2.713,-1.287,11.000
-2.681,-1.285,11.000
-2.683,-1.299,11.000
-2.671,-1.306,11.000
-2.842,-1.404,11.000
-2.700,-1.347,11.000
-2.805,-1.413,11.000
-2.832,-1.441,11.000
-2.645,-1.358,11.000
-2.808,-1.456,11.000
-2.634,-1.379,11.000
-2.628,-1.389,11.000
-2.791,-1.489,11.000
-2.604,-1.403,11.000
-2.779,-1.511,11.000
-2.600,-1.427,11.000
-2.594,-1.437,11.000
-2.582,-1.444,11.000
-2.748,-1.551,11.000
-2.590,-1.475,11.000
-2.552,-1.466,11.000
-2.742,-1.590,11.000
-2.560,-1.498,11.000
-2.718,-1.604,11.000
-2.567,-1.529,11.000
-2.729,-1.640,11.000
-2.536,-1.538,11.000
-2.536,-1.551,11.000
-2.686,-1.657,11.000
-2.536,-1.579,11.000
-2.685,-1.686,11.000
-2.499,-1.583,11.000
-2.518,-1.609,11.000
-2.653,-1.710,11.000
-2.511,-1.633,11.000
-2.511,-1.646,11.000
-2.480,-1.640,11.000
-2.631,-1.755,11.000
-2.473,-1.664,11.000
-2.623,-1.780,11.000
-2.466,-1.687,11.000
-2.627,-1.812,11.000
-2.367,-1.647,11.000
-2.589,-1.816,11.000
-2.433,-1.721,11.000
-2.414,-1.722,11.000
-2.568,-1.847,11.000
-2.413,-1.750,11.000
-2.394,-1.750,11.000
-2.399,-1.769,11.000
-2.380,-1.769,11.000
-2.548,-1.910,11.000
-2.390,-1.806,11.000
-2.371,-1.806,11.000
-2.275,-1.747,11.000
-2.558,-1.980,11.000
-2.285,-1.783,11.000
-2.342,-1.843,11.000
-2.329,-1.848,11.000
-2.465,-1.971,11.000
-2.297,-1.852,11.000
-2.387,-1.940,11.000
-2.306,-1.889,11.000
-2.422,-2.000,11.000
-2.268,-1.888,11.000
-2.401,-2.014,11.000
-2.184,-1.847,11.000
-2.385,-2.033,11.000
-2.198,-1.889,11.000
-2.325,-2.014,11.000
-2.388,-2.085,11.000
-2.227,-1.959,11.000
-2.296,-2.036,11.000
-2.161,-1.932,11.000
-2.220,-2.000,11.000
-2.140,-1.943,11.000
-2.307,-2.111,11.000
-2.108,-1.945,11.000
-2.285,-2.124,11.000
-2.104,-1.972,11.000
-2.167,-2.046,11.000
-2.072,-1.972,11.000
-2.075,-1.991,11.000
-2.057,-1.989,11.000
-2.076,-2.023,11.000
-2.046,-2.010,11.000
-2.038,-2.018,11.000
-2.046,-2.042,11.000
-2.012,-2.023,11.000
-2.072,-2.101,11.000
-2.126,-2.172,11.000
-2.004,-2.063,11.000
-2.129,-2.210,11.000
-2.029,-2.122,11.000
-1.984,-2.092,11.000
-1.961,-2.083,11.000
-2.104,-2.253,11.000
-1.975,-2.132,11.000
-2.097,-2.281,11.000
-1.968,-2.158,11.000
-1.945,-2.149,11.000
-1.921,-2.140,11.000
-1.948,-2.187,11.000
-1.914,-2.166,11.000
-1.911,-2.179,11.000
-1.995,-2.293,11.000
-2.000,-2.318,11.000
-1.865,-2.179,11.000
-1.876,-2.209,11.000
-1.853,-2.199,11.000
-1.840,-2.201,11.000
-1.831,-2.208,11.000
-1.818,-2.209,11.000
-1.940,-2.377,11.000
-1.927,-2.379,11.000
-1.791,-2.230,11.000
-1.912,-2.400,11.000
-1.903,-2.408,11.000
-1.774,-2.263,11.000
-1.875,-2.411,11.000
-1.761,-2.283,11.000
-1.720,-2.248,11.000
-1.725,-2.273,11.000
-1.815,-2.411,11.000
-1.725,-2.310,11.000
-1.698,-2.293,11.000
-1.838,-2.503,11.000
-1.693,-2.324,11.000
-1.802,-2.493,11.000
-1.666,-2.325,11.000
-1.657,-2.332,11.000
-1.867,-2.650,11.000
-1.635,-2.339,11.000
-1.647,-2.376,11.000
-1.633,-2.376,11.000
-1.611,-2.364,11.000
-1.593,-2.358,11.000
-1.601,-2.389,11.000
-1.686,-2.538,11.000
-1.582,-2.401,11.000
-1.540,-2.357,11.000
-1.676,-2.588,11.000
-1.566,-2.439,11.000
-1.644,-2.583,11.000
-1.531,-2.426,11.000
-1.505,-2.406,11.000
-1.520,-2.450,11.000
-1.611,-2.620,11.000
-1.500,-2.462,11.000
-1.495,-2.475,11.000
-1.569,-2.620,11.000
-1.471,-2.480,11.000
-1.442,-2.453,11.000
-1.538,-2.639,11.000
-1.461,-2.529,11.000
-1.528,-2.670,11.000
-1.426,-2.515,11.000
-1.409,-2.507,11.000
-1.399,-2.513,11.000
-1.378,-2.498,11.000
-1.454,-2.661,11.000
-1.468,-2.711,11.000
-1.345,-2.508,11.000
-1.494,-2.812,11.000
-1.368,-2.598,11.000
-1.323,-2.537,11.000
-1.316,-2.549,11.000
-1.401,-2.739,11.000
-1.306,-2.579,11.000
-1.376,-2.743,11.000
-1.372,-2.761,11.000
-1.276,-2.594,11.000
-1.340,-2.752,11.000
-1.249,-2.590,11.000
-1.245,-2.609,11.000
-1.289,-2.728,11.000
-1.222,-2.612,11.000
-1.208,-2.610,11.000
-1.198,-2.614,11.000
-1.194,-2.633,11.000
-1.253,-2.793,11.000
-1.158,-2.608,11.000
-1.151,-2.619,11.000
-1.152,-2.651,11.000
-1.136,-2.642,11.000
-1.126,-2.646,11.000
-1.112,-2.644,11.000
-1.176,-2.826,11.000
-1.097,-2.666,11.000
-1.149,-2.822,11.000
-1.074,-2.668,11.000
-1.066,-2.679,11.000
-1.118,-2.842,11.000
-1.045,-2.687,11.000
-1.026,-2.670,11.000
-1.024,-2.695,11.000
-1.016,-2.707,11.000
-1.062,-2.864,11.000
-0.995,-2.714,11.000
-0.984,-2.718,11.000
-0.966,-2.701,11.000
-0.953,-2.698,11.000
-1.006,-2.884,11.000
-0.934,-2.712,11.000
-0.904,-2.658,11.000
-0.915,-2.726,11.000
-0.911,-2.751,11.000
-0.942,-2.882,11.000
-0.878,-2.723,11.000
-0.872,-2.740,11.000
-0.850,-2.708,11.000
-0.908,-2.931,11.000
-0.840,-2.751,11.000
-0.922,-3.063,11.000
-0.816,-2.750,11.000
-0.809,-2.767,11.000
-0.846,-2.935,11.000
-0.784,-2.759,11.000
-0.827,-2.955,11.000
-0.848,-3.077,11.000
-0.751,-2.768,11.000
-0.738,-2.764,11.000
-0.771,-2.932,11.000
-0.724,-2.799,11.000
-0.755,-2.967,11.000
-0.697,-2.782,11.000
-0.686,-2.785,11.000
-0.675,-2.788,11.000
-0.669,-2.812,11.000
-0.738,-3.156,11.000
-0.644,-2.803,11.000
-0.667,-2.958,11.000
-0.618,-2.793,11.000
-0.607,-2.796,11.000
-0.603,-2.827,11.000
-0.633,-3.025,11.000
-0.573,-2.795,11.000
-0.602,-2.994,11.000
-0.548,-2.785,11.000
-0.544,-2.824,11.000
-0.543,-2.878,11.000
-0.551,-2.982,11.000
-0.510,-2.823,11.000
-0.528,-2.993,11.000
-0.495,-2.871,11.000
-0.474,-2.814,11.000
-0.497,-3.021,11.000
-0.452,-2.817,11.000
-0.447,-2.856,11.000
-0.437,-2.865,11.000
-0.422,-2.845,11.000
-0.437,-3.030,11.000
-0.396,-2.818,11.000
-0.414,-3.033,11.000
-0.377,-2.851,11.000
-0.364,-2.837,11.000
-0.382,-3.067,11.000
-0.343,-2.848,11.000
-0.354,-3.041,11.000
-0.322,-2.865,11.000
-0.313,-2.889,11.000
-0.300,-2.868,11.000
-0.291,-2.891,11.000
-0.277,-2.863,11.000
-0.280,-3.027,11.000
-0.255,-2.872,11.000
-0.259,-3.051,11.000
-0.252,-3.117,11.000
-0.209,-2.723,11.000
-0.223,-3.053,11.000
-0.198,-2.869,11.000
-0.187,-2.877,11.000
-0.172,-2.818,11.000
-0.175,-3.056,11.000
-0.153,-2.872,11.000
-0.142,-2.887,11.000
-0.129,-2.843,11.000
-0.126,-3.052,11.000
-0.108,-2.874,11.000
-0.103,-3.052,11.000
-0.085,-2.875,11.000
-0.078,-3.016,11.000
-0.062,-2.860,11.000
-0.051,-2.875,11.000
-0.045,-3.198,11.000
-0.029,-2.868,11.000
-0.019,-3.083,11.000
-0.006,-2.762,11.000
0.005,-2.906,11.000
0.017,-3.098,11.000
0.027,-2.807,11.000
0.040,-2.965,11.000
0.053,-3.068,11.000
0.061,-2.845,11.000
0.078,-3.075,11.000
0.081,-2.768,11.000
0.101,-3.052,11.000
0.103,-2.775,11.000
0.124,-3.037,11.000
0.138,-3.066,11.000
0.150,-3.080,11.000
0.152,-2.879,11.000
0.162,-2.864,11.000
0.173,-2.856,11.000
0.184,-2.855,11.000
0.195,-2.847,11.000
0.221,-3.053,11.000
0.218,-2.852,11.000
0.239,-2.971,11.000
0.256,-3.043,11.000
0.257,-2.910,11.000
0.280,-3.034,11.000
0.268,-2.787,11.000
0.286,-2.862,11.000
0.315,-3.030,11.000
0.329,-3.044,11.000
0.319,-2.850,11.000
0.335,-2.887,11.000
0.343,-2.863,11.000
0.351,-2.832,11.000
0.390,-3.051,11.000
0.360,-2.730,11.000
0.384,-2.827,11.000
0.403,-2.878,11.000
0.406,-2.824,11.000
0.416,-2.815,11.000
0.466,-3.070,11.000
0.449,-2.879,11.000
0.482,-3.016,11.000
0.465,-2.838,11.000
0.474,-2.821,11.000
0.521,-3.032,11.000
0.501,-2.847,11.000
0.543,-3.013,11.000
0.513,-2.784,11.000
0.532,-2.826,11.000
0.575,-2.992,11.000
0.531,-2.702,11.000
0.594,-2.966,11.000
0.575,-2.810,11.000
0.589,-2.823,11.000
0.641,-3.016,11.000
0.612,-2.825,11.000
0.659,-2.982,11.000
0.633,-2.813,11.000
0.619,-2.699,11.000
0.695,-2.981,11.000
0.657,-2.769,11.000
0.679,-2.810,11.000
0.683,-2.778,11.000
0.695,-2.783,11.000
0.750,-2.953,11.000
0.725,-2.806,11.000
0.709,-2.701,11.000
0.735,-2.757,11.000
0.752,-2.776,11.000
0.767,-2.787,11.000
0.823,-2.949,11.000
0.833,-2.938,11.000
0.795,-2.764,11.000
0.806,-2.761,11.000
0.817,-2.757,11.000
0.906,-3.015,11.000
0.825,-2.707,11.000
0.818,-2.646,11.000
0.842,-2.686,11.000
0.875,-2.755,11.000
0.898,-2.787,11.000
0.859,-2.633,11.000
0.975,-2.948,11.000
0.877,-2.619,11.000
0.883,-2.601,11.000
0.967,-2.812,11.000
0.903,-2.594,11.000
0.979,-2.776,11.000
0.997,-2.793,11.000
0.941,-2.605,11.000
1.011,-2.764,11.000
0.956,-2.583,11.000
0.977,-2.608,11.000
0.982,-2.589,11.000
1.063,-2.769,11.000
0.994,-2.560,11.000
1.015,-2.585,11.000
1.014,-2.552,11.000
1.033,-2.570,11.000
1.031,-2.537,11.000
1.050,-2.554,11.000
1.144,-2.752,11.000
1.070,-2.546,11.000
1.086,-2.556,11.000
1.111,-2.587,11.000
1.231,-2.835,11.000
1.113,-2.536,11.000
1.113,-2.511,11.000
1.129,-2.520,11.000
1.205,-2.661,11.000
1.146,-2.504,11.000
1.241,-2.685,11.000
1.185,-2.537,11.000
1.188,-2.518,11.000
1.270,-2.664,11.000
1.198,-2.488,11.000
1.294,-2.660,11.000
1.214,-2.472,11.000
1.227,-2.474,11.000
1.332,-2.658,11.000
1.254,-2.478,11.000
1.349,-2.641,11.000
1.356,-2.629,11.000
1.272,-2.443,11.000
1.377,-2.618,11.000
1.298,-2.446,11.000
1.351,-2.522,11.000
1.321,-2.443,11.000
1.410,-2.583,11.000
1.344,-2.439,11.000
1.342,-2.414,11.000
1.356,-2.415,11.000
1.358,-2.396,11.000
1.375,-2.404,11.000
1.384,-2.399,11.000
1.382,-2.373,11.000
1.491,-2.538,11.000
1.416,-2.389,11.000
1.417,-2.370,11.000
1.536,-2.546,11.000
1.440,-2.366,11.000
1.457,-2.373,11.000
1.566,-2.527,11.000
1.464,-2.342,11.000
1.582,-2.509,11.000
1.599,-2.515,11.000
1.508,-2.350,11.000
1.603,-2.477,11.000
1.522,-2.332,11.000
1.539,-2.339,11.000
1.532,-2.307,11.000
1.642,-2.452,11.000
1.537,-2.276,11.000
1.665,-2.445,11.000
1.550,-2.258,11.000
1.559,-2.252,11.000
1.581,-2.264,11.000
1.590,-2.258,11.000
1.603,-2.258,11.000
1.599,-2.233,11.000
1.616,-2.239,11.000
1.745,-2.398,11.000
1.625,-2.214,11.000
1.724,-2.330,11.000
1.665,-2.232,11.000
1.590,-2.114,11.000
1.796,-2.369,11.000
1.687,-2.206,11.000
1.681,-2.181,11.000
1.806,-2.324,11.000
1.698,-2.168,11.000
1.842,-2.333,11.000
1.725,-2.167,11.000
1.856,-2.313,11.000
1.693,-2.093,11.000
1.750,-2.146,11.000
1.874,-2.280,11.000
1.752,-2.115,11.000
1.887,-2.259,11.000
1.739,-2.066,11.000
1.717,-2.023,11.000
1.735,-2.028,11.000
1.858,-2.155,11.000
1.771,-2.038,11.000
1.815,-2.072,11.000
1.782,-2.018,11.000
1.764,-1.982,11.000
1.915,-2.135,11.000
1.785,-1.974,11.000
1.932,-2.120,11.000
1.800,-1.960,11.000
1.786,-1.930,11.000
1.952,-2.092,11.000
1.834,-1.950,11.000
1.831,-1.931,11.000
1.966,-2.058,11.000
1.856,-1.928,11.000
1.987,-2.048,11.000
1.866,-1.908,11.000
1.868,-1.895,11.000
2.011,-2.024,11.000
2.104,-2.101,11.000
1.901,-1.884,11.000
1.909,-1.877,11.000
1.905,-1.858,11.000
1.923,-1.862,11.000
1.908,-1.832,11.000
1.938,-1.846,11.000
1.951,-1.844,11.000
1.947,-1.826,11.000
1.948,-1.813,11.000
1.955,-1.805,11.000
1.962,-1.798,11.000
2.156,-1.960,11.000
1.965,-1.772,11.000
1.983,-1.774,11.000
2.122,-1.884,11.000
1.968,-1.733,11.000
1.992,-1.741,11.000
2.167,-1.879,11.000
2.024,-1.740,11.000
2.030,-1.732,11.000
2.031,-1.719,11.000
2.032,-1.706,11.000
2.039,-1.698,11.000
2.217,-1.832,11.000
2.052,-1.682,11.000
2.077,-1.689,11.000
2.256,-1.820,11.000
2.084,-1.668,11.000
2.090,-1.660,11.000
2.041,-1.608,11.000
2.097,-1.638,11.000
2.255,-1.748,11.000
2.256,-1.734,11.000
2.116,-1.614,11.000
2.294,-1.735,11.000
2.097,-1.573,11.000
2.154,-1.602,11.000
2.147,-1.585,11.000
2.141,-1.567,11.000
2.241,-1.627,11.000
2.179,-1.568,11.000
2.166,-1.546,11.000
2.197,-1.556,11.000
2.159,-1.516,11.000
2.235,-1.556,11.000
2.099,-1.450,11.000
2.348,-1.608,11.000
2.214,-1.504,11.000
2.103,-1.416,11.000
2.398,-1.601,11.000
2.134,-1.413,11.000
2.328,-1.528,11.000
2.217,-1.443,11.000
2.410,-1.555,11.000
2.235,-1.430,11.000
2.161,-1.370,11.000
2.220,-1.396,11.000
2.265,-1.412,11.000
2.523,-1.559,11.000
2.202,-1.349,11.000
2.187,-1.328,11.000
2.287,-1.376,11.000
2.286,-1.363,11.000
2.351,-1.390,11.000
2.289,-1.341,11.000
2.428,-1.410,11.000
2.300,-1.323,11.000
2.216,-1.263,11.000
2.478,-1.400,11.000
2.509,-1.405,11.000
2.293,-1.272,11.000
2.366,-1.300,11.000
2.432,-1.324,11.000
2.238,-1.207,11.000
2.278,-1.217,11.000
2.276,-1.204,11.000
2.480,-1.300,11.000
2.444,-1.269,11.000
2.290,-1.177,11.000
2.357,-1.201,11.000
2.548,-1.285,11.000
2.282,-1.140,11.000
2.294,-1.134,11.000
2.473,-1.211,11.000
2.288,-1.109,11.000
2.314,-1.111,11.000
2.282,-1.085,11.000
2.344,-1.103,11.000
2.419,-1.127,11.000
2.501,-1.153,11.000
2.306,-1.052,11.000
2.311,-1.043,11.000
2.529,-1.129,11.000
2.498,-1.104,11.000
2.315,-1.012,11.000
2.506,-1.084,11.000
2.331,-0.997,11.000
2.342,-0.991,11.000
2.562,-1.073,11.000
2.335,-0.967,11.000
2.520,-1.032,11.000
2.386,-0.966,11.000
2.361,-0.945,11.000
2.379,-0.942,11.000
2.383,-0.933,11.000
2.647,-1.024,11.000
2.398,-0.917,11.000
2.401,-0.907,11.000
2.456,-0.917,11.000
2.401,-0.886,11.000
2.828,-1.031,11.000
2.437,-0.877,11.000
2.396,-0.852,11.000
2.407,-0.845,11.000
2.609,-0.905,11.000
2.421,-0.829,11.000
2.609,-0.882,11.000
2.412,-0.805,11.000
2.423,-0.798,11.000
2.590,-0.842,11.000
2.414,-0.774,11.000
2.432,-0.769,11.000
2.622,-0.818,11.000
2.632,-0.810,11.000
2.672,-0.811,11.000
2.646,-0.791,11.000
2.492,-0.735,11.000
2.450,-0.712,11.000
2.662,-0.762,11.000
2.651,-0.748,11.000
2.458,-0.683,11.000
2.460,-0.673,11.000
2.607,-0.703,11.000
2.489,-0.660,11.000
2.468,-0.644,11.000
2.478,-0.637,11.000
2.450,-0.619,11.000
2.491,-0.619,11.000
2.524,-0.617,11.000
2.670,-0.642,11.000
2.452,-0.579,11.000
2.816,-0.653,11.000
2.479,-0.565,11.000
2.513,-0.562,11.000
2.690,-0.591,11.000
2.532,-0.546,11.000
2.565,-0.542,11.000
2.529,-0.524,11.000
2.631,-0.535,11.000
2.595,-0.517,11.000
2.703,-0.527,11.000
2.614,-0.499,11.000
2.700,-0.505,11.000
2.610,-0.477,11.000
2.627,-0.470,11.000
2.591,-0.453,11.000
2.669,-0.456,11.000
2.602,-0.434,11.000
2.549,-0.415,11.000
2.825,-0.448,11.000
2.638,-0.408,11.000
2.616,-0.394,11.000
2.625,-0.385,11.000
2.634,-0.376,11.000
2.613,-0.362,11.000
2.544,-0.342,11.000
2.553,-0.333,11.000
2.793,-0.354,11.000
2.877,-0.353,11.000
2.650,-0.315,11.000
2.835,-0.325,11.000
2.933,-0.325,11.000
2.654,-0.283,11.000
2.655,-0.273,11.000
2.570,-0.254,11.000
2.641,-0.251,11.000
2.635,-0.240,11.000
2.842,-0.247,11.000
2.636,-0.219,11.000
2.867,-0.227,11.000
2.669,-0.201,11.000
2.654,-0.189,11.000
2.732,-0.184,11.000
2.687,-0.170,11.000
2.656,-0.158,11.000
2.834,-0.157,11.000
2.626,-0.135,11.000
2.865,-0.136,11.000
2.643,-0.115,11.000
2.643,-0.105,11.000
2.667,-0.095,11.000
2.852,-0.091,11.000
2.660,-0.074,11.000
2.730,-0.066,11.000
2.598,-0.052,11.000
2.661,-0.043,11.000
2.653,-0.032,11.000
2.861,-0.024,11.000
2.661,-0.012,11.000
2.267,-0.001,11.500
2.316,0.008,11.500
2.527,0.019,11.500
2.250,0.025,11.500
2.308,0.035,11.500
2.216,0.042,11.500
2.534,0.058,11.500
2.216,0.060,11.500
2.199,0.068,11.500
2.207,0.077,11.500
2.541,0.098,11.500
2.248,0.096,11.500
2.206,0.103,11.500
2.214,0.112,11.500
2.427,0.132,11.500
2.213,0.129,11.500
2.212,0.138,11.500
2.229,0.148,11.500
2.195,0.154,11.500
2.416,0.179,11.500
2.210,0.173,11.500
2.193,0.180,11.500
2.454,0.211,11.500
2.208,0.199,11.500
2.436,0.229,11.500
2.443,0.239,11.500
2.205,0.225,11.500
2.401,0.254,11.500
2.400,0.263,11.500
2.203,0.251,11.500
2.422,0.285,11.500
2.192,0.267,11.500
2.191,0.275,11.500
2.378,0.308,11.500
2.377,0.318,11.500
2.335,0.321,11.500
2.236,0.317,11.500
2.210,0.322,11.500
2.209,0.331,11.500
2.418,0.372,11.500
2.214,0.349,11.500
2.415,0.391,11.500
2.203,0.365,11.500
2.177,0.370,11.500
2.233,0.388,11.500
2.224,0.395,11.500
2.214,0.403,11.500
2.188,0.407,11.500
2.698,0.513,11.500
2.217,0.430,11.500
2.432,0.482,11.500
2.205,0.446,11.500
2.644,0.546,11.500
2.218,0.467,11.500
2.192,0.470,11.500
2.390,0.523,11.500
2.180,0.486,11.500
2.425,0.550,11.500
2.184,0.504,11.500
2.166,0.509,11.500
2.395,0.573,11.500
2.202,0.536,11.500
2.160,0.535,11.500
2.158,0.543,11.500
2.402,0.615,11.500
2.186,0.568,11.500
2.381,0.629,11.500
2.173,0.583,11.500
2.179,0.594,11.500
2.185,0.605,11.500
2.379,0.669,11.500
2.172,0.620,11.500
2.177,0.631,11.500
2.371,0.697,11.500
2.132,0.636,11.500
2.178,0.658,11.500
2.159,0.662,11.500
2.125,0.661,11.500
2.154,0.679,11.500
2.238,0.715,11.500
2.335,0.756,11.500
2.138,0.702,11.500
2.151,0.715,11.500
2.156,0.726,11.500
2.339,0.798,11.500
2.335,0.807,11.500
2.325,0.814,11.500
2.136,0.757,11.500
2.094,0.752,11.500
2.130,0.774,11.500
2.112,0.777,11.500
2.077,0.773,11.500
2.098,0.790,11.500
2.294,0.874,11.500
2.092,0.807,11.500
2.279,0.890,11.500
2.124,0.838,11.500
2.082,0.831,11.500
2.254,0.910,11.500
2.068,0.844,11.500
2.072,0.856,11.500
2.122,0.886,11.500
2.254,0.952,11.500
2.221,0.948,11.500
1.974,0.852,11.500
2.047,0.893,11.500
2.036,0.898,11.500
1.956,0.871,11.500
1.968,0.886,11.500
1.987,0.904,11.500
1.938,0.891,11.500
1.919,0.891,11.500
1.946,0.913,11.500
1.927,0.913,11.500
1.923,0.921,11.500
2.107,1.019,11.500
1.901,0.929,11.500
1.943,0.959,11.500
2.110,1.051,11.500
1.913,0.962,11.500
2.246,1.141,11.500
1.890,0.970,11.500
1.886,0.977,11.500
1.897,0.992,11.500
2.063,1.089,11.500
1.799,0.959,11.500
1.870,1.006,11.500
1.867,1.014,11.500
1.825,1.001,11.500
1.859,1.028,11.500
1.935,1.081,11.500
1.836,1.035,11.500
2.013,1.145,11.500
1.835,1.053,11.500
1.853,1.073,11.500
1.753,1.024,11.500
1.837,1.083,11.500
1.745,1.038,11.500
1.718,1.032,11.500
1.831,1.109,11.500
1.710,1.045,11.500
1.757,1.083,11.500
1.687,1.049,11.500
1.806,1.133,11.500
1.802,1.140,11.500
1.959,1.251,11.500
1.692,1.090,11.500
1.796,1.166,11.500
1.875,1.228,11.500
1.679,1.110,11.500
1.852,1.234,11.500
1.678,1.127,11.500
1.849,1.253,11.500
1.789,1.222,11.500
1.818,1.253,11.500
1.660,1.154,11.500
1.843,1.291,11.500
1.644,1.162,11.500
1.625,1.158,11.500
1.663,1.195,11.500
1.815,1.315,11.500
1.625,1.187,11.500
1.703,1.255,11.500
1.773,1.317,11.500
1.604,1.201,11.500
1.722,1.300,11.500
1.810,1.378,11.500
1.563,1.199,11.500
1.578,1.221,11.500
1.761,1.373,11.500
1.589,1.249,11.500
1.764,1.397,11.500
1.606,1.283,11.500
1.733,1.396,11.500
1.556,1.263,11.500
1.837,1.503,11.500
1.729,1.426,11.500
1.548,1.287,11.500
1.731,1.451,11.500
1.538,1.299,11.500
1.532,1.305,11.500
1.695,1.455,11.500
1.535,1.328,11.500
1.517,1.323,11.500
1.518,1.335,11.500
1.500,1.329,11.500
1.691,1.510,11.500
1.496,1.347,11.500
1.510,1.370,11.500
1.498,1.370,11.500
1.448,1.335,11.500
1.468,1.364,11.500
1.526,1.428,11.500
1.594,1.504,11.500
1.452,1.381,11.500
1.612,1.545,11.500
1.460,1.410,11.500
1.448,1.410,11.500
1.430,1.404,11.500
1.588,1.571,11.500
1.480,1.476,11.500
1.402,1.408,11.500
1.408,1.426,11.500
1.415,1.444,11.500
1.373,1.412,11.500
1.397,1.449,11.500
1.562,1.632,11.500
1.380,1.453,11.500
1.509,1.601,11.500
1.392,1.489,11.500
1.369,1.476,11.500
1.518,1.650,11.500
1.375,1.506,11.500
1.351,1.492,11.500
1.510,1.680,11.500
1.464,1.642,11.500
1.485,1.679,11.500
1.322,1.506,11.500
1.333,1.531,11.500
1.316,1.523,11.500
1.321,1.541,11.500
1.332,1.566,11.500
1.303,1.545,11.500
1.396,1.668,11.500
1.443,1.738,11.500
1.285,1.560,11.500
1.279,1.565,11.500
1.284,1.584,11.500
1.261,1.569,11.500
1.408,1.766,11.500
1.381,1.745,11.500
1.248,1.590,11.500
1.231,1.581,11.500
1.345,1.741,11.500
1.234,1.612,11.500
1.223,1.610,11.500
1.222,1.621,11.500
1.337,1.789,11.500
1.209,1.631,11.500
1.343,1.826,11.500
1.201,1.647,11.500
1.185,1.638,11.500
1.183,1.650,11.500
1.285,1.806,11.500
1.180,1.673,11.500
1.198,1.713,11.500
1.147,1.654,11.500
1.266,1.840,11.500
1.254,1.838,11.500
1.138,1.681,11.500
1.126,1.679,11.500
1.124,1.690,11.500
1.220,1.851,11.500
1.073,1.641,11.500
1.100,1.696,11.500
1.079,1.679,11.500
1.236,1.940,11.500
1.061,1.680,11.500
1.073,1.713,11.500
1.196,1.926,11.500
1.046,1.699,11.500
1.163,1.907,11.500
1.028,1.700,11.500
1.101,1.836,11.500
1.006,1.693,11.500
1.129,1.918,11.500
1.142,1.958,11.500
0.964,1.667,11.500
0.996,1.739,11.500
1.111,1.957,11.500
0.974,1.732,11.500
1.100,1.973,11.500
0.986,1.785,11.500
1.052,1.923,11.500
0.963,1.777,11.500
1.061,1.975,11.500
0.953,1.792,11.500
0.942,1.788,11.500
0.883,1.692,11.500
1.007,1.947,11.500
0.917,1.792,11.500
0.999,1.970,11.500
0.919,1.830,11.500
0.942,1.894,11.500
0.885,1.798,11.500
0.878,1.801,11.500
0.975,2.019,11.500
0.959,2.008,11.500
0.872,1.843,11.500
0.846,1.807,11.500
0.932,2.011,11.500
0.843,1.837,11.500
0.944,2.079,11.500
0.825,1.836,11.500
0.825,1.855,11.500
0.807,1.835,11.500
0.803,1.846,11.500
0.880,2.044,11.500
0.859,2.016,11.500
0.781,1.855,11.500
0.978,2.347,11.500
0.764,1.853,11.500
0.763,1.872,11.500
0.762,1.891,11.500
0.820,2.059,11.500
0.738,1.873,11.500
0.740,1.900,11.500
0.720,1.870,11.500
0.791,2.080,11.500
0.693,1.844,11.500
0.695,1.871,11.500
0.693,1.890,11.500
0.689,1.900,11.500
0.710,1.984,11.500
0.677,1.914,11.500
0.661,1.892,11.500
0.734,2.127,11.500
0.646,1.897,11.500
0.647,1.924,11.500
0.628,1.894,11.500
0.626,1.913,11.500
0.692,2.141,11.500
0.676,2.120,11.500
0.614,1.953,11.500
0.594,1.914,11.500
0.579,1.892,11.500
0.586,1.944,11.500
0.660,2.220,11.500
0.607,2.071,11.500
0.622,2.154,11.500
0.588,2.067,11.500
0.573,2.045,11.500
0.561,2.031,11.500
0.544,2.000,11.500
0.549,2.052,11.500
0.545,2.070,11.500
0.604,2.329,11.500
0.529,2.075,11.500
0.582,2.318,11.500
0.513,2.079,11.500
0.487,2.006,11.500
0.487,2.041,11.500
0.496,2.117,11.500
0.465,2.020,11.500
0.472,2.088,11.500
0.505,2.277,11.500
0.500,2.295,11.500
0.486,2.273,11.500
0.432,2.062,11.500
0.429,2.089,11.500
0.462,2.295,11.500
0.411,2.084,11.500
0.400,2.069,11.500
0.438,2.316,11.500
0.390,2.105,11.500
0.381,2.107,11.500
0.415,2.345,11.500
0.364,2.101,11.500
0.357,2.111,11.500
0.346,2.096,11.500
0.337,2.097,11.500
0.365,2.329,11.500
0.325,2.125,11.500
0.369,2.476,11.500
0.306,2.111,11.500
0.295,2.095,11.500
0.321,2.344,11.500
0.281,2.114,11.500
0.302,2.346,11.500
0.263,2.108,11.500
0.258,2.134,11.500
0.247,2.110,11.500
0.239,2.119,11.500
0.231,2.120,11.500
0.223,2.121,11.500
0.235,2.321,11.500
0.204,2.106,11.500
0.196,2.106,11.500
0.185,2.073,11.500
0.198,2.324,11.500
0.190,2.342,11.500
0.175,2.260,11.500
0.154,2.101,11.500
0.162,2.327,11.500
0.139,2.128,11.500
0.144,2.345,11.500
0.123,2.137,11.500
0.122,2.263,11.500
0.108,2.172,11.500
0.107,2.339,11.500
0.090,2.156,11.500
0.089,2.339,11.500
0.073,2.148,11.500
0.072,2.397,11.500
0.058,2.216,11.500
0.050,2.250,11.500
0.043,2.349,11.500
0.033,2.258,11.500
0.024,2.267,11.500
0.015,2.233,11.500
0.006,2.258,11.500
-0.003,2.447,11.500
-0.012,2.258,11.500
-0.020,2.233,11.500
-0.030,2.275,11.500
-0.044,2.590,11.500
-0.047,2.258,11.500
-0.061,2.446,11.500
-0.071,2.462,11.500
-0.074,2.257,11.500
-0.082,2.232,11.500
-0.100,2.469,11.500
-0.100,2.248,11.500
-0.107,2.214,11.500
-0.129,2.468,11.500
-0.126,2.247,11.500
-0.146,2.434,11.500
-0.145,2.262,11.500
-0.153,2.253,11.500
-0.159,2.211,11.500
-0.186,2.448,11.500
-0.197,2.463,11.500
-0.188,2.242,11.500
-0.215,2.446,11.500
-0.223,2.429,11.500
-0.213,2.223,11.500
-0.244,2.451,11.500
-0.225,2.172,11.500
-0.236,2.196,11.500
-0.246,2.203,11.500
-0.252,2.185,11.500
-0.264,2.209,11.500
-0.271,2.192,11.500
-0.279,2.191,11.500
-0.332,2.529,11.500
-0.299,2.205,11.500
-0.337,2.415,11.500
-0.316,2.203,11.500
-0.321,2.176,11.500
-0.332,2.192,11.500
-0.371,2.386,11.500
-0.384,2.408,11.500
-0.359,2.196,11.500
-0.402,2.397,11.500
-0.412,2.404,11.500
-0.379,2.159,11.500
-0.430,2.392,11.500
-0.399,2.172,11.500
-0.407,2.170,11.500
-0.416,2.169,11.500
-0.424,2.167,11.500
-0.475,2.376,11.500
-0.486,2.382,11.500
-0.464,2.227,11.500
-0.499,2.354,11.500
-0.470,2.175,11.500
-0.523,2.374,11.500
-0.495,2.204,11.500
-0.542,2.370,11.500
-0.499,2.143,11.500
-0.560,2.365,11.500
-0.545,2.260,11.500
-0.536,2.185,11.500
-0.568,2.279,11.500
-0.599,2.364,11.500
-0.584,2.267,11.500
-0.587,2.241,11.500
-0.572,2.150,11.500
-0.636,2.354,11.500
-0.618,2.250,11.500
-0.622,2.231,11.500
-0.608,2.149,11.500
-0.680,2.367,11.500
-0.705,2.418,11.500
-0.662,2.237,11.500
-0.733,2.443,11.500
-0.686,2.255,11.500
-0.685,2.221,11.500
-0.694,2.219,11.500
-0.759,2.394,11.500
-0.696,2.166,11.500
-0.763,2.342,11.500
-0.737,2.231,11.500
-0.737,2.205,11.500
-0.821,2.423,11.500
-0.800,2.330,11.500
-0.771,2.219,11.500
-0.764,2.169,11.500
-0.805,2.259,11.500
-0.784,2.171,11.500
-0.795,2.176,11.500
-0.809,2.188,11.500
-0.774,2.068,11.500
-0.820,2.166,11.500
-0.907,2.367,11.500
-0.834,2.152,11.500
-0.852,2.172,11.500
-0.869,2.191,11.500
-0.860,2.142,11.500
-0.877,2.162,11.500
-0.883,2.151,11.500
-0.863,2.078,11.500
-0.890,2.121,11.500
-0.908,2.140,11.500
-0.983,2.293,11.500
-0.928,2.140,11.500
-0.936,2.137,11.500
-0.935,2.110,11.500
-1.010,2.255,11.500
-0.944,2.088,11.500
-0.973,2.129,11.500
-0.978,2.118,11.500
-1.092,2.340,11.500
-0.988,2.095,11.500
-0.982,2.062,11.500
-1.106,2.299,11.500
-1.023,2.106,11.500
-1.020,2.080,11.500
-1.036,2.090,11.500
-1.131,2.260,11.500
-1.056,2.089,11.500
-1.159,2.272,11.500
-1.150,2.232,11.500
-1.077,2.070,11.500
-1.179,2.244,11.500
-1.176,2.219,11.500
-1.101,2.057,11.500
-1.085,2.009,11.500
-1.225,2.246,11.500
-1.121,2.036,11.500
-1.292,2.326,11.500
-1.129,2.013,11.500
-1.145,2.023,11.500
-1.181,2.068,11.500
-1.193,2.071,11.500
-1.173,2.017,11.500
-1.176,2.005,11.500
-1.300,2.195,11.500
-1.179,1.974,11.500
-1.208,2.005,11.500
-1.208,1.986,11.500
-1.211,1.974,11.500
-1.171,1.892,11.500
-1.364,2.184,11.500
-1.230,1.953,11.500
-1.308,2.059,11.500
-1.245,1.943,11.500
-1.257,1.945,11.500
-1.247,1.913,11.500
-1.401,2.131,11.500
-1.289,1.944,11.500
-1.292,1.932,11.500
-1.291,1.914,11.500
-1.417,2.083,11.500
-1.329,1.937,11.500
-1.327,1.919,11.500
-1.349,1.933,11.500
-1.337,1.901,11.500
-1.350,1.903,11.500
-1.343,1.877,11.500
-1.360,1.885,11.500
-1.372,1.887,11.500
-1.508,2.057,11.500
-1.382,1.869,11.500
-1.505,2.020,11.500
-1.396,1.858,11.500
-1.409,1.860,11.500
-1.411,1.847,11.500
-1.438,1.868,11.500
-1.435,1.849,11.500
-1.443,1.844,11.500
-1.570,1.990,11.500
-1.472,1.852,11.500
-1.454,1.814,11.500
-1.409,1.744,11.500
-1.606,1.972,11.500
-1.470,1.790,11.500
-1.488,1.797,11.500
-1.614,1.934,11.500
-1.611,1.916,11.500
-1.650,1.946,11.500
-1.537,1.798,11.500
-1.665,1.933,11.500
-1.529,1.762,11.500
-1.515,1.731,11.500
-1.543,1.749,11.500
-1.545,1.737,11.500
-1.562,1.743,11.500
-1.558,1.725,11.500
-1.701,1.869,11.500
-1.566,1.707,11.500
-1.573,1.701,11.500
-1.750,1.878,11.500
-1.741,1.853,11.500
-1.598,1.688,11.500
-1.599,1.676,11.500
-1.752,1.821,11.500
-1.612,1.663,11.500
-1.772,1.813,11.500
-1.619,1.645,11.500
-1.632,1.644,11.500
-1.661,1.661,11.500
-1.645,1.631,11.500
-1.750,1.722,11.500
-1.675,1.636,11.500
-1.699,1.646,11.500
-1.747,1.679,11.500
-1.771,1.689,11.500
-1.777,1.682,11.500
-1.760,1.653,11.500
-1.953,1.819,11.500
-1.791,1.655,11.500
-1.944,1.783,11.500
-1.804,1.641,11.500
-1.816,1.639,11.500
-1.918,1.718,11.500
-1.847,1.641,11.500
-1.979,1.744,11.500
-1.836,1.605,11.500
-1.842,1.598,11.500
-1.842,1.586,11.500
-1.867,1.594,11.500
-1.861,1.576,11.500
-1.873,1.574,11.500
-1.867,1.557,11.500
-2.020,1.671,11.500
-1.898,1.557,11.500
-2.064,1.680,11.500
-2.021,1.633,11.500
-1.922,1.540,11.500
-1.916,1.522,11.500
-2.059,1.623,11.500
-1.946,1.522,11.500
-1.984,1.539,11.500
-2.078,1.599,11.500
-1.977,1.509,11.500
-1.925,1.457,11.500
-1.937,1.455,11.500
-2.109,1.571,11.500
-1.955,1.444,11.500
-2.083,1.526,11.500
-1.953,1.419,11.500
-2.114,1.524,11.500
-1.991,1.423,11.500
-2.152,1.525,11.500
-1.995,1.402,11.500
-1.994,1.390,11.500
-2.019,1.396,11.500
-2.031,1.393,11.500
-2.010,1.366,11.500
-1.989,1.340,11.500
-2.048,1.369,11.500
-2.033,1.347,11.500
-2.289,1.504,11.500
-2.037,1.327,11.500
-2.149,1.388,11.500
-2.054,1.315,11.500
-2.066,1.311,11.500
-2.085,1.312,11.500
-2.337,1.458,11.500
-2.129,1.317,11.500
-2.168,1.329,11.500
-2.187,1.329,11.500
-2.061,1.242,11.500
-2.258,1.348,11.500
-2.127,1.258,11.500
-2.111,1.238,11.500
-2.287,1.329,11.500
-2.197,1.265,11.500
-2.132,1.217,11.500
-2.214,1.252,11.500
-2.149,1.204,11.500
-2.223,1.234,11.500
-2.406,1.324,11.500
-2.425,1.322,11.500
-2.437,1.316,11.500
-2.221,1.188,11.500
-2.331,1.235,11.500
-2.216,1.163,11.500
-2.284,1.187,11.500
-2.254,1.160,11.500
-2.287,1.166,11.500
-2.263,1.143,11.500
-2.274,1.137,11.500
-2.434,1.205,11.500
-2.269,1.112,11.500
-2.295,1.114,11.500
-2.503,1.203,11.500
-2.311,1.099,11.500
-2.344,1.104,11.500
-2.305,1.074,11.500
-2.323,1.072,11.500
-2.335,1.066,11.500
-2.756,1.246,11.500
-2.336,1.045,11.500
-2.347,1.039,11.500
-2.337,1.023,11.500
-2.355,1.020,11.500
-2.352,1.008,11.500
-2.334,0.989,11.500
-2.353,0.986,11.500
-2.342,0.971,11.500
-2.541,1.042,11.500
-2.379,0.965,11.500
-2.346,0.940,11.500
-2.393,0.949,11.500
-2.382,0.934,11.500
-2.416,0.936,11.500
-2.543,0.974,11.500
-2.583,0.977,11.500
-2.367,0.885,11.500
-2.408,0.889,11.500
-2.551,0.931,11.500
-2.385,0.860,11.500
-2.418,0.861,11.500
-2.406,0.846,11.500
-2.425,0.842,11.500
-2.405,0.825,11.500
-2.401,0.813,11.500
-2.404,0.803,11.500
-2.400,0.792,11.500
-2.418,0.787,11.500
-2.444,0.785,11.500
-2.640,0.836,11.500
-2.435,0.761,11.500
-2.453,0.756,11.500
-2.486,0.756,11.500
-2.444,0.732,11.500
-2.552,0.754,11.500
-2.487,0.724,11.500
-2.603,0.747,11.500
-2.643,0.747,11.500
-2.457,0.684,11.500
-2.626,0.720,11.500
-2.637,0.712,11.500
-2.617,0.695,11.500
-2.476,0.648,11.500
-2.486,0.640,11.500
-2.465,0.624,11.500
-2.437,0.607,11.500
-2.478,0.607,11.500
-2.796,0.673,11.500
-2.490,0.589,11.500
-2.690,0.625,11.500
-2.502,0.571,11.500
-2.481,0.556,11.500
-2.507,0.552,11.500
-2.796,0.604,11.500
-2.573,0.545,11.500
-2.605,0.541,11.500
-2.608,0.531,11.500
-2.813,0.561,11.500
-2.581,0.505,11.500
-2.591,0.496,11.500
-2.812,0.527,11.500
-2.594,0.476,11.500
-2.831,0.508,11.500
-2.810,0.493,11.500
-2.775,0.475,11.500
-2.602,0.435,11.500
-2.794,0.456,11.500
-2.636,0.419,11.500
-2.834,0.440,11.500
-2.647,0.400,11.500
-2.625,0.386,11.500
-2.634,0.377,11.500
-2.826,0.393,11.500
-2.629,0.355,11.500
-2.639,0.346,11.500
-2.808,0.357,11.500
-2.832,0.349,11.500
-2.627,0.313,11.500
-2.651,0.305,11.500
-2.851,0.317,11.500
-2.623,0.281,11.500
-2.861,0.295,11.500
-2.664,0.264,11.500
-2.840,0.271,11.500
-2.642,0.241,11.500
-2.651,0.232,11.500
-2.836,0.237,11.500
-2.645,0.210,11.500
-2.868,0.217,11.500
-2.662,0.191,11.500
-2.824,0.191,11.500
-2.862,0.183,11.500
-2.672,0.160,11.500
-2.879,0.161,11.500
-2.681,0.139,11.500
-2.658,0.128,11.500
-2.858,0.126,11.500
-2.659,0.107,11.500
-3.067,0.111,11.500
-2.814,0.091,11.500
-2.644,0.075,11.500
-2.699,0.066,11.500
-2.860,0.059,11.500
-2.637,0.044,11.500
-2.861,0.036,11.500
-2.846,0.025,11.500
-2.653,0.013,11.500
-2.661,0.002,11.500
-2.868,-0.009,11.500
-2.853,-0.020,11.500
-2.669,-0.029,11.500
-2.669,-0.039,11.500
-2.868,-0.054,11.500
-2.637,-0.060,11.500
-2.852,-0.076,11.500
-2.660,-0.081,11.500
-2.652,-0.091,11.500
-2.659,-0.102,11.500
-2.736,-0.116,11.500
-2.658,-0.123,11.500
-2.642,-0.132,11.500
-2.673,-0.144,11.500
-2.649,-0.153,11.500
-2.656,-0.164,11.500
-2.855,-0.188,11.500
-2.686,-0.187,11.500
-2.654,-0.196,11.500
-2.852,-0.221,11.500
-2.844,-0.232,11.500
-2.651,-0.227,11.500
-2.658,-0.238,11.500
-2.665,-0.249,11.500
-2.664,-0.259,11.500
-2.831,-0.287,11.500
-2.662,-0.280,11.500
-2.661,-0.291,11.500
-2.812,-0.319,11.500
-2.643,-0.310,11.500
-2.665,-0.323,11.500
-2.640,-0.331,11.500
-2.655,-0.343,11.500
-2.646,-0.352,11.500
-2.613,-0.358,11.500
-2.818,-0.398,11.500
-2.610,-0.379,11.500
-2.647,-0.395,11.500
-2.623,-0.402,11.500
-2.834,-0.445,11.500
-2.635,-0.425,11.500
-2.808,-0.464,11.500
-2.639,-0.447,11.500
-2.630,-0.456,11.500
-2.809,-0.498,11.500
-2.800,-0.508,11.500
-2.616,-0.485,11.500
-2.599,-0.493,11.500
-2.605,-0.504,11.500
-2.814,-0.556,11.500
-2.601,-0.525,11.500
-2.576,-0.530,11.500
-2.612,-0.548,11.500
-3.022,-0.647,11.500
-2.600,-0.567,11.500
-2.582,-0.574,11.500
-2.641,-0.598,11.500
-2.570,-0.592,11.500
-2.591,-0.608,11.500
-2.805,-0.670,11.500
-2.548,-0.619,11.500
-2.591,-0.640,11.500
-2.588,-0.650,11.500
-2.586,-0.660,11.500
-2.576,-0.669,11.500
-2.588,-0.683,11.500
-2.578,-0.691,11.500
-2.530,-0.689,11.500
-2.757,-0.762,11.500
-2.562,-0.719,11.500
-2.589,-0.738,11.500
-2.755,-0.797,11.500
-2.554,-0.749,11.500
-2.543,-0.757,11.500
-2.577,-0.778,11.500
-2.857,-0.875,11.500
-2.527,-0.784,11.500
-2.693,-0.848,11.500
-2.697,-0.860,11.500
-2.525,-0.816,11.500
-2.675,-0.877,11.500
-2.540,-0.844,11.500
-2.867,-0.965,11.500
-2.497,-0.851,11.500
-2.538,-0.876,11.500
-2.693,-0.942,11.500
-2.509,-0.888,11.500
-2.498,-0.895,11.500
-2.516,-0.913,11.500
-2.498,-0.917,11.500
-2.480,-0.922,11.500
-2.498,-0.940,11.500
-2.487,-0.947,11.500
-2.483,-0.957,11.500
-2.494,-0.972,11.500
-2.483,-0.979,11.500
-2.457,-0.980,11.500
-2.475,-0.998,11.500
-2.642,-1.078,11.500
-2.652,-1.094,11.500
-2.463,-1.027,11.500
-2.474,-1.043,11.500
-2.645,-1.128,11.500
-2.634,-1.135,11.500
-2.433,-1.060,11.500
-2.436,-1.072,11.500
-2.424,-1.079,11.500
-2.526,-1.136,11.500
-2.416,-1.098,11.500
-2.425,-1.114,11.500
-2.407,-1.117,11.500
-2.410,-1.129,11.500
-2.727,-1.291,11.500
-2.415,-1.155,11.500
-2.368,-1.144,11.500
-2.557,-1.248,11.500
-2.373,-1.169,11.500
-2.389,-1.189,11.500
-2.570,-1.291,11.500
-2.373,-1.204,11.500
-2.361,-1.210,11.500
-2.370,-1.226,11.500
-2.372,-1.239,11.500
-2.517,-1.327,11.500
-2.342,-1.247,11.500
-2.316,-1.245,11.500
-2.339,-1.269,11.500
-2.516,-1.378,11.500
-2.343,-1.295,11.500
-2.331,-1.300,11.500
-2.312,-1.302,11.500
-2.474,-1.406,11.500
-2.288,-1.312,11.500
-2.297,-1.329,11.500
-2.338,-1.365,11.500
-2.478,-1.460,11.500
-2.420,-1.438,11.500
-2.282,-1.369,11.500
-2.441,-1.477,11.500
-2.442,-1.491,11.500
-2.266,-1.395,11.500
-2.417,-1.502,11.500
-2.255,-1.413,11.500
-2.269,-1.434,11.500
-2.322,-1.481,11.500
-2.431,-1.564,11.500
-2.425,-1.573,11.500
-2.425,-1.587,11.500
-2.356,-1.555,11.500
-2.215,-1.475,11.500
-2.222,-1.492,11.500
-2.210,-1.496,11.500
-2.325,-1.587,11.500
-2.211,-1.522,11.500
-2.350,-1.632,11.500
-2.167,-1.517,11.500
-2.180,-1.539,11.500
-2.349,-1.672,11.500
-2.136,-1.534,11.500
-2.149,-1.556,11.500
-2.143,-1.564,11.500
-2.137,-1.572,11.500
-2.137,-1.585,11.500
-2.309,-1.727,11.500
-2.112,-1.593,11.500
-2.125,-1.615,11.500
-2.112,-1.619,11.500
-2.106,-1.627,11.500
-2.233,-1.739,11.500
-2.068,-1.624,11.500
-2.062,-1.632,11.500
-2.080,-1.660,11.500
-2.217,-1.784,11.500
-2.067,-1.676,11.500
-2.296,-1.877,11.500
-2.036,-1.677,11.500
-2.201,-1.828,11.500
-2.022,-1.693,11.500
-2.034,-1.716,11.500
-2.033,-1.729,11.500
-2.160,-1.852,11.500
-2.019,-1.745,11.500
-2.001,-1.743,11.500
-2.150,-1.888,11.500
-1.981,-1.753,11.500
-1.962,-1.751,11.500
-1.967,-1.769,11.500
-1.983,-1.798,11.500
-2.090,-1.909,11.500
-1.912,-1.760,11.500
-1.939,-1.800,11.500
-1.955,-1.828,11.500
-2.071,-1.952,11.500
-1.935,-1.838,11.500
-1.922,-1.841,11.500
-2.004,-1.934,11.500
-2.051,-1.995,11.500
-1.838,-1.803,11.500
-1.729,-1.708,11.500
-1.791,-1.783,11.500
-1.873,-1.880,11.500
-2.016,-2.040,11.500
-1.797,-1.833,11.500
-1.921,-1.974,11.500
-1.744,-1.807,11.500
-1.786,-1.865,11.500
-1.849,-1.946,11.500
-1.761,-1.867,11.500
-1.855,-1.983,11.500
-1.735,-1.870,11.500
-1.871,-2.031,11.500
-1.837,-2.010,11.500
-1.824,-2.012,11.500
-1.831,-2.036,11.500
-1.693,-1.897,11.500
-1.826,-2.062,11.500
-1.673,-1.905,11.500
-1.784,-2.047,11.500
-1.679,-1.942,11.500
-1.793,-2.090,11.500
-1.775,-2.086,11.500
-1.635,-1.937,11.500
-1.754,-2.094,11.500
-1.625,-1.956,11.500
-1.737,-2.107,11.500
-1.625,-1.987,11.500
-1.587,-1.956,11.500
-1.574,-1.956,11.500
-1.713,-2.146,11.500
-1.584,-2.000,11.500
-1.687,-2.148,11.500
-1.693,-2.172,11.500
-1.550,-2.006,11.500
-1.562,-2.037,11.500
-1.535,-2.018,11.500
-1.663,-2.205,11.500
-1.523,-2.036,11.500
-1.520,-2.048,11.500
-1.623,-2.206,11.500
-1.619,-2.218,11.500
-1.606,-2.218,11.500
-1.597,-2.225,11.500
-1.480,-2.078,11.500
-1.467,-2.077,11.500
-1.472,-2.102,11.500
-1.518,-2.186,11.500
-1.438,-2.088,11.500
-1.613,-2.362,11.500
-1.421,-2.099,11.500
-1.431,-2.131,11.500
-1.522,-2.286,11.500
-1.401,-2.122,11.500
-1.470,-2.246,11.500
-1.491,-2.297,11.500
-1.385,-2.152,11.500
-1.452,-2.276,11.500
-1.363,-2.156,11.500
-1.459,-2.327,11.500
-1.342,-2.160,11.500
-1.424,-2.312,11.500
-1.317,-2.157,11.500
-1.325,-2.189,11.500
-1.304,-2.174,11.500
-1.304,-2.193,11.500
-1.410,-2.393,11.500
-1.283,-2.196,11.500
-1.282,-2.215,11.500
-1.435,-2.501,11.500
-1.249,-2.197,11.500
-1.236,-2.195,11.500
-1.247,-2.234,11.500
-1.227,-2.218,11.500
-1.214,-2.216,11.500
-1.306,-2.407,11.500
-1.204,-2.240,11.500
-1.192,-2.237,11.500
-1.212,-2.298,11.500
-1.167,-2.233,11.500
-1.158,-2.237,11.500
-1.182,-2.305,11.500
-1.151,-2.267,11.500
-1.223,-2.433,11.500
-1.140,-2.291,11.500
-1.145,-2.323,11.500
-1.122,-2.300,11.500
-1.198,-2.480,11.500
-1.104,-2.308,11.500
-1.095,-2.313,11.500
-1.086,-2.317,11.500
-1.156,-2.491,11.500
-1.068,-2.325,11.500
-1.140,-2.507,11.500
-1.056,-2.348,11.500
-1.044,-2.345,11.500
-1.028,-2.334,11.500
-1.013,-2.324,11.500
-1.013,-2.350,11.500
-1.004,-2.354,11.500
-0.982,-2.328,11.500
-1.072,-2.570,11.500
-1.045,-2.532,11.500
-1.032,-2.529,11.500
-1.013,-2.511,11.500
-1.021,-2.558,11.500
-0.924,-2.343,11.500
-0.924,-2.369,11.500
-0.996,-2.584,11.500
-1.021,-2.680,11.500
-0.899,-2.387,11.500
-0.911,-2.450,11.500
-0.888,-2.417,11.500
-0.942,-2.596,11.500
-0.869,-2.424,11.500
-0.922,-2.603,11.500
-0.845,-2.415,11.500
-0.840,-2.434,11.500
-0.821,-2.407,11.500
-0.816,-2.425,11.500
-0.799,-2.406,11.500
-0.792,-2.416,11.500
-0.855,-2.642,11.500
-0.776,-2.430,11.500
-0.764,-2.426,11.500
-0.750,-2.413,11.500
-0.752,-2.454,11.500
-0.744,-2.465,11.500
-0.728,-2.445,11.500
-0.771,-2.628,11.500
-0.702,-2.428,11.500
-0.701,-2.461,11.500
-0.744,-2.652,11.500
-0.684,-2.474,11.500
-0.668,-2.454,11.500
-0.661,-2.464,11.500
-0.653,-2.474,11.500
-0.649,-2.500,11.500
-0.628,-2.456,11.500
-0.622,-2.474,11.500
-0.605,-2.445,11.500
-0.608,-2.502,11.500
-0.642,-2.686,11.500
-0.578,-2.460,11.500
-0.619,-2.684,11.500
-0.610,-2.694,11.500
-0.554,-2.490,11.500
-0.547,-2.508,11.500
-0.538,-2.510,11.500
-0.528,-2.512,11.500
-0.515,-2.498,11.500
-0.503,-2.493,11.500
-0.504,-2.549,11.500
-0.490,-2.528,11.500
-0.517,-2.728,11.500
-0.466,-2.508,11.500
-0.454,-2.502,11.500
-0.449,-2.527,11.500
-0.436,-2.513,11.500
-0.463,-2.730,11.500
-0.418,-2.525,11.500
-0.406,-2.518,11.500
-0.426,-2.705,11.500
-0.414,-2.699,11.500
-0.378,-2.531,11.500
-0.394,-2.710,11.500
-0.358,-2.534,11.500
-0.345,-2.511,11.500
-0.335,-2.513,11.500
-0.331,-2.561,11.500
-0.341,-2.717,11.500
-0.332,-2.734,11.500
-0.297,-2.534,11.500
-0.309,-2.721,11.500
-0.278,-2.544,11.500
-0.266,-2.521,11.500
-0.258,-2.546,11.500
-0.267,-2.733,11.500
-0.237,-2.532,11.500
-0.227,-2.533,11.500
-0.218,-2.550,11.500
-0.210,-2.566,11.500
-0.198,-2.551,11.500
-0.188,-2.544,11.500
-0.178,-2.545,11.500
-0.168,-2.553,11.500
-0.171,-2.756,11.500
-0.143,-2.467,11.500
-0.139,-2.563,11.500
-0.137,-2.720,11.500
-0.117,-2.524,11.500
-0.107,-2.525,11.500
-0.097,-2.533,11.500
-0.091,-2.628,11.500
-0.079,-2.589,11.500
-0.067,-2.510,11.500
-0.057,-2.510,11.500
-0.046,-2.454,11.500
-0.038,-2.535,11.500
-0.027,-2.447,11.500
-0.019,-2.731,11.500
-0.008,-2.543,11.500
0.002,-2.527,11.500
0.012,-2.598,11.500
0.024,-2.739,11.500
0.031,-2.495,11.500
0.042,-2.558,11.500
0.052,-2.566,11.500
0.059,-2.422,11.500
0.078,-2.761,11.500
0.082,-2.558,11.500
0.092,-2.541,11.500
0.102,-2.557,11.500
0.121,-2.759,11.500
0.121,-2.532,11.500
0.125,-2.419,11.500
0.142,-2.547,11.500
0.164,-2.741,11.500
0.160,-2.514,11.500
0.186,-2.748,11.500
0.195,-2.724,11.500
0.183,-2.424,11.500
0.199,-2.511,11.500
0.220,-2.644,11.500
0.222,-2.549,11.500
0.220,-2.413,11.500
0.243,-2.555,11.500
0.241,-2.427,11.500
0.271,-2.632,11.500
0.269,-2.513,11.500
0.274,-2.464,11.500
0.292,-2.542,11.500
0.339,-2.848,11.500
0.308,-2.508,11.500
0.343,-2.702,11.500
0.333,-2.545,11.500
0.341,-2.528,11.500
0.351,-2.527,11.500
0.390,-2.726,11.500
0.374,-2.547,11.500
0.368,-2.435,11.500
0.372,-2.402,11.500
0.429,-2.697,11.500
0.419,-2.572,11.500
0.420,-2.516,11.500
0.457,-2.669,11.500
0.430,-2.458,11.500
0.451,-2.519,11.500
0.439,-2.399,11.500
0.485,-2.593,11.500
0.481,-2.513,11.500
0.469,-2.401,11.500
0.499,-2.502,11.500
0.488,-2.398,11.500
0.520,-2.505,11.500
0.512,-2.417,11.500
0.516,-2.392,11.500
0.570,-2.591,11.500
0.540,-2.411,11.500
0.546,-2.393,11.500
0.554,-2.383,11.500
0.585,-2.475,11.500
0.619,-2.572,11.500
0.580,-2.369,11.500
0.620,-2.491,11.500
0.608,-2.403,11.500
0.665,-2.585,11.500
0.667,-2.552,11.500
0.626,-2.357,11.500
0.644,-2.386,11.500
0.655,-2.391,11.500
0.701,-2.518,11.500
0.667,-2.362,11.500
0.725,-2.528,11.500
0.737,-2.533,11.500
0.693,-2.347,11.500
0.763,-2.549,11.500
0.771,-2.539,11.500
0.711,-2.307,11.500
0.732,-2.343,11.500
0.739,-2.333,11.500
0.804,-2.504,11.500
0.759,-2.334,11.500
0.771,-2.339,11.500
0.778,-2.328,11.500
0.843,-2.491,11.500
0.791,-2.307,11.500
0.870,-2.507,11.500
0.806,-2.293,11.500
0.884,-2.485,11.500
0.821,-2.279,11.500
0.833,-2.283,11.500
0.859,-2.326,11.500
0.926,-2.478,11.500
0.928,-2.452,11.500
0.869,-2.270,11.500
0.892,-2.304,11.500
0.962,-2.456,11.500
0.901,-2.275,11.500
0.904,-2.256,11.500
0.988,-2.437,11.500
0.928,-2.264,11.500
0.937,-2.260,11.500
0.936,-2.234,11.500
1.032,-2.436,11.500
0.957,-2.234,11.500
1.057,-2.442,11.500
0.975,-2.227,11.500
0.993,-2.245,11.500
1.092,-2.444,11.500
1.004,-2.222,11.500
1.013,-2.219,11.500
1.038,-2.251,11.500
1.057,-2.269,11.500
1.046,-2.221,11.500
1.040,-2.188,11.500
1.042,-2.169,11.500
1.155,-2.380,11.500
1.077,-2.197,11.500
1.174,-2.371,11.500
1.087,-2.174,11.500
1.055,-2.090,11.500
1.052,-2.064,11.500
1.214,-2.359,11.500
1.098,-2.114,11.500
1.129,-2.152,11.500
1.141,-2.155,11.500
1.251,-2.340,11.500
1.158,-2.146,11.500
1.174,-2.156,11.500
1.171,-2.130,11.500
1.288,-2.320,11.500
1.196,-2.135,11.500
1.192,-2.109,11.500
1.204,-2.111,11.500
1.304,-2.266,11.500
1.233,-2.123,11.500
1.233,-2.104,11.500
1.258,-2.127,11.500
1.237,-2.073,11.500
1.258,-2.089,11.500
1.378,-2.268,11.500
1.257,-2.052,11.500
1.383,-2.237,11.500
1.299,-2.083,11.500
1.312,-2.085,11.500
1.320,-2.080,11.500
1.414,-2.208,11.500
1.318,-2.042,11.500
1.331,-2.044,11.500
1.339,-2.038,11.500
1.360,-2.053,11.500
1.355,-2.028,11.500
1.354,-2.009,11.500
1.491,-2.195,11.500
1.369,-1.998,11.500
1.391,-2.013,11.500
1.404,-2.014,11.500
1.521,-2.165,11.500
1.405,-1.983,11.500
1.432,-2.004,11.500
1.407,-1.952,11.500
1.550,-2.134,11.500
1.427,-1.948,11.500
1.463,-1.981,11.500
1.585,-2.128,11.500
1.469,-1.957,11.500
1.481,-1.958,11.500
1.586,-2.078,11.500
1.608,-2.091,11.500
1.494,-1.927,11.500
1.615,-2.066,11.500
1.510,-1.915,11.500
1.636,-2.059,11.500
1.530,-1.910,11.500
1.642,-2.034,11.500
1.545,-1.898,11.500
1.683,-2.051,11.500
1.549,-1.873,11.500
1.504,-1.804,11.500
1.579,-1.879,11.500
1.674,-1.977,11.500
1.578,-1.849,11.500
1.554,-1.805,11.500
1.523,-1.756,11.500
1.736,-1.986,11.500
1.596,-1.811,11.500
1.549,-1.744,11.500
1.589,-1.775,11.500
1.704,-1.888,11.500
1.564,-1.720,11.500
1.729,-1.886,11.500
1.660,-1.797,11.500
1.634,-1.755,11.500
1.669,-1.778,11.500
1.726,-1.824,11.500
1.621,-1.700,11.500
1.582,-1.646,11.500
1.713,-1.769,11.500
1.652,-1.693,11.500
1.619,-1.645,11.500
1.654,-1.668,11.500
1.870,-1.871,11.500
1.656,-1.644,11.500
1.650,-1.626,11.500
1.657,-1.619,11.500
1.820,-1.765,11.500
1.792,-1.724,11.500
1.693,-1.616,11.500
1.700,-1.610,11.500
1.789,-1.681,11.500
1.700,-1.585,11.500
1.694,-1.567,11.500
1.862,-1.709,11.500
1.773,-1.615,11.500
1.767,-1.597,11.500
1.737,-1.557,11.500
1.840,-1.637,11.500
1.681,-1.483,11.500
1.913,-1.675,11.500
1.847,-1.604,11.500
2.004,-1.727,11.500
1.872,-1.600,11.500
2.012,-1.706,11.500
1.791,-1.507,11.500
1.797,-1.500,11.500
1.778,-1.472,11.500
1.940,-1.594,11.500
1.802,-1.468,11.500
1.814,-1.467,11.500
1.794,-1.439,11.500
1.984,-1.578,11.500
1.818,-1.435,11.500
1.811,-1.418,11.500
1.836,-1.426,11.500
1.996,-1.537,11.500
1.854,-1.416,11.500
1.840,-1.394,11.500
2.001,-1.504,11.500
1.877,-1.399,11.500
2.057,-1.521,11.500
1.875,-1.375,11.500
1.887,-1.372,11.500
1.879,-1.355,11.500
1.891,-1.353,11.500
2.158,-1.531,11.500
1.921,-1.352,11.500
2.066,-1.442,11.500
2.104,-1.456,11.500
2.004,-1.375,11.500
2.089,-1.422,11.500
2.134,-1.440,11.500
1.953,-1.306,11.500
1.958,-1.299,11.500
1.949,-1.282,11.500
2.123,-1.385,11.500
1.952,-1.262,11.500
1.943,-1.246,11.500
1.997,-1.269,11.500
1.974,-1.243,11.500
1.930,-1.205,11.500
1.983,-1.228,11.500
1.974,-1.212,11.500
1.993,-1.212,11.500
2.005,-1.209,11.500
1.974,-1.180,11.500
2.007,-1.189,11.500
2.005,-1.177,11.500
2.198,-1.279,11.500
2.014,-1.161,11.500
2.040,-1.165,11.500
2.044,-1.157,11.500
2.225,-1.248,11.500
2.230,-1.239,11.500
2.043,-1.125,11.500
2.260,-1.233,11.500
2.031,-1.097,11.500
2.049,-1.097,11.500
2.075,-1.101,11.500
2.094,-1.100,11.500
2.018,-1.050,11.500
2.044,-1.054,11.500
2.100,-1.072,11.500
2.262,-1.144,11.500
2.079,-1.041,11.500
2.068,-1.025,11.500
2.072,-1.017,11.500
2.428,-1.180,11.500
2.117,-1.019,11.500
2.296,-1.094,11.500
2.103,-0.991,11.500
2.099,-0.980,11.500
2.118,-0.978,11.500
2.151,-0.984,11.500
2.095,-0.948,11.500
2.137,-0.957,11.500
2.125,-0.942,11.500
2.314,-1.015,11.500
2.140,-0.928,11.500
2.300,-0.987,11.500
2.334,-0.990,11.500
2.166,-0.909,11.500
2.341,-0.972,11.500
2.150,-0.883,11.500
2.161,-0.878,11.500
2.165,-0.869,11.500
2.184,-0.867,11.500
2.172,-0.852,11.500
2.356,-0.914,11.500
2.367,-0.907,11.500
2.158,-0.818,11.500
2.396,-0.897,11.500
2.165,-0.801,11.500
2.230,-0.815,11.500
2.155,-0.778,11.500
2.282,-0.814,11.500
2.169,-0.764,11.500
2.219,-0.772,11.500
2.398,-0.823,11.500
2.147,-0.728,11.500
2.220,-0.743,11.500
2.207,-0.729,11.500
2.425,-0.791,11.500
2.221,-0.714,11.500
2.401,-0.762,11.500
2.211,-0.692,11.500
2.229,-0.688,11.500
2.184,-0.665,11.500
2.420,-0.726,11.500
2.237,-0.662,11.500
2.128,-0.621,11.500
2.274,-0.653,11.500
2.260,-0.640,11.500
2.247,-0.627,11.500
2.242,-0.616,11.500
2.228,-0.603,11.500
2.206,-0.587,11.500
2.452,-0.643,11.500
2.251,-0.580,11.500
2.245,-0.570,11.500
2.271,-0.567,11.500
2.431,-0.596,11.500
2.260,-0.545,11.500
2.278,-0.540,11.500
2.256,-0.525,11.500
2.479,-0.567,11.500
2.276,-0.511,11.500
2.246,-0.495,11.500
2.485,-0.538,11.500
2.266,-0.481,11.500
2.268,-0.472,11.500
2.492,-0.509,11.500
2.296,-0.459,11.500
2.265,-0.444,11.500
2.275,-0.437,11.500
2.476,-0.465,11.500
2.278,-0.419,11.500
2.487,-0.447,11.500
2.314,-0.407,11.500
2.307,-0.396,11.500
2.301,-0.386,11.500
2.580,-0.422,11.500
2.336,-0.373,11.500
2.305,-0.359,11.500
2.522,-0.382,11.500
2.300,-0.339,11.500
2.285,-0.328,11.500
2.511,-0.350,11.500
2.496,-0.338,11.500
2.297,-0.302,11.500
2.306,-0.294,11.500
2.524,-0.312,11.500
2.341,-0.280,11.500
2.502,-0.289,11.500
2.519,-0.281,11.500
2.319,-0.250,11.500
2.296,-0.238,11.500
2.289,-0.228,11.500
2.314,-0.222,11.500
2.532,-0.233,11.500
2.332,-0.205,11.500
2.316,-0.194,11.500
2.325,-0.186,11.500
2.544,-0.193,11.500
2.536,-0.183,11.500
2.311,-0.158,11.500
2.336,-0.150,11.500
2.320,-0.140,11.500
2.523,-0.142,11.500
2.330,-0.122,11.500
2.363,-0.115,11.500
2.331,-0.104,11.500
2.573,-0.105,11.500
2.331,-0.086,11.500
2.323,-0.076,11.500
2.307,-0.067,11.500
2.349,-0.059,11.500
2.534,-0.053,11.500
2.266,-0.039,11.500
2.527,-0.033,11.500
1.969,-0.018,12.000
1.891,-0.010,12.000
2.225,-0.003,12.000
1.952,0.005,12.000
1.943,0.013,12.000
2.021,0.021,12.000
1.891,0.027,12.000
1.891,0.034,12.000
2.132,0.047,12.000
2.132,0.056,12.000
1.934,0.058,12.000
2.140,0.073,12.000
1.898,0.072,12.000
1.959,0.082,12.000
1.889,0.086,12.000
1.915,0.095,12.000
2.096,0.112,12.000
1.905,0.110,12.000
1.887,0.116,12.000
1.869,0.122,12.000
2.111,0.146,12.000
1.895,0.139,12.000
1.894,0.146,12.000
1.902,0.154,12.000
1.936,0.165,12.000
1.988,0.177,12.000
1.892,0.176,12.000
1.882,0.182,12.000
1.934,0.195,12.000
2.104,0.221,12.000
1.958,0.213,12.000
1.861,0.210,12.000
1.878,0.219,12.000
1.886,0.228,12.000
2.082,0.260,12.000
1.752,0.226,12.000
2.106,0.279,12.000
1.821,0.249,12.000
1.872,0.263,12.000
1.748,0.253,12.000
1.739,0.259,12.000
2.007,0.306,12.000
1.825,0.286,12.000
1.735,0.279,12.000
1.734,0.286,12.000
2.094,0.354,12.000
1.863,0.322,12.000
1.853,0.328,12.000
1.738,0.315,12.000
2.005,0.371,12.000
1.736,0.328,12.000
1.717,0.332,12.000
1.760,0.347,12.000
1.948,0.392,12.000
1.774,0.364,12.000
1.747,0.366,12.000
1.728,0.369,12.000
1.700,0.370,12.000
1.931,0.428,12.000
1.697,0.383,12.000
1.739,0.400,12.000
1.720,0.403,12.000
1.710,0.407,12.000
1.717,0.416,12.000
1.921,0.474,12.000
1.722,0.432,12.000
2.124,0.541,12.000
1.702,0.441,12.000
1.656,0.436,12.000
1.707,0.456,12.000
1.917,0.521,12.000
1.737,0.479,12.000
1.693,0.474,12.000
1.717,0.488,12.000
1.934,0.558,12.000
1.695,0.496,12.000
1.702,0.506,12.000
1.927,0.581,12.000
1.672,0.511,12.000
1.705,0.528,12.000
1.694,0.532,12.000
1.885,0.600,12.000
1.664,0.537,12.000
1.905,0.623,12.000
1.668,0.553,12.000
1.666,0.560,12.000
1.873,0.637,12.000
1.653,0.570,12.000
1.668,0.582,12.000
1.666,0.589,12.000
1.663,0.595,12.000
1.644,0.596,12.000
1.865,0.684,12.000
1.673,0.621,12.000
1.645,0.618,12.000
1.643,0.625,12.000
1.838,0.707,12.000
1.671,0.650,12.000
1.984,0.781,12.000
1.616,0.644,12.000
1.778,0.716,12.000
1.620,0.660,12.000
1.853,0.763,12.000
1.737,0.724,12.000
1.562,0.658,12.000
1.650,0.703,12.000
1.713,0.737,12.000
1.628,0.708,12.000
1.625,0.715,12.000
1.515,0.673,12.000
1.820,0.818,12.000
1.502,0.682,12.000
1.507,0.691,12.000
1.676,0.776,12.000
1.632,0.764,12.000
1.474,0.697,12.000
1.690,0.807,12.000
1.469,0.709,12.000
1.692,0.825,12.000
1.463,0.720,12.000
1.452,0.722,12.000
1.458,0.732,12.000
1.655,0.839,12.000
1.452,0.743,12.000
1.449,0.749,12.000
1.454,0.759,12.000
1.451,0.764,12.000
1.654,0.880,12.000
1.453,0.780,12.000
1.450,0.786,12.000
1.431,0.783,12.000
1.663,0.918,12.000
1.433,0.798,12.000
1.430,0.804,12.000
1.426,0.810,12.000
1.633,0.935,12.000
1.420,0.821,12.000
1.401,0.817,12.000
1.413,0.832,12.000
1.611,0.956,12.000
1.415,0.848,12.000
1.388,0.839,12.000
1.400,0.854,12.000
1.596,0.982,12.000
1.378,0.855,12.000
1.367,0.856,12.000
1.394,0.881,12.000
1.719,1.095,12.000
1.387,0.892,12.000
1.384,0.897,12.000
1.365,0.892,12.000
1.579,1.041,12.000
1.366,0.908,12.000
1.548,1.038,12.000
1.530,1.035,12.000
1.548,1.056,12.000
1.283,0.883,12.000
1.546,1.073,12.000
1.359,0.950,12.000
1.531,1.080,12.000
1.344,0.956,12.000
1.348,0.966,12.000
1.336,0.966,12.000
1.325,0.966,12.000
1.336,0.982,12.000
1.310,0.971,12.000
1.328,0.993,12.000
1.482,1.117,12.000
1.299,0.986,12.000
1.381,1.058,12.000
1.284,0.991,12.000
1.464,1.140,12.000
1.262,0.990,12.000
1.442,1.140,12.000
1.167,0.930,12.000
1.453,1.168,12.000
1.189,0.963,12.000
1.249,1.020,12.000
1.231,1.013,12.000
1.269,1.053,12.000
1.437,1.202,12.000
1.261,1.063,12.000
1.222,1.038,12.000
1.232,1.055,12.000
1.418,1.224,12.000
1.237,1.077,12.000
1.233,1.082,12.000
1.222,1.080,12.000
1.218,1.085,12.000
1.220,1.096,12.000
1.343,1.216,12.000
1.205,1.099,12.000
1.207,1.110,12.000
1.209,1.121,12.000
1.362,1.273,12.000
1.194,1.124,12.000
1.183,1.123,12.000
1.178,1.127,12.000
1.167,1.126,12.000
1.170,1.137,12.000
1.159,1.135,12.000
1.346,1.328,12.000
1.065,1.059,12.000
1.323,1.326,12.000
1.160,1.172,12.000
1.130,1.151,12.000
1.138,1.168,12.000
1.140,1.179,12.000
1.303,1.359,12.000
1.112,1.168,12.000
1.126,1.193,12.000
1.109,1.184,12.000
1.263,1.359,12.000
1.093,1.186,12.000
1.020,1.115,12.000
1.121,1.235,12.000
1.097,1.219,12.000
1.236,1.384,12.000
1.219,1.376,12.000
1.083,1.232,12.000
1.220,1.398,12.000
1.067,1.233,12.000
1.209,1.408,12.000
1.198,1.406,12.000
1.053,1.246,12.000
0.959,1.144,12.000
1.181,1.420,12.000
1.192,1.445,12.000
0.992,1.212,12.000
0.970,1.195,12.000
0.994,1.234,12.000
1.164,1.457,12.000
0.967,1.221,12.000
0.928,1.181,12.000
1.009,1.293,12.000
1.152,1.489,12.000
0.943,1.228,12.000
0.921,1.210,12.000
0.983,1.302,12.000
0.978,1.305,12.000
0.983,1.324,12.000
1.116,1.515,12.000
0.919,1.258,12.000
0.887,1.224,12.000
0.904,1.257,12.000
0.855,1.200,12.000
0.952,1.347,12.000
1.009,1.439,12.000
0.857,1.233,12.000
0.921,1.335,12.000
0.982,1.436,12.000
0.915,1.350,12.000
0.976,1.451,12.000
0.854,1.281,12.000
1.038,1.570,12.000
0.899,1.372,12.000
1.011,1.556,12.000
0.853,1.325,12.000
0.863,1.351,12.000
0.916,1.447,12.000
0.862,1.374,12.000
0.933,1.500,12.000
0.808,1.310,12.000
0.822,1.345,12.000
0.793,1.308,12.000
0.840,1.398,12.000
0.848,1.425,12.000
0.777,1.318,12.000
0.878,1.502,12.000
0.799,1.379,12.000
0.862,1.501,12.000
0.784,1.378,12.000
0.828,1.468,12.000
0.723,1.295,12.000
0.723,1.306,12.000
0.722,1.317,12.000
0.869,1.599,12.000
0.773,1.436,12.000
0.767,1.439,12.000
0.727,1.377,12.000
0.705,1.347,12.000
0.704,1.358,12.000
0.798,1.556,12.000
0.710,1.397,12.000
0.696,1.383,12.000
0.711,1.427,12.000
0.640,1.296,12.000
0.655,1.341,12.000
0.674,1.394,12.000
0.649,1.354,12.000
0.803,1.693,12.000
0.766,1.632,12.000
0.660,1.421,12.000
0.727,1.581,12.000
0.630,1.384,12.000
0.740,1.643,12.000
0.755,1.695,12.000
0.716,1.625,12.000
0.660,1.512,12.000
0.756,1.752,12.000
0.725,1.698,12.000
0.732,1.734,12.000
0.632,1.513,12.000
0.626,1.516,12.000
0.624,1.527,12.000
0.672,1.663,12.000
0.605,1.515,12.000
0.596,1.508,12.000
0.603,1.545,12.000
0.597,1.547,12.000
0.668,1.750,12.000
0.582,1.543,12.000
0.576,1.546,12.000
0.570,1.548,12.000
0.631,1.736,12.000
0.554,1.544,12.000
0.554,1.563,12.000
0.642,1.834,12.000
0.539,1.559,12.000
0.600,1.756,12.000
0.601,1.783,12.000
0.518,1.556,12.000
0.509,1.550,12.000
0.503,1.552,12.000
0.502,1.571,12.000
0.556,1.761,12.000
0.517,1.661,12.000
0.508,1.655,12.000
0.525,1.734,12.000
0.362,1.212,12.000
0.424,1.441,12.000
0.462,1.593,12.000
0.460,1.612,12.000
0.500,1.778,12.000
0.448,1.616,12.000
0.429,1.573,12.000
0.484,1.801,12.000
0.419,1.586,12.000
0.413,1.587,12.000
0.460,1.798,12.000
0.398,1.582,12.000
0.397,1.601,12.000
0.447,1.837,12.000
0.384,1.604,12.000
0.388,1.650,12.000
0.373,1.616,12.000
0.417,1.835,12.000
0.375,1.681,12.000
0.358,1.638,12.000
0.344,1.604,12.000
0.388,1.842,12.000
0.357,1.730,12.000
0.334,1.652,12.000
0.340,1.715,12.000
0.293,1.511,12.000
0.332,1.744,12.000
0.370,1.987,12.000
0.316,1.738,12.000
0.310,1.739,12.000
0.301,1.732,12.000
0.333,1.959,12.000
0.286,1.725,12.000
0.279,1.726,12.000
0.278,1.763,12.000
0.269,1.746,12.000
0.296,1.974,12.000
0.238,1.632,12.000
0.249,1.758,12.000
0.237,1.723,12.000
0.234,1.751,12.000
0.258,1.988,12.000
0.248,1.971,12.000
0.215,1.763,12.000
0.208,1.763,12.000
0.201,1.764,12.000
0.219,1.992,12.000
0.187,1.766,12.000
0.179,1.758,12.000
0.171,1.749,12.000
0.188,1.995,12.000
0.159,1.760,12.000
0.155,1.796,12.000
0.147,1.787,12.000
0.134,1.716,12.000
0.147,1.973,12.000
0.125,1.771,12.000
0.119,1.790,12.000
0.112,1.799,12.000
0.116,1.983,12.000
0.096,1.764,12.000
0.090,1.782,12.000
0.083,1.774,12.000
0.085,1.985,12.000
0.068,1.756,12.000
0.061,1.739,12.000
0.055,1.784,12.000
0.057,2.106,12.000
0.040,1.739,12.000
0.037,1.943,12.000
0.027,1.766,12.000
0.023,2.004,12.000
0.014,1.891,12.000
0.007,1.873,12.000
-0.001,1.900,12.000
-0.009,2.116,12.000
-0.016,1.926,12.000
-0.022,1.838,12.000
-0.030,1.882,12.000
-0.041,2.055,12.000
-0.042,1.766,12.000
-0.058,2.098,12.000
-0.060,1.890,12.000
-0.076,2.123,12.000
-0.075,1.889,12.000
-0.090,2.062,12.000
-0.090,1.906,12.000
-0.108,2.096,12.000
-0.104,1.879,12.000
-0.125,2.103,12.000
-0.131,2.077,12.000
-0.127,1.895,12.000
-0.135,1.895,12.000
-0.141,1.886,12.000
-0.149,1.894,12.000
-0.186,2.242,12.000
-0.181,2.082,12.000
-0.173,1.901,12.000
-0.179,1.891,12.000
-0.188,1.908,12.000
-0.215,2.096,12.000
-0.200,1.880,12.000
-0.206,1.862,12.000
-0.216,1.887,12.000
-0.262,2.210,12.000
-0.259,2.117,12.000
-0.265,2.099,12.000
-0.247,1.892,12.000
-0.253,1.883,12.000
-0.259,1.873,12.000
-0.298,2.094,12.000
-0.275,1.880,12.000
-0.289,1.922,12.000
-0.313,2.023,12.000
-0.300,1.894,12.000
-0.319,1.961,12.000
-0.312,1.874,12.000
-0.343,2.010,12.000
-0.391,2.241,12.000
-0.351,1.964,12.000
-0.360,1.972,12.000
-0.373,1.996,12.000
-0.422,2.210,12.000
-0.373,1.916,12.000
-0.434,2.182,12.000
-0.399,1.964,12.000
-0.407,1.963,12.000
-0.418,1.978,12.000
-0.447,2.076,12.000
-0.431,1.966,12.000
-0.435,1.947,12.000
-0.449,1.971,12.000
-0.451,1.944,12.000
-0.526,2.230,12.000
-0.468,1.949,12.000
-0.506,2.072,12.000
-0.483,1.945,12.000
-0.499,1.977,12.000
-0.553,2.155,12.000
-0.513,1.964,12.000
-0.511,1.929,12.000
-0.521,1.935,12.000
-0.533,1.950,12.000
-0.598,2.152,12.000
-0.544,1.929,12.000
-0.559,1.952,12.000
-0.559,1.925,12.000
-0.624,2.118,12.000
-0.577,1.928,12.000
-0.621,2.049,12.000
-0.589,1.916,12.000
-0.667,2.140,12.000
-0.615,1.944,12.000
-0.679,2.119,12.000
-0.624,1.923,12.000
-0.627,1.904,12.000
-0.629,1.885,12.000
-0.718,2.124,12.000
-0.701,2.050,12.000
-0.665,1.918,12.000
-0.664,1.891,12.000
-0.677,1.905,12.000
-0.676,1.878,12.000
-0.701,1.924,12.000
-0.699,1.897,12.000
-0.775,2.077,12.000
-0.780,2.066,12.000
-0.706,1.848,12.000
-0.726,1.877,12.000
-0.740,1.891,12.000
-0.747,1.888,12.000
-0.824,2.058,12.000
-0.755,1.866,12.000
-0.756,1.847,12.000
-0.770,1.860,12.000
-0.856,2.045,12.000
-0.874,2.065,12.000
-0.788,1.843,12.000
-0.873,2.019,12.000
-0.803,1.836,12.000
-0.909,2.058,12.000
-0.821,1.838,12.000
-0.912,2.021,12.000
-0.839,1.839,12.000
-0.842,1.828,12.000
-0.949,2.040,12.000
-0.936,1.991,12.000
-0.958,2.017,12.000
-0.937,1.953,12.000
-0.885,1.827,12.000
-0.982,2.006,12.000
-0.982,1.987,12.000
-0.895,1.793,12.000
-1.013,2.009,12.000
-0.940,1.847,12.000
-0.920,1.790,12.000
-0.931,1.794,12.000
-0.934,1.783,12.000
-0.961,1.817,12.000
-0.944,1.768,12.000
-0.959,1.779,12.000
-1.072,1.969,12.000
-0.965,1.757,12.000
-0.980,1.768,12.000
-0.983,1.757,12.000
-1.102,1.952,12.000
-0.997,1.749,12.000
-1.003,1.745,12.000
-1.006,1.733,12.000
-1.199,2.048,12.000
-1.019,1.726,12.000
-1.156,1.940,12.000
-1.147,1.907,12.000
-1.044,1.721,12.000
-1.055,1.724,12.000
-1.058,1.713,12.000
-1.060,1.701,12.000
-1.066,1.697,12.000
-1.267,1.998,12.000
-1.094,1.710,12.000
-1.086,1.684,12.000
-1.107,1.702,12.000
-1.244,1.895,12.000
-1.120,1.693,12.000
-1.235,1.851,12.000
-1.114,1.655,12.000
-1.116,1.644,12.000
-1.161,1.696,12.000
-1.226,1.776,12.000
-1.184,1.701,12.000
-1.152,1.640,12.000
-1.153,1.629,12.000
-1.298,1.818,12.000
-1.201,1.669,12.000
-1.187,1.636,12.000
-1.392,1.903,12.000
-1.205,1.634,12.000
-1.201,1.615,12.000
-1.405,1.873,12.000
-1.193,1.578,12.000
-1.364,1.790,12.000
-1.305,1.698,12.000
-1.449,1.870,12.000
-1.265,1.620,12.000
-1.240,1.575,12.000
-1.257,1.583,12.000
-1.498,1.873,12.000
-1.285,1.594,12.000
-1.345,1.655,12.000
-1.352,1.649,12.000
-1.369,1.657,12.000
-1.321,1.586,12.000
-1.371,1.633,12.000
-1.383,1.634,12.000
-1.384,1.623,12.000
-1.537,1.788,12.000
-1.413,1.631,12.000
-1.375,1.574,12.000
-1.409,1.601,12.000
-1.415,1.595,12.000
-1.353,1.513,12.000
-1.439,1.596,12.000
-1.440,1.585,12.000
-1.446,1.579,12.000
-1.582,1.714,12.000
-1.441,1.549,12.000
-1.459,1.556,12.000
-1.476,1.562,12.000
-1.471,1.544,12.000
-1.621,1.689,12.000
-1.495,1.545,12.000
-1.489,1.527,12.000
-1.501,1.527,12.000
-1.659,1.675,12.000
-1.802,1.805,12.000
-1.452,1.443,12.000
-1.531,1.509,12.000
-1.543,1.509,12.000
-1.518,1.473,12.000
-1.615,1.555,12.000
-1.523,1.456,12.000
-1.639,1.554,12.000
-1.553,1.461,12.000
-1.712,1.597,12.000
-1.663,1.540,12.000
-1.570,1.443,12.000
-1.730,1.577,12.000
-1.700,1.537,12.000
-1.594,1.430,12.000
-1.587,1.412,12.000
-1.761,1.555,12.000
-2.048,1.795,12.000
-1.577,1.371,12.000
-1.704,1.470,12.000
-1.835,1.570,12.000
-1.709,1.451,12.000
-1.797,1.513,12.000
-1.701,1.421,12.000
-1.890,1.567,12.000
-1.725,1.418,12.000
-1.989,1.622,12.000
-1.769,1.431,12.000
-1.689,1.356,12.000
-1.946,1.549,12.000
-2.113,1.669,12.000
-1.778,1.393,12.000
-1.938,1.506,12.000
-1.782,1.374,12.000
-1.768,1.352,12.000
-1.786,1.355,12.000
-1.798,1.353,12.000
-1.980,1.478,12.000
-1.960,1.451,12.000
-1.979,1.453,12.000
-1.812,1.319,12.000
-2.003,1.447,12.000
-2.002,1.434,12.000
-2.001,1.421,12.000
-1.846,1.300,12.000
-1.831,1.279,12.000
-1.850,1.281,12.000
-1.848,1.269,12.000
-1.867,1.271,12.000
-2.001,1.351,12.000
-1.870,1.252,12.000
-2.052,1.362,12.000
-1.886,1.242,12.000
-1.891,1.235,12.000
-1.889,1.223,12.000
-2.080,1.334,12.000
-1.884,1.199,12.000
-1.896,1.196,12.000
-1.908,1.193,12.000
-2.094,1.297,12.000
-2.057,1.264,12.000
-1.936,1.179,12.000
-2.095,1.264,12.000
-1.938,1.159,12.000
-2.105,1.248,12.000
-1.926,1.132,12.000
-1.952,1.137,12.000
-2.154,1.243,12.000
-1.939,1.109,12.000
-1.950,1.105,12.000
-1.962,1.102,12.000
-2.243,1.248,12.000
-1.992,1.098,12.000
-2.147,1.173,12.000
-1.979,1.071,12.000
-2.157,1.156,12.000
-1.958,1.040,12.000
-2.137,1.124,12.000
-1.966,1.024,12.000
-1.992,1.028,12.000
-2.164,1.106,12.000
-2.008,1.016,12.000
-1.997,1.001,12.000
-2.177,1.081,12.000
-2.004,0.985,12.000
-2.023,0.984,12.000
-2.027,0.977,12.000
-2.046,0.976,12.000
-2.213,1.045,12.000
-2.039,0.953,12.000
-2.020,0.934,12.000
-2.195,1.005,12.000
-2.034,0.922,12.000
-2.046,0.917,12.000
-2.019,0.896,12.000
-2.203,0.967,12.000
-2.033,0.883,12.000
-2.029,0.872,12.000
-2.056,0.874,12.000
-2.135,0.898,12.000
-2.039,0.848,12.000
-2.058,0.846,12.000
-2.061,0.838,12.000
-2.255,0.907,12.000
-2.068,0.822,12.000
-2.055,0.808,12.000
-2.090,0.812,12.000
-2.062,0.792,12.000
-2.041,0.774,12.000
-2.115,0.793,12.000
-2.071,0.767,12.000
-2.074,0.759,12.000
-2.077,0.751,12.000
-2.095,0.748,12.000
-2.114,0.746,12.000
-2.070,0.721,12.000
-2.096,0.721,12.000
-2.332,0.792,12.000
-2.094,0.702,12.000
-2.136,0.707,12.000
-2.318,0.757,12.000
-2.306,0.743,12.000
-2.073,0.659,12.000
-2.342,0.734,12.000
-2.221,0.687,12.000
-2.128,0.649,12.000
-2.099,0.631,12.000
-2.346,0.695,12.000
-2.349,0.686,12.000
-2.122,0.611,12.000
-2.108,0.598,12.000
-2.341,0.654,12.000
-2.121,0.584,12.000
-2.140,0.580,12.000
-2.333,0.622,12.000
-2.144,0.563,12.000
-2.114,0.546,12.000
-2.132,0.542,12.000
-2.366,0.592,12.000
-2.128,0.523,12.000
-2.130,0.515,12.000
-2.357,0.560,12.000
-2.175,0.508,12.000
-2.377,0.545,12.000
-2.163,0.487,12.000
-2.148,0.475,12.000
-2.175,0.472,12.000
-2.377,0.506,12.000
-2.154,0.450,12.000
-2.164,0.443,12.000
-2.173,0.436,12.000
-2.224,0.437,12.000
-2.387,0.459,12.000
-2.145,0.404,12.000
-2.213,0.408,12.000
-2.165,0.390,12.000
-2.175,0.383,12.000
-2.379,0.410,12.000
-2.178,0.366,12.000
-2.212,0.363,12.000
-2.189,0.350,12.000
-2.182,0.341,12.000
-2.200,0.334,12.000
-2.185,0.323,12.000
-2.438,0.351,12.000
-2.187,0.306,12.000
-2.425,0.330,12.000
-2.189,0.289,12.000
-2.215,0.284,12.000
-2.216,0.275,12.000
-2.201,0.264,12.000
-2.194,0.255,12.000
-2.424,0.272,12.000
-2.196,0.237,12.000
-2.196,0.229,12.000
-2.189,0.219,12.000
-2.555,0.246,12.000
-2.199,0.203,12.000
-2.381,0.210,12.000
-2.382,0.201,12.000
-2.201,0.177,12.000
-2.235,0.171,12.000
-2.219,0.161,12.000
-2.178,0.150,12.000
-2.442,0.158,12.000
-2.204,0.134,12.000
-2.419,0.137,12.000
-2.222,0.118,12.000
-2.206,0.108,12.000
-2.215,0.100,12.000
-2.412,0.099,12.000
-2.405,0.089,12.000
-2.207,0.073,12.000
-2.199,0.064,12.000
-2.224,0.057,12.000
-2.208,0.047,12.000
-2.446,0.043,12.000
-2.217,0.030,12.000
-2.250,0.022,12.000
-2.183,0.013,12.000
-2.233,0.004,12.000
-2.208,-0.005,12.000
-2.622,-0.016,12.000
-2.217,-0.022,12.000
-2.233,-0.031,12.000
-2.414,-0.043,12.000
-2.566,-0.056,12.000
-2.249,-0.058,12.000
-2.216,-0.065,12.000
-2.478,-0.083,12.000
-2.198,-0.082,12.000
-2.437,-0.101,12.000
-2.404,-0.109,12.000
-2.281,-0.112,12.000
-2.255,-0.120,12.000
-2.539,-0.145,12.000
-2.474,-0.151,12.000
-2.328,-0.151,12.000
-2.237,-0.154,12.000
-2.152,-0.157,12.000
-2.432,-0.187,12.000
-2.210,-0.178,12.000
-2.406,-0.204,12.000
-2.233,-0.198,12.000
-2.216,-0.205,12.000
-2.223,-0.214,12.000
-2.329,-0.234,12.000
-2.328,-0.243,12.000
-2.212,-0.240,12.000
-2.195,-0.247,12.000
-2.309,-0.269,12.000
-2.405,-0.289,12.000
-2.216,-0.275,12.000
-2.199,-0.282,12.000
-2.206,-0.292,12.000
-2.163,-0.295,12.000
-2.237,-0.314,12.000
-2.177,-0.314,12.000
-2.193,-0.325,12.000
-2.200,-0.335,12.000
-2.198,-0.343,12.000
-2.408,-0.386,12.000
-2.196,-0.361,12.000
-2.405,-0.405,12.000
-2.537,-0.437,12.000
-2.200,-0.388,12.000
-2.360,-0.426,12.000
-2.382,-0.440,12.000
-2.170,-0.409,12.000
-2.169,-0.418,12.000
-2.369,-0.466,12.000
-2.431,-0.488,12.000
-2.293,-0.470,12.000
-2.162,-0.452,12.000
-2.176,-0.464,12.000
-2.375,-0.516,12.000
-2.164,-0.479,12.000
-2.355,-0.531,12.000
-2.353,-0.540,12.000
-2.142,-0.500,12.000
-2.148,-0.511,12.000
-2.171,-0.525,12.000
-2.120,-0.522,12.000
-2.134,-0.534,12.000
-2.340,-0.595,12.000
-2.138,-0.553,12.000
-2.144,-0.563,12.000
-2.134,-0.570,12.000
-2.156,-0.585,12.000
-2.153,-0.593,12.000
-2.356,-0.659,12.000
-2.124,-0.603,12.000
-2.122,-0.611,12.000
-2.136,-0.624,12.000
-2.346,-0.696,12.000
-2.328,-0.700,12.000
-2.128,-0.649,12.000
-2.126,-0.658,12.000
-2.123,-0.666,12.000
-2.301,-0.732,12.000
-2.086,-0.672,12.000
-2.303,-0.752,12.000
-2.323,-0.769,12.000
-2.110,-0.708,12.000
-2.099,-0.713,12.000
-2.088,-0.719,12.000
-2.093,-0.730,12.000
-2.059,-0.727,12.000
-2.064,-0.738,12.000
-2.092,-0.757,12.000
-2.097,-0.768,12.000
-2.272,-0.842,12.000
-2.083,-0.782,12.000
-2.072,-0.787,12.000
-2.254,-0.866,12.000
-2.266,-0.880,12.000
-2.277,-0.895,12.000
-2.106,-0.838,12.000
-2.072,-0.833,12.000
-2.038,-0.829,12.000
-2.255,-0.928,12.000
-2.252,-0.937,12.000
-2.043,-0.859,12.000
-2.207,-0.938,12.000
-2.037,-0.875,12.000
-2.018,-0.877,12.000
-2.014,-0.885,12.000
-2.003,-0.889,12.000
-2.038,-0.914,12.000
-2.214,-1.003,12.000
-2.210,-1.012,12.000
-2.012,-0.931,12.000
-2.187,-1.023,12.000
-2.139,-1.010,12.000
-2.001,-0.955,12.000
-2.042,-0.984,12.000
-1.986,-0.967,12.000
-1.967,-0.967,12.000
-2.008,-0.997,12.000
-1.982,-0.994,12.000
-1.970,-0.998,12.000
-1.966,-1.005,12.000
-1.970,-1.017,12.000
-1.966,-1.025,12.000
-2.072,-1.090,12.000
-1.958,-1.040,12.000
-1.961,-1.052,12.000
-1.949,-1.055,12.000
-2.245,-1.227,12.000
-1.956,-1.079,12.000
-2.038,-1.135,12.000
-2.027,-1.139,12.000
-2.015,-1.142,12.000
-2.193,-1.255,12.000
-2.027,-1.171,12.000
-2.093,-1.220,12.000
-2.095,-1.232,12.000
-1.907,-1.131,12.000
-1.873,-1.121,12.000
-1.898,-1.146,12.000
-2.083,-1.269,12.000
-1.903,-1.169,12.000
-1.884,-1.168,12.000
-1.999,-1.250,12.000
-2.110,-1.331,12.000
-1.940,-1.235,12.000
-2.039,-1.309,12.000
-2.061,-1.334,12.000
-1.828,-1.194,12.000
-1.858,-1.224,12.000
-1.826,-1.213,12.000
-1.842,-1.234,12.000
-1.816,-1.227,12.000
-1.832,-1.248,12.000
-1.841,-1.265,12.000
-1.829,-1.267,12.000
-1.817,-1.270,12.000
-1.974,-1.391,12.000
-1.800,-1.279,12.000
-1.976,-1.416,12.000
-1.983,-1.433,12.000
-1.805,-1.315,12.000
-1.800,-1.322,12.000
-1.940,-1.437,12.000
-1.749,-1.306,12.000
-1.785,-1.343,12.000
-1.766,-1.340,12.000
-1.761,-1.347,12.000
-1.938,-1.494,12.000
-1.893,-1.472,12.000
-1.725,-1.352,12.000
-1.726,-1.364,12.000
-1.901,-1.514,12.000
-1.895,-1.522,12.000
-1.736,-1.405,12.000
-1.705,-1.391,12.000
-1.693,-1.392,12.000
-1.719,-1.426,12.000
-1.707,-1.427,12.000
-1.689,-1.423,12.000
-1.690,-1.435,12.000
-1.690,-1.447,12.000
-1.672,-1.443,12.000
-1.704,-1.482,12.000
-1.661,-1.456,12.000
-1.674,-1.479,12.000
-1.839,-1.638,12.000
-1.809,-1.624,12.000
-1.797,-1.625,12.000
-1.808,-1.649,12.000
-1.638,-1.506,12.000
-1.608,-1.489,12.000
-1.596,-1.490,12.000
-1.639,-1.542,12.000
-1.651,-1.566,12.000
-1.609,-1.537,12.000
-1.620,-1.561,12.000
-1.773,-1.721,12.000
-1.566,-1.533,12.000
-1.765,-1.741,12.000
-1.752,-1.742,12.000
-1.613,-1.616,12.000
-1.601,-1.617,12.000
-1.583,-1.611,12.000
-1.571,-1.611,12.000
-1.679,-1.735,12.000
-1.552,-1.617,12.000
-1.569,-1.648,12.000
-1.534,-1.624,12.000
-1.684,-1.797,12.000
-1.498,-1.611,12.000
-1.515,-1.641,12.000
-1.525,-1.666,12.000
-1.518,-1.672,12.000
-1.512,-1.678,12.000
-1.615,-1.806,12.000
-1.477,-1.665,12.000
-1.492,-1.695,12.000
-1.502,-1.720,12.000
-1.468,-1.694,12.000
-1.600,-1.862,12.000
-1.593,-1.868,12.000
-1.453,-1.718,12.000
-1.452,-1.730,12.000
-1.576,-1.893,12.000
-1.422,-1.722,12.000
-1.437,-1.753,12.000
-1.569,-1.930,12.000
-1.526,-1.892,12.000
-1.411,-1.764,12.000
-1.546,-1.948,12.000
-1.386,-1.762,12.000
-1.390,-1.780,12.000
-1.368,-1.766,12.000
-1.361,-1.771,12.000
-1.488,-1.953,12.000
-1.495,-1.978,12.000
-1.355,-1.807,12.000
-1.392,-1.872,12.000
-1.447,-1.963,12.000
-1.338,-1.830,12.000
-1.441,-1.987,12.000
-1.429,-1.986,12.000
-1.307,-1.832,12.000
-1.314,-1.857,12.000
-1.396,-1.990,12.000
-1.281,-1.840,12.000
-1.273,-1.845,12.000
-1.271,-1.857,12.000
-1.263,-1.862,12.000
-1.275,-1.894,12.000
-1.244,-1.865,12.000
-1.251,-1.891,12.000
-1.239,-1.888,12.000
-1.231,-1.893,12.000
-1.242,-1.926,12.000
-1.225,-1.917,12.000
-1.200,-1.894,12.000
-1.297,-2.065,12.000
-1.181,-1.896,12.000
-1.191,-1.929,12.000
-1.179,-1.926,12.000
-1.176,-1.938,12.000
-1.155,-1.921,12.000
-1.165,-1.954,12.000
-1.165,-1.973,12.000
-1.149,-1.963,12.000
-1.129,-1.946,12.000
-1.130,-1.965,12.000
-1.195,-2.098,12.000
-1.118,-1.981,12.000
-1.202,-2.150,12.000
-1.194,-2.154,12.000
-1.079,-1.965,12.000
-1.075,-1.977,12.000
-1.071,-1.988,12.000
-1.056,-1.978,12.000
-1.048,-1.982,12.000
-1.048,-2.001,12.000
-1.130,-2.179,12.000
-1.122,-2.184,12.000
-1.106,-2.174,12.000
-1.016,-2.017,12.000
-1.100,-2.204,12.000
-1.012,-2.047,12.000
-0.996,-2.036,12.000
-0.985,-2.033,12.000
-0.980,-2.044,12.000
-1.070,-2.254,12.000
-0.957,-2.036,12.000
-0.970,-2.085,12.000
-1.013,-2.201,12.000
-0.930,-2.040,12.000
-0.928,-2.059,12.000
-0.924,-2.070,12.000
-0.906,-2.051,12.000
-0.904,-2.070,12.000
-0.886,-2.050,12.000
-0.888,-2.077,12.000
-0.880,-2.080,12.000
-0.878,-2.099,12.000
-0.945,-2.283,12.000
-0.858,-2.098,12.000
-0.872,-2.155,12.000
-0.918,-2.294,12.000
-0.831,-2.100,12.000
-0.840,-2.150,12.000
-0.876,-2.267,12.000
-0.785,-2.055,12.000
-0.873,-2.312,12.000
-0.861,-2.308,12.000
-0.775,-2.104,12.000
-0.770,-2.114,12.000
-0.820,-2.280,12.000
-0.753,-2.120,12.000
-0.815,-2.324,12.000
-0.747,-2.158,12.000
-0.731,-2.137,12.000
-0.767,-2.272,12.000
-0.711,-2.135,12.000
-0.698,-2.122,12.000
-0.700,-2.156,12.000
-0.686,-2.143,12.000
-0.688,-2.177,12.000
-0.672,-2.156,12.000
-0.728,-2.370,12.000
-0.650,-2.145,12.000
-0.656,-2.196,12.000
-0.700,-2.378,12.000
-0.627,-2.161,12.000
-0.626,-2.187,12.000
-0.617,-2.190,12.000
-0.602,-2.168,12.000
-0.593,-2.171,12.000
-0.589,-2.189,12.000
-0.587,-2.215,12.000
-0.625,-2.399,12.000
-0.557,-2.171,12.000
-0.553,-2.190,12.000
-0.593,-2.390,12.000
-0.537,-2.202,12.000
-0.617,-2.573,12.000
-0.569,-2.413,12.000
-0.508,-2.192,12.000
-0.506,-2.226,12.000
-0.494,-2.212,12.000
-0.478,-2.182,12.000
-0.523,-2.431,12.000
-0.512,-2.426,12.000
-0.458,-2.212,12.000
-0.452,-2.230,12.000
-0.474,-2.384,12.000
-0.428,-2.200,12.000
-0.421,-2.210,12.000
-0.414,-2.220,12.000
-0.400,-2.189,12.000
-0.401,-2.248,12.000
-0.429,-2.458,12.000
-0.379,-2.226,12.000
-0.376,-2.261,12.000
-0.398,-2.455,12.000
-0.349,-2.206,12.000
-0.346,-2.240,12.000
-0.332,-2.209,12.000
-0.323,-2.210,12.000
-0.312,-2.195,12.000
-0.310,-2.245,12.000
-0.326,-2.425,12.000
-0.318,-2.442,12.000
-0.286,-2.265,12.000
-0.303,-2.477,12.000
-0.290,-2.454,12.000
-0.256,-2.236,12.000
-0.254,-2.302,12.000
-0.243,-2.279,12.000
-0.232,-2.263,12.000
-0.233,-2.362,12.000
-0.230,-2.436,12.000
-0.203,-2.241,12.000
-0.210,-2.430,12.000
-0.192,-2.317,12.000
-0.175,-2.227,12.000
-0.184,-2.456,12.000
-0.160,-2.253,12.000
-0.151,-2.262,12.000
-0.158,-2.514,12.000
-0.130,-2.205,12.000
-0.124,-2.255,12.000
-0.115,-2.247,12.000
-0.106,-2.248,12.000
-0.092,-2.131,12.000
-0.088,-2.240,12.000
-0.080,-2.249,12.000
-0.069,-2.174,12.000
-0.060,-2.157,12.000
-0.053,-2.250,12.000
-0.043,-2.200,12.000
-0.035,-2.200,12.000
-0.027,-2.258,12.000
-0.019,-2.341,12.000
-0.009,-2.250,12.000
-0.000,-2.250,12.000
0.008,-2.141,12.000
0.017,-2.192,12.000
0.025,-2.115,12.000
0.034,-2.166,12.000
0.046,-2.357,12.000
0.054,-2.316,12.000
0.060,-2.208,12.000
0.069,-2.216,12.000
0.078,-2.215,12.000
0.088,-2.248,12.000
0.106,-2.461,12.000
0.101,-2.156,12.000
0.108,-2.130,12.000
0.128,-2.338,12.000
0.125,-2.120,12.000
0.138,-2.204,12.000
0.148,-2.220,12.000
0.152,-2.153,12.000
0.168,-2.252,12.000
0.186,-2.375,12.000
0.178,-2.159,12.000
0.201,-2.332,12.000
0.211,-2.340,12.000
0.199,-2.106,12.000
0.208,-2.114,12.000
0.242,-2.370,12.000
0.224,-2.112,12.000
0.257,-2.335,12.000
0.270,-2.367,12.000
0.251,-2.126,12.000
0.285,-2.332,12.000
0.268,-2.124,12.000
0.275,-2.115,12.000
0.313,-2.337,12.000
0.332,-2.408,12.000
0.300,-2.111,12.000
0.312,-2.135,12.000
0.321,-2.142,12.000
0.358,-2.322,12.000
0.334,-2.115,12.000
0.340,-2.097,12.000
0.370,-2.228,12.000
0.360,-2.119,12.000
0.375,-2.151,12.000
0.376,-2.108,12.000
0.381,-2.090,12.000
0.391,-2.096,12.000
0.397,-2.087,12.000
0.455,-2.338,12.000
0.414,-2.083,12.000
0.423,-2.090,12.000
0.440,-2.130,12.000
0.440,-2.087,12.000
0.444,-2.068,12.000
0.460,-2.100,12.000
0.464,-2.081,12.000
0.480,-2.113,12.000
0.481,-2.078,12.000
0.479,-2.034,12.000
0.547,-2.285,12.000
0.505,-2.072,12.000
0.521,-2.103,12.000
0.521,-2.068,12.000
0.546,-2.131,12.000
0.598,-2.297,12.000
0.601,-2.271,12.000
0.612,-2.277,12.000
0.571,-2.090,12.000
0.572,-2.063,12.000
0.580,-2.061,12.000
0.586,-2.051,12.000
0.661,-2.280,12.000
0.665,-2.262,12.000
0.610,-2.043,12.000
0.618,-2.041,12.000
0.613,-1.998,12.000
0.636,-2.044,12.000
0.657,-2.082,12.000
0.718,-2.245,12.000
0.663,-2.045,12.000
0.726,-2.208,12.000
0.679,-2.039,12.000
0.684,-2.029,12.000
0.812,-2.376,12.000
0.816,-2.358,12.000
0.705,-2.013,12.000
0.719,-2.026,12.000
0.721,-2.007,12.000
0.743,-2.044,12.000
0.809,-2.197,12.000
0.748,-2.006,12.000
0.753,-1.995,12.000
0.763,-2.000,12.000
0.846,-2.192,12.000
0.754,-1.931,12.000
0.845,-2.139,12.000
0.795,-1.988,12.000
0.793,-1.961,12.000
0.810,-1.982,12.000
0.944,-2.284,12.000
0.780,-1.865,12.000
0.915,-2.164,12.000
0.894,-2.092,12.000
0.829,-1.919,12.000
0.816,-1.868,12.000
0.868,-1.967,12.000
0.844,-1.893,12.000
0.965,-2.142,12.000
0.877,-1.925,12.000
0.982,-2.134,12.000
0.892,-1.918,12.000
0.907,-1.930,12.000
0.954,-2.010,12.000
1.012,-2.111,12.000
0.929,-1.919,12.000
0.988,-2.021,12.000
0.978,-1.980,12.000
0.952,-1.908,12.000
0.963,-1.912,12.000
1.054,-2.072,12.000
1.066,-2.075,12.000
0.985,-1.901,12.000
0.937,-1.791,12.000
0.996,-1.885,12.000
1.000,-1.874,12.000
1.011,-1.878,12.000
1.110,-2.042,12.000
1.130,-2.060,12.000
1.134,-2.048,12.000
1.053,-1.884,12.000
1.130,-2.003,12.000
1.072,-1.883,12.000
1.058,-1.842,12.000
1.069,-1.845,12.000
1.068,-1.826,12.000
1.097,-1.858,12.000
1.264,-2.123,12.000
1.210,-2.014,12.000
1.110,-1.831,12.000
1.121,-1.834,12.000
1.221,-1.978,12.000
1.154,-1.854,12.000
1.147,-1.828,12.000
1.132,-1.787,12.000
1.148,-1.797,12.000
1.155,-1.793,12.000
1.171,-1.802,12.000
1.174,-1.791,12.000
1.185,-1.793,12.000
1.192,-1.788,12.000
1.199,-1.784,12.000
1.202,-1.772,12.000
1.213,-1.774,12.000
1.329,-1.927,12.000
1.227,-1.765,12.000
1.339,-1.910,12.000
1.347,-1.905,12.000
1.223,-1.716,12.000
1.250,-1.738,12.000
1.252,-1.727,12.000
1.263,-1.728,12.000
1.270,-1.723,12.000
1.396,-1.879,12.000
1.279,-1.707,12.000
1.260,-1.668,12.000
1.292,-1.697,12.000
1.329,-1.732,12.000
1.269,-1.639,12.000
1.270,-1.628,12.000
1.255,-1.596,12.000
1.288,-1.624,12.000
1.347,-1.686,12.000
1.311,-1.627,12.000
1.329,-1.635,12.000
1.351,-1.650,12.000
1.411,-1.710,12.000
1.326,-1.594,12.000
1.349,-1.608,12.000
1.388,-1.642,12.000
1.400,-1.642,12.000
1.541,-1.795,12.000
1.374,-1.587,12.000
1.402,-1.607,12.000
1.535,-1.745,12.000
1.347,-1.519,12.000
1.387,-1.552,12.000
1.370,-1.521,12.000
1.353,-1.490,12.000
1.508,-1.648,12.000
1.525,-1.654,12.000
1.599,-1.721,12.000
1.423,-1.519,12.000
1.406,-1.489,12.000
1.614,-1.696,12.000
1.399,-1.459,12.000
1.564,-1.618,12.000
1.393,-1.429,12.000
1.422,-1.448,12.000
1.440,-1.455,12.000
1.422,-1.425,12.000
1.433,-1.426,12.000
1.451,-1.432,12.000
1.438,-1.408,12.000
1.602,-1.556,12.000
1.614,-1.556,12.000
1.560,-1.491,12.000
1.620,-1.537,12.000
1.478,-1.392,12.000
1.509,-1.409,12.000
1.693,-1.569,12.000
1.482,-1.362,12.000
1.668,-1.522,12.000
1.637,-1.482,12.000
1.549,-1.391,12.000
1.599,-1.424,12.000
1.591,-1.407,12.000
1.591,-1.395,12.000
1.634,-1.422,12.000
1.684,-1.454,12.000
1.529,-1.309,12.000
1.521,-1.292,12.000
1.714,-1.445,12.000
1.790,-1.496,12.000
1.543,-1.280,12.000
1.548,-1.274,12.000
1.552,-1.267,12.000
1.761,-1.427,12.000
1.603,-1.288,12.000
1.734,-1.382,12.000
1.586,-1.254,12.000
1.685,-1.321,12.000
1.809,-1.407,12.000
1.801,-1.390,12.000
1.605,-1.229,12.000
1.759,-1.335,12.000
1.587,-1.195,12.000
1.640,-1.225,12.000
1.795,-1.330,12.000
1.719,-1.263,12.000
1.764,-1.286,12.000
1.810,-1.308,12.000
1.664,-1.193,12.000
1.731,-1.231,12.000
1.913,-1.349,12.000
1.755,-1.227,12.000
1.647,-1.142,12.000
1.651,-1.135,12.000
1.677,-1.144,12.000
1.689,-1.142,12.000
1.693,-1.135,12.000
1.698,-1.129,12.000
1.688,-1.112,12.000
1.842,-1.203,12.000
1.689,-1.094,12.000
1.723,-1.106,12.000
1.727,-1.100,12.000
1.680,-1.061,12.000
1.991,-1.246,12.000
1.762,-1.093,12.000
1.788,-1.099,12.000
1.733,-1.057,12.000
1.825,-1.103,12.000
1.822,-1.091,12.000
1.701,-1.010,12.000
1.918,-1.128,12.000
1.746,-1.018,12.000
1.735,-1.003,12.000
1.739,-0.996,12.000
1.743,-0.989,12.000
2.055,-1.155,12.000
1.966,-1.095,12.000
1.904,-1.051,12.000
1.930,-1.055,12.000
1.875,-1.016,12.000
1.811,-0.972,12.000
1.777,-0.945,12.000
1.766,-0.930,12.000
2.002,-1.044,12.000
1.804,-0.932,12.000
1.830,-0.936,12.000
2.066,-1.047,12.000
1.822,-0.914,12.000
1.902,-0.945,12.000
1.783,-0.877,12.000
2.075,-1.011,12.000
1.821,-0.878,12.000
1.917,-0.915,12.000
2.102,-0.993,12.000
1.831,-0.857,12.000
1.834,-0.849,12.000
1.954,-0.896,12.000
1.864,-0.846,12.000
1.852,-0.831,12.000
2.056,-0.913,12.000
2.052,-0.902,12.000
1.870,-0.813,12.000
2.150,-0.925,12.000
1.844,-0.785,12.000
1.855,-0.781,12.000
1.858,-0.774,12.000
1.861,-0.766,12.000
2.084,-0.848,12.000
2.126,-0.856,12.000
1.878,-0.748,12.000
1.841,-0.724,12.000
1.868,-0.727,12.000
2.124,-0.816,12.000
1.874,-0.712,12.000
2.107,-0.791,12.000
1.847,-0.685,12.000
1.890,-0.693,12.000
2.108,-0.763,12.000
1.903,-0.681,12.000
1.906,-0.673,12.000
1.909,-0.666,12.000
1.928,-0.664,12.000
2.107,-0.716,12.000
1.933,-0.649,12.000
2.120,-0.703,12.000
1.897,-0.620,12.000
1.907,-0.615,12.000
1.885,-0.600,12.000
1.920,-0.603,12.000
1.939,-0.601,12.000
1.925,-0.588,12.000
2.186,-0.658,12.000
2.149,-0.638,12.000
1.940,-0.568,12.000
2.090,-0.603,12.000
1.928,-0.548,12.000
1.955,-0.547,12.000
1.924,-0.530,12.000
1.976,-0.536,12.000
2.166,-0.579,12.000
1.963,-0.516,12.000
1.923,-0.498,12.000
1.959,-0.499,12.000
2.118,-0.531,12.000
2.152,-0.530,12.000
1.965,-0.476,12.000
1.941,-0.462,12.000
1.985,-0.464,12.000
2.201,-0.506,12.000
1.963,-0.443,12.000
1.965,-0.435,12.000
2.009,-0.437,12.000
2.192,-0.468,12.000
2.120,-0.444,12.000
1.963,-0.403,12.000
2.181,-0.439,12.000
1.898,-0.374,12.000
1.959,-0.378,12.000
2.186,-0.413,12.000
1.962,-0.363,12.000
1.981,-0.358,12.000
1.999,-0.353,12.000
2.017,-0.348,12.000
2.202,-0.371,12.000
1.986,-0.327,12.000
2.021,-0.325,12.000
1.946,-0.305,12.000
2.007,-0.306,12.000
1.991,-0.296,12.000
2.202,-0.318,12.000
2.002,-0.281,12.000
2.011,-0.275,12.000
1.995,-0.264,12.000
1.996,-0.257,12.000
1.972,-0.246,12.000
2.041,-0.246,12.000
2.202,-0.257,12.000
2.043,-0.230,12.000
2.229,-0.242,12.000
2.221,-0.233,12.000
1.994,-0.201,12.000
2.012,-0.195,12.000
2.021,-0.188,12.000
2.241,-0.199,12.000
1.988,-0.169,12.000
2.049,-0.166,12.000
1.964,-0.151,12.000
2.007,-0.147,12.000
2.025,-0.140,12.000
2.017,-0.131,12.000
1.983,-0.121,12.000
2.010,-0.115,12.000
2.010,-0.107,12.000
1.984,-0.098,12.000
2.239,-0.102,12.000
2.232,-0.093,12.000
1.890,-0.071,12.000
2.029,-0.068,12.000
2.249,-0.067,12.000
1.934,-0.050,12.000
1.899,-0.042,12.000
1.398,-0.025,12.500
1.389,-0.020,12.500
1.631,-0.017,12.500
1.483,-0.009,12.500
1.342,-0.003,12.500
1.389,0.002,12.500
1.361,0.007,12.500
1.370,0.013,12.500
1.275,0.017,12.500
1.332,0.023,12.500
1.370,0.029,12.500
1.566,0.039,12.500
1.389,0.040,12.500
1.630,0.054,12.500
1.473,0.054,12.500
1.388,0.057,12.500
1.620,0.073,12.500
1.264,0.062,12.500
1.656,0.087,12.500
1.583,0.089,12.500
1.291,0.078,12.500
1.233,0.079,12.500
1.591,0.109,12.500
1.223,0.088,12.500
1.261,0.096,12.500
1.174,0.094,12.500
1.222,0.103,12.500
1.231,0.108,12.500
1.486,0.137,12.500
1.221,0.117,12.500
1.220,0.122,12.500
1.466,0.152,12.500
1.305,0.141,12.500
1.209,0.135,12.500
1.218,0.141,12.500
1.237,0.148,12.500
1.265,0.157,12.500
1.255,0.160,12.500
1.461,0.193,12.500
1.460,0.198,12.500
1.243,0.174,12.500
1.252,0.180,12.500
1.421,0.210,12.500
1.279,0.194,12.500
1.202,0.187,12.500
1.240,0.198,12.500
1.191,0.195,12.500
1.200,0.201,12.500
1.247,0.214,12.500
1.198,0.211,12.500
1.072,0.193,12.500
1.532,0.282,12.500
1.215,0.228,12.500
1.204,0.231,12.500
1.474,0.289,12.500
1.362,0.273,12.500
1.144,0.234,12.500
1.229,0.256,12.500
1.487,0.316,12.500
1.638,0.355,12.500
1.112,0.245,12.500
1.447,0.325,12.500
1.233,0.282,12.500
1.213,0.283,12.500
1.146,0.272,12.500
1.220,0.295,12.500
1.058,0.260,12.500
1.439,0.359,12.500
1.151,0.292,12.500
1.225,0.316,12.500
1.054,0.276,12.500
1.129,0.301,12.500
1.202,0.325,12.500
1.145,0.315,12.500
1.049,0.293,12.500
1.039,0.294,12.500
1.018,0.293,12.500
1.214,0.354,12.500
1.422,0.421,12.500
1.193,0.358,12.500
1.293,0.394,12.500
1.318,0.407,12.500
1.030,0.323,12.500
1.095,0.348,12.500
1.037,0.334,12.500
1.026,0.335,12.500
1.283,0.424,12.500
1.290,0.432,12.500
1.069,0.363,12.500
1.021,0.351,12.500
1.285,0.447,12.500
1.292,0.455,12.500
1.045,0.373,12.500
1.262,0.456,12.500
1.023,0.374,12.500
1.258,0.466,12.500
0.992,0.372,12.500
1.065,0.404,12.500
1.279,0.491,12.500
1.052,0.408,12.500
1.032,0.405,12.500
1.247,0.495,12.500
1.047,0.421,12.500
1.018,0.414,12.500
1.026,0.421,12.500
1.006,0.418,12.500
1.041,0.437,12.500
1.048,0.445,12.500
1.001,0.430,12.500
1.017,0.442,12.500
1.096,0.481,12.500
1.235,0.548,12.500
0.985,0.441,12.500
1.205,0.545,12.500
0.982,0.449,12.500
1.025,0.474,12.500
1.041,0.486,12.500
0.985,0.465,12.500
1.028,0.490,12.500
1.026,0.494,12.500
0.989,0.481,12.500
0.942,0.463,12.500
1.011,0.502,12.500
0.965,0.483,12.500
0.847,0.429,12.500
1.212,0.619,12.500
1.141,0.589,12.500
0.966,0.503,12.500
1.179,0.620,12.500
0.962,0.511,12.500
0.978,0.524,12.500
0.967,0.523,12.500
0.982,0.536,12.500
0.971,0.535,12.500
0.865,0.481,12.500
0.984,0.552,12.500
0.982,0.556,12.500
1.263,0.722,12.500
0.935,0.539,12.500
0.916,0.533,12.500
1.107,0.650,12.500
1.162,0.689,12.500
0.927,0.554,12.500
0.941,0.568,12.500
0.837,0.509,12.500
0.928,0.570,12.500
0.909,0.563,12.500
0.949,0.593,12.500
0.880,0.554,12.500
0.827,0.526,12.500
0.925,0.593,12.500
0.931,0.602,12.500
1.043,0.681,12.500
0.893,0.588,12.500
1.014,0.673,12.500
1.115,0.746,12.500
0.878,0.593,12.500
0.818,0.557,12.500
0.808,0.555,12.500
0.797,0.552,12.500
1.178,0.822,12.500
1.105,0.778,12.500
0.896,0.636,12.500
1.013,0.725,12.500
0.819,0.591,12.500
0.865,0.629,12.500
0.997,0.731,12.500
0.978,0.724,12.500
0.810,0.604,12.500
0.980,0.737,12.500
0.789,0.598,12.500
0.990,0.756,12.500
0.760,0.586,12.500
0.782,0.607,12.500
0.865,0.678,12.500
1.008,0.796,12.500
0.767,0.610,12.500
0.725,0.582,12.500
1.095,0.885,12.500
0.995,0.811,12.500
0.726,0.597,12.500
0.731,0.606,12.500
0.851,0.711,12.500
0.788,0.663,12.500
0.770,0.653,12.500
0.865,0.740,12.500
0.742,0.640,12.500
0.732,0.636,12.500
0.930,0.814,12.500
0.704,0.622,12.500
1.024,0.911,12.500
0.935,0.838,12.500
0.881,0.796,12.500
0.717,0.653,12.500
0.846,0.777,12.500
0.907,0.840,12.500
0.974,0.909,12.500
0.707,0.664,12.500
0.812,0.770,12.500
0.687,0.656,12.500
0.771,0.742,12.500
0.710,0.689,12.500
0.959,0.938,12.500
0.922,0.908,12.500
0.681,0.676,12.500
0.819,0.819,12.500
0.829,0.836,12.500
0.687,0.699,12.500
0.775,0.794,12.500
0.654,0.675,12.500
0.741,0.771,12.500
0.697,0.731,12.500
0.802,0.849,12.500
0.866,0.923,12.500
0.908,0.975,12.500
0.852,0.922,12.500
0.756,0.825,12.500
0.652,0.718,12.500
0.636,0.705,12.500
0.733,0.819,12.500
0.872,0.982,12.500
0.804,0.913,12.500
0.612,0.700,12.500
0.635,0.733,12.500
0.717,0.833,12.500
0.871,1.021,12.500
0.614,0.725,12.500
0.598,0.712,12.500
0.614,0.737,12.500
0.675,0.817,12.500
0.609,0.742,12.500
0.631,0.776,12.500
0.634,0.786,12.500
0.581,0.726,12.500
0.572,0.720,12.500
0.735,0.933,12.500
0.609,0.780,12.500
0.655,0.845,12.500
0.688,0.895,12.500
0.588,0.771,12.500
0.609,0.805,12.500
0.771,1.027,12.500
0.650,0.874,12.500
0.723,0.979,12.500
0.644,0.879,12.500
0.564,0.777,12.500
0.625,0.868,12.500
0.639,0.895,12.500
0.753,1.064,12.500
0.534,0.761,12.500
0.531,0.763,12.500
0.724,1.049,12.500
0.531,0.775,12.500
0.618,0.909,12.500
0.536,0.796,12.500
0.544,0.815,12.500
0.585,0.883,12.500
0.582,0.886,12.500
0.567,0.871,12.500
0.510,0.789,12.500
0.560,0.876,12.500
0.525,0.827,12.500
0.590,0.939,12.500
0.819,1.314,12.500
0.541,0.876,12.500
0.605,0.988,12.500
0.691,1.139,12.500
0.572,0.950,12.500
0.492,0.824,12.500
0.478,0.809,12.500
0.485,0.828,12.500
0.497,0.856,12.500
0.626,1.088,12.500
0.485,0.851,12.500
0.655,1.160,12.500
0.488,0.872,12.500
0.528,0.953,12.500
0.529,0.963,12.500
0.586,1.077,12.500
0.605,1.122,12.500
0.433,0.811,12.500
0.524,0.989,12.500
0.574,1.095,12.500
0.516,0.993,12.500
0.512,0.995,12.500
0.440,0.864,12.500
0.613,1.215,12.500
0.487,0.974,12.500
0.548,1.108,12.500
0.624,1.273,12.500
0.522,1.077,12.500
0.450,0.937,12.500
0.434,0.912,12.500
0.514,1.092,12.500
0.468,1.005,12.500
0.402,0.872,12.500
0.419,0.919,12.500
0.456,1.011,12.500
0.456,1.022,12.500
0.562,1.271,12.500
0.437,0.998,12.500
0.377,0.872,12.500
0.429,1.001,12.500
0.402,0.948,12.500
0.511,1.220,12.500
0.421,1.016,12.500
0.629,1.535,12.500
0.497,1.226,12.500
0.412,1.030,12.500
0.501,1.265,12.500
0.394,1.005,12.500
0.393,1.016,12.500
0.393,1.027,12.500
0.385,1.019,12.500
0.374,1.002,12.500
0.367,0.994,12.500
0.383,1.051,12.500
0.464,1.289,12.500
0.342,0.961,12.500
0.364,1.037,12.500
0.357,1.029,12.500
0.435,1.269,12.500
0.349,1.032,12.500
0.336,1.005,12.500
0.347,1.053,12.500
0.346,1.064,12.500
0.339,1.056,12.500
0.332,1.048,12.500
0.328,1.049,12.500
0.329,1.069,12.500
0.401,1.320,12.500
0.382,1.276,12.500
0.300,1.016,12.500
0.383,1.316,12.500
0.372,1.299,12.500
0.288,1.020,12.500
0.292,1.050,12.500
0.293,1.070,12.500
0.294,1.090,12.500
0.334,1.260,12.500
0.288,1.102,12.500
0.271,1.055,12.500
0.272,1.075,12.500
0.265,1.067,12.500
0.266,1.087,12.500
0.268,1.117,12.500
0.253,1.070,12.500
0.251,1.080,12.500
0.298,1.308,12.500
0.238,1.063,12.500
0.253,1.150,12.500
0.232,1.075,12.500
0.254,1.200,12.500
0.221,1.067,12.500
0.290,1.426,12.500
0.292,1.464,12.500
0.239,1.223,12.500
0.219,1.147,12.500
0.224,1.196,12.500
0.193,1.052,12.500
0.263,1.469,12.500
0.251,1.433,12.500
0.207,1.209,12.500
0.246,1.472,12.500
0.180,1.104,12.500
0.194,1.221,12.500
0.189,1.221,12.500
0.187,1.241,12.500
0.174,1.185,12.500
0.202,1.413,12.500
0.171,1.234,12.500
0.168,1.244,12.500
0.189,1.443,12.500
0.148,1.168,12.500
0.149,1.217,12.500
0.148,1.247,12.500
0.139,1.209,12.500
0.135,1.219,12.500
0.171,1.604,12.500
0.125,1.210,12.500
0.121,1.220,12.500
0.140,1.477,12.500
0.131,1.440,12.500
0.126,1.450,12.500
0.103,1.241,12.500
0.095,1.203,12.500
0.091,1.213,12.500
0.089,1.243,12.500
0.082,1.224,12.500
0.081,1.272,12.500
0.073,1.234,12.500
0.083,1.490,12.500
0.076,1.481,12.500
0.059,1.244,12.500
0.064,1.463,12.500
0.059,1.482,12.500
0.054,1.510,12.500
0.044,1.360,12.500
0.045,1.603,12.500
0.039,1.621,12.500
0.028,1.370,12.500
0.021,1.274,12.500
0.021,1.667,12.500
0.013,1.548,12.500
0.006,1.389,12.500
0.001,1.427,12.500
-0.005,1.576,12.500
-0.009,1.207,12.500
-0.018,1.649,12.500
-0.024,1.603,12.500
-0.026,1.360,12.500
-0.031,1.351,12.500
-0.044,1.640,12.500
-0.048,1.575,12.500
-0.048,1.379,12.500
-0.054,1.388,12.500
-0.058,1.369,12.500
-0.063,1.359,12.500
-0.069,1.368,12.500
-0.082,1.500,12.500
-0.083,1.425,12.500
-0.086,1.377,12.500
-0.092,1.386,12.500
-0.094,1.348,12.500
-0.105,1.423,12.500
-0.105,1.347,12.500
-0.110,1.347,12.500
-0.140,1.625,12.500
-0.117,1.298,12.500
-0.152,1.624,12.500
-0.126,1.288,12.500
-0.137,1.344,12.500
-0.144,1.363,12.500
-0.150,1.371,12.500
-0.158,1.390,12.500
-0.160,1.361,12.500
-0.164,1.351,12.500
-0.168,1.341,12.500
-0.178,1.378,12.500
-0.180,1.349,12.500
-0.191,1.386,12.500
-0.225,1.588,12.500
-0.281,1.932,12.500
-0.207,1.383,12.500
-0.212,1.382,12.500
-0.254,1.611,12.500
-0.260,1.610,12.500
-0.222,1.342,12.500
-0.235,1.388,12.500
-0.241,1.387,12.500
-0.240,1.349,12.500
-0.250,1.376,12.500
-0.243,1.310,12.500
-0.325,1.709,12.500
-0.266,1.373,12.500
-0.290,1.464,12.500
-0.273,1.352,12.500
-0.353,1.713,12.500
-0.284,1.350,12.500
-0.309,1.441,12.500
-0.301,1.376,12.500
-0.330,1.484,12.500
-0.359,1.582,12.500
-0.399,1.730,12.500
-0.398,1.694,12.500
-0.310,1.296,12.500
-0.324,1.331,12.500
-0.370,1.494,12.500
-0.332,1.320,12.500
-0.339,1.327,12.500
-0.352,1.354,12.500
-0.376,1.425,12.500
-0.362,1.351,12.500
-0.453,1.661,12.500
-0.398,1.438,12.500
-0.434,1.544,12.500
-0.399,1.399,12.500
-0.373,1.289,12.500
-0.500,1.704,12.500
-0.489,1.641,12.500
-0.407,1.348,12.500
-0.396,1.292,12.500
-0.410,1.318,12.500
-0.409,1.298,12.500
-0.460,1.439,12.500
-0.419,1.295,12.500
-0.471,1.436,12.500
-0.471,1.416,12.500
-0.558,1.657,12.500
-0.488,1.430,12.500
-0.574,1.661,12.500
-0.578,1.651,12.500
-0.486,1.372,12.500
-0.517,1.440,12.500
-0.519,1.429,12.500
-0.466,1.268,12.500
-0.524,1.408,12.500
-0.536,1.423,12.500
-0.528,1.386,12.500
-0.537,1.393,12.500
-0.642,1.646,12.500
-0.684,1.734,12.500
-0.550,1.377,12.500
-0.661,1.638,12.500
-0.568,1.390,12.500
-0.577,1.397,12.500
-0.553,1.325,12.500
-0.573,1.358,12.500
-0.597,1.398,12.500
-0.606,1.405,12.500
-0.695,1.595,12.500
-0.694,1.576,12.500
-0.611,1.372,12.500
-0.710,1.578,12.500
-0.622,1.367,12.500
-0.635,1.382,12.500
-0.740,1.594,12.500
-0.626,1.334,12.500
-0.659,1.391,12.500
-0.648,1.355,12.500
-0.777,1.607,12.500
-0.671,1.375,12.500
-0.652,1.322,12.500
-0.678,1.361,12.500
-0.794,1.578,12.500
-0.680,1.339,12.500
-0.681,1.328,12.500
-0.686,1.325,12.500
-0.700,1.339,12.500
-0.714,1.353,12.500
-0.827,1.551,12.500
-0.716,1.331,12.500
-0.717,1.320,12.500
-0.832,1.518,12.500
-0.736,1.330,12.500
-0.732,1.311,12.500
-0.737,1.308,12.500
-0.729,1.281,12.500
-0.747,1.303,12.500
-0.762,1.316,12.500
-0.762,1.305,12.500
-0.763,1.294,12.500
-0.782,1.315,12.500
-0.773,1.288,12.500
-0.797,1.316,12.500
-0.926,1.515,12.500
-0.918,1.489,12.500
-0.798,1.283,12.500
-0.920,1.466,12.500
-0.803,1.269,12.500
-0.813,1.274,12.500
-0.838,1.302,12.500
-0.818,1.260,12.500
-0.843,1.287,12.500
-0.828,1.253,12.500
-0.848,1.273,12.500
-0.965,1.437,12.500
-0.863,1.274,12.500
-0.858,1.255,12.500
-0.857,1.244,12.500
-0.862,1.241,12.500
-0.941,1.343,12.500
-0.867,1.227,12.500
-0.866,1.216,12.500
-0.946,1.317,12.500
-0.875,1.209,12.500
-1.058,1.448,12.500
-0.885,1.202,12.500
-0.901,1.213,12.500
-0.889,1.187,12.500
-1.118,1.481,12.500
-1.070,1.406,12.500
-1.004,1.309,12.500
-0.919,1.188,12.500
-1.081,1.386,12.500
-1.097,1.396,12.500
-0.938,1.184,12.500
-0.937,1.174,12.500
-1.113,1.383,12.500
-1.091,1.344,12.500
-1.164,1.423,12.500
-1.032,1.251,12.500
-1.112,1.338,12.500
-1.112,1.327,12.500
-1.111,1.315,12.500
-1.069,1.256,12.500
-0.972,1.133,12.500
-1.167,1.350,12.500
-1.090,1.250,12.500
-1.089,1.239,12.500
-1.069,1.207,12.500
-1.092,1.223,12.500
-1.097,1.219,12.500
-1.046,1.154,12.500
-1.186,1.297,12.500
-1.105,1.199,12.500
-1.122,1.209,12.500
-1.280,1.368,12.500
-1.125,1.193,12.500
-1.124,1.182,12.500
-1.154,1.204,12.500
-1.289,1.335,12.500
-1.150,1.182,12.500
-1.149,1.171,12.500
-1.179,1.192,12.500
-1.151,1.155,12.500
-1.169,1.164,12.500
-1.154,1.140,12.500
-1.178,1.154,12.500
-1.163,1.131,12.500
-1.180,1.139,12.500
-1.185,1.134,12.500
-1.209,1.148,12.500
-1.187,1.119,12.500
-1.191,1.114,12.500
-1.196,1.109,12.500
-1.234,1.135,12.500
-1.225,1.118,12.500
-1.215,1.101,12.500
-1.227,1.103,12.500
-1.258,1.122,12.500
-1.228,1.087,12.500
-1.428,1.253,12.500
-1.511,1.316,12.500
-1.269,1.096,12.500
-1.259,1.079,12.500
-1.242,1.057,12.500
-1.337,1.128,12.500
-1.362,1.140,12.500
-1.366,1.134,12.500
-1.322,1.089,12.500
-1.375,1.124,12.500
-1.365,1.107,12.500
-1.562,1.256,12.500
-1.533,1.223,12.500
-1.371,1.085,12.500
-1.467,1.151,12.500
-1.561,1.215,12.500
-1.377,1.063,12.500
-1.431,1.096,12.500
-1.399,1.064,12.500
-1.594,1.201,12.500
-1.415,1.058,12.500
-1.405,1.042,12.500
-1.621,1.193,12.500
-1.584,1.156,12.500
-1.439,1.041,12.500
-1.443,1.035,12.500
-1.526,1.086,12.500
-1.473,1.039,12.500
-1.677,1.174,12.500
-1.632,1.133,12.500
-1.448,0.997,12.500
-1.459,0.996,12.500
-1.529,1.035,12.500
-1.474,0.989,12.500
-1.661,1.105,12.500
-1.578,1.041,12.500
-1.763,1.153,12.500
-1.667,1.081,12.500
-1.486,0.955,12.500
-1.520,0.969,12.500
-1.554,0.982,12.500
-1.565,0.980,12.500
-1.621,1.007,12.500
-1.595,0.982,12.500
-1.622,0.990,12.500
-1.618,0.979,12.500
-1.614,0.968,12.500
-1.511,0.898,12.500
-1.816,1.069,12.500
-1.595,0.931,12.500
-1.637,0.947,12.500
-1.656,0.949,12.500
-1.652,0.938,12.500
-1.663,0.936,12.500
-1.833,1.022,12.500
-1.647,0.910,12.500
-1.848,1.012,12.500
-1.875,1.017,12.500
-1.666,0.895,12.500
-1.677,0.892,12.500
-1.886,0.994,12.500
-1.676,0.875,12.500
-1.625,0.840,12.500
-1.667,0.854,12.500
-1.710,0.867,12.500
-1.898,0.953,12.500
-1.856,0.923,12.500
-1.704,0.839,12.500
-1.909,0.931,12.500
-1.897,0.916,12.500
-1.666,0.797,12.500
-1.709,0.809,12.500
-1.916,0.897,12.500
-1.950,0.904,12.500
-1.727,0.792,12.500
-1.722,0.782,12.500
-1.701,0.764,12.500
-1.728,0.768,12.500
-1.944,0.856,12.500
-1.806,0.786,12.500
-1.737,0.748,12.500
-1.748,0.745,12.500
-1.950,0.822,12.500
-1.753,0.731,12.500
-1.956,0.806,12.500
-1.816,0.740,12.500
-1.762,0.710,12.500
-1.748,0.697,12.500
-1.767,0.696,12.500
-2.066,0.805,12.500
-1.781,0.686,12.500
-1.784,0.679,12.500
-2.365,0.889,12.500
-1.822,0.677,12.500
-1.783,0.655,12.500
-1.786,0.648,12.500
-1.772,0.635,12.500
-2.090,0.739,12.500
-1.777,0.621,12.500
-1.796,0.620,12.500
-2.122,0.723,12.500
-1.826,0.614,12.500
-2.008,0.666,12.500
-1.888,0.618,12.500
-1.799,0.582,12.500
-1.818,0.580,12.500
-1.821,0.573,12.500
-1.806,0.560,12.500
-2.015,0.616,12.500
-1.793,0.541,12.500
-2.133,0.634,12.500
-1.823,0.534,12.500
-2.016,0.582,12.500
-2.043,0.581,12.500
-1.778,0.499,12.500
-1.873,0.517,12.500
-1.850,0.503,12.500
-1.835,0.491,12.500
-2.029,0.535,12.500
-1.856,0.481,12.500
-2.148,0.548,12.500
-1.851,0.465,12.500
-2.054,0.507,12.500
-2.048,0.497,12.500
-1.839,0.439,12.500
-1.832,0.430,12.500
-1.843,0.424,12.500
-1.861,0.421,12.500
-2.253,0.500,12.500
-1.744,0.380,12.500
-1.892,0.405,12.500
-2.087,0.438,12.500
-1.852,0.381,12.500
-1.871,0.377,12.500
-2.084,0.411,12.500
-2.085,0.403,12.500
-2.020,0.382,12.500
-2.097,0.388,12.500
-1.852,0.336,12.500
-1.853,0.328,12.500
-1.855,0.321,12.500
-1.899,0.321,12.500
-1.866,0.308,12.500
-1.858,0.299,12.500
-1.903,0.299,12.500
-1.895,0.290,12.500
-2.092,0.312,12.500
-2.102,0.305,12.500
-2.095,0.295,12.500
-1.882,0.258,12.500
-1.874,0.249,12.500
-2.115,0.273,12.500
-2.108,0.263,12.500
-1.868,0.226,12.500
-1.861,0.218,12.500
-2.102,0.238,12.500
-2.086,0.228,12.500
-1.889,0.199,12.500
-2.096,0.212,12.500
-2.106,0.205,12.500
-2.132,0.199,12.500
-1.910,0.171,12.500
-1.884,0.161,12.500
-1.902,0.155,12.500
-1.876,0.145,12.500
-1.877,0.138,12.500
-1.904,0.132,12.500
-1.869,0.123,12.500
-2.103,0.130,12.500
-2.304,0.133,12.500
-1.871,0.101,12.500
-1.880,0.094,12.500
-2.122,0.098,12.500
-2.139,0.090,12.500
-2.063,0.079,12.500
-1.899,0.065,12.500
-2.098,0.063,12.500
-2.132,0.056,12.500
-2.047,0.046,12.500
-1.891,0.035,12.500
-1.891,0.028,12.500
-2.107,0.022,12.500
-1.873,0.013,12.500
-1.908,0.005,12.500
-1.891,-0.002,12.500
-1.891,-0.010,12.500
-1.908,-0.017,12.500
-1.917,-0.025,12.500
-1.891,-0.032,12.500
-2.098,-0.044,12.500
-1.917,-0.047,12.500
-1.890,-0.054,12.500
-1.881,-0.061,12.500
-2.114,-0.077,12.500
-2.114,-0.085,12.500
-1.907,-0.084,12.500
-1.906,-0.092,12.500
-2.096,-0.109,12.500
-2.129,-0.119,12.500
-1.896,-0.114,12.500
-2.128,-0.136,12.500
-2.136,-0.145,12.500
-1.895,-0.136,12.500
-1.885,-0.143,12.500
-1.850,-0.147,12.500
-1.911,-0.160,12.500
-1.910,-0.167,12.500
-2.039,-0.187,12.500
-2.114,-0.202,12.500
-2.063,-0.205,12.500
-1.881,-0.195,12.500
-1.915,-0.206,12.500
-2.128,-0.237,12.500
-2.076,-0.240,12.500
-1.878,-0.224,12.500
-1.894,-0.234,12.500
-1.867,-0.238,12.500
-2.114,-0.278,12.500
-2.096,-0.284,12.500
-2.087,-0.291,12.500
-1.880,-0.269,12.500
-1.888,-0.278,12.500
-2.100,-0.318,12.500
-1.886,-0.293,12.500
-1.859,-0.296,12.500
-1.875,-0.306,12.500
-1.760,-0.295,12.500
-1.872,-0.321,12.500
-2.033,-0.357,12.500
-2.082,-0.374,12.500
-2.197,-0.403,12.500
-1.867,-0.350,12.500
-2.078,-0.398,12.500
-1.856,-0.363,12.500
-1.846,-0.369,12.500
-1.844,-0.376,12.500
-1.860,-0.387,12.500
-2.045,-0.434,12.500
-1.822,-0.394,12.500
-1.872,-0.412,12.500
-1.862,-0.418,12.500
-1.860,-0.425,12.500
-1.842,-0.428,12.500
-2.059,-0.487,12.500
-1.872,-0.451,12.500
-1.854,-0.454,12.500
-2.045,-0.510,12.500
-2.051,-0.520,12.500
-1.848,-0.476,12.500
-1.838,-0.481,12.500
-1.827,-0.486,12.500
-1.791,-0.484,12.500
-1.832,-0.503,12.500
-1.822,-0.507,12.500
-1.828,-0.517,12.500
-1.792,-0.514,12.500
-1.966,-0.573,12.500
-1.830,-0.541,12.500
-1.986,-0.595,12.500
-2.048,-0.623,12.500
-2.054,-0.633,12.500
-2.027,-0.634,12.500
-1.718,-0.545,12.500
-1.783,-0.573,12.500
-2.028,-0.660,12.500
-2.057,-0.679,12.500
-1.785,-0.597,12.500
-1.816,-0.615,12.500
-2.009,-0.689,12.500
-2.086,-0.725,12.500
-1.775,-0.625,12.500
-1.814,-0.646,12.500
-1.990,-0.718,12.500
-1.939,-0.708,12.500
-1.823,-0.674,12.500
-1.763,-0.659,12.500
-2.026,-0.767,12.500
-1.984,-0.760,12.500
-1.771,-0.687,12.500
-1.793,-0.703,12.500
-1.990,-0.789,12.500
-1.963,-0.788,12.500
-1.728,-0.701,12.500
-1.725,-0.708,12.500
-1.771,-0.735,12.500
-1.629,-0.683,12.500
-1.741,-0.738,12.500
-1.714,-0.735,12.500
-1.759,-0.762,12.500
-1.938,-0.849,12.500
-1.745,-0.773,12.500
-1.758,-0.787,12.500
-1.723,-0.779,12.500
-1.744,-0.797,12.500
-1.913,-0.883,12.500
-1.894,-0.883,12.500
-1.742,-0.821,12.500
-1.699,-0.809,12.500
-1.891,-0.909,12.500
-1.888,-0.917,12.500
-1.690,-0.829,12.500
-1.686,-0.835,12.500
-1.691,-0.846,12.500
-1.888,-0.954,12.500
-1.700,-0.867,12.500
-1.665,-0.858,12.500
-1.685,-0.876,12.500
-1.580,-0.830,12.500
-1.632,-0.865,12.500
-1.558,-0.833,12.500
-1.664,-0.899,12.500
-1.645,-0.897,12.500
-1.839,-1.012,12.500
-1.835,-1.019,12.500
-1.634,-0.916,12.500
-1.759,-0.995,12.500
-1.822,-1.040,12.500
-1.646,-0.948,12.500
-1.635,-0.950,12.500
-1.825,-1.070,12.500
-1.915,-1.133,12.500
-1.780,-1.063,12.500
-1.620,-0.976,12.500
-1.616,-0.982,12.500
-1.627,-0.998,12.500
-1.601,-0.990,12.500
-1.612,-1.006,12.500
-1.472,-0.927,12.500
-1.581,-1.004,12.500
-1.585,-1.015,12.500
-1.618,-1.045,12.500
-1.672,-1.090,12.500
-1.754,-1.153,12.500
-1.524,-1.011,12.500
-1.476,-0.987,12.500
-1.575,-1.062,12.500
-1.542,-1.048,12.500
-1.738,-1.192,12.500
-1.555,-1.076,12.500
-1.515,-1.056,12.500
-1.445,-1.016,12.500
-1.614,-1.144,12.500
-1.714,-1.226,12.500
-1.654,-1.192,12.500
-1.422,-1.034,12.500
-1.425,-1.044,12.500
-1.499,-1.108,12.500
-1.417,-1.056,12.500
-1.462,-1.099,12.500
-1.444,-1.094,12.500
-1.404,-1.072,12.500
-1.393,-1.072,12.500
-1.466,-1.138,12.500
-1.384,-1.083,12.500
-1.540,-1.214,12.500
-1.439,-1.144,12.500
-1.577,-1.264,12.500
-1.374,-1.110,12.500
-1.370,-1.116,12.500
-1.609,-1.321,12.500
-1.727,-1.429,12.500
-1.350,-1.126,12.500
-1.352,-1.137,12.500
-1.368,-1.160,12.500
-1.336,-1.142,12.500
-1.439,-1.240,12.500
-1.454,-1.262,12.500
-1.502,-1.314,12.500
-1.332,-1.174,12.500
-1.314,-1.168,12.500
-1.486,-1.332,12.500
-1.620,-1.463,12.500
-1.300,-1.183,12.500
-1.295,-1.188,12.500
-1.317,-1.218,12.500
-1.312,-1.223,12.500
-1.461,-1.372,12.500
-1.380,-1.306,12.500
-1.298,-1.238,12.500
-1.286,-1.237,12.500
-1.262,-1.223,12.500
-1.257,-1.228,12.500
-1.259,-1.239,12.500
-1.260,-1.251,12.500
-1.268,-1.268,12.500
-1.232,-1.241,12.500
-1.400,-1.422,12.500
-1.352,-1.384,12.500
-1.204,-1.243,12.500
-1.237,-1.286,12.500
-1.377,-1.444,12.500
-1.184,-1.250,12.500
-1.222,-1.301,12.500
-1.198,-1.286,12.500
-1.355,-1.465,12.500
-1.182,-1.289,12.500
-1.237,-1.359,12.500
-1.326,-1.468,12.500
-1.343,-1.499,12.500
-1.343,-1.511,12.500
-1.157,-1.312,12.500
-1.157,-1.323,12.500
-1.302,-1.501,12.500
-1.217,-1.413,12.500
-1.142,-1.336,12.500
-1.142,-1.348,12.500
-1.154,-1.373,12.500
-1.126,-1.350,12.500
-1.256,-1.517,12.500
-1.115,-1.359,12.500
-1.116,-1.370,12.500
-1.121,-1.388,12.500
-1.110,-1.386,12.500
-1.116,-1.404,12.500
-1.241,-1.574,12.500
-1.072,-1.370,12.500
-1.067,-1.375,12.500
-1.083,-1.407,12.500
-1.083,-1.418,12.500
-1.061,-1.401,12.500
-1.050,-1.398,12.500
-1.045,-1.402,12.500
-1.055,-1.428,12.500
-1.050,-1.432,12.500
-1.132,-1.558,12.500
-1.177,-1.633,12.500
-1.017,-1.423,12.500
-1.149,-1.621,12.500
-1.123,-1.597,12.500
-1.010,-1.449,12.500
-1.005,-1.453,12.500
-1.004,-1.464,12.500
-1.117,-1.643,12.500
-1.111,-1.647,12.500
-0.972,-1.454,12.500
-0.971,-1.465,12.500
-0.956,-1.454,12.500
-1.085,-1.665,12.500
-1.078,-1.669,12.500
-1.072,-1.673,12.500
-1.046,-1.648,12.500
-0.955,-1.518,12.500
-0.945,-1.514,12.500
-0.939,-1.518,12.500
-0.928,-1.514,12.500
-0.927,-1.525,12.500
-0.912,-1.513,12.500
-1.014,-1.698,12.500
-1.008,-1.702,12.500
-0.952,-1.623,12.500
-0.879,-1.512,12.500
-0.868,-1.508,12.500
-0.880,-1.542,12.500
-0.874,-1.545,12.500
-0.980,-1.748,12.500
-0.977,-1.760,12.500
-0.843,-1.532,12.500
-0.867,-1.590,12.500
-0.844,-1.562,12.500
-0.941,-1.760,12.500
-0.906,-1.709,12.500
-0.825,-1.572,12.500
-0.757,-1.455,12.500
-0.813,-1.579,12.500
-0.803,-1.574,12.500
-0.797,-1.577,12.500
-0.790,-1.580,12.500
-0.784,-1.583,12.500
-0.762,-1.554,12.500
-0.776,-1.597,12.500
-0.758,-1.576,12.500
-0.880,-1.849,12.500
-0.843,-1.790,12.500
-0.743,-1.593,12.500
-0.840,-1.820,12.500
-0.826,-1.807,12.500
-0.731,-1.618,12.500
-0.732,-1.637,12.500
-0.797,-1.801,12.500
-0.808,-1.844,12.500
-0.656,-1.513,12.500
-0.646,-1.507,12.500
-0.782,-1.845,12.500
-0.687,-1.637,12.500
-0.677,-1.632,12.500
-0.664,-1.618,12.500
-0.717,-1.768,12.500
-0.651,-1.623,12.500
-0.732,-1.847,12.500
-0.589,-1.501,12.500
-0.593,-1.529,12.500
-0.632,-1.650,12.500
-0.577,-1.525,12.500
-0.625,-1.671,12.500
-0.569,-1.538,12.500
-0.575,-1.575,12.500
-0.593,-1.645,12.500
-0.590,-1.656,12.500
-0.648,-1.841,12.500
-0.583,-1.677,12.500
-0.570,-1.663,12.500
-0.635,-1.874,12.500
-0.532,-1.590,12.500
-0.514,-1.558,12.500
-0.550,-1.688,12.500
-0.535,-1.665,12.500
-0.536,-1.693,12.500
-0.511,-1.635,12.500
-0.494,-1.602,12.500
-0.482,-1.587,12.500
-0.538,-1.794,12.500
-0.538,-1.822,12.500
-0.466,-1.601,12.500
-0.447,-1.559,12.500
-0.486,-1.717,12.500
-0.528,-1.897,12.500
-0.470,-1.712,12.500
-0.456,-1.688,12.500
-0.454,-1.707,12.500
-0.438,-1.674,12.500
-0.432,-1.676,12.500
-0.396,-1.563,12.500
-0.478,-1.920,12.500
-0.442,-1.802,12.500
-0.386,-1.603,12.500
-0.407,-1.719,12.500
-0.424,-1.825,12.500
-0.363,-1.590,12.500
-0.420,-1.871,12.500
-0.362,-1.646,12.500
-0.339,-1.567,12.500
-0.336,-1.587,12.500
-0.334,-1.606,12.500
-0.328,-1.607,12.500
-0.321,-1.608,12.500
-0.338,-1.725,12.500
-0.314,-1.638,12.500
-0.427,-2.277,12.500
-0.289,-1.577,12.500
-0.286,-1.596,12.500
-0.324,-1.845,12.500
-0.391,-2.283,12.500
-0.269,-1.609,12.500
-0.257,-1.573,12.500
-0.259,-1.629,12.500
-0.249,-1.603,12.500
-0.245,-1.622,12.500
-0.240,-1.632,12.500
-0.231,-1.615,12.500
-0.260,-1.864,12.500
-0.220,-1.625,12.500
-0.238,-1.814,12.500
-0.206,-1.618,12.500
-0.194,-1.573,12.500
-0.207,-1.736,12.500
-0.189,-1.638,12.500
-0.179,-1.612,12.500
-0.175,-1.631,12.500
-0.171,-1.659,12.500
-0.169,-1.704,12.500
-0.156,-1.633,12.500
-0.147,-1.606,12.500
-0.144,-1.643,12.500
-0.143,-1.716,12.500
-0.130,-1.635,12.500
-0.122,-1.617,12.500
-0.117,-1.636,12.500
-0.127,-1.869,12.500
-0.103,-1.619,12.500
-0.111,-1.843,12.500
-0.092,-1.647,12.500
-0.085,-1.629,12.500
-0.078,-1.629,12.500
-0.074,-1.684,12.500
-0.066,-1.639,12.500
-0.059,-1.621,12.500
-0.053,-1.648,12.500
-0.047,-1.630,12.500
-0.041,-1.649,12.500
-0.039,-1.890,12.500
-0.027,-1.640,12.500
-0.022,-1.740,12.500
-0.015,-1.631,12.500
-0.008,-1.603,12.500
-0.002,-1.649,12.500
0.005,-1.622,12.500
0.011,-1.640,12.500
0.018,-1.640,12.500
0.024,-1.622,12.500
0.030,-1.640,12.500
0.037,-1.631,12.500
0.048,-1.820,12.500
0.050,-1.639,12.500
0.057,-1.657,12.500
0.063,-1.639,12.500
0.078,-1.863,12.500
0.076,-1.647,12.500
0.082,-1.638,12.500
0.101,-1.879,12.500
0.109,-1.888,12.500
0.102,-1.646,12.500
0.108,-1.637,12.500
0.127,-1.825,12.500
0.137,-1.868,12.500
0.127,-1.644,12.500
0.132,-1.616,12.500
0.157,-1.840,12.500
0.165,-1.848,12.500
0.150,-1.606,12.500
0.159,-1.632,12.500
0.185,-1.829,12.500
0.197,-1.872,12.500
0.200,-1.836,12.500
0.183,-1.621,12.500
0.217,-1.852,12.500
0.196,-1.619,12.500
0.201,-1.609,12.500
0.208,-1.608,12.500
0.217,-1.635,12.500
0.220,-1.607,12.500
0.234,-1.660,12.500
0.237,-1.632,12.500
0.275,-1.844,12.500
0.281,-1.834,12.500
0.256,-1.629,12.500
0.259,-1.610,12.500
0.288,-1.743,12.500
0.308,-1.821,12.500
0.285,-1.643,12.500
0.283,-1.597,12.500
0.299,-1.650,12.500
0.282,-1.522,12.500
0.305,-1.611,12.500
0.305,-1.574,12.500
0.323,-1.636,12.500
0.326,-1.617,12.500
0.327,-1.589,12.500
0.310,-1.479,12.500
0.337,-1.577,12.500
0.342,-1.567,12.500
0.406,-1.829,12.500
0.404,-1.784,12.500
0.409,-1.774,12.500
0.343,-1.462,12.500
0.404,-1.692,12.500
0.425,-1.752,12.500
0.387,-1.566,12.500
0.424,-1.687,12.500
0.430,-1.686,12.500
0.379,-1.463,12.500
0.443,-1.682,12.500
0.393,-1.469,12.500
0.452,-1.661,12.500
0.407,-1.474,12.500
0.443,-1.579,12.500
0.424,-1.489,12.500
0.488,-1.689,12.500
0.497,-1.695,12.500
0.428,-1.440,12.500
0.482,-1.596,12.500
0.437,-1.427,12.500
0.445,-1.434,12.500
0.451,-1.433,12.500
0.465,-1.457,12.500
0.535,-1.655,12.500
0.544,-1.662,12.500
0.502,-1.513,12.500
0.482,-1.432,12.500
0.570,-1.672,12.500
0.565,-1.636,12.500
0.495,-1.418,12.500
0.510,-1.442,12.500
0.599,-1.672,12.500
0.593,-1.635,12.500
0.518,-1.410,12.500
0.539,-1.451,12.500
0.522,-1.388,12.500
0.616,-1.618,12.500
0.543,-1.410,12.500
0.628,-1.613,12.500
0.554,-1.406,12.500
0.549,-1.378,12.500
0.637,-1.580,12.500
0.660,-1.619,12.500
0.572,-1.388,12.500
0.589,-1.412,12.500
0.679,-1.611,12.500
0.686,-1.609,12.500
0.609,-1.413,12.500
0.600,-1.377,12.500
0.704,-1.601,12.500
0.610,-1.372,12.500
0.775,-1.725,12.500
0.720,-1.584,12.500
0.626,-1.365,12.500
0.636,-1.371,12.500
0.727,-1.551,12.500
0.767,-1.621,12.500
0.620,-1.296,12.500
0.641,-1.327,12.500
0.767,-1.572,12.500
0.769,-1.561,12.500
0.665,-1.336,12.500
0.678,-1.350,12.500
0.787,-1.551,12.500
0.797,-1.556,12.500
0.690,-1.334,12.500
0.789,-1.510,12.500
0.705,-1.337,12.500
0.727,-1.367,12.500
0.840,-1.564,12.500
0.834,-1.537,12.500
0.721,-1.317,12.500
0.841,-1.523,12.500
0.839,-1.504,12.500
0.732,-1.301,12.500
0.751,-1.322,12.500
0.940,-1.640,12.500
0.747,-1.292,12.500
0.752,-1.289,12.500
0.897,-1.522,12.500
0.903,-1.519,12.500
0.881,-1.469,12.500
0.905,-1.496,12.500
0.748,-1.226,12.500
0.787,-1.279,12.500
0.923,-1.486,12.500
0.928,-1.482,12.500
0.807,-1.277,12.500
0.812,-1.274,12.500
0.941,-1.463,12.500
0.971,-1.497,12.500
0.817,-1.249,12.500
0.958,-1.452,12.500
0.832,-1.250,12.500
0.837,-1.247,12.500
0.970,-1.433,12.500
0.852,-1.248,12.500
0.867,-1.260,12.500
0.840,-1.211,12.500
0.872,-1.246,12.500
0.871,-1.235,12.500
0.871,-1.224,12.500
0.876,-1.220,12.500
0.913,-1.262,12.500
0.902,-1.236,12.500
0.895,-1.217,12.500
0.889,-1.199,12.500
0.905,-1.210,12.500
0.904,-1.199,12.500
0.909,-1.196,12.500
0.913,-1.192,12.500
0.918,-1.189,12.500
0.934,-1.200,12.500
0.927,-1.181,12.500
0.949,-1.199,12.500
1.079,-1.353,12.500
0.941,-1.170,12.500
1.084,-1.337,12.500
1.129,-1.382,12.500
0.949,-1.152,12.500
0.959,-1.155,12.500
0.964,-1.152,12.500
0.969,-1.148,12.500
0.961,-1.130,12.500
0.947,-1.105,12.500
1.126,-1.303,12.500
1.143,-1.312,12.500
0.991,-1.129,12.500
1.001,-1.132,12.500
1.170,-1.312,12.500
0.998,-1.110,12.500
1.015,-1.120,12.500
1.013,-1.109,12.500
1.184,-1.287,12.500
1.208,-1.302,12.500
1.038,-1.111,12.500
0.998,-1.059,12.500
1.021,-1.075,12.500
1.077,-1.125,12.500
1.069,-1.107,12.500
1.041,-1.070,12.500
1.051,-1.073,12.500
1.049,-1.062,12.500
1.046,-1.051,12.500
1.051,-1.047,12.500
1.218,-1.204,12.500
1.065,-1.045,12.500
1.253,-1.220,12.500
1.284,-1.240,12.500
1.098,-1.052,12.500
1.088,-1.035,12.500
1.259,-1.188,12.500
1.406,-1.316,12.500
1.066,-0.990,12.500
1.118,-1.030,12.500
1.264,-1.156,12.500
1.106,-1.003,12.500
1.110,-0.998,12.500
1.120,-1.000,12.500
1.117,-0.990,12.500
1.128,-0.991,12.500
1.139,-0.993,12.500
1.150,-0.995,12.500
1.126,-0.966,12.500
1.144,-0.973,12.500
1.147,-0.969,12.500
1.151,-0.964,12.500
1.324,-1.101,12.500
1.335,-1.101,12.500
1.170,-0.957,12.500
1.195,-0.970,12.500
1.184,-0.953,12.500
1.166,-0.931,12.500
1.192,-0.944,12.500
1.181,-0.928,12.500
1.192,-0.929,12.500
1.166,-0.901,12.500
1.199,-0.920,12.500
1.203,-0.915,12.500
1.214,-0.916,12.500
1.210,-0.905,12.500
1.236,-0.917,12.500
1.202,-0.885,12.500
1.205,-0.880,12.500
1.216,-0.881,12.500
1.449,-1.041,12.500
1.253,-0.893,12.500
1.406,-0.993,12.500
1.245,-0.872,12.500
1.233,-0.857,12.500
1.328,-0.915,12.500
1.437,-0.981,12.500
1.266,-0.858,12.500
1.262,-0.848,12.500
1.470,-0.979,12.500
1.284,-0.848,12.500
1.256,-0.823,12.500
1.452,-0.942,12.500
1.463,-0.942,12.500
1.266,-0.808,12.500
1.463,-0.925,12.500
1.451,-0.910,12.500
1.268,-0.788,12.500
1.279,-0.788,12.500
1.462,-0.893,12.500
1.261,-0.763,12.500
1.484,-0.891,12.500
1.283,-0.763,12.500
1.286,-0.758,12.500
1.248,-0.729,12.500
1.292,-0.748,12.500
1.303,-0.747,12.500
1.281,-0.728,12.500
1.325,-0.746,12.500
1.319,-0.737,12.500
1.306,-0.722,12.500
1.309,-0.717,12.500
1.353,-0.734,12.500
1.347,-0.725,12.500
1.551,-0.826,12.500
1.586,-0.837,12.500
1.339,-0.700,12.500
1.317,-0.682,12.500
1.336,-0.685,12.500
1.347,-0.684,12.500
1.375,-0.691,12.500
1.344,-0.670,12.500
1.347,-0.664,12.500
1.350,-0.659,12.500
1.550,-0.749,12.500
1.634,-0.782,12.500
1.357,-0.643,12.500
1.599,-0.750,12.500
1.396,-0.648,12.500
1.365,-0.627,12.500
1.600,-0.728,12.500
1.529,-0.688,12.500
1.389,-0.619,12.500
1.617,-0.712,12.500
1.377,-0.600,12.500
1.379,-0.595,12.500
1.381,-0.589,12.500
1.409,-0.595,12.500
1.614,-0.674,12.500
1.666,-0.688,12.500
1.895,-0.774,12.500
1.444,-0.583,12.500
1.599,-0.638,12.500
1.406,-0.555,12.500
1.399,-0.546,12.500
1.393,-0.537,12.500
1.369,-0.521,12.500
1.397,-0.526,12.500
1.434,-0.533,12.500
1.410,-0.518,12.500
1.438,-0.522,12.500
1.422,-0.510,12.500
1.407,-0.498,12.500
1.435,-0.502,12.500
1.446,-0.500,12.500
1.439,-0.491,12.500
1.432,-0.482,12.500
1.642,-0.546,12.500
1.427,-0.468,12.500
1.429,-0.463,12.500
1.606,-0.513,12.500
1.343,-0.423,12.500
1.299,-0.404,12.500
1.454,-0.446,12.500
1.455,-0.440,12.500
1.581,-0.471,12.500
1.695,-0.498,12.500
1.645,-0.476,12.500
1.577,-0.450,12.500
1.292,-0.363,12.500
