X,Y,Z
# Scan parameters: Height: 100mm, Layer height: 0.50mm
# Data points below:
6.631,0.000,0.000
6.738,0.026,0.000
6.738,0.053,0.000
6.684,0.079,0.000
6.676,0.105,0.000
6.653,0.131,0.000
6.675,0.157,0.000
6.667,0.183,0.000
6.666,0.209,0.000
6.688,0.236,0.000
6.664,0.262,0.000
6.694,0.289,0.000
6.805,0.321,0.000
6.676,0.341,0.000
6.659,0.366,0.000
6.666,0.393,0.000
6.656,0.419,0.000
6.662,0.445,0.000
6.825,0.483,0.000
6.659,0.498,0.000
6.710,0.528,0.000
6.662,0.551,0.000
6.645,0.575,0.000
6.814,0.617,0.000
6.640,0.628,0.000
6.637,0.654,0.000
6.642,0.681,0.000
6.632,0.706,0.000
6.629,0.732,0.000
6.634,0.759,0.000
6.623,0.784,0.000
6.688,0.818,0.000
6.640,0.839,0.000
6.636,0.865,0.000
6.640,0.892,0.000
6.607,0.914,0.000
6.610,0.941,0.000
6.599,0.966,0.000
6.693,1.006,0.000
6.599,1.019,0.000
6.655,1.054,0.000
6.658,1.081,0.000
6.541,1.089,0.000
6.590,1.123,0.000
6.593,1.151,0.000
6.807,1.216,0.000
6.643,1.213,0.000
6.609,1.234,0.000
6.559,1.251,0.000
6.621,1.290,0.000
6.579,1.309,0.000
6.777,1.376,0.000
6.598,1.366,0.000
6.555,1.384,0.000
6.696,1.442,0.000
6.697,1.469,0.000
6.576,1.470,0.000
6.599,1.502,0.000
6.579,1.525,0.000
6.558,1.547,0.000
6.724,1.614,0.000
6.689,1.634,0.000
6.546,1.626,0.000
6.533,1.650,0.000
6.541,1.679,0.000
6.527,1.703,0.000
6.677,1.770,0.000
6.656,1.793,0.000
6.506,1.780,0.000
6.499,1.805,0.000
6.499,1.833,0.000
6.478,1.854,0.000
6.478,1.882,0.000
6.485,1.912,0.000
6.463,1.933,0.000
6.448,1.956,0.000
6.447,1.983,0.000
6.594,2.057,0.000
6.431,2.034,0.000
6.416,2.057,0.000
6.401,2.080,0.000
6.393,2.105,0.000
6.406,2.137,0.000
6.390,2.160,0.000
6.389,2.187,0.000
6.366,2.208,0.000
6.531,2.294,0.000
6.348,2.257,0.000
6.347,2.285,0.000
6.331,2.307,0.000
6.314,2.329,0.000
6.312,2.357,0.000
6.317,2.387,0.000
6.452,2.467,0.000
6.284,2.431,0.000
6.281,2.459,0.000
6.265,2.480,0.000
6.262,2.508,0.000
6.259,2.535,0.000
6.399,2.621,0.000
6.232,2.581,0.000
6.215,2.603,0.000
6.212,2.630,0.000
6.166,2.640,0.000
6.184,2.676,0.000
6.166,2.697,0.000
6.142,2.715,0.000
6.179,2.761,0.000
6.148,2.776,0.000
6.284,2.867,0.000
6.126,2.824,0.000
6.115,2.848,0.000
6.097,2.869,0.000
6.085,2.893,0.000
6.087,2.923,0.000
6.209,3.011,0.000
6.051,2.964,0.000
6.039,2.988,0.000
6.034,3.015,0.000
6.036,3.046,0.000
6.004,3.059,0.000
6.129,3.154,0.000
5.979,3.106,0.000
5.967,3.129,0.000
5.935,3.142,0.000
5.949,3.180,0.000
5.930,3.200,0.000
6.054,3.297,0.000
5.904,3.246,0.000
5.898,3.273,0.000
5.905,3.307,0.000
5.839,3.300,0.000
5.872,3.350,0.000
5.826,3.354,0.000
5.826,3.384,0.000
5.813,3.407,0.000
5.800,3.430,0.000
5.944,3.547,0.000
5.785,3.483,0.000
5.752,3.494,0.000
5.751,3.524,0.000
5.731,3.543,0.000
5.704,3.558,0.000
5.710,3.592,0.000
5.689,3.610,0.000
5.706,3.653,0.000
5.667,3.659,0.000
5.646,3.677,0.000
5.625,3.695,0.000
5.623,3.726,0.000
5.755,3.846,0.000
5.594,3.770,0.000
5.579,3.791,0.000
5.564,3.813,0.000
5.568,3.848,0.000
5.540,3.861,0.000
5.657,3.976,0.000
5.504,3.900,0.000
5.488,3.922,0.000
5.604,4.038,0.000
5.594,4.064,0.000
5.442,3.986,0.000
5.426,4.008,0.000
5.410,4.029,0.000
5.388,4.046,0.000
5.384,4.076,0.000
5.474,4.178,0.000
5.352,4.118,0.000
5.318,4.125,0.000
5.314,4.155,0.000
5.303,4.181,0.000
5.281,4.197,0.000
5.264,4.218,0.000
5.242,4.233,0.000
5.213,4.244,0.000
5.214,4.279,0.000
5.328,4.408,0.000
5.181,4.320,0.000
5.158,4.336,0.000
5.135,4.351,0.000
5.118,4.371,0.000
5.240,4.511,0.000
5.217,4.527,0.000
5.072,4.436,0.000
5.065,4.466,0.000
5.169,4.593,0.000
5.019,4.495,0.000
5.013,4.525,0.000
4.995,4.545,0.000
4.971,4.559,0.000
4.948,4.574,0.000
4.946,4.608,0.000
4.917,4.618,0.000
4.899,4.637,0.000
4.881,4.656,0.000
4.857,4.670,0.000
4.839,4.689,0.000
4.947,4.832,0.000
4.928,4.851,0.000
4.783,4.746,0.000
4.775,4.775,0.000
4.751,4.788,0.000
4.737,4.812,0.000
4.708,4.820,0.000
4.694,4.844,0.000
4.757,4.948,0.000
4.651,4.875,0.000
4.642,4.905,0.000
4.618,4.917,0.000
4.593,4.930,0.000
4.579,4.953,0.000
4.600,5.015,0.000
4.540,4.989,0.000
4.520,5.007,0.000
4.475,4.996,0.000
4.476,5.037,0.000
4.461,5.060,0.000
4.446,5.083,0.000
4.527,5.217,0.000
4.406,5.118,0.000
4.381,5.129,0.000
4.356,5.141,0.000
4.340,5.164,0.000
4.315,5.175,0.000
4.300,5.197,0.000
4.284,5.220,0.000
4.259,5.231,0.000
4.238,5.248,0.000
4.213,5.258,0.000
4.202,5.287,0.000
4.171,5.291,0.000
4.174,5.337,0.000
4.139,5.336,0.000
4.109,5.340,0.000
4.092,5.362,0.000
4.076,5.384,0.000
4.152,5.530,0.000
4.134,5.552,0.000
4.008,5.426,0.000
4.065,5.549,0.000
4.077,5.612,0.000
4.063,5.639,0.000
3.922,5.488,0.000
3.913,5.522,0.000
3.879,5.519,0.000
3.853,5.528,0.000
3.848,5.568,0.000
3.809,5.558,0.000
3.791,5.579,0.000
3.740,5.550,0.000
3.714,5.558,0.000
3.692,5.573,0.000
3.662,5.574,0.000
3.644,5.595,0.000
3.618,5.603,0.000
3.600,5.624,0.000
3.582,5.644,0.000
3.560,5.658,0.000
3.537,5.672,0.000
3.523,5.699,0.000
3.579,5.840,0.000
3.470,5.713,0.000
3.452,5.733,0.000
3.414,5.721,0.000
3.399,5.747,0.000
3.372,5.754,0.000
3.448,5.935,0.000
3.413,5.930,0.000
3.304,5.793,0.000
3.370,5.963,0.000
3.350,5.982,0.000
3.240,5.838,0.000
3.209,5.838,0.000
3.212,5.897,0.000
3.252,6.028,0.000
3.151,5.895,0.000
3.121,5.894,0.000
3.098,5.906,0.000
3.157,6.078,0.000
3.140,6.104,0.000
3.038,5.963,0.000
2.994,5.934,0.000
2.985,5.973,0.000
2.964,5.991,0.000
2.941,6.003,0.000
2.917,6.015,0.000
2.890,6.019,0.000
2.863,6.023,0.000
2.913,6.191,0.000
2.910,6.249,0.000
2.855,6.194,0.000
2.840,6.225,0.000
2.748,6.086,0.000
2.791,6.247,0.000
2.767,6.258,0.000
2.676,6.117,0.000
2.655,6.135,0.000
2.631,6.145,0.000
2.607,6.156,0.000
2.582,6.166,0.000
2.635,6.362,0.000
2.599,6.345,0.000
2.574,6.355,0.000
2.480,6.191,0.000
2.458,6.208,0.000
2.436,6.225,0.000
2.409,6.227,0.000
2.385,6.237,0.000
2.360,6.246,0.000
2.333,6.248,0.000
2.314,6.272,0.000
2.286,6.273,0.000
2.262,6.282,0.000
2.232,6.277,0.000
2.212,6.300,0.000
2.185,6.301,0.000
2.221,6.487,0.000
2.186,6.468,0.000
2.103,6.305,0.000
2.088,6.342,0.000
2.061,6.343,0.000
2.038,6.358,0.000
2.011,6.359,0.000
1.979,6.345,0.000
1.963,6.382,0.000
1.988,6.554,0.000
1.956,6.541,0.000
1.886,6.397,0.000
1.863,6.412,0.000
1.838,6.419,0.000
1.812,6.426,0.000
1.789,6.441,0.000
1.764,6.448,0.000
1.737,6.447,0.000
1.759,6.635,0.000
1.688,6.468,0.000
1.661,6.467,0.000
1.635,6.474,0.000
1.612,6.488,0.000
1.579,6.464,0.000
1.561,6.500,0.000
1.521,6.446,0.000
1.495,6.452,0.000
1.514,6.650,0.000
1.494,6.684,0.000
1.419,6.469,0.000
1.394,6.475,0.000
1.367,6.473,0.000
1.340,6.470,0.000
1.352,6.662,0.000
1.323,6.653,0.000
1.294,6.643,0.000
1.242,6.513,0.000
1.256,6.726,0.000
1.195,6.546,0.000
1.162,6.505,0.000
1.136,6.509,0.000
1.110,6.514,0.000
1.082,6.502,0.000
1.070,6.591,0.000
1.035,6.534,0.000
1.009,6.538,0.000
0.985,6.549,0.000
0.958,6.546,0.000
0.932,6.549,0.000
0.913,6.599,0.000
0.905,6.737,0.000
0.881,6.763,0.000
0.828,6.555,0.000
0.803,6.566,0.000
0.777,6.562,0.000
0.766,6.694,0.000
0.726,6.575,0.000
0.700,6.578,0.000
0.674,6.581,0.000
0.649,6.591,0.000
0.623,6.586,0.000
0.612,6.763,0.000
0.571,6.591,0.000
0.545,6.593,0.000
0.518,6.587,0.000
0.493,6.589,0.000
0.466,6.583,0.000
0.442,6.616,0.000
0.416,6.610,0.000
0.400,6.786,0.000
0.364,6.613,0.000
0.338,6.614,0.000
0.311,6.600,0.000
0.285,6.601,0.000
0.261,6.649,0.000
0.234,6.619,0.000
0.208,6.604,0.000
0.181,6.589,0.000
0.156,6.621,0.000
0.133,6.789,0.000
0.104,6.614,0.000
0.078,6.615,0.000
0.052,6.607,0.000
0.026,6.607,0.000
-0.000,6.790,0.000
-0.027,6.783,0.000
-0.052,6.615,0.000
-0.078,6.615,0.000
-0.104,6.622,0.000
-0.130,6.622,0.000
-0.156,6.621,0.000
-0.182,6.621,0.000
-0.208,6.604,0.000
-0.234,6.611,0.000
-0.259,6.602,0.000
-0.293,6.784,0.000
-0.312,6.616,0.000
-0.337,6.599,0.000
-0.373,6.780,0.000
-0.402,6.816,0.000
-0.415,6.594,0.000
-0.442,6.608,0.000
-0.465,6.568,0.000
-0.507,6.779,0.000
-0.531,6.747,0.000
-0.545,6.593,0.000
-0.574,6.629,0.000
-0.597,6.588,0.000
-0.626,6.624,0.000
-0.649,6.591,0.000
-0.667,6.511,0.000
-0.720,6.767,0.000
-0.727,6.583,0.000
-0.756,6.611,0.000
-0.777,6.562,0.000
-0.804,6.574,0.000
-0.829,6.563,0.000
-0.877,6.726,0.000
-0.904,6.730,0.000
-0.907,6.561,0.000
-0.927,6.511,0.000
-0.958,6.546,0.000
-0.985,6.549,0.000
-1.040,6.740,0.000
-1.046,6.602,0.000
-1.072,6.598,0.000
-1.103,6.624,0.000
-1.117,6.552,0.000
-1.149,6.585,0.000
-1.167,6.535,0.000
-1.236,6.767,0.000
-1.250,6.697,0.000
-1.258,6.596,0.000
-1.278,6.561,0.000
-1.300,6.534,0.000
-1.328,6.544,0.000
-1.356,6.546,0.000
-1.380,6.533,0.000
-1.432,6.653,0.000
-1.424,6.492,0.000
-1.455,6.509,0.000
-1.520,6.679,0.000
-1.508,6.505,0.000
-1.531,6.491,0.000
-1.557,6.485,0.000
-1.611,6.596,0.000
-1.653,6.655,0.000
-1.626,6.436,0.000
-1.639,6.385,0.000
-1.688,6.468,0.000
-1.701,6.417,0.000
-1.735,6.440,0.000
-1.811,6.621,0.000
-1.771,6.374,0.000
-1.812,6.426,0.000
-1.825,6.375,0.000
-1.843,6.345,0.000
-1.871,6.345,0.000
-1.895,6.338,0.000
-1.923,6.338,0.000
-1.947,6.330,0.000
-1.970,6.315,0.000
-2.048,6.474,0.000
-2.066,6.445,0.000
-2.035,6.262,0.000
-2.071,6.291,0.000
-2.099,6.290,0.000
-2.116,6.260,0.000
-2.143,6.259,0.000
-2.167,6.250,0.000
-2.250,6.407,0.000
-2.275,6.398,0.000
-2.241,6.224,0.000
-2.268,6.223,0.000
-2.290,6.206,0.000
-2.317,6.205,0.000
-2.344,6.203,0.000
-2.417,6.322,0.000
-2.404,6.213,0.000
-2.414,6.168,0.000
-2.438,6.158,0.000
-2.459,6.141,0.000
-2.486,6.139,0.000
-2.502,6.107,0.000
-2.532,6.112,0.000
-2.562,6.116,0.000
-2.576,6.084,0.000
-2.603,6.081,0.000
-2.624,6.064,0.000
-2.648,6.054,0.000
-2.746,6.210,0.000
-2.767,6.193,0.000
-2.725,6.036,0.000
-2.743,6.011,0.000
-2.770,6.008,0.000
-2.796,6.004,0.000
-2.891,6.144,0.000
-2.922,6.146,0.000
-2.867,5.970,0.000
-2.890,5.959,0.000
-2.910,5.941,0.000
-2.937,5.936,0.000
-2.936,5.876,0.000
-2.984,5.913,0.000
-3.003,5.894,0.000
-3.016,5.862,0.000
-3.053,5.877,0.000
-3.154,6.014,0.000
-3.095,5.846,0.000
-3.126,5.848,0.000
-3.138,5.815,0.000
-3.168,5.816,0.000
-3.187,5.797,0.000
-3.206,5.778,0.000
-3.236,5.779,0.000
-3.263,5.773,0.000
-3.281,5.753,0.000
-3.380,5.872,0.000
-3.384,5.826,0.000
-3.349,5.714,0.000
-3.379,5.714,0.000
-3.390,5.681,0.000
-3.412,5.667,0.000
-3.434,5.654,0.000
-3.567,5.821,0.000
-3.479,5.627,0.000
-3.501,5.613,0.000
-3.514,5.586,0.000
-3.540,5.579,0.000
-3.567,5.572,0.000
-3.675,5.692,0.000
-3.606,5.537,0.000
-3.732,5.682,0.000
-3.746,5.655,0.000
-3.680,5.507,0.000
-3.692,5.479,0.000
-3.723,5.478,0.000
-3.731,5.444,0.000
-3.770,5.455,0.000
-3.783,5.427,0.000
-3.887,5.531,0.000
-3.825,5.397,0.000
-3.851,5.389,0.000
-3.863,5.361,0.000
-3.893,5.358,0.000
-3.905,5.330,0.000
-3.930,5.321,0.000
-3.942,5.293,0.000
-3.972,5.290,0.000
-3.997,5.281,0.000
-4.013,5.259,0.000
-4.020,5.224,0.000
-4.166,5.371,0.000
-4.080,5.217,0.000
-4.076,5.171,0.000
-4.116,5.179,0.000
-4.136,5.163,0.000
-4.161,5.153,0.000
-4.182,5.136,0.000
-4.211,5.132,0.000
-4.309,5.209,0.000
-4.212,5.051,0.000
-4.257,5.064,0.000
-4.375,5.164,0.000
-4.410,5.163,0.000
-4.321,5.019,0.000
-4.336,4.996,0.000
-4.360,4.985,0.000
-4.491,5.094,0.000
-4.511,5.076,0.000
-4.419,4.933,0.000
-4.433,4.910,0.000
-4.457,4.899,0.000
-4.498,4.904,0.000
-4.501,4.869,0.000
-4.515,4.846,0.000
-4.607,4.906,0.000
-4.632,4.894,0.000
-4.528,4.747,0.000
-4.580,4.763,0.000
-4.543,4.688,0.000
-4.578,4.688,0.000
-4.597,4.670,0.000
-4.735,4.772,0.000
-4.633,4.633,0.000
-4.657,4.621,0.000
-4.675,4.602,0.000
-4.688,4.578,0.000
-4.711,4.565,0.000
-4.735,4.552,0.000
-4.770,4.550,0.000
-4.707,4.455,0.000
-4.748,4.458,0.000
-4.748,4.423,0.000
-4.765,4.405,0.000
-4.776,4.380,0.000
-4.805,4.372,0.000
-4.816,4.348,0.000
-4.833,4.329,0.000
-4.814,4.278,0.000
-4.849,4.275,0.000
-4.878,4.267,0.000
-4.907,4.258,0.000
-4.918,4.233,0.000
-4.891,4.177,0.000
-4.901,4.153,0.000
-4.917,4.134,0.000
-4.952,4.130,0.000
-4.943,4.090,0.000
-4.953,4.065,0.000
-4.982,4.056,0.000
-4.985,4.026,0.000
-5.039,4.037,0.000
-5.016,3.987,0.000
-5.045,3.977,0.000
-5.118,4.002,0.000
-5.121,3.972,0.000
-5.149,3.962,0.000
-5.158,3.937,0.000
-5.324,4.030,0.000
-5.195,3.901,0.000
-5.204,3.876,0.000
-5.219,3.855,0.000
-5.228,3.830,0.000
-5.250,3.814,0.000
-5.245,3.779,0.000
-5.273,3.768,0.000
-5.288,3.747,0.000
-5.309,3.731,0.000
-5.337,3.719,0.000
-5.331,3.685,0.000
-5.359,3.673,0.000
-5.373,3.652,0.000
-5.388,3.631,0.000
-5.539,3.701,0.000
-5.403,3.579,0.000
-5.581,3.666,0.000
-5.589,3.640,0.000
-5.458,3.524,0.000
-5.465,3.498,0.000
-5.465,3.468,0.000
-5.492,3.455,0.000
-5.430,3.386,0.000
-5.485,3.391,0.000
-5.627,3.448,0.000
-5.490,3.335,0.000
-5.497,3.309,0.000
-5.509,3.288,0.000
-5.674,3.356,0.000
-5.694,3.337,0.000
-5.541,3.218,0.000
-5.560,3.201,0.000
-5.573,3.179,0.000
-5.739,3.243,0.000
-5.758,3.225,0.000
-5.624,3.121,0.000
-5.790,3.183,0.000
-5.677,3.092,0.000
-5.653,3.050,0.000
-5.651,3.021,0.000
-5.670,3.002,0.000
-5.696,2.987,0.000
-5.708,2.965,0.000
-5.705,2.935,0.000
-5.717,2.913,0.000
-5.676,2.864,0.000
-5.732,2.864,0.000
-5.758,2.849,0.000
-5.702,2.794,0.000
-5.773,2.800,0.000
-5.679,2.727,0.000
-5.904,2.806,0.000
-5.915,2.783,0.000
-5.756,2.681,0.000
-5.767,2.658,0.000
-5.777,2.636,0.000
-5.787,2.613,0.000
-5.805,2.594,0.000
-5.800,2.564,0.000
-5.818,2.545,0.000
-5.828,2.522,0.000
-5.837,2.499,0.000
-5.847,2.476,0.000
-5.857,2.453,0.000
-5.866,2.430,0.000
-5.876,2.407,0.000
-5.878,2.381,0.000
-5.902,2.364,0.000
-6.085,2.409,0.000
-6.087,2.382,0.000
-5.914,2.288,0.000
-5.931,2.268,0.000
-5.932,2.242,0.000
-5.949,2.221,0.000
-5.918,2.183,0.000
-5.935,2.163,0.000
-5.982,2.154,0.000
-5.998,2.133,0.000
-6.015,2.112,0.000
-5.999,2.080,0.000
-6.000,2.054,0.000
-6.015,2.033,0.000
-6.063,2.023,0.000
-6.031,1.986,0.000
-6.031,1.960,0.000
-6.055,1.941,0.000
-6.006,1.900,0.000
-6.093,1.901,0.000
-6.069,1.867,0.000
-6.068,1.841,0.000
-6.092,1.822,0.000
-6.099,1.798,0.000
-6.098,1.772,0.000
-6.097,1.745,0.000
-6.111,1.724,0.000
-6.102,1.695,0.000
-6.305,1.725,0.000
-6.139,1.654,0.000
-6.114,1.621,0.000
-6.333,1.652,0.000
-6.110,1.569,0.000
-6.156,1.555,0.000
-6.163,1.531,0.000
-6.335,1.547,0.000
-6.166,1.480,0.000
-6.180,1.458,0.000
-6.186,1.434,0.000
-6.208,1.413,0.000
-6.237,1.394,0.000
-6.202,1.361,0.000
-6.240,1.343,0.000
-6.205,1.310,0.000
-6.370,1.319,0.000
-6.588,1.337,0.000
-6.228,1.239,0.000
-6.200,1.208,0.000
-6.254,1.193,0.000
-6.426,1.200,0.000
-6.230,1.138,0.000
-6.259,1.118,0.000
-6.255,1.092,0.000
-6.268,1.069,0.000
-6.272,1.044,0.000
-6.276,1.019,0.000
-6.464,1.024,0.000
-6.491,1.002,0.000
-6.221,0.935,0.000
-6.283,0.919,0.000
-6.253,0.890,0.000
-6.298,0.871,0.000
-6.244,0.839,0.000
-6.280,0.818,0.000
-6.485,0.819,0.000
-6.504,0.796,0.000
-6.322,0.748,0.000
-6.350,0.726,0.000
-6.303,0.696,0.000
-6.314,0.672,0.000
-6.423,0.658,0.000
-6.466,0.637,0.000
-6.305,0.596,0.000
-6.324,0.573,0.000
-6.359,0.551,0.000
-6.287,0.520,0.000
-6.297,0.496,0.000
-6.265,0.468,0.000
-6.259,0.443,0.000
-6.344,0.424,0.000
-6.337,0.399,0.000
-6.272,0.370,0.000
-6.324,0.348,0.000
-6.342,0.324,0.000
-6.267,0.296,0.000
-6.268,0.271,0.000
-6.378,0.251,0.000
-6.296,0.223,0.000
-6.280,0.197,0.000
-6.272,0.172,0.000
-6.289,0.148,0.000
-6.282,0.123,0.000
-6.282,0.099,0.000
-6.282,0.074,0.000
-6.358,0.050,0.000
-6.350,0.025,0.000
-6.465,-0.000,0.000
-6.274,-0.025,0.000
-6.283,-0.049,0.000
-6.308,-0.074,0.000
-6.290,-0.099,0.000
-6.282,-0.123,0.000
-6.281,-0.148,0.000
-6.263,-0.172,0.000
-6.469,-0.203,0.000
-6.262,-0.221,0.000
-6.468,-0.254,0.000
-6.467,-0.280,0.000
-6.465,-0.305,0.000
-6.275,-0.321,0.000
-6.315,-0.348,0.000
-6.272,-0.370,0.000
-6.296,-0.396,0.000
-6.269,-0.419,0.000
-6.267,-0.444,0.000
-6.265,-0.468,0.000
-6.263,-0.493,0.000
-6.261,-0.518,0.000
-6.449,-0.559,0.000
-6.446,-0.584,0.000
-6.246,-0.590,0.000
-6.244,-0.615,0.000
-6.233,-0.639,0.000
-6.436,-0.685,0.000
-6.434,-0.710,0.000
-6.423,-0.735,0.000
-6.239,-0.738,0.000
-6.270,-0.767,0.000
-6.283,-0.794,0.000
-6.418,-0.836,0.000
-6.244,-0.839,0.000
-6.223,-0.861,0.000
-6.432,-0.915,0.000
-6.436,-0.942,0.000
-6.205,-0.933,0.000
-6.209,-0.958,0.000
-6.205,-0.983,0.000
-6.210,-1.009,0.000
-6.197,-1.032,0.000
-6.168,-1.052,0.000
-6.181,-1.079,0.000
-6.177,-1.103,0.000
-6.189,-1.130,0.000
-6.371,-1.189,0.000
-6.405,-1.222,0.000
-6.167,-1.201,0.000
-6.137,-1.221,0.000
-6.174,-1.253,0.000
-6.152,-1.274,0.000
-6.172,-1.303,0.000
-6.134,-1.321,0.000
-6.145,-1.348,0.000
-6.131,-1.371,0.000
-6.303,-1.435,0.000
-6.120,-1.419,0.000
-6.156,-1.452,0.000
-6.109,-1.467,0.000
-6.112,-1.493,0.000
-6.097,-1.515,0.000
-6.165,-1.557,0.000
-6.085,-1.562,0.000
-6.263,-1.634,0.000
-6.256,-1.659,0.000
-6.131,-1.651,0.000
-6.060,-1.658,0.000
-6.053,-1.682,0.000
-6.079,-1.715,0.000
-6.040,-1.729,0.000
-6.090,-1.769,0.000
-6.026,-1.777,0.000
-5.995,-1.793,0.000
-6.163,-1.870,0.000
-6.013,-1.850,0.000
-6.006,-1.873,0.000
-5.998,-1.897,0.000
-6.055,-1.941,0.000
-5.975,-1.941,0.000
-5.968,-1.965,0.000
-5.960,-1.988,0.000
-6.023,-2.036,0.000
-5.944,-2.035,0.000
-5.936,-2.058,0.000
-5.936,-2.085,0.000
-5.912,-2.102,0.000
-6.060,-2.182,0.000
-5.903,-2.151,0.000
-5.894,-2.175,0.000
-5.941,-2.218,0.000
-5.940,-2.244,0.000
-5.939,-2.271,0.000
-6.096,-2.359,0.000
-6.080,-2.380,0.000
-5.904,-2.338,0.000
-5.902,-2.364,0.000
-5.893,-2.387,0.000
-5.884,-2.410,0.000
-5.859,-2.427,0.000
-5.865,-2.456,0.000
-6.019,-2.549,0.000
-5.830,-2.496,0.000
-5.812,-2.515,0.000
-5.996,-2.623,0.000
-5.845,-2.584,0.000
-5.975,-2.670,0.000
-5.787,-2.613,0.000
-5.769,-2.632,0.000
-5.774,-2.662,0.000
-5.756,-2.681,0.000
-5.753,-2.707,0.000
-5.727,-2.723,0.000
-5.871,-2.819,0.000
-5.721,-2.775,0.000
-5.695,-2.790,0.000
-5.866,-2.902,0.000
-5.732,-2.864,0.000
-5.647,-2.849,0.000
-5.817,-2.964,0.000
-5.661,-2.913,0.000
-5.635,-2.927,0.000
-5.761,-3.021,0.000
-5.770,-3.055,0.000
-5.600,-2.993,0.000
-5.588,-3.015,0.000
-5.576,-3.037,0.000
-5.572,-3.063,0.000
-5.709,-3.168,0.000
-5.703,-3.194,0.000
-5.542,-3.133,0.000
-5.523,-3.150,0.000
-5.489,-3.159,0.000
-5.491,-3.189,0.000
-5.633,-3.301,0.000
-5.626,-3.327,0.000
-5.606,-3.345,0.000
-5.419,-3.262,0.000
-5.420,-3.292,0.000
-5.400,-3.309,0.000
-5.408,-3.343,0.000
-5.395,-3.365,0.000
-5.339,-3.359,0.000
-5.368,-3.407,0.000
-5.362,-3.432,0.000
-5.491,-3.546,0.000
-5.484,-3.572,0.000
-5.314,-3.491,0.000
-5.307,-3.516,0.000
-5.266,-3.519,0.000
-5.266,-3.548,0.000
-5.400,-3.670,0.000
-5.392,-3.695,0.000
-5.230,-3.615,0.000
-5.230,-3.645,0.000
-5.202,-3.656,0.000
-5.187,-3.676,0.000
-5.193,-3.711,0.000
-5.152,-3.712,0.000
-5.144,-3.737,0.000
-5.122,-3.752,0.000
-5.141,-3.797,0.000
-5.126,-3.817,0.000
-5.078,-3.813,0.000
-5.205,-3.940,0.000
-5.196,-3.966,0.000
-5.033,-3.872,0.000
-5.024,-3.897,0.000
-5.149,-4.027,0.000
-4.987,-3.931,0.000
-4.965,-3.945,0.000
-4.949,-3.965,0.000
-4.940,-3.990,0.000
-4.918,-4.004,0.000
-5.034,-4.132,0.000
-5.024,-4.157,0.000
-4.883,-4.072,0.000
-4.886,-4.107,0.000
-4.993,-4.231,0.000
-4.971,-4.245,0.000
-4.954,-4.265,0.000
-4.790,-4.156,0.000
-4.926,-4.309,0.000
-4.909,-4.328,0.000
-4.753,-4.223,0.000
-4.736,-4.242,0.000
-4.719,-4.261,0.000
-4.703,-4.279,0.000
-4.704,-4.314,0.000
-4.669,-4.316,0.000
-4.646,-4.329,0.000
-4.641,-4.358,0.000
-4.747,-4.493,0.000
-4.741,-4.523,0.000
-4.577,-4.401,0.000
-4.554,-4.413,0.000
-4.543,-4.437,0.000
-4.525,-4.455,0.000
-4.513,-4.478,0.000
-4.496,-4.496,0.000
-4.466,-4.502,0.000
-4.455,-4.525,0.000
-4.437,-4.543,0.000
-4.425,-4.566,0.000
-4.418,-4.595,0.000
-4.400,-4.613,0.000
-4.416,-4.666,0.000
-4.442,-4.730,0.000
-4.456,-4.783,0.000
-4.310,-4.663,0.000
-4.292,-4.680,0.000
-4.273,-4.697,0.000
-4.266,-4.726,0.000
-4.231,-4.724,0.000
-4.262,-4.796,0.000
-4.188,-4.751,0.000
-4.229,-4.835,0.000
-4.232,-4.876,0.000
-4.143,-4.812,0.000
-4.183,-4.897,0.000
-4.153,-4.901,0.000
-4.252,-5.058,0.000
-4.227,-5.069,0.000
-4.207,-5.085,0.000
-4.044,-4.928,0.000
-4.019,-4.937,0.000
-4.036,-4.998,0.000
-3.996,-4.988,0.000
-3.992,-5.023,0.000
-3.997,-5.070,0.000
-3.957,-5.060,0.000
-3.932,-5.069,0.000
-3.912,-5.085,0.000
-3.887,-5.094,0.000
-3.877,-5.122,0.000
-3.837,-5.111,0.000
-3.832,-5.146,0.000
-3.812,-5.161,0.000
-3.801,-5.189,0.000
-3.776,-5.197,0.000
-3.760,-5.218,0.000
-3.754,-5.253,0.000
-3.695,-5.214,0.000
-3.689,-5.249,0.000
-3.664,-5.257,0.000
-3.652,-5.285,0.000
-3.627,-5.292,0.000
-3.696,-5.439,0.000
-3.608,-5.354,0.000
-3.551,-5.314,0.000
-3.548,-5.355,0.000
-3.558,-5.417,0.000
-3.524,-5.410,0.000
-3.485,-5.397,0.000
-3.463,-5.410,0.000
-3.447,-5.431,0.000
-3.416,-5.430,0.000
-3.395,-5.444,0.000
-3.374,-5.457,0.000
-3.357,-5.477,0.000
-3.426,-5.641,0.000
-3.318,-5.510,0.000
-3.296,-5.523,0.000
-3.360,-5.681,0.000
-3.341,-5.700,0.000
-3.214,-5.534,0.000
-3.192,-5.546,0.000
-3.282,-5.753,0.000
-3.161,-5.592,0.000
-3.135,-5.598,0.000
-3.101,-5.588,0.000
-3.095,-5.629,0.000
-3.073,-5.641,0.000
-3.074,-5.696,0.000
-3.024,-5.658,0.000
-3.088,-5.833,0.000
-3.065,-5.845,0.000
-3.042,-5.857,0.000
-2.939,-5.712,0.000
-2.913,-5.716,0.000
-2.890,-5.728,0.000
-2.871,-5.746,0.000
-2.849,-5.758,0.000
-2.823,-5.762,0.000
-2.811,-5.795,0.000
-2.777,-5.784,0.000
-2.762,-5.809,0.000
-2.813,-5.979,0.000
-2.783,-5.975,0.000
-2.693,-5.841,0.000
-2.667,-5.844,0.000
-2.640,-5.847,0.000
-2.617,-5.858,0.000
-2.646,-5.986,0.000
-2.642,-6.039,0.000
-2.548,-5.888,0.000
-2.522,-5.891,0.000
-2.502,-5.908,0.000
-2.479,-5.918,0.000
-2.458,-5.935,0.000
-2.432,-5.937,0.000
-2.409,-5.946,0.000
-2.385,-5.956,0.000
-2.365,-5.973,0.000
-2.344,-5.990,0.000
-2.318,-5.991,0.000
-2.283,-5.970,0.000
-2.268,-6.002,0.000
-2.244,-6.010,0.000
-2.204,-5.973,0.000
-2.200,-6.036,0.000
-2.238,-6.217,0.000
-2.209,-6.211,0.000
-2.120,-6.038,0.000
-2.107,-6.077,0.000
-2.099,-6.131,0.000
-2.057,-6.086,0.000
-2.056,-6.163,0.000
-2.029,-6.163,0.000
-1.985,-6.110,0.000
-1.976,-6.164,0.000
-1.954,-6.179,0.000
-1.932,-6.194,0.000
-1.943,-6.315,0.000
-1.863,-6.139,0.000
-1.859,-6.217,0.000
-1.835,-6.224,0.000
-1.848,-6.360,0.000
-1.810,-6.322,0.000
-1.764,-6.253,0.000
-1.735,-6.244,0.000
-1.744,-6.373,0.000
-1.688,-6.265,0.000
-1.663,-6.272,0.000
-1.639,-6.278,0.000
-1.618,-6.300,0.000
-1.595,-6.314,0.000
-1.564,-6.297,0.000
-1.538,-6.296,0.000
-1.515,-6.309,0.000
-1.483,-6.284,0.000
-1.467,-6.329,0.000
-1.441,-6.327,0.000
-1.416,-6.332,0.000
-1.389,-6.330,0.000
-1.404,-6.520,0.000
-1.378,-6.525,0.000
-1.316,-6.354,0.000
-1.299,-6.398,0.000
-1.266,-6.364,0.000
-1.241,-6.369,0.000
-1.248,-6.544,0.000
-1.195,-6.402,0.000
-1.163,-6.367,0.000
-1.141,-6.388,0.000
-1.114,-6.384,0.000
-1.089,-6.389,0.000
-1.066,-6.401,0.000
-1.042,-6.413,0.000
-1.017,-6.417,0.000
-0.990,-6.413,0.000
-0.991,-6.588,0.000
-0.940,-6.420,0.000
-0.912,-6.408,0.000
-0.913,-6.599,0.000
-0.864,-6.431,0.000
-0.839,-6.434,0.000
-0.813,-6.438,0.000
-0.810,-6.620,0.000
-0.784,-6.623,0.000
-0.735,-6.423,0.000
-0.712,-6.450,0.000
-0.687,-6.452,0.000
-0.680,-6.635,0.000
-0.636,-6.457,0.000
-0.607,-6.420,0.000
-0.586,-6.462,0.000
-0.557,-6.432,0.000
-0.534,-6.459,0.000
-0.510,-6.477,0.000
-0.497,-6.643,0.000
-0.472,-6.668,0.000
-0.445,-6.655,0.000
-0.408,-6.484,0.000
-0.381,-6.461,0.000
-0.357,-6.479,0.000
-0.333,-6.504,0.000
-0.306,-6.474,0.000
-0.280,-6.475,0.000
-0.255,-6.492,0.000
-0.230,-6.485,0.000
-0.203,-6.461,0.000
-0.179,-6.494,0.000
-0.153,-6.487,0.000
-0.128,-6.512,0.000
-0.102,-6.488,0.000
-0.076,-6.456,0.000
-0.051,-6.497,0.000
-0.026,-6.481,0.000
-0.000,-6.521,0.000
0.025,-6.497,0.000
0.051,-6.497,0.000
0.076,-6.488,0.000
0.102,-6.496,0.000
0.127,-6.488,0.000
0.153,-6.487,0.000
0.178,-6.486,0.000
0.204,-6.494,0.000
0.229,-6.485,0.000
0.254,-6.484,0.000
0.281,-6.499,0.000
0.305,-6.482,0.000
0.340,-6.668,0.000
0.366,-6.652,0.000
0.392,-6.650,0.000
0.408,-6.484,0.000
0.433,-6.474,0.000
0.457,-6.465,0.000
0.483,-6.471,0.000
0.509,-6.469,0.000
0.549,-6.647,0.000
0.576,-6.652,0.000
0.586,-6.470,0.000
0.610,-6.460,0.000
0.636,-6.458,0.000
0.663,-6.471,0.000
0.694,-6.524,0.000
0.733,-6.644,0.000
0.735,-6.431,0.000
0.766,-6.476,0.000
0.798,-6.528,0.000
0.814,-6.446,0.000
0.838,-6.434,0.000
0.873,-6.502,0.000
0.900,-6.506,0.000
0.922,-6.479,0.000
0.970,-6.629,0.000
0.963,-6.409,0.000
1.000,-6.484,0.000
1.026,-6.480,0.000
1.053,-6.483,0.000
1.108,-6.661,0.000
1.097,-6.436,0.000
1.129,-6.471,0.000
1.152,-6.451,0.000
1.181,-6.469,0.000
1.236,-6.624,0.000
1.226,-6.429,0.000
1.253,-6.432,0.000
1.321,-6.645,0.000
1.342,-6.611,0.000
1.332,-6.432,0.000
1.352,-6.403,0.000
1.380,-6.414,0.000
1.399,-6.377,0.000
1.431,-6.403,0.000
1.495,-6.570,0.000
1.483,-6.399,0.000
1.502,-6.370,0.000
1.527,-6.364,0.000
1.556,-6.373,0.000
1.579,-6.359,0.000
1.606,-6.361,0.000
1.627,-6.339,0.000
1.701,-6.520,0.000
1.679,-6.334,0.000
1.706,-6.335,0.000
1.731,-6.328,0.000
1.751,-6.306,0.000
1.783,-6.322,0.000
1.805,-6.307,0.000
1.826,-6.285,0.000
1.852,-6.285,0.000
1.879,-6.285,0.000
1.902,-6.271,0.000
1.926,-6.263,0.000
1.956,-6.270,0.000
1.978,-6.255,0.000
2.000,-6.240,0.000
2.024,-6.232,0.000
2.046,-6.216,0.000
2.130,-6.385,0.000
2.100,-6.215,0.000
2.125,-6.207,0.000
2.146,-6.191,0.000
2.163,-6.160,0.000
2.255,-6.342,0.000
2.222,-6.173,0.000
2.249,-6.171,0.000
2.268,-6.148,0.000
2.289,-6.131,0.000
2.307,-6.107,0.000
2.340,-6.121,0.000
2.364,-6.111,0.000
2.388,-6.102,0.000
2.415,-6.100,0.000
2.505,-6.255,0.000
2.457,-6.066,0.000
2.477,-6.049,0.000
2.510,-6.061,0.000
2.531,-6.044,0.000
2.555,-6.034,0.000
2.651,-6.194,0.000
2.608,-6.028,0.000
2.606,-5.960,0.000
2.646,-5.986,0.000
2.676,-5.990,0.000
2.696,-5.972,0.000
2.719,-5.962,0.000
2.743,-5.951,0.000
2.835,-6.087,0.000
2.793,-5.936,0.000
2.820,-5.932,0.000
2.826,-5.886,0.000
2.859,-5.896,0.000
2.961,-6.044,0.000
2.905,-5.873,0.000
2.928,-5.862,0.000
2.951,-5.850,0.000
2.982,-5.853,0.000
3.005,-5.841,0.000
3.024,-5.822,0.000
3.126,-5.961,0.000
3.073,-5.805,0.000
3.081,-5.765,0.000
3.141,-5.822,0.000
3.204,-5.884,0.000
3.271,-5.951,0.000
3.183,-5.737,0.000
3.236,-5.779,0.000
3.251,-5.753,0.000
3.364,-5.899,0.000
3.402,-5.911,0.000
3.322,-5.721,0.000
3.345,-5.707,0.000
3.371,-5.701,0.000
3.389,-5.681,0.000
3.412,-5.668,0.000
3.434,-5.654,0.000
3.472,-5.667,0.000
3.478,-5.627,0.000
3.500,-5.613,0.000
3.526,-5.606,0.000
3.544,-5.586,0.000
3.579,-5.591,0.000
3.592,-5.564,0.000
3.614,-5.550,0.000
3.728,-5.676,0.000
3.653,-5.515,0.000
3.679,-5.507,0.000
3.701,-5.493,0.000
3.722,-5.478,0.000
3.744,-5.463,0.000
3.770,-5.455,0.000
3.782,-5.427,0.000
3.812,-5.425,0.000
3.843,-5.423,0.000
3.956,-5.537,0.000
3.862,-5.361,0.000
3.888,-5.352,0.000
4.017,-5.484,0.000
3.930,-5.322,0.000
3.960,-5.318,0.000
3.972,-5.290,0.000
3.997,-5.281,0.000
4.027,-5.278,0.000
4.034,-5.243,0.000
4.059,-5.234,0.000
4.065,-5.199,0.000
4.100,-5.202,0.000
4.120,-5.185,0.000
4.250,-5.306,0.000
4.171,-5.165,0.000
4.171,-5.124,0.000
4.201,-5.120,0.000
4.226,-5.110,0.000
4.231,-5.075,0.000
4.261,-5.070,0.000
4.256,-5.024,0.000
4.301,-5.037,0.000
4.321,-5.020,0.000
4.340,-5.003,0.000
4.355,-4.980,0.000
4.374,-4.963,0.000
4.399,-4.951,0.000
4.525,-5.053,0.000
4.594,-5.090,0.000
4.498,-4.945,0.000
4.538,-4.949,0.000
4.532,-4.904,0.000
4.514,-4.846,0.000
4.693,-4.999,0.000
4.718,-4.986,0.000
4.619,-4.843,0.000
4.627,-4.814,0.000
4.652,-4.801,0.000
4.665,-4.777,0.000
4.668,-4.742,0.000
4.708,-4.746,0.000
4.732,-4.733,0.000
4.756,-4.719,0.000
4.758,-4.685,0.000
4.787,-4.677,0.000
4.795,-4.647,0.000
4.813,-4.628,0.000
4.831,-4.609,0.000
4.843,-4.585,0.000
4.971,-4.669,0.000
4.885,-4.552,0.000
4.897,-4.528,0.000
4.937,-4.529,0.000
5.066,-4.610,0.000
4.961,-4.480,0.000
5.091,-4.560,0.000
4.996,-4.441,0.000
5.014,-4.421,0.000
5.025,-4.396,0.000
5.048,-4.382,0.000
5.048,-4.347,0.000
5.083,-4.342,0.000
5.088,-4.312,0.000
5.105,-4.292,0.000
5.128,-4.277,0.000
5.144,-4.257,0.000
5.161,-4.236,0.000
5.154,-4.197,0.000
5.212,-4.210,0.000
5.223,-4.185,0.000
5.373,-4.271,0.000
5.243,-4.134,0.000
5.253,-4.109,0.000
5.412,-4.199,0.000
5.463,-4.204,0.000
5.320,-4.061,0.000
5.323,-4.031,0.000
5.370,-4.032,0.000
5.361,-3.993,0.000
5.377,-3.972,0.000
5.525,-4.048,0.000
5.408,-3.930,0.000
5.417,-3.904,0.000
5.438,-3.887,0.000
5.447,-3.861,0.000
5.462,-3.840,0.000
5.619,-3.917,0.000
5.480,-3.788,0.000
5.507,-3.775,0.000
5.522,-3.754,0.000
5.530,-3.728,0.000
5.551,-3.710,0.000
5.579,-3.697,0.000
5.587,-3.671,0.000
5.739,-3.739,0.000
5.609,-3.622,0.000
5.623,-3.600,0.000
5.637,-3.578,0.000
5.797,-3.648,0.000
5.818,-3.629,0.000
5.686,-3.516,0.000
5.680,-3.481,0.000
5.720,-3.475,0.000
5.713,-3.441,0.000
5.786,-3.453,0.000
5.747,-3.400,0.000
5.760,-3.377,0.000
5.747,-3.339,0.000
5.767,-3.320,0.000
5.859,-3.343,0.000
5.813,-3.286,0.000
5.792,-3.244,0.000
5.911,-3.281,0.000
6.002,-3.300,0.000
6.015,-3.277,0.000
5.943,-3.207,0.000
5.888,-3.148,0.000
5.954,-3.154,0.000
5.926,-3.109,0.000
6.142,-3.192,0.000
5.944,-3.059,0.000
5.956,-3.035,0.000
5.968,-3.012,0.000
5.986,-2.992,0.000
6.005,-2.972,0.000
6.010,-2.945,0.000
6.000,-2.911,0.000
6.026,-2.894,0.000
6.044,-2.874,0.000
6.055,-2.850,0.000
6.108,-2.846,0.000
6.220,-2.868,0.000
6.231,-2.844,0.000
6.106,-2.758,0.000
6.103,-2.728,0.000
6.114,-2.704,0.000
6.124,-2.680,0.000
6.128,-2.652,0.000
6.323,-2.708,0.000
6.148,-2.604,0.000
6.158,-2.580,0.000
6.169,-2.556,0.000
6.186,-2.535,0.000
6.355,-2.575,0.000
6.351,-2.544,0.000
6.229,-2.467,0.000
6.218,-2.434,0.000
6.234,-2.413,0.000
6.244,-2.388,0.000
6.253,-2.364,0.000
6.262,-2.339,0.000
6.271,-2.314,0.000
6.288,-2.292,0.000
6.289,-2.265,0.000
6.291,-2.238,0.000
6.476,-2.275,0.000
6.316,-2.191,0.000
6.459,-2.212,0.000
6.489,-2.194,0.000
6.341,-2.116,0.000
6.342,-2.089,0.000
6.365,-2.069,0.000
6.329,-2.030,0.000
6.537,-2.068,0.000
6.367,-1.987,0.000
6.382,-1.964,0.000
6.568,-1.993,0.000
6.397,-1.914,0.000
6.404,-1.889,0.000
6.412,-1.864,0.000
6.434,-1.843,0.000
6.441,-1.817,0.000
6.613,-1.838,0.000
6.477,-1.773,0.000
6.621,-1.784,0.000
6.620,-1.756,0.000
6.468,-1.689,0.000
6.467,-1.661,0.000
6.474,-1.636,0.000
6.473,-1.609,0.000
6.494,-1.587,0.000
6.492,-1.560,0.000
6.506,-1.536,0.000
6.651,-1.542,0.000
6.525,-1.486,0.000
6.524,-1.459,0.000
6.522,-1.432,0.000
6.542,-1.409,0.000
6.723,-1.421,0.000
6.500,-1.347,0.000
6.551,-1.331,0.000
6.718,-1.337,0.000
6.569,-1.281,0.000
6.574,-1.255,0.000
6.564,-1.226,0.000
6.576,-1.202,0.000
6.573,-1.175,0.000
6.776,-1.183,0.000
6.597,-1.126,0.000
6.764,-1.127,0.000
6.606,-1.074,0.000
6.595,-1.045,0.000
6.636,-1.025,0.000
6.572,-0.989,0.000
6.784,-0.994,0.000
6.795,-0.968,0.000
6.614,-0.916,0.000
6.625,-0.891,0.000
6.651,-0.868,0.000
6.632,-0.839,0.000
6.635,-0.813,0.000
6.638,-0.787,0.000
6.618,-0.758,0.000
6.644,-0.734,0.000
6.639,-0.707,0.000
6.688,-0.686,0.000
6.637,-0.655,0.000
6.647,-0.629,0.000
6.665,-0.605,0.000
6.660,-0.578,0.000
6.700,-0.555,0.000
6.672,-0.526,0.000
6.658,-0.499,0.000
6.683,-0.474,0.000
6.670,-0.447,0.000
6.633,-0.418,0.000
6.845,-0.405,0.000
6.854,-0.378,0.000
6.684,-0.342,0.000
6.677,-0.316,0.000
6.678,-0.290,0.000
6.672,-0.263,0.000
6.696,-0.238,0.000
6.875,-0.217,0.000
6.883,-0.190,0.000
6.744,-0.160,0.000
6.676,-0.132,0.000
6.684,-0.106,0.000
6.700,-0.080,0.000
6.685,-0.053,0.000
6.708,-0.027,0.000
6.529,-0.001,0.500
6.552,0.025,0.500
6.552,0.051,0.500
6.560,0.076,0.500
6.560,0.102,0.500
6.551,0.128,0.500
6.551,0.153,0.500
6.542,0.179,0.500
6.727,0.210,0.500
6.556,0.231,0.500
6.532,0.256,0.500
6.554,0.282,0.500
6.553,0.308,0.500
6.552,0.334,0.500
6.558,0.360,0.500
6.557,0.386,0.500
6.725,0.422,0.500
6.715,0.448,0.500
6.544,0.462,0.500
6.519,0.486,0.500
6.540,0.514,0.500
6.554,0.541,0.500
6.567,0.568,0.500
6.518,0.589,0.500
6.531,0.616,0.500
6.529,0.642,0.500
6.542,0.669,0.500
6.617,0.703,0.500
6.521,0.719,0.500
6.494,0.742,0.500
6.460,0.764,0.500
6.481,0.792,0.500
6.571,0.829,0.500
6.506,0.847,0.500
6.479,0.869,0.500
6.530,0.902,0.500
6.472,0.920,0.500
6.499,0.950,0.500
6.480,0.973,0.500
6.468,0.997,0.500
6.472,1.024,0.500
6.468,1.050,0.500
6.479,1.077,0.500
6.635,1.130,0.500
6.471,1.128,0.500
6.458,1.152,0.500
6.446,1.176,0.500
6.480,1.209,0.500
6.452,1.230,0.500
6.432,1.252,0.500
6.586,1.309,0.500
6.429,1.304,0.500
6.385,1.321,0.500
6.457,1.363,0.500
6.444,1.386,0.500
6.439,1.412,0.500
6.395,1.428,0.500
6.389,1.454,0.500
6.414,1.486,0.500
6.551,1.544,0.500
6.523,1.565,0.500
6.366,1.554,0.500
6.375,1.582,0.500
6.346,1.602,0.500
6.347,1.629,0.500
6.348,1.655,0.500
6.513,1.726,0.500
6.499,1.749,0.500
6.321,1.728,0.500
6.329,1.757,0.500
6.322,1.782,0.500
6.300,1.802,0.500
6.262,1.818,0.500
6.270,1.847,0.500
6.346,1.897,0.500
6.271,1.901,0.500
6.263,1.926,0.500
6.256,1.950,0.500
6.255,1.977,0.500
6.202,1.987,0.500
6.262,2.034,0.500
6.262,2.061,0.500
6.216,2.073,0.500
6.362,2.149,0.500
6.382,2.184,0.500
6.191,2.146,0.500
6.175,2.168,0.500
6.174,2.194,0.500
6.347,2.284,0.500
6.317,2.301,0.500
6.155,2.270,0.500
6.532,2.438,0.500
6.122,2.312,0.500
6.172,2.359,0.500
6.156,2.380,0.500
6.095,2.384,0.500
6.244,2.471,0.500
6.241,2.498,0.500
6.074,2.459,0.500
6.079,2.489,0.500
6.112,2.531,0.500
6.044,2.530,0.500
6.092,2.579,0.500
6.031,2.581,0.500
6.064,2.623,0.500
6.068,2.653,0.500
6.044,2.671,0.500
6.019,2.688,0.500
6.058,2.734,0.500
5.962,2.719,0.500
6.008,2.769,0.500
5.976,2.782,0.500
6.124,2.881,0.500
6.239,2.965,0.500
5.914,2.839,0.500
5.974,2.896,0.500
5.927,2.902,0.500
5.873,2.905,0.500
6.075,3.034,0.500
6.069,3.061,0.500
5.922,3.016,0.500
5.848,3.008,0.500
5.871,3.049,0.500
5.866,3.075,0.500
5.854,3.098,0.500
5.821,3.110,0.500
5.795,3.126,0.500
5.803,3.159,0.500
5.798,3.186,0.500
5.785,3.209,0.500
5.779,3.235,0.500
5.766,3.258,0.500
5.879,3.352,0.500
5.741,3.303,0.500
5.748,3.337,0.500
5.865,3.436,0.500
5.701,3.370,0.500
5.688,3.393,0.500
5.675,3.415,0.500
5.661,3.437,0.500
5.648,3.460,0.500
5.621,3.474,0.500
5.794,3.612,0.500
5.748,3.615,0.500
5.619,3.564,0.500
5.585,3.574,0.500
5.552,3.583,0.500
5.563,3.622,0.500
5.536,3.635,0.500
5.643,3.737,0.500
5.501,3.674,0.500
5.474,3.687,0.500
5.504,3.739,0.500
5.571,3.817,0.500
5.587,3.860,0.500
5.434,3.786,0.500
5.419,3.807,0.500
5.529,3.917,0.500
5.389,3.850,0.500
5.368,3.866,0.500
5.494,3.990,0.500
5.472,4.007,0.500
5.322,3.929,0.500
5.344,3.978,0.500
5.297,3.976,0.500
5.281,3.996,0.500
5.272,4.022,0.500
5.244,4.033,0.500
5.252,4.073,0.500
5.212,4.074,0.500
5.333,4.203,0.500
5.192,4.125,0.500
5.133,4.111,0.500
5.153,4.160,0.500
5.137,4.181,0.500
5.066,4.156,0.500
5.233,4.327,0.500
5.204,4.338,0.500
5.077,4.266,0.500
5.048,4.276,0.500
5.037,4.300,0.500
4.996,4.300,0.500
4.997,4.335,0.500
4.980,4.354,0.500
5.100,4.495,0.500
4.957,4.404,0.500
4.934,4.418,0.500
4.928,4.448,0.500
4.894,4.451,0.500
4.939,4.528,0.500
4.943,4.568,0.500
4.801,4.471,0.500
4.795,4.501,0.500
4.938,4.672,0.500
4.804,4.581,0.500
4.775,4.590,0.500
4.757,4.608,0.500
4.694,4.583,0.500
4.659,4.585,0.500
4.702,4.664,0.500
4.656,4.655,0.500
4.666,4.701,0.500
4.636,4.708,0.500
4.574,4.681,0.500
4.577,4.722,0.500
4.537,4.717,0.500
4.562,4.780,0.500
4.570,4.826,0.500
4.492,4.782,0.500
4.473,4.799,0.500
4.475,4.840,0.500
4.446,4.846,0.500
4.416,4.851,0.500
4.386,4.857,0.500
4.415,4.927,0.500
4.477,5.036,0.500
4.318,4.896,0.500
4.304,4.919,0.500
4.295,4.948,0.500
4.286,4.977,0.500
4.241,4.964,0.500
4.227,4.986,0.500
4.278,5.087,0.500
4.177,5.007,0.500
4.183,5.054,0.500
4.256,5.184,0.500
4.255,5.224,0.500
4.123,5.103,0.500
4.078,5.088,0.500
4.097,5.154,0.500
4.063,5.151,0.500
4.028,5.148,0.500
4.022,5.183,0.500
4.002,5.199,0.500
3.986,5.221,0.500
3.956,5.224,0.500
4.033,5.369,0.500
4.025,5.403,0.500
3.894,5.270,0.500
3.873,5.285,0.500
3.961,5.450,0.500
3.836,5.322,0.500
3.802,5.318,0.500
3.794,5.352,0.500
3.773,5.367,0.500
3.748,5.375,0.500
3.819,5.523,0.500
3.806,5.551,0.500
3.684,5.419,0.500
3.658,5.427,0.500
3.641,5.448,0.500
3.624,5.468,0.500
3.603,5.483,0.500
3.581,5.497,0.500
3.656,5.660,0.500
3.622,5.655,0.500
3.525,5.552,0.500
3.490,5.546,0.500
3.469,5.559,0.500
3.459,5.593,0.500
3.433,5.600,0.500
3.407,5.606,0.500
3.385,5.620,0.500
3.351,5.613,0.500
3.353,5.666,0.500
3.404,5.806,0.500
3.382,5.819,0.500
3.347,5.813,0.500
3.252,5.698,0.500
3.320,5.872,0.500
3.293,5.878,0.500
3.196,5.757,0.500
3.181,5.783,0.500
3.135,5.754,0.500
3.101,5.745,0.500
3.101,5.799,0.500
3.067,5.790,0.500
3.052,5.816,0.500
3.025,5.821,0.500
2.999,5.826,0.500
3.060,6.003,0.500
3.023,5.988,0.500
2.937,5.875,0.500
2.989,6.039,0.500
2.959,6.037,0.500
2.861,5.895,0.500
2.831,5.892,0.500
2.818,5.924,0.500
2.801,5.950,0.500
2.849,6.114,0.500
2.758,5.979,0.500
2.737,5.997,0.500
2.701,5.979,0.500
2.681,5.996,0.500
2.663,6.021,0.500
2.637,6.024,0.500
2.613,6.035,0.500
2.574,6.009,0.500
2.556,6.033,0.500
2.601,6.207,0.500
2.580,6.224,0.500
2.485,6.063,0.500
2.464,6.080,0.500
2.437,6.082,0.500
2.422,6.114,0.500
2.387,6.094,0.500
2.366,6.111,0.500
2.341,6.120,0.500
2.320,6.136,0.500
2.353,6.298,0.500
2.255,6.110,0.500
2.245,6.156,0.500
2.221,6.165,0.500
2.173,6.106,0.500
2.170,6.174,0.500
2.127,6.130,0.500
2.108,6.154,0.500
2.082,6.154,0.500
2.055,6.155,0.500
2.031,6.163,0.500
2.016,6.201,0.500
1.982,6.179,0.500
2.010,6.351,0.500
1.990,6.374,0.500
1.912,6.209,0.500
1.885,6.209,0.500
1.861,6.216,0.500
1.836,6.224,0.500
1.803,6.200,0.500
1.787,6.238,0.500
1.760,6.237,0.500
1.740,6.259,0.500
1.724,6.297,0.500
1.689,6.265,0.500
1.666,6.279,0.500
1.636,6.263,0.500
1.617,6.292,0.500
1.600,6.330,0.500
1.566,6.297,0.500
1.539,6.295,0.500
1.516,6.309,0.500
1.490,6.307,0.500
1.465,6.313,0.500
1.482,6.503,0.500
1.415,6.324,0.500
1.395,6.353,0.500
1.404,6.512,0.500
1.342,6.348,0.500
1.317,6.354,0.500
1.284,6.319,0.500
1.267,6.364,0.500
1.280,6.561,0.500
1.219,6.381,0.500
1.192,6.378,0.500
1.164,6.367,0.500
1.146,6.411,0.500
1.118,6.400,0.500
1.091,6.388,0.500
1.065,6.393,0.500
1.046,6.428,0.500
1.022,6.440,0.500
0.994,6.428,0.500
0.965,6.408,0.500
0.942,6.428,0.500
0.915,6.416,0.500
0.892,6.435,0.500
0.864,6.423,0.500
0.866,6.636,0.500
0.836,6.609,0.500
0.790,6.449,0.500
0.762,6.428,0.500
0.739,6.447,0.500
0.712,6.433,0.500
0.690,6.468,0.500
0.662,6.447,0.500
0.638,6.465,0.500
0.616,6.500,0.500
0.587,6.462,0.500
0.559,6.440,0.500
0.537,6.475,0.500
0.524,6.633,0.500
0.499,6.651,0.500
0.460,6.472,0.500
0.434,6.474,0.500
0.409,6.476,0.500
0.384,6.485,0.500
0.359,6.495,0.500
0.343,6.676,0.500
0.316,6.677,0.500
0.282,6.483,0.500
0.255,6.451,0.500
0.230,6.469,0.500
0.206,6.494,0.500
0.180,6.486,0.500
0.154,6.487,0.500
0.129,6.504,0.500
0.103,6.488,0.500
0.078,6.496,0.500
0.052,6.456,0.500
0.027,6.529,0.500
0.002,6.646,0.500
-0.025,6.669,0.500
-0.050,6.497,0.500
-0.075,6.464,0.500
-0.101,6.520,0.500
-0.126,6.496,0.500
-0.152,6.495,0.500
-0.177,6.478,0.500
-0.202,6.486,0.500
-0.235,6.688,0.500
-0.253,6.484,0.500
-0.278,6.467,0.500
-0.305,6.498,0.500
-0.329,6.472,0.500
-0.354,6.463,0.500
-0.380,6.478,0.500
-0.406,6.484,0.500
-0.432,6.490,0.500
-0.454,6.432,0.500
-0.482,6.471,0.500
-0.522,6.657,0.500
-0.538,6.530,0.500
-0.560,6.489,0.500
-0.583,6.454,0.500
-0.613,6.500,0.500
-0.634,6.458,0.500
-0.678,6.635,0.500
-0.688,6.476,0.500
-0.714,6.482,0.500
-0.755,6.619,0.500
-0.763,6.460,0.500
-0.781,6.393,0.500
-0.811,6.430,0.500
-0.838,6.443,0.500
-0.868,6.471,0.500
-0.888,6.428,0.500
-0.917,6.456,0.500
-0.938,6.421,0.500
-0.966,6.433,0.500
-0.987,6.405,0.500
-1.044,6.603,0.500
-1.069,6.591,0.500
-1.064,6.401,0.500
-1.089,6.397,0.500
-1.114,6.392,0.500
-1.139,6.388,0.500
-1.164,6.383,0.500
-1.222,6.556,0.500
-1.214,6.374,0.500
-1.239,6.369,0.500
-1.300,6.542,0.500
-1.288,6.351,0.500
-1.316,6.362,0.500
-1.331,6.310,0.500
-1.364,6.344,0.500
-1.423,6.492,0.500
-1.414,6.333,0.500
-1.441,6.335,0.500
-1.465,6.329,0.500
-1.490,6.324,0.500
-1.513,6.310,0.500
-1.528,6.265,0.500
-1.567,6.313,0.500
-1.595,6.323,0.500
-1.614,6.293,0.500
-1.637,6.279,0.500
-1.659,6.265,0.500
-1.688,6.274,0.500
-1.719,6.290,0.500
-1.733,6.245,0.500
-1.755,6.230,0.500
-1.789,6.254,0.500
-1.813,6.247,0.500
-1.884,6.398,0.500
-1.860,6.225,0.500
-1.880,6.202,0.500
-1.909,6.210,0.500
-1.931,6.195,0.500
-1.955,6.187,0.500
-2.074,6.474,0.500
-2.014,6.202,0.500
-2.025,6.156,0.500
-2.057,6.171,0.500
-2.076,6.148,0.500
-2.090,6.109,0.500
-2.109,6.085,0.500
-2.154,6.138,0.500
-2.231,6.277,0.500
-2.186,6.075,0.500
-2.221,6.097,0.500
-2.304,6.250,0.500
-2.274,6.094,0.500
-2.292,6.070,0.500
-2.310,6.046,0.500
-2.343,6.060,0.500
-2.358,6.028,0.500
-2.454,6.202,0.500
-2.411,6.024,0.500
-2.438,6.022,0.500
-2.458,6.005,0.500
-2.476,5.981,0.500
-2.505,5.986,0.500
-2.599,6.142,0.500
-2.552,5.966,0.500
-2.576,5.956,0.500
-2.583,5.909,0.500
-2.606,5.898,0.500
-2.646,5.925,0.500
-2.666,5.907,0.500
-2.767,6.068,0.500
-2.719,5.901,0.500
-2.742,5.890,0.500
-2.761,5.872,0.500
-2.802,5.897,0.500
-2.821,5.879,0.500
-2.830,5.839,0.500
-2.853,5.828,0.500
-2.880,5.824,0.500
-2.980,5.967,0.500
-3.000,5.948,0.500
-2.945,5.782,0.500
-2.952,5.742,0.500
-3.008,5.794,0.500
-3.100,5.914,0.500
-3.043,5.749,0.500
-3.054,5.716,0.500
-3.065,5.683,0.500
-3.106,5.706,0.500
-3.125,5.687,0.500
-3.147,5.675,0.500
-3.173,5.669,0.500
-3.188,5.643,0.500
-3.218,5.644,0.500
-3.322,5.774,0.500
-3.278,5.646,0.500
-3.288,5.613,0.500
-3.290,5.565,0.500
-3.316,5.559,0.500
-3.304,5.490,0.500
-3.429,5.648,0.500
-3.389,5.533,0.500
-3.373,5.458,0.500
-3.487,5.594,0.500
-3.513,5.587,0.500
-3.476,5.479,0.500
-3.462,5.411,0.500
-3.479,5.391,0.500
-3.536,5.431,0.500
-3.517,5.356,0.500
-3.648,5.509,0.500
-3.568,5.342,0.500
-3.584,5.321,0.500
-3.610,5.314,0.500
-3.631,5.300,0.500
-3.647,5.279,0.500
-3.772,5.415,0.500
-3.688,5.250,0.500
-3.713,5.242,0.500
-3.734,5.227,0.500
-3.754,5.213,0.500
-3.775,5.198,0.500
-3.790,5.176,0.500
-3.816,5.168,0.500
-3.855,5.179,0.500
-3.851,5.131,0.500
-3.871,5.116,0.500
-4.012,5.260,0.500
-3.916,5.092,0.500
-3.931,5.070,0.500
-3.931,5.029,0.500
-3.986,5.058,0.500
-3.996,5.030,0.500
-4.130,5.158,0.500
-4.035,4.998,0.500
-4.055,4.983,0.500
-4.181,5.096,0.500
-4.099,4.957,0.500
-4.092,4.909,0.500
-4.133,4.918,0.500
-4.260,5.030,0.500
-4.171,4.886,0.500
-4.180,4.857,0.500
-4.215,4.859,0.500
-4.212,4.818,0.500
-4.253,4.826,0.500
-4.250,4.784,0.500
-4.290,4.792,0.500
-4.320,4.787,0.500
-4.398,4.836,0.500
-4.341,4.735,0.500
-4.360,4.718,0.500
-4.373,4.695,0.500
-4.522,4.818,0.500
-4.415,4.666,0.500
-4.433,4.649,0.500
-4.446,4.626,0.500
-4.470,4.614,0.500
-4.488,4.597,0.500
-4.645,4.721,0.500
-4.466,4.503,0.500
-4.507,4.508,0.500
-4.513,4.479,0.500
-4.663,4.592,0.500
-4.530,4.426,0.500
-4.577,4.437,0.500
-4.552,4.379,0.500
-4.729,4.513,0.500
-4.611,4.366,0.500
-4.652,4.370,0.500
-4.645,4.329,0.500
-4.613,4.266,0.500
-4.660,4.276,0.500
-4.787,4.357,0.500
-4.719,4.262,0.500
-4.679,4.193,0.500
-4.739,4.213,0.500
-4.712,4.156,0.500
-4.735,4.143,0.500
-4.725,4.102,0.500
-4.904,4.224,0.500
-4.933,4.215,0.500
-4.799,4.068,0.500
-4.815,4.049,0.500
-4.824,4.025,0.500
-4.781,3.957,0.500
-4.856,3.987,0.500
-4.878,3.973,0.500
-4.887,3.948,0.500
-4.889,3.919,0.500
-5.073,4.033,0.500
-4.933,3.891,0.500
-4.962,3.882,0.500
-4.977,3.862,0.500
-4.985,3.837,0.500
-4.994,3.813,0.500
-5.009,3.793,0.500
-5.003,3.758,0.500
-5.184,3.862,0.500
-5.212,3.851,0.500
-5.074,3.719,0.500
-5.082,3.694,0.500
-5.151,3.713,0.500
-5.311,3.797,0.500
-5.345,3.790,0.500
-5.288,3.718,0.500
-5.229,3.646,0.500
-5.202,3.597,0.500
-5.244,3.595,0.500
-5.265,3.579,0.500
-5.272,3.554,0.500
-5.279,3.529,0.500
-5.265,3.490,0.500
-5.307,3.487,0.500
-5.320,3.466,0.500
-5.285,3.414,0.500
-5.312,3.402,0.500
-5.304,3.367,0.500
-5.310,3.342,0.500
-5.323,3.321,0.500
-5.343,3.305,0.500
-5.349,3.279,0.500
-5.369,3.263,0.500
-5.353,3.224,0.500
-5.395,3.220,0.500
-5.407,3.199,0.500
-5.420,3.178,0.500
-5.589,3.248,0.500
-5.609,3.230,0.500
-5.457,3.114,0.500
-5.432,3.071,0.500
-5.496,3.079,0.500
-5.638,3.130,0.500
-5.505,3.028,0.500
-5.465,2.978,0.500
-5.529,2.984,0.500
-5.540,2.963,0.500
-5.755,3.049,0.500
-5.511,2.891,0.500
-5.499,2.858,0.500
-5.518,2.840,0.500
-5.552,2.830,0.500
-5.525,2.789,0.500
-5.559,2.779,0.500
-5.743,2.843,0.500
-5.565,2.727,0.500
-5.576,2.706,0.500
-5.768,2.771,0.500
-5.597,2.662,0.500
-5.623,2.647,0.500
-5.633,2.625,0.500
-5.826,2.687,0.500
-5.829,2.661,0.500
-5.663,2.558,0.500
-5.666,2.533,0.500
-5.867,2.595,0.500
-5.646,2.471,0.500
-5.865,2.539,0.500
-5.744,2.460,0.500
-5.714,2.421,0.500
-5.740,2.405,0.500
-5.773,2.392,0.500
-5.750,2.357,0.500
-5.939,2.407,0.500
-5.761,2.308,0.500
-5.786,2.292,0.500
-5.795,2.269,0.500
-5.819,2.253,0.500
-5.985,2.289,0.500
-5.821,2.201,0.500
-5.822,2.175,0.500
-5.798,2.140,0.500
-5.830,2.126,0.500
-6.028,2.172,0.500
-6.045,2.151,0.500
-5.863,2.060,0.500
-5.871,2.037,0.500
-5.879,2.014,0.500
-5.895,1.994,0.500
-5.911,1.973,0.500
-5.902,1.945,0.500
-5.918,1.924,0.500
-5.909,1.896,0.500
-5.925,1.875,0.500
-5.965,1.862,0.500
-5.939,1.828,0.500
-6.147,1.866,0.500
-6.139,1.837,0.500
-5.969,1.761,0.500
-5.967,1.735,0.500
-5.958,1.707,0.500
-5.981,1.688,0.500
-6.181,1.718,0.500
-6.011,1.645,0.500
-6.009,1.620,0.500
-5.990,1.589,0.500
-6.013,1.570,0.500
-6.206,1.595,0.500
-6.017,1.521,0.500
-6.031,1.499,0.500
-6.037,1.475,0.500
-6.043,1.452,0.500
-6.057,1.430,0.500
-6.012,1.394,0.500
-6.059,1.380,0.500
-6.221,1.392,0.500
-6.078,1.335,0.500
-6.075,1.309,0.500
-6.089,1.287,0.500
-6.274,1.300,0.500
-6.107,1.241,0.500
-6.112,1.217,0.500
-6.108,1.191,0.500
-6.079,1.161,0.500
-6.100,1.140,0.500
-6.113,1.118,0.500
-6.126,1.095,0.500
-6.139,1.072,0.500
-6.160,1.051,0.500
-6.138,1.023,0.500
-6.108,0.993,0.500
-6.138,0.973,0.500
-6.316,0.976,0.500
-6.196,0.933,0.500
-6.080,0.891,0.500
-6.101,0.869,0.500
-6.078,0.842,0.500
-6.350,0.854,0.500
-6.154,0.803,0.500
-6.148,0.778,0.500
-6.177,0.757,0.500
-6.163,0.730,0.500
-6.105,0.699,0.500
-6.117,0.676,0.500
-6.128,0.653,0.500
-6.113,0.627,0.500
-6.159,0.608,0.500
-6.246,0.591,0.500
-6.155,0.558,0.500
-6.148,0.533,0.500
-6.133,0.508,0.500
-6.117,0.482,0.500
-6.189,0.464,0.500
-6.309,0.448,0.500
-6.311,0.423,0.500
-6.142,0.387,0.500
-6.117,0.362,0.500
-6.145,0.339,0.500
-6.350,0.325,0.500
-6.147,0.291,0.500
-6.096,0.264,0.500
-6.132,0.242,0.500
-6.124,0.217,0.500
-6.142,0.194,0.500
-6.178,0.171,0.500
-6.143,0.146,0.500
-6.324,0.125,0.500
-6.136,0.097,0.500
-6.153,0.073,0.500
-6.136,0.049,0.500
-6.145,0.025,0.500
-6.136,0.001,0.500
-6.325,-0.024,0.500
-6.145,-0.047,0.500
-6.127,-0.071,0.500
-6.127,-0.095,0.500
-6.100,-0.119,0.500
-6.340,-0.148,0.500
-6.152,-0.168,0.500
-6.125,-0.192,0.500
-6.329,-0.223,0.500
-6.158,-0.241,0.500
-6.131,-0.264,0.500
-6.156,-0.289,0.500
-6.163,-0.314,0.500
-6.324,-0.347,0.500
-6.135,-0.361,0.500
-6.116,-0.384,0.500
-6.132,-0.409,0.500
-6.301,-0.445,0.500
-6.274,-0.468,0.500
-6.118,-0.481,0.500
-6.124,-0.505,0.500
-6.105,-0.528,0.500
-6.138,-0.555,0.500
-6.101,-0.576,0.500
-6.133,-0.603,0.500
-6.105,-0.625,0.500
-6.111,-0.649,0.500
-6.126,-0.675,0.500
-6.123,-0.699,0.500
-6.094,-0.720,0.500
-6.100,-0.745,0.500
-6.097,-0.769,0.500
-6.094,-0.793,0.500
-6.056,-0.813,0.500
-6.087,-0.841,0.500
-6.084,-0.865,0.500
-6.081,-0.889,0.500
-6.279,-0.943,0.500
-6.073,-0.937,0.500
-6.239,-0.987,0.500
-6.031,-0.979,0.500
-6.045,-1.005,0.500
-6.251,-1.065,0.500
-6.045,-1.054,0.500
-6.050,-1.079,0.500
-6.045,-1.103,0.500
-5.998,-1.119,0.500
-5.976,-1.139,0.500
-6.208,-1.209,0.500
-6.027,-1.198,0.500
-5.997,-1.216,0.500
-6.018,-1.245,0.500
-6.013,-1.269,0.500
-6.025,-1.296,0.500
-6.003,-1.316,0.500
-6.173,-1.379,0.500
-5.992,-1.363,0.500
-5.970,-1.383,0.500
-5.981,-1.410,0.500
-5.984,-1.436,0.500
-5.987,-1.461,0.500
-5.956,-1.479,0.500
-6.181,-1.560,0.500
-5.952,-1.527,0.500
-5.946,-1.551,0.500
-5.940,-1.574,0.500
-5.892,-1.586,0.500
-6.085,-1.664,0.500
-5.904,-1.639,0.500
-5.906,-1.665,0.500
-5.908,-1.690,0.500
-5.901,-1.714,0.500
-6.099,-1.797,0.500
-5.896,-1.762,0.500
-5.964,-1.808,0.500
-5.823,-1.791,0.500
-6.022,-1.878,0.500
-5.859,-1.852,0.500
-5.844,-1.873,0.500
-5.836,-1.895,0.500
-5.845,-1.924,0.500
-5.813,-1.938,0.500
-5.879,-1.986,0.500
-5.806,-1.987,0.500
-5.790,-2.007,0.500
-5.815,-2.041,0.500
-5.774,-2.052,0.500
-5.823,-2.096,0.500
-5.766,-2.101,0.500
-5.942,-2.191,0.500
-5.724,-2.137,0.500
-5.732,-2.165,0.500
-5.724,-2.188,0.500
-5.976,-2.311,0.500
-5.811,-2.274,0.500
-5.786,-2.290,0.500
-5.689,-2.277,0.500
-5.947,-2.408,0.500
-5.791,-2.371,0.500
-5.742,-2.377,0.500
-5.910,-2.475,0.500
-5.723,-2.422,0.500
-5.713,-2.445,0.500
-5.903,-2.554,0.500
-5.686,-2.486,0.500
-5.668,-2.505,0.500
-5.674,-2.534,0.500
-5.818,-2.626,0.500
-5.662,-2.582,0.500
-5.644,-2.601,0.500
-5.642,-2.627,0.500
-5.600,-2.634,0.500
-5.628,-2.675,0.500
-5.602,-2.689,0.500
-5.684,-2.756,0.500
-5.589,-2.737,0.500
-5.547,-2.744,0.500
-5.567,-2.781,0.500
-5.541,-2.795,0.500
-5.499,-2.801,0.500
-5.698,-2.931,0.500
-5.515,-2.864,0.500
-5.653,-2.964,0.500
-5.470,-2.895,0.500
-5.489,-2.933,0.500
-5.470,-2.950,0.500
-5.450,-2.968,0.500
-5.587,-3.070,0.500
-5.464,-3.031,0.500
-5.430,-3.040,0.500
-5.418,-3.061,0.500
-5.384,-3.070,0.500
-5.364,-3.087,0.500
-5.382,-3.125,0.500
-5.521,-3.235,0.500
-5.320,-3.145,0.500
-5.307,-3.166,0.500
-5.317,-3.200,0.500
-5.456,-3.313,0.500
-5.478,-3.356,0.500
-5.279,-3.263,0.500
-5.273,-3.288,0.500
-5.424,-3.411,0.500
-5.424,-3.441,0.500
-5.227,-3.345,0.500
-5.243,-3.384,0.500
-5.186,-3.377,0.500
-5.370,-3.526,0.500
-5.167,-3.422,0.500
-5.168,-3.452,0.500
-5.307,-3.576,0.500
-5.140,-3.492,0.500
-5.105,-3.498,0.500
-5.127,-3.543,0.500
-5.250,-3.658,0.500
-5.243,-3.684,0.500
-5.085,-3.603,0.500
-5.050,-3.608,0.500
-5.049,-3.637,0.500
-5.028,-3.652,0.500
-5.014,-3.672,0.500
-5.013,-3.702,0.500
-4.978,-3.706,0.500
-4.963,-3.726,0.500
-4.969,-3.761,0.500
-5.107,-3.897,0.500
-4.939,-3.800,0.500
-4.938,-3.829,0.500
-4.903,-3.833,0.500
-4.867,-3.836,0.500
-4.866,-3.866,0.500
-4.850,-3.885,0.500
-4.848,-3.915,0.500
-4.820,-3.923,0.500
-4.960,-4.070,0.500
-4.828,-3.993,0.500
-4.780,-3.985,0.500
-4.758,-3.998,0.500
-4.742,-4.017,0.500
-4.885,-4.171,0.500
-4.730,-4.071,0.500
-4.694,-4.072,0.500
-4.672,-4.085,0.500
-4.668,-4.115,0.500
-4.665,-4.145,0.500
-4.623,-4.140,0.500
-4.607,-4.158,0.500
-4.597,-4.182,0.500
-4.568,-4.188,0.500
-4.564,-4.218,0.500
-4.541,-4.230,0.500
-4.537,-4.260,0.500
-4.508,-4.265,0.500
-4.553,-4.342,0.500
-4.486,-4.313,0.500
-4.463,-4.324,0.500
-4.495,-4.389,0.500
-4.573,-4.500,0.500
-4.466,-4.431,0.500
-4.401,-4.400,0.500
-4.508,-4.542,0.500
-4.354,-4.422,0.500
-4.379,-4.482,0.500
-4.499,-4.642,0.500
-4.343,-4.516,0.500
-4.337,-4.546,0.500
-4.266,-4.507,0.500
-4.301,-4.579,0.500
-4.289,-4.602,0.500
-4.277,-4.625,0.500
-4.359,-4.752,0.500
-4.357,-4.787,0.500
-4.205,-4.657,0.500
-4.203,-4.692,0.500
-4.174,-4.696,0.500
-4.286,-4.861,0.500
-4.164,-4.760,0.500
-4.140,-4.770,0.500
-4.100,-4.761,0.500
-4.092,-4.790,0.500
-4.067,-4.799,0.500
-4.043,-4.809,0.500
-4.002,-4.799,0.500
-4.011,-4.847,0.500
-3.981,-4.850,0.500
-3.972,-4.878,0.500
-4.067,-5.035,0.500
-4.042,-5.045,0.500
-3.894,-4.898,0.500
-3.880,-4.920,0.500
-3.871,-4.949,0.500
-3.851,-4.964,0.500
-3.837,-4.986,0.500
-3.791,-4.967,0.500
-3.777,-4.989,0.500
-3.737,-4.976,0.500
-3.758,-5.045,0.500
-3.733,-5.053,0.500
-3.718,-5.075,0.500
-3.772,-5.190,0.500
-3.794,-5.264,0.500
-3.768,-5.272,0.500
-3.633,-5.126,0.500
-3.584,-5.098,0.500
-3.598,-5.161,0.500
-3.592,-5.196,0.500
-3.562,-5.196,0.500
-3.537,-5.203,0.500
-3.516,-5.217,0.500
-3.491,-5.224,0.500
-3.470,-5.237,0.500
-3.454,-5.258,0.500
-3.438,-5.278,0.500
-3.512,-5.437,0.500
-3.401,-5.312,0.500
-3.380,-5.326,0.500
-3.342,-5.310,0.500
-3.421,-5.485,0.500
-3.304,-5.344,0.500
-3.283,-5.357,0.500
-3.284,-5.405,0.500
-3.228,-5.360,0.500
-3.233,-5.417,0.500
-3.199,-5.408,0.500
-3.177,-5.420,0.500
-3.165,-5.447,0.500
-3.143,-5.459,0.500
-3.211,-5.629,0.500
-3.096,-5.477,0.500
-3.074,-5.489,0.500
-3.053,-5.501,0.500
-3.039,-5.527,0.500
-3.006,-5.517,0.500
-2.984,-5.529,0.500
-3.055,-5.715,0.500
-2.940,-5.552,0.500
-2.911,-5.549,0.500
-2.908,-5.598,0.500
-2.962,-5.755,0.500
-2.857,-5.605,0.500
-2.831,-5.609,0.500
-2.816,-5.635,0.500
-2.779,-5.616,0.500
-2.848,-5.812,0.500
-2.731,-5.630,0.500
-2.735,-5.694,0.500
-2.719,-5.720,0.500
-2.676,-5.685,0.500
-2.657,-5.703,0.500
-2.631,-5.705,0.500
-2.608,-5.716,0.500
-2.657,-5.884,0.500
-2.577,-5.767,0.500
-2.551,-5.769,0.500
-2.532,-5.787,0.500
-2.492,-5.758,0.500
-2.483,-5.799,0.500
-2.447,-5.777,0.500
-2.434,-5.810,0.500
-2.477,-5.980,0.500
-2.379,-5.806,0.500
-2.356,-5.815,0.500
-2.352,-5.871,0.500
-2.368,-5.980,0.500
-2.290,-5.850,0.500
-2.267,-5.859,0.500
-2.229,-5.829,0.500
-2.209,-5.845,0.500
-2.201,-5.894,0.500
-2.175,-5.894,0.500
-2.152,-5.903,0.500
-2.126,-5.903,0.500
-2.172,-6.106,0.500
-2.142,-6.099,0.500
-2.126,-6.130,0.500
-2.038,-5.952,0.500
-2.034,-6.015,0.500
-2.015,-6.039,0.500
-1.968,-5.975,0.500
-1.963,-6.039,0.500
-1.944,-6.062,0.500
-1.900,-6.006,0.500
-1.894,-6.070,0.500
-1.863,-6.053,0.500
-1.841,-6.068,0.500
-1.791,-5.987,0.500
-1.798,-6.099,0.500
-1.820,-6.262,0.500
-1.748,-6.104,0.500
-1.724,-6.111,0.500
-1.691,-6.086,0.500
-1.678,-6.133,0.500
-1.658,-6.155,0.500
-1.638,-6.178,0.500
-1.606,-6.152,0.500
-1.582,-6.158,0.500
-1.557,-6.164,0.500
-1.533,-6.170,0.500
-1.507,-6.168,0.500
-1.479,-6.158,0.500
-1.451,-6.148,0.500
-1.429,-6.161,0.500
-1.410,-6.191,0.500
-1.380,-6.172,0.500
-1.359,-6.194,0.500
-1.337,-6.207,0.500
-1.309,-6.196,0.500
-1.290,-6.226,0.500
-1.272,-6.263,0.500
-1.239,-6.228,0.500
-1.215,-6.233,0.500
-1.190,-6.237,0.500
-1.172,-6.274,0.500
-1.140,-6.238,0.500
-1.118,-6.259,0.500
-1.091,-6.247,0.500
-1.073,-6.292,0.500
-1.044,-6.272,0.500
-1.021,-6.284,0.500
-1.023,-6.456,0.500
-0.970,-6.284,0.500
-0.944,-6.279,0.500
-0.921,-6.291,0.500
-0.895,-6.286,0.500
-0.872,-6.298,0.500
-0.846,-6.293,0.500
-0.821,-6.296,0.500
-0.799,-6.324,0.500
-0.771,-6.303,0.500
-0.747,-6.306,0.500
-0.722,-6.309,0.500
-0.699,-6.328,0.500
-0.673,-6.322,0.500
-0.648,-6.317,0.500
-0.624,-6.336,0.500
-0.615,-6.500,0.500
-0.589,-6.494,0.500
-0.549,-6.334,0.500
-0.524,-6.336,0.500
-0.499,-6.330,0.500
-0.472,-6.315,0.500
-0.449,-6.342,0.500
-0.425,-6.352,0.500
-0.399,-6.329,0.500
-0.374,-6.339,0.500
-0.360,-6.535,0.500
-0.324,-6.342,0.500
-0.300,-6.359,0.500
-0.275,-6.344,0.500
-0.250,-6.345,0.500
-0.231,-6.525,0.500
-0.205,-6.510,0.500
-0.175,-6.347,0.500
-0.150,-6.348,0.500
-0.125,-6.357,0.500
-0.103,-6.528,0.500
-0.075,-6.358,0.500
-0.051,-6.399,0.500
-0.026,-6.537,0.500
-0.000,-6.560,0.500
0.025,-6.358,0.500
0.049,-6.333,0.500
0.075,-6.358,0.500
0.100,-6.374,0.500
0.128,-6.543,0.500
0.151,-6.414,0.500
0.174,-6.339,0.500
0.199,-6.355,0.500
0.224,-6.354,0.500
0.250,-6.361,0.500
0.272,-6.311,0.500
0.309,-6.553,0.500
0.324,-6.342,0.500
0.349,-6.349,0.500
0.374,-6.347,0.500
0.400,-6.362,0.500
0.424,-6.344,0.500
0.448,-6.326,0.500
0.474,-6.340,0.500
0.498,-6.330,0.500
0.521,-6.312,0.500
0.548,-6.326,0.500
0.590,-6.518,0.500
0.597,-6.322,0.500
0.622,-6.319,0.500
0.646,-6.308,0.500
0.673,-6.322,0.500
0.696,-6.303,0.500
0.721,-6.309,0.500
0.746,-6.306,0.500
0.775,-6.336,0.500
0.797,-6.308,0.500
0.819,-6.288,0.500
0.846,-6.302,0.500
0.870,-6.290,0.500
0.921,-6.472,0.500
0.954,-6.522,0.500
0.974,-6.480,0.500
0.981,-6.357,0.500
1.005,-6.345,0.500
1.030,-6.341,0.500
1.048,-6.296,0.500
1.085,-6.365,0.500
1.106,-6.336,0.500
1.132,-6.340,0.500
1.151,-6.303,0.500
1.176,-6.299,0.500
1.242,-6.513,0.500
1.227,-6.297,0.500
1.251,-6.293,0.500
1.278,-6.296,0.500
1.297,-6.266,0.500
1.365,-6.465,0.500
1.350,-6.272,0.500
1.375,-6.267,0.500
1.399,-6.261,0.500
1.426,-6.264,0.500
1.488,-6.422,0.500
1.469,-6.228,0.500
1.503,-6.262,0.500
1.530,-6.264,0.500
1.593,-6.413,0.500
1.573,-6.228,0.500
1.597,-6.222,0.500
1.678,-6.431,0.500
1.650,-6.225,0.500
1.662,-6.171,0.500
1.697,-6.204,0.500
1.713,-6.166,0.500
1.746,-6.191,0.500
1.816,-6.345,0.500
1.790,-6.161,0.500
1.821,-6.178,0.500
1.891,-6.323,0.500
1.862,-6.140,0.500
1.891,-6.148,0.500
1.905,-6.109,0.500
1.990,-6.293,0.500
1.958,-6.110,0.500
1.982,-6.102,0.500
2.064,-6.269,0.500
2.035,-6.102,0.500
2.067,-6.117,0.500
2.083,-6.085,0.500
2.162,-6.236,0.500
2.128,-6.061,0.500
2.152,-6.053,0.500
2.179,-6.052,0.500
2.200,-6.036,0.500
2.223,-6.027,0.500
2.244,-6.011,0.500
2.271,-6.009,0.500
2.291,-5.993,0.500
2.321,-5.999,0.500
2.338,-5.975,0.500
2.365,-5.973,0.500
2.388,-5.964,0.500
2.402,-5.931,0.500
2.432,-5.937,0.500
2.452,-5.920,0.500
2.478,-5.918,0.500
2.505,-5.916,0.500
2.528,-5.906,0.500
2.551,-5.896,0.500
2.574,-5.886,0.500
2.594,-5.868,0.500
2.620,-5.865,0.500
2.626,-5.818,0.500
2.663,-5.837,0.500
2.733,-5.929,0.500
2.716,-5.831,0.500
2.742,-5.827,0.500
2.758,-5.802,0.500
2.788,-5.806,0.500
2.807,-5.787,0.500
2.937,-5.996,0.500
2.849,-5.758,0.500
2.946,-5.897,0.500
2.894,-5.735,0.500
3.014,-5.915,0.500
2.942,-5.720,0.500
2.995,-5.765,0.500
3.028,-5.775,0.500
3.040,-5.742,0.500
3.070,-5.744,0.500
3.152,-5.842,0.500
3.107,-5.706,0.500
3.130,-5.693,0.500
3.156,-5.688,0.500
3.170,-5.662,0.500
3.212,-5.684,0.500
3.211,-5.629,0.500
3.237,-5.624,0.500
3.263,-5.618,0.500
3.281,-5.598,0.500
3.299,-5.578,0.500
3.410,-5.714,0.500
3.347,-5.559,0.500
3.373,-5.553,0.500
3.386,-5.526,0.500
3.403,-5.506,0.500
3.434,-5.506,0.500
3.455,-5.492,0.500
3.574,-5.631,0.500
3.494,-5.458,0.500
3.520,-5.451,0.500
3.545,-5.444,0.500
3.666,-5.581,0.500
3.575,-5.396,0.500
3.614,-5.409,0.500
3.731,-5.537,0.500
3.647,-5.367,0.500
3.668,-5.352,0.500
3.657,-5.291,0.500
3.715,-5.330,0.500
3.740,-5.322,0.500
3.852,-5.435,0.500
3.782,-5.292,0.500
3.789,-5.258,0.500
3.819,-5.256,0.500
3.834,-5.235,0.500
3.865,-5.232,0.500
3.880,-5.211,0.500
3.906,-5.202,0.500
4.035,-5.330,0.500
4.018,-5.265,0.500
3.937,-5.117,0.500
4.125,-5.318,0.500
4.007,-5.124,0.500
4.022,-5.102,0.500
4.082,-5.136,0.500
4.097,-5.114,0.500
4.092,-5.067,0.500
4.244,-5.214,0.500
4.116,-5.016,0.500
4.131,-4.994,0.500
4.227,-5.069,0.500
4.175,-4.967,0.500
4.169,-4.920,0.500
4.261,-4.989,0.500
4.285,-4.978,0.500
4.305,-4.961,0.500
4.441,-5.077,0.500
4.312,-4.891,0.500
4.486,-5.048,0.500
4.372,-4.881,0.500
4.380,-4.852,0.500
4.415,-4.852,0.500
4.440,-4.841,0.500
4.432,-4.794,0.500
4.467,-4.794,0.500
4.586,-4.884,0.500
4.510,-4.765,0.500
4.523,-4.741,0.500
4.547,-4.729,0.500
4.684,-4.833,0.500
4.584,-4.693,0.500
4.602,-4.675,0.500
4.746,-4.783,0.500
4.633,-4.633,0.500
4.657,-4.621,0.500
4.670,-4.597,0.500
4.682,-4.573,0.500
4.706,-4.560,0.500
4.846,-4.660,0.500
4.724,-4.507,0.500
4.849,-4.590,0.500
4.771,-4.480,0.500
4.771,-4.445,0.500
4.931,-4.558,0.500
4.835,-4.434,0.500
4.846,-4.410,0.500
4.870,-4.396,0.500
4.869,-4.361,0.500
4.904,-4.358,0.500
4.927,-4.344,0.500
4.950,-4.330,0.500
4.931,-4.279,0.500
4.972,-4.280,0.500
4.977,-4.250,0.500
5.023,-4.256,0.500
5.152,-4.331,0.500
5.038,-4.202,0.500
5.061,-4.187,0.500
5.071,-4.162,0.500
5.088,-4.142,0.500
5.104,-4.122,0.500
5.258,-4.213,0.500
5.111,-4.062,0.500
5.146,-4.057,0.500
5.174,-4.046,0.500
5.165,-4.006,0.500
5.206,-4.005,0.500
5.215,-3.980,0.500
5.224,-3.955,0.500
5.246,-3.939,0.500
5.262,-3.918,0.500
5.426,-4.008,0.500
5.292,-3.877,0.500
5.402,-3.925,0.500
5.467,-3.939,0.500
5.331,-3.810,0.500
5.346,-3.789,0.500
5.482,-3.853,0.500
5.382,-3.751,0.500
5.397,-3.730,0.500
5.418,-3.713,0.500
5.426,-3.687,0.500
5.588,-3.765,0.500
5.448,-3.640,0.500
5.456,-3.615,0.500
5.457,-3.584,0.500
5.497,-3.580,0.500
5.667,-3.659,0.500
5.532,-3.541,0.500
5.539,-3.515,0.500
5.553,-3.493,0.500
5.711,-3.562,0.500
5.567,-3.441,0.500
5.594,-3.428,0.500
5.607,-3.406,0.500
5.634,-3.392,0.500
5.786,-3.453,0.500
5.640,-3.335,0.500
5.653,-3.313,0.500
5.646,-3.279,0.500
5.840,-3.361,0.500
5.678,-3.239,0.500
5.866,-3.315,0.500
5.731,-3.209,0.500
5.750,-3.191,0.500
5.891,-3.239,0.500
5.754,-3.134,0.500
5.787,-3.123,0.500
5.942,-3.176,0.500
5.961,-3.156,0.500
5.810,-3.047,0.500
5.815,-3.020,0.500
5.841,-3.005,0.500
5.866,-2.989,0.500
5.850,-2.952,0.500
6.021,-3.008,0.500
5.859,-2.899,0.500
5.891,-2.886,0.500
5.917,-2.870,0.500
6.074,-2.917,0.500
5.932,-2.820,0.500
5.943,-2.797,0.500
6.108,-2.845,0.500
5.951,-2.743,0.500
6.137,-2.800,0.500
5.979,-2.700,0.500
5.975,-2.670,0.500
5.993,-2.649,0.500
6.018,-2.632,0.500
6.021,-2.605,0.500
6.229,-2.666,0.500
6.063,-2.567,0.500
6.051,-2.534,0.500
6.232,-2.581,0.500
6.078,-2.490,0.500
6.081,-2.463,0.500
6.083,-2.436,0.500
6.100,-2.415,0.500
6.109,-2.391,0.500
6.104,-2.361,0.500
6.258,-2.393,0.500
6.100,-2.305,0.500
6.161,-2.300,0.500
6.155,-2.271,0.500
6.179,-2.252,0.500
6.165,-2.219,0.500
6.174,-2.195,0.500
6.190,-2.174,0.500
6.221,-2.157,0.500
6.214,-2.127,0.500
6.383,-2.157,0.500
6.392,-2.132,0.500
6.400,-2.107,0.500
6.254,-2.032,0.500
6.247,-2.003,0.500
6.424,-2.032,0.500
6.270,-1.956,0.500
6.255,-1.924,0.500
6.270,-1.902,0.500
6.270,-1.875,0.500
6.300,-1.857,0.500
6.292,-1.828,0.500
6.307,-1.805,0.500
6.291,-1.774,0.500
6.351,-1.764,0.500
6.492,-1.776,0.500
6.491,-1.748,0.500
6.326,-1.677,0.500
6.356,-1.658,0.500
6.354,-1.631,0.500
6.368,-1.608,0.500
6.532,-1.622,0.500
6.365,-1.555,0.500
6.410,-1.539,0.500
6.416,-1.513,0.500
6.600,-1.530,0.500
6.548,-1.490,0.500
6.387,-1.427,0.500
6.400,-1.404,0.500
6.594,-1.420,0.500
6.419,-1.355,0.500
6.455,-1.337,0.500
6.422,-1.303,0.500
6.616,-1.316,0.500
6.478,-1.262,0.500
6.437,-1.228,0.500
6.465,-1.207,0.500
6.438,-1.176,0.500
6.626,-1.183,0.500
6.463,-1.128,0.500
6.459,-1.101,0.500
6.471,-1.077,0.500
6.499,-1.055,0.500
6.480,-1.026,0.500
6.468,-0.998,0.500
6.519,-0.980,0.500
6.468,-0.946,0.500
6.503,-0.925,0.500
6.491,-0.898,0.500
6.486,-0.871,0.500
6.529,-0.851,0.500
6.685,-0.844,0.500
6.441,-0.788,0.500
6.499,-0.769,0.500
6.526,-0.746,0.500
6.521,-0.720,0.500
6.700,-0.713,0.500
6.511,-0.667,0.500
6.505,-0.640,0.500
6.539,-0.618,0.500
6.534,-0.592,0.500
6.536,-0.566,0.500
6.554,-0.541,0.500
6.710,-0.528,0.500
6.542,-0.489,0.500
6.544,-0.463,0.500
6.554,-0.438,0.500
6.725,-0.423,0.500
6.525,-0.385,0.500
6.566,-0.361,0.500
6.536,-0.334,0.500
6.537,-0.308,0.500
6.515,-0.281,0.500
6.579,-0.258,0.500
6.533,-0.231,0.500
6.557,-0.206,0.500
6.589,-0.181,0.500
6.543,-0.154,0.500
6.559,-0.129,0.500
6.560,-0.103,0.500
6.737,-0.079,0.500
6.552,-0.051,0.500
6.552,-0.025,0.500
6.440,0.000,1.000
6.497,0.026,1.000
6.662,0.053,1.000
6.496,0.077,1.000
6.504,0.102,1.000
6.496,0.128,1.000
6.495,0.153,1.000
6.494,0.179,1.000
6.494,0.204,1.000
6.658,0.236,1.000
6.484,0.255,1.000
6.483,0.280,1.000
6.482,0.306,1.000
6.496,0.332,1.000
6.675,0.368,1.000
6.477,0.382,1.000
6.484,0.408,1.000
6.506,0.435,1.000
6.408,0.454,1.000
6.463,0.483,1.000
6.477,0.510,1.000
6.662,0.551,1.000
6.481,0.562,1.000
6.478,0.587,1.000
6.452,0.610,1.000
6.465,0.637,1.000
6.455,0.662,1.000
6.468,0.689,1.000
6.458,0.713,1.000
6.463,0.739,1.000
6.638,0.786,1.000
6.449,0.789,1.000
6.414,0.811,1.000
6.458,0.842,1.000
6.602,0.887,1.000
6.622,0.916,1.000
6.456,0.919,1.000
6.420,0.940,1.000
6.417,0.965,1.000
6.606,1.020,1.000
6.417,1.017,1.000
6.413,1.042,1.000
6.401,1.066,1.000
6.412,1.094,1.000
6.400,1.117,1.000
6.396,1.142,1.000
6.415,1.172,1.000
6.386,1.193,1.000
6.405,1.222,1.000
6.393,1.246,1.000
6.348,1.263,1.000
6.343,1.288,1.000
6.338,1.313,1.000
6.364,1.344,1.000
6.527,1.406,1.000
6.400,1.405,1.000
6.332,1.416,1.000
6.335,1.442,1.000
6.337,1.469,1.000
6.346,1.498,1.000
6.317,1.517,1.000
6.319,1.544,1.000
6.297,1.565,1.000
6.307,1.593,1.000
6.331,1.626,1.000
6.468,1.688,1.000
6.287,1.667,1.000
6.265,1.688,1.000
6.305,1.725,1.000
6.252,1.737,1.000
6.314,1.781,1.000
6.246,1.788,1.000
6.223,1.808,1.000
6.239,1.840,1.000
6.201,1.855,1.000
6.209,1.884,1.000
6.186,1.904,1.000
6.187,1.930,1.000
6.202,1.962,1.000
6.187,1.984,1.000
6.365,2.068,1.000
6.335,2.086,1.000
6.201,2.069,1.000
6.147,2.078,1.000
6.139,2.102,1.000
6.138,2.129,1.000
6.175,2.169,1.000
6.121,2.177,1.000
6.105,2.198,1.000
6.104,2.225,1.000
6.103,2.252,1.000
6.101,2.279,1.000
6.092,2.302,1.000
6.215,2.377,1.000
6.066,2.347,1.000
6.050,2.368,1.000
6.018,2.383,1.000
6.024,2.413,1.000
6.189,2.507,1.000
6.019,2.466,1.000
5.995,2.484,1.000
5.985,2.507,1.000
6.004,2.543,1.000
5.972,2.557,1.000
5.962,2.581,1.000
6.110,2.673,1.000
6.107,2.700,1.000
5.902,2.637,1.000
5.943,2.684,1.000
5.910,2.697,1.000
5.907,2.724,1.000
6.039,2.813,1.000
6.041,2.843,1.000
5.875,2.793,1.000
5.842,2.806,1.000
5.845,2.836,1.000
5.827,2.855,1.000
5.851,2.896,1.000
5.811,2.904,1.000
5.786,2.920,1.000
5.781,2.946,1.000
5.763,2.965,1.000
5.744,2.984,1.000
5.725,3.003,1.000
5.894,3.121,1.000
5.729,3.063,1.000
5.717,3.085,1.000
5.691,3.100,1.000
5.837,3.210,1.000
5.716,3.172,1.000
5.654,3.167,1.000
5.621,3.177,1.000
5.793,3.305,1.000
5.630,3.241,1.000
5.618,3.264,1.000
5.591,3.277,1.000
5.612,3.320,1.000
5.572,3.325,1.000
5.720,3.444,1.000
5.546,3.369,1.000
5.539,3.395,1.000
5.505,3.404,1.000
5.506,3.434,1.000
5.645,3.552,1.000
5.485,3.482,1.000
5.478,3.507,1.000
5.451,3.520,1.000
5.588,3.640,1.000
5.436,3.572,1.000
5.409,3.584,1.000
5.395,3.605,1.000
5.394,3.635,1.000
5.547,3.771,1.000
5.359,3.673,1.000
5.344,3.694,1.000
5.330,3.715,1.000
5.341,3.754,1.000
5.326,3.775,1.000
5.259,3.759,1.000
5.264,3.794,1.000
5.402,3.925,1.000
5.247,3.844,1.000
5.226,3.860,1.000
5.204,3.876,1.000
5.195,3.901,1.000
5.305,4.016,1.000
5.183,3.956,1.000
5.136,3.952,1.000
5.257,4.079,1.000
5.117,4.002,1.000
5.095,4.018,1.000
5.092,4.048,1.000
5.211,4.175,1.000
5.188,4.191,1.000
5.038,4.102,1.000
5.003,4.107,1.000
5.006,4.142,1.000
5.122,4.272,1.000
4.979,4.186,1.000
4.962,4.205,1.000
4.915,4.199,1.000
4.905,4.223,1.000
4.888,4.243,1.000
5.020,4.391,1.000
4.861,4.286,1.000
4.985,4.431,1.000
4.839,4.335,1.000
4.822,4.354,1.000
4.799,4.367,1.000
4.788,4.392,1.000
4.897,4.528,1.000
4.747,4.424,1.000
4.730,4.442,1.000
4.712,4.461,1.000
4.695,4.479,1.000
4.677,4.498,1.000
4.648,4.505,1.000
4.642,4.534,1.000
4.629,4.558,1.000
4.629,4.593,1.000
4.594,4.594,1.000
4.570,4.607,1.000
4.574,4.647,1.000
4.533,4.642,1.000
4.493,4.637,1.000
4.480,4.660,1.000
4.484,4.701,1.000
4.471,4.725,1.000
4.528,4.823,1.000
4.384,4.706,1.000
4.404,4.765,1.000
4.391,4.788,1.000
4.377,4.812,1.000
4.358,4.829,1.000
4.454,4.974,1.000
4.326,4.869,1.000
4.285,4.862,1.000
4.277,4.891,1.000
4.247,4.895,1.000
4.346,5.049,1.000
4.219,4.941,1.000
4.194,4.951,1.000
4.175,4.967,1.000
4.150,4.978,1.000
4.125,4.988,1.000
4.131,5.035,1.000
4.101,5.039,1.000
4.076,5.048,1.000
4.062,5.071,1.000
4.042,5.087,1.000
4.133,5.244,1.000
3.997,5.112,1.000
4.087,5.270,1.000
4.081,5.304,1.000
3.921,5.139,1.000
3.926,5.187,1.000
3.905,5.202,1.000
3.983,5.349,1.000
3.859,5.226,1.000
3.767,5.143,1.000
3.823,5.263,1.000
3.802,5.278,1.000
3.891,5.445,1.000
3.784,5.340,1.000
3.721,5.296,1.000
3.700,5.311,1.000
3.693,5.345,1.000
3.779,5.514,1.000
3.638,5.354,1.000
3.630,5.388,1.000
3.609,5.402,1.000
3.547,5.356,1.000
3.631,5.529,1.000
3.510,5.390,1.000
3.528,5.465,1.000
3.458,5.404,1.000
3.424,5.397,1.000
3.429,5.452,1.000
3.412,5.472,1.000
3.412,5.520,1.000
3.398,5.547,1.000
3.313,5.456,1.000
3.411,5.668,1.000
3.283,5.503,1.000
3.269,5.530,1.000
3.239,5.528,1.000
3.302,5.687,1.000
3.303,5.740,1.000
3.214,5.637,1.000
3.160,5.593,1.000
3.146,5.619,1.000
3.108,5.603,1.000
3.094,5.630,1.000
3.056,5.613,1.000
3.050,5.654,1.000
3.028,5.666,1.000
3.005,5.678,1.000
2.983,5.689,1.000
2.976,5.730,1.000
3.022,5.876,1.000
2.916,5.724,1.000
2.893,5.736,1.000
2.867,5.740,1.000
2.930,5.923,1.000
2.906,5.934,1.000
2.803,5.780,1.000
2.784,5.799,1.000
2.761,5.809,1.000
2.735,5.813,1.000
2.715,5.831,1.000
2.672,5.797,1.000
2.669,5.852,1.000
2.650,5.870,1.000
2.617,5.858,1.000
2.594,5.868,1.000
2.628,6.011,1.000
2.554,5.903,1.000
2.527,5.906,1.000
2.495,5.893,1.000
2.478,5.918,1.000
2.534,6.119,1.000
2.437,5.952,1.000
2.414,5.962,1.000
2.388,5.964,1.000
2.373,5.996,1.000
2.344,5.990,1.000
2.383,6.163,1.000
2.311,6.046,1.000
2.261,5.987,1.000
2.244,6.011,1.000
2.223,6.027,1.000
2.262,6.208,1.000
2.238,6.217,1.000
2.152,6.053,1.000
2.128,6.061,1.000
2.109,6.085,1.000
2.142,6.259,1.000
2.110,6.245,1.000
2.032,6.094,1.000
2.013,6.117,1.000
1.992,6.133,1.000
1.958,6.110,1.000
1.934,6.117,1.000
1.905,6.109,1.000
1.891,6.148,1.000
1.866,6.155,1.000
1.895,6.338,1.000
1.823,6.185,1.000
1.789,6.161,1.000
1.770,6.184,1.000
1.741,6.175,1.000
1.764,6.352,1.000
1.694,6.196,1.000
1.651,6.131,1.000
1.627,6.138,1.000
1.668,6.394,1.000
1.597,6.222,1.000
1.554,6.157,1.000
1.548,6.235,1.000
1.512,6.193,1.000
1.482,6.175,1.000
1.459,6.188,1.000
1.475,6.368,1.000
1.418,6.232,1.000
1.401,6.269,1.000
1.362,6.211,1.000
1.332,6.191,1.000
1.313,6.221,1.000
1.302,6.291,1.000
1.264,6.231,1.000
1.238,6.228,1.000
1.217,6.249,1.000
1.224,6.421,1.000
1.166,6.250,1.000
1.142,6.255,1.000
1.117,6.259,1.000
1.128,6.471,1.000
1.066,6.260,1.000
1.042,6.264,1.000
1.012,6.235,1.000
0.991,6.264,1.000
1.001,6.492,1.000
0.941,6.263,1.000
0.920,6.291,1.000
0.901,6.336,1.000
0.867,6.274,1.000
0.846,6.302,1.000
0.846,6.498,1.000
0.796,6.308,1.000
0.771,6.311,1.000
0.747,6.314,1.000
0.722,6.317,1.000
0.719,6.521,1.000
0.693,6.516,1.000
0.666,6.511,1.000
0.619,6.294,1.000
0.598,6.330,1.000
0.571,6.316,1.000
0.547,6.326,1.000
0.521,6.312,1.000
0.497,6.330,1.000
0.473,6.332,1.000
0.448,6.334,1.000
0.424,6.352,1.000
0.398,6.346,1.000
0.374,6.355,1.000
0.345,6.290,1.000
0.323,6.342,1.000
0.298,6.334,1.000
0.273,6.336,1.000
0.249,6.370,1.000
0.224,6.362,1.000
0.199,6.363,1.000
0.174,6.356,1.000
0.149,6.356,1.000
0.124,6.365,1.000
0.099,6.357,1.000
0.074,6.324,1.000
0.051,6.552,1.000
0.024,6.350,1.000
-0.001,6.358,1.000
-0.026,6.358,1.000
-0.051,6.350,1.000
-0.076,6.341,1.000
-0.104,6.544,1.000
-0.126,6.357,1.000
-0.151,6.356,1.000
-0.181,6.542,1.000
-0.207,6.557,1.000
-0.225,6.346,1.000
-0.251,6.361,1.000
-0.276,6.360,1.000
-0.307,6.490,1.000
-0.327,6.375,1.000
-0.351,6.357,1.000
-0.375,6.347,1.000
-0.400,6.337,1.000
-0.425,6.344,1.000
-0.451,6.350,1.000
-0.474,6.332,1.000
-0.500,6.338,1.000
-0.525,6.336,1.000
-0.550,6.334,1.000
-0.591,6.518,1.000
-0.602,6.363,1.000
-0.623,6.319,1.000
-0.649,6.325,1.000
-0.674,6.322,1.000
-0.700,6.328,1.000
-0.745,6.502,1.000
-0.750,6.330,1.000
-0.773,6.311,1.000
-0.800,6.324,1.000
-0.823,6.305,1.000
-0.845,6.285,1.000
-0.871,6.290,1.000
-0.894,6.278,1.000
-0.949,6.476,1.000
-0.946,6.287,1.000
-0.971,6.284,1.000
-0.994,6.271,1.000
-1.013,6.235,1.000
-1.041,6.247,1.000
-1.081,6.332,1.000
-1.095,6.271,1.000
-1.151,6.443,1.000
-1.146,6.271,1.000
-1.168,6.250,1.000
-1.241,6.498,1.000
-1.218,6.249,1.000
-1.236,6.211,1.000
-1.281,6.303,1.000
-1.290,6.226,1.000
-1.315,6.221,1.000
-1.385,6.429,1.000
-1.404,6.392,1.000
-1.388,6.205,1.000
-1.412,6.199,1.000
-1.438,6.202,1.000
-1.504,6.370,1.000
-1.481,6.166,1.000
-1.511,6.184,1.000
-1.536,6.178,1.000
-1.560,6.172,1.000
-1.582,6.158,1.000
-1.604,6.144,1.000
-1.674,6.310,1.000
-1.657,6.147,1.000
-1.726,6.305,1.000
-1.703,6.126,1.000
-1.725,6.111,1.000
-1.746,6.096,1.000
-1.775,6.105,1.000
-1.803,6.114,1.000
-1.825,6.099,1.000
-1.898,6.255,1.000
-1.878,6.100,1.000
-1.955,6.262,1.000
-1.918,6.062,1.000
-1.939,6.046,1.000
-1.953,6.007,1.000
-1.979,6.007,1.000
-2.026,6.070,1.000
-2.026,5.991,1.000
-2.058,6.007,1.000
-2.084,6.007,1.000
-2.105,5.991,1.000
-2.128,5.982,1.000
-2.215,6.150,1.000
-2.178,5.973,1.000
-2.202,5.965,1.000
-2.228,5.964,1.000
-2.248,5.947,1.000
-2.272,5.938,1.000
-2.292,5.922,1.000
-2.389,6.101,1.000
-2.335,5.896,1.000
-2.343,5.848,1.000
-2.464,6.080,1.000
-2.408,5.876,1.000
-2.447,5.904,1.000
-2.454,5.856,1.000
-2.483,5.862,1.000
-2.500,5.837,1.000
-2.594,5.991,1.000
-2.549,5.825,1.000
-2.585,5.845,1.000
-2.584,5.782,1.000
-2.621,5.802,1.000
-2.721,5.961,1.000
-2.666,5.781,1.000
-2.678,5.748,1.000
-2.784,5.914,1.000
-2.731,5.742,1.000
-2.757,5.739,1.000
-2.776,5.720,1.000
-2.798,5.709,1.000
-2.896,5.851,1.000
-2.847,5.695,1.000
-2.865,5.676,1.000
-2.887,5.665,1.000
-2.894,5.624,1.000
-2.932,5.642,1.000
-2.958,5.638,1.000
-2.984,5.633,1.000
-2.998,5.607,1.000
-3.020,5.595,1.000
-3.139,5.761,1.000
-3.060,5.564,1.000
-3.180,5.729,1.000
-3.104,5.540,1.000
-3.129,5.535,1.000
-3.147,5.515,1.000
-3.173,5.510,1.000
-3.186,5.483,1.000
-3.302,5.632,1.000
-3.233,5.465,1.000
-3.259,5.459,1.000
-3.276,5.439,1.000
-3.297,5.427,1.000
-3.327,5.428,1.000
-3.430,5.546,1.000
-3.352,5.373,1.000
-3.400,5.402,1.000
-3.508,5.525,1.000
-3.429,5.354,1.000
-3.445,5.334,1.000
-3.471,5.327,1.000
-3.478,5.293,1.000
-3.512,5.300,1.000
-3.542,5.300,1.000
-3.549,5.265,1.000
-3.561,5.237,1.000
-3.595,5.244,1.000
-3.616,5.230,1.000
-3.636,5.216,1.000
-3.638,5.174,1.000
-3.658,5.160,1.000
-3.654,5.111,1.000
-3.703,5.138,1.000
-3.748,5.157,1.000
-3.753,5.122,1.000
-3.783,5.120,1.000
-3.763,5.052,1.000
-3.818,5.084,1.000
-3.793,5.009,1.000
-3.995,5.233,1.000
-3.883,5.045,1.000
-3.846,4.957,1.000
-3.871,4.948,1.000
-3.942,4.999,1.000
-3.910,4.918,1.000
-3.924,4.896,1.000
-3.943,4.880,1.000
-3.973,4.878,1.000
-3.987,4.856,1.000
-4.011,4.847,1.000
-4.030,4.831,1.000
-4.044,4.809,1.000
-4.062,4.793,1.000
-4.087,4.783,1.000
-4.100,4.761,1.000
-4.119,4.744,1.000
-4.262,4.871,1.000
-4.167,4.725,1.000
-4.290,4.826,1.000
-4.325,4.827,1.000
-4.217,4.669,1.000
-4.346,4.775,1.000
-4.236,4.617,1.000
-4.266,4.613,1.000
-4.284,4.596,1.000
-4.307,4.585,1.000
-4.325,4.568,1.000
-4.367,4.576,1.000
-4.344,4.516,1.000
-4.391,4.529,1.000
-4.361,4.463,1.000
-4.564,4.635,1.000
-4.520,4.554,1.000
-4.389,4.387,1.000
-4.418,4.382,1.000
-4.448,4.377,1.000
-4.440,4.335,1.000
-4.602,4.458,1.000
-4.614,4.434,1.000
-4.479,4.271,1.000
-4.514,4.271,1.000
-4.537,4.259,1.000
-4.541,4.230,1.000
-4.513,4.171,1.000
-4.729,4.336,1.000
-4.513,4.105,1.000
-4.569,4.123,1.000
-4.526,4.052,1.000
-4.594,4.081,1.000
-4.591,4.046,1.000
-4.646,4.062,1.000
-4.642,4.027,1.000
-4.697,4.042,1.000
-4.746,4.052,1.000
-4.689,3.972,1.000
-4.698,3.948,1.000
-4.714,3.929,1.000
-4.742,3.922,1.000
-4.825,3.958,1.000
-4.970,4.045,1.000
-4.979,4.020,1.000
-4.851,3.885,1.000
-4.873,3.871,1.000
-4.888,3.852,1.000
-4.923,3.848,1.000
-4.952,3.839,1.000
-4.953,3.810,1.000
-5.101,3.891,1.000
-4.963,3.755,1.000
-4.984,3.741,1.000
-4.978,3.706,1.000
-5.000,3.691,1.000
-5.014,3.672,1.000
-5.028,3.652,1.000
-5.043,3.632,1.000
-5.214,3.724,1.000
-5.085,3.602,1.000
-5.078,3.567,1.000
-5.092,3.547,1.000
-5.127,3.542,1.000
-5.134,3.517,1.000
-5.141,3.492,1.000
-5.154,3.472,1.000
-5.175,3.456,1.000
-5.174,3.427,1.000
-5.349,3.512,1.000
-5.208,3.390,1.000
-5.250,3.389,1.000
-5.235,3.349,1.000
-5.233,3.320,1.000
-5.195,3.267,1.000
-5.222,3.255,1.000
-5.437,3.360,1.000
-5.408,3.312,1.000
-5.260,3.194,1.000
-5.250,3.160,1.000
-5.270,3.143,1.000
-5.283,3.123,1.000
-5.287,3.097,1.000
-5.292,3.072,1.000
-5.327,3.065,1.000
-5.339,3.044,1.000
-5.358,3.027,1.000
-5.377,3.010,1.000
-5.366,2.976,1.000
-5.386,2.959,1.000
-5.405,2.942,1.000
-5.439,2.934,1.000
-5.564,2.972,1.000
-5.385,2.850,1.000
-5.443,2.853,1.000
-5.621,2.918,1.000
-5.426,2.790,1.000
-5.468,2.785,1.000
-5.487,2.767,1.000
-5.498,2.746,1.000
-5.493,2.716,1.000
-5.511,2.699,1.000
-5.530,2.681,1.000
-5.540,2.659,1.000
-5.566,2.645,1.000
-5.561,2.615,1.000
-5.571,2.593,1.000
-5.581,2.572,1.000
-5.583,2.546,1.000
-5.609,2.531,1.000
-5.783,2.582,1.000
-5.653,2.498,1.000
-5.607,2.451,1.000
-5.624,2.432,1.000
-5.642,2.414,1.000
-5.643,2.388,1.000
-5.636,2.359,1.000
-5.678,2.350,1.000
-5.687,2.328,1.000
-5.824,2.357,1.000
-5.623,2.251,1.000
-5.640,2.232,1.000
-5.666,2.216,1.000
-5.674,2.194,1.000
-5.666,2.165,1.000
-5.948,2.246,1.000
-5.700,2.127,1.000
-5.683,2.095,1.000
-5.733,2.088,1.000
-5.716,2.057,1.000
-5.872,2.087,1.000
-5.732,2.012,1.000
-5.920,2.052,1.000
-5.748,1.966,1.000
-5.772,1.950,1.000
-5.746,1.916,1.000
-5.960,1.961,1.000
-5.769,1.873,1.000
-5.785,1.853,1.000
-5.784,1.828,1.000
-5.782,1.802,1.000
-5.815,1.788,1.000
-5.996,1.818,1.000
-5.760,1.721,1.000
-6.010,1.770,1.000
-5.859,1.701,1.000
-5.840,1.671,1.000
-5.847,1.648,1.000
-5.853,1.625,1.000
-6.044,1.652,1.000
-5.866,1.579,1.000
-5.855,1.551,1.000
-5.852,1.526,1.000
-5.858,1.503,1.000
-5.950,1.501,1.000
-5.939,1.474,1.000
-5.893,1.438,1.000
-5.898,1.415,1.000
-5.913,1.394,1.000
-5.927,1.372,1.000
-5.923,1.347,1.000
-5.920,1.322,1.000
-5.943,1.302,1.000
-6.109,1.314,1.000
-5.978,1.261,1.000
-5.914,1.223,1.000
-5.945,1.205,1.000
-5.949,1.182,1.000
-5.954,1.159,1.000
-6.028,1.149,1.000
-5.954,1.110,1.000
-5.976,1.090,1.000
-5.927,1.057,1.000
-6.173,1.076,1.000
-6.210,1.057,1.000
-5.992,0.996,1.000
-5.988,0.971,1.000
-5.956,0.942,1.000
-5.986,0.923,1.000
-6.205,0.931,1.000
-6.002,0.877,1.000
-6.005,0.853,1.000
-6.026,0.832,1.000
-6.065,0.813,1.000
-5.997,0.780,1.000
-6.027,0.760,1.000
-6.047,0.738,1.000
-6.189,0.731,1.000
-6.071,0.693,1.000
-6.012,0.662,1.000
-6.023,0.640,1.000
-6.043,0.618,1.000
-6.037,0.593,1.000
-6.039,0.569,1.000
-6.077,0.549,1.000
-6.268,0.541,1.000
-6.045,0.498,1.000
-6.038,0.474,1.000
-6.013,0.448,1.000
-6.033,0.426,1.000
-6.079,0.405,1.000
-6.036,0.378,1.000
-6.263,0.368,1.000
-6.057,0.332,1.000
-6.067,0.309,1.000
-6.050,0.284,1.000
-6.087,0.262,1.000
-6.061,0.237,1.000
-6.062,0.213,1.000
-6.063,0.189,1.000
-6.072,0.166,1.000
-6.055,0.141,1.000
-6.074,0.118,1.000
-6.056,0.094,1.000
-6.274,0.072,1.000
-6.092,0.046,1.000
-6.066,0.022,1.000
-6.075,-0.001,1.000
-6.039,-0.025,1.000
-6.249,-0.051,1.000
-6.083,-0.073,1.000
-6.083,-0.097,1.000
-6.065,-0.121,1.000
-6.073,-0.145,1.000
-6.072,-0.168,1.000
-6.063,-0.192,1.000
-6.097,-0.217,1.000
-6.061,-0.240,1.000
-6.302,-0.274,1.000
-6.023,-0.285,1.000
-6.058,-0.311,1.000
-6.021,-0.333,1.000
-6.082,-0.360,1.000
-6.236,-0.394,1.000
-6.034,-0.405,1.000
-6.051,-0.430,1.000
-6.084,-0.456,1.000
-6.065,-0.479,1.000
-6.253,-0.518,1.000
-6.043,-0.525,1.000
-6.067,-0.551,1.000
-6.221,-0.590,1.000
-6.252,-0.617,1.000
-6.052,-0.622,1.000
-6.040,-0.644,1.000
-6.219,-0.688,1.000
-6.035,-0.692,1.000
-6.239,-0.740,1.000
-6.038,-0.740,1.000
-6.018,-0.762,1.000
-6.032,-0.788,1.000
-6.218,-0.837,1.000
-6.000,-0.831,1.000
-5.996,-0.855,1.000
-6.002,-0.880,1.000
-5.972,-0.899,1.000
-6.192,-0.957,1.000
-6.000,-0.952,1.000
-5.969,-0.971,1.000
-6.027,-1.005,1.000
-6.014,-1.027,1.000
-5.975,-1.044,1.000
-5.971,-1.068,1.000
-5.976,-1.093,1.000
-6.109,-1.142,1.000
-5.967,-1.140,1.000
-5.962,-1.163,1.000
-5.958,-1.187,1.000
-5.936,-1.206,1.000
-5.931,-1.230,1.000
-5.917,-1.251,1.000
-6.133,-1.322,1.000
-5.951,-1.307,1.000
-5.937,-1.329,1.000
-5.888,-1.342,1.000
-5.909,-1.371,1.000
-6.098,-1.440,1.000
-5.898,-1.417,1.000
-5.901,-1.443,1.000
-5.895,-1.466,1.000
-5.907,-1.493,1.000
-5.840,-1.501,1.000
-5.895,-1.540,1.000
-5.863,-1.556,1.000
-6.066,-1.636,1.000
-5.850,-1.602,1.000
-5.853,-1.627,1.000
-5.846,-1.650,1.000
-5.848,-1.676,1.000
-5.833,-1.696,1.000
-5.835,-1.722,1.000
-5.794,-1.734,1.000
-5.770,-1.752,1.000
-5.814,-1.790,1.000
-5.989,-1.870,1.000
-5.808,-1.839,1.000
-5.742,-1.842,1.000
-5.777,-1.879,1.000
-5.761,-1.899,1.000
-5.745,-1.918,1.000
-5.754,-1.947,1.000
-5.738,-1.966,1.000
-5.919,-2.054,1.000
-5.723,-2.011,1.000
-5.715,-2.034,1.000
-5.715,-2.059,1.000
-5.715,-2.085,1.000
-5.886,-2.173,1.000
-5.690,-2.126,1.000
-5.682,-2.149,1.000
-5.657,-2.165,1.000
-5.673,-2.196,1.000
-5.842,-2.288,1.000
-5.680,-2.251,1.000
-5.639,-2.260,1.000
-5.622,-2.279,1.000
-5.621,-2.304,1.000
-5.653,-2.343,1.000
-5.603,-2.348,1.000
-5.690,-2.411,1.000
-5.649,-2.420,1.000
-5.631,-2.439,1.000
-5.605,-2.454,1.000
-5.572,-2.465,1.000
-5.562,-2.487,1.000
-5.600,-2.530,1.000
-5.590,-2.552,1.000
-5.524,-2.548,1.000
-5.554,-2.589,1.000
-5.560,-2.618,1.000
-5.727,-2.724,1.000
-5.531,-2.658,1.000
-5.705,-2.769,1.000
-5.502,-2.697,1.000
-5.444,-2.695,1.000
-5.481,-2.740,1.000
-5.661,-2.858,1.000
-5.475,-2.791,1.000
-5.464,-2.813,1.000
-5.468,-2.842,1.000
-5.449,-2.860,1.000
-5.604,-2.969,1.000
-5.411,-2.894,1.000
-5.573,-3.009,1.000
-5.334,-2.907,1.000
-5.377,-2.958,1.000
-5.365,-2.979,1.000
-5.353,-3.000,1.000
-5.341,-3.021,1.000
-5.508,-3.143,1.000
-5.318,-3.063,1.000
-5.321,-3.092,1.000
-5.301,-3.109,1.000
-5.289,-3.130,1.000
-5.276,-3.150,1.000
-5.256,-3.166,1.000
-5.274,-3.205,1.000
-5.239,-3.212,1.000
-5.196,-3.214,1.000
-5.213,-3.253,1.000
-5.193,-3.269,1.000
-5.180,-3.289,1.000
-5.153,-3.300,1.000
-5.147,-3.325,1.000
-5.119,-3.336,1.000
-5.135,-3.375,1.000
-5.115,-3.391,1.000
-5.109,-3.415,1.000
-5.258,-3.545,1.000
-5.082,-3.455,1.000
-5.061,-3.470,1.000
-5.040,-3.485,1.000
-5.048,-3.520,1.000
-5.034,-3.540,1.000
-5.013,-3.555,1.000
-4.992,-3.569,1.000
-5.130,-3.699,1.000
-4.971,-3.613,1.000
-4.949,-3.628,1.000
-4.942,-3.652,1.000
-4.928,-3.672,1.000
-5.063,-3.804,1.000
-4.906,-3.716,1.000
-5.027,-3.838,1.000
-4.862,-3.743,1.000
-4.862,-3.773,1.000
-4.854,-3.798,1.000
-4.825,-3.806,1.000
-4.957,-3.942,1.000
-4.802,-3.849,1.000
-4.780,-3.862,1.000
-4.765,-3.881,1.000
-4.749,-3.900,1.000
-4.747,-3.930,1.000
-4.725,-3.943,1.000
-4.853,-4.082,1.000
-4.674,-3.963,1.000
-4.645,-3.969,1.000
-4.817,-4.150,1.000
-4.640,-4.029,1.000
-4.624,-4.047,1.000
-4.749,-4.189,1.000
-4.592,-4.083,1.000
-4.710,-4.221,1.000
-4.567,-4.125,1.000
-4.544,-4.137,1.000
-4.528,-4.155,1.000
-4.505,-4.167,1.000
-4.663,-4.347,1.000
-4.485,-4.214,1.000
-4.462,-4.225,1.000
-4.445,-4.243,1.000
-4.435,-4.266,1.000
-4.418,-4.284,1.000
-4.382,-4.283,1.000
-4.384,-4.318,1.000
-4.398,-4.366,1.000
-4.350,-4.353,1.000
-4.315,-4.351,1.000
-4.304,-4.374,1.000
-4.436,-4.544,1.000
-4.269,-4.408,1.000
-4.264,-4.437,1.000
-4.359,-4.572,1.000
-4.217,-4.458,1.000
-4.193,-4.468,1.000
-4.194,-4.504,1.000
-4.298,-4.652,1.000
-4.129,-4.504,1.000
-4.164,-4.578,1.000
-4.105,-4.550,1.000
-4.099,-4.579,1.000
-4.132,-4.653,1.000
-4.068,-4.617,1.000
-4.044,-4.627,1.000
-4.015,-4.629,1.000
-4.008,-4.658,1.000
-4.012,-4.700,1.000
-3.977,-4.696,1.000
-3.947,-4.698,1.000
-3.940,-4.727,1.000
-3.910,-4.729,1.000
-3.963,-4.831,1.000
-3.906,-4.800,1.000
-3.854,-4.775,1.000
-3.964,-4.950,1.000
-3.944,-4.966,1.000
-3.851,-4.888,1.000
-3.848,-4.924,1.000
-3.813,-4.918,1.000
-3.788,-4.926,1.000
-3.758,-4.928,1.000
-3.755,-4.963,1.000
-3.730,-4.971,1.000
-3.710,-4.985,1.000
-3.681,-4.986,1.000
-3.676,-5.021,1.000
-3.666,-5.050,1.000
-3.740,-5.193,1.000
-3.602,-5.043,1.000
-3.592,-5.071,1.000
-3.577,-5.092,1.000
-3.567,-5.121,1.000
-3.512,-5.085,1.000
-3.517,-5.134,1.000
-3.600,-5.301,1.000
-3.495,-5.190,1.000
-3.442,-5.154,1.000
-3.436,-5.189,1.000
-3.406,-5.188,1.000
-3.404,-5.230,1.000
-3.365,-5.215,1.000
-3.340,-5.220,1.000
-3.414,-5.383,1.000
-3.340,-5.312,1.000
-3.282,-5.267,1.000
-3.275,-5.302,1.000
-3.250,-5.307,1.000
-3.321,-5.470,1.000
-3.208,-5.332,1.000
-3.196,-5.360,1.000
-3.166,-5.357,1.000
-3.251,-5.550,1.000
-3.133,-5.397,1.000
-3.081,-5.357,1.000
-3.111,-5.458,1.000
-3.167,-5.608,1.000
-3.047,-5.445,1.000
-3.018,-5.442,1.000
-2.980,-5.424,1.000
-2.967,-5.451,1.000
-3.041,-5.640,1.000
-2.940,-5.504,1.000
-2.910,-5.501,1.000
-2.881,-5.497,1.000
-2.855,-5.500,1.000
-2.845,-5.535,1.000
-2.911,-5.717,1.000
-2.798,-5.549,1.000
-2.873,-5.755,1.000
-2.758,-5.579,1.000
-2.740,-5.597,1.000
-2.710,-5.592,1.000
-2.696,-5.618,1.000
-2.742,-5.773,1.000
-2.648,-5.632,1.000
-2.622,-5.634,1.000
-2.596,-5.637,1.000
-2.574,-5.647,1.000
-2.566,-5.688,1.000
-2.547,-5.706,1.000
-2.515,-5.692,1.000
-2.489,-5.694,1.000
-2.466,-5.704,1.000
-2.447,-5.722,1.000
-2.490,-5.886,1.000
-2.399,-5.733,1.000
-2.460,-5.943,1.000
-2.357,-5.759,1.000
-2.334,-5.769,1.000
-2.309,-5.770,1.000
-2.357,-5.958,1.000
-2.263,-5.788,1.000
-2.310,-5.977,1.000
-2.215,-5.797,1.000
-2.198,-5.822,1.000
-2.175,-5.831,1.000
-2.143,-5.815,1.000
-2.206,-6.059,1.000
-2.103,-5.848,1.000
-2.080,-5.856,1.000
-2.077,-5.920,1.000
-2.034,-5.872,1.000
-2.014,-5.888,1.000
-1.996,-5.912,1.000
-2.002,-6.008,1.000
-1.944,-5.912,1.000
-1.913,-5.895,1.000
-1.903,-5.943,1.000
-1.875,-5.934,1.000
-1.923,-6.172,1.000
-1.841,-5.989,1.000
-1.822,-6.013,1.000
-1.801,-6.028,1.000
-1.772,-6.019,1.000
-1.751,-6.034,1.000
-1.730,-6.049,1.000
-1.704,-6.047,1.000
-1.713,-6.174,1.000
-1.658,-6.069,1.000
-1.681,-6.250,1.000
-1.591,-6.007,1.000
-1.582,-6.071,1.000
-1.565,-6.102,1.000
-1.539,-6.100,1.000
-1.517,-6.114,1.000
-1.485,-6.087,1.000
-1.461,-6.093,1.000
-1.441,-6.115,1.000
-1.415,-6.113,1.000
-1.437,-6.319,1.000
-1.369,-6.132,1.000
-1.345,-6.137,1.000
-1.320,-6.142,1.000
-1.295,-6.139,1.000
-1.311,-6.339,1.000
-1.251,-6.174,1.000
-1.224,-6.162,1.000
-1.237,-6.362,1.000
-1.177,-6.180,1.000
-1.159,-6.218,1.000
-1.158,-6.352,1.000
-1.104,-6.194,1.000
-1.081,-6.206,1.000
-1.052,-6.185,1.000
-1.031,-6.206,1.000
-1.005,-6.202,1.000
-1.011,-6.393,1.000
-0.956,-6.209,1.000
-0.932,-6.213,1.000
-0.936,-6.413,1.000
-0.884,-6.229,1.000
-0.859,-6.224,1.000
-0.838,-6.252,1.000
-0.810,-6.230,1.000
-0.809,-6.422,1.000
-0.762,-6.245,1.000
-0.738,-6.256,1.000
-0.713,-6.251,1.000
-0.692,-6.287,1.000
-0.666,-6.281,1.000
-0.639,-6.259,1.000
-0.611,-6.227,1.000
-0.590,-6.263,1.000
-0.570,-6.316,1.000
-0.540,-6.259,1.000
-0.518,-6.295,1.000
-0.490,-6.255,1.000
-0.466,-6.265,1.000
-0.442,-6.276,1.000
-0.417,-6.269,1.000
-0.393,-6.279,1.000
-0.368,-6.280,1.000
-0.343,-6.265,1.000
-0.330,-6.496,1.000
-0.292,-6.242,1.000
-0.270,-6.302,1.000
-0.245,-6.278,1.000
-0.221,-6.304,1.000
-0.201,-6.470,1.000
-0.171,-6.297,1.000
-0.145,-6.256,1.000
-0.125,-6.488,1.000
-0.097,-6.290,1.000
-0.074,-6.488,1.000
-0.047,-6.283,1.000
-0.023,-6.274,1.000
0.002,-6.300,1.000
0.027,-6.283,1.000
0.053,-6.464,1.000
0.078,-6.480,1.000
0.101,-6.299,1.000
0.126,-6.290,1.000
0.150,-6.289,1.000
0.175,-6.289,1.000
0.200,-6.288,1.000
0.232,-6.493,1.000
0.249,-6.278,1.000
0.274,-6.285,1.000
0.298,-6.276,1.000
0.323,-6.283,1.000
0.345,-6.239,1.000
0.372,-6.280,1.000
0.396,-6.262,1.000
0.421,-6.260,1.000
0.460,-6.472,1.000
0.471,-6.274,1.000
0.495,-6.263,1.000
0.521,-6.278,1.000
0.544,-6.259,1.000
0.571,-6.282,1.000
0.593,-6.246,1.000
0.619,-6.261,1.000
0.642,-6.241,1.000
0.671,-6.281,1.000
0.717,-6.473,1.000
0.717,-6.250,1.000
0.739,-6.222,1.000
0.765,-6.236,1.000
0.785,-6.199,1.000
0.816,-6.246,1.000
0.837,-6.218,1.000
0.864,-6.232,1.000
0.913,-6.400,1.000
0.923,-6.291,1.000
0.946,-6.279,1.000
0.962,-6.217,1.000
1.012,-6.377,1.000
1.013,-6.226,1.000
1.075,-6.448,1.000
1.064,-6.226,1.000
1.115,-6.376,1.000
1.120,-6.259,1.000
1.141,-6.238,1.000
1.169,-6.250,1.000
1.223,-6.397,1.000
1.220,-6.248,1.000
1.274,-6.395,1.000
1.304,-6.413,1.000
1.293,-6.234,1.000
1.316,-6.220,1.000
1.349,-6.256,1.000
1.365,-6.210,1.000
1.426,-6.371,1.000
1.417,-6.215,1.000
1.447,-6.234,1.000
1.460,-6.180,1.000
1.496,-6.222,1.000
1.513,-6.184,1.000
1.578,-6.343,1.000
1.565,-6.188,1.000
1.581,-6.150,1.000
1.663,-6.363,1.000
1.632,-6.145,1.000
1.649,-6.115,1.000
1.673,-6.108,1.000
1.754,-6.305,1.000
1.719,-6.087,1.000
1.759,-6.136,1.000
1.776,-6.105,1.000
1.805,-6.114,1.000
1.821,-6.083,1.000
1.855,-6.107,1.000
1.929,-6.262,1.000
1.898,-6.077,1.000
1.927,-6.085,1.000
1.938,-6.038,1.000
1.972,-6.062,1.000
1.978,-5.999,1.000
2.081,-6.230,1.000
2.043,-6.038,1.000
2.062,-6.015,1.000
2.139,-6.160,1.000
2.114,-6.014,1.000
2.127,-5.974,1.000
2.156,-5.981,1.000
2.176,-5.965,1.000
2.270,-6.147,1.000
2.226,-5.956,1.000
2.252,-5.955,1.000
2.273,-5.938,1.000
2.305,-5.952,1.000
2.322,-5.928,1.000
2.411,-6.084,1.000
2.372,-5.917,1.000
2.392,-5.900,1.000
2.418,-5.898,1.000
2.438,-5.881,1.000
2.455,-5.856,1.000
2.481,-5.854,1.000
2.488,-5.806,1.000
2.608,-6.020,1.000
2.557,-5.839,1.000
2.573,-5.814,1.000
2.592,-5.797,1.000
2.615,-5.786,1.000
2.722,-5.960,1.000
2.657,-5.758,1.000
2.769,-5.939,1.000
2.723,-5.782,1.000
2.732,-5.741,1.000
2.765,-5.753,1.000
2.777,-5.720,1.000
2.881,-5.876,1.000
2.822,-5.698,1.000
2.855,-5.709,1.000
2.863,-5.668,1.000
2.892,-5.671,1.000
2.915,-5.660,1.000
2.925,-5.626,1.000
2.982,-5.681,1.000
2.973,-5.611,1.000
2.995,-5.599,1.000
3.049,-5.645,1.000
3.043,-5.583,1.000
3.065,-5.571,1.000
3.087,-5.558,1.000
3.105,-5.539,1.000
3.126,-5.527,1.000
3.189,-5.586,1.000
3.203,-5.559,1.000
3.224,-5.547,1.000
3.254,-5.548,1.000
3.289,-5.556,1.000
3.294,-5.515,1.000
3.320,-5.509,1.000
3.345,-5.503,1.000
3.350,-5.462,1.000
3.380,-5.463,1.000
3.393,-5.436,1.000
3.525,-5.598,1.000
3.435,-5.409,1.000
3.465,-5.409,1.000
3.500,-5.416,1.000
3.508,-5.382,1.000
3.524,-5.361,1.000
3.545,-5.347,1.000
3.580,-5.354,1.000
3.569,-5.292,1.000
3.617,-5.319,1.000
3.629,-5.291,1.000
3.659,-5.290,1.000
3.670,-5.262,1.000
3.672,-5.221,1.000
3.697,-5.213,1.000
3.718,-5.199,1.000
3.865,-5.359,1.000
3.787,-5.209,1.000
3.925,-5.354,1.000
3.814,-5.159,1.000
3.849,-5.164,1.000
3.844,-5.116,1.000
3.874,-5.114,1.000
3.904,-5.112,1.000
3.914,-5.083,1.000
3.929,-5.062,1.000
4.063,-5.191,1.000
3.979,-5.043,1.000
3.994,-5.021,1.000
4.013,-5.006,1.000
4.028,-4.983,1.000
4.178,-5.129,1.000
4.082,-4.971,1.000
4.204,-5.078,1.000
4.116,-4.932,1.000
4.109,-4.885,1.000
4.273,-5.040,1.000
4.174,-4.883,1.000
4.313,-5.006,1.000
4.217,-4.856,1.000
4.231,-4.834,1.000
4.223,-4.786,1.000
4.274,-4.806,1.000
4.288,-4.784,1.000
4.419,-4.891,1.000
4.325,-4.750,1.000
4.338,-4.727,1.000
4.368,-4.722,1.000
4.347,-4.662,1.000
4.405,-4.687,1.000
4.423,-4.670,1.000
4.458,-4.670,1.000
4.460,-4.635,1.000
4.495,-4.635,1.000
4.507,-4.611,1.000
4.480,-4.547,1.000
4.521,-4.553,1.000
4.601,-4.598,1.000
4.619,-4.580,1.000
4.591,-4.516,1.000
4.661,-4.549,1.000
4.684,-4.536,1.000
4.714,-4.529,1.000
4.685,-4.466,1.000
4.720,-4.464,1.000
4.743,-4.451,1.000
4.761,-4.432,1.000
4.713,-4.353,1.000
4.790,-4.389,1.000
4.819,-4.381,1.000
4.958,-4.472,1.000
4.829,-4.322,1.000
4.964,-4.408,1.000
4.875,-4.295,1.000
4.898,-4.281,1.000
4.915,-4.261,1.000
5.044,-4.339,1.000
4.942,-4.217,1.000
5.096,-4.315,1.000
4.975,-4.179,1.000
4.991,-4.159,1.000
5.123,-4.235,1.000
5.024,-4.120,1.000
5.027,-4.090,1.000
5.056,-4.080,1.000
5.053,-4.045,1.000
5.100,-4.050,1.000
5.097,-4.015,1.000
5.273,-4.121,1.000
5.129,-3.975,1.000
5.151,-3.960,1.000
5.160,-3.935,1.000
5.162,-3.905,1.000
5.210,-3.908,1.000
5.357,-3.986,1.000
5.227,-3.858,1.000
5.388,-3.944,1.000
5.257,-3.817,1.000
5.266,-3.791,1.000
5.287,-3.775,1.000
5.302,-3.754,1.000
5.330,-3.743,1.000
5.325,-3.708,1.000
5.475,-3.781,1.000
5.367,-3.675,1.000
5.381,-3.654,1.000
5.402,-3.637,1.000
5.417,-3.616,1.000
5.417,-3.586,1.000
5.452,-3.578,1.000
5.439,-3.539,1.000
5.453,-3.518,1.000
5.487,-3.509,1.000
5.487,-3.479,1.000
5.494,-3.453,1.000
5.654,-3.523,1.000
5.534,-3.418,1.000
5.695,-3.487,1.000
5.554,-3.371,1.000
5.574,-3.353,1.000
5.729,-3.415,1.000
5.593,-3.305,1.000
5.749,-3.366,1.000
5.605,-3.253,1.000
5.632,-3.239,1.000
5.645,-3.217,1.000
5.814,-3.283,1.000
5.691,-3.184,1.000
5.820,-3.226,1.000
5.694,-3.128,1.000
5.728,-3.117,1.000
5.864,-3.161,1.000
5.731,-3.060,1.000
5.895,-3.118,1.000
5.748,-3.011,1.000
5.759,-2.989,1.000
5.785,-2.974,1.000
5.790,-2.947,1.000
5.801,-2.924,1.000
5.806,-2.898,1.000
5.839,-2.886,1.000
5.821,-2.849,1.000
5.839,-2.829,1.000
5.865,-2.813,1.000
6.032,-2.864,1.000
5.894,-2.771,1.000
5.890,-2.741,1.000
6.058,-2.790,1.000
5.912,-2.694,1.000
5.893,-2.658,1.000
5.947,-2.654,1.000
5.928,-2.618,1.000
5.939,-2.595,1.000
6.143,-2.655,1.000
5.974,-2.554,1.000
5.984,-2.531,1.000
5.986,-2.504,1.000
5.988,-2.478,1.000
6.006,-2.457,1.000
6.168,-2.496,1.000
6.032,-2.413,1.000
6.071,-2.401,1.000
6.058,-2.368,1.000
6.053,-2.339,1.000
6.069,-2.318,1.000
6.071,-2.291,1.000
6.117,-2.281,1.000
6.043,-2.227,1.000
6.112,-2.225,1.000
6.121,-2.201,1.000
6.137,-2.180,1.000
6.294,-2.207,1.000
6.131,-2.123,1.000
6.132,-2.097,1.000
6.156,-2.078,1.000
6.164,-2.054,1.000
6.299,-2.071,1.000
6.118,-1.985,1.000
6.172,-1.976,1.000
6.226,-1.966,1.000
6.226,-1.939,1.000
6.210,-1.908,1.000
6.248,-1.893,1.000
6.427,-1.919,1.000
6.178,-1.819,1.000
6.413,-1.860,1.000
6.239,-1.783,1.000
6.254,-1.761,1.000
6.253,-1.734,1.000
6.259,-1.710,1.000
6.470,-1.740,1.000
6.280,-1.662,1.000
6.264,-1.632,1.000
6.468,-1.658,1.000
6.300,-1.588,1.000
6.321,-1.567,1.000
6.335,-1.545,1.000
6.318,-1.514,1.000
6.332,-1.491,1.000
6.337,-1.466,1.000
6.343,-1.441,1.000
6.524,-1.456,1.000
6.346,-1.390,1.000
6.506,-1.398,1.000
6.373,-1.343,1.000
6.354,-1.313,1.000
6.367,-1.290,1.000
6.549,-1.300,1.000
6.385,-1.241,1.000
6.374,-1.213,1.000
6.387,-1.190,1.000
6.376,-1.162,1.000
6.396,-1.139,1.000
6.377,-1.110,1.000
6.397,-1.088,1.000
6.564,-1.090,1.000
6.421,-1.040,1.000
6.377,-1.007,1.000
6.429,-0.990,1.000
6.417,-0.962,1.000
6.421,-0.937,1.000
6.424,-0.912,1.000
6.436,-0.887,1.000
6.439,-0.862,1.000
6.443,-0.837,1.000
6.438,-0.811,1.000
6.620,-0.807,1.000
6.452,-0.761,1.000
6.634,-0.756,1.000
6.418,-0.706,1.000
6.469,-0.686,1.000
6.471,-0.660,1.000
6.418,-0.629,1.000
6.648,-0.626,1.000
6.463,-0.583,1.000
6.660,-0.574,1.000
6.483,-0.533,1.000
6.469,-0.506,1.000
6.495,-0.483,1.000
6.481,-0.456,1.000
6.530,-0.434,1.000
6.484,-0.405,1.000
6.658,-0.390,1.000
6.487,-0.354,1.000
6.653,-0.337,1.000
6.490,-0.303,1.000
6.491,-0.278,1.000
6.492,-0.252,1.000
6.493,-0.227,1.000
6.494,-0.201,1.000
6.486,-0.176,1.000
6.487,-0.150,1.000
6.504,-0.125,1.000
6.692,-0.102,1.000
6.488,-0.074,1.000
6.521,-0.048,1.000
6.497,-0.023,1.000
6.325,0.003,1.500
6.358,0.028,1.500
6.358,0.053,1.500
6.391,0.078,1.500
6.332,0.102,1.500
6.543,0.131,1.500
6.356,0.152,1.500
6.389,0.178,1.500
6.355,0.202,1.500
6.371,0.228,1.500
6.370,0.253,1.500
6.352,0.277,1.500
6.417,0.305,1.500
6.512,0.336,1.500
6.357,0.353,1.500
6.355,0.378,1.500
6.354,0.402,1.500
6.327,0.426,1.500
6.528,0.465,1.500
6.365,0.479,1.500
6.313,0.500,1.500
6.320,0.525,1.500
6.284,0.547,1.500
6.332,0.576,1.500
6.338,0.602,1.500
6.319,0.625,1.500
6.510,0.670,1.500
6.314,0.675,1.500
6.344,0.703,1.500
6.317,0.725,1.500
6.507,0.773,1.500
6.302,0.774,1.500
6.508,0.825,1.500
6.313,0.825,1.500
6.301,0.849,1.500
6.290,0.873,1.500
6.311,0.901,1.500
6.258,0.918,1.500
6.495,0.979,1.500
6.283,0.973,1.500
6.464,1.027,1.500
6.259,1.019,1.500
6.255,1.044,1.500
6.267,1.071,1.500
6.263,1.096,1.500
6.442,1.153,1.500
6.262,1.147,1.500
6.258,1.171,1.500
6.245,1.194,1.500
6.240,1.219,1.500
6.235,1.243,1.500
6.247,1.271,1.500
6.250,1.297,1.500
6.212,1.315,1.500
6.215,1.341,1.500
6.210,1.365,1.500
6.147,1.377,1.500
6.381,1.456,1.500
6.201,1.440,1.500
6.188,1.463,1.500
6.363,1.531,1.500
6.160,1.507,1.500
6.170,1.535,1.500
6.180,1.564,1.500
6.150,1.582,1.500
6.159,1.610,1.500
6.145,1.632,1.500
6.334,1.709,1.500
6.124,1.678,1.500
6.125,1.704,1.500
6.087,1.719,1.500
6.120,1.755,1.500
6.105,1.777,1.500
6.050,1.786,1.500
6.091,1.824,1.500
6.091,1.851,1.500
6.092,1.877,1.500
6.077,1.899,1.500
6.061,1.920,1.500
6.054,1.944,1.500
6.085,1.980,1.500
6.208,2.047,1.500
6.023,2.012,1.500
6.192,2.096,1.500
6.014,2.062,1.500
6.006,2.086,1.500
6.181,2.174,1.500
6.005,2.138,1.500
5.989,2.159,1.500
5.973,2.180,1.500
6.139,2.268,1.500
5.932,2.218,1.500
5.947,2.250,1.500
5.938,2.273,1.500
5.937,2.300,1.500
6.086,2.385,1.500
5.918,2.346,1.500
6.067,2.433,1.500
5.892,2.390,1.500
5.890,2.416,1.500
6.031,2.501,1.500
5.848,2.452,1.500
6.011,2.548,1.500
5.829,2.498,1.500
5.803,2.514,1.500
5.839,2.557,1.500
5.799,2.567,1.500
5.804,2.596,1.500
5.778,2.612,1.500
5.813,2.656,1.500
5.765,2.661,1.500
5.762,2.687,1.500
5.767,2.717,1.500
5.917,2.816,1.500
5.730,2.755,1.500
5.727,2.781,1.500
5.701,2.796,1.500
5.872,2.908,1.500
5.686,2.845,1.500
5.842,2.951,1.500
5.664,2.889,1.500
5.674,2.923,1.500
5.604,2.914,1.500
5.607,2.944,1.500
5.581,2.958,1.500
5.621,3.008,1.500
5.772,3.118,1.500
5.590,3.048,1.500
5.578,3.070,1.500
5.609,3.115,1.500
5.553,3.113,1.500
5.689,3.219,1.500
5.521,3.153,1.500
5.516,3.178,1.500
5.496,3.196,1.500
5.477,3.213,1.500
5.464,3.235,1.500
5.458,3.260,1.500
5.446,3.282,1.500
5.433,3.303,1.500
5.413,3.320,1.500
5.407,3.346,1.500
5.531,3.453,1.500
5.538,3.488,1.500
5.374,3.414,1.500
5.346,3.426,1.500
5.319,3.438,1.500
5.319,3.468,1.500
5.313,3.493,1.500
5.285,3.505,1.500
5.278,3.530,1.500
5.271,3.556,1.500
5.392,3.668,1.500
5.236,3.592,1.500
5.242,3.627,1.500
5.208,3.633,1.500
5.340,3.757,1.500
5.179,3.674,1.500
5.323,3.808,1.500
5.123,3.695,1.500
5.149,3.744,1.500
5.127,3.760,1.500
5.113,3.780,1.500
5.247,3.911,1.500
5.083,3.820,1.500
5.216,3.952,1.500
5.079,3.880,1.500
5.031,3.874,1.500
5.176,4.018,1.500
5.000,3.914,1.500
5.138,4.054,1.500
5.084,4.044,1.500
4.954,3.972,1.500
4.938,3.992,1.500
4.909,4.001,1.500
4.894,4.020,1.500
5.041,4.174,1.500
4.894,4.085,1.500
4.852,4.083,1.500
4.855,4.118,1.500
4.975,4.253,1.500
4.817,4.150,1.500
4.844,4.207,1.500
4.924,4.311,1.500
4.780,4.218,1.500
4.738,4.215,1.500
4.740,4.250,1.500
4.724,4.268,1.500
4.873,4.439,1.500
4.690,4.305,1.500
4.667,4.318,1.500
4.650,4.336,1.500
4.633,4.355,1.500
4.745,4.496,1.500
4.604,4.397,1.500
4.581,4.409,1.500
4.570,4.433,1.500
4.552,4.451,1.500
4.517,4.451,1.500
4.494,4.463,1.500
4.494,4.498,1.500
4.602,4.642,1.500
4.458,4.533,1.500
4.554,4.667,1.500
4.411,4.556,1.500
4.387,4.567,1.500
4.515,4.738,1.500
4.363,4.614,1.500
4.472,4.767,1.500
4.321,4.642,1.500
4.314,4.671,1.500
4.416,4.820,1.500
4.232,4.655,1.500
4.242,4.703,1.500
4.240,4.738,1.500
4.210,4.742,1.500
4.186,4.753,1.500
4.128,4.725,1.500
4.093,4.722,1.500
4.146,4.820,1.500
4.132,4.843,1.500
4.108,4.853,1.500
4.083,4.863,1.500
4.070,4.885,1.500
4.045,4.895,1.500
3.994,4.872,1.500
3.975,4.887,1.500
4.120,5.106,1.500
3.983,4.977,1.500
4.025,5.069,1.500
3.908,4.962,1.500
3.873,4.958,1.500
3.960,5.110,1.500
3.839,4.995,1.500
3.819,5.010,1.500
3.795,5.018,1.500
3.770,5.026,1.500
3.755,5.048,1.500
3.735,5.062,1.500
3.823,5.223,1.500
3.690,5.085,1.500
3.661,5.085,1.500
3.761,5.268,1.500
3.754,5.302,1.500
3.615,5.149,1.500
3.604,5.177,1.500
3.574,5.177,1.500
3.670,5.361,1.500
3.534,5.205,1.500
3.513,5.219,1.500
3.497,5.240,1.500
3.467,5.239,1.500
3.451,5.260,1.500
3.539,5.439,1.500
3.410,5.287,1.500
3.385,5.293,1.500
3.350,5.285,1.500
3.348,5.327,1.500
3.331,5.347,1.500
3.301,5.346,1.500
3.388,5.534,1.500
3.259,5.371,1.500
3.238,5.384,1.500
3.217,5.397,1.500
3.200,5.417,1.500
3.274,5.593,1.500
3.157,5.442,1.500
3.238,5.632,1.500
3.119,5.474,1.500
3.093,5.478,1.500
3.067,5.483,1.500
3.046,5.495,1.500
3.032,5.522,1.500
2.998,5.511,1.500
3.075,5.705,1.500
2.959,5.542,1.500
2.953,5.584,1.500
2.919,5.573,1.500
2.977,5.738,1.500
2.958,5.757,1.500
2.869,5.637,1.500
2.828,5.610,1.500
2.802,5.614,1.500
2.768,5.602,1.500
2.765,5.651,1.500
2.754,5.685,1.500
2.717,5.665,1.500
2.786,5.869,1.500
2.669,5.678,1.500
2.643,5.681,1.500
2.669,5.798,1.500
2.609,5.725,1.500
2.661,5.901,1.500
2.641,5.918,1.500
2.544,5.763,1.500
2.515,5.757,1.500
2.548,5.897,1.500
2.476,5.792,1.500
2.521,5.962,1.500
2.434,5.820,1.500
2.477,5.989,1.500
2.385,5.831,1.500
2.359,5.832,1.500
2.336,5.841,1.500
2.297,5.811,1.500
2.287,5.852,1.500
2.329,6.030,1.500
2.244,5.877,1.500
2.212,5.862,1.500
2.198,5.895,1.500
2.175,5.903,1.500
2.148,5.904,1.500
2.192,6.099,1.500
2.088,5.881,1.500
2.056,5.865,1.500
2.044,5.905,1.500
2.021,5.913,1.500
2.043,6.056,1.500
1.988,5.969,1.500
1.954,5.944,1.500
1.938,5.976,1.500
1.899,5.935,1.500
1.874,5.934,1.500
1.929,6.195,1.500
1.829,5.957,1.500
1.799,5.940,1.500
1.783,5.971,1.500
1.752,5.954,1.500
1.731,5.969,1.500
1.707,5.975,1.500
1.689,5.999,1.500
1.658,5.980,1.500
1.686,6.173,1.500
1.613,6.001,1.500
1.583,5.983,1.500
1.573,6.039,1.500
1.540,6.012,1.500
1.517,6.018,1.500
1.499,6.049,1.500
1.507,6.185,1.500
1.454,6.069,1.500
1.426,6.058,1.500
1.398,6.046,1.500
1.376,6.060,1.500
1.356,6.082,1.500
1.329,6.071,1.500
1.309,6.093,1.500
1.323,6.278,1.500
1.259,6.094,1.500
1.233,6.091,1.500
1.208,6.087,1.500
1.185,6.100,1.500
1.190,6.254,1.500
1.129,6.067,1.500
1.115,6.122,1.500
1.089,6.118,1.500
1.070,6.148,1.500
1.038,6.110,1.500
1.019,6.139,1.500
1.024,6.325,1.500
0.969,6.139,1.500
0.944,6.134,1.500
0.949,6.337,1.500
0.890,6.107,1.500
0.900,6.344,1.500
0.849,6.165,1.500
0.824,6.160,1.500
0.800,6.163,1.500
0.776,6.166,1.500
0.745,6.117,1.500
0.722,6.129,1.500
0.705,6.192,1.500
0.676,6.152,1.500
0.676,6.380,1.500
0.632,6.200,1.500
0.606,6.185,1.500
0.582,6.187,1.500
0.557,6.181,1.500
0.552,6.408,1.500
0.509,6.202,1.500
0.487,6.230,1.500
0.463,6.232,1.500
0.436,6.208,1.500
0.426,6.418,1.500
0.387,6.202,1.500
0.363,6.213,1.500
0.338,6.205,1.500
0.316,6.249,1.500
0.289,6.199,1.500
0.266,6.217,1.500
0.249,6.419,1.500
0.218,6.245,1.500
0.192,6.212,1.500
0.168,6.221,1.500
0.143,6.221,1.500
0.123,6.423,1.500
0.095,6.231,1.500
0.070,6.214,1.500
0.046,6.214,1.500
0.022,6.375,1.500
-0.003,6.249,1.500
-0.028,6.232,1.500
-0.052,6.223,1.500
-0.076,6.214,1.500
-0.102,6.265,1.500
-0.125,6.222,1.500
-0.154,6.414,1.500
-0.174,6.212,1.500
-0.198,6.194,1.500
-0.221,6.167,1.500
-0.248,6.218,1.500
-0.281,6.418,1.500
-0.296,6.199,1.500
-0.320,6.206,1.500
-0.346,6.222,1.500
-0.370,6.212,1.500
-0.394,6.211,1.500
-0.420,6.226,1.500
-0.443,6.216,1.500
-0.467,6.197,1.500
-0.489,6.178,1.500
-0.531,6.386,1.500
-0.540,6.200,1.500
-0.561,6.163,1.500
-0.588,6.187,1.500
-0.612,6.184,1.500
-0.638,6.190,1.500
-0.660,6.171,1.500
-0.687,6.194,1.500
-0.732,6.374,1.500
-0.736,6.188,1.500
-0.758,6.168,1.500
-0.789,6.216,1.500
-0.810,6.187,1.500
-0.831,6.159,1.500
-0.859,6.189,1.500
-0.879,6.152,1.500
-0.926,6.307,1.500
-0.931,6.170,1.500
-0.957,6.175,1.500
-0.975,6.137,1.500
-0.997,6.117,1.500
-1.026,6.147,1.500
-1.049,6.134,1.500
-1.073,6.130,1.500
-1.094,6.109,1.500
-1.157,6.319,1.500
-1.142,6.100,1.500
-1.169,6.112,1.500
-1.192,6.099,1.500
-1.219,6.111,1.500
-1.234,6.064,1.500
-1.304,6.282,1.500
-1.280,6.046,1.500
-1.348,6.247,1.500
-1.339,6.086,1.500
-1.359,6.064,1.500
-1.387,6.075,1.500
-1.408,6.062,1.500
-1.422,6.014,1.500
-1.450,6.025,1.500
-1.522,6.216,1.500
-1.508,6.055,1.500
-1.523,6.016,1.500
-1.555,6.043,1.500
-1.575,6.021,1.500
-1.598,6.014,1.500
-1.613,5.975,1.500
-1.650,6.018,1.500
-1.667,5.987,1.500
-1.745,6.174,1.500
-1.714,5.974,1.500
-1.737,5.967,1.500
-1.760,5.960,1.500
-1.779,5.937,1.500
-1.807,5.946,1.500
-1.831,5.939,1.500
-1.838,5.882,1.500
-1.856,5.858,1.500
-1.959,6.101,1.500
-1.902,5.843,1.500
-1.922,5.828,1.500
-1.970,5.894,1.500
-1.976,5.837,1.500
-2.079,6.061,1.500
-2.022,5.821,1.500
-2.085,5.927,1.500
-2.091,5.870,1.500
-2.108,5.846,1.500
-2.122,5.813,1.500
-2.157,5.837,1.500
-2.171,5.805,1.500
-2.188,5.780,1.500
-2.220,5.795,1.500
-2.214,5.714,1.500
-2.314,5.904,1.500
-2.269,5.721,1.500
-2.284,5.695,1.500
-2.310,5.694,1.500
-2.332,5.685,1.500
-2.385,5.748,1.500
-2.404,5.731,1.500
-2.499,5.891,1.500
-2.445,5.704,1.500
-2.471,5.702,1.500
-2.494,5.692,1.500
-2.519,5.690,1.500
-2.531,5.657,1.500
-2.560,5.663,1.500
-2.550,5.581,1.500
-2.572,5.571,1.500
-2.684,5.755,1.500
-2.616,5.551,1.500
-2.722,5.718,1.500
-2.667,5.546,1.500
-2.677,5.512,1.500
-2.714,5.533,1.500
-2.732,5.514,1.500
-2.754,5.503,1.500
-2.849,5.638,1.500
-2.793,5.474,1.500
-2.810,5.455,1.500
-2.836,5.452,1.500
-2.853,5.433,1.500
-2.878,5.429,1.500
-2.892,5.403,1.500
-2.896,5.360,1.500
-2.959,5.426,1.500
-2.959,5.376,1.500
-2.967,5.341,1.500
-3.014,5.375,1.500
-3.022,5.341,1.500
-3.052,5.344,1.500
-3.167,5.494,1.500
-3.089,5.312,1.500
-3.205,5.462,1.500
-3.127,5.280,1.500
-3.147,5.268,1.500
-3.163,5.248,1.500
-3.179,5.228,1.500
-3.214,5.238,1.500
-3.239,5.233,1.500
-3.255,5.212,1.500
-3.280,5.207,1.500
-3.291,5.179,1.500
-3.316,5.174,1.500
-3.341,5.168,1.500
-3.468,5.319,1.500
-3.353,5.098,1.500
-3.397,5.121,1.500
-3.417,5.108,1.500
-3.427,5.080,1.500
-3.457,5.081,1.500
-3.487,5.081,1.500
-3.487,5.039,1.500
-3.517,5.040,1.500
-3.551,5.047,1.500
-3.556,5.012,1.500
-3.555,4.969,1.500
-3.705,5.136,1.500
-3.610,4.962,1.500
-3.629,4.948,1.500
-3.664,4.955,1.500
-3.709,4.975,1.500
-3.810,5.069,1.500
-3.712,4.898,1.500
-3.720,4.869,1.500
-3.849,4.997,1.500
-3.758,4.840,1.500
-3.883,4.960,1.500
-3.813,4.831,1.500
-3.938,4.949,1.500
-3.839,4.787,1.500
-3.864,4.779,1.500
-3.871,4.750,1.500
-4.020,4.893,1.500
-3.914,4.726,1.500
-4.059,4.862,1.500
-3.962,4.708,1.500
-3.975,4.686,1.500
-3.982,4.657,1.500
-4.173,4.841,1.500
-4.030,4.639,1.500
-4.048,4.623,1.500
-4.078,4.620,1.500
-4.215,4.738,1.500
-4.108,4.582,1.500
-4.073,4.507,1.500
-4.085,4.484,1.500
-4.102,4.468,1.500
-4.114,4.445,1.500
-4.291,4.601,1.500
-4.155,4.419,1.500
-4.172,4.403,1.500
-4.202,4.400,1.500
-4.219,4.383,1.500
-4.230,4.360,1.500
-4.241,4.337,1.500
-4.220,4.282,1.500
-4.281,4.310,1.500
-4.254,4.249,1.500
-4.264,4.226,1.500
-4.300,4.228,1.500
-4.297,4.192,1.500
-4.440,4.298,1.500
-4.317,4.146,1.500
-4.293,4.091,1.500
-4.349,4.112,1.500
-4.358,4.088,1.500
-4.537,4.222,1.500
-4.397,4.060,1.500
-4.406,4.037,1.500
-4.436,4.031,1.500
-4.458,4.020,1.500
-4.460,3.990,1.500
-4.641,4.120,1.500
-4.505,3.967,1.500
-4.500,3.932,1.500
-4.529,3.926,1.500
-4.552,3.914,1.500
-4.574,3.902,1.500
-4.731,4.004,1.500
-4.611,3.872,1.500
-4.585,3.819,1.500
-4.641,3.835,1.500
-4.643,3.806,1.500
-4.664,3.793,1.500
-4.803,3.875,1.500
-4.701,3.762,1.500
-4.695,3.727,1.500
-4.723,3.719,1.500
-4.731,3.695,1.500
-4.816,3.731,1.500
-4.760,3.658,1.500
-4.796,3.656,1.500
-4.824,3.647,1.500
-4.860,3.645,1.500
-4.881,3.631,1.500
-5.083,3.750,1.500
-4.895,3.582,1.500
-4.909,3.563,1.500
-4.916,3.538,1.500
-5.107,3.645,1.500
-4.966,3.515,1.500
-4.979,3.495,1.500
-4.986,3.471,1.500
-5.164,3.564,1.500
-5.020,3.436,1.500
-5.184,3.519,1.500
-5.032,3.387,1.500
-5.068,3.382,1.500
-5.059,3.347,1.500
-5.079,3.332,1.500
-5.077,3.303,1.500
-5.098,3.287,1.500
-5.272,3.370,1.500
-5.078,3.218,1.500
-5.075,3.189,1.500
-5.095,3.174,1.500
-5.244,3.238,1.500
-5.112,3.129,1.500
-5.125,3.109,1.500
-5.137,3.089,1.500
-5.324,3.173,1.500
-5.114,3.020,1.500
-5.173,3.028,1.500
-5.177,3.003,1.500
-5.181,2.978,1.500
-5.208,2.967,1.500
-5.212,2.942,1.500
-5.263,2.943,1.500
-5.267,2.918,1.500
-5.270,2.893,1.500
-5.482,2.982,1.500
-5.269,2.839,1.500
-5.288,2.822,1.500
-5.307,2.806,1.500
-5.302,2.777,1.500
-5.447,2.826,1.500
-5.340,2.743,1.500
-5.334,2.714,1.500
-5.345,2.693,1.500
-5.553,2.771,1.500
-5.382,2.659,1.500
-5.590,2.735,1.500
-5.403,2.617,1.500
-5.413,2.595,1.500
-5.439,2.582,1.500
-5.384,2.530,1.500
-5.435,2.528,1.500
-5.437,2.502,1.500
-5.455,2.485,1.500
-5.456,2.460,1.500
-5.660,2.525,1.500
-5.662,2.499,1.500
-5.671,2.477,1.500
-5.689,2.458,1.500
-5.512,2.356,1.500
-5.529,2.337,1.500
-5.555,2.323,1.500
-5.727,2.368,1.500
-5.565,2.276,1.500
-5.565,2.250,1.500
-5.591,2.235,1.500
-5.574,2.203,1.500
-5.583,2.181,1.500
-5.591,2.159,1.500
-5.790,2.210,1.500
-5.799,2.187,1.500
-5.799,2.161,1.500
-5.807,2.139,1.500
-5.641,2.052,1.500
-5.848,2.102,1.500
-5.666,2.011,1.500
-5.614,1.968,1.500
-5.664,1.960,1.500
-5.840,1.996,1.500
-5.697,1.922,1.500
-5.888,1.961,1.500
-5.625,1.848,1.500
-5.903,1.914,1.500
-5.886,1.883,1.500
-5.646,1.782,1.500
-5.740,1.787,1.500
-5.695,1.748,1.500
-5.737,1.737,1.500
-5.939,1.772,1.500
-5.680,1.671,1.500
-5.748,1.666,1.500
-5.772,1.649,1.500
-5.761,1.621,1.500
-5.776,1.601,1.500
-6.094,1.663,1.500
-5.797,1.558,1.500
-5.812,1.537,1.500
-5.730,1.492,1.500
-5.815,1.489,1.500
-5.821,1.467,1.500
-6.040,1.497,1.500
-5.797,1.412,1.500
-6.027,1.443,1.500
-5.826,1.371,1.500
-6.055,1.400,1.500
-5.872,1.333,1.500
-5.859,1.306,1.500
-5.855,1.281,1.500
-6.051,1.299,1.500
-5.865,1.235,1.500
-5.888,1.216,1.500
-5.937,1.201,1.500
-5.888,1.168,1.500
-5.848,1.136,1.500
-5.906,1.123,1.500
-5.884,1.095,1.500
-5.897,1.073,1.500
-5.910,1.052,1.500
-5.914,1.029,1.500
-5.909,1.004,1.500
-5.922,0.982,1.500
-5.872,0.950,1.500
-5.921,0.934,1.500
-5.897,0.907,1.500
-5.919,0.886,1.500
-6.124,0.892,1.500
-5.935,0.841,1.500
-5.938,0.818,1.500
-5.941,0.794,1.500
-5.926,0.769,1.500
-6.166,0.775,1.500
-5.941,0.723,1.500
-5.953,0.701,1.500
-5.973,0.680,1.500
-6.177,0.678,1.500
-5.979,0.633,1.500
-6.165,0.628,1.500
-5.974,0.585,1.500
-5.886,0.553,1.500
-6.138,0.552,1.500
-5.927,0.510,1.500
-5.974,0.490,1.500
-5.912,0.462,1.500
-5.978,0.443,1.500
-6.006,0.422,1.500
-6.192,0.410,1.500
-5.982,0.373,1.500
-5.984,0.349,1.500
-5.976,0.325,1.500
-5.986,0.302,1.500
-6.199,0.289,1.500
-5.988,0.255,1.500
-6.175,0.239,1.500
-5.990,0.208,1.500
-6.018,0.185,1.500
-5.992,0.161,1.500
-5.992,0.138,1.500
-5.929,0.113,1.500
-6.197,0.094,1.500
-6.206,0.069,1.500
-5.957,0.043,1.500
-5.967,0.020,1.500
-5.893,-0.004,1.500
-5.985,-0.027,1.500
-6.127,-0.052,1.500
-5.939,-0.074,1.500
-6.011,-0.098,1.500
-5.929,-0.120,1.500
-6.187,-0.150,1.500
-5.918,-0.166,1.500
-5.936,-0.190,1.500
-6.008,-0.216,1.500
-6.210,-0.248,1.500
-5.906,-0.259,1.500
-5.996,-0.286,1.500
-5.931,-0.307,1.500
-5.948,-0.331,1.500
-5.974,-0.356,1.500
-5.918,-0.376,1.500
-6.007,-0.405,1.500
-5.887,-0.421,1.500
-6.110,-0.461,1.500
-5.975,-0.474,1.500
-5.982,-0.498,1.500
-5.898,-0.515,1.500
-5.906,-0.539,1.500
-6.135,-0.584,1.500
-5.901,-0.585,1.500
-6.173,-0.636,1.500
-5.978,-0.640,1.500
-5.857,-0.650,1.500
-5.928,-0.682,1.500
-5.889,-0.701,1.500
-5.877,-0.723,1.500
-6.191,-0.786,1.500
-5.862,-0.768,1.500
-5.849,-0.789,1.500
-6.104,-0.848,1.500
-5.934,-0.848,1.500
-5.867,-0.862,1.500
-6.136,-0.926,1.500
-5.923,-0.918,1.500
-5.875,-0.934,1.500
-5.951,-0.970,1.500
-5.849,-0.977,1.500
-5.926,-1.014,1.500
-5.948,-1.042,1.500
-6.109,-1.095,1.500
-5.949,-1.090,1.500
-5.820,-1.090,1.500
-5.887,-1.127,1.500
-5.829,-1.139,1.500
-5.896,-1.177,1.500
-6.022,-1.226,1.500
-5.842,-1.214,1.500
-6.063,-1.284,1.500
-5.859,-1.265,1.500
-5.845,-1.286,1.500
-5.858,-1.313,1.500
-5.852,-1.336,1.500
-5.838,-1.357,1.500
-5.842,-1.382,1.500
-6.025,-1.451,1.500
-5.804,-1.421,1.500
-5.851,-1.457,1.500
-5.802,-1.469,1.500
-6.027,-1.551,1.500
-5.799,-1.517,1.500
-5.766,-1.533,1.500
-6.000,-1.620,1.500
-5.985,-1.641,1.500
-5.774,-1.608,1.500
-5.768,-1.631,1.500
-5.770,-1.656,1.500
-5.772,-1.681,1.500
-5.740,-1.696,1.500
-5.928,-1.777,1.500
-5.752,-1.749,1.500
-5.955,-1.836,1.500
-5.721,-1.789,1.500
-5.740,-1.819,1.500
-5.715,-1.836,1.500
-5.717,-1.861,1.500
-5.683,-1.875,1.500
-5.702,-1.906,1.500
-5.870,-1.988,1.500
-5.670,-1.945,1.500
-5.670,-1.970,1.500
-5.646,-1.987,1.500
-5.838,-2.080,1.500
-5.647,-2.037,1.500
-5.639,-2.059,1.500
-5.673,-2.097,1.500
-5.648,-2.113,1.500
-5.597,-2.119,1.500
-5.606,-2.148,1.500
-5.589,-2.166,1.500
-5.580,-2.188,1.500
-5.580,-2.213,1.500
-5.554,-2.229,1.500
-5.766,-2.340,1.500
-5.545,-2.276,1.500
-5.519,-2.290,1.500
-5.519,-2.316,1.500
-5.705,-2.420,1.500
-5.509,-2.362,1.500
-5.678,-2.461,1.500
-5.440,-2.384,1.500
-5.497,-2.434,1.500
-5.487,-2.456,1.500
-5.647,-2.554,1.500
-5.452,-2.492,1.500
-5.442,-2.513,1.500
-5.440,-2.538,1.500
-5.614,-2.646,1.500
-5.395,-2.569,1.500
-5.569,-2.679,1.500
-5.391,-2.619,1.500
-5.373,-2.636,1.500
-5.371,-2.662,1.500
-5.550,-2.777,1.500
-5.366,-2.712,1.500
-5.543,-2.829,1.500
-5.328,-2.746,1.500
-5.333,-2.775,1.500
-5.322,-2.796,1.500
-5.303,-2.812,1.500
-5.284,-2.829,1.500
-5.249,-2.837,1.500
-5.262,-2.870,1.500
-5.259,-2.895,1.500
-5.425,-3.015,1.500
-5.236,-2.937,1.500
-5.224,-2.957,1.500
-5.220,-2.982,1.500
-5.193,-2.994,1.500
-5.181,-3.014,1.500
-5.146,-3.020,1.500
-5.347,-3.167,1.500
-5.145,-3.075,1.500
-5.164,-3.114,1.500
-5.090,-3.096,1.500
-5.289,-3.246,1.500
-5.081,-3.146,1.500
-5.061,-3.161,1.500
-5.102,-3.214,1.500
-5.074,-3.225,1.500
-5.061,-3.245,1.500
-5.182,-3.351,1.500
-5.021,-3.274,1.500
-4.977,-3.274,1.500
-4.995,-3.314,1.500
-4.997,-3.343,1.500
-5.151,-3.476,1.500
-4.963,-3.377,1.500
-4.942,-3.392,1.500
-4.929,-3.411,1.500
-4.908,-3.425,1.500
-4.916,-3.460,1.500
-4.888,-3.469,1.500
-4.882,-3.493,1.500
-4.839,-3.491,1.500
-4.810,-3.500,1.500
-4.962,-3.640,1.500
-4.775,-3.532,1.500
-4.968,-3.705,1.500
-4.813,-3.618,1.500
-4.755,-3.604,1.500
-4.762,-3.640,1.500
-4.909,-3.782,1.500
-4.719,-3.666,1.500
-4.676,-3.662,1.500
-4.719,-3.725,1.500
-4.836,-3.848,1.500
-4.633,-3.717,1.500
-4.668,-3.775,1.500
-4.646,-3.787,1.500
-4.638,-3.811,1.500
-4.623,-3.829,1.500
-4.770,-3.983,1.500
-4.600,-3.871,1.500
-4.571,-3.878,1.500
-4.589,-3.925,1.500
-4.554,-3.925,1.500
-4.531,-3.937,1.500
-4.529,-3.967,1.500
-4.652,-4.107,1.500
-4.478,-3.984,1.500
-4.462,-4.002,1.500
-4.440,-4.013,1.500
-4.484,-4.085,1.500
-4.474,-4.109,1.500
-4.399,-4.072,1.500
-4.442,-4.144,1.500
-4.426,-4.161,1.500
-4.396,-4.166,1.500
-4.531,-4.328,1.500
-4.376,-4.213,1.500
-4.454,-4.322,1.500
-4.368,-4.272,1.500
-4.326,-4.264,1.500
-4.457,-4.428,1.500
-4.286,-4.292,1.500
-4.301,-4.340,1.500
-4.265,-4.338,1.500
-4.235,-4.342,1.500
-4.200,-4.340,1.500
-4.214,-4.388,1.500
-4.190,-4.398,1.500
-4.173,-4.415,1.500
-4.162,-4.437,1.500
-4.138,-4.447,1.500
-4.114,-4.457,1.500
-4.097,-4.473,1.500
-4.231,-4.656,1.500
-4.062,-4.505,1.500
-4.050,-4.528,1.500
-4.026,-4.537,1.500
-4.008,-4.553,1.500
-4.002,-4.582,1.500
-3.972,-4.584,1.500
-3.972,-4.620,1.500
-3.913,-4.588,1.500
-3.918,-4.631,1.500
-3.906,-4.653,1.500
-4.015,-4.821,1.500
-3.958,-4.791,1.500
-3.851,-4.698,1.500
-3.838,-4.720,1.500
-3.819,-4.735,1.500
-3.789,-4.736,1.500
-3.765,-4.744,1.500
-3.763,-4.780,1.500
-3.728,-4.774,1.500
-3.715,-4.795,1.500
-3.701,-4.817,1.500
-3.671,-4.817,1.500
-3.652,-4.832,1.500
-3.644,-4.860,1.500
-3.620,-4.867,1.500
-3.595,-4.874,1.500
-3.699,-5.057,1.500
-3.567,-4.917,1.500
-3.660,-5.086,1.500
-3.529,-4.945,1.500
-3.624,-5.122,1.500
-3.490,-4.972,1.500
-3.465,-4.979,1.500
-3.476,-5.036,1.500
-3.446,-5.035,1.500
-3.406,-5.019,1.500
-3.391,-5.040,1.500
-3.367,-5.046,1.500
-3.352,-5.066,1.500
-3.332,-5.080,1.500
-3.307,-5.085,1.500
-3.292,-5.106,1.500
-3.276,-5.126,1.500
-3.247,-5.124,1.500
-3.337,-5.313,1.500
-3.206,-5.149,1.500
-3.195,-5.177,1.500
-3.157,-5.159,1.500
-3.150,-5.194,1.500
-3.224,-5.363,1.500
-3.109,-5.219,1.500
-3.084,-5.223,1.500
-3.068,-5.243,1.500
-3.048,-5.255,1.500
-3.018,-5.251,1.500
-3.002,-5.271,1.500
-2.981,-5.283,1.500
-3.050,-5.454,1.500
-2.939,-5.306,1.500
-2.919,-5.317,1.500
-2.906,-5.345,1.500
-2.877,-5.340,1.500
-2.881,-5.398,1.500
-2.818,-5.331,1.500
-2.822,-5.390,1.500
-2.797,-5.393,1.500
-2.771,-5.396,1.500
-2.758,-5.422,1.500
-2.729,-5.417,1.500
-2.712,-5.436,1.500
-2.694,-5.454,1.500
-2.665,-5.449,1.500
-2.742,-5.662,1.500
-2.656,-5.541,1.500
-2.597,-5.472,1.500
-2.579,-5.490,1.500
-2.554,-5.492,1.500
-2.619,-5.692,1.500
-2.514,-5.520,1.500
-2.496,-5.538,1.500
-2.481,-5.564,1.500
-2.449,-5.549,1.500
-2.434,-5.575,1.500
-2.409,-5.577,1.500
-2.508,-5.870,1.500
-2.399,-5.676,1.500
-2.367,-5.662,1.500
-2.358,-5.703,1.500
-2.299,-5.623,1.500
-2.313,-5.722,1.500
-2.335,-5.842,1.500
-2.261,-5.723,1.500
-2.233,-5.716,1.500
-2.210,-5.725,1.500
-2.194,-5.750,1.500
-2.159,-5.725,1.500
-2.149,-5.767,1.500
-2.179,-5.920,1.500
-2.094,-5.759,1.500
-2.078,-5.783,1.500
-2.107,-5.937,1.500
-2.035,-5.808,1.500
-2.065,-5.969,1.500
-1.984,-5.807,1.500
-1.964,-5.823,1.500
-2.000,-6.009,1.500
-1.918,-5.838,1.500
-1.958,-6.040,1.500
-1.864,-5.828,1.500
-1.849,-5.860,1.500
-1.829,-5.876,1.500
-1.863,-6.070,1.500
-1.782,-5.890,1.500
-1.815,-6.085,1.500
-1.734,-5.896,1.500
-1.698,-5.860,1.500
-1.692,-5.926,1.500
-1.664,-5.916,1.500
-1.691,-6.103,1.500
-1.620,-5.937,1.500
-1.643,-6.116,1.500
-1.571,-5.941,1.500
-1.543,-5.930,1.500
-1.520,-5.936,1.500
-1.503,-5.968,1.500
-1.524,-6.156,1.500
-1.452,-5.962,1.500
-1.430,-5.976,1.500
-1.407,-5.982,1.500
-1.389,-6.013,1.500
-1.358,-5.984,1.500
-1.334,-5.990,1.500
-1.315,-6.012,1.500
-1.286,-5.991,1.500
-1.266,-6.013,1.500
-1.242,-6.018,1.500
-1.215,-6.006,1.500
-1.196,-6.037,1.500
-1.169,-6.024,1.500
-1.147,-6.037,1.500
-1.161,-6.243,1.500
-1.103,-6.063,1.500
-1.076,-6.050,1.500
-1.052,-6.054,1.500
-1.031,-6.076,1.500
-1.005,-6.063,1.500
-0.981,-6.066,1.500
-0.986,-6.256,1.500
-0.932,-6.065,1.500
-0.908,-6.069,1.500
-0.883,-6.064,1.500
-0.862,-6.084,1.500
-0.863,-6.274,1.500
-0.814,-6.091,1.500
-0.794,-6.129,1.500
-0.784,-6.242,1.500
-0.744,-6.118,1.500
-0.717,-6.094,1.500
-0.693,-6.097,1.500
-0.691,-6.295,1.500
-0.646,-6.111,1.500
-0.622,-6.114,1.500
-0.600,-6.133,1.500
-0.576,-6.136,1.500
-0.548,-6.103,1.500
-0.526,-6.123,1.500
-0.503,-6.142,1.500
-0.494,-6.331,1.500
-0.452,-6.102,1.500
-0.427,-6.086,1.500
-0.405,-6.123,1.500
-0.381,-6.125,1.500
-0.357,-6.126,1.500
-0.334,-6.154,1.500
-0.307,-6.094,1.500
-0.294,-6.335,1.500
-0.261,-6.131,1.500
-0.237,-6.132,1.500
-0.213,-6.142,1.500
-0.189,-6.142,1.500
-0.165,-6.178,1.500
-0.145,-6.348,1.500
-0.120,-6.340,1.500
-0.092,-6.144,1.500
-0.068,-6.136,1.500
-0.044,-6.092,1.500
-0.020,-6.180,1.500
0.004,-6.154,1.500
0.029,-6.350,1.500
0.053,-6.162,1.500
0.077,-6.127,1.500
0.102,-6.205,1.500
0.125,-6.144,1.500
0.154,-6.348,1.500
0.175,-6.221,1.500
0.200,-6.228,1.500
0.229,-6.337,1.500
0.248,-6.210,1.500
0.273,-6.209,1.500
0.294,-6.138,1.500
0.323,-6.232,1.500
0.345,-6.196,1.500
0.381,-6.380,1.500
0.396,-6.219,1.500
0.433,-6.401,1.500
0.443,-6.199,1.500
0.467,-6.188,1.500
0.496,-6.246,1.500
0.533,-6.394,1.500
0.542,-6.208,1.500
0.582,-6.373,1.500
0.585,-6.144,1.500
0.614,-6.184,1.500
0.640,-6.199,1.500
0.680,-6.347,1.500
0.686,-6.177,1.500
0.733,-6.366,1.500
0.735,-6.171,1.500
0.757,-6.151,1.500
0.783,-6.165,1.500
0.808,-6.162,1.500
0.832,-6.159,1.500
0.881,-6.338,1.500
0.882,-6.169,1.500
0.930,-6.323,1.500
0.928,-6.145,1.500
0.952,-6.141,1.500
0.977,-6.137,1.500
1.032,-6.324,1.500
1.028,-6.146,1.500
1.074,-6.275,1.500
1.076,-6.138,1.500
1.097,-6.117,1.500
1.122,-6.121,1.500
1.176,-6.274,1.500
1.167,-6.095,1.500
1.225,-6.264,1.500
1.217,-6.094,1.500
1.242,-6.098,1.500
1.266,-6.093,1.500
1.289,-6.079,1.500
1.353,-6.263,1.500
1.338,-6.078,1.500
1.358,-6.055,1.500
1.378,-6.033,1.500
1.410,-6.061,1.500
1.427,-6.031,1.500
1.504,-6.245,1.500
1.481,-6.044,1.500
1.500,-6.022,1.500
1.530,-6.041,1.500
1.546,-6.001,1.500
1.571,-6.004,1.500
1.597,-6.006,1.500
1.621,-5.999,1.500
1.642,-5.985,1.500
1.715,-6.157,1.500
1.694,-5.988,1.500
1.712,-5.965,1.500
1.741,-5.975,1.500
1.769,-5.984,1.500
1.787,-5.961,1.500
1.857,-6.107,1.500
1.849,-5.996,1.500
1.855,-5.931,1.500
1.876,-5.916,1.500
1.912,-5.949,1.500
1.909,-5.860,1.500
1.953,-5.918,1.500
1.974,-5.902,1.500
2.000,-5.902,1.500
2.023,-5.894,1.500
2.106,-6.060,1.500
2.069,-5.878,1.500
2.154,-6.043,1.500
2.106,-5.837,1.500
2.129,-5.829,1.500
2.155,-5.829,1.500
2.181,-5.828,1.500
2.201,-5.812,1.500
2.230,-5.819,1.500
2.253,-5.810,1.500
2.272,-5.793,1.500
2.366,-5.964,1.500
2.324,-5.791,1.500
2.337,-5.758,1.500
2.360,-5.749,1.500
2.382,-5.740,1.500
2.408,-5.738,1.500
2.461,-5.799,1.500
2.480,-5.782,1.500
2.472,-5.702,1.500
2.532,-5.777,1.500
2.628,-5.933,1.500
2.574,-5.750,1.500
2.631,-5.815,1.500
2.616,-5.722,1.500
2.631,-5.696,1.500
2.660,-5.701,1.500
2.676,-5.675,1.500
2.709,-5.687,1.500
2.705,-5.623,1.500
2.833,-5.829,1.500
2.776,-5.655,1.500
2.790,-5.629,1.500
2.820,-5.633,1.500
2.838,-5.615,1.500
2.856,-5.596,1.500
2.969,-5.761,1.500
2.916,-5.603,1.500
3.007,-5.723,1.500
2.944,-5.550,1.500
2.958,-5.524,1.500
2.992,-5.534,1.500
3.013,-5.523,1.500
3.035,-5.511,1.500
3.061,-5.506,1.500
3.082,-5.494,1.500
3.087,-5.453,1.500
3.129,-5.477,1.500
3.134,-5.435,1.500
3.164,-5.438,1.500
3.185,-5.425,1.500
3.303,-5.576,1.500
3.223,-5.393,1.500
3.249,-5.387,1.500
3.257,-5.353,1.500
3.390,-5.523,1.500
3.317,-5.356,1.500
3.329,-5.328,1.500
3.354,-5.323,1.500
3.375,-5.309,1.500
3.391,-5.289,1.500
3.417,-5.283,1.500
3.541,-5.428,1.500
3.453,-5.249,1.500
3.474,-5.235,1.500
3.499,-5.228,1.500
3.524,-5.221,1.500
3.545,-5.208,1.500
3.565,-5.194,1.500
3.679,-5.315,1.500
3.596,-5.152,1.500
3.645,-5.179,1.500
3.637,-5.123,1.500
3.652,-5.102,1.500
3.682,-5.101,1.500
3.712,-5.100,1.500
3.722,-5.072,1.500
3.747,-5.064,1.500
3.761,-5.043,1.500
3.776,-5.021,1.500
3.801,-5.013,1.500
3.815,-4.992,1.500
3.840,-4.983,1.500
3.971,-5.111,1.500
3.874,-4.946,1.500
3.899,-4.938,1.500
3.913,-4.916,1.500
3.932,-4.900,1.500
4.101,-5.070,1.500
3.960,-4.856,1.500
4.161,-5.062,1.500
4.019,-4.851,1.500
4.027,-4.822,1.500
4.041,-4.800,1.500
4.054,-4.777,1.500
4.128,-4.825,1.500
4.103,-4.758,1.500
4.127,-4.748,1.500
4.151,-4.739,1.500
4.158,-4.710,1.500
4.227,-4.750,1.500
4.212,-4.696,1.500
4.384,-4.849,1.500
4.277,-4.693,1.500
4.256,-4.633,1.500
4.314,-4.660,1.500
4.292,-4.600,1.500
4.362,-4.638,1.500
4.380,-4.620,1.500
4.386,-4.591,1.500
4.410,-4.580,1.500
4.434,-4.569,1.500
4.571,-4.673,1.500
4.452,-4.516,1.500
4.452,-4.480,1.500
4.499,-4.492,1.500
4.505,-4.463,1.500
4.667,-4.588,1.500
4.552,-4.439,1.500
4.581,-4.433,1.500
4.575,-4.392,1.500
4.604,-4.385,1.500
4.615,-4.361,1.500
4.650,-4.360,1.500
4.655,-4.331,1.500
4.678,-4.318,1.500
4.689,-4.294,1.500
4.736,-4.303,1.500
4.716,-4.251,1.500
4.746,-4.244,1.500
4.878,-4.328,1.500
4.779,-4.207,1.500
4.789,-4.182,1.500
4.799,-4.158,1.500
4.815,-4.139,1.500
4.956,-4.226,1.500
4.867,-4.117,1.500
4.864,-4.082,1.500
4.893,-4.074,1.500
4.876,-4.028,1.500
4.924,-4.035,1.500
5.054,-4.108,1.500
4.943,-3.986,1.500
4.965,-3.972,1.500
4.968,-3.942,1.500
5.168,-4.067,1.500
5.012,-3.913,1.500
5.027,-3.893,1.500
5.036,-3.868,1.500
5.070,-3.864,1.500
5.066,-3.829,1.500
5.094,-3.819,1.500
5.096,-3.789,1.500
5.104,-3.764,1.500
5.283,-3.864,1.500
5.133,-3.723,1.500
5.306,-3.817,1.500
5.149,-3.673,1.500
5.170,-3.658,1.500
5.205,-3.652,1.500
5.219,-3.631,1.500
5.226,-3.606,1.500
5.234,-3.581,1.500
5.416,-3.674,1.500
5.282,-3.554,1.500
5.296,-3.533,1.500
5.296,-3.503,1.500
5.317,-3.487,1.500
5.337,-3.470,1.500
5.372,-3.463,1.500
5.392,-3.446,1.500
5.378,-3.407,1.500
5.398,-3.390,1.500
5.556,-3.459,1.500
5.411,-3.339,1.500
5.395,-3.301,1.500
5.437,-3.297,1.500
5.450,-3.275,1.500
5.623,-3.349,1.500
5.475,-3.232,1.500
5.466,-3.198,1.500
5.479,-3.177,1.500
5.506,-3.163,1.500
5.518,-3.142,1.500
5.516,-3.112,1.500
5.557,-3.106,1.500
5.555,-3.077,1.500
5.731,-3.145,1.500
5.757,-3.130,1.500
5.583,-3.007,1.500
5.617,-2.997,1.500
5.599,-2.959,1.500
5.640,-2.953,1.500
5.817,-3.016,1.500
5.656,-2.904,1.500
5.667,-2.882,1.500
5.686,-2.864,1.500
5.857,-2.921,1.500
5.701,-2.815,1.500
5.689,-2.782,1.500
5.708,-2.763,1.500
5.734,-2.748,1.500
5.920,-2.809,1.500
5.755,-2.703,1.500
5.758,-2.677,1.500
5.776,-2.657,1.500
5.787,-2.635,1.500
5.812,-2.619,1.500
5.977,-2.665,1.500
5.825,-2.570,1.500
5.998,-2.618,1.500
5.868,-2.534,1.500
5.847,-2.498,1.500
5.849,-2.471,1.500
5.866,-2.452,1.500
5.884,-2.432,1.500
5.908,-2.415,1.500
5.903,-2.385,1.500
5.927,-2.368,1.500
5.906,-2.333,1.500
5.899,-2.304,1.500
5.939,-2.292,1.500
5.941,-2.266,1.500
6.003,-2.263,1.500
6.111,-2.276,1.500
5.967,-2.196,1.500
5.983,-2.175,1.500
5.984,-2.149,1.500
5.992,-2.126,1.500
5.977,-2.094,1.500
6.009,-2.078,1.500
6.033,-2.060,1.500
6.009,-2.026,1.500
6.033,-2.007,1.500
6.025,-1.979,1.500
6.226,-2.017,1.500
6.048,-1.934,1.500
6.048,-1.907,1.500
6.242,-1.942,1.500
6.079,-1.865,1.500
6.094,-1.843,1.500
6.302,-1.879,1.500
6.100,-1.793,1.500
6.271,-1.817,1.500
6.106,-1.743,1.500
6.113,-1.719,1.500
6.127,-1.697,1.500
6.126,-1.671,1.500
6.141,-1.649,1.500
6.327,-1.672,1.500
6.153,-1.600,1.500
6.160,-1.576,1.500
6.354,-1.600,1.500
6.180,-1.530,1.500
6.178,-1.504,1.500
6.167,-1.475,1.500
6.181,-1.453,1.500
6.354,-1.467,1.500
6.375,-1.446,1.500
6.165,-1.373,1.500
6.228,-1.361,1.500
6.217,-1.333,1.500
6.230,-1.311,1.500
6.227,-1.284,1.500
6.224,-1.258,1.500
6.245,-1.237,1.500
6.258,-1.214,1.500
6.246,-1.186,1.500
6.427,-1.195,1.500
6.264,-1.139,1.500
6.227,-1.107,1.500
6.207,-1.078,1.500
6.285,-1.066,1.500
6.281,-1.040,1.500
6.293,-1.017,1.500
6.480,-1.021,1.500
6.293,-0.966,1.500
6.288,-0.940,1.500
6.292,-0.916,1.500
6.287,-0.890,1.500
6.315,-0.868,1.500
6.503,-0.868,1.500
6.305,-0.817,1.500
6.292,-0.790,1.500
6.312,-0.767,1.500
6.500,-0.764,1.500
6.334,-0.719,1.500
6.506,-0.713,1.500
6.323,-0.668,1.500
6.326,-0.643,1.500
6.336,-0.619,1.500
6.330,-0.593,1.500
6.341,-0.569,1.500
6.343,-0.544,1.500
6.345,-0.519,1.500
6.347,-0.494,1.500
6.349,-0.469,1.500
6.529,-0.457,1.500
6.353,-0.420,1.500
6.354,-0.395,1.500
6.347,-0.369,1.500
6.349,-0.344,1.500
6.358,-0.320,1.500
6.514,-0.302,1.500
6.352,-0.269,1.500
6.353,-0.245,1.500
6.354,-0.220,1.500
6.355,-0.195,1.500
6.542,-0.175,1.500
6.348,-0.144,1.500
6.365,-0.120,1.500
6.390,-0.095,1.500
6.349,-0.070,1.500
6.350,-0.045,1.500
6.358,-0.020,1.500
6.223,0.005,2.000
6.274,0.030,2.000
6.432,0.056,2.000
6.274,0.079,2.000
6.188,0.102,2.000
6.281,0.128,2.000
6.289,0.153,2.000
6.486,0.184,2.000
6.203,0.200,2.000
6.312,0.228,2.000
6.303,0.253,2.000
6.442,0.284,2.000
6.275,0.301,2.000
6.283,0.326,2.000
6.298,0.352,2.000
6.280,0.375,2.000
6.287,0.401,2.000
6.277,0.425,2.000
6.448,0.462,2.000
6.265,0.473,2.000
6.280,0.499,2.000
6.269,0.523,2.000
6.242,0.546,2.000
6.257,0.572,2.000
6.280,0.599,2.000
6.252,0.621,2.000
6.291,0.650,2.000
6.230,0.668,2.000
6.449,0.717,2.000
6.283,0.724,2.000
6.435,0.767,2.000
6.244,0.769,2.000
6.241,0.794,2.000
6.229,0.817,2.000
6.414,0.867,2.000
6.248,0.869,2.000
6.236,0.893,2.000
6.148,0.905,2.000
6.220,0.940,2.000
6.412,0.995,2.000
6.246,0.995,2.000
6.209,1.014,2.000
6.205,1.038,2.000
6.201,1.062,2.000
6.163,1.081,2.000
6.201,1.113,2.000
6.382,1.171,2.000
6.183,1.160,2.000
6.170,1.182,2.000
6.166,1.207,2.000
6.186,1.236,2.000
6.140,1.252,2.000
6.321,1.314,2.000
6.154,1.305,2.000
6.149,1.329,2.000
6.119,1.348,2.000
6.130,1.376,2.000
6.075,1.388,2.000
6.103,1.420,2.000
6.146,1.455,2.000
6.091,1.468,2.000
6.118,1.500,2.000
6.113,1.524,2.000
6.041,1.531,2.000
6.276,1.617,2.000
6.262,1.639,2.000
6.080,1.617,2.000
6.065,1.639,2.000
6.059,1.663,2.000
6.235,1.738,2.000
5.988,1.694,2.000
6.055,1.739,2.000
6.048,1.763,2.000
6.184,1.828,2.000
6.042,1.812,2.000
6.208,1.889,2.000
6.003,1.852,2.000
5.923,1.853,2.000
6.005,1.905,2.000
5.957,1.915,2.000
6.139,2.000,2.000
5.934,1.959,2.000
6.092,2.038,2.000
5.902,2.000,2.000
5.878,2.018,2.000
5.886,2.047,2.000
5.934,2.089,2.000
5.926,2.113,2.000
5.878,2.122,2.000
5.837,2.133,2.000
5.908,2.185,2.000
5.820,2.179,2.000
5.883,2.229,2.000
6.044,2.317,2.000
5.858,2.272,2.000
5.777,2.267,2.000
5.840,2.318,2.000
6.007,2.411,2.000
5.766,2.341,2.000
5.765,2.367,2.000
5.739,2.383,2.000
5.730,2.405,2.000
5.705,2.421,2.000
5.911,2.536,2.000
5.953,2.582,2.000
5.762,2.526,2.000
5.760,2.552,2.000
5.664,2.536,2.000
5.638,2.551,2.000
5.714,2.613,2.000
5.649,2.610,2.000
5.739,2.679,2.000
5.629,2.654,2.000
5.610,2.673,2.000
5.654,2.721,2.000
5.605,2.724,2.000
5.594,2.746,2.000
5.568,2.761,2.000
5.557,2.782,2.000
5.546,2.804,2.000
5.550,2.834,2.000
5.547,2.859,2.000
5.505,2.865,2.000
5.501,2.891,2.000
5.459,2.896,2.000
5.463,2.926,2.000
5.593,3.024,2.000
5.463,2.981,2.000
5.443,2.998,2.000
5.431,3.020,2.000
5.420,3.041,2.000
5.408,3.062,2.000
5.403,3.088,2.000
5.391,3.109,2.000
5.379,3.130,2.000
5.381,3.160,2.000
5.354,3.172,2.000
5.514,3.296,2.000
5.321,3.210,2.000
5.294,3.222,2.000
5.296,3.252,2.000
5.291,3.277,2.000
5.270,3.293,2.000
5.257,3.314,2.000
5.421,3.447,2.000
5.246,3.364,2.000
5.218,3.375,2.000
5.205,3.396,2.000
5.220,3.435,2.000
5.346,3.548,2.000
5.157,3.452,2.000
5.311,3.585,2.000
5.137,3.497,2.000
5.109,3.508,2.000
5.116,3.543,2.000
5.095,3.558,2.000
5.102,3.592,2.000
5.067,3.598,2.000
5.011,3.587,2.000
5.067,3.657,2.000
5.038,3.667,2.000
5.179,3.801,2.000
5.009,3.707,2.000
4.995,3.726,2.000
4.966,3.736,2.000
4.965,3.765,2.000
4.944,3.780,2.000
4.922,3.794,2.000
4.907,3.813,2.000
4.899,3.838,2.000
4.877,3.852,2.000
4.862,3.871,2.000
5.016,4.026,2.000
4.845,3.919,2.000
4.816,3.928,2.000
4.774,3.925,2.000
4.908,4.068,2.000
4.789,4.001,2.000
4.780,4.025,2.000
4.885,4.146,2.000
4.729,4.046,2.000
4.713,4.064,2.000
4.697,4.083,2.000
4.668,4.090,2.000
4.658,4.114,2.000
4.642,4.132,2.000
4.632,4.156,2.000
4.622,4.180,2.000
4.742,4.322,2.000
4.576,4.204,2.000
4.566,4.228,2.000
4.543,4.240,2.000
4.570,4.299,2.000
4.510,4.276,2.000
4.499,4.299,2.000
4.482,4.317,2.000
4.453,4.323,2.000
4.436,4.340,2.000
4.394,4.333,2.000
4.408,4.381,2.000
4.397,4.404,2.000
4.515,4.558,2.000
4.344,4.420,2.000
4.332,4.443,2.000
4.327,4.473,2.000
4.437,4.623,2.000
4.292,4.507,2.000
4.262,4.511,2.000
4.285,4.571,2.000
4.232,4.550,2.000
4.215,4.567,2.000
4.197,4.584,2.000
4.167,4.587,2.000
4.166,4.623,2.000
4.276,4.783,2.000
4.118,4.643,2.000
4.117,4.678,2.000
4.193,4.802,2.000
4.080,4.710,2.000
4.056,4.720,2.000
4.038,4.736,2.000
4.143,4.898,2.000
3.978,4.741,2.000
4.084,4.906,2.000
3.963,4.798,2.000
3.938,4.807,2.000
3.925,4.829,2.000
4.027,4.995,2.000
3.887,4.860,2.000
3.868,4.875,2.000
3.822,4.857,2.000
3.835,4.912,2.000
3.805,4.914,2.000
3.893,5.069,2.000
3.787,4.971,2.000
3.868,5.119,2.000
3.732,4.980,2.000
3.713,4.994,2.000
3.758,5.097,2.000
3.787,5.179,2.000
3.643,5.024,2.000
3.779,5.255,2.000
3.599,5.045,2.000
3.604,5.094,2.000
3.574,5.095,2.000
3.631,5.219,2.000
3.529,5.115,2.000
3.514,5.136,2.000
3.459,5.100,2.000
3.439,5.114,2.000
3.414,5.120,2.000
3.409,5.155,2.000
3.369,5.139,2.000
3.349,5.152,2.000
3.334,5.173,2.000
3.313,5.186,2.000
3.284,5.184,2.000
3.272,5.212,2.000
3.252,5.224,2.000
3.326,5.390,2.000
3.197,5.227,2.000
3.186,5.255,2.000
3.165,5.267,2.000
3.144,5.280,2.000
3.124,5.292,2.000
3.098,5.297,2.000
3.086,5.324,2.000
3.057,5.321,2.000
3.040,5.341,2.000
3.015,5.345,2.000
2.998,5.364,2.000
2.964,5.353,2.000
3.050,5.560,2.000
2.922,5.376,2.000
3.010,5.591,2.000
2.880,5.399,2.000
2.871,5.433,2.000
2.849,5.445,2.000
2.828,5.456,2.000
2.807,5.467,2.000
2.789,5.486,2.000
2.767,5.497,2.000
2.750,5.515,2.000
2.740,5.549,2.000
2.679,5.481,2.000
2.681,5.539,2.000
2.644,5.518,2.000
2.732,5.760,2.000
2.612,5.563,2.000
2.579,5.549,2.000
2.571,5.591,2.000
2.546,5.593,2.000
2.520,5.595,2.000
2.488,5.581,2.000
2.576,5.840,2.000
2.461,5.640,2.000
2.439,5.650,2.000
2.420,5.667,2.000
2.388,5.653,2.000
2.379,5.694,2.000
2.347,5.679,2.000
2.405,5.886,2.000
2.292,5.673,2.000
2.352,5.889,2.000
2.251,5.699,2.000
2.232,5.716,2.000
2.196,5.692,2.000
2.266,5.941,2.000
2.161,5.734,2.000
2.213,5.943,2.000
2.128,5.784,2.000
2.081,5.726,2.000
2.074,5.775,2.000
2.054,5.792,2.000
2.096,5.985,2.000
2.011,5.816,2.000
1.983,5.807,2.000
1.960,5.815,2.000
1.926,5.789,2.000
1.919,5.847,2.000
1.888,5.829,2.000
1.933,6.048,2.000
1.861,5.902,2.000
1.827,5.876,2.000
1.781,5.808,2.000
1.781,5.891,2.000
1.733,5.813,2.000
1.713,5.828,2.000
1.709,5.903,2.000
1.686,5.909,2.000
1.641,5.840,2.000
1.621,5.854,2.000
1.600,5.869,2.000
1.575,5.867,2.000
1.552,5.873,2.000
1.587,6.105,2.000
1.501,5.868,2.000
1.529,6.076,2.000
1.470,5.940,2.000
1.436,5.903,2.000
1.421,5.943,2.000
1.429,6.083,2.000
1.366,5.919,2.000
1.385,6.111,2.000
1.320,5.930,2.000
1.295,5.926,2.000
1.273,5.940,2.000
1.246,5.927,2.000
1.228,5.958,2.000
1.239,6.133,2.000
1.182,5.968,2.000
1.193,6.151,2.000
1.133,5.968,2.000
1.106,5.955,2.000
1.084,5.968,2.000
1.061,5.972,2.000
1.044,6.011,2.000
1.014,5.980,2.000
0.993,6.002,2.000
0.998,6.177,2.000
0.946,6.010,2.000
0.953,6.210,2.000
0.896,5.999,2.000
0.874,6.011,2.000
0.881,6.229,2.000
0.826,6.009,2.000
0.803,6.021,2.000
0.781,6.033,2.000
0.753,6.001,2.000
0.733,6.039,2.000
0.727,6.189,2.000
0.690,6.080,2.000
0.661,6.039,2.000
0.655,6.206,2.000
0.614,6.044,2.000
0.609,6.245,2.000
0.566,6.048,2.000
0.543,6.059,2.000
0.519,6.052,2.000
0.513,6.270,2.000
0.473,6.083,2.000
0.461,6.249,2.000
0.425,6.078,2.000
0.400,6.062,2.000
0.376,6.063,2.000
0.363,6.255,2.000
0.329,6.075,2.000
0.303,6.031,2.000
0.281,6.068,2.000
0.265,6.260,2.000
0.234,6.088,2.000
0.217,6.287,2.000
0.184,6.036,2.000
0.161,6.064,2.000
0.142,6.264,2.000
0.114,6.074,2.000
0.090,6.047,2.000
0.066,6.065,2.000
0.042,6.101,2.000
0.018,6.084,2.000
-0.005,6.075,2.000
-0.029,6.075,2.000
-0.055,6.249,2.000
-0.077,6.065,2.000
-0.101,6.074,2.000
-0.125,6.073,2.000
-0.148,6.064,2.000
-0.172,6.063,2.000
-0.197,6.080,2.000
-0.227,6.270,2.000
-0.243,6.052,2.000
-0.268,6.078,2.000
-0.291,6.059,2.000
-0.314,6.040,2.000
-0.340,6.074,2.000
-0.363,6.064,2.000
-0.402,6.304,2.000
-0.410,6.052,2.000
-0.438,6.103,2.000
-0.458,6.048,2.000
-0.479,6.020,2.000
-0.507,6.062,2.000
-0.527,6.025,2.000
-0.569,6.214,2.000
-0.575,6.029,2.000
-0.626,6.294,2.000
-0.630,6.095,2.000
-0.670,6.238,2.000
-0.670,6.020,2.000
-0.697,6.044,2.000
-0.718,6.023,2.000
-0.740,6.003,2.000
-0.767,6.026,2.000
-0.792,6.032,2.000
-0.841,6.218,2.000
-0.838,6.017,2.000
-0.861,6.013,2.000
-0.885,6.010,2.000
-0.909,6.006,2.000
-0.932,6.003,2.000
-0.987,6.196,2.000
-0.978,5.986,2.000
-1.003,5.991,2.000
-1.028,5.996,2.000
-1.050,5.983,2.000
-1.109,6.176,2.000
-1.098,5.984,2.000
-1.120,5.970,2.000
-1.140,5.949,2.000
-1.171,5.979,2.000
-1.228,6.144,2.000
-1.216,5.961,2.000
-1.276,6.134,2.000
-1.263,5.951,2.000
-1.282,5.929,2.000
-1.307,5.932,2.000
-1.369,6.097,2.000
-1.354,5.922,2.000
-1.385,5.951,2.000
-1.398,5.902,2.000
-1.434,5.949,2.000
-1.442,5.883,2.000
-1.470,5.894,2.000
-1.491,5.880,2.000
-1.516,5.882,2.000
-1.541,5.885,2.000
-1.565,5.879,2.000
-1.635,6.049,2.000
-1.606,5.849,2.000
-1.683,6.036,2.000
-1.659,5.862,2.000
-1.687,5.873,2.000
-1.698,5.823,2.000
-1.721,5.817,2.000
-1.796,5.985,2.000
-1.756,5.769,2.000
-1.789,5.796,2.000
-1.809,5.780,2.000
-1.837,5.790,2.000
-1.857,5.775,2.000
-1.885,5.784,2.000
-1.871,5.666,2.000
-1.931,5.769,2.000
-1.922,5.668,2.000
-1.973,5.745,2.000
-1.987,5.712,2.000
-2.012,5.713,2.000
-2.038,5.713,2.000
-2.063,5.714,2.000
-2.154,5.893,2.000
-2.120,5.730,2.000
-2.200,5.876,2.000
-2.149,5.672,2.000
-2.184,5.697,2.000
-2.174,5.605,2.000
-2.219,5.655,2.000
-2.315,5.832,2.000
-2.260,5.629,2.000
-2.286,5.628,2.000
-2.260,5.502,2.000
-2.302,5.544,2.000
-2.352,5.601,2.000
-2.374,5.592,2.000
-2.389,5.566,2.000
-2.470,5.693,2.000
-2.407,5.489,2.000
-2.515,5.674,2.000
-2.483,5.544,2.000
-2.483,5.485,2.000
-2.523,5.516,2.000
-2.518,5.449,2.000
-2.528,5.415,2.000
-2.588,5.486,2.000
-2.666,5.595,2.000
-2.654,5.513,2.000
-2.621,5.391,2.000
-2.670,5.437,2.000
-2.671,5.386,2.000
-2.692,5.376,2.000
-2.709,5.357,2.000
-2.734,5.354,2.000
-2.743,5.319,2.000
-2.764,5.308,2.000
-2.785,5.298,2.000
-2.929,5.520,2.000
-2.843,5.307,2.000
-2.855,5.280,2.000
-2.872,5.261,2.000
-2.897,5.258,2.000
-2.913,5.238,2.000
-2.942,5.243,2.000
-2.959,5.223,2.000
-2.993,5.235,2.000
-3.097,5.368,2.000
-3.020,5.188,2.000
-3.045,5.184,2.000
-3.155,5.324,2.000
-3.081,5.152,2.000
-3.101,5.140,2.000
-3.131,5.143,2.000
-3.151,5.131,2.000
-3.166,5.111,2.000
-3.280,5.248,2.000
-3.206,5.086,2.000
-3.221,5.065,2.000
-3.236,5.045,2.000
-3.251,5.025,2.000
-3.276,5.020,2.000
-3.300,5.014,2.000
-3.300,4.971,2.000
-3.330,4.973,2.000
-3.364,4.982,2.000
-3.399,4.992,2.000
-3.503,5.102,2.000
-3.533,5.102,2.000
-3.442,4.929,2.000
-3.456,4.908,2.000
-3.476,4.894,2.000
-3.495,4.881,2.000
-3.519,4.874,2.000
-3.512,4.824,2.000
-3.552,4.839,2.000
-3.692,4.988,2.000
-3.611,4.840,2.000
-3.609,4.797,2.000
-3.655,4.819,2.000
-3.641,4.761,2.000
-3.665,4.754,2.000
-3.678,4.733,2.000
-3.702,4.725,2.000
-3.841,4.863,2.000
-3.739,4.696,2.000
-3.863,4.813,2.000
-3.748,4.631,2.000
-3.777,4.631,2.000
-3.801,4.623,2.000
-3.960,4.778,2.000
-3.974,4.756,2.000
-3.861,4.585,2.000
-3.891,4.583,2.000
-3.897,4.554,2.000
-3.915,4.539,2.000
-3.927,4.517,2.000
-3.950,4.508,2.000
-3.974,4.499,2.000
-3.992,4.483,2.000
-4.015,4.475,2.000
-4.116,4.551,2.000
-3.989,4.375,2.000
-4.006,4.360,2.000
-4.023,4.344,2.000
-4.053,4.342,2.000
-4.057,4.312,2.000
-4.222,4.453,2.000
-4.085,4.274,2.000
-4.082,4.237,2.000
-4.124,4.248,2.000
-4.173,4.265,2.000
-4.171,4.229,2.000
-4.161,4.186,2.000
-4.197,4.189,2.000
-4.366,4.324,2.000
-4.243,4.169,2.000
-4.272,4.165,2.000
-4.436,4.290,2.000
-4.292,4.119,2.000
-4.469,4.256,2.000
-4.277,4.040,2.000
-4.340,4.068,2.000
-4.389,4.082,2.000
-4.392,4.052,2.000
-4.421,4.047,2.000
-4.403,3.999,2.000
-4.419,3.982,2.000
-4.568,4.084,2.000
-4.450,3.947,2.000
-4.627,4.071,2.000
-4.467,3.900,2.000
-4.503,3.900,2.000
-4.470,3.841,2.000
-4.527,3.859,2.000
-4.521,3.823,2.000
-4.688,3.933,2.000
-4.558,3.794,2.000
-4.587,3.787,2.000
-4.740,3.883,2.000
-4.609,3.745,2.000
-4.645,3.744,2.000
-4.624,3.698,2.000
-4.653,3.691,2.000
-4.823,3.794,2.000
-4.682,3.654,2.000
-4.845,3.751,2.000
-4.696,3.606,2.000
-4.725,3.599,2.000
-4.896,3.699,2.000
-4.746,3.556,2.000
-4.700,3.493,2.000
-4.766,3.513,2.000
-4.795,3.505,2.000
-4.925,3.571,2.000
-4.822,3.467,2.000
-4.989,3.558,2.000
-4.886,3.456,2.000
-4.922,3.452,2.000
-5.066,3.524,2.000
-4.927,3.398,2.000
-4.947,3.384,2.000
-4.915,3.334,2.000
-4.921,3.309,2.000
-5.062,3.375,2.000
-4.947,3.270,2.000
-4.952,3.246,2.000
-4.965,3.226,2.000
-4.993,3.217,2.000
-5.164,3.299,2.000
-4.987,3.158,2.000
-5.190,3.258,2.000
-5.043,3.138,2.000
-5.047,3.113,2.000
-5.028,3.074,2.000
-5.103,3.093,2.000
-5.260,3.160,2.000
-5.095,3.034,2.000
-5.139,3.032,2.000
-5.135,3.003,2.000
-5.131,2.973,2.000
-5.206,2.990,2.000
-5.287,3.009,2.000
-5.181,2.922,2.000
-5.209,2.910,2.000
-5.204,2.881,2.000
-5.207,2.856,2.000
-5.399,2.934,2.000
-5.246,2.824,2.000
-5.265,2.808,2.000
-5.252,2.774,2.000
-5.271,2.758,2.000
-5.472,2.836,2.000
-5.483,2.814,2.000
-5.303,2.695,2.000
-5.321,2.679,2.000
-5.315,2.650,2.000
-5.318,2.625,2.000
-5.344,2.612,2.000
-5.555,2.688,2.000
-5.348,2.562,2.000
-5.375,2.549,2.000
-5.360,2.516,2.000
-5.403,2.510,2.000
-5.615,2.582,2.000
-5.439,2.475,2.000
-5.457,2.458,2.000
-5.425,2.418,2.000
-5.418,2.389,2.000
-5.444,2.375,2.000
-5.453,2.353,2.000
-5.471,2.336,2.000
-5.513,2.328,2.000
-5.514,2.303,2.000
-5.515,2.278,2.000
-5.481,2.239,2.000
-5.524,2.231,2.000
-5.524,2.206,2.000
-5.732,2.263,2.000
-5.550,2.166,2.000
-5.584,2.154,2.000
-5.567,2.122,2.000
-5.767,2.173,2.000
-5.566,2.072,2.000
-5.574,2.050,2.000
-5.582,2.028,2.000
-5.564,1.997,2.000
-5.808,2.059,2.000
-5.606,1.962,2.000
-5.648,1.952,2.000
-5.638,1.924,2.000
-5.832,1.965,2.000
-5.627,1.871,2.000
-5.652,1.855,2.000
-5.685,1.841,2.000
-5.666,1.810,2.000
-5.665,1.785,2.000
-5.680,1.766,2.000
-5.859,1.796,2.000
-5.694,1.721,2.000
-5.701,1.699,2.000
-5.707,1.676,2.000
-5.714,1.654,2.000
-5.729,1.634,2.000
-5.735,1.611,2.000
-5.931,1.641,2.000
-5.757,1.569,2.000
-5.754,1.544,2.000
-5.733,1.514,2.000
-5.956,1.548,2.000
-5.763,1.474,2.000
-5.769,1.451,2.000
-5.783,1.431,2.000
-5.789,1.408,2.000
-5.768,1.379,2.000
-5.817,1.366,2.000
-5.867,1.354,2.000
-5.810,1.317,2.000
-5.833,1.298,2.000
-5.978,1.305,2.000
-6.000,1.286,2.000
-5.821,1.223,2.000
-5.826,1.201,2.000
-5.822,1.176,2.000
-5.826,1.153,2.000
-6.042,1.171,2.000
-6.029,1.144,2.000
-5.857,1.088,2.000
-5.871,1.066,2.000
-5.848,1.038,2.000
-5.924,1.028,2.000
-5.847,0.991,2.000
-6.080,1.006,2.000
-5.881,0.949,2.000
-6.079,0.957,2.000
-5.880,0.902,2.000
-5.883,0.879,2.000
-5.850,0.850,2.000
-5.899,0.834,2.000
-5.893,0.809,2.000
-5.905,0.787,2.000
-5.890,0.762,2.000
-5.893,0.739,2.000
-5.923,0.719,2.000
-6.129,0.719,2.000
-5.920,0.671,2.000
-6.126,0.670,2.000
-5.916,0.624,2.000
-5.927,0.601,2.000
-5.948,0.580,2.000
-5.913,0.553,2.000
-5.934,0.531,2.000
-5.927,0.507,2.000
-5.929,0.484,2.000
-6.161,0.479,2.000
-6.137,0.453,2.000
-5.934,0.414,2.000
-5.926,0.390,2.000
-5.937,0.368,2.000
-6.144,0.356,2.000
-5.949,0.321,2.000
-5.950,0.298,2.000
-5.915,0.273,2.000
-5.934,0.251,2.000
-5.935,0.227,2.000
-5.945,0.204,2.000
-5.982,0.182,2.000
-6.134,0.163,2.000
-5.956,0.134,2.000
-5.984,0.112,2.000
-5.948,0.087,2.000
-6.030,0.065,2.000
-5.939,0.041,2.000
-5.948,0.017,2.000
-5.976,-0.006,2.000
-6.145,-0.030,2.000
-5.921,-0.052,2.000
-5.957,-0.076,2.000
-5.957,-0.100,2.000
-6.109,-0.126,2.000
-5.947,-0.146,2.000
-5.946,-0.169,2.000
-6.177,-0.200,2.000
-5.954,-0.216,2.000
-5.934,-0.239,2.000
-5.952,-0.263,2.000
-5.896,-0.284,2.000
-5.959,-0.310,2.000
-6.144,-0.344,2.000
-5.938,-0.356,2.000
-5.973,-0.382,2.000
-6.148,-0.417,2.000
-5.951,-0.427,2.000
-5.904,-0.447,2.000
-5.911,-0.471,2.000
-5.928,-0.496,2.000
-6.139,-0.538,2.000
-5.914,-0.542,2.000
-5.921,-0.566,2.000
-5.910,-0.588,2.000
-5.917,-0.612,2.000
-6.101,-0.656,2.000
-5.921,-0.660,2.000
-5.900,-0.681,2.000
-5.888,-0.703,2.000
-5.904,-0.728,2.000
-5.901,-0.751,2.000
-5.907,-0.776,2.000
-5.886,-0.797,2.000
-5.910,-0.823,2.000
-5.861,-0.840,2.000
-5.903,-0.870,2.000
-6.093,-0.922,2.000
-6.098,-0.948,2.000
-5.874,-0.936,2.000
-5.880,-0.961,2.000
-5.858,-0.981,2.000
-5.881,-1.009,2.000
-6.070,-1.066,2.000
-6.057,-1.088,2.000
-5.868,-1.078,2.000
-5.846,-1.098,2.000
-5.833,-1.119,2.000
-5.837,-1.143,2.000
-5.851,-1.170,2.000
-6.047,-1.234,2.000
-5.815,-1.210,2.000
-5.819,-1.235,2.000
-5.823,-1.260,2.000
-5.845,-1.289,2.000
-5.831,-1.309,2.000
-5.799,-1.326,2.000
-5.776,-1.345,2.000
-6.022,-1.427,2.000
-5.774,-1.392,2.000
-5.777,-1.417,2.000
-5.771,-1.440,2.000
-5.775,-1.465,2.000
-5.760,-1.485,2.000
-5.745,-1.505,2.000
-5.766,-1.535,2.000
-5.777,-1.562,2.000
-5.771,-1.585,2.000
-5.919,-1.651,2.000
-5.750,-1.628,2.000
-5.726,-1.645,2.000
-5.711,-1.665,2.000
-5.695,-1.685,2.000
-5.706,-1.713,2.000
-5.699,-1.735,2.000
-5.838,-1.803,2.000
-5.650,-1.769,2.000
-5.661,-1.797,2.000
-5.671,-1.824,2.000
-5.664,-1.847,2.000
-5.631,-1.860,2.000
-5.727,-1.917,2.000
-5.633,-1.910,2.000
-5.634,-1.935,2.000
-5.812,-2.022,2.000
-5.610,-1.977,2.000
-5.628,-2.008,2.000
-5.780,-2.088,2.000
-5.587,-2.043,2.000
-5.553,-2.055,2.000
-5.562,-2.083,2.000
-5.746,-2.178,2.000
-5.537,-2.124,2.000
-5.605,-2.175,2.000
-5.546,-2.177,2.000
-5.554,-2.206,2.000
-5.528,-2.221,2.000
-5.519,-2.242,2.000
-5.502,-2.260,2.000
-5.468,-2.271,2.000
-5.493,-2.307,2.000
-5.640,-2.395,2.000
-5.424,-2.328,2.000
-5.431,-2.357,2.000
-5.405,-2.371,2.000
-5.438,-2.411,2.000
-5.395,-2.417,2.000
-5.394,-2.442,2.000
-5.564,-2.546,2.000
-5.546,-2.564,2.000
-5.373,-2.509,2.000
-5.338,-2.519,2.000
-5.361,-2.555,2.000
-5.335,-2.568,2.000
-5.526,-2.687,2.000
-5.314,-2.610,2.000
-5.312,-2.635,2.000
-5.335,-2.672,2.000
-5.259,-2.660,2.000
-5.281,-2.698,2.000
-5.237,-2.701,2.000
-5.260,-2.739,2.000
-5.249,-2.760,2.000
-5.466,-2.901,2.000
-5.211,-2.792,2.000
-5.216,-2.821,2.000
-5.197,-2.837,2.000
-5.194,-2.862,2.000
-5.198,-2.891,2.000
-5.351,-3.004,2.000
-5.168,-2.928,2.000
-5.156,-2.948,2.000
-5.308,-3.062,2.000
-5.133,-2.988,2.000
-5.113,-3.004,2.000
-5.085,-3.015,2.000
-5.081,-3.039,2.000
-5.069,-3.059,2.000
-5.249,-3.196,2.000
-5.221,-3.207,2.000
-5.017,-3.109,2.000
-5.028,-3.143,2.000
-5.024,-3.168,2.000
-5.027,-3.197,2.000
-4.999,-3.207,2.000
-5.144,-3.329,2.000
-4.966,-3.241,2.000
-4.945,-3.256,2.000
-4.948,-3.285,2.000
-4.927,-3.300,2.000
-4.907,-3.314,2.000
-4.886,-3.328,2.000
-4.888,-3.357,2.000
-4.852,-3.361,2.000
-4.861,-3.396,2.000
-4.833,-3.404,2.000
-4.835,-3.434,2.000
-4.821,-3.453,2.000
-4.946,-3.572,2.000
-4.801,-3.496,2.000
-4.780,-3.509,2.000
-4.766,-3.528,2.000
-4.752,-3.547,2.000
-4.738,-3.565,2.000
-4.746,-3.601,2.000
-4.909,-3.754,2.000
-4.696,-3.621,2.000
-4.675,-3.634,2.000
-4.668,-3.658,2.000
-4.653,-3.676,2.000
-4.639,-3.694,2.000
-4.785,-3.842,2.000
-4.602,-3.725,2.000
-4.588,-3.743,2.000
-4.601,-3.784,2.000
-4.572,-3.791,2.000
-4.557,-3.808,2.000
-4.549,-3.832,2.000
-4.541,-3.856,2.000
-4.662,-3.990,2.000
-4.476,-3.862,2.000
-4.454,-3.873,2.000
-4.425,-3.878,2.000
-4.451,-3.932,2.000
-4.429,-3.944,2.000
-4.406,-3.955,2.000
-4.391,-3.972,2.000
-4.368,-3.983,2.000
-4.512,-4.146,2.000
-4.323,-4.005,2.000
-4.314,-4.028,2.000
-4.319,-4.064,2.000
-4.303,-4.081,2.000
-4.280,-4.091,2.000
-4.284,-4.127,2.000
-4.254,-4.131,2.000
-4.218,-4.129,2.000
-4.208,-4.152,2.000
-4.225,-4.200,2.000
-4.189,-4.198,2.000
-4.217,-4.259,2.000
-4.282,-4.359,2.000
-4.133,-4.240,2.000
-4.296,-4.443,2.000
-4.131,-4.305,2.000
-4.082,-4.288,2.000
-4.091,-4.331,2.000
-4.092,-4.367,2.000
-4.232,-4.551,2.000
-4.015,-4.352,2.000
-3.997,-4.368,2.000
-3.962,-4.363,2.000
-4.036,-4.480,2.000
-3.982,-4.456,2.000
-3.928,-4.430,2.000
-3.971,-4.514,2.000
-3.953,-4.529,2.000
-4.062,-4.691,2.000
-4.044,-4.707,2.000
-3.888,-4.562,2.000
-3.882,-4.591,2.000
-3.858,-4.599,2.000
-3.805,-4.572,2.000
-3.951,-4.786,2.000
-3.926,-4.795,2.000
-3.796,-4.673,2.000
-3.755,-4.660,2.000
-3.743,-4.682,2.000
-3.736,-4.711,2.000
-3.711,-4.718,2.000
-3.687,-4.726,2.000
-3.674,-4.747,2.000
-3.774,-4.916,2.000
-3.765,-4.944,2.000
-3.602,-4.768,2.000
-3.615,-4.826,2.000
-3.580,-4.818,2.000
-3.567,-4.840,2.000
-3.652,-4.996,2.000
-3.642,-5.025,2.000
-3.520,-4.896,2.000
-3.485,-4.888,2.000
-3.466,-4.901,2.000
-3.452,-4.922,2.000
-3.417,-4.914,2.000
-3.518,-5.102,2.000
-3.383,-4.948,2.000
-3.369,-4.969,2.000
-3.344,-4.974,2.000
-3.345,-5.017,2.000
-3.300,-4.993,2.000
-3.290,-5.021,2.000
-3.281,-5.049,2.000
-3.375,-5.239,2.000
-3.236,-5.067,2.000
-3.206,-5.064,2.000
-3.191,-5.084,2.000
-3.176,-5.105,2.000
-3.170,-5.140,2.000
-3.131,-5.122,2.000
-3.116,-5.142,2.000
-3.195,-5.320,2.000
-3.071,-5.158,2.000
-3.166,-5.367,2.000
-3.025,-5.174,2.000
-3.005,-5.186,2.000
-3.003,-5.229,2.000
-2.969,-5.218,2.000
-3.048,-5.406,2.000
-2.932,-5.249,2.000
-2.898,-5.236,2.000
-2.886,-5.264,2.000
-2.870,-5.283,2.000
-2.832,-5.262,2.000
-2.820,-5.289,2.000
-2.803,-5.308,2.000
-2.873,-5.491,2.000
-2.762,-5.330,2.000
-2.736,-5.333,2.000
-2.819,-5.548,2.000
-2.694,-5.354,2.000
-2.677,-5.373,2.000
-2.652,-5.375,2.000
-2.635,-5.394,2.000
-2.614,-5.404,2.000
-2.695,-5.628,2.000
-2.655,-5.600,2.000
-2.550,-5.434,2.000
-2.529,-5.444,2.000
-2.492,-5.421,2.000
-2.486,-5.464,2.000
-2.464,-5.474,2.000
-2.522,-5.661,2.000
-2.421,-5.493,2.000
-2.403,-5.511,2.000
-2.371,-5.495,2.000
-2.349,-5.504,2.000
-2.331,-5.522,2.000
-2.395,-5.735,2.000
-2.288,-5.540,2.000
-2.269,-5.557,2.000
-2.244,-5.558,2.000
-2.222,-5.567,2.000
-2.201,-5.575,2.000
-2.265,-5.805,2.000
-2.153,-5.584,2.000
-2.210,-5.799,2.000
-2.184,-5.800,2.000
-2.087,-5.609,2.000
-2.069,-5.626,2.000
-2.056,-5.659,2.000
-2.027,-5.650,2.000
-2.070,-5.841,2.000
-2.030,-5.800,2.000
-1.958,-5.665,2.000
-2.018,-5.914,2.000
-1.978,-5.873,2.000
-1.894,-5.696,2.000
-1.899,-5.789,2.000
-1.852,-5.720,2.000
-1.824,-5.710,2.000
-1.804,-5.726,2.000
-1.837,-5.910,2.000
-1.780,-5.808,2.000
-1.755,-5.806,2.000
-1.716,-5.762,2.000
-1.709,-5.820,2.000
-1.686,-5.827,2.000
-1.706,-5.985,2.000
-1.643,-5.848,2.000
-1.620,-5.855,2.000
-1.592,-5.844,2.000
-1.625,-6.060,2.000
-1.553,-5.882,2.000
-1.530,-5.888,2.000
-1.504,-5.885,2.000
-1.481,-5.891,2.000
-1.456,-5.888,2.000
-1.482,-6.097,2.000
-1.408,-5.891,2.000
-1.391,-5.923,2.000
-1.367,-5.928,2.000
-1.342,-5.925,2.000
-1.326,-5.964,2.000
-1.288,-5.900,2.000
-1.314,-6.135,2.000
-1.247,-5.936,2.000
-1.224,-5.941,2.000
-1.242,-6.150,2.000
-1.187,-6.003,2.000
-1.190,-6.143,2.000
-1.166,-6.148,2.000
-1.110,-5.981,2.000
-1.085,-5.977,2.000
-1.066,-6.007,2.000
-1.038,-5.985,2.000
-1.013,-5.981,2.000
-0.989,-5.985,2.000
-0.964,-5.980,2.000
-0.975,-6.198,2.000
-0.920,-6.005,2.000
-0.891,-5.973,2.000
-0.900,-6.201,2.000
-0.847,-5.997,2.000
-0.825,-6.009,2.000
-0.800,-6.004,2.000
-0.778,-6.025,2.000
-0.755,-6.028,2.000
-0.731,-6.031,2.000
-0.704,-6.007,2.000
-0.684,-6.036,2.000
-0.660,-6.039,2.000
-0.637,-6.050,2.000
-0.633,-6.242,2.000
-0.591,-6.064,2.000
-0.563,-6.031,2.000
-0.544,-6.077,2.000
-0.517,-6.044,2.000
-0.510,-6.253,2.000
-0.470,-6.056,2.000
-0.446,-6.058,2.000
-0.422,-6.060,2.000
-0.399,-6.062,2.000
-0.375,-6.063,2.000
-0.364,-6.289,2.000
-0.327,-6.066,2.000
-0.303,-6.067,2.000
-0.279,-6.059,2.000
-0.256,-6.078,2.000
-0.239,-6.253,2.000
-0.206,-6.008,2.000
-0.184,-6.072,2.000
-0.160,-6.055,2.000
-0.137,-6.082,2.000
-0.117,-6.290,2.000
-0.089,-6.074,2.000
-0.065,-6.074,2.000
-0.041,-6.048,2.000
-0.017,-6.066,2.000
0.007,-6.075,2.000
0.031,-6.110,2.000
0.056,-6.308,2.000
0.078,-6.065,2.000
0.102,-6.083,2.000
0.126,-6.073,2.000
0.150,-6.064,2.000
0.174,-6.081,2.000
0.203,-6.237,2.000
0.222,-6.097,2.000
0.244,-6.034,2.000
0.269,-6.069,2.000
0.293,-6.068,2.000
0.319,-6.119,2.000
0.352,-6.273,2.000
0.364,-6.064,2.000
0.387,-6.044,2.000
0.411,-6.043,2.000
0.432,-6.006,2.000
0.464,-6.110,2.000
0.503,-6.305,2.000
0.513,-6.124,2.000
0.546,-6.225,2.000
0.555,-6.049,2.000
0.588,-6.143,2.000
0.600,-6.027,2.000
0.624,-6.025,2.000
0.650,-6.049,2.000
0.673,-6.037,2.000
0.697,-6.035,2.000
0.722,-6.041,2.000
0.753,-6.099,2.000
0.769,-6.035,2.000
0.801,-6.093,2.000
0.821,-6.064,2.000
0.872,-6.256,2.000
0.858,-5.978,2.000
0.900,-6.105,2.000
0.920,-6.076,2.000
0.941,-6.055,2.000
0.998,-6.254,2.000
0.993,-6.073,2.000
1.017,-6.069,2.000
1.070,-6.234,2.000
1.066,-6.070,2.000
1.089,-6.057,2.000
1.109,-6.035,2.000
1.138,-6.057,2.000
1.158,-6.035,2.000
1.180,-6.022,2.000
1.206,-6.026,2.000
1.229,-6.021,2.000
1.253,-6.016,2.000
1.285,-6.054,2.000
1.345,-6.214,2.000
1.327,-6.018,2.000
1.339,-5.961,2.000
1.371,-5.990,2.000
1.400,-6.010,2.000
1.499,-6.322,2.000
1.443,-5.982,2.000
1.469,-5.985,2.000
1.497,-5.996,2.000
1.568,-6.179,2.000
1.530,-5.933,2.000
1.560,-5.953,2.000
1.641,-6.160,2.000
1.605,-5.932,2.000
1.623,-5.909,2.000
1.642,-5.885,2.000
1.677,-5.921,2.000
1.750,-6.087,2.000
1.723,-5.908,2.000
1.747,-5.901,2.000
1.765,-5.877,2.000
1.793,-5.887,2.000
1.811,-5.863,2.000
1.837,-5.864,2.000
1.919,-6.044,2.000
1.883,-5.850,2.000
1.903,-5.834,2.000
1.931,-5.843,2.000
1.940,-5.794,2.000
2.037,-6.005,2.000
2.003,-5.828,2.000
2.023,-5.812,2.000
2.043,-5.796,2.000
2.062,-5.779,2.000
2.158,-5.972,2.000
2.117,-5.788,2.000
2.204,-5.955,2.000
2.156,-5.755,2.000
2.188,-5.770,2.000
2.204,-5.746,2.000
2.224,-5.729,2.000
2.243,-5.712,2.000
2.269,-5.711,2.000
2.288,-5.694,2.000
2.307,-5.677,2.000
2.352,-5.724,2.000
2.430,-5.848,2.000
2.380,-5.665,2.000
2.466,-5.806,2.000
2.425,-5.647,2.000
2.450,-5.645,2.000
2.465,-5.619,2.000
2.491,-5.618,2.000
2.593,-5.787,2.000
2.528,-5.582,2.000
2.557,-5.588,2.000
2.568,-5.554,2.000
2.677,-5.730,2.000
2.707,-5.735,2.000
2.645,-5.547,2.000
2.670,-5.544,2.000
2.684,-5.518,2.000
2.698,-5.492,2.000
2.819,-5.681,2.000
2.757,-5.502,2.000
2.747,-5.428,2.000
2.792,-5.464,2.000
2.821,-5.469,2.000
2.831,-5.435,2.000
2.856,-5.431,2.000
2.873,-5.412,2.000
2.903,-5.416,2.000
2.932,-5.420,2.000
2.958,-5.416,2.000
3.004,-5.450,2.000
2.992,-5.378,2.000
3.093,-5.508,2.000
3.055,-5.392,2.000
3.094,-5.410,2.000
3.111,-5.390,2.000
3.233,-5.551,2.000
3.153,-5.365,2.000
3.169,-5.346,2.000
3.273,-5.470,2.000
3.220,-5.335,2.000
3.246,-5.330,2.000
3.262,-5.310,2.000
3.269,-5.275,2.000
3.295,-5.269,2.000
3.320,-5.264,2.000
3.340,-5.251,2.000
3.465,-5.400,2.000
3.477,-5.372,2.000
3.402,-5.211,2.000
3.423,-5.197,2.000
3.433,-5.170,2.000
3.458,-5.163,2.000
3.474,-5.143,2.000
3.513,-5.157,2.000
3.524,-5.129,2.000
3.654,-5.274,2.000
3.569,-5.108,2.000
3.579,-5.080,2.000
3.604,-5.073,2.000
3.629,-5.066,2.000
3.761,-5.208,2.000
3.669,-5.037,2.000
3.683,-5.016,2.000
3.703,-5.002,2.000
3.728,-4.994,2.000
3.853,-5.120,2.000
3.762,-4.958,2.000
3.781,-4.943,2.000
3.779,-4.901,2.000
3.825,-4.920,2.000
3.828,-4.884,2.000
3.853,-4.876,2.000
3.856,-4.841,2.000
3.913,-4.872,2.000
3.915,-4.837,2.000
3.929,-4.815,2.000
4.071,-4.949,2.000
3.967,-4.784,2.000
3.985,-4.768,2.000
3.993,-4.739,2.000
4.148,-4.884,2.000
4.053,-4.734,2.000
4.066,-4.712,2.000
4.084,-4.696,2.000
4.102,-4.679,2.000
4.121,-4.663,2.000
4.150,-4.660,2.000
4.140,-4.612,2.000
4.175,-4.614,2.000
4.205,-4.611,2.000
4.188,-4.556,2.000
4.229,-4.565,2.000
4.247,-4.548,2.000
4.397,-4.672,2.000
4.283,-4.515,2.000
4.301,-4.498,2.000
4.324,-4.487,2.000
4.336,-4.464,2.000
4.494,-4.590,2.000
4.506,-4.567,2.000
4.376,-4.400,2.000
4.381,-4.371,2.000
4.577,-4.531,2.000
4.440,-4.361,2.000
4.451,-4.337,2.000
4.486,-4.338,2.000
4.485,-4.302,2.000
4.502,-4.284,2.000
4.525,-4.273,2.000
4.529,-4.243,2.000
4.558,-4.237,2.000
4.716,-4.350,2.000
4.597,-4.207,2.000
4.601,-4.177,2.000
4.656,-4.193,2.000
4.615,-4.124,2.000
4.676,-4.145,2.000
4.673,-4.110,2.000
4.682,-4.086,2.000
4.756,-4.118,2.000
4.922,-4.228,2.000
4.908,-4.182,2.000
4.779,-4.040,2.000
4.833,-4.053,2.000
4.843,-4.029,2.000
4.800,-3.961,2.000
4.861,-3.980,2.000
4.993,-4.055,2.000
4.912,-3.958,2.000
4.927,-3.938,2.000
4.949,-3.924,2.000
4.945,-3.889,2.000
4.954,-3.864,2.000
4.975,-3.850,2.000
5.134,-3.941,2.000
5.092,-3.877,2.000
5.034,-3.801,2.000
5.022,-3.761,2.000
5.057,-3.757,2.000
5.051,-3.722,2.000
5.073,-3.707,2.000
5.228,-3.789,2.000
5.095,-3.662,2.000
5.123,-3.652,2.000
5.123,-3.622,2.000
5.144,-3.607,2.000
5.165,-3.591,2.000
5.329,-3.674,2.000
5.193,-3.551,2.000
5.207,-3.530,2.000
5.214,-3.505,2.000
5.235,-3.489,2.000
5.249,-3.469,2.000
5.427,-3.556,2.000
5.276,-3.427,2.000
5.268,-3.393,2.000
5.295,-3.381,2.000
5.316,-3.365,2.000
5.343,-3.353,2.000
5.320,-3.310,2.000
5.516,-3.401,2.000
5.310,-3.245,2.000
5.381,-3.260,2.000
5.386,-3.234,2.000
5.583,-3.323,2.000
5.360,-3.162,2.000
5.439,-3.179,2.000
5.444,-3.154,2.000
5.485,-3.149,2.000
5.461,-3.106,2.000
5.617,-3.166,2.000
5.609,-3.132,2.000
5.512,-3.050,2.000
5.517,-3.024,2.000
5.536,-3.007,2.000
5.525,-2.973,2.000
5.719,-3.048,2.000
5.724,-3.022,2.000
5.575,-2.915,2.000
5.495,-2.846,2.000
5.752,-2.951,2.000
5.601,-2.846,2.000
5.775,-2.906,2.000
5.623,-2.802,2.000
5.642,-2.783,2.000
5.645,-2.757,2.000
5.618,-2.717,2.000
5.690,-2.724,2.000
5.849,-2.772,2.000
5.860,-2.749,2.000
5.706,-2.650,2.000
5.709,-2.624,2.000
5.742,-2.612,2.000
5.706,-2.568,2.000
5.762,-2.567,2.000
5.741,-2.530,2.000
5.759,-2.511,2.000
5.777,-2.492,2.000
5.825,-2.486,2.000
5.788,-2.443,2.000
5.821,-2.430,2.000
5.807,-2.398,2.000
5.809,-2.371,2.000
5.842,-2.358,2.000
5.851,-2.335,2.000
6.043,-2.385,2.000
5.853,-2.283,2.000
5.917,-2.281,2.000
5.879,-2.240,2.000
5.888,-2.217,2.000
5.896,-2.194,2.000
5.881,-2.162,2.000
5.937,-2.156,2.000
5.922,-2.124,2.000
5.922,-2.098,2.000
5.954,-2.083,2.000
6.126,-2.116,2.000
6.119,-2.087,2.000
5.954,-2.005,2.000
5.978,-1.987,2.000
5.978,-1.961,2.000
6.166,-1.995,2.000
5.993,-1.914,2.000
5.984,-1.885,2.000
6.000,-1.864,2.000
6.023,-1.845,2.000
6.196,-1.872,2.000
6.227,-1.854,2.000
6.028,-1.769,2.000
6.011,-1.739,2.000
6.042,-1.722,2.000
6.049,-1.698,2.000
6.047,-1.672,2.000
6.062,-1.651,2.000
6.085,-1.631,2.000
6.258,-1.652,2.000
6.089,-1.581,2.000
6.087,-1.555,2.000
6.101,-1.533,2.000
6.107,-1.509,2.000
6.105,-1.483,2.000
6.319,-1.509,2.000
6.125,-1.437,2.000
6.122,-1.411,2.000
6.119,-1.386,2.000
6.141,-1.365,2.000
6.138,-1.339,2.000
6.313,-1.351,2.000
6.090,-1.279,2.000
6.154,-1.267,2.000
6.159,-1.243,2.000
6.163,-1.218,2.000
6.176,-1.196,2.000
6.206,-1.176,2.000
6.169,-1.144,2.000
6.182,-1.121,2.000
6.397,-1.135,2.000
6.215,-1.077,2.000
6.236,-1.056,2.000
6.386,-1.055,2.000
6.203,-1.000,2.000
6.207,-0.975,2.000
6.210,-0.951,2.000
6.410,-0.956,2.000
6.201,-0.900,2.000
6.238,-0.880,2.000
6.199,-0.850,2.000
6.261,-0.833,2.000
6.239,-0.806,2.000
6.234,-0.780,2.000
6.442,-0.780,2.000
6.248,-0.732,2.000
6.432,-0.728,2.000
6.254,-0.683,2.000
6.445,-0.678,2.000
6.293,-0.637,2.000
6.278,-0.611,2.000
6.256,-0.584,2.000
6.232,-0.557,2.000
6.268,-0.535,2.000
6.459,-0.526,2.000
6.213,-0.482,2.000
6.291,-0.463,2.000
6.457,-0.449,2.000
6.235,-0.409,2.000
6.271,-0.387,2.000
6.281,-0.363,2.000
6.423,-0.346,2.000
6.283,-0.314,2.000
6.268,-0.288,2.000
6.286,-0.264,2.000
6.287,-0.240,2.000
6.194,-0.212,2.000
6.263,-0.189,2.000
6.478,-0.170,2.000
6.306,-0.141,2.000
6.282,-0.116,2.000
6.299,-0.091,2.000
6.308,-0.067,2.000
6.299,-0.042,2.000
6.291,-0.017,2.000
6.101,0.007,2.500
6.145,0.031,2.500
6.154,0.056,2.500
6.162,0.080,2.500
6.136,0.104,2.500
6.340,0.132,2.500
6.314,0.156,2.500
6.134,0.176,2.500
6.133,0.200,2.500
6.141,0.224,2.500
6.158,0.249,2.500
6.148,0.273,2.500
6.173,0.298,2.500
6.308,0.330,2.500
6.127,0.345,2.500
6.134,0.369,2.500
6.124,0.393,2.500
6.131,0.417,2.500
6.138,0.442,2.500
6.119,0.465,2.500
6.371,0.509,2.500
6.278,0.526,2.500
6.113,0.537,2.500
6.128,0.562,2.500
6.135,0.587,2.500
6.097,0.608,2.500
6.104,0.633,2.500
6.322,0.680,2.500
6.116,0.683,2.500
6.096,0.705,2.500
6.110,0.731,2.500
6.116,0.756,2.500
6.096,0.778,2.500
6.279,0.826,2.500
6.081,0.824,2.500
6.281,0.876,2.500
6.091,0.874,2.500
6.105,0.901,2.500
6.270,0.950,2.500
6.072,0.945,2.500
6.077,0.970,2.500
6.065,0.992,2.500
6.295,1.056,2.500
6.065,1.042,2.500
6.052,1.064,2.500
6.048,1.088,2.500
6.052,1.113,2.500
6.048,1.137,2.500
6.268,1.204,2.500
6.039,1.184,2.500
6.026,1.206,2.500
6.046,1.235,2.500
6.007,1.252,2.500
6.062,1.288,2.500
6.165,1.335,2.500
5.984,1.320,2.500
6.004,1.350,2.500
6.190,1.417,2.500
5.976,1.393,2.500
5.962,1.414,2.500
5.991,1.446,2.500
6.167,1.514,2.500
5.971,1.491,2.500
6.138,1.558,2.500
6.132,1.582,2.500
5.936,1.557,2.500
5.938,1.582,2.500
5.940,1.608,2.500
6.123,1.683,2.500
5.902,1.647,2.500
5.921,1.678,2.500
5.914,1.701,2.500
5.907,1.724,2.500
6.081,1.800,2.500
6.073,1.824,2.500
5.895,1.796,2.500
5.871,1.814,2.500
5.864,1.837,2.500
5.857,1.860,2.500
6.044,1.946,2.500
5.859,1.911,2.500
5.851,1.934,2.500
5.827,1.952,2.500
5.819,1.975,2.500
5.997,2.061,2.500
5.787,2.015,2.500
5.812,2.049,2.500
5.965,2.129,2.500
5.771,2.086,2.500
5.771,2.111,2.500
5.771,2.137,2.500
5.763,2.160,2.500
5.754,2.182,2.500
5.737,2.202,2.500
5.720,2.221,2.500
5.752,2.259,2.500
5.695,2.263,2.500
5.694,2.288,2.500
5.867,2.385,2.500
5.684,2.336,2.500
5.683,2.362,2.500
5.673,2.384,2.500
5.837,2.480,2.500
5.646,2.425,2.500
5.629,2.444,2.500
5.619,2.466,2.500
5.625,2.495,2.500
5.616,2.517,2.500
5.784,2.620,2.500
5.596,2.561,2.500
5.570,2.576,2.500
5.575,2.605,2.500
5.557,2.623,2.500
5.555,2.649,2.500
5.706,2.748,2.500
5.642,2.745,2.500
5.515,2.710,2.500
5.688,2.823,2.500
5.502,2.757,2.500
5.483,2.775,2.500
5.480,2.801,2.500
5.438,2.806,2.500
5.458,2.843,2.500
5.439,2.861,2.500
5.420,2.878,2.500
5.401,2.895,2.500
5.389,2.916,2.500
5.393,2.946,2.500
5.397,2.975,2.500
5.370,2.988,2.500
5.366,3.013,2.500
5.524,3.131,2.500
5.342,3.056,2.500
5.330,3.077,2.500
5.318,3.097,2.500
5.298,3.114,2.500
5.301,3.144,2.500
5.442,3.256,2.500
5.436,3.282,2.500
5.256,3.201,2.500
5.213,3.203,2.500
5.223,3.238,2.500
5.218,3.263,2.500
5.212,3.288,2.500
5.192,3.304,2.500
5.172,3.319,2.500
5.302,3.433,2.500
5.131,3.350,2.500
5.103,3.361,2.500
5.119,3.400,2.500
5.105,3.420,2.500
5.106,3.450,2.500
5.241,3.571,2.500
5.072,3.485,2.500
5.073,3.515,2.500
5.044,3.525,2.500
5.031,3.545,2.500
5.009,3.559,2.500
4.988,3.574,2.500
5.086,3.674,2.500
4.960,3.613,2.500
4.953,3.638,2.500
4.932,3.652,2.500
4.903,3.661,2.500
4.818,3.626,2.500
5.058,3.839,2.500
4.818,3.686,2.500
4.859,3.748,2.500
4.795,3.729,2.500
4.781,3.748,2.500
4.787,3.783,2.500
4.806,3.829,2.500
4.757,3.820,2.500
4.728,3.828,2.500
4.854,3.962,2.500
4.684,3.854,2.500
4.676,3.878,2.500
4.668,3.902,2.500
4.659,3.926,2.500
4.650,3.950,2.500
4.615,3.951,2.500
4.731,4.082,2.500
4.583,3.987,2.500
4.548,3.987,2.500
4.539,4.011,2.500
4.685,4.173,2.500
4.527,4.064,2.500
4.504,4.076,2.500
4.636,4.228,2.500
4.472,4.111,2.500
4.463,4.135,2.500
4.440,4.146,2.500
4.417,4.157,2.500
4.394,4.169,2.500
4.510,4.313,2.500
4.368,4.209,2.500
4.351,4.226,2.500
4.477,4.383,2.500
4.318,4.260,2.500
4.301,4.277,2.500
4.291,4.300,2.500
4.414,4.459,2.500
4.250,4.328,2.500
4.227,4.338,2.500
4.223,4.367,2.500
4.193,4.371,2.500
4.188,4.400,2.500
4.171,4.417,2.500
4.284,4.572,2.500
4.136,4.449,2.500
4.125,4.472,2.500
4.101,4.482,2.500
4.101,4.517,2.500
4.072,4.520,2.500
4.209,4.710,2.500
4.162,4.695,2.500
3.995,4.541,2.500
3.977,4.557,2.500
3.976,4.593,2.500
3.981,4.635,2.500
3.963,4.651,2.500
3.939,4.659,2.500
3.904,4.654,2.500
4.013,4.823,2.500
3.861,4.678,2.500
3.975,4.854,2.500
3.808,4.687,2.500
3.823,4.744,2.500
3.776,4.724,2.500
3.780,4.767,2.500
3.761,4.782,2.500
3.731,4.782,2.500
3.840,4.962,2.500
3.699,4.819,2.500
3.680,4.833,2.500
3.792,5.020,2.500
3.642,4.862,2.500
3.623,4.876,2.500
3.625,4.919,2.500
3.585,4.904,2.500
3.687,5.087,2.500
3.530,4.911,2.500
3.521,4.939,2.500
3.507,4.960,2.500
3.483,4.966,2.500
3.463,4.980,2.500
3.449,5.001,2.500
3.542,5.179,2.500
3.404,5.021,2.500
3.389,5.041,2.500
3.374,5.062,2.500
3.350,5.068,2.500
3.325,5.073,2.500
3.305,5.086,2.500
3.295,5.114,2.500
3.275,5.127,2.500
3.278,5.177,2.500
3.225,5.138,2.500
3.209,5.158,2.500
3.189,5.170,2.500
3.164,5.175,2.500
3.144,5.188,2.500
3.231,5.379,2.500
3.209,5.391,2.500
3.082,5.224,2.500
3.057,5.229,2.500
3.037,5.241,2.500
3.007,5.237,2.500
2.951,5.186,2.500
3.082,5.465,2.500
2.958,5.295,2.500
2.912,5.260,2.500
2.874,5.240,2.500
2.866,5.275,2.500
2.845,5.286,2.500
2.928,5.491,2.500
2.804,5.308,2.500
2.787,5.327,2.500
2.762,5.330,2.500
2.741,5.341,2.500
2.716,5.343,2.500
2.711,5.386,2.500
2.686,5.389,2.500
2.750,5.573,2.500
2.713,5.553,2.500
2.614,5.404,2.500
2.601,5.430,2.500
2.655,5.600,2.500
2.551,5.434,2.500
2.525,5.436,2.500
2.496,5.429,2.500
2.483,5.456,2.500
2.469,5.482,2.500
2.526,5.669,2.500
2.418,5.484,2.500
2.407,5.519,2.500
2.371,5.495,2.500
2.368,5.546,2.500
2.328,5.513,2.500
2.382,5.703,2.500
2.366,5.728,2.500
2.267,5.549,2.500
2.248,5.566,2.500
2.223,5.566,2.500
2.214,5.609,2.500
2.183,5.592,2.500
2.157,5.592,2.500
2.139,5.609,2.500
2.117,5.617,2.500
2.085,5.600,2.500
2.060,5.600,2.500
2.122,5.841,2.500
2.097,5.841,2.500
2.000,5.641,2.500
1.969,5.623,2.500
1.961,5.674,2.500
2.010,5.889,2.500
1.911,5.672,2.500
1.897,5.705,2.500
1.872,5.704,2.500
1.850,5.711,2.500
1.819,5.692,2.500
1.866,5.919,2.500
1.782,5.732,2.500
1.754,5.722,2.500
1.742,5.763,2.500
1.717,5.762,2.500
1.695,5.768,2.500
1.728,5.969,2.500
1.642,5.755,2.500
1.622,5.770,2.500
1.601,5.785,2.500
1.576,5.783,2.500
1.554,5.789,2.500
1.529,5.786,2.500
1.499,5.766,2.500
1.527,5.970,2.500
1.456,5.786,2.500
1.440,5.818,2.500
1.417,5.824,2.500
1.394,5.830,2.500
1.422,6.050,2.500
1.394,6.039,2.500
1.321,5.828,2.500
1.302,5.851,2.500
1.321,6.046,2.500
1.256,5.861,2.500
1.233,5.866,2.500
1.216,5.897,2.500
1.189,5.884,2.500
1.168,5.898,2.500
1.180,6.084,2.500
1.113,5.862,2.500
1.095,5.893,2.500
1.073,5.906,2.500
1.049,5.902,2.500
1.028,5.923,2.500
1.036,6.110,2.500
0.977,5.905,2.500
0.959,5.935,2.500
0.932,5.921,2.500
0.911,5.934,2.500
0.887,5.937,2.500
0.863,5.932,2.500
0.842,5.953,2.500
0.816,5.938,2.500
0.795,5.959,2.500
0.769,5.944,2.500
0.746,5.947,2.500
0.747,6.152,2.500
0.702,5.971,2.500
0.677,5.965,2.500
0.656,5.985,2.500
0.630,5.970,2.500
0.605,5.954,2.500
0.582,5.966,2.500
0.562,5.995,2.500
0.536,5.970,2.500
0.513,5.981,2.500
0.506,6.185,2.500
0.466,5.985,2.500
0.443,5.996,2.500
0.418,5.970,2.500
0.396,5.999,2.500
0.371,5.982,2.500
0.347,5.966,2.500
0.325,5.994,2.500
0.302,6.004,2.500
0.276,5.951,2.500
0.263,6.192,2.500
0.231,6.008,2.500
0.207,5.981,2.500
0.184,6.000,2.500
0.159,5.955,2.500
0.137,6.001,2.500
0.117,6.205,2.500
0.090,6.011,2.500
0.066,6.003,2.500
0.042,5.985,2.500
0.019,6.197,2.500
-0.005,5.994,2.500
-0.028,5.994,2.500
-0.052,6.030,2.500
-0.075,5.930,2.500
-0.099,6.002,2.500
-0.123,6.029,2.500
-0.146,6.001,2.500
-0.175,6.195,2.500
-0.193,6.000,2.500
-0.216,5.963,2.500
-0.240,5.989,2.500
-0.263,5.970,2.500
-0.287,5.987,2.500
-0.311,5.995,2.500
-0.334,5.976,2.500
-0.358,5.983,2.500
-0.381,5.982,2.500
-0.403,5.953,2.500
-0.431,6.024,2.500
-0.467,6.180,2.500
-0.491,6.178,2.500
-0.500,5.991,2.500
-0.525,6.007,2.500
-0.549,6.005,2.500
-0.570,5.985,2.500
-0.594,5.983,2.500
-0.635,6.156,2.500
-0.636,5.933,2.500
-0.664,5.975,2.500
-0.709,6.157,2.500
-0.711,5.970,2.500
-0.733,5.958,2.500
-0.757,5.955,2.500
-0.780,5.952,2.500
-0.805,5.958,2.500
-0.857,6.164,2.500
-0.874,6.109,2.500
-0.872,5.930,2.500
-0.897,5.936,2.500
-0.919,5.923,2.500
-0.943,5.928,2.500
-0.968,5.934,2.500
-1.019,6.095,2.500
-1.015,5.926,2.500
-1.036,5.913,2.500
-1.058,5.900,2.500
-1.061,5.787,2.500
-1.093,5.829,2.500
-1.115,5.824,2.500
-1.176,6.014,2.500
-1.193,5.974,2.500
-1.189,5.838,2.500
-1.201,5.779,2.500
-1.228,5.792,2.500
-1.252,5.796,2.500
-1.277,5.800,2.500
-1.304,5.813,2.500
-1.370,5.999,2.500
-1.345,5.785,2.500
-1.417,5.988,2.500
-1.388,5.765,2.500
-1.400,5.715,2.500
-1.436,5.763,2.500
-1.461,5.766,2.500
-1.483,5.760,2.500
-1.497,5.719,2.500
-1.517,5.704,2.500
-1.544,5.716,2.500
-1.561,5.692,2.500
-1.586,5.695,2.500
-1.670,5.905,2.500
-1.678,5.847,2.500
-1.661,5.702,2.500
-1.683,5.696,2.500
-1.698,5.663,2.500
-1.725,5.674,2.500
-1.742,5.649,2.500
-1.834,5.865,2.500
-1.792,5.653,2.500
-1.828,5.689,2.500
-1.839,5.647,2.500
-1.858,5.631,2.500
-1.880,5.624,2.500
-1.903,5.617,2.500
-1.925,5.609,2.500
-1.947,5.601,2.500
-2.049,5.821,2.500
-2.054,5.764,2.500
-2.025,5.613,2.500
-2.034,5.570,2.500
-2.040,5.519,2.500
-2.062,5.511,2.500
-2.100,5.546,2.500
-2.125,5.546,2.500
-2.143,5.529,2.500
-2.165,5.521,2.500
-2.183,5.504,2.500
-2.208,5.504,2.500
-2.244,5.529,2.500
-2.251,5.486,2.500
-2.352,5.668,2.500
-2.367,5.642,2.500
-2.309,5.442,2.500
-2.326,5.425,2.500
-2.351,5.424,2.500
-2.387,5.448,2.500
-2.382,5.380,2.500
-2.507,5.601,2.500
-2.554,5.647,2.500
-2.543,5.565,2.500
-2.478,5.367,2.500
-2.511,5.382,2.500
-2.528,5.364,2.500
-2.549,5.354,2.500
-2.566,5.336,2.500
-2.579,5.309,2.500
-2.612,5.324,2.500
-2.633,5.313,2.500
-2.650,5.295,2.500
-2.666,5.276,2.500
-2.687,5.266,2.500
-2.811,5.455,2.500
-2.737,5.261,2.500
-2.749,5.234,2.500
-2.778,5.239,2.500
-2.803,5.236,2.500
-2.823,5.225,2.500
-2.921,5.356,2.500
-2.976,5.406,2.500
-2.871,5.167,2.500
-2.997,5.345,2.500
-2.916,5.153,2.500
-3.039,5.321,2.500
-2.957,5.130,2.500
-2.968,5.102,2.500
-2.997,5.106,2.500
-3.017,5.095,2.500
-3.037,5.083,2.500
-3.066,5.086,2.500
-3.170,5.213,2.500
-3.092,5.039,2.500
-3.216,5.195,2.500
-3.165,5.069,2.500
-3.166,5.025,2.500
-3.170,4.990,2.500
-3.190,4.977,2.500
-3.224,4.988,2.500
-3.239,4.967,2.500
-3.259,4.955,2.500
-3.283,4.949,2.500
-3.297,4.929,2.500
-3.447,5.109,2.500
-3.346,4.918,2.500
-3.350,4.882,2.500
-3.390,4.899,2.500
-3.404,4.878,2.500
-3.412,4.850,2.500
-3.556,5.012,2.500
-3.560,4.976,2.500
-3.475,4.817,2.500
-3.494,4.803,2.500
-3.634,4.955,2.500
-3.515,4.753,2.500
-3.555,4.769,2.500
-3.563,4.740,2.500
-3.598,4.748,2.500
-3.578,4.683,2.500
-3.630,4.713,2.500
-3.648,4.698,2.500
-3.788,4.839,2.500
-3.796,4.810,2.500
-3.709,4.662,2.500
-3.722,4.640,2.500
-3.740,4.626,2.500
-3.764,4.618,2.500
-3.776,4.596,2.500
-3.931,4.746,2.500
-3.806,4.559,2.500
-3.830,4.551,2.500
-3.848,4.536,2.500
-3.860,4.514,2.500
-4.023,4.668,2.500
-4.018,4.626,2.500
-3.864,4.413,2.500
-3.887,4.405,2.500
-3.911,4.396,2.500
-3.890,4.339,2.500
-3.932,4.352,2.500
-4.102,4.504,2.500
-3.966,4.321,2.500
-3.983,4.305,2.500
-4.013,4.303,2.500
-4.017,4.274,2.500
-4.047,4.271,2.500
-4.201,4.400,2.500
-4.067,4.226,2.500
-4.077,4.203,2.500
-4.126,4.221,2.500
-4.117,4.178,2.500
-4.140,4.168,2.500
-4.143,4.139,2.500
-4.321,4.283,2.500
-4.175,4.106,2.500
-4.191,4.090,2.500
-4.167,4.034,2.500
-4.243,4.076,2.500
-4.219,4.021,2.500
-4.248,4.017,2.500
-4.277,4.013,2.500
-4.286,3.990,2.500
-4.336,4.005,2.500
-4.359,3.994,2.500
-4.361,3.964,2.500
-4.341,3.916,2.500
-4.371,3.911,2.500
-4.393,3.900,2.500
-4.558,4.015,2.500
-4.588,4.009,2.500
-4.425,3.836,2.500
-4.447,3.825,2.500
-4.497,3.837,2.500
-4.469,3.784,2.500
-4.665,3.918,2.500
-4.513,3.760,2.500
-4.535,3.749,2.500
-4.535,3.719,2.500
-4.557,3.707,2.500
-4.741,3.826,2.500
-4.586,3.671,2.500
-4.593,3.647,2.500
-4.637,3.652,2.500
-4.644,3.628,2.500
-4.864,3.770,2.500
-4.802,3.691,2.500
-4.730,3.607,2.500
-4.730,3.577,2.500
-4.751,3.564,2.500
-4.965,3.694,2.500
-4.959,3.659,2.500
-4.837,3.540,2.500
-4.814,3.494,2.500
-4.827,3.475,2.500
-4.826,3.446,2.500
-4.870,3.448,2.500
-4.868,3.418,2.500
-5.057,3.522,2.500
-5.071,3.502,2.500
-4.908,3.361,2.500
-4.898,3.326,2.500
-4.927,3.317,2.500
-4.947,3.303,2.500
-4.883,3.232,2.500
-4.911,3.223,2.500
-5.158,3.356,2.500
-4.929,3.180,2.500
-4.957,3.170,2.500
-4.961,3.146,2.500
-5.165,3.247,2.500
-5.156,3.213,2.500
-4.998,3.087,2.500
-5.018,3.072,2.500
-5.014,3.043,2.500
-5.042,3.033,2.500
-5.046,3.008,2.500
-5.074,2.998,2.500
-5.069,2.969,2.500
-5.073,2.944,2.500
-5.100,2.933,2.500
-5.104,2.909,2.500
-5.131,2.898,2.500
-5.094,2.850,2.500
-5.186,2.875,2.500
-5.157,2.833,2.500
-5.184,2.821,2.500
-5.138,2.770,2.500
-5.374,2.870,2.500
-5.370,2.841,2.500
-5.203,2.727,2.500
-5.189,2.693,2.500
-5.216,2.681,2.500
-5.429,2.764,2.500
-5.408,2.727,2.500
-5.248,2.620,2.500
-5.224,2.583,2.500
-5.285,2.587,2.500
-5.278,2.558,2.500
-5.313,2.549,2.500
-5.495,2.610,2.500
-5.325,2.503,2.500
-5.309,2.471,2.500
-5.336,2.458,2.500
-5.320,2.425,2.500
-5.346,2.412,2.500
-5.490,2.451,2.500
-5.365,2.370,2.500
-5.574,2.436,2.500
-5.349,2.313,2.500
-5.401,2.310,2.500
-5.611,2.374,2.500
-5.419,2.268,2.500
-5.428,2.246,2.500
-5.420,2.218,2.500
-5.402,2.186,2.500
-5.454,2.182,2.500
-5.463,2.161,2.500
-5.471,2.139,2.500
-5.505,2.128,2.500
-5.650,2.158,2.500
-5.434,2.052,2.500
-5.486,2.047,2.500
-5.406,1.993,2.500
-5.485,1.997,2.500
-5.537,1.991,2.500
-5.724,2.034,2.500
-5.543,1.945,2.500
-5.480,1.898,2.500
-5.478,1.874,2.500
-5.566,1.879,2.500
-5.704,1.901,2.500
-5.509,1.812,2.500
-5.570,1.808,2.500
-5.639,1.806,2.500
-5.602,1.770,2.500
-5.608,1.748,2.500
-5.807,1.785,2.500
-5.550,1.682,2.500
-5.664,1.692,2.500
-5.563,1.638,2.500
-5.551,1.611,2.500
-5.594,1.600,2.500
-5.591,1.575,2.500
-5.871,1.629,2.500
-5.685,1.554,2.500
-5.673,1.526,2.500
-5.643,1.495,2.500
-5.685,1.482,2.500
-5.726,1.469,2.500
-5.907,1.490,2.500
-5.702,1.415,2.500
-5.707,1.392,2.500
-5.703,1.368,2.500
-5.718,1.348,2.500
-5.696,1.319,2.500
-5.746,1.307,2.500
-5.937,1.326,2.500
-5.729,1.256,2.500
-5.930,1.275,2.500
-5.748,1.213,2.500
-5.734,1.186,2.500
-5.757,1.167,2.500
-5.958,1.184,2.500
-5.972,1.162,2.500
-5.780,1.101,2.500
-5.802,1.082,2.500
-5.779,1.054,2.500
-5.802,1.035,2.500
-5.778,1.007,2.500
-5.782,0.984,2.500
-5.786,0.962,2.500
-5.817,0.944,2.500
-5.839,0.924,2.500
-6.013,0.927,2.500
-5.809,0.872,2.500
-5.822,0.851,2.500
-5.807,0.825,2.500
-5.792,0.800,2.500
-5.757,0.772,2.500
-5.825,0.758,2.500
-6.036,0.761,2.500
-6.047,0.739,2.500
-5.815,0.687,2.500
-5.827,0.665,2.500
-5.839,0.644,2.500
-5.842,0.621,2.500
-5.835,0.597,2.500
-6.072,0.597,2.500
-6.057,0.571,2.500
-5.851,0.529,2.500
-5.862,0.507,2.500
-6.054,0.499,2.500
-5.856,0.460,2.500
-5.849,0.436,2.500
-5.813,0.411,2.500
-5.843,0.390,2.500
-5.882,0.369,2.500
-6.046,0.356,2.500
-5.866,0.322,2.500
-5.876,0.299,2.500
-5.868,0.276,2.500
-5.869,0.253,2.500
-5.870,0.230,2.500
-6.080,0.214,2.500
-5.872,0.184,2.500
-5.863,0.160,2.500
-5.873,0.138,2.500
-5.873,0.114,2.500
-5.883,0.092,2.500
-5.827,0.068,2.500
-5.874,0.045,2.500
-6.075,0.023,2.500
-5.884,-0.001,2.500
-5.874,-0.024,2.500
-5.884,-0.047,2.500
-5.874,-0.070,2.500
-6.083,-0.096,2.500
-5.855,-0.116,2.500
-5.891,-0.140,2.500
-5.909,-0.163,2.500
-5.872,-0.185,2.500
-6.071,-0.215,2.500
-5.861,-0.231,2.500
-5.850,-0.254,2.500
-5.840,-0.276,2.500
-5.867,-0.300,2.500
-5.838,-0.322,2.500
-6.082,-0.359,2.500
-5.863,-0.370,2.500
-5.843,-0.391,2.500
-6.033,-0.428,2.500
-5.895,-0.441,2.500
-5.875,-0.463,2.500
-6.018,-0.498,2.500
-5.853,-0.507,2.500
-5.887,-0.534,2.500
-5.830,-0.552,2.500
-5.828,-0.575,2.500
-6.043,-0.620,2.500
-5.832,-0.621,2.500
-5.839,-0.645,2.500
-5.827,-0.667,2.500
-5.843,-0.692,2.500
-5.849,-0.716,2.500
-6.018,-0.761,2.500
-6.032,-0.787,2.500
-5.831,-0.784,2.500
-5.837,-0.808,2.500
-5.816,-0.828,2.500
-6.037,-0.884,2.500
-6.016,-0.905,2.500
-5.806,-0.897,2.500
-5.802,-0.919,2.500
-5.798,-0.942,2.500
-5.840,-0.973,2.500
-5.988,-1.021,2.500
-5.814,-1.015,2.500
-5.783,-1.033,2.500
-5.788,-1.057,2.500
-5.793,-1.082,2.500
-5.770,-1.101,2.500
-5.775,-1.126,2.500
-5.762,-1.146,2.500
-5.766,-1.171,2.500
-5.725,-1.186,2.500
-5.739,-1.212,2.500
-5.779,-1.245,2.500
-5.738,-1.259,2.500
-5.733,-1.282,2.500
-5.728,-1.304,2.500
-5.750,-1.333,2.500
-5.708,-1.347,2.500
-5.915,-1.420,2.500
-5.910,-1.444,2.500
-5.870,-1.458,2.500
-5.705,-1.441,2.500
-5.690,-1.461,2.500
-5.693,-1.486,2.500
-5.687,-1.508,2.500
-5.699,-1.535,2.500
-5.657,-1.548,2.500
-5.862,-1.628,2.500
-5.663,-1.597,2.500
-5.648,-1.617,2.500
-5.677,-1.649,2.500
-5.661,-1.669,2.500
-5.619,-1.681,2.500
-5.613,-1.703,2.500
-5.606,-1.725,2.500
-5.608,-1.749,2.500
-5.809,-1.837,2.500
-5.810,-1.863,2.500
-5.596,-1.818,2.500
-5.571,-1.834,2.500
-5.564,-1.856,2.500
-5.556,-1.878,2.500
-5.522,-1.891,2.500
-5.739,-1.990,2.500
-5.534,-1.943,2.500
-5.535,-1.968,2.500
-5.536,-1.993,2.500
-5.519,-2.012,2.500
-5.511,-2.033,2.500
-5.503,-2.055,2.500
-5.495,-2.076,2.500
-5.478,-2.095,2.500
-5.461,-2.113,2.500
-5.665,-2.217,2.500
-5.479,-2.169,2.500
-5.648,-2.262,2.500
-5.445,-2.205,2.500
-5.436,-2.227,2.500
-5.427,-2.248,2.500
-5.419,-2.269,2.500
-5.392,-2.283,2.500
-5.358,-2.293,2.500
-5.391,-2.333,2.500
-5.382,-2.354,2.500
-5.398,-2.386,2.500
-5.381,-2.404,2.500
-5.354,-2.417,2.500
-5.345,-2.438,2.500
-5.517,-2.543,2.500
-5.334,-2.484,2.500
-5.324,-2.505,2.500
-5.297,-2.518,2.500
-5.287,-2.539,2.500
-5.302,-2.572,2.500
-5.276,-2.584,2.500
-5.282,-2.613,2.500
-5.255,-2.625,2.500
-5.431,-2.740,2.500
-5.413,-2.758,2.500
-5.224,-2.687,2.500
-5.213,-2.708,2.500
-5.203,-2.728,2.500
-5.200,-2.753,2.500
-5.262,-2.812,2.500
-5.203,-2.807,2.500
-5.175,-2.818,2.500
-5.156,-2.834,2.500
-5.210,-2.890,2.500
-5.118,-2.865,2.500
-5.106,-2.886,2.500
-5.175,-2.951,2.500
-5.083,-2.926,2.500
-5.144,-2.987,2.500
-5.076,-2.975,2.500
-5.112,-3.023,2.500
-5.116,-3.052,2.500
-5.189,-3.124,2.500
-5.260,-3.194,2.500
-5.255,-3.219,2.500
-5.029,-3.108,2.500
-5.048,-3.147,2.500
-5.224,-3.286,2.500
-5.204,-3.302,2.500
-5.026,-3.216,2.500
-4.990,-3.221,2.500
-4.985,-3.246,2.500
-4.980,-3.270,2.500
-4.967,-3.290,2.500
-5.124,-3.423,2.500
-5.140,-3.463,2.500
-4.913,-3.338,2.500
-4.915,-3.367,2.500
-4.916,-3.397,2.500
-4.880,-3.401,2.500
-4.941,-3.472,2.500
-5.000,-3.542,2.500
-4.833,-3.453,2.500
-4.841,-3.488,2.500
-4.813,-3.496,2.500
-4.799,-3.515,2.500
-4.965,-3.666,2.500
-4.764,-3.547,2.500
-4.801,-3.604,2.500
-4.907,-3.714,2.500
-4.879,-3.722,2.500
-4.744,-3.649,2.500
-4.715,-3.656,2.500
-4.708,-3.680,2.500
-4.672,-3.682,2.500
-4.657,-3.700,2.500
-4.636,-3.713,2.500
-4.628,-3.737,2.500
-4.606,-3.749,2.500
-4.613,-3.785,2.500
-4.605,-3.808,2.500
-4.583,-3.821,2.500
-4.561,-3.833,2.500
-4.553,-3.856,2.500
-4.510,-3.851,2.500
-4.502,-3.874,2.500
-4.507,-3.910,2.500
-4.478,-3.915,2.500
-4.497,-3.963,2.500
-4.454,-3.957,2.500
-4.432,-3.968,2.500
-4.430,-3.998,2.500
-4.559,-4.147,2.500
-4.542,-4.165,2.500
-4.369,-4.037,2.500
-4.360,-4.060,2.500
-4.350,-4.084,2.500
-4.321,-4.088,2.500
-4.460,-4.253,2.500
-4.322,-4.154,2.500
-4.279,-4.145,2.500
-4.256,-4.156,2.500
-4.220,-4.153,2.500
-4.249,-4.214,2.500
-4.220,-4.218,2.500
-4.184,-4.215,2.500
-4.174,-4.238,2.500
-4.164,-4.261,2.500
-4.140,-4.271,2.500
-4.130,-4.294,2.500
-4.218,-4.420,2.500
-4.249,-4.488,2.500
-4.060,-4.322,2.500
-4.056,-4.351,2.500
-4.039,-4.367,2.500
-4.034,-4.396,2.500
-4.149,-4.557,2.500
-4.136,-4.580,2.500
-4.107,-4.583,2.500
-3.958,-4.452,2.500
-3.947,-4.475,2.500
-4.064,-4.644,2.500
-3.906,-4.499,2.500
-3.876,-4.500,2.500
-3.870,-4.529,2.500
-3.846,-4.537,2.500
-3.817,-4.538,2.500
-3.793,-4.546,2.500
-3.793,-4.582,2.500
-3.769,-4.590,2.500
-3.892,-4.778,2.500
-3.761,-4.655,2.500
-3.715,-4.634,2.500
-3.713,-4.670,2.500
-3.684,-4.670,2.500
-3.760,-4.805,2.500
-3.789,-4.882,2.500
-3.612,-4.692,2.500
-3.621,-4.742,2.500
-3.602,-4.756,2.500
-3.567,-4.749,2.500
-3.560,-4.777,2.500
-3.546,-4.799,2.500
-3.516,-4.798,2.500
-3.608,-4.964,2.500
-3.463,-4.803,2.500
-3.449,-4.824,2.500
-3.457,-4.875,2.500
-3.411,-4.851,2.500
-3.392,-4.864,2.500
-3.368,-4.870,2.500
-3.354,-4.891,2.500
-3.329,-4.896,2.500
-3.320,-4.924,2.500
-3.296,-4.930,2.500
-3.386,-5.107,2.500
-3.262,-4.963,2.500
-3.233,-4.960,2.500
-3.203,-4.958,2.500
-3.189,-4.978,2.500
-3.290,-5.180,2.500
-3.154,-5.011,2.500
-3.144,-5.039,2.500
-3.120,-5.043,2.500
-3.114,-5.079,2.500
-3.187,-5.244,2.500
-3.167,-5.256,2.500
-3.035,-5.084,2.500
-3.034,-5.127,2.500
-2.995,-5.107,2.500
-2.980,-5.127,2.500
-2.951,-5.123,2.500
-2.944,-5.158,2.500
-2.924,-5.170,2.500
-2.899,-5.173,2.500
-2.983,-5.372,2.500
-2.966,-5.392,2.500
-2.820,-5.174,2.500
-2.822,-5.226,2.500
-2.797,-5.229,2.500
-2.785,-5.256,2.500
-2.848,-5.426,2.500
-2.826,-5.437,2.500
-2.719,-5.280,2.500
-2.698,-5.291,2.500
-2.681,-5.310,2.500
-2.652,-5.304,2.500
-2.723,-5.499,2.500
-2.598,-5.300,2.500
-2.574,-5.301,2.500
-2.569,-5.345,2.500
-2.548,-5.355,2.500
-2.523,-5.356,2.500
-2.510,-5.383,2.500
-2.481,-5.376,2.500
-2.463,-5.394,2.500
-2.412,-5.336,2.500
-2.516,-5.626,2.500
-2.483,-5.612,2.500
-2.461,-5.621,2.500
-2.353,-5.433,2.500
-2.332,-5.442,2.500
-2.311,-5.451,2.500
-2.289,-5.460,2.500
-2.271,-5.478,2.500
-2.328,-5.678,2.500
-2.302,-5.679,2.500
-2.264,-5.647,2.500
-2.178,-5.496,2.500
-2.157,-5.504,2.500
-2.142,-5.530,2.500
-2.191,-5.723,2.500
-2.168,-5.731,2.500
-2.080,-5.563,2.500
-2.048,-5.545,2.500
-2.033,-5.571,2.500
-2.008,-5.570,2.500
-1.980,-5.560,2.500
-1.961,-5.577,2.500
-1.948,-5.611,2.500
-1.923,-5.610,2.500
-1.883,-5.564,2.500
-1.879,-5.625,2.500
-1.921,-5.828,2.500
-1.896,-5.827,2.500
-1.810,-5.637,2.500
-1.796,-5.671,2.500
-1.757,-5.625,2.500
-1.751,-5.685,2.500
-1.784,-5.871,2.500
-1.763,-5.887,2.500
-1.679,-5.687,2.500
-1.654,-5.685,2.500
-1.629,-5.683,2.500
-1.609,-5.698,2.500
-1.643,-5.903,2.500
-1.633,-5.960,2.500
-1.571,-5.822,2.500
-1.522,-5.731,2.500
-1.500,-5.737,2.500
-1.470,-5.716,2.500
-1.450,-5.731,2.500
-1.447,-5.817,2.500
-1.409,-5.760,2.500
-1.389,-5.775,2.500
-1.387,-5.868,2.500
-1.360,-5.856,2.500
-1.335,-5.853,2.500
-1.310,-5.849,2.500
-1.287,-5.854,2.500
-1.274,-5.903,2.500
-1.239,-5.855,2.500
-1.205,-5.806,2.500
-1.199,-5.891,2.500
-1.158,-5.807,2.500
-1.149,-5.883,2.500
-1.129,-5.905,2.500
-1.099,-5.874,2.500
-1.068,-5.833,2.500
-1.056,-5.900,2.500
-1.032,-5.895,2.500
-1.010,-5.908,2.500
-0.988,-5.921,2.500
-0.964,-5.916,2.500
-0.933,-5.875,2.500
-0.916,-5.914,2.500
-0.895,-5.936,2.500
-0.903,-6.149,2.500
-0.847,-5.934,2.500
-0.824,-5.937,2.500
-0.802,-5.949,2.500
-0.777,-5.943,2.500
-0.755,-5.955,2.500
-0.732,-5.958,2.500
-0.709,-5.970,2.500
-0.708,-6.165,2.500
-0.683,-6.160,2.500
-0.635,-5.942,2.500
-0.615,-5.971,2.500
-0.593,-5.992,2.500
-0.568,-5.976,2.500
-0.543,-5.960,2.500
-0.518,-5.944,2.500
-0.498,-5.991,2.500
-0.474,-5.984,2.500
-0.450,-5.977,2.500
-0.426,-5.970,2.500
-0.404,-5.998,2.500
-0.380,-5.991,2.500
-0.358,-6.019,2.500
-0.333,-6.003,2.500
-0.317,-6.146,2.500
-0.286,-6.005,2.500
-0.262,-5.988,2.500
-0.239,-5.998,2.500
-0.215,-5.981,2.500
-0.190,-5.945,2.500
-0.168,-5.992,2.500
-0.145,-6.010,2.500
-0.121,-6.002,2.500
-0.097,-5.984,2.500
-0.074,-6.021,2.500
-0.050,-6.003,2.500
-0.027,-5.994,2.500
-0.003,-5.994,2.500
0.020,-6.003,2.500
0.044,-6.003,2.500
0.067,-5.994,2.500
0.094,-6.214,2.500
0.114,-5.993,2.500
0.138,-5.992,2.500
0.160,-5.937,2.500
0.184,-5.955,2.500
0.209,-5.999,2.500
0.233,-6.008,2.500
0.264,-6.192,2.500
0.280,-6.014,2.500
0.313,-6.198,2.500
0.337,-6.179,2.500
0.350,-5.984,2.500
0.374,-5.991,2.500
0.395,-5.963,2.500
0.421,-5.988,2.500
0.443,-5.978,2.500
0.469,-6.003,2.500
0.490,-5.974,2.500
0.515,-5.981,2.500
0.539,-5.988,2.500
0.560,-5.959,2.500
0.604,-6.168,2.500
0.628,-6.165,2.500
0.630,-5.952,2.500
0.655,-5.967,2.500
0.678,-5.955,2.500
0.700,-5.944,2.500
0.727,-5.968,2.500
0.748,-5.947,2.500
0.775,-5.971,2.500
0.794,-5.941,2.500
0.818,-5.938,2.500
0.840,-5.926,2.500
0.895,-6.141,2.500
0.888,-5.928,2.500
0.911,-5.924,2.500
0.969,-6.139,2.500
0.993,-6.135,2.500
0.982,-5.922,2.500
1.005,-5.918,2.500
1.029,-5.914,2.500
1.053,-5.919,2.500
1.073,-5.897,2.500
1.103,-5.928,2.500
1.114,-5.862,2.500
1.143,-5.884,2.500
1.178,-5.941,2.500
1.231,-6.083,2.500
1.228,-5.949,2.500
1.235,-5.865,2.500
1.258,-5.860,2.500
1.281,-5.855,2.500
1.302,-5.842,2.500
1.329,-5.854,2.500
1.350,-5.840,2.500
1.377,-5.852,2.500
1.447,-6.044,2.500
1.481,-6.080,2.500
1.465,-5.914,2.500
1.473,-5.847,2.500
1.487,-5.807,2.500
1.563,-6.006,2.500
1.602,-6.058,2.500
1.555,-5.789,2.500
1.599,-5.860,2.500
1.603,-5.785,2.500
1.701,-6.048,2.500
1.675,-5.867,2.500
1.689,-5.826,2.500
1.714,-5.828,2.500
1.734,-5.813,2.500
1.747,-5.772,2.500
1.856,-6.046,2.500
1.875,-6.023,2.500
1.844,-5.844,2.500
1.848,-5.777,2.500
1.868,-5.762,2.500
1.896,-5.771,2.500
1.916,-5.755,2.500
1.936,-5.739,2.500
1.972,-5.774,2.500
1.986,-5.741,2.500
2.021,-5.766,2.500
2.031,-5.725,2.500
2.060,-5.734,2.500
2.076,-5.709,2.500
2.099,-5.701,2.500
2.112,-5.667,2.500
2.137,-5.667,2.500
2.156,-5.651,2.500
2.188,-5.667,2.500
2.210,-5.658,2.500
2.236,-5.658,2.500
2.258,-5.649,2.500
2.257,-5.582,2.500
2.299,-5.623,2.500
2.321,-5.614,2.500
2.346,-5.613,2.500
2.442,-5.779,2.500
2.458,-5.754,2.500
2.402,-5.560,2.500
2.434,-5.575,2.500
2.529,-5.733,2.500
2.555,-5.730,2.500
2.518,-5.587,2.500
2.514,-5.520,2.500
2.539,-5.518,2.500
2.557,-5.500,2.500
2.571,-5.474,2.500
2.604,-5.488,2.500
2.614,-5.454,2.500
2.704,-5.586,2.500
2.657,-5.433,2.500
2.690,-5.447,2.500
2.707,-5.428,2.500
2.733,-5.425,2.500
2.758,-5.422,2.500
2.771,-5.396,2.500
2.800,-5.401,2.500
2.813,-5.374,2.500
2.826,-5.347,2.500
2.958,-5.543,2.500
2.979,-5.531,2.500
2.923,-5.376,2.500
2.918,-5.318,2.500
2.948,-5.322,2.500
2.951,-5.279,2.500
3.024,-5.360,2.500
3.028,-5.317,2.500
3.122,-5.433,2.500
3.147,-5.428,2.500
3.063,-5.235,2.500
3.084,-5.223,2.500
3.100,-5.204,2.500
3.129,-5.207,2.500
3.150,-5.194,2.500
3.170,-5.182,2.500
3.181,-5.154,2.500
3.211,-5.157,2.500
3.231,-5.144,2.500
3.256,-5.139,2.500
3.276,-5.126,2.500
3.296,-5.113,2.500
3.311,-5.093,2.500
3.312,-5.050,2.500
3.351,-5.067,2.500
3.371,-5.054,2.500
3.411,-5.070,2.500
3.570,-5.261,2.500
3.440,-5.028,2.500
3.470,-5.029,2.500
3.480,-5.001,2.500
3.638,-5.184,2.500
3.614,-5.108,2.500
3.569,-5.003,2.500
3.553,-4.939,2.500
3.608,-4.974,2.500
3.622,-4.953,2.500
3.647,-4.946,2.500
3.677,-4.946,2.500
3.748,-5.000,2.500
3.705,-4.903,2.500
3.724,-4.888,2.500
3.738,-4.866,2.500
3.741,-4.831,2.500
3.803,-4.871,2.500
3.927,-4.990,2.500
3.931,-4.955,2.500
3.827,-4.785,2.500
3.863,-4.791,2.500
3.881,-4.776,2.500
3.900,-4.760,2.500
4.033,-4.883,2.500
3.932,-4.723,2.500
3.956,-4.714,2.500
3.969,-4.692,2.500
3.998,-4.689,2.500
4.011,-4.667,2.500
4.035,-4.658,2.500
4.048,-4.635,2.500
4.054,-4.606,2.500
4.078,-4.597,2.500
4.102,-4.587,2.500
4.120,-4.571,2.500
4.132,-4.549,2.500
4.156,-4.539,2.500
4.162,-4.510,2.500
4.185,-4.500,2.500
4.203,-4.483,2.500
4.226,-4.473,2.500
4.232,-4.444,2.500
4.255,-4.433,2.500
4.267,-4.410,2.500
4.296,-4.406,2.500
4.301,-4.377,2.500
4.331,-4.372,2.500
4.486,-4.494,2.500
4.480,-4.453,2.500
4.369,-4.309,2.500
4.386,-4.291,2.500
4.416,-4.286,2.500
4.426,-4.263,2.500
4.436,-4.240,2.500
4.447,-4.216,2.500
4.476,-4.211,2.500
4.505,-4.205,2.500
4.502,-4.169,2.500
4.499,-4.134,2.500
4.567,-4.163,2.500
4.564,-4.128,2.500
4.587,-4.116,2.500
4.570,-4.069,2.500
4.626,-4.085,2.500
4.628,-4.056,2.500
4.651,-4.043,2.500
4.660,-4.019,2.500
4.676,-4.001,2.500
4.651,-3.948,2.500
4.707,-3.964,2.500
4.729,-3.951,2.500
4.883,-4.047,2.500
4.754,-3.908,2.500
4.748,-3.873,2.500
4.777,-3.865,2.500
4.779,-3.836,2.500
4.814,-3.833,2.500
4.802,-3.793,2.500
4.844,-3.795,2.500
4.852,-3.771,2.500
4.867,-3.752,2.500
4.896,-3.743,2.500
5.092,-3.862,2.500
5.041,-3.792,2.500
4.925,-3.675,2.500
4.919,-3.640,2.500
4.968,-3.646,2.500
4.947,-3.601,2.500
4.989,-3.602,2.500
4.996,-3.578,2.500
5.010,-3.558,2.500
5.017,-3.533,2.500
5.045,-3.523,2.500
5.045,-3.494,2.500
5.073,-3.484,2.500
5.094,-3.469,2.500
5.093,-3.439,2.500
5.121,-3.429,2.500
5.127,-3.404,2.500
5.148,-3.388,2.500
5.311,-3.466,2.500
5.310,-3.436,2.500
5.202,-3.337,2.500
5.200,-3.307,2.500
5.206,-3.282,2.500
5.226,-3.266,2.500
5.231,-3.241,2.500
5.244,-3.220,2.500
5.257,-3.200,2.500
5.437,-3.280,2.500
5.435,-3.250,2.500
5.294,-3.138,2.500
5.299,-3.112,2.500
5.311,-3.092,2.500
5.315,-3.066,2.500
5.335,-3.050,2.500
5.354,-3.033,2.500
5.359,-3.008,2.500
5.370,-2.987,2.500
5.375,-2.962,2.500
5.394,-2.945,2.500
5.421,-2.932,2.500
5.597,-2.999,2.500
5.389,-2.860,2.500
5.439,-2.860,2.500
5.451,-2.838,2.500
5.469,-2.821,2.500
5.449,-2.783,2.500
5.484,-2.774,2.500
5.487,-2.748,2.500
5.674,-2.814,2.500
5.662,-2.781,2.500
5.534,-2.691,2.500
5.537,-2.666,2.500
5.539,-2.640,2.500
5.558,-2.622,2.500
5.568,-2.600,2.500
5.602,-2.589,2.500
5.588,-2.556,2.500
5.622,-2.545,2.500
5.795,-2.596,2.500
5.610,-2.487,2.500
5.815,-2.551,2.500
5.833,-2.531,2.500
5.655,-2.428,2.500
5.640,-2.395,2.500
5.666,-2.380,2.500
5.675,-2.357,2.500
5.708,-2.345,2.500
5.693,-2.313,2.500
5.735,-2.303,2.500
5.711,-2.268,2.500
5.712,-2.242,2.500
5.745,-2.230,2.500
5.905,-2.265,2.500
5.930,-2.248,2.500
5.738,-2.149,2.500
5.779,-2.139,2.500
5.780,-2.113,2.500
5.972,-2.157,2.500
5.796,-2.068,2.500
5.788,-2.039,2.500
5.796,-2.017,2.500
5.795,-1.991,2.500
5.820,-1.974,2.500
5.827,-1.951,2.500
5.835,-1.928,2.500
5.842,-1.905,2.500
5.858,-1.885,2.500
5.866,-1.862,2.500
5.823,-1.823,2.500
5.897,-1.821,2.500
6.074,-1.850,2.500
6.074,-1.823,2.500
5.893,-1.744,2.500
5.891,-1.718,2.500
5.872,-1.688,2.500
5.913,-1.674,2.500
6.100,-1.702,2.500
5.917,-1.626,2.500
5.915,-1.600,2.500
6.136,-1.634,2.500
5.986,-1.569,2.500
5.967,-1.539,2.500
5.965,-1.513,2.500
5.945,-1.484,2.500
5.968,-1.465,2.500
5.957,-1.437,2.500
6.030,-1.430,2.500
6.225,-1.450,2.500
5.990,-1.371,2.500
5.996,-1.347,2.500
6.233,-1.375,2.500
6.023,-1.304,2.500
6.028,-1.280,2.500
6.033,-1.256,2.500
6.012,-1.227,2.500
6.077,-1.216,2.500
6.039,-1.184,2.500
6.044,-1.160,2.500
6.057,-1.138,2.500
6.035,-1.109,2.500
6.057,-1.089,2.500
6.238,-1.096,2.500
6.074,-1.043,2.500
6.078,-1.019,2.500
6.047,-0.989,2.500
6.077,-0.970,2.500
6.081,-0.946,2.500
6.067,-0.919,2.500
6.079,-0.897,2.500
6.277,-0.901,2.500
6.095,-0.850,2.500
6.115,-0.828,2.500
6.075,-0.799,2.500
6.282,-0.801,2.500
6.108,-0.754,2.500
6.110,-0.730,2.500
6.113,-0.706,2.500
6.107,-0.681,2.500
6.110,-0.657,2.500
6.316,-0.654,2.500
6.106,-0.609,2.500
6.135,-0.587,2.500
6.128,-0.562,2.500
6.113,-0.537,2.500
6.124,-0.513,2.500
6.321,-0.505,2.500
6.315,-0.479,2.500
6.129,-0.441,2.500
6.122,-0.416,2.500
6.337,-0.406,2.500
6.125,-0.368,2.500
6.136,-0.345,2.500
6.137,-0.321,2.500
6.155,-0.298,2.500
6.165,-0.274,2.500
6.131,-0.248,2.500
6.159,-0.225,2.500
6.133,-0.200,2.500
6.125,-0.176,2.500
6.306,-0.156,2.500
6.153,-0.128,2.500
6.162,-0.104,2.500
6.127,-0.079,2.500
6.154,-0.056,2.500
6.325,-0.032,2.500
5.967,-0.007,3.000
6.021,0.016,3.000
6.012,0.040,3.000
6.021,0.064,3.000
6.205,0.090,3.000
5.984,0.110,3.000
6.001,0.134,3.000
6.212,0.163,3.000
6.000,0.181,3.000
5.990,0.205,3.000
5.999,0.228,3.000
5.989,0.252,3.000
6.006,0.276,3.000
6.232,0.311,3.000
5.994,0.323,3.000
6.204,0.358,3.000
6.001,0.370,3.000
5.981,0.393,3.000
6.006,0.418,3.000
5.996,0.441,3.000
5.967,0.462,3.000
6.168,0.502,3.000
5.981,0.511,3.000
5.979,0.534,3.000
6.188,0.577,3.000
5.975,0.581,3.000
5.945,0.602,3.000
5.979,0.629,3.000
5.977,0.652,3.000
5.956,0.674,3.000
5.944,0.696,3.000
6.152,0.745,3.000
6.175,0.772,3.000
5.954,0.768,3.000
5.933,0.789,3.000
5.992,0.821,3.000
5.935,0.837,3.000
5.968,0.866,3.000
5.928,0.884,3.000
6.143,0.940,3.000
5.921,0.930,3.000
5.918,0.953,3.000
5.914,0.977,3.000
5.910,1.000,3.000
5.897,1.021,3.000
6.102,1.082,3.000
5.933,1.076,3.000
5.885,1.091,3.000
5.907,1.119,3.000
6.084,1.177,3.000
5.880,1.162,3.000
5.876,1.185,3.000
5.862,1.206,3.000
5.831,1.224,3.000
5.844,1.250,3.000
5.874,1.281,3.000
5.860,1.302,3.000
5.846,1.323,3.000
5.867,1.352,3.000
5.862,1.375,3.000
5.848,1.396,3.000
5.833,1.417,3.000
5.819,1.437,3.000
6.002,1.508,3.000
6.030,1.540,3.000
5.819,1.510,3.000
5.787,1.526,3.000
5.781,1.549,3.000
5.792,1.576,3.000
5.795,1.602,3.000
5.983,1.679,3.000
5.960,1.698,3.000
5.758,1.665,3.000
5.752,1.687,3.000
5.754,1.712,3.000
5.738,1.732,3.000
5.740,1.758,3.000
5.927,1.840,3.000
5.726,1.803,3.000
5.710,1.822,3.000
5.668,1.833,3.000
5.696,1.867,3.000
5.671,1.884,3.000
5.689,1.915,3.000
5.682,1.937,3.000
5.866,2.025,3.000
5.842,2.043,3.000
5.659,2.004,3.000
5.642,2.023,3.000
5.651,2.051,3.000
5.643,2.073,3.000
5.627,2.092,3.000
5.610,2.111,3.000
5.792,2.206,3.000
5.815,2.241,3.000
5.568,2.170,3.000
5.576,2.199,3.000
5.559,2.217,3.000
5.567,2.246,3.000
5.550,2.264,3.000
5.549,2.290,3.000
5.540,2.311,3.000
5.548,2.340,3.000
5.522,2.355,3.000
5.504,2.373,3.000
5.495,2.395,3.000
5.518,2.431,3.000
5.484,2.441,3.000
5.475,2.463,3.000
5.465,2.484,3.000
5.447,2.502,3.000
5.637,2.616,3.000
5.427,2.545,3.000
5.417,2.566,3.000
5.415,2.591,3.000
5.380,2.600,3.000
5.411,2.641,3.000
5.384,2.655,3.000
5.548,2.762,3.000
5.552,2.792,3.000
5.352,2.718,3.000
5.334,2.735,3.000
5.339,2.764,3.000
5.312,2.776,3.000
5.481,2.892,3.000
5.477,2.918,3.000
5.287,2.843,3.000
5.276,2.864,3.000
5.265,2.885,3.000
5.269,2.914,3.000
5.242,2.926,3.000
5.238,2.951,3.000
5.195,2.953,3.000
5.199,2.983,3.000
5.179,2.999,3.000
5.214,3.046,3.000
5.210,3.071,3.000
5.159,3.069,3.000
5.124,3.075,3.000
5.127,3.104,3.000
5.115,3.125,3.000
5.261,3.242,3.000
5.300,3.295,3.000
5.078,3.185,3.000
5.081,3.214,3.000
5.060,3.229,3.000
5.086,3.273,3.000
5.205,3.379,3.000
5.185,3.395,3.000
5.002,3.303,3.000
4.989,3.323,3.000
4.983,3.347,3.000
4.970,3.367,3.000
5.096,3.481,3.000
5.110,3.521,3.000
5.089,3.536,3.000
4.916,3.445,3.000
4.903,3.464,3.000
4.867,3.467,3.000
4.839,3.476,3.000
4.905,3.553,3.000
4.848,3.540,3.000
4.848,3.570,3.000
4.805,3.568,3.000
4.968,3.719,3.000
4.919,3.712,3.000
4.777,3.635,3.000
4.770,3.659,3.000
4.749,3.672,3.000
4.777,3.724,3.000
4.705,3.698,3.000
4.634,3.671,3.000
4.856,3.878,3.000
4.847,3.903,3.000
4.758,3.862,3.000
4.646,3.801,3.000
4.617,3.808,3.000
4.602,3.826,3.000
4.531,3.797,3.000
4.523,3.821,3.000
4.529,3.856,3.000
4.465,3.832,3.000
4.464,3.862,3.000
4.524,3.945,3.000
4.502,3.957,3.000
4.587,4.063,3.000
4.584,4.093,3.000
4.408,3.967,3.000
4.385,3.978,3.000
4.376,4.002,3.000
4.519,4.165,3.000
4.502,4.182,3.000
4.302,4.028,3.000
4.306,4.063,3.000
4.297,4.087,3.000
4.274,4.097,3.000
4.258,4.114,3.000
4.242,4.131,3.000
4.206,4.128,3.000
4.216,4.170,3.000
4.206,4.193,3.000
4.164,4.184,3.000
4.173,4.226,3.000
4.150,4.236,3.000
4.133,4.252,3.000
4.254,4.411,3.000
4.236,4.427,3.000
4.083,4.301,3.000
4.060,4.310,3.000
4.049,4.332,3.000
4.007,4.321,3.000
4.161,4.522,3.000
3.992,4.373,3.000
3.981,4.396,3.000
3.957,4.404,3.000
4.089,4.587,3.000
3.935,4.449,3.000
4.053,4.619,3.000
4.023,4.622,3.000
3.882,4.495,3.000
3.858,4.503,3.000
3.969,4.669,3.000
3.956,4.691,3.000
3.799,4.541,3.000
3.781,4.556,3.000
3.769,4.578,3.000
3.774,4.621,3.000
3.733,4.608,3.000
3.715,4.622,3.000
3.720,4.665,3.000
3.679,4.651,3.000
3.660,4.666,3.000
3.763,4.836,3.000
3.755,4.864,3.000
3.594,4.694,3.000
3.581,4.715,3.000
3.568,4.737,3.000
3.549,4.750,3.000
3.542,4.779,3.000
3.507,4.771,3.000
3.488,4.785,3.000
3.474,4.806,3.000
3.456,4.819,3.000
3.531,4.965,3.000
3.412,4.839,3.000
3.404,4.867,3.000
3.374,4.865,3.000
3.381,4.916,3.000
3.320,4.869,3.000
3.317,4.905,3.000
3.302,4.925,3.000
3.278,4.931,3.000
3.294,4.997,3.000
3.244,4.964,3.000
3.225,4.977,3.000
3.230,5.028,3.000
3.181,4.994,3.000
3.171,5.022,3.000
3.265,5.216,3.000
3.231,5.207,3.000
3.107,5.051,3.000
3.096,5.079,3.000
3.081,5.099,3.000
3.056,5.103,3.000
3.050,5.139,3.000
3.021,5.135,3.000
2.996,5.139,3.000
2.990,5.174,3.000
3.053,5.333,3.000
3.028,5.337,3.000
2.911,5.177,3.000
2.904,5.213,3.000
2.883,5.224,3.000
2.854,5.219,3.000
2.935,5.419,3.000
2.817,5.249,3.000
2.796,5.260,3.000
2.767,5.255,3.000
2.747,5.266,3.000
2.726,5.277,3.000
2.713,5.304,3.000
2.789,5.505,3.000
2.760,5.500,3.000
2.647,5.327,3.000
2.618,5.321,3.000
2.601,5.339,3.000
2.572,5.333,3.000
2.571,5.384,3.000
2.546,5.386,3.000
2.524,5.396,3.000
2.515,5.431,3.000
2.567,5.602,3.000
2.465,5.434,3.000
2.432,5.419,3.000
2.418,5.445,3.000
2.397,5.454,3.000
2.375,5.464,3.000
2.343,5.448,3.000
2.329,5.474,3.000
2.307,5.483,3.000
2.296,5.517,3.000
2.346,5.699,3.000
2.246,5.518,3.000
2.211,5.493,3.000
2.199,5.527,3.000
2.177,5.536,3.000
2.159,5.553,3.000
2.150,5.595,3.000
2.119,5.578,3.000
2.090,5.569,3.000
2.068,5.577,3.000
2.043,5.577,3.000
2.028,5.602,3.000
2.009,5.618,3.000
1.984,5.618,3.000
1.962,5.625,3.000
2.009,5.835,3.000
1.964,5.777,3.000
1.892,5.639,3.000
1.873,5.655,3.000
1.848,5.654,3.000
1.834,5.687,3.000
1.803,5.668,3.000
1.787,5.693,3.000
1.759,5.682,3.000
1.739,5.698,3.000
1.717,5.705,3.000
1.692,5.703,3.000
1.669,5.709,3.000
1.652,5.733,3.000
1.625,5.722,3.000
1.602,5.729,3.000
1.582,5.744,3.000
1.562,5.759,3.000
1.537,5.756,3.000
1.514,5.762,3.000
1.489,5.759,3.000
1.465,5.756,3.000
1.444,5.770,3.000
1.419,5.767,3.000
1.392,5.755,3.000
1.378,5.796,3.000
1.353,5.792,3.000
1.329,5.789,3.000
1.306,5.794,3.000
1.287,5.817,3.000
1.262,5.813,3.000
1.241,5.827,3.000
1.217,5.823,3.000
1.196,5.836,3.000
1.167,5.814,3.000
1.189,6.047,3.000
1.125,5.841,3.000
1.104,5.854,3.000
1.076,5.832,3.000
1.058,5.863,3.000
1.036,5.876,3.000
1.007,5.844,3.000
1.023,6.077,3.000
0.970,5.906,3.000
0.945,5.901,3.000
0.917,5.868,3.000
0.928,6.101,3.000
0.903,6.096,3.000
0.850,5.897,3.000
0.827,5.900,3.000
0.804,5.903,3.000
0.776,5.870,3.000
0.757,5.909,3.000
0.734,5.912,3.000
0.711,5.915,3.000
0.679,5.844,3.000
0.686,6.116,3.000
0.641,5.923,3.000
0.609,5.843,3.000
0.593,5.910,3.000
0.563,5.838,3.000
0.541,5.850,3.000
0.518,5.861,3.000
0.496,5.872,3.000
0.478,5.929,3.000
0.450,5.876,3.000
0.428,5.896,3.000
0.403,5.861,3.000
0.393,6.071,3.000
0.369,6.072,3.000
0.334,5.865,3.000
0.315,5.958,3.000
0.291,5.941,3.000
0.264,5.850,3.000
0.245,5.953,3.000
0.227,6.088,3.000
0.202,6.071,3.000
0.175,5.964,3.000
0.149,5.873,3.000
0.126,5.873,3.000
0.103,5.874,3.000
0.080,5.874,3.000
0.057,5.893,3.000
0.035,5.976,3.000
0.011,5.921,3.000
-0.012,5.865,3.000
-0.036,5.967,3.000
-0.058,5.865,3.000
-0.081,5.865,3.000
-0.105,5.883,3.000
-0.127,5.873,3.000
-0.152,5.946,3.000
-0.180,6.090,3.000
-0.203,6.071,3.000
-0.219,5.842,3.000
-0.252,6.087,3.000
-0.274,6.051,3.000
-0.289,5.867,3.000
-0.311,5.857,3.000
-0.334,5.856,3.000
-0.363,5.946,3.000
-0.386,5.936,3.000
-0.401,5.823,3.000
-0.433,5.942,3.000
-0.456,5.940,3.000
-0.474,5.874,3.000
-0.510,6.026,3.000
-0.537,6.060,3.000
-0.549,5.932,3.000
-0.573,5.930,3.000
-0.609,6.053,3.000
-0.633,6.059,3.000
-0.629,5.803,3.000
-0.665,5.911,3.000
-0.680,5.844,3.000
-0.702,5.832,3.000
-0.750,6.028,3.000
-0.772,6.016,3.000
-0.768,5.805,3.000
-0.791,5.802,3.000
-0.817,5.817,3.000
-0.841,5.823,3.000
-0.854,5.755,3.000
-0.885,5.807,3.000
-0.909,5.813,3.000
-0.931,5.800,3.000
-0.987,6.003,3.000
-1.008,5.981,3.000
-0.996,5.771,3.000
-1.022,5.785,3.000
-1.041,5.763,3.000
-1.074,5.813,3.000
-1.091,5.782,3.000
-1.116,5.787,3.000
-1.129,5.736,3.000
-1.156,5.750,3.000
-1.180,5.755,3.000
-1.203,5.750,3.000
-1.219,5.718,3.000
-1.248,5.740,3.000
-1.270,5.736,3.000
-1.295,5.740,3.000
-1.309,5.698,3.000
-1.340,5.729,3.000
-1.360,5.715,3.000
-1.380,5.700,3.000
-1.403,5.695,3.000
-1.425,5.689,3.000
-1.450,5.693,3.000
-1.470,5.678,3.000
-1.550,5.892,3.000
-1.519,5.684,3.000
-1.539,5.669,3.000
-1.551,5.627,3.000
-1.581,5.648,3.000
-1.684,5.928,3.000
-1.686,5.845,3.000
-1.645,5.620,3.000
-1.651,5.559,3.000
-1.694,5.625,3.000
-1.724,5.645,3.000
-1.738,5.611,3.000
-1.735,5.524,3.000
-1.774,5.571,3.000
-1.866,5.781,3.000
-1.797,5.494,3.000
-1.845,5.567,3.000
-1.852,5.516,3.000
-1.889,5.553,3.000
-1.898,5.510,3.000
-1.914,5.485,3.000
-1.969,5.574,3.000
-1.979,5.531,3.000
-1.978,5.462,3.000
-1.996,5.445,3.000
-2.037,5.490,3.000
-2.056,5.473,3.000
-2.090,5.500,3.000
-2.098,5.457,3.000
-2.140,5.501,3.000
-2.148,5.458,3.000
-2.170,5.449,3.000
-2.187,5.432,3.000
-2.223,5.458,3.000
-2.237,5.432,3.000
-2.258,5.423,3.000
-2.276,5.406,3.000
-2.301,5.405,3.000
-2.322,5.396,3.000
-2.347,5.395,3.000
-2.364,5.378,3.000
-2.382,5.360,3.000
-2.403,5.350,3.000
-2.424,5.341,3.000
-2.449,5.340,3.000
-2.469,5.330,3.000
-2.490,5.321,3.000
-2.503,5.294,3.000
-2.524,5.284,3.000
-2.648,5.487,3.000
-2.669,5.477,3.000
-2.667,5.418,3.000
-2.615,5.260,3.000
-2.610,5.200,3.000
-2.652,5.231,3.000
-2.681,5.238,3.000
-2.702,5.227,3.000
-2.777,5.322,3.000
-2.802,5.319,3.000
-2.767,5.203,3.000
-2.743,5.109,3.000
-2.799,5.165,3.000
-2.924,5.345,3.000
-2.835,5.134,3.000
-2.927,5.252,3.000
-2.952,5.248,3.000
-2.959,5.213,3.000
-2.920,5.097,3.000
-2.902,5.021,3.000
-2.960,5.074,3.000
-2.970,5.047,3.000
-3.065,5.161,3.000
-3.141,5.241,3.000
-3.015,4.987,3.000
-3.010,4.935,3.000
-3.014,4.899,3.000
-3.059,4.927,3.000
-3.073,4.907,3.000
-3.097,4.903,3.000
-3.116,4.891,3.000
-3.130,4.871,3.000
-3.270,5.045,3.000
-3.169,4.846,3.000
-3.198,4.849,3.000
-3.212,4.829,3.000
-3.225,4.808,3.000
-3.228,4.772,3.000
-3.268,4.791,3.000
-3.298,4.793,3.000
-3.317,4.780,3.000
-3.330,4.760,3.000
-3.487,4.942,3.000
-3.453,4.854,3.000
-3.375,4.705,3.000
-3.399,4.699,3.000
-3.412,4.678,3.000
-3.562,4.844,3.000
-3.581,4.829,3.000
-3.466,4.637,3.000
-3.479,4.616,3.000
-3.503,4.610,3.000
-3.527,4.604,3.000
-3.669,4.751,3.000
-3.699,4.751,3.000
-3.575,4.555,3.000
-3.604,4.555,3.000
-3.610,4.526,3.000
-3.773,4.692,3.000
-3.786,4.670,3.000
-3.663,4.484,3.000
-3.638,4.417,3.000
-3.650,4.396,3.000
-3.673,4.389,3.000
-3.671,4.352,3.000
-3.670,4.315,3.000
-3.712,4.330,3.000
-3.754,4.345,3.000
-3.900,4.479,3.000
-3.756,4.279,3.000
-3.805,4.301,3.000
-3.803,4.264,3.000
-3.819,4.249,3.000
-3.842,4.241,3.000
-3.846,4.212,3.000
-3.856,4.190,3.000
-3.899,4.203,3.000
-3.895,4.166,3.000
-3.912,4.151,3.000
-3.881,4.086,3.000
-3.904,4.078,3.000
-4.000,4.146,3.000
-3.983,4.096,3.000
-3.985,4.066,3.000
-4.008,4.058,3.000
-4.024,4.042,3.000
-4.054,4.040,3.000
-4.069,4.024,3.000
-4.058,3.981,3.000
-4.101,3.992,3.000
-4.117,3.976,3.000
-4.125,3.953,3.000
-4.210,4.002,3.000
-4.321,4.075,3.000
-4.150,3.884,3.000
-4.173,3.874,3.000
-4.216,3.884,3.000
-4.217,3.854,3.000
-4.400,3.990,3.000
-4.436,3.991,3.000
-4.417,3.943,3.000
-4.270,3.781,3.000
-4.292,3.771,3.000
-4.321,3.767,3.000
-4.307,3.724,3.000
-4.336,3.720,3.000
-4.351,3.703,3.000
-4.358,3.680,3.000
-4.372,3.663,3.000
-4.394,3.652,3.000
-4.576,3.772,3.000
-4.605,3.766,3.000
-4.576,3.713,3.000
-4.473,3.600,3.000
-4.480,3.577,3.000
-4.546,3.601,3.000
-4.560,3.583,3.000
-4.597,3.582,3.000
-4.581,3.541,3.000
-4.610,3.534,3.000
-4.601,3.499,3.000
-4.630,3.492,3.000
-4.628,3.463,3.000
-4.672,3.467,3.000
-4.624,3.404,3.000
-4.684,3.419,3.000
-4.697,3.401,3.000
-4.703,3.377,3.000
-4.755,3.386,3.000
-4.722,3.334,3.000
-4.750,3.327,3.000
-4.732,3.286,3.000
-4.807,3.311,3.000
-4.828,3.297,3.000
-4.778,3.236,3.000
-4.791,3.217,3.000
-4.835,3.219,3.000
-4.840,3.195,3.000
-4.939,3.232,3.000
-5.058,3.282,3.000
-4.772,3.070,3.000
-4.865,3.103,3.000
-4.837,3.059,3.000
-4.808,3.014,3.000
-4.844,3.010,3.000
-4.889,3.011,3.000
-4.901,2.992,3.000
-4.888,2.958,3.000
-4.899,2.939,3.000
-4.903,2.915,3.000
-4.922,2.900,3.000
-4.942,2.886,3.000
-4.937,2.857,3.000
-4.956,2.842,3.000
-4.967,2.823,3.000
-4.995,2.813,3.000
-4.989,2.784,3.000
-5.017,2.773,3.000
-5.019,2.749,3.000
-5.005,2.715,3.000
-5.015,2.696,3.000
-5.043,2.685,3.000
-5.070,2.674,3.000
-5.123,2.677,3.000
-5.250,2.717,3.000
-5.084,2.606,3.000
-5.103,2.590,3.000
-5.113,2.570,3.000
-5.106,2.541,3.000
-5.072,2.500,3.000
-5.135,2.505,3.000
-5.153,2.489,3.000
-5.163,2.469,3.000
-5.164,2.445,3.000
-5.199,2.437,3.000
-5.156,2.392,3.000
-5.183,2.380,3.000
-5.210,2.367,3.000
-5.211,2.343,3.000
-5.220,2.322,3.000
-5.229,2.302,3.000
-5.229,2.277,3.000
-5.463,2.354,3.000
-5.464,2.329,3.000
-5.464,2.304,3.000
-5.282,2.203,3.000
-5.317,2.193,3.000
-5.290,2.157,3.000
-5.308,2.140,3.000
-5.298,2.112,3.000
-5.333,2.102,3.000
-5.517,2.149,3.000
-5.332,2.053,3.000
-5.340,2.032,3.000
-5.550,2.088,3.000
-5.550,2.063,3.000
-5.345,1.962,3.000
-5.371,1.948,3.000
-5.378,1.927,3.000
-5.359,1.896,3.000
-5.384,1.881,3.000
-5.401,1.864,3.000
-5.426,1.849,3.000
-5.433,1.827,3.000
-5.672,1.882,3.000
-5.457,1.787,3.000
-5.436,1.757,3.000
-5.443,1.736,3.000
-5.441,1.712,3.000
-5.466,1.696,3.000
-5.435,1.663,3.000
-5.470,1.650,3.000
-5.467,1.626,3.000
-5.492,1.610,3.000
-5.715,1.651,3.000
-5.712,1.626,3.000
-5.692,1.596,3.000
-5.734,1.583,3.000
-5.513,1.499,3.000
-5.519,1.478,3.000
-5.525,1.456,3.000
-5.521,1.432,3.000
-5.517,1.408,3.000
-5.532,1.388,3.000
-5.547,1.369,3.000
-5.552,1.347,3.000
-5.548,1.323,3.000
-5.729,1.343,3.000
-5.788,1.332,3.000
-5.784,1.308,3.000
-5.762,1.279,3.000
-5.582,1.216,3.000
-5.587,1.194,3.000
-5.601,1.174,3.000
-5.596,1.150,3.000
-5.582,1.124,3.000
-5.615,1.108,3.000
-5.590,1.081,3.000
-5.604,1.060,3.000
-5.608,1.038,3.000
-5.631,1.020,3.000
-5.635,0.998,3.000
-5.620,0.972,3.000
-5.643,0.953,3.000
-5.637,0.930,3.000
-5.641,0.908,3.000
-5.644,0.885,3.000
-5.667,0.866,3.000
-5.632,0.838,3.000
-5.654,0.819,3.000
-5.676,0.799,3.000
-5.660,0.775,3.000
-5.663,0.752,3.000
-5.676,0.731,3.000
-5.866,0.732,3.000
-5.869,0.709,3.000
-5.646,0.660,3.000
-5.715,0.645,3.000
-5.680,0.619,3.000
-5.701,0.598,3.000
-5.900,0.596,3.000
-5.921,0.575,3.000
-5.905,0.550,3.000
-5.681,0.506,3.000
-5.702,0.486,3.000
-5.685,0.462,3.000
-5.715,0.442,3.000
-5.736,0.421,3.000
-5.907,0.410,3.000
-5.701,0.373,3.000
-5.702,0.351,3.000
-5.713,0.329,3.000
-5.940,0.318,3.000
-5.904,0.293,3.000
-5.717,0.261,3.000
-5.727,0.239,3.000
-5.699,0.216,3.000
-5.739,0.195,3.000
-5.730,0.172,3.000
-5.731,0.149,3.000
-5.712,0.127,3.000
-5.712,0.104,3.000
-5.684,0.081,3.000
-5.723,0.059,3.000
-5.930,0.038,3.000
-5.930,0.015,3.000
-5.713,-0.008,3.000
-5.723,-0.030,3.000
-5.723,-0.053,3.000
-5.713,-0.075,3.000
-5.722,-0.098,3.000
-5.712,-0.120,3.000
-5.721,-0.143,3.000
-5.918,-0.171,3.000
-5.710,-0.187,3.000
-5.944,-0.218,3.000
-5.766,-0.235,3.000
-5.897,-0.263,3.000
-5.706,-0.277,3.000
-5.715,-0.300,3.000
-5.694,-0.321,3.000
-5.703,-0.344,3.000
-5.692,-0.366,3.000
-5.710,-0.390,3.000
-5.915,-0.427,3.000
-5.697,-0.434,3.000
-5.714,-0.458,3.000
-5.703,-0.479,3.000
-5.889,-0.518,3.000
-5.718,-0.526,3.000
-5.687,-0.545,3.000
-5.675,-0.567,3.000
-5.711,-0.593,3.000
-5.671,-0.611,3.000
-5.668,-0.634,3.000
-5.675,-0.657,3.000
-5.682,-0.680,3.000
-5.876,-0.727,3.000
-5.667,-0.724,3.000
-5.674,-0.747,3.000
-5.894,-0.800,3.000
-5.658,-0.790,3.000
-5.655,-0.813,3.000
-5.661,-0.836,3.000
-5.696,-0.864,3.000
-5.636,-0.878,3.000
-5.642,-0.901,3.000
-5.648,-0.925,3.000
-5.884,-0.987,3.000
-5.844,-1.004,3.000
-5.598,-0.985,3.000
-5.632,-1.014,3.000
-5.619,-1.034,3.000
-5.605,-1.054,3.000
-5.611,-1.078,3.000
-5.606,-1.100,3.000
-5.602,-1.122,3.000
-5.616,-1.148,3.000
-5.796,-1.208,3.000
-5.737,-1.219,3.000
-5.593,-1.212,3.000
-5.616,-1.240,3.000
-5.546,-1.247,3.000
-5.541,-1.269,3.000
-5.564,-1.297,3.000
-5.559,-1.319,3.000
-5.554,-1.341,3.000
-5.567,-1.367,3.000
-5.552,-1.387,3.000
-5.556,-1.411,3.000
-5.541,-1.430,3.000
-5.600,-1.469,3.000
-5.530,-1.474,3.000
-5.515,-1.493,3.000
-5.499,-1.512,3.000
-5.703,-1.592,3.000
-5.802,-1.644,3.000
-5.690,-1.637,3.000
-5.567,-1.625,3.000
-5.478,-1.622,3.000
-5.554,-1.669,3.000
-5.484,-1.671,3.000
-5.778,-1.786,3.000
-5.737,-1.798,3.000
-5.721,-1.817,3.000
-5.520,-1.777,3.000
-5.431,-1.772,3.000
-5.515,-1.824,3.000
-5.490,-1.839,3.000
-5.483,-1.861,3.000
-5.475,-1.882,3.000
-5.477,-1.907,3.000
-5.678,-2.002,3.000
-5.636,-2.012,3.000
-5.472,-1.978,3.000
-5.464,-1.999,3.000
-5.447,-2.017,3.000
-5.422,-2.032,3.000
-5.449,-2.067,3.000
-5.405,-2.075,3.000
-5.415,-2.103,3.000
-5.389,-2.117,3.000
-5.363,-2.131,3.000
-5.390,-2.166,3.000
-5.364,-2.180,3.000
-5.355,-2.201,3.000
-5.311,-2.208,3.000
-5.338,-2.243,3.000
-5.355,-2.275,3.000
-5.329,-2.289,3.000
-5.556,-2.412,3.000
-5.302,-2.327,3.000
-5.310,-2.355,3.000
-5.301,-2.376,3.000
-5.476,-2.481,3.000
-5.256,-2.406,3.000
-5.255,-2.430,3.000
-5.263,-2.459,3.000
-5.236,-2.472,3.000
-5.418,-2.584,3.000
-5.199,-2.504,3.000
-5.189,-2.525,3.000
-5.205,-2.558,3.000
-5.186,-2.574,3.000
-5.168,-2.590,3.000
-5.157,-2.610,3.000
-5.164,-2.639,3.000
-5.162,-2.664,3.000
-5.143,-2.679,3.000
-5.133,-2.700,3.000
-5.114,-2.715,3.000
-5.103,-2.735,3.000
-5.101,-2.760,3.000
-5.098,-2.784,3.000
-5.273,-2.907,3.000
-5.246,-2.919,3.000
-5.023,-2.821,3.000
-5.062,-2.869,3.000
-5.001,-2.860,3.000
-5.023,-2.899,3.000
-5.011,-2.919,3.000
-5.000,-2.938,3.000
-4.980,-2.953,3.000
-5.159,-3.087,3.000
-4.965,-2.997,3.000
-5.135,-3.127,3.000
-4.941,-3.036,3.000
-4.945,-3.065,3.000
-4.909,-3.070,3.000
-4.897,-3.089,3.000
-5.072,-3.227,3.000
-4.873,-3.127,3.000
-4.844,-3.136,3.000
-4.848,-3.165,3.000
-5.066,-3.336,3.000
-5.001,-3.321,3.000
-4.802,-3.217,3.000
-4.806,-3.246,3.000
-4.777,-3.255,3.000
-4.948,-3.399,3.000
-4.934,-3.419,3.000
-4.754,-3.321,3.000
-4.741,-3.340,3.000
-4.736,-3.364,3.000
-4.715,-3.377,3.000
-4.694,-3.390,3.000
-4.703,-3.425,3.000
-4.667,-3.427,3.000
-4.661,-3.451,3.000
-4.685,-3.497,3.000
-4.626,-3.482,3.000
-4.612,-3.500,3.000
-4.599,-3.518,3.000
-4.577,-3.530,3.000
-4.563,-3.548,3.000
-4.564,-3.578,3.000
-4.543,-3.590,3.000
-4.695,-3.740,3.000
-4.688,-3.764,3.000
-4.666,-3.777,3.000
-4.501,-3.672,3.000
-4.472,-3.678,3.000
-4.486,-3.720,3.000
-4.450,-3.719,3.000
-4.584,-3.862,3.000
-4.420,-3.754,3.000
-4.391,-3.759,3.000
-4.377,-3.776,3.000
-4.376,-3.806,3.000
-4.361,-3.823,3.000
-4.339,-3.834,3.000
-4.338,-3.863,3.000
-4.316,-3.874,3.000
-4.293,-3.884,3.000
-4.285,-3.908,3.000
-4.270,-3.924,3.000
-4.254,-3.941,3.000
-4.266,-3.984,3.000
-4.216,-3.968,3.000
-4.201,-3.984,3.000
-4.178,-3.994,3.000
-4.176,-4.024,3.000
-4.140,-4.020,3.000
-4.144,-4.057,3.000
-4.175,-4.119,3.000
-4.119,-4.096,3.000
-4.090,-4.098,3.000
-4.094,-4.135,3.000
-4.130,-4.204,3.000
-4.048,-4.153,3.000
-4.084,-4.223,3.000
-4.125,-4.299,3.000
-4.050,-4.255,3.000
-3.982,-4.216,3.000
-3.965,-4.232,3.000
-3.962,-4.261,3.000
-3.932,-4.263,3.000
-3.922,-4.285,3.000
-3.860,-4.251,3.000
-3.901,-4.330,3.000
-3.940,-4.408,3.000
-3.977,-4.485,3.000
-4.024,-4.574,3.000
-4.000,-4.583,3.000
-3.839,-4.434,3.000
-3.822,-4.449,3.000
-3.811,-4.471,3.000
-3.787,-4.479,3.000
-3.910,-4.661,3.000
-3.758,-4.516,3.000
-3.746,-4.537,3.000
-3.728,-4.552,3.000
-3.710,-4.567,3.000
-3.686,-4.574,3.000
-3.663,-4.581,3.000
-3.644,-4.595,3.000
-3.638,-4.624,3.000
-3.614,-4.631,3.000
-3.590,-4.638,3.000
-3.583,-4.667,3.000
-3.559,-4.673,3.000
-3.535,-4.680,3.000
-3.522,-4.701,3.000
-3.510,-4.723,3.000
-3.491,-4.736,3.000
-3.467,-4.742,3.000
-3.443,-4.748,3.000
-3.424,-4.762,3.000
-3.411,-4.783,3.000
-3.397,-4.804,3.000
-3.378,-4.817,3.000
-3.349,-4.815,3.000
-3.341,-4.844,3.000
-3.311,-4.841,3.000
-3.292,-4.854,3.000
-3.278,-4.875,3.000
-3.259,-4.888,3.000
-3.240,-4.900,3.000
-3.231,-4.929,3.000
-3.196,-4.918,3.000
-3.192,-4.954,3.000
-3.162,-4.951,3.000
-3.148,-4.971,3.000
-3.128,-4.983,3.000
-3.094,-4.972,3.000
-3.084,-5.000,3.000
-3.060,-5.004,3.000
-3.045,-5.024,3.000
-3.020,-5.028,3.000
-3.001,-5.040,3.000
-2.986,-5.059,3.000
-2.966,-5.071,3.000
-2.932,-5.058,3.000
-2.958,-5.150,3.000
-2.887,-5.073,3.000
-2.895,-5.133,3.000
-2.875,-5.144,3.000
-2.832,-5.115,3.000
-2.825,-5.151,3.000
-2.809,-5.170,3.000
-2.785,-5.173,3.000
-2.773,-5.200,3.000
-2.740,-5.186,3.000
-2.715,-5.188,3.000
-2.703,-5.216,3.000
-2.774,-5.404,3.000
-2.761,-5.431,3.000
-2.732,-5.426,3.000
-2.714,-5.445,3.000
-2.613,-5.293,3.000
-2.567,-5.253,3.000
-2.555,-5.280,3.000
-2.518,-5.256,3.000
-2.611,-5.505,3.000
-2.593,-5.523,3.000
-2.487,-5.353,3.000
-2.534,-5.511,3.000
-2.437,-5.355,3.000
-2.409,-5.348,3.000
-2.399,-5.383,3.000
-2.374,-5.384,3.000
-2.444,-5.600,3.000
-2.408,-5.577,3.000
-2.311,-5.411,3.000
-2.286,-5.412,3.000
-2.286,-5.472,3.000
-2.240,-5.421,3.000
-2.229,-5.455,3.000
-2.204,-5.455,3.000
-2.176,-5.447,3.000
-2.144,-5.429,3.000
-2.212,-5.667,3.000
-2.118,-5.489,3.000
-2.171,-5.693,3.000
-2.152,-5.709,3.000
-2.050,-5.505,3.000
-2.032,-5.522,3.000
-2.013,-5.539,3.000
-1.988,-5.538,3.000
-2.039,-5.750,3.000
-2.011,-5.742,3.000
-1.979,-5.724,3.000
-1.966,-5.757,3.000
-1.879,-5.576,3.000
-1.878,-5.644,3.000
-1.838,-5.599,3.000
-1.825,-5.633,3.000
-1.789,-5.596,3.000
-1.772,-5.620,3.000
-1.767,-5.680,3.000
-1.723,-5.616,3.000
-1.784,-5.899,3.000
-1.761,-5.906,3.000
-1.656,-5.636,3.000
-1.655,-5.714,3.000
-1.632,-5.720,3.000
-1.612,-5.735,3.000
-1.592,-5.750,3.000
-1.562,-5.730,3.000
-1.547,-5.763,3.000
-1.517,-5.742,3.000
-1.553,-5.973,3.000
-1.481,-5.789,3.000
-1.504,-5.976,3.000
-1.489,-6.016,3.000
-1.459,-5.996,3.000
-1.388,-5.803,3.000
-1.363,-5.799,3.000
-1.332,-5.769,3.000
-1.318,-5.810,3.000
-1.332,-5.981,3.000
-1.305,-5.969,3.000
-1.287,-6.000,3.000
-1.267,-6.022,3.000
-1.192,-5.781,3.000
-1.177,-5.821,3.000
-1.158,-5.844,3.000
-1.131,-5.831,3.000
-1.108,-5.835,3.000
-1.089,-5.857,3.000
-1.066,-5.861,3.000
-1.041,-5.857,3.000
-1.026,-5.906,3.000
-1.000,-5.892,3.000
-1.006,-6.071,3.000
-0.975,-6.032,3.000
-0.961,-6.096,3.000
-0.903,-5.879,3.000
-0.882,-5.901,3.000
-0.889,-6.107,3.000
-0.866,-6.119,3.000
-0.819,-5.956,3.000
-0.788,-5.905,3.000
-0.765,-5.908,3.000
-0.741,-5.902,3.000
-0.723,-5.950,3.000
-0.695,-5.908,3.000
-0.672,-5.919,3.000
-0.647,-5.904,3.000
-0.625,-5.915,3.000
-0.602,-5.918,3.000
-0.575,-5.884,3.000
-0.574,-6.127,3.000
-0.551,-6.138,3.000
-0.528,-6.149,3.000
-0.502,-6.133,3.000
-0.461,-5.921,3.000
-0.442,-5.978,3.000
-0.416,-5.934,3.000
-0.392,-5.935,3.000
-0.370,-5.955,3.000
-0.346,-5.938,3.000
-0.323,-5.958,3.000
-0.299,-5.941,3.000
-0.277,-5.960,3.000
-0.258,-6.078,3.000
-0.238,-6.175,3.000
-0.213,-6.159,3.000
-0.183,-5.964,3.000
-0.164,-6.143,3.000
-0.140,-6.144,3.000
-0.116,-6.153,3.000
-0.089,-5.920,3.000
-0.066,-5.957,3.000
-0.044,-6.136,3.000
-0.019,-5.967,3.000
0.004,-5.939,3.000
0.028,-5.948,3.000
0.051,-5.957,3.000
0.074,-5.930,3.000
0.098,-5.957,3.000
0.121,-5.956,3.000
0.144,-5.947,3.000
0.168,-5.964,3.000
0.191,-5.954,3.000
0.214,-5.945,3.000
0.246,-6.158,3.000
0.270,-6.139,3.000
0.293,-6.121,3.000
0.319,-6.154,3.000
0.333,-5.976,3.000
0.355,-5.947,3.000
0.378,-5.936,3.000
0.402,-5.953,3.000
0.424,-5.933,3.000
0.446,-5.913,3.000
0.471,-5.930,3.000
0.494,-5.928,3.000
0.534,-6.113,3.000
0.536,-5.869,3.000
0.564,-5.922,3.000
0.584,-5.892,3.000
0.610,-5.917,3.000
0.630,-5.878,3.000
0.676,-6.081,3.000
0.694,-6.035,3.000
0.704,-5.916,3.000
0.724,-5.886,3.000
0.747,-5.883,3.000
0.771,-5.889,3.000
0.791,-5.858,3.000
0.818,-5.883,3.000
0.869,-6.075,3.000
0.864,-5.876,3.000
0.881,-5.836,3.000
0.907,-5.851,3.000
0.930,-5.847,3.000
0.953,-5.844,3.000
0.976,-5.840,3.000
0.997,-5.827,3.000
1.025,-5.850,3.000
1.048,-5.846,3.000
1.068,-5.824,3.000
1.090,-5.820,3.000
1.113,-5.815,3.000
1.140,-5.829,3.000
1.148,-5.752,3.000
1.185,-5.820,3.000
1.212,-5.833,3.000
1.229,-5.801,3.000
1.254,-5.805,3.000
1.282,-5.827,3.000
1.295,-5.777,3.000
1.324,-5.799,3.000
1.343,-5.776,3.000
1.363,-5.762,3.000
1.381,-5.738,3.000
1.406,-5.742,3.000
1.431,-5.745,3.000
1.449,-5.722,3.000
1.525,-5.926,3.000
1.553,-5.937,3.000
1.523,-5.731,3.000
1.546,-5.725,3.000
1.566,-5.710,3.000
1.596,-5.730,3.000
1.608,-5.689,3.000
1.633,-5.691,3.000
1.658,-5.694,3.000
1.678,-5.678,3.000
1.705,-5.689,3.000
1.792,-5.896,3.000
1.747,-5.667,3.000
1.828,-5.849,3.000
1.872,-5.908,3.000
1.869,-5.817,3.000
1.900,-5.835,3.000
1.852,-5.614,3.000
1.880,-5.624,3.000
1.911,-5.643,3.000
1.924,-5.609,3.000
1.943,-5.593,3.000
1.965,-5.585,3.000
1.996,-5.603,3.000
2.009,-5.570,3.000
2.037,-5.579,3.000
2.059,-5.571,3.000
2.081,-5.563,3.000
2.096,-5.537,3.000
2.105,-5.495,3.000
2.146,-5.538,3.000
2.171,-5.538,3.000
2.186,-5.512,3.000
2.204,-5.495,3.000
2.304,-5.678,3.000
2.226,-5.426,3.000
2.348,-5.660,3.000
2.294,-5.468,3.000
2.315,-5.459,3.000
2.333,-5.442,3.000
2.365,-5.458,3.000
2.379,-5.432,3.000
2.397,-5.414,3.000
2.396,-5.354,3.000
2.428,-5.370,3.000
2.468,-5.402,3.000
2.568,-5.563,3.000
2.670,-5.724,3.000
2.559,-5.430,3.000
2.553,-5.363,3.000
2.601,-5.410,3.000
2.623,-5.400,3.000
2.656,-5.414,3.000
2.759,-5.569,3.000
2.666,-5.328,3.000
2.678,-5.301,3.000
2.728,-5.347,3.000
2.818,-5.471,3.000
2.880,-5.536,3.000
2.881,-5.487,3.000
2.808,-5.296,3.000
2.820,-5.269,3.000
2.875,-5.321,3.000
2.843,-5.214,3.000
2.903,-5.275,3.000
2.915,-5.248,3.000
2.931,-5.228,3.000
2.956,-5.225,3.000
3.069,-5.374,3.000
3.090,-5.362,3.000
3.031,-5.213,3.000
3.038,-5.177,3.000
3.054,-5.158,3.000
3.079,-5.153,3.000
3.108,-5.157,3.000
3.114,-5.121,3.000
3.139,-5.117,3.000
3.150,-5.089,3.000
3.287,-5.264,3.000
3.214,-5.102,3.000
3.332,-5.245,3.000
3.362,-5.247,3.000
3.355,-5.190,3.000
3.278,-5.029,3.000
3.414,-5.192,3.000
3.430,-5.172,3.000
3.469,-5.187,3.000
3.357,-4.977,3.000
3.361,-4.941,3.000
3.396,-4.950,3.000
3.415,-4.937,3.000
3.435,-4.923,3.000
3.464,-4.924,3.000
3.586,-5.055,3.000
3.621,-5.061,3.000
3.490,-4.839,3.000
3.536,-4.862,3.000
3.555,-4.848,3.000
3.563,-4.820,3.000
3.582,-4.806,3.000
3.607,-4.799,3.000
3.620,-4.777,3.000
3.644,-4.770,3.000
3.657,-4.749,3.000
3.681,-4.742,3.000
3.706,-4.734,3.000
3.713,-4.705,3.000
3.737,-4.698,3.000
3.755,-4.683,3.000
3.768,-4.661,3.000
3.786,-4.647,3.000
3.810,-4.639,3.000
3.834,-4.631,3.000
3.847,-4.609,3.000
3.865,-4.594,3.000
3.871,-4.564,3.000
3.895,-4.556,3.000
3.913,-4.541,3.000
3.942,-4.539,3.000
3.954,-4.517,3.000
3.972,-4.501,3.000
3.983,-4.479,3.000
4.007,-4.470,3.000
4.018,-4.447,3.000
4.024,-4.418,3.000
4.202,-4.578,3.000
4.203,-4.543,3.000
4.226,-4.533,3.000
4.244,-4.516,3.000
4.128,-4.358,3.000
4.139,-4.335,3.000
4.162,-4.326,3.000
4.315,-4.449,3.000
4.338,-4.438,3.000
4.207,-4.270,3.000
4.242,-4.272,3.000
4.253,-4.249,3.000
4.257,-4.220,3.000
4.254,-4.184,3.000
4.290,-4.186,3.000
4.433,-4.293,3.000
4.481,-4.305,3.000
4.332,-4.129,3.000
4.335,-4.100,3.000
4.378,-4.108,3.000
4.555,-4.240,3.000
4.546,-4.199,3.000
4.419,-4.050,3.000
4.435,-4.032,3.000
4.451,-4.015,3.000
4.473,-4.003,3.000
4.489,-3.986,3.000
4.511,-3.974,3.000
4.520,-3.950,3.000
4.515,-3.915,3.000
4.578,-3.938,3.000
4.566,-3.897,3.000
4.588,-3.885,3.000
4.739,-3.980,3.000
4.598,-3.831,3.000
4.620,-3.819,3.000
4.649,-3.812,3.000
4.821,-3.922,3.000
4.823,-3.892,3.000
4.858,-3.889,3.000
4.708,-3.739,3.000
4.723,-3.720,3.000
4.737,-3.702,3.000
4.716,-3.655,3.000
4.759,-3.659,3.000
4.788,-3.651,3.000
4.780,-3.616,3.000
4.794,-3.597,3.000
4.809,-3.578,3.000
4.844,-3.576,3.000
4.836,-3.541,3.000
4.887,-3.548,3.000
4.864,-3.502,3.000
4.878,-3.483,3.000
4.899,-3.469,3.000
5.071,-3.562,3.000
5.050,-3.517,3.000
5.099,-3.522,3.000
4.960,-3.397,3.000
4.936,-3.352,3.000
4.987,-3.358,3.000
4.977,-3.323,3.000
5.005,-3.314,3.000
5.026,-3.299,3.000
5.039,-3.279,3.000
5.021,-3.240,3.000
5.242,-3.354,3.000
5.234,-3.319,3.000
5.261,-3.308,3.000
5.163,-3.218,3.000
5.084,-3.141,3.000
5.127,-3.140,3.000
5.124,-3.110,3.000
5.325,-3.204,3.000
5.323,-3.174,3.000
5.350,-3.162,3.000
5.195,-3.043,3.000
5.192,-3.014,3.000
5.204,-2.993,3.000
5.207,-2.968,3.000
5.211,-2.943,3.000
5.415,-3.031,3.000
5.250,-2.911,3.000
5.253,-2.886,3.000
5.265,-2.865,3.000
5.292,-2.853,3.000
5.287,-2.824,3.000
5.314,-2.812,3.000
5.365,-2.812,3.000
5.296,-2.749,3.000
5.339,-2.745,3.000
5.381,-2.740,3.000
5.344,-2.695,3.000
5.379,-2.686,3.000
5.365,-2.653,3.000
5.375,-2.632,3.000
5.426,-2.630,3.000
5.388,-2.585,3.000
5.430,-2.580,3.000
5.424,-2.551,3.000
5.618,-2.615,3.000
5.637,-2.597,3.000
5.654,-2.578,3.000
5.633,-2.542,3.000
5.465,-2.440,3.000
5.491,-2.426,3.000
5.509,-2.408,3.000
5.510,-2.383,3.000
5.690,-2.434,3.000
5.723,-2.422,3.000
5.733,-2.399,3.000
5.505,-2.279,3.000
5.547,-2.271,3.000
5.598,-2.266,3.000
5.539,-2.217,3.000
5.590,-2.212,3.000
5.591,-2.187,3.000
5.599,-2.165,3.000
5.608,-2.143,3.000
5.633,-2.127,3.000
5.616,-2.095,3.000
5.823,-2.147,3.000
5.831,-2.124,3.000
5.839,-2.101,3.000
5.840,-2.075,3.000
5.656,-1.985,3.000
5.672,-1.966,3.000
5.680,-1.943,3.000
5.679,-1.918,3.000
5.695,-1.899,3.000
5.711,-1.879,3.000
5.701,-1.851,3.000
5.717,-1.831,3.000
5.698,-1.801,3.000
5.722,-1.784,3.000
5.703,-1.753,3.000
5.736,-1.739,3.000
5.752,-1.719,3.000
5.750,-1.694,3.000
5.713,-1.658,3.000
5.745,-1.644,3.000
5.804,-1.636,3.000
5.971,-1.658,3.000
5.970,-1.632,3.000
5.797,-1.560,3.000
5.794,-1.535,3.000
5.817,-1.517,3.000
5.806,-1.490,3.000
5.820,-1.469,3.000
5.826,-1.446,3.000
5.841,-1.425,3.000
5.829,-1.398,3.000
5.816,-1.371,3.000
5.831,-1.350,3.000
5.800,-1.319,3.000
5.859,-1.309,3.000
5.855,-1.284,3.000
5.878,-1.264,3.000
5.865,-1.238,3.000
5.896,-1.220,3.000
5.865,-1.190,3.000
5.870,-1.167,3.000
5.883,-1.145,3.000
5.852,-1.115,3.000
5.910,-1.102,3.000
5.923,-1.081,3.000
5.910,-1.054,3.000
5.914,-1.031,3.000
5.909,-1.007,3.000
5.913,-0.983,3.000
5.952,-0.966,3.000
6.130,-0.970,3.000
6.142,-0.947,3.000
5.936,-0.892,3.000
5.940,-0.868,3.000
5.988,-0.851,3.000
5.929,-0.819,3.000
5.941,-0.797,3.000
5.953,-0.775,3.000
5.956,-0.752,3.000
5.977,-0.730,3.000
6.163,-0.729,3.000
6.123,-0.700,3.000
6.186,-0.682,3.000
6.188,-0.658,3.000
5.927,-0.607,3.000
6.124,-0.603,3.000
5.931,-0.560,3.000
5.961,-0.539,3.000
5.963,-0.516,3.000
5.983,-0.494,3.000
5.966,-0.469,3.000
5.995,-0.448,3.000
6.024,-0.426,3.000
5.990,-0.400,3.000
5.991,-0.376,3.000
5.984,-0.352,3.000
6.021,-0.331,3.000
6.004,-0.306,3.000
6.014,-0.283,3.000
6.006,-0.259,3.000
5.989,-0.235,3.000
6.008,-0.212,3.000
5.991,-0.188,3.000
6.001,-0.165,3.000
6.001,-0.141,3.000
5.956,-0.117,3.000
6.153,-0.096,3.000
6.214,-0.073,3.000
6.214,-0.048,3.000
6.030,-0.023,3.500
6.128,0.000,3.500
5.930,0.024,3.500
5.921,0.047,3.500
5.948,0.070,3.500
5.929,0.093,3.500
5.920,0.117,3.500
5.928,0.140,3.500
5.909,0.163,3.500
5.890,0.185,3.500
5.936,0.210,3.500
5.935,0.233,3.500
6.131,0.265,3.500
6.138,0.290,3.500
6.120,0.313,3.500
5.921,0.326,3.500
5.911,0.349,3.500
5.918,0.373,3.500
5.953,0.398,3.500
5.943,0.421,3.500
5.932,0.444,3.500
6.144,0.484,3.500
6.116,0.506,3.500
6.105,0.529,3.500
5.906,0.535,3.500
5.895,0.557,3.500
5.901,0.581,3.500
5.890,0.604,3.500
5.897,0.628,3.500
5.894,0.651,3.500
5.892,0.674,3.500
5.871,0.695,3.500
5.859,0.717,3.500
6.105,0.771,3.500
5.853,0.763,3.500
5.850,0.786,3.500
5.865,0.811,3.500
5.880,0.837,3.500
6.063,0.887,3.500
6.060,0.911,3.500
5.870,0.906,3.500
5.811,0.920,3.500
5.844,0.949,3.500
5.840,0.972,3.500
5.846,0.997,3.500
5.842,1.019,3.500
5.856,1.046,3.500
5.861,1.070,3.500
5.856,1.093,3.500
5.825,1.111,3.500
5.830,1.136,3.500
6.019,1.197,3.500
6.005,1.219,3.500
5.798,1.201,3.500
5.802,1.225,3.500
5.797,1.248,3.500
5.828,1.279,3.500
5.769,1.289,3.500
5.782,1.316,3.500
5.777,1.339,3.500
5.763,1.359,3.500
5.793,1.391,3.500
5.752,1.405,3.500
5.755,1.429,3.500
5.794,1.463,3.500
5.918,1.519,3.500
5.729,1.495,3.500
5.723,1.517,3.500
5.744,1.547,3.500
5.711,1.562,3.500
5.696,1.582,3.500
5.725,1.614,3.500
5.683,1.627,3.500
5.659,1.644,3.500
5.679,1.674,3.500
5.664,1.693,3.500
5.675,1.721,3.500
5.686,1.749,3.500
5.652,1.763,3.500
5.672,1.793,3.500
5.819,1.865,3.500
5.631,1.829,3.500
5.633,1.854,3.500
5.608,1.870,3.500
5.687,1.922,3.500
5.558,1.902,3.500
5.814,2.016,3.500
5.790,2.033,3.500
5.774,2.053,3.500
5.597,2.014,3.500
5.589,2.036,3.500
5.581,2.058,3.500
5.564,2.077,3.500
5.547,2.096,3.500
5.565,2.127,3.500
5.539,2.142,3.500
5.539,2.167,3.500
5.565,2.203,3.500
5.514,2.208,3.500
5.505,2.229,3.500
5.513,2.258,3.500
5.504,2.279,3.500
5.461,2.287,3.500
5.478,2.319,3.500
5.460,2.337,3.500
5.476,2.369,3.500
5.450,2.383,3.500
5.524,2.441,3.500
5.440,2.430,3.500
5.617,2.535,3.500
5.623,2.565,3.500
5.581,2.572,3.500
5.392,2.511,3.500
5.374,2.528,3.500
5.373,2.553,3.500
5.363,2.574,3.500
5.336,2.587,3.500
5.359,2.624,3.500
5.340,2.641,3.500
5.297,2.646,3.500
5.311,2.679,3.500
5.333,2.716,3.500
5.298,2.725,3.500
5.295,2.750,3.500
5.458,2.861,3.500
5.257,2.783,3.500
5.246,2.803,3.500
5.243,2.828,3.500
5.412,2.947,3.500
5.213,2.865,3.500
5.194,2.881,3.500
5.198,2.910,3.500
5.187,2.931,3.500
5.175,2.951,3.500
5.342,3.073,3.500
5.322,3.090,3.500
5.302,3.107,3.500
5.089,3.008,3.500
5.109,3.047,3.500
5.073,3.053,3.500
5.077,3.082,3.500
5.103,3.126,3.500
5.242,3.240,3.500
5.252,3.274,3.500
5.035,3.167,3.500
5.038,3.196,3.500
5.033,3.221,3.500
4.998,3.226,3.500
4.985,3.245,3.500
4.980,3.270,3.500
4.975,3.294,3.500
5.139,3.432,3.500
4.971,3.349,3.500
4.913,3.337,3.500
4.907,3.362,3.500
4.902,3.386,3.500
4.888,3.405,3.500
4.890,3.435,3.500
4.831,3.423,3.500
4.870,3.479,3.500
4.789,3.450,3.500
4.813,3.495,3.500
5.000,3.661,3.500
4.771,3.522,3.500
4.772,3.552,3.500
4.772,3.582,3.500
4.744,3.589,3.500
4.900,3.738,3.500
4.885,3.757,3.500
4.708,3.650,3.500
4.687,3.663,3.500
4.665,3.676,3.500
4.672,3.711,3.500
4.636,3.712,3.500
4.621,3.731,3.500
4.614,3.754,3.500
4.771,3.914,3.500
4.729,3.910,3.500
4.720,3.935,3.500
4.678,3.930,3.500
4.723,4.000,3.500
4.531,3.868,3.500
4.516,3.886,3.500
4.549,3.945,3.500
4.478,3.915,3.500
4.463,3.933,3.500
4.621,4.104,3.500
4.579,4.099,3.500
4.582,4.134,3.500
4.414,4.015,3.500
4.385,4.019,3.500
4.382,4.049,3.500
4.353,4.054,3.500
4.344,4.077,3.500
4.321,4.088,3.500
4.345,4.142,3.500
4.289,4.122,3.500
4.286,4.151,3.500
4.397,4.293,3.500
4.247,4.178,3.500
4.237,4.201,3.500
4.207,4.205,3.500
4.197,4.228,3.500
4.324,4.391,3.500
4.307,4.407,3.500
4.296,4.431,3.500
4.254,4.422,3.500
4.249,4.452,3.500
4.096,4.326,3.500
4.079,4.342,3.500
4.062,4.358,3.500
4.039,4.367,3.500
4.028,4.389,3.500
4.017,4.412,3.500
3.944,4.366,3.500
3.982,4.443,3.500
3.959,4.452,3.500
3.905,4.426,3.500
3.911,4.469,3.500
3.870,4.457,3.500
3.970,4.609,3.500
3.975,4.652,3.500
3.781,4.459,3.500
3.916,4.656,3.500
3.764,4.510,3.500
3.758,4.540,3.500
3.722,4.533,3.500
3.693,4.533,3.500
3.669,4.540,3.500
3.800,4.740,3.500
3.662,4.605,3.500
3.633,4.605,3.500
3.620,4.626,3.500
3.608,4.648,3.500
3.601,4.677,3.500
3.565,4.669,3.500
3.547,4.683,3.500
3.654,4.864,3.500
3.505,4.703,3.500
3.605,4.878,3.500
3.506,4.783,3.500
3.449,4.744,3.500
3.436,4.765,3.500
3.412,4.771,3.500
3.535,4.984,3.500
3.500,4.976,3.500
3.377,4.841,3.500
3.466,5.011,3.500
3.436,5.010,3.500
3.421,5.030,3.500
3.290,4.878,3.500
3.260,4.876,3.500
3.236,4.881,3.500
3.212,4.885,3.500
3.223,4.945,3.500
3.198,4.950,3.500
3.174,4.954,3.500
3.150,4.959,3.500
3.110,4.940,3.500
3.101,4.968,3.500
3.091,4.996,3.500
3.076,5.016,3.500
3.032,4.988,3.500
3.027,5.024,3.500
3.012,5.044,3.500
2.992,5.055,3.500
2.934,5.002,3.500
2.948,5.071,3.500
2.886,5.009,3.500
2.871,5.028,3.500
2.855,5.048,3.500
2.935,5.236,3.500
2.923,5.264,3.500
2.791,5.073,3.500
2.776,5.092,3.500
2.756,5.103,3.500
2.736,5.113,3.500
2.711,5.116,3.500
2.713,5.168,3.500
2.774,5.334,3.500
2.655,5.156,3.500
2.635,5.166,3.500
2.610,5.168,3.500
2.599,5.195,3.500
2.660,5.371,3.500
2.647,5.398,3.500
2.626,5.408,3.500
2.601,5.410,3.500
2.583,5.429,3.500
2.447,5.195,3.500
2.447,5.247,3.500
2.430,5.266,3.500
2.498,5.469,3.500
2.469,5.462,3.500
2.459,5.496,3.500
2.343,5.294,3.500
2.326,5.312,3.500
2.309,5.330,3.500
2.281,5.322,3.500
2.264,5.339,3.500
2.243,5.348,3.500
2.222,5.357,3.500
2.211,5.392,3.500
2.176,5.365,3.500
2.158,5.383,3.500
2.216,5.589,3.500
2.116,5.399,3.500
2.088,5.390,3.500
2.060,5.380,3.500
2.049,5.415,3.500
2.028,5.423,3.500
2.087,5.648,3.500
2.052,5.622,3.500
2.033,5.639,3.500
1.942,5.454,3.500
1.927,5.480,3.500
1.899,5.469,3.500
1.878,5.477,3.500
1.850,5.466,3.500
1.897,5.676,3.500
1.813,5.499,3.500
1.798,5.524,3.500
1.773,5.522,3.500
1.751,5.529,3.500
1.730,5.535,3.500
1.699,5.515,3.500
1.686,5.549,3.500
1.662,5.546,3.500
1.643,5.562,3.500
1.621,5.568,3.500
1.599,5.575,3.500
1.574,5.572,3.500
1.558,5.596,3.500
1.533,5.593,3.500
1.511,5.599,3.500
1.489,5.605,3.500
1.467,5.611,3.500
1.494,5.805,3.500
1.473,5.819,3.500
1.403,5.637,3.500
1.370,5.596,3.500
1.352,5.620,3.500
1.319,5.579,3.500
1.319,5.677,3.500
1.290,5.654,3.500
1.268,5.659,3.500
1.246,5.664,3.500
1.226,5.678,3.500
1.199,5.664,3.500
1.183,5.697,3.500
1.162,5.711,3.500
1.136,5.697,3.500
1.112,5.692,3.500
1.088,5.687,3.500
1.067,5.700,3.500
1.043,5.695,3.500
1.017,5.680,3.500
1.000,5.712,3.500
0.976,5.707,3.500
0.989,5.921,3.500
0.933,5.724,3.500
0.944,5.937,3.500
0.885,5.712,3.500
0.862,5.716,3.500
0.840,5.719,3.500
0.818,5.722,3.500
0.798,5.744,3.500
0.775,5.747,3.500
0.753,5.750,3.500
0.729,5.744,3.500
0.706,5.747,3.500
0.685,5.759,3.500
0.662,5.761,3.500
0.641,5.773,3.500
0.617,5.766,3.500
0.593,5.759,3.500
0.567,5.724,3.500
0.549,5.773,3.500
0.528,5.794,3.500
0.504,5.777,3.500
0.480,5.770,3.500
0.460,5.800,3.500
0.434,5.764,3.500
0.414,5.803,3.500
0.404,5.989,3.500
0.381,6.000,3.500
0.346,5.808,3.500
0.322,5.781,3.500
0.299,5.792,3.500
0.277,5.802,3.500
0.254,5.803,3.500
0.232,5.814,3.500
0.209,5.824,3.500
0.185,5.787,3.500
0.162,5.778,3.500
0.139,5.769,3.500
0.117,5.798,3.500
0.095,5.799,3.500
0.072,5.808,3.500
0.049,5.799,3.500
0.026,5.780,3.500
0.003,5.799,3.500
-0.020,5.994,3.500
-0.042,5.799,3.500
-0.065,5.789,3.500
-0.087,5.770,3.500
-0.110,5.789,3.500
-0.132,5.741,3.500
-0.156,5.788,3.500
-0.178,5.787,3.500
-0.201,5.796,3.500
-0.224,5.795,3.500
-0.248,5.832,3.500
-0.269,5.774,3.500
-0.292,5.792,3.500
-0.316,5.810,3.500
-0.341,5.846,3.500
-0.359,5.769,3.500
-0.383,5.787,3.500
-0.405,5.776,3.500
-0.428,5.774,3.500
-0.452,5.791,3.500
-0.474,5.780,3.500
-0.500,5.816,3.500
-0.519,5.776,3.500
-0.542,5.774,3.500
-0.567,5.800,3.500
-0.585,5.751,3.500
-0.609,5.758,3.500
-0.632,5.755,3.500
-0.668,5.874,3.500
-0.696,5.917,3.500
-0.699,5.747,3.500
-0.721,5.735,3.500
-0.743,5.732,3.500
-0.798,5.968,3.500
-0.792,5.755,3.500
-0.843,5.953,3.500
-0.834,5.729,3.500
-0.887,5.928,3.500
-0.915,5.951,3.500
-0.922,5.849,3.500
-0.915,5.659,3.500
-0.933,5.627,3.500
-0.960,5.652,3.500
-0.980,5.638,3.500
-1.051,5.910,3.500
-1.063,5.843,3.500
-1.083,5.821,3.500
-1.063,5.594,3.500
-1.087,5.599,3.500
-1.109,5.595,3.500
-1.133,5.600,3.500
-1.155,5.595,3.500
-1.175,5.581,3.500
-1.192,5.558,3.500
-1.223,5.591,3.500
-1.242,5.576,3.500
-1.266,5.581,3.500
-1.284,5.557,3.500
-1.308,5.561,3.500
-1.334,5.575,3.500
-1.352,5.551,3.500
-1.376,5.555,3.500
-1.395,5.540,3.500
-1.417,5.535,3.500
-1.443,5.548,3.500
-1.463,5.533,3.500
-1.482,5.518,3.500
-1.506,5.521,3.500
-1.525,5.506,3.500
-1.547,5.500,3.500
-1.576,5.521,3.500
-1.590,5.488,3.500
-1.609,5.472,3.500
-1.636,5.484,3.500
-1.652,5.459,3.500
-1.676,5.462,3.500
-1.703,5.474,3.500
-1.719,5.449,3.500
-1.737,5.433,3.500
-1.764,5.444,3.500
-1.789,5.446,3.500
-1.804,5.421,3.500
-1.892,5.611,3.500
-1.923,5.629,3.500
-1.930,5.578,3.500
-1.911,5.455,3.500
-1.910,5.384,3.500
-1.935,5.386,3.500
-1.956,5.378,3.500
-1.973,5.362,3.500
-1.991,5.345,3.500
-2.098,5.566,3.500
-2.114,5.541,3.500
-2.129,5.515,3.500
-2.078,5.322,3.500
-2.088,5.287,3.500
-2.131,5.332,3.500
-2.141,5.297,3.500
-2.165,5.297,3.500
-2.167,5.244,3.500
-2.210,5.289,3.500
-2.224,5.263,3.500
-2.248,5.263,3.500
-2.265,5.245,3.500
-2.285,5.236,3.500
-2.322,5.262,3.500
-2.327,5.218,3.500
-2.351,5.218,3.500
-2.375,5.217,3.500
-2.392,5.199,3.500
-2.408,5.181,3.500
-2.445,5.206,3.500
-2.453,5.171,3.500
-2.559,5.339,3.500
-2.498,5.160,3.500
-2.509,5.133,3.500
-2.525,5.114,3.500
-2.545,5.104,3.500
-2.570,5.103,3.500
-2.590,5.093,3.500
-2.610,5.082,3.500
-2.616,5.046,3.500
-2.649,5.062,3.500
-2.669,5.051,3.500
-2.680,5.024,3.500
-2.718,5.047,3.500
-2.729,5.020,3.500
-2.753,5.017,3.500
-2.768,4.998,3.500
-2.788,4.987,3.500
-2.798,4.959,3.500
-2.846,4.998,3.500
-2.836,4.937,3.500
-2.865,4.943,3.500
-2.885,4.931,3.500
-2.904,4.920,3.500
-2.928,4.917,3.500
-2.948,4.905,3.500
-2.962,4.885,3.500
-2.976,4.866,3.500
-3.005,4.870,3.500
-3.139,5.042,3.500
-3.154,5.022,3.500
-3.068,4.843,3.500
-3.076,4.814,3.500
-3.095,4.802,3.500
-3.061,4.708,3.500
-3.138,4.786,3.500
-3.146,4.757,3.500
-3.116,4.672,3.500
-3.178,4.725,3.500
-3.191,4.704,3.500
-3.182,4.651,3.500
-3.172,4.598,3.500
-3.218,4.626,3.500
-3.231,4.605,3.500
-3.249,4.592,3.500
-3.267,4.580,3.500
-3.285,4.567,3.500
-3.308,4.562,3.500
-3.326,4.549,3.500
-3.356,4.552,3.500
-3.368,4.530,3.500
-3.380,4.509,3.500
-3.397,4.496,3.500
-3.421,4.490,3.500
-3.420,4.454,3.500
-3.426,4.424,3.500
-3.443,4.411,3.500
-3.592,4.565,3.500
-3.622,4.566,3.500
-3.526,4.409,3.500
-3.537,4.387,3.500
-3.535,4.350,3.500
-3.552,4.336,3.500
-3.531,4.276,3.500
-3.680,4.421,3.500
-3.691,4.399,3.500
-3.562,4.211,3.500
-3.598,4.220,3.500
-3.627,4.221,3.500
-3.618,4.177,3.500
-3.802,4.354,3.500
-3.624,4.118,3.500
-3.693,4.164,3.500
-3.696,4.134,3.500
-3.665,4.067,3.500
-3.695,4.068,3.500
-3.745,4.091,3.500
-3.761,4.076,3.500
-3.756,4.039,3.500
-3.737,3.987,3.500
-3.808,4.031,3.500
-3.845,4.038,3.500
-3.833,3.994,3.500
-3.849,3.979,3.500
-3.885,3.985,3.500
-3.851,3.920,3.500
-3.902,3.940,3.500
-3.911,3.918,3.500
-3.933,3.910,3.500
-3.956,3.901,3.500
-3.985,3.900,3.500
-4.043,3.925,3.500
-3.987,3.840,3.500
-4.009,3.832,3.500
-4.089,3.878,3.500
-4.097,3.855,3.500
-4.127,3.852,3.500
-4.127,3.822,3.500
-4.120,3.786,3.500
-4.150,3.783,3.500
-4.172,3.774,3.500
-4.165,3.737,3.500
-4.209,3.747,3.500
-4.403,3.889,3.500
-4.390,3.847,3.500
-4.433,3.854,3.500
-4.260,3.674,3.500
-4.281,3.664,3.500
-4.303,3.653,3.500
-4.310,3.630,3.500
-4.436,3.706,3.500
-4.508,3.737,3.500
-4.516,3.713,3.500
-4.523,3.690,3.500
-4.396,3.557,3.500
-4.402,3.534,3.500
-4.393,3.498,3.500
-4.445,3.511,3.500
-4.602,3.606,3.500
-4.449,3.458,3.500
-4.447,3.429,3.500
-4.637,3.546,3.500
-4.688,3.556,3.500
-4.687,3.526,3.500
-4.686,3.497,3.500
-4.498,3.329,3.500
-4.535,3.329,3.500
-4.548,3.311,3.500
-4.740,3.423,3.500
-4.565,3.270,3.500
-4.774,3.391,3.500
-4.607,3.245,3.500
-4.604,3.216,3.500
-4.624,3.203,3.500
-4.653,3.196,3.500
-4.809,3.275,3.500
-4.670,3.154,3.500
-4.858,3.253,3.500
-4.686,3.112,3.500
-4.707,3.099,3.500
-4.727,3.086,3.500
-4.723,3.056,3.500
-4.735,3.038,3.500
-4.925,3.133,3.500
-4.953,3.123,3.500
-4.958,3.099,3.500
-4.815,2.984,3.500
-4.793,2.944,3.500
-4.805,2.925,3.500
-4.765,2.876,3.500
-4.785,2.862,3.500
-4.847,2.874,3.500
-4.850,2.850,3.500
-4.870,2.835,3.500
-4.855,2.802,3.500
-4.883,2.792,3.500
-4.869,2.758,3.500
-4.914,2.759,3.500
-4.838,2.691,3.500
-4.848,2.672,3.500
-4.955,2.705,3.500
-4.887,2.643,3.500
-4.888,2.619,3.500
-4.934,2.619,3.500
-4.917,2.586,3.500
-4.910,2.557,3.500
-4.920,2.538,3.500
-4.930,2.518,3.500
-4.948,2.504,3.500
-5.073,2.542,3.500
-4.977,2.469,3.500
-5.005,2.458,3.500
-5.050,2.456,3.500
-5.051,2.432,3.500
-5.069,2.416,3.500
-5.015,2.367,3.500
-5.052,2.360,3.500
-5.034,2.327,3.500
-5.142,2.353,3.500
-5.052,2.288,3.500
-5.258,2.356,3.500
-5.124,2.272,3.500
-5.088,2.232,3.500
-5.169,2.244,3.500
-5.105,2.192,3.500
-5.178,2.199,3.500
-5.355,2.250,3.500
-5.399,2.243,3.500
-5.399,2.219,3.500
-5.239,2.129,3.500
-5.220,2.097,3.500
-5.191,2.062,3.500
-5.181,2.034,3.500
-5.262,2.043,3.500
-5.252,2.015,3.500
-5.269,1.998,3.500
-5.268,1.974,3.500
-5.312,1.967,3.500
-5.237,1.915,3.500
-5.499,1.987,3.500
-5.506,1.965,3.500
-5.514,1.943,3.500
-5.322,1.852,3.500
-5.311,1.825,3.500
-5.318,1.804,3.500
-5.353,1.793,3.500
-5.341,1.765,3.500
-5.348,1.744,3.500
-5.574,1.794,3.500
-5.343,1.696,3.500
-5.368,1.681,3.500
-5.279,1.631,3.500
-5.372,1.636,3.500
-5.406,1.624,3.500
-5.403,1.600,3.500
-5.391,1.573,3.500
-5.406,1.554,3.500
-5.412,1.533,3.500
-5.437,1.517,3.500
-5.434,1.493,3.500
-5.440,1.472,3.500
-5.622,1.498,3.500
-5.451,1.429,3.500
-5.466,1.410,3.500
-5.472,1.389,3.500
-5.458,1.362,3.500
-5.482,1.346,3.500
-5.468,1.320,3.500
-5.474,1.298,3.500
-5.479,1.277,3.500
-5.484,1.255,3.500
-5.517,1.240,3.500
-5.503,1.214,3.500
-5.508,1.193,3.500
-5.522,1.173,3.500
-5.507,1.147,3.500
-5.531,1.130,3.500
-5.516,1.104,3.500
-5.520,1.082,3.500
-5.534,1.063,3.500
-5.499,1.033,3.500
-5.571,1.024,3.500
-5.754,1.035,3.500
-5.749,1.010,3.500
-5.771,0.991,3.500
-5.596,0.938,3.500
-5.551,0.908,3.500
-5.555,0.887,3.500
-5.558,0.865,3.500
-5.581,0.846,3.500
-5.604,0.827,3.500
-5.568,0.799,3.500
-5.601,0.782,3.500
-5.623,0.762,3.500
-5.577,0.734,3.500
-5.580,0.712,3.500
-5.583,0.690,3.500
-5.833,0.698,3.500
-5.845,0.676,3.500
-5.810,0.649,3.500
-5.603,0.603,3.500
-5.595,0.580,3.500
-5.578,0.556,3.500
-5.600,0.536,3.500
-5.612,0.515,3.500
-5.614,0.493,3.500
-5.645,0.474,3.500
-5.617,0.449,3.500
-5.609,0.426,3.500
-5.611,0.404,3.500
-5.824,0.397,3.500
-5.604,0.360,3.500
-5.615,0.338,3.500
-5.626,0.317,3.500
-5.618,0.294,3.500
-5.619,0.272,3.500
-5.859,0.261,3.500
-5.832,0.236,3.500
-5.719,0.209,3.500
-5.642,0.184,3.500
-5.623,0.162,3.500
-5.624,0.140,3.500
-5.594,0.117,3.500
-5.585,0.095,3.500
-5.625,0.073,3.500
-5.625,0.051,3.500
-5.846,0.030,3.500
-5.856,0.007,3.500
-5.615,-0.015,3.500
-5.596,-0.037,3.500
-5.645,-0.059,3.500
-5.855,-0.085,3.500
-5.855,-0.107,3.500
-5.836,-0.130,3.500
-5.633,-0.148,3.500
-5.613,-0.169,3.500
-5.642,-0.192,3.500
-5.651,-0.215,3.500
-5.620,-0.236,3.500
-5.659,-0.260,3.500
-5.628,-0.280,3.500
-5.617,-0.302,3.500
-5.606,-0.323,3.500
-5.644,-0.348,3.500
-5.815,-0.381,3.500
-5.851,-0.407,3.500
-5.840,-0.429,3.500
-5.618,-0.435,3.500
-5.607,-0.456,3.500
-5.595,-0.477,3.500
-5.593,-0.499,3.500
-5.630,-0.525,3.500
-5.589,-0.543,3.500
-5.616,-0.568,3.500
-5.585,-0.587,3.500
-5.592,-0.610,3.500
-5.600,-0.633,3.500
-5.607,-0.656,3.500
-5.624,-0.680,3.500
-5.592,-0.699,3.500
-5.589,-0.721,3.500
-5.576,-0.741,3.500
-5.583,-0.765,3.500
-5.570,-0.785,3.500
-5.616,-0.814,3.500
-5.554,-0.827,3.500
-5.561,-0.851,3.500
-5.785,-0.908,3.500
-5.602,-0.902,3.500
-5.550,-0.916,3.500
-5.737,-0.970,3.500
-5.742,-0.994,3.500
-5.578,-0.988,3.500
-5.525,-1.001,3.500
-5.739,-1.063,3.500
-5.744,-1.088,3.500
-5.740,-1.110,3.500
-5.490,-1.084,3.500
-5.514,-1.112,3.500
-5.510,-1.133,3.500
-5.722,-1.200,3.500
-5.772,-1.234,3.500
-5.712,-1.245,3.500
-5.717,-1.270,3.500
-5.496,-1.243,3.500
-5.482,-1.263,3.500
-5.458,-1.280,3.500
-5.481,-1.308,3.500
-5.691,-1.382,3.500
-5.694,-1.406,3.500
-5.456,-1.370,3.500
-5.451,-1.391,3.500
-5.474,-1.420,3.500
-5.430,-1.432,3.500
-5.443,-1.458,3.500
-5.447,-1.482,3.500
-5.644,-1.560,3.500
-5.407,-1.517,3.500
-5.410,-1.541,3.500
-5.442,-1.573,3.500
-5.389,-1.580,3.500
-5.613,-1.670,3.500
-5.615,-1.695,3.500
-5.388,-1.649,3.500
-5.354,-1.662,3.500
-5.366,-1.689,3.500
-5.424,-1.731,3.500
-5.399,-1.746,3.500
-5.364,-1.758,3.500
-5.339,-1.773,3.500
-5.341,-1.797,3.500
-5.343,-1.821,3.500
-5.317,-1.836,3.500
-5.310,-1.856,3.500
-5.349,-1.894,3.500
-5.286,-1.895,3.500
-5.288,-1.919,3.500
-5.280,-1.940,3.500
-5.254,-1.953,3.500
-5.356,-2.015,3.500
-5.257,-2.002,3.500
-5.322,-2.050,3.500
-5.323,-2.075,3.500
-5.315,-2.096,3.500
-5.413,-2.159,3.500
-5.422,-2.187,3.500
-5.491,-2.240,3.500
-5.227,-2.156,3.500
-5.490,-2.290,3.500
-5.498,-2.319,3.500
-5.184,-2.210,3.500
-5.238,-2.258,3.500
-5.255,-2.290,3.500
-5.229,-2.303,3.500
-5.220,-2.323,3.500
-5.210,-2.344,3.500
-5.219,-2.372,3.500
-5.192,-2.384,3.500
-5.174,-2.401,3.500
-5.102,-2.392,3.500
-5.163,-2.445,3.500
-5.154,-2.466,3.500
-5.020,-2.426,3.500
-5.143,-2.510,3.500
-5.133,-2.530,3.500
-5.045,-2.511,3.500
-5.113,-2.571,3.500
-5.094,-2.586,3.500
-5.093,-2.611,3.500
-5.074,-2.626,3.500
-5.063,-2.646,3.500
-5.053,-2.666,3.500
-5.043,-2.686,3.500
-5.040,-2.710,3.500
-5.021,-2.725,3.500
-5.011,-2.745,3.500
-5.198,-2.874,3.500
-4.980,-2.779,3.500
-4.919,-2.770,3.500
-5.131,-2.917,3.500
-4.997,-2.867,3.500
-4.936,-2.857,3.500
-4.933,-2.882,3.500
-4.922,-2.901,3.500
-4.935,-2.935,3.500
-4.891,-2.934,3.500
-4.879,-2.954,3.500
-4.884,-2.983,3.500
-4.872,-3.002,3.500
-4.852,-3.016,3.500
-4.840,-3.035,3.500
-4.820,-3.049,3.500
-4.808,-3.068,3.500
-4.821,-3.102,3.500
-4.792,-3.111,3.500
-4.780,-3.129,3.500
-4.776,-3.153,3.500
-4.771,-3.178,3.500
-4.751,-3.191,3.500
-4.730,-3.204,3.500
-4.710,-3.217,3.500
-4.737,-3.263,3.500
-4.692,-3.260,3.500
-4.849,-3.397,3.500
-4.851,-3.427,3.500
-4.830,-3.440,3.500
-4.672,-3.355,3.500
-4.627,-3.351,3.500
-4.614,-3.369,3.500
-4.601,-3.387,3.500
-4.587,-3.405,3.500
-4.574,-3.423,3.500
-4.561,-3.441,3.500
-4.578,-3.482,3.500
-4.549,-3.489,3.500
-4.527,-3.501,3.500
-4.521,-3.524,3.500
-4.500,-3.536,3.500
-4.455,-3.530,3.500
-4.464,-3.565,3.500
-4.428,-3.564,3.500
-4.436,-3.600,3.500
-4.415,-3.611,3.500
-4.430,-3.653,3.500
-4.393,-3.652,3.500
-4.379,-3.669,3.500
-4.579,-3.868,3.500
-4.350,-3.704,3.500
-4.500,-3.862,3.500
-4.321,-3.738,3.500
-4.314,-3.761,3.500
-4.277,-3.759,3.500
-4.269,-3.782,3.500
-4.269,-3.811,3.500
-4.232,-3.809,3.500
-4.232,-3.838,3.500
-4.224,-3.861,3.500
-4.201,-3.871,3.500
-4.193,-3.894,3.500
-4.164,-3.898,3.500
-4.170,-3.934,3.500
-4.133,-3.930,3.500
-4.111,-3.940,3.500
-4.109,-3.969,3.500
-4.087,-3.979,3.500
-4.233,-4.153,3.500
-4.223,-4.176,3.500
-4.039,-4.027,3.500
-4.030,-4.049,3.500
-4.082,-4.133,3.500
-4.005,-4.088,3.500
-3.976,-4.089,3.500
-3.966,-4.112,3.500
-4.138,-4.324,3.500
-3.941,-4.150,3.500
-3.911,-4.151,3.500
-3.901,-4.174,3.500
-3.852,-4.153,3.500
-3.868,-4.204,3.500
-3.897,-4.269,3.500
-3.925,-4.333,3.500
-3.970,-4.418,3.500
-3.859,-4.329,3.500
-3.929,-4.442,3.500
-3.838,-4.373,3.500
-3.888,-4.466,3.500
-3.924,-4.543,3.500
-3.780,-4.411,3.500
-3.750,-4.411,3.500
-3.671,-4.353,3.500
-3.721,-4.448,3.500
-3.704,-4.462,3.500
-3.686,-4.477,3.500
-3.786,-4.635,3.500
-3.675,-4.535,3.500
-3.628,-4.513,3.500
-3.616,-4.534,3.500
-3.592,-4.541,3.500
-3.580,-4.562,3.500
-3.556,-4.569,3.500
-3.521,-4.560,3.500
-3.639,-4.752,3.500
-3.508,-4.618,3.500
-3.484,-4.624,3.500
-3.477,-4.653,3.500
-3.431,-4.629,3.500
-3.435,-4.673,3.500
-3.422,-4.694,3.500
-3.404,-4.707,3.500
-3.358,-4.682,3.500
-3.479,-4.892,3.500
-3.460,-4.906,3.500
-3.367,-4.814,3.500
-3.305,-4.765,3.500
-3.292,-4.786,3.500
-3.257,-4.775,3.500
-3.238,-4.788,3.500
-3.225,-4.809,3.500
-3.211,-4.829,3.500
-3.218,-4.881,3.500
-3.178,-4.862,3.500
-3.149,-4.859,3.500
-3.130,-4.871,3.500
-3.106,-4.875,3.500
-3.056,-4.839,3.500
-3.077,-4.916,3.500
-3.058,-4.928,3.500
-3.039,-4.940,3.500
-3.029,-4.968,3.500
-3.000,-4.963,3.500
-2.975,-4.967,3.500
-2.961,-4.987,3.500
-3.026,-5.142,3.500
-3.019,-5.178,3.500
-2.892,-5.005,3.500
-2.863,-5.000,3.500
-2.853,-5.027,3.500
-2.838,-5.047,3.500
-2.922,-5.244,3.500
-2.901,-5.255,3.500
-2.885,-5.275,3.500
-2.763,-5.099,3.500
-2.738,-5.101,3.500
-2.723,-5.121,3.500
-2.698,-5.123,3.500
-2.682,-5.142,3.500
-2.662,-5.152,3.500
-2.739,-5.352,3.500
-2.718,-5.363,3.500
-2.784,-5.547,3.500
-2.585,-5.202,3.500
-2.548,-5.178,3.500
-2.540,-5.214,3.500
-2.515,-5.215,3.500
-2.507,-5.250,3.500
-2.478,-5.243,3.500
-2.438,-5.210,3.500
-2.433,-5.254,3.500
-2.428,-5.298,3.500
-2.392,-5.273,3.500
-2.375,-5.291,3.500
-2.415,-5.436,3.500
-2.415,-5.496,3.500
-2.405,-5.530,3.500
-2.299,-5.345,3.500
-2.271,-5.336,3.500
-2.250,-5.345,3.500
-2.218,-5.328,3.500
-2.211,-5.371,3.500
-2.180,-5.354,3.500
-2.235,-5.552,3.500
-2.223,-5.586,3.500
-2.198,-5.586,3.500
-2.102,-5.405,3.500
-2.074,-5.395,3.500
-2.060,-5.421,3.500
-2.038,-5.429,3.500
-2.007,-5.411,3.500
-1.996,-5.445,3.500
-1.974,-5.453,3.500
-1.930,-5.398,3.500
-1.935,-5.477,3.500
-1.956,-5.608,3.500
-1.952,-5.667,3.500
-1.858,-5.464,3.500
-1.845,-5.498,3.500
-1.824,-5.505,3.500
-1.805,-5.521,3.500
-1.777,-5.510,3.500
-1.820,-5.720,3.500
-1.795,-5.719,3.500
-1.776,-5.734,3.500
-1.753,-5.741,3.500
-1.669,-5.544,3.500
-1.650,-5.560,3.500
-1.649,-5.638,3.500
-1.604,-5.563,3.500
-1.657,-5.835,3.500
-1.625,-5.807,3.500
-1.599,-5.805,3.500
-1.523,-5.615,3.500
-1.494,-5.594,3.500
-1.501,-5.708,3.500
-1.450,-5.605,3.500
-1.449,-5.693,3.500
-1.475,-5.893,3.500
-1.398,-5.677,3.500
-1.380,-5.701,3.500
-1.366,-5.742,3.500
-1.364,-5.837,3.500
-1.361,-5.929,3.500
-1.336,-5.926,3.500
-1.272,-5.745,3.500
-1.247,-5.741,3.500
-1.224,-5.745,3.500
-1.196,-5.723,3.500
-1.179,-5.755,3.500
-1.166,-5.805,3.500
-1.183,-6.012,3.500
-1.146,-5.947,3.500
-1.089,-5.773,3.500
-1.066,-5.777,3.500
-1.045,-5.790,3.500
-1.021,-5.785,3.500
-1.000,-5.798,3.500
-0.977,-5.802,3.500
-0.985,-5.994,3.500
-0.963,-6.007,3.500
-0.910,-5.822,3.500
-0.914,-6.005,3.500
-0.892,-6.018,3.500
-0.839,-5.814,3.500
-0.816,-5.818,3.500
-0.792,-5.812,3.500
-0.771,-5.833,3.500
-0.748,-5.836,3.500
-0.724,-5.830,3.500
-0.701,-5.832,3.500
-0.678,-5.826,3.500
-0.655,-5.829,3.500
-0.633,-5.840,3.500
-0.610,-5.843,3.500
-0.586,-5.836,3.500
-0.584,-6.055,3.500
-0.560,-6.058,3.500
-0.516,-5.833,3.500
-0.493,-5.826,3.500
-0.471,-5.846,3.500
-0.449,-5.857,3.500
-0.426,-5.859,3.500
-0.404,-5.879,3.500
-0.394,-6.080,3.500
-0.370,-6.072,3.500
-0.346,-6.083,3.500
-0.312,-5.885,3.500
-0.288,-5.877,3.500
-0.265,-5.878,3.500
-0.242,-5.870,3.500
-0.219,-5.870,3.500
-0.195,-5.853,3.500
-0.173,-5.872,3.500
-0.150,-5.873,3.500
-0.126,-5.826,3.500
-0.104,-5.874,3.500
-0.080,-5.865,3.500
-0.058,-5.893,3.500
-0.034,-5.874,3.500
-0.011,-5.856,3.500
0.012,-5.865,3.500
0.035,-5.865,3.500
0.060,-6.083,3.500
0.081,-5.883,3.500
0.104,-5.855,3.500
0.127,-5.864,3.500
0.150,-5.863,3.500
0.173,-5.872,3.500
0.202,-6.036,3.500
0.226,-6.062,3.500
0.242,-5.870,3.500
0.274,-6.060,3.500
0.298,-6.067,3.500
0.311,-5.866,3.500
0.334,-5.856,3.500
0.357,-5.864,3.500
0.382,-5.881,3.500
0.403,-5.851,3.500
0.426,-5.859,3.500
0.448,-5.839,3.500
0.474,-5.874,3.500
0.495,-5.854,3.500
0.517,-5.842,3.500
0.541,-5.850,3.500
0.563,-5.838,3.500
0.606,-6.035,3.500
0.631,-6.042,3.500
0.631,-5.822,3.500
0.657,-5.847,3.500
0.675,-5.798,3.500
0.702,-5.832,3.500
0.724,-5.820,3.500
0.749,-5.836,3.500
0.769,-5.815,3.500
0.796,-5.839,3.500
0.852,-6.077,3.500
0.839,-5.814,3.500
0.863,-5.820,3.500
0.885,-5.808,3.500
0.934,-5.975,3.500
0.930,-5.800,3.500
0.951,-5.788,3.500
0.988,-5.866,3.500
1.038,-6.021,3.500
1.071,-6.069,3.500
1.095,-6.065,3.500
1.120,-6.069,3.500
1.106,-5.863,3.500
1.122,-5.823,3.500
1.131,-5.746,3.500
1.179,-5.868,3.500
1.191,-5.809,3.500
1.215,-5.814,3.500
1.281,-6.010,3.500
1.305,-6.005,3.500
1.325,-5.983,3.500
1.313,-5.820,3.500
1.331,-5.797,3.500
1.356,-5.801,3.500
1.373,-5.769,3.500
1.400,-5.781,3.500
1.424,-5.785,3.500
1.445,-5.770,3.500
1.465,-5.756,3.500
1.492,-5.768,3.500
1.572,-5.977,3.500
1.575,-5.895,3.500
1.555,-5.732,3.500
1.580,-5.735,3.500
1.598,-5.711,3.500
1.625,-5.722,3.500
1.705,-5.913,3.500
1.738,-5.940,3.500
1.759,-5.925,3.500
1.774,-5.893,3.500
1.729,-5.663,3.500
1.751,-5.656,3.500
1.782,-5.675,3.500
1.804,-5.668,3.500
1.840,-5.704,3.500
1.851,-5.663,3.500
1.862,-5.620,3.500
1.890,-5.630,3.500
1.909,-5.614,3.500
1.934,-5.615,3.500
1.962,-5.625,3.500
1.987,-5.626,3.500
2.003,-5.601,3.500
2.025,-5.593,3.500
2.133,-5.819,3.500
2.066,-5.568,3.500
2.094,-5.577,3.500
2.180,-5.736,3.500
2.138,-5.561,3.500
2.156,-5.544,3.500
2.178,-5.535,3.500
2.179,-5.475,3.500
2.218,-5.509,3.500
2.243,-5.509,3.500
2.258,-5.483,3.500
2.283,-5.483,3.500
2.308,-5.482,3.500
2.326,-5.465,3.500
2.429,-5.645,3.500
2.461,-5.659,3.500
2.480,-5.642,3.500
2.408,-5.419,3.500
2.440,-5.435,3.500
2.465,-5.434,3.500
2.483,-5.416,3.500
2.504,-5.406,3.500
2.517,-5.379,3.500
2.630,-5.564,3.500
2.567,-5.376,3.500
2.666,-5.527,3.500
2.602,-5.339,3.500
2.622,-5.329,3.500
2.723,-5.479,3.500
2.761,-5.500,3.500
2.778,-5.481,3.500
2.718,-5.311,3.500
2.731,-5.285,3.500
2.747,-5.266,3.500
2.772,-5.263,3.500
2.788,-5.244,3.500
2.822,-5.257,3.500
2.821,-5.206,3.500
2.850,-5.211,3.500
2.875,-5.208,3.500
2.891,-5.188,3.500
2.929,-5.209,3.500
3.029,-5.337,3.500
2.956,-5.162,3.500
2.990,-5.174,3.500
3.001,-5.146,3.500
3.017,-5.127,3.500
3.037,-5.115,3.500
3.062,-5.111,3.500
3.077,-5.091,3.500
3.107,-5.094,3.500
3.117,-5.066,3.500
3.137,-5.054,3.500
3.142,-5.018,3.500
3.171,-5.022,3.500
3.171,-4.978,3.500
3.211,-4.997,3.500
3.230,-4.984,3.500
3.255,-4.979,3.500
3.274,-4.966,3.500
3.294,-4.953,3.500
3.308,-4.933,3.500
3.317,-4.904,3.500
3.463,-5.077,3.500
3.463,-5.034,3.500
3.498,-5.042,3.500
3.399,-4.859,3.500
3.418,-4.846,3.500
3.426,-4.817,3.500
3.461,-4.826,3.500
3.591,-4.965,3.500
3.615,-4.958,3.500
3.507,-4.770,3.500
3.520,-4.749,3.500
3.539,-4.735,3.500
3.569,-4.736,3.500
3.587,-4.722,3.500
3.600,-4.701,3.500
3.624,-4.694,3.500
3.785,-4.863,3.500
3.667,-4.672,3.500
3.685,-4.658,3.500
3.697,-4.636,3.500
3.739,-4.650,3.500
3.734,-4.607,3.500
3.752,-4.592,3.500
3.901,-4.737,3.500
3.799,-4.577,3.500
3.817,-4.562,3.500
3.812,-4.519,3.500
3.805,-4.476,3.500
3.859,-4.503,3.500
3.870,-4.481,3.500
3.888,-4.465,3.500
4.042,-4.606,3.500
3.923,-4.435,3.500
3.946,-4.426,3.500
3.952,-4.397,3.500
3.975,-4.388,3.500
4.132,-4.525,3.500
4.155,-4.516,3.500
4.026,-4.341,3.500
4.056,-4.339,3.500
4.060,-4.309,3.500
4.064,-4.280,3.500
4.107,-4.291,3.500
4.117,-4.268,3.500
4.134,-4.252,3.500
4.144,-4.229,3.500
4.161,-4.213,3.500
4.177,-4.196,3.500
4.200,-4.186,3.500
4.197,-4.150,3.500
4.239,-4.160,3.500
4.249,-4.136,3.500
4.414,-4.263,3.500
4.418,-4.234,3.500
4.428,-4.210,3.500
4.476,-4.223,3.500
4.474,-4.187,3.500
4.497,-4.176,3.500
4.334,-3.993,3.500
4.370,-3.995,3.500
4.386,-3.978,3.500
4.408,-3.967,3.500
4.571,-4.081,3.500
4.439,-3.932,3.500
4.448,-3.908,3.500
4.435,-3.866,3.500
4.492,-3.885,3.500
4.493,-3.856,3.500
4.508,-3.838,3.500
4.538,-3.832,3.500
4.697,-3.935,3.500
4.553,-3.785,3.500
4.582,-3.778,3.500
4.611,-3.772,3.500
4.612,-3.742,3.500
4.780,-3.848,3.500
4.634,-3.700,3.500
4.663,-3.693,3.500
4.670,-3.669,3.500
4.684,-3.651,3.500
4.684,-3.621,3.500
4.691,-3.597,3.500
4.712,-3.585,3.500
4.741,-3.577,3.500
4.748,-3.553,3.500
4.769,-3.540,3.500
4.783,-3.521,3.500
4.789,-3.497,3.500
4.803,-3.478,3.500
4.824,-3.464,3.500
4.830,-3.440,3.500
4.851,-3.426,3.500
4.812,-3.370,3.500
4.863,-3.378,3.500
4.876,-3.359,3.500
4.889,-3.340,3.500
4.887,-3.310,3.500
4.931,-3.311,3.500
5.078,-3.382,3.500
4.941,-3.262,3.500
4.938,-3.233,3.500
4.974,-3.228,3.500
5.160,-3.321,3.500
5.181,-3.305,3.500
5.171,-3.271,3.500
5.177,-3.246,3.500
5.029,-3.125,3.500
5.017,-3.091,3.500
5.084,-3.105,3.500
5.057,-3.061,3.500
5.109,-3.065,3.500
5.097,-3.031,3.500
5.109,-3.011,3.500
5.129,-2.995,3.500
5.124,-2.966,3.500
5.128,-2.941,3.500
5.148,-2.926,3.500
5.159,-2.905,3.500
5.170,-2.885,3.500
5.230,-2.891,3.500
5.217,-2.858,3.500
5.204,-2.824,3.500
5.239,-2.817,3.500
5.401,-2.876,3.500
5.404,-2.851,3.500
5.296,-2.767,3.500
5.450,-2.820,3.500
5.277,-2.705,3.500
5.271,-2.676,3.500
5.290,-2.659,3.500
5.300,-2.638,3.500
5.319,-2.622,3.500
5.321,-2.597,3.500
5.348,-2.584,3.500
5.325,-2.547,3.500
5.351,-2.534,3.500
5.369,-2.517,3.500
5.363,-2.488,3.500
5.569,-2.557,3.500
5.579,-2.535,3.500
5.433,-2.443,3.500
5.426,-2.415,3.500
5.461,-2.404,3.500
5.618,-2.447,3.500
5.454,-2.351,3.500
5.447,-2.322,3.500
5.515,-2.325,3.500
5.465,-2.279,3.500
5.482,-2.261,3.500
5.491,-2.240,3.500
5.491,-2.215,3.500
5.700,-2.273,3.500
5.517,-2.175,3.500
5.534,-2.156,3.500
5.534,-2.131,3.500
5.525,-2.103,3.500
5.542,-2.085,3.500
5.558,-2.066,3.500
5.567,-2.044,3.500
5.777,-2.096,3.500
5.548,-1.988,3.500
5.573,-1.972,3.500
5.633,-1.969,3.500
5.588,-1.929,3.500
5.578,-1.901,3.500
5.638,-1.896,3.500
5.654,-1.877,3.500
5.627,-1.844,3.500
5.839,-1.888,3.500
5.838,-1.862,3.500
5.639,-1.774,3.500
5.655,-1.755,3.500
5.670,-1.735,3.500
5.668,-1.711,3.500
5.675,-1.688,3.500
5.690,-1.669,3.500
5.706,-1.649,3.500
5.686,-1.619,3.500
5.683,-1.594,3.500
5.707,-1.577,3.500
5.713,-1.554,3.500
5.961,-1.597,3.500
5.959,-1.571,3.500
5.731,-1.487,3.500
5.746,-1.467,3.500
5.752,-1.444,3.500
5.748,-1.419,3.500
5.754,-1.397,3.500
5.759,-1.374,3.500
5.756,-1.349,3.500
5.752,-1.325,3.500
5.793,-1.310,3.500
5.780,-1.283,3.500
5.776,-1.259,3.500
5.992,-1.281,3.500
6.006,-1.260,3.500
5.809,-1.194,3.500
5.813,-1.172,3.500
5.800,-1.145,3.500
5.786,-1.119,3.500
5.827,-1.103,3.500
5.831,-1.080,3.500
5.817,-1.054,3.500
5.839,-1.034,3.500
5.852,-1.013,3.500
5.811,-0.982,3.500
5.851,-0.965,3.500
6.050,-0.974,3.500
5.858,-0.920,3.500
5.907,-0.903,3.500
5.865,-0.874,3.500
5.869,-0.850,3.500
5.854,-0.825,3.500
5.875,-0.804,3.500
5.860,-0.779,3.500
6.095,-0.786,3.500
5.884,-0.735,3.500
5.869,-0.710,3.500
5.853,-0.685,3.500
5.893,-0.666,3.500
5.886,-0.642,3.500
5.888,-0.619,3.500
5.900,-0.596,3.500
5.884,-0.571,3.500
5.914,-0.551,3.500
5.907,-0.527,3.500
5.945,-0.507,3.500
5.911,-0.480,3.500
5.903,-0.457,3.500
5.914,-0.434,3.500
5.916,-0.411,3.500
6.132,-0.402,3.500
6.107,-0.376,3.500
5.920,-0.341,3.500
5.958,-0.320,3.500
5.923,-0.295,3.500
5.924,-0.271,3.500
5.916,-0.248,3.500
6.123,-0.232,3.500
6.124,-0.208,3.500
5.918,-0.178,3.500
5.900,-0.154,3.500
5.901,-0.131,3.500
5.920,-0.108,3.500
5.920,-0.085,3.500
5.930,-0.062,3.500
5.818,-0.038,4.000
5.893,-0.015,4.000
6.066,0.008,4.000
6.048,0.032,4.000
6.127,0.056,4.000
6.083,0.080,4.000
5.874,0.100,4.000
5.910,0.124,4.000
5.873,0.146,4.000
5.900,0.170,4.000
5.853,0.192,4.000
5.871,0.215,4.000
5.860,0.238,4.000
5.850,0.260,4.000
5.868,0.284,4.000
5.913,0.310,4.000
6.029,0.340,4.000
5.855,0.353,4.000
5.862,0.376,4.000
5.842,0.398,4.000
5.850,0.422,4.000
5.858,0.445,4.000
5.828,0.466,4.000
6.071,0.510,4.000
5.852,0.514,4.000
5.775,0.530,4.000
5.838,0.559,4.000
5.836,0.582,4.000
5.834,0.605,4.000
5.841,0.629,4.000
5.810,0.649,4.000
5.836,0.675,4.000
5.814,0.696,4.000
5.821,0.720,4.000
5.818,0.742,4.000
5.852,0.770,4.000
5.821,0.789,4.000
5.827,0.814,4.000
5.796,0.832,4.000
5.812,0.858,4.000
5.845,0.886,4.000
6.002,0.934,4.000
5.999,0.958,4.000
5.995,0.981,4.000
5.973,1.002,4.000
5.808,0.998,4.000
5.777,1.016,4.000
5.773,1.038,4.000
5.983,1.100,4.000
5.970,1.122,4.000
5.769,1.108,4.000
5.961,1.169,4.000
5.956,1.192,4.000
5.756,1.176,4.000
5.751,1.198,4.000
5.710,1.213,4.000
5.946,1.288,4.000
5.941,1.311,4.000
5.944,1.336,4.000
5.726,1.311,4.000
5.685,1.325,4.000
5.689,1.349,4.000
5.701,1.376,4.000
5.705,1.401,4.000
5.700,1.423,4.000
5.897,1.497,4.000
5.821,1.502,4.000
5.885,1.543,4.000
5.667,1.510,4.000
5.652,1.530,4.000
5.849,1.608,4.000
5.703,1.592,4.000
5.652,1.601,4.000
5.628,1.618,4.000
5.639,1.646,4.000
5.615,1.663,4.000
5.608,1.685,4.000
5.637,1.717,4.000
5.613,1.734,4.000
5.570,1.745,4.000
5.790,1.839,4.000
5.601,1.803,4.000
5.585,1.822,4.000
5.569,1.841,4.000
5.588,1.872,4.000
5.519,1.873,4.000
5.556,1.909,4.000
5.745,2.000,4.000
5.721,2.017,4.000
5.654,2.018,4.000
5.646,2.040,4.000
5.517,2.018,4.000
5.509,2.040,4.000
5.501,2.061,4.000
5.519,2.093,4.000
5.414,2.078,4.000
5.380,2.088,4.000
5.663,2.224,4.000
5.562,2.210,4.000
5.364,2.155,4.000
5.451,2.215,4.000
5.619,2.309,4.000
5.355,2.225,4.000
5.407,2.272,4.000
5.381,2.286,4.000
5.398,2.318,4.000
5.302,2.302,4.000
5.388,2.364,4.000
5.284,2.343,4.000
5.292,2.372,4.000
5.452,2.469,4.000
5.475,2.506,4.000
5.465,2.527,4.000
5.263,2.459,4.000
5.227,2.467,4.000
5.235,2.496,4.000
5.216,2.512,4.000
5.398,2.626,4.000
5.388,2.647,4.000
5.377,2.668,4.000
5.359,2.685,4.000
5.200,2.631,4.000
5.164,2.639,4.000
5.129,2.646,4.000
5.135,2.675,4.000
5.124,2.695,4.000
5.114,2.715,4.000
5.095,2.731,4.000
5.092,2.755,4.000
5.065,2.766,4.000
5.062,2.790,4.000
5.051,2.810,4.000
5.090,2.858,4.000
5.046,2.859,4.000
5.026,2.874,4.000
5.015,2.894,4.000
5.188,3.021,4.000
5.306,3.118,4.000
5.156,3.057,4.000
5.159,3.086,4.000
4.973,3.002,4.000
4.945,3.011,4.000
4.941,3.036,4.000
4.946,3.065,4.000
4.917,3.074,4.000
4.897,3.088,4.000
4.885,3.108,4.000
4.865,3.122,4.000
4.837,3.130,4.000
4.848,3.165,4.000
4.836,3.184,4.000
4.831,3.208,4.000
4.787,3.206,4.000
4.774,3.225,4.000
4.809,3.275,4.000
4.772,3.278,4.000
4.728,3.275,4.000
4.770,3.332,4.000
4.726,3.329,4.000
4.697,3.336,4.000
4.707,3.371,4.000
4.694,3.390,4.000
4.681,3.408,4.000
4.667,3.426,4.000
4.654,3.445,4.000
4.663,3.480,4.000
4.626,3.481,4.000
4.559,3.459,4.000
4.606,3.523,4.000
4.593,3.541,4.000
4.571,3.553,4.000
4.557,3.571,4.000
4.573,3.613,4.000
4.529,3.607,4.000
4.507,3.619,4.000
4.508,3.648,4.000
4.494,3.666,4.000
4.464,3.672,4.000
4.457,3.695,4.000
4.436,3.707,4.000
4.450,3.748,4.000
4.414,3.747,4.000
4.355,3.727,4.000
4.391,3.788,4.000
4.376,3.805,4.000
4.542,3.980,4.000
4.506,3.980,4.000
4.483,3.992,4.000
4.316,3.874,4.000
4.301,3.891,4.000
4.278,3.901,4.000
4.263,3.918,4.000
4.397,4.073,4.000
4.388,4.097,4.000
4.224,3.974,4.000
4.187,3.971,4.000
4.144,3.961,4.000
4.170,4.017,4.000
4.133,4.013,4.000
4.131,4.043,4.000
4.129,4.073,4.000
4.106,4.082,4.000
4.090,4.098,4.000
4.067,4.107,4.000
4.064,4.137,4.000
4.055,4.160,4.000
4.025,4.162,4.000
4.009,4.178,4.000
3.913,4.110,4.000
3.969,4.202,4.000
3.966,4.231,4.000
3.956,4.254,4.000
3.932,4.262,4.000
3.884,4.243,4.000
3.899,4.293,4.000
3.824,4.244,4.000
3.852,4.309,4.000
3.791,4.274,4.000
3.793,4.311,4.000
3.751,4.297,4.000
3.740,4.319,4.000
3.730,4.341,4.000
3.706,4.348,4.000
3.670,4.340,4.000
3.678,4.384,4.000
3.799,4.565,4.000
3.776,4.573,4.000
3.620,4.420,4.000
3.609,4.441,4.000
3.579,4.441,4.000
3.568,4.462,4.000
3.550,4.476,4.000
3.515,4.467,4.000
3.515,4.504,4.000
3.509,4.533,4.000
3.480,4.531,4.000
3.468,4.553,4.000
3.444,4.558,4.000
3.409,4.549,4.000
3.408,4.585,4.000
3.390,4.599,4.000
3.372,4.612,4.000
3.376,4.656,4.000
3.330,4.630,4.000
3.449,4.835,4.000
3.310,4.680,4.000
3.281,4.677,4.000
3.251,4.674,4.000
3.244,4.703,4.000
3.226,4.716,4.000
3.135,4.623,4.000
3.172,4.717,4.000
3.132,4.696,4.000
3.240,4.900,4.000
3.205,4.889,4.000
3.071,4.725,4.000
3.047,4.729,4.000
3.050,4.774,4.000
3.010,4.752,4.000
3.094,4.927,4.000
2.967,4.767,4.000
2.954,4.787,4.000
2.925,4.782,4.000
2.947,4.861,4.000
2.897,4.822,4.000
2.883,4.842,4.000
2.972,5.035,4.000
2.952,5.047,4.000
2.908,5.017,4.000
2.802,4.878,4.000
2.768,4.863,4.000
2.764,4.900,4.000
2.764,4.945,4.000
2.730,4.930,4.000
2.687,4.897,4.000
2.696,4.960,4.000
2.767,5.139,4.000
2.666,4.998,4.000
2.628,4.974,4.000
2.613,4.993,4.000
2.575,4.968,4.000
2.574,5.013,4.000
2.554,5.023,4.000
2.530,5.024,4.000
2.515,5.043,4.000
2.486,5.035,4.000
2.471,5.054,4.000
2.446,5.055,4.000
2.439,5.091,4.000
2.407,5.074,4.000
2.477,5.275,4.000
2.375,5.110,4.000
2.351,5.111,4.000
2.323,5.102,4.000
2.307,5.120,4.000
2.282,5.120,4.000
2.262,5.129,4.000
2.250,5.156,4.000
2.226,5.155,4.000
2.210,5.173,4.000
2.189,5.182,4.000
2.184,5.227,4.000
2.160,5.226,4.000
2.128,5.207,4.000
2.126,5.261,4.000
2.091,5.233,4.000
2.067,5.232,4.000
2.039,5.222,4.000
2.050,5.312,4.000
2.005,5.256,4.000
1.984,5.264,4.000
1.960,5.262,4.000
1.946,5.288,4.000
1.929,5.305,4.000
1.895,5.276,4.000
1.880,5.302,4.000
1.860,5.309,4.000
1.848,5.344,4.000
1.802,5.277,4.000
1.791,5.312,4.000
1.776,5.338,4.000
1.752,5.335,4.000
1.734,5.351,4.000
1.713,5.358,4.000
1.695,5.374,4.000
1.737,5.583,4.000
1.709,5.571,4.000
1.690,5.587,4.000
1.610,5.400,4.000
1.589,5.406,4.000
1.565,5.403,4.000
1.544,5.409,4.000
1.523,5.415,4.000
1.504,5.431,4.000
1.483,5.437,4.000
1.454,5.414,4.000
1.487,5.625,4.000
1.416,5.444,4.000
1.395,5.450,4.000
1.376,5.465,4.000
1.352,5.460,4.000
1.331,5.466,4.000
1.311,5.480,4.000
1.288,5.476,4.000
1.262,5.462,4.000
1.245,5.486,4.000
1.219,5.471,4.000
1.204,5.505,4.000
1.222,5.698,4.000
1.162,5.524,4.000
1.141,5.529,4.000
1.117,5.523,4.000
1.093,5.518,4.000
1.074,5.532,4.000
1.052,5.536,4.000
1.027,5.521,4.000
1.007,5.535,4.000
0.980,5.509,4.000
0.961,5.533,4.000
0.945,5.565,4.000
0.918,5.540,4.000
0.899,5.563,4.000
0.873,5.537,4.000
0.853,5.550,4.000
0.831,5.554,4.000
0.810,5.567,4.000
0.821,5.798,4.000
0.768,5.583,4.000
0.773,5.786,4.000
0.753,5.807,4.000
0.699,5.562,4.000
0.684,5.623,4.000
0.656,5.577,4.000
0.631,5.550,4.000
0.612,5.582,4.000
0.590,5.584,4.000
0.572,5.626,4.000
0.550,5.628,4.000
0.524,5.581,4.000
0.502,5.583,4.000
0.481,5.595,4.000
0.456,5.567,4.000
0.437,5.598,4.000
0.416,5.620,4.000
0.392,5.592,4.000
0.369,5.583,4.000
0.361,5.798,4.000
0.342,5.874,4.000
0.305,5.617,4.000
0.283,5.608,4.000
0.261,5.619,4.000
0.240,5.640,4.000
0.217,5.621,4.000
0.194,5.602,4.000
0.172,5.593,4.000
0.151,5.623,4.000
0.134,5.854,4.000
0.111,5.845,4.000
0.085,5.635,4.000
0.062,5.615,4.000
0.040,5.615,4.000
0.018,5.625,4.000
-0.004,5.625,4.000
-0.026,5.625,4.000
-0.048,5.625,4.000
-0.070,5.645,4.000
-0.092,5.605,4.000
-0.115,5.663,4.000
-0.142,5.845,4.000
-0.158,5.623,4.000
-0.179,5.593,4.000
-0.203,5.641,4.000
-0.224,5.621,4.000
-0.255,5.822,4.000
-0.266,5.569,4.000
-0.291,5.618,4.000
-0.313,5.617,4.000
-0.335,5.615,4.000
-0.357,5.624,4.000
-0.393,5.824,4.000
-0.417,5.832,4.000
-0.424,5.629,4.000
-0.445,5.608,4.000
-0.467,5.606,4.000
-0.488,5.594,4.000
-0.511,5.602,4.000
-0.533,5.600,4.000
-0.547,5.519,4.000
-0.569,5.517,4.000
-0.599,5.593,4.000
-0.619,5.571,4.000
-0.658,5.724,4.000
-0.678,5.702,4.000
-0.676,5.494,4.000
-0.710,5.590,4.000
-0.712,5.439,4.000
-0.742,5.496,4.000
-0.759,5.463,4.000
-0.782,5.470,4.000
-0.843,5.738,4.000
-0.861,5.706,4.000
-0.842,5.430,4.000
-0.872,5.487,4.000
-0.889,5.454,4.000
-0.912,5.460,4.000
-0.932,5.446,4.000
-0.957,5.463,4.000
-1.024,5.718,4.000
-1.001,5.465,4.000
-1.028,5.490,4.000
-1.035,5.407,4.000
-1.066,5.453,4.000
-1.083,5.429,4.000
-1.104,5.424,4.000
-1.130,5.440,4.000
-1.147,5.416,4.000
-1.218,5.641,4.000
-1.240,5.636,4.000
-1.206,5.382,4.000
-1.234,5.407,4.000
-1.255,5.402,4.000
-1.274,5.387,4.000
-1.295,5.382,4.000
-1.319,5.387,4.000
-1.347,5.411,4.000
-1.373,5.425,4.000
-1.382,5.371,4.000
-1.403,5.365,4.000
-1.422,5.350,4.000
-1.437,5.325,4.000
-1.466,5.348,4.000
-1.485,5.333,4.000
-1.511,5.346,4.000
-1.548,5.398,4.000
-1.550,5.325,4.000
-1.574,5.328,4.000
-1.592,5.312,4.000
-1.610,5.296,4.000
-1.700,5.515,4.000
-1.657,5.303,4.000
-1.675,5.287,4.000
-1.693,5.271,4.000
-1.713,5.264,4.000
-1.737,5.267,4.000
-1.770,5.298,4.000
-1.769,5.224,4.000
-1.866,5.441,4.000
-1.890,5.442,4.000
-1.837,5.222,4.000
-1.861,5.224,4.000
-1.878,5.207,4.000
-1.909,5.228,4.000
-1.922,5.202,4.000
-2.001,5.351,4.000
-2.039,5.388,4.000
-2.064,5.389,4.000
-2.000,5.162,4.000
-2.024,5.163,4.000
-2.033,5.127,4.000
-2.068,5.157,4.000
-2.084,5.139,4.000
-2.186,5.330,4.000
-2.125,5.123,4.000
-2.153,5.133,4.000
-2.161,5.096,4.000
-2.270,5.295,4.000
-2.201,5.079,4.000
-2.225,5.080,4.000
-2.245,5.071,4.000
-2.265,5.062,4.000
-2.276,5.035,4.000
-2.300,5.035,4.000
-2.345,5.081,4.000
-2.344,5.026,4.000
-2.359,5.008,4.000
-2.392,5.026,4.000
-2.492,5.184,4.000
-2.436,5.016,4.000
-2.438,4.970,4.000
-2.457,4.960,4.000
-2.472,4.942,4.000
-2.501,4.950,4.000
-2.506,4.913,4.000
-2.544,4.939,4.000
-2.563,4.929,4.000
-2.578,4.910,4.000
-2.597,4.900,4.000
-2.616,4.890,4.000
-2.640,4.888,4.000
-2.650,4.860,4.000
-2.669,4.850,4.000
-2.673,4.813,4.000
-2.707,4.829,4.000
-2.711,4.792,4.000
-2.818,4.936,4.000
-2.784,4.831,4.000
-2.772,4.768,4.000
-2.781,4.740,4.000
-2.935,4.958,4.000
-2.964,4.963,4.000
-2.857,4.741,4.000
-2.828,4.652,4.000
-2.841,4.632,4.000
-2.870,4.638,4.000
-2.888,4.627,4.000
-3.029,4.810,4.000
-3.042,4.790,4.000
-2.937,4.584,4.000
-2.966,4.590,4.000
-2.984,4.578,4.000
-3.013,4.583,4.000
-3.009,4.537,4.000
-3.049,4.559,4.000
-3.050,4.522,4.000
-3.068,4.510,4.000
-3.097,4.515,4.000
-3.097,4.477,4.000
-3.103,4.448,4.000
-3.162,4.495,4.000
-3.260,4.596,4.000
-3.185,4.453,4.000
-3.313,4.595,4.000
-3.343,4.597,4.000
-3.219,4.391,4.000
-3.236,4.378,4.000
-3.266,4.382,4.000
-3.283,4.369,4.000
-3.294,4.348,4.000
-3.298,4.318,4.000
-3.322,4.314,4.000
-3.363,4.333,4.000
-3.479,4.446,4.000
-3.378,4.282,4.000
-3.376,4.245,4.000
-3.406,4.248,4.000
-3.429,4.242,4.000
-3.590,4.407,4.000
-3.462,4.215,4.000
-3.478,4.201,4.000
-3.442,4.124,4.000
-3.438,4.087,4.000
-3.514,4.145,4.000
-3.497,4.091,4.000
-3.499,4.062,4.000
-3.662,4.218,4.000
-3.685,4.211,4.000
-3.609,4.090,4.000
-3.631,4.084,4.000
-3.654,4.077,4.000
-3.656,4.047,4.000
-3.672,4.033,4.000
-3.688,4.019,4.000
-3.704,4.004,4.000
-3.642,3.906,4.000
-3.749,3.990,4.000
-3.758,3.968,4.000
-3.738,3.916,4.000
-3.859,4.011,4.000
-3.790,3.908,4.000
-3.812,3.901,4.000
-3.835,3.893,4.000
-3.836,3.863,4.000
-4.000,3.997,4.000
-3.873,3.840,4.000
-3.859,3.796,4.000
-3.896,3.803,4.000
-3.918,3.795,4.000
-3.903,3.751,4.000
-3.955,3.771,4.000
-3.963,3.748,4.000
-4.138,3.883,4.000
-4.160,3.873,4.000
-4.006,3.701,4.000
-4.013,3.679,4.000
-4.058,3.690,4.000
-4.057,3.661,4.000
-4.056,3.631,4.000
-4.257,3.781,4.000
-4.085,3.599,4.000
-4.122,3.603,4.000
-4.128,3.580,4.000
-4.135,3.557,4.000
-4.156,3.548,4.000
-4.308,3.648,4.000
-4.345,3.650,4.000
-4.366,3.639,4.000
-4.196,3.469,4.000
-4.209,3.453,4.000
-4.432,3.606,4.000
-4.236,3.419,4.000
-4.258,3.409,4.000
-4.279,3.399,4.000
-4.300,3.388,4.000
-4.298,3.359,4.000
-4.286,3.323,4.000
-4.324,3.325,4.000
-4.345,3.314,4.000
-4.342,3.285,4.000
-4.371,3.280,4.000
-4.384,3.263,4.000
-4.673,3.450,4.000
-4.393,3.216,4.000
-4.438,3.223,4.000
-4.434,3.194,4.000
-4.447,3.176,4.000
-4.451,3.153,4.000
-4.455,3.129,4.000
-4.542,3.164,4.000
-4.488,3.100,4.000
-4.483,3.071,4.000
-4.520,3.071,4.000
-4.507,3.036,4.000
-4.603,3.074,4.000
-4.539,3.006,4.000
-4.551,2.988,4.000
-4.571,2.976,4.000
-4.592,2.963,4.000
-4.603,2.945,4.000
-4.606,2.922,4.000
-4.820,3.031,4.000
-4.629,2.885,4.000
-4.640,2.867,4.000
-4.651,2.849,4.000
-4.662,2.831,4.000
-4.674,2.812,4.000
-4.658,2.778,4.000
-4.860,2.873,4.000
-4.930,2.888,4.000
-4.717,2.739,4.000
-4.746,2.730,4.000
-4.765,2.717,4.000
-4.767,2.693,4.000
-4.742,2.654,4.000
-4.779,2.650,4.000
-4.762,2.617,4.000
-4.800,2.613,4.000
-5.011,2.703,4.000
-4.802,2.565,4.000
-4.821,2.551,4.000
-4.831,2.532,4.000
-4.868,2.528,4.000
-5.046,2.595,4.000
-4.879,2.485,4.000
-5.066,2.555,4.000
-5.103,2.548,4.000
-4.908,2.427,4.000
-4.899,2.399,4.000
-4.899,2.375,4.000
-4.954,2.378,4.000
-4.936,2.345,4.000
-4.936,2.322,4.000
-4.936,2.298,4.000
-4.954,2.283,4.000
-5.172,2.359,4.000
-5.190,2.342,4.000
-5.190,2.318,4.000
-4.980,2.201,4.000
-4.998,2.185,4.000
-4.987,2.157,4.000
-5.005,2.142,4.000
-5.023,2.126,4.000
-5.031,2.106,4.000
-5.252,2.174,4.000
-5.233,2.143,4.000
-5.462,2.212,4.000
-5.064,2.027,4.000
-5.072,2.007,4.000
-5.330,2.085,4.000
-5.078,1.964,4.000
-5.095,1.947,4.000
-5.327,2.012,4.000
-5.148,1.922,4.000
-5.098,1.880,4.000
-5.096,1.857,4.000
-5.151,1.854,4.000
-5.178,1.840,4.000
-5.127,1.800,4.000
-5.343,1.852,4.000
-5.387,1.844,4.000
-5.394,1.822,4.000
-5.165,1.722,4.000
-5.181,1.705,4.000
-5.350,1.738,4.000
-5.413,1.735,4.000
-5.201,1.644,4.000
-5.217,1.627,4.000
-5.204,1.600,4.000
-5.210,1.580,4.000
-5.216,1.559,4.000
-5.222,1.539,4.000
-5.477,1.591,4.000
-5.465,1.564,4.000
-5.270,1.486,4.000
-5.256,1.459,4.000
-5.281,1.444,4.000
-5.267,1.418,4.000
-5.523,1.464,4.000
-5.278,1.377,4.000
-5.293,1.359,4.000
-5.279,1.333,4.000
-5.304,1.317,4.000
-5.309,1.296,4.000
-5.527,1.326,4.000
-5.475,1.291,4.000
-5.314,1.231,4.000
-5.328,1.213,4.000
-5.313,1.187,4.000
-5.328,1.169,4.000
-5.332,1.148,4.000
-5.357,1.131,4.000
-5.371,1.112,4.000
-5.580,1.132,4.000
-5.319,1.058,4.000
-5.374,1.047,4.000
-5.348,1.020,4.000
-5.372,1.003,4.000
-5.582,1.019,4.000
-5.605,1.001,4.000
-5.333,0.930,4.000
-5.565,0.948,4.000
-5.391,0.897,4.000
-5.384,0.874,4.000
-5.408,0.856,4.000
-5.391,0.832,4.000
-5.394,0.811,4.000
-5.397,0.789,4.000
-5.420,0.771,4.000
-5.423,0.750,4.000
-5.396,0.725,4.000
-5.646,0.736,4.000
-5.401,0.682,4.000
-5.434,0.665,4.000
-5.457,0.646,4.000
-5.419,0.620,4.000
-5.650,0.624,4.000
-5.424,0.577,4.000
-5.416,0.555,4.000
-5.418,0.533,4.000
-5.451,0.515,4.000
-5.661,0.513,4.000
-5.403,0.468,4.000
-5.426,0.448,4.000
-5.386,0.424,4.000
-5.450,0.407,4.000
-5.451,0.386,4.000
-5.442,0.364,4.000
-5.673,0.357,4.000
-5.445,0.321,4.000
-5.446,0.300,4.000
-5.478,0.280,4.000
-5.668,0.267,4.000
-5.449,0.236,4.000
-5.440,0.214,4.000
-5.389,0.191,4.000
-5.513,0.173,4.000
-5.483,0.151,4.000
-5.473,0.129,4.000
-5.693,0.112,4.000
-5.674,0.089,4.000
-5.454,0.064,4.000
-5.536,0.044,4.000
-5.761,0.023,4.000
-5.465,0.000,4.000
-5.505,-0.022,4.000
-5.444,-0.043,4.000
-5.555,-0.065,4.000
-5.535,-0.087,4.000
-5.453,-0.107,4.000
-5.534,-0.130,4.000
-5.778,-0.159,4.000
-5.573,-0.175,4.000
-5.748,-0.203,4.000
-5.541,-0.218,4.000
-5.541,-0.239,4.000
-5.448,-0.257,4.000
-5.754,-0.294,4.000
-5.537,-0.305,4.000
-5.536,-0.326,4.000
-5.535,-0.348,4.000
-5.442,-0.364,4.000
-5.728,-0.405,4.000
-5.470,-0.409,4.000
-5.519,-0.434,4.000
-5.436,-0.449,4.000
-5.759,-0.498,4.000
-5.513,-0.499,4.000
-5.420,-0.512,4.000
-5.529,-0.544,4.000
-5.467,-0.560,4.000
-5.505,-0.586,4.000
-5.755,-0.635,4.000
-5.439,-0.622,4.000
-5.507,-0.651,4.000
-5.495,-0.672,4.000
-5.492,-0.693,4.000
-5.489,-0.715,4.000
-5.436,-0.730,4.000
-5.678,-0.785,4.000
-5.704,-0.811,4.000
-5.487,-0.803,4.000
-5.474,-0.823,4.000
-5.431,-0.838,4.000
-5.468,-0.866,4.000
-5.484,-0.890,4.000
-5.471,-0.910,4.000
-5.679,-0.968,4.000
-5.453,-0.951,4.000
-5.450,-0.973,4.000
-5.456,-0.996,4.000
-5.452,-1.017,4.000
-5.438,-1.037,4.000
-5.674,-1.105,4.000
-5.439,-1.081,4.000
-5.425,-1.101,4.000
-5.431,-1.124,4.000
-5.406,-1.141,4.000
-5.412,-1.165,4.000
-5.407,-1.186,4.000
-5.412,-1.209,4.000
-5.368,-1.221,4.000
-5.613,-1.300,4.000
-5.378,-1.268,4.000
-5.402,-1.296,4.000
-5.388,-1.315,4.000
-5.353,-1.329,4.000
-5.367,-1.355,4.000
-5.599,-1.437,4.000
-5.376,-1.402,4.000
-5.361,-1.421,4.000
-5.563,-1.498,4.000
-5.349,-1.463,4.000
-5.334,-1.481,4.000
-5.309,-1.496,4.000
-5.322,-1.523,4.000
-5.316,-1.544,4.000
-5.536,-1.631,4.000
-5.313,-1.588,4.000
-5.307,-1.609,4.000
-5.301,-1.630,4.000
-5.275,-1.645,4.000
-5.278,-1.668,4.000
-5.505,-1.764,4.000
-5.489,-1.782,4.000
-5.482,-1.804,4.000
-5.465,-1.822,4.000
-5.273,-1.781,4.000
-5.238,-1.792,4.000
-5.230,-1.813,4.000
-5.223,-1.833,4.000
-5.226,-1.857,4.000
-5.199,-1.871,4.000
-5.211,-1.898,4.000
-5.165,-1.905,4.000
-5.186,-1.936,4.000
-5.179,-1.956,4.000
-5.190,-1.983,4.000
-5.238,-2.025,4.000
-5.174,-2.024,4.000
-5.357,-2.120,4.000
-5.167,-2.068,4.000
-5.084,-2.058,4.000
-5.151,-2.109,4.000
-5.115,-2.117,4.000
-5.116,-2.141,4.000
-5.314,-2.249,4.000
-5.135,-2.197,4.000
-5.081,-2.198,4.000
-5.081,-2.221,4.000
-5.109,-2.258,4.000
-5.036,-2.249,4.000
-5.055,-2.281,4.000
-5.046,-2.301,4.000
-5.055,-2.329,4.000
-5.037,-2.345,4.000
-5.018,-2.360,4.000
-4.991,-2.371,4.000
-4.991,-2.395,4.000
-4.972,-2.410,4.000
-4.981,-2.439,4.000
-5.181,-2.562,4.000
-4.934,-2.464,4.000
-4.943,-2.493,4.000
-4.942,-2.517,4.000
-4.923,-2.531,4.000
-4.922,-2.555,4.000
-4.903,-2.570,4.000
-4.902,-2.594,4.000
-4.891,-2.613,4.000
-4.863,-2.623,4.000
-4.871,-2.651,4.000
-4.869,-2.675,4.000
-4.850,-2.690,4.000
-4.883,-2.733,4.000
-4.820,-2.723,4.000
-4.809,-2.742,4.000
-4.798,-2.760,4.000
-4.805,-2.789,4.000
-4.794,-2.808,4.000
-4.757,-2.812,4.000
-4.754,-2.835,4.000
-4.743,-2.854,4.000
-4.741,-2.878,4.000
-4.913,-3.009,4.000
-4.934,-3.048,4.000
-4.865,-3.032,4.000
-4.686,-2.947,4.000
-4.649,-2.949,4.000
-4.663,-2.983,4.000
-4.660,-3.007,4.000
-4.639,-3.020,4.000
-4.644,-3.049,4.000
-4.616,-3.056,4.000
-4.561,-3.046,4.000
-4.591,-3.092,4.000
-4.579,-3.110,4.000
-4.575,-3.134,4.000
-4.563,-3.152,4.000
-4.592,-3.198,4.000
-4.555,-3.199,4.000
-4.582,-3.246,4.000
-4.750,-3.392,4.000
-4.492,-3.235,4.000
-4.479,-3.253,4.000
-4.475,-3.276,4.000
-4.526,-3.341,4.000
-4.465,-3.323,4.000
-4.507,-3.382,4.000
-4.407,-3.334,4.000
-4.649,-3.546,4.000
-4.483,-3.447,4.000
-4.635,-3.593,4.000
-4.432,-3.464,4.000
-4.426,-3.487,4.000
-4.397,-3.492,4.000
-4.399,-3.522,4.000
-4.385,-3.539,4.000
-4.363,-3.550,4.000
-4.327,-3.549,4.000
-4.542,-3.755,4.000
-4.314,-3.595,4.000
-4.315,-3.625,4.000
-4.293,-3.635,4.000
-4.271,-3.646,4.000
-4.272,-3.675,4.000
-4.257,-3.692,4.000
-4.416,-3.860,4.000
-4.213,-3.712,4.000
-4.184,-3.716,4.000
-4.184,-3.745,4.000
-4.177,-3.768,4.000
-4.162,-3.785,4.000
-4.140,-3.794,4.000
-4.110,-3.797,4.000
-4.124,-3.840,4.000
-4.088,-3.836,4.000
-4.094,-3.872,4.000
-4.225,-4.028,4.000
-4.195,-4.031,4.000
-4.034,-3.907,4.000
-4.026,-3.929,4.000
-4.010,-3.945,4.000
-4.009,-3.975,4.000
-3.979,-3.976,4.000
-3.963,-3.992,4.000
-3.955,-4.014,4.000
-3.939,-4.030,4.000
-3.916,-4.038,4.000
-3.893,-4.047,4.000
-3.891,-4.076,4.000
-3.868,-4.084,4.000
-3.852,-4.099,4.000
-3.836,-4.114,4.000
-3.813,-4.122,4.000
-3.953,-4.307,4.000
-3.781,-4.152,4.000
-3.771,-4.174,4.000
-3.755,-4.189,4.000
-3.854,-4.334,4.000
-3.728,-4.226,4.000
-3.705,-4.233,4.000
-3.688,-4.247,4.000
-3.672,-4.262,4.000
-3.793,-4.437,4.000
-3.835,-4.523,4.000
-3.583,-4.259,4.000
-3.611,-4.326,4.000
-3.581,-4.325,4.000
-3.570,-4.347,4.000
-3.566,-4.376,4.000
-3.524,-4.360,4.000
-3.519,-4.389,4.000
-3.502,-4.403,4.000
-3.490,-4.424,4.000
-3.467,-4.430,4.000
-3.456,-4.451,4.000
-3.426,-4.449,4.000
-3.421,-4.478,4.000
-3.397,-4.484,4.000
-3.379,-4.497,4.000
-3.356,-4.502,4.000
-3.344,-4.524,4.000
-3.332,-4.545,4.000
-3.444,-4.736,4.000
-3.308,-4.586,4.000
-3.273,-4.575,4.000
-3.237,-4.564,4.000
-3.237,-4.601,4.000
-3.224,-4.622,4.000
-3.200,-4.626,4.000
-3.177,-4.631,4.000
-3.164,-4.651,4.000
-3.264,-4.839,4.000
-3.127,-4.676,4.000
-3.231,-4.872,4.000
-3.080,-4.684,4.000
-3.072,-4.712,4.000
-3.069,-4.749,4.000
-3.040,-4.745,4.000
-3.016,-4.748,4.000
-2.998,-4.760,4.000
-2.979,-4.772,4.000
-2.971,-4.800,4.000
-2.931,-4.778,4.000
-2.923,-4.807,4.000
-2.899,-4.810,4.000
-2.895,-4.846,4.000
-2.881,-4.866,4.000
-2.837,-4.835,4.000
-2.915,-5.013,4.000
-2.794,-4.848,4.000
-2.780,-4.868,4.000
-2.874,-5.080,4.000
-2.845,-5.075,4.000
-2.717,-4.892,4.000
-2.717,-4.937,4.000
-2.698,-4.948,4.000
-2.674,-4.949,4.000
-2.659,-4.969,4.000
-2.611,-4.926,4.000
-2.615,-4.981,4.000
-2.596,-4.991,4.000
-2.576,-5.001,4.000
-2.556,-5.011,4.000
-2.528,-5.003,4.000
-2.612,-5.220,4.000
-2.536,-5.119,4.000
-2.477,-5.051,4.000
-2.500,-5.148,4.000
-2.476,-5.149,4.000
-2.525,-5.304,4.000
-2.439,-5.177,4.000
-2.419,-5.187,4.000
-2.345,-5.080,4.000
-2.338,-5.117,4.000
-2.409,-5.327,4.000
-2.305,-5.153,4.000
-2.317,-5.233,4.000
-2.376,-5.423,4.000
-2.358,-5.441,4.000
-2.251,-5.251,4.000
-2.234,-5.269,4.000
-2.210,-5.269,4.000
-2.189,-5.277,4.000
-2.161,-5.268,4.000
-2.219,-5.470,4.000
-2.211,-5.512,4.000
-2.106,-5.311,4.000
-2.085,-5.319,4.000
-2.064,-5.327,4.000
-2.040,-5.326,4.000
-2.029,-5.361,4.000
-2.015,-5.387,4.000
-2.043,-5.528,4.000
-1.959,-5.367,4.000
-1.945,-5.393,4.000
-1.917,-5.382,4.000
-1.896,-5.389,4.000
-1.872,-5.388,4.000
-1.854,-5.404,4.000
-1.823,-5.384,4.000
-1.880,-5.624,4.000
-1.793,-5.435,4.000
-1.780,-5.469,4.000
-1.808,-5.628,4.000
-1.726,-5.446,4.000
-1.707,-5.462,4.000
-1.686,-5.469,4.000
-1.664,-5.476,4.000
-1.643,-5.482,4.000
-1.616,-5.470,4.000
-1.600,-5.495,4.000
-1.573,-5.482,4.000
-1.554,-5.498,4.000
-1.590,-5.713,4.000
-1.511,-5.510,4.000
-1.492,-5.525,4.000
-1.523,-5.731,4.000
-1.505,-5.755,4.000
-1.426,-5.542,4.000
-1.402,-5.538,4.000
-1.378,-5.535,4.000
-1.363,-5.568,4.000
-1.341,-5.573,4.000
-1.363,-5.762,4.000
-1.340,-5.767,4.000
-1.271,-5.570,4.000
-1.247,-5.565,4.000
-1.234,-5.608,4.000
-1.202,-5.566,4.000
-1.182,-5.580,4.000
-1.160,-5.584,4.000
-1.144,-5.617,4.000
-1.118,-5.603,4.000
-1.094,-5.598,4.000
-1.076,-5.621,4.000
-1.048,-5.596,4.000
-1.030,-5.620,4.000
-1.003,-5.595,4.000
-0.986,-5.628,4.000
-0.960,-5.612,4.000
-0.938,-5.616,4.000
-0.929,-5.696,4.000
-0.900,-5.661,4.000
-0.877,-5.655,4.000
-0.851,-5.640,4.000
-0.831,-5.652,4.000
-0.842,-5.889,4.000
-0.786,-5.659,4.000
-0.763,-5.652,4.000
-0.742,-5.665,4.000
-0.718,-5.658,4.000
-0.696,-5.661,4.000
-0.675,-5.673,4.000
-0.679,-5.900,4.000
-0.625,-5.630,4.000
-0.608,-5.681,4.000
-0.586,-5.683,4.000
-0.565,-5.695,4.000
-0.557,-5.848,4.000
-0.537,-5.887,4.000
-0.494,-5.663,4.000
-0.472,-5.664,4.000
-0.447,-5.627,4.000
-0.446,-5.913,4.000
-0.413,-5.775,4.000
-0.402,-5.953,4.000
-0.362,-5.702,4.000
-0.341,-5.713,4.000
-0.320,-5.743,4.000
-0.295,-5.706,4.000
-0.277,-5.783,4.000
-0.254,-5.784,4.000
-0.230,-5.757,4.000
-0.208,-5.777,4.000
-0.185,-5.758,4.000
-0.167,-5.918,4.000
-0.145,-6.001,4.000
-0.117,-5.779,4.000
-0.095,-5.789,4.000
-0.072,-5.799,4.000
-0.049,-5.799,4.000
-0.028,-6.048,4.000
-0.004,-6.039,4.000
0.019,-5.985,4.000
0.041,-5.780,4.000
0.064,-5.799,4.000
0.087,-5.799,4.000
0.110,-5.817,4.000
0.137,-6.001,4.000
0.161,-6.019,4.000
0.186,-6.036,4.000
0.202,-5.815,4.000
0.223,-5.786,4.000
0.246,-5.794,4.000
0.269,-5.793,4.000
0.292,-5.792,4.000
0.314,-5.781,4.000
0.337,-5.780,4.000
0.359,-5.779,4.000
0.396,-5.981,4.000
0.419,-5.979,4.000
0.427,-5.774,4.000
0.449,-5.753,4.000
0.473,-5.771,4.000
0.495,-5.759,4.000
0.519,-5.776,4.000
0.543,-5.793,4.000
0.563,-5.762,4.000
0.580,-5.703,4.000
0.610,-5.767,4.000
0.632,-5.765,4.000
0.655,-5.762,4.000
0.677,-5.760,4.000
0.726,-5.968,4.000
0.723,-5.754,4.000
0.745,-5.751,4.000
0.765,-5.729,4.000
0.789,-5.736,4.000
0.810,-5.723,4.000
0.840,-5.767,4.000
0.869,-5.810,4.000
0.909,-5.915,4.000
0.901,-5.719,4.000
0.925,-5.725,4.000
0.942,-5.684,4.000
0.969,-5.708,4.000
0.996,-5.732,4.000
1.056,-5.937,4.000
1.038,-5.706,4.000
1.099,-5.911,4.000
1.086,-5.716,4.000
1.105,-5.693,4.000
1.125,-5.679,4.000
1.147,-5.675,4.000
1.170,-5.670,4.000
1.192,-5.666,4.000
1.257,-5.861,4.000
1.280,-5.856,4.000
1.261,-5.661,4.000
1.283,-5.656,4.000
1.305,-5.651,4.000
1.329,-5.655,4.000
1.347,-5.631,4.000
1.360,-5.589,4.000
1.396,-5.639,4.000
1.413,-5.615,4.000
1.440,-5.627,4.000
1.455,-5.594,4.000
1.482,-5.607,4.000
1.501,-5.592,4.000
1.518,-5.567,4.000
1.548,-5.589,4.000
1.570,-5.583,4.000
1.594,-5.586,4.000
1.611,-5.561,4.000
1.633,-5.555,4.000
1.657,-5.558,4.000
1.682,-5.560,4.000
1.695,-5.526,4.000
1.723,-5.538,4.000
1.724,-5.467,4.000
1.763,-5.515,4.000
1.788,-5.517,4.000
1.873,-5.703,4.000
1.892,-5.687,4.000
1.846,-5.478,4.000
1.874,-5.488,4.000
1.896,-5.481,4.000
1.914,-5.464,4.000
1.939,-5.466,4.000
2.032,-5.658,4.000
2.063,-5.676,4.000
2.073,-5.634,4.000
2.024,-5.435,4.000
2.045,-5.427,4.000
2.060,-5.401,4.000
2.081,-5.393,4.000
2.109,-5.402,4.000
2.215,-5.608,4.000
2.244,-5.616,4.000
2.169,-5.368,4.000
2.222,-5.438,4.000
2.211,-5.351,4.000
2.228,-5.334,4.000
2.282,-5.403,4.000
2.285,-5.351,4.000
2.284,-5.289,4.000
2.405,-5.510,4.000
2.340,-5.306,4.000
2.353,-5.280,4.000
2.382,-5.288,4.000
2.399,-5.270,4.000
2.427,-5.277,4.000
2.456,-5.285,4.000
2.465,-5.250,4.000
2.481,-5.231,4.000
2.489,-5.196,4.000
2.567,-5.305,4.000
2.580,-5.278,4.000
2.601,-5.268,4.000
2.707,-5.428,4.000
2.658,-5.280,4.000
2.658,-5.228,4.000
2.683,-5.226,4.000
2.690,-5.191,4.000
2.724,-5.205,4.000
2.753,-5.211,4.000
2.760,-5.175,4.000
2.789,-5.181,4.000
2.814,-5.178,4.000
2.825,-5.150,4.000
2.947,-5.322,4.000
2.879,-5.152,4.000
2.881,-5.109,4.000
2.859,-5.024,4.000
2.903,-5.053,4.000
2.941,-5.074,4.000
2.966,-5.071,4.000
2.976,-5.043,4.000
3.006,-5.047,4.000
3.021,-5.028,4.000
3.031,-5.000,4.000
3.060,-5.004,4.000
3.109,-5.039,4.000
3.104,-4.987,4.000
3.099,-4.936,4.000
3.143,-4.963,4.000
3.153,-4.935,4.000
3.177,-4.930,4.000
3.196,-4.918,4.000
3.210,-4.897,4.000
3.224,-4.877,4.000
3.370,-5.054,4.000
3.273,-4.867,4.000
3.425,-5.049,4.000
3.435,-5.021,4.000
3.335,-4.836,4.000
3.360,-4.830,4.000
3.368,-4.802,4.000
3.398,-4.804,4.000
3.427,-4.805,4.000
3.435,-4.777,4.000
3.571,-4.925,4.000
3.590,-4.911,4.000
3.491,-4.736,4.000
3.504,-4.715,4.000
3.517,-4.694,4.000
3.558,-4.709,4.000
3.681,-4.833,4.000
3.572,-4.652,4.000
3.590,-4.638,4.000
3.614,-4.631,4.000
3.762,-4.781,4.000
3.758,-4.738,4.000
3.674,-4.595,4.000
3.687,-4.574,4.000
3.699,-4.552,4.000
3.722,-4.545,4.000
3.728,-4.516,4.000
3.752,-4.508,4.000
3.782,-4.508,4.000
3.787,-4.479,4.000
3.912,-4.589,4.000
3.959,-4.608,4.000
3.834,-4.427,4.000
3.857,-4.419,4.000
3.887,-4.417,4.000
3.879,-4.374,4.000
4.048,-4.529,4.000
4.066,-4.513,4.000
3.987,-4.390,4.000
3.973,-4.340,4.000
3.983,-4.318,4.000
4.013,-4.316,4.000
4.004,-4.273,4.000
4.027,-4.264,4.000
4.051,-4.255,4.000
4.048,-4.219,4.000
4.071,-4.209,4.000
4.113,-4.220,4.000
4.117,-4.191,4.000
4.120,-4.161,4.000
4.156,-4.165,4.000
4.179,-4.155,4.000
4.169,-4.112,4.000
4.185,-4.096,4.000
4.208,-4.086,4.000
4.342,-4.184,4.000
4.233,-4.046,4.000
4.427,-4.199,4.000
4.285,-4.032,4.000
4.294,-4.009,4.000
4.317,-3.998,4.000
4.325,-3.975,4.000
4.334,-3.952,4.000
4.349,-3.935,4.000
4.365,-3.918,4.000
4.543,-4.046,4.000
4.451,-3.932,4.000
4.411,-3.866,4.000
4.419,-3.843,4.000
4.448,-3.837,4.000
4.456,-3.814,4.000
4.478,-3.802,4.000
4.500,-3.791,4.000
4.675,-3.907,4.000
4.515,-3.743,4.000
4.537,-3.732,4.000
4.559,-3.720,4.000
4.559,-3.690,4.000
4.573,-3.672,4.000
4.595,-3.660,4.000
4.774,-3.771,4.000
4.675,-3.664,4.000
4.645,-3.611,4.000
4.659,-3.593,4.000
4.666,-3.569,4.000
4.680,-3.551,4.000
4.854,-3.653,4.000
4.700,-3.508,4.000
4.707,-3.484,4.000
4.728,-3.471,4.000
4.779,-3.480,4.000
4.762,-3.439,4.000
4.776,-3.421,4.000
4.782,-3.397,4.000
4.803,-3.383,4.000
4.987,-3.484,4.000
4.829,-3.345,4.000
4.850,-3.332,4.000
4.847,-3.302,4.000
4.868,-3.288,4.000
4.858,-3.253,4.000
5.075,-3.370,4.000
5.044,-3.321,4.000
5.094,-3.326,4.000
4.924,-3.187,4.000
4.936,-3.168,4.000
5.133,-3.265,4.000
5.153,-3.250,4.000
4.973,-3.109,4.000
4.977,-3.085,4.000
4.990,-3.065,4.000
5.017,-3.055,4.000
5.021,-3.031,4.000
5.221,-3.123,4.000
5.053,-2.996,4.000
5.065,-2.976,4.000
5.068,-2.952,4.000
5.112,-2.950,4.000
5.100,-2.916,4.000
5.103,-2.892,4.000
5.297,-2.974,4.000
5.324,-2.962,4.000
5.145,-2.836,4.000
5.131,-2.802,4.000
5.150,-2.787,4.000
5.178,-2.775,4.000
5.172,-2.746,4.000
5.199,-2.734,4.000
5.227,-2.723,4.000
5.212,-2.689,4.000
5.223,-2.669,4.000
5.242,-2.652,4.000
5.260,-2.636,4.000
5.262,-2.611,4.000
5.460,-2.683,4.000
5.283,-2.570,4.000
5.473,-2.636,4.000
5.311,-2.532,4.000
5.296,-2.499,4.000
5.504,-2.571,4.000
5.298,-2.450,4.000
5.325,-2.437,4.000
5.343,-2.420,4.000
5.352,-2.399,4.000
5.370,-2.382,4.000
5.379,-2.361,4.000
5.380,-2.336,4.000
5.372,-2.307,4.000
5.407,-2.297,4.000
5.617,-2.360,4.000
5.416,-2.251,4.000
5.433,-2.233,4.000
5.459,-2.219,4.000
5.620,-2.258,4.000
5.442,-2.162,4.000
5.468,-2.148,4.000
5.494,-2.133,4.000
5.476,-2.101,4.000
5.510,-2.090,4.000
5.457,-2.045,4.000
5.746,-2.128,4.000
5.722,-2.093,4.000
5.507,-1.990,4.000
5.533,-1.975,4.000
5.729,-2.020,4.000
5.712,-1.988,4.000
5.582,-1.919,4.000
5.563,-1.888,4.000
5.570,-1.866,4.000
5.784,-1.912,4.000
5.567,-1.816,4.000
5.592,-1.800,4.000
5.572,-1.770,4.000
5.615,-1.759,4.000
5.846,-1.806,4.000
5.602,-1.707,4.000
5.617,-1.687,4.000
5.624,-1.665,4.000
5.621,-1.641,4.000
5.838,-1.679,4.000
5.643,-1.599,4.000
5.842,-1.631,4.000
5.637,-1.550,4.000
5.661,-1.532,4.000
5.676,-1.513,4.000
5.682,-1.490,4.000
5.873,-1.516,4.000
5.888,-1.495,4.000
5.690,-1.421,4.000
5.696,-1.399,4.000
5.701,-1.376,4.000
5.734,-1.360,4.000
5.739,-1.338,4.000
5.690,-1.303,4.000
5.722,-1.287,4.000
5.718,-1.262,4.000
5.732,-1.242,4.000
5.737,-1.219,4.000
5.760,-1.200,4.000
5.774,-1.180,4.000
5.965,-1.194,4.000
5.774,-1.133,4.000
5.769,-1.108,4.000
5.773,-1.085,4.000
5.768,-1.061,4.000
5.773,-1.038,4.000
5.786,-1.017,4.000
5.969,-1.026,4.000
5.775,-0.969,4.000
5.816,-0.952,4.000
5.783,-0.923,4.000
5.786,-0.901,4.000
5.762,-0.874,4.000
5.802,-0.857,4.000
5.815,-0.835,4.000
5.800,-0.810,4.000
6.028,-0.818,4.000
5.824,-0.767,4.000
5.809,-0.741,4.000
5.839,-0.722,4.000
5.842,-0.699,4.000
5.836,-0.675,4.000
5.829,-0.651,4.000
6.013,-0.648,4.000
6.016,-0.624,4.000
5.789,-0.578,4.000
5.866,-0.562,4.000
6.023,-0.553,4.000
5.861,-0.515,4.000
5.835,-0.490,4.000
5.837,-0.467,4.000
5.848,-0.445,4.000
6.059,-0.437,4.000
6.061,-0.413,4.000
5.853,-0.376,4.000
5.864,-0.354,4.000
5.874,-0.331,4.000
5.857,-0.307,4.000
6.112,-0.296,4.000
5.878,-0.262,4.000
5.851,-0.238,4.000
5.871,-0.215,4.000
6.098,-0.200,4.000
5.881,-0.170,4.000
5.873,-0.146,4.000
5.873,-0.123,4.000
6.092,-0.104,4.000
5.827,-0.076,4.000
5.761,-0.053,4.500
5.713,-0.030,4.500
5.713,-0.008,4.500
5.742,0.015,4.500
5.674,0.037,4.500
5.948,0.062,4.500
5.732,0.082,4.500
5.722,0.105,4.500
5.741,0.127,4.500
5.919,0.155,4.500
5.691,0.171,4.500
5.710,0.194,4.500
5.709,0.217,4.500
5.708,0.239,4.500
5.887,0.270,4.500
5.914,0.294,4.500
5.705,0.306,4.500
5.704,0.329,4.500
5.664,0.349,4.500
5.701,0.373,4.500
5.916,0.411,4.500
5.905,0.433,4.500
5.687,0.440,4.500
5.694,0.463,4.500
5.664,0.483,4.500
5.700,0.508,4.500
5.895,0.549,4.500
5.902,0.573,4.500
5.684,0.574,4.500
5.653,0.594,4.500
5.886,0.642,4.500
5.883,0.665,4.500
5.665,0.662,4.500
5.691,0.688,4.500
5.669,0.708,4.500
5.881,0.758,4.500
5.663,0.753,4.500
5.857,0.802,4.500
5.854,0.825,4.500
5.673,0.822,4.500
5.651,0.841,4.500
5.657,0.865,4.500
5.644,0.886,4.500
5.621,0.905,4.500
5.618,0.927,4.500
5.811,0.982,4.500
5.834,1.010,4.500
5.626,0.996,4.500
5.612,1.017,4.500
5.608,1.039,4.500
5.632,1.066,4.500
5.749,1.112,4.500
5.605,1.107,4.500
5.629,1.134,4.500
5.558,1.143,4.500
5.592,1.173,4.500
5.587,1.194,4.500
5.582,1.216,4.500
5.780,1.283,4.500
5.784,1.308,4.500
5.558,1.280,4.500
5.553,1.302,4.500
5.538,1.321,4.500
5.552,1.347,4.500
5.547,1.369,4.500
5.522,1.386,4.500
5.536,1.413,4.500
5.530,1.434,4.500
5.525,1.456,4.500
5.519,1.478,4.500
5.504,1.497,4.500
5.516,1.524,4.500
5.692,1.596,4.500
5.695,1.621,4.500
5.679,1.641,4.500
5.637,1.653,4.500
5.476,1.629,4.500
5.470,1.650,4.500
5.435,1.663,4.500
5.438,1.688,4.500
5.468,1.720,4.500
5.443,1.736,4.500
5.427,1.754,4.500
5.429,1.779,4.500
5.413,1.797,4.500
5.415,1.821,4.500
5.543,1.889,4.500
5.588,1.929,4.500
5.793,2.025,4.500
5.395,1.909,4.500
5.574,1.997,4.500
5.600,2.032,4.500
5.363,1.969,4.500
5.364,1.994,4.500
5.338,2.008,4.500
5.321,2.026,4.500
5.340,2.057,4.500
5.323,2.074,4.500
5.315,2.095,4.500
5.262,2.098,4.500
5.299,2.137,4.500
5.290,2.158,4.500
5.474,2.258,4.500
5.482,2.286,4.500
5.464,2.304,4.500
5.256,2.240,4.500
5.211,2.246,4.500
5.238,2.282,4.500
5.229,2.302,4.500
5.202,2.315,4.500
5.400,2.428,4.500
5.399,2.453,4.500
5.406,2.482,4.500
5.174,2.400,4.500
5.173,2.425,4.500
5.360,2.538,4.500
5.325,2.547,4.500
5.074,2.451,4.500
5.056,2.467,4.500
5.019,2.474,4.500
5.123,2.550,4.500
5.026,2.526,4.500
5.007,2.542,4.500
5.101,2.615,4.500
4.996,2.585,4.500
5.055,2.641,4.500
5.028,2.652,4.500
4.965,2.644,4.500
4.955,2.664,4.500
4.936,2.678,4.500
4.925,2.698,4.500
4.940,2.731,4.500
5.114,2.853,4.500
5.086,2.864,4.500
5.091,2.893,4.500
4.888,2.804,4.500
4.869,2.818,4.500
4.849,2.832,4.500
4.880,2.876,4.500
5.025,2.988,4.500
5.014,3.008,4.500
5.002,3.027,4.500
4.801,2.932,4.500
4.781,2.945,4.500
4.761,2.959,4.500
4.741,2.972,4.500
4.754,3.007,4.500
4.751,3.031,4.500
4.722,3.039,4.500
4.719,3.062,4.500
4.715,3.086,4.500
4.670,3.083,4.500
4.682,3.118,4.500
4.662,3.131,4.500
4.658,3.154,4.500
4.629,3.162,4.500
4.641,3.197,4.500
4.620,3.209,4.500
4.796,3.359,4.500
4.587,3.240,4.500
4.582,3.263,4.500
4.545,3.264,4.500
4.540,3.288,4.500
4.543,3.317,4.500
4.570,3.364,4.500
4.695,3.484,4.500
4.666,3.492,4.500
4.491,3.388,4.500
4.485,3.411,4.500
4.464,3.423,4.500
4.443,3.435,4.500
4.589,3.577,4.500
4.423,3.475,4.500
4.402,3.487,4.500
4.388,3.504,4.500
4.554,3.666,4.500
4.361,3.538,4.500
4.370,3.574,4.500
4.340,3.579,4.500
4.326,3.596,4.500
4.350,3.644,4.500
4.305,3.636,4.500
4.276,3.640,4.500
4.269,3.663,4.500
4.240,3.667,4.500
4.240,3.697,4.500
4.226,3.713,4.500
4.233,3.749,4.500
4.196,3.746,4.500
4.160,3.743,4.500
4.174,3.786,4.500
4.152,3.795,4.500
4.137,3.812,4.500
4.122,3.828,4.500
4.114,3.851,4.500
4.113,3.880,4.500
4.098,3.896,4.500
4.062,3.892,4.500
4.046,3.908,4.500
4.038,3.931,4.500
4.029,3.953,4.500
4.000,3.955,4.500
3.984,3.971,4.500
3.976,3.994,4.500
3.946,3.995,4.500
4.092,4.176,4.500
4.063,4.178,4.500
4.053,4.201,4.500
3.883,4.057,4.500
3.874,4.079,4.500
3.803,4.036,4.500
3.780,4.044,4.500
3.765,4.059,4.500
3.769,4.095,4.500
3.753,4.110,4.500
3.689,4.073,4.500
3.707,4.125,4.500
3.691,4.139,4.500
3.805,4.301,4.500
3.652,4.160,4.500
3.655,4.197,4.500
3.625,4.197,4.500
3.609,4.211,4.500
3.599,4.233,4.500
3.582,4.247,4.500
3.553,4.245,4.500
3.542,4.267,4.500
3.526,4.281,4.500
3.509,4.295,4.500
3.492,4.308,4.500
3.469,4.314,4.500
3.458,4.336,4.500
3.575,4.518,4.500
3.563,4.540,4.500
3.557,4.569,4.500
3.371,4.366,4.500
3.366,4.395,4.500
3.318,4.368,4.500
3.319,4.405,4.500
3.314,4.434,4.500
3.254,4.390,4.500
3.315,4.508,4.500
3.250,4.456,4.500
3.382,4.676,4.500
3.307,4.611,4.500
3.295,4.632,4.500
3.162,4.482,4.500
3.138,4.486,4.500
3.262,4.702,4.500
3.097,4.502,4.500
3.091,4.531,4.500
3.039,4.492,4.500
3.033,4.521,4.500
3.153,4.741,4.500
3.031,4.596,4.500
2.985,4.565,4.500
2.972,4.586,4.500
2.949,4.589,4.500
2.936,4.609,4.500
2.924,4.629,4.500
2.889,4.614,4.500
2.882,4.643,4.500
2.853,4.637,4.500
2.845,4.666,4.500
2.822,4.668,4.500
2.798,4.670,4.500
2.785,4.690,4.500
2.761,4.692,4.500
2.758,4.729,4.500
2.849,4.930,4.500
2.820,4.924,4.500
2.682,4.726,4.500
2.669,4.745,4.500
2.630,4.720,4.500
2.606,4.721,4.500
2.603,4.758,4.500
2.604,4.805,4.500
2.590,4.824,4.500
2.566,4.825,4.500
2.542,4.826,4.500
2.523,4.836,4.500
2.509,4.855,4.500
2.471,4.828,4.500
2.457,4.847,4.500
2.442,4.866,4.500
2.526,5.081,4.500
2.510,5.100,4.500
2.490,5.110,4.500
2.366,4.903,4.500
2.346,4.913,4.500
2.336,4.940,4.500
2.312,4.940,4.500
2.293,4.949,4.500
2.303,5.023,4.500
2.245,4.948,4.500
2.344,5.221,4.500
2.320,5.221,4.500
2.280,5.186,4.500
2.175,5.002,4.500
2.164,5.029,4.500
2.230,5.239,4.500
2.202,5.230,4.500
2.192,5.265,4.500
2.081,5.053,4.500
2.057,5.052,4.500
2.049,5.088,4.500
2.021,5.077,4.500
2.005,5.095,4.500
1.966,5.055,4.500
1.950,5.072,4.500
1.927,5.070,4.500
1.914,5.097,4.500
1.974,5.320,4.500
1.881,5.131,4.500
1.871,5.167,4.500
1.837,5.136,4.500
1.817,5.143,4.500
1.856,5.321,4.500
1.854,5.383,4.500
1.756,5.164,4.500
1.733,5.161,4.500
1.709,5.158,4.500
1.695,5.184,4.500
1.675,5.191,4.500
1.655,5.197,4.500
1.634,5.204,4.500
1.626,5.249,4.500
1.649,5.399,4.500
1.619,5.377,4.500
1.540,5.189,4.500
1.532,5.235,4.500
1.511,5.241,4.500
1.493,5.257,4.500
1.467,5.243,4.500
1.449,5.258,4.500
1.421,5.234,4.500
1.411,5.280,4.500
1.446,5.497,4.500
1.367,5.281,4.500
1.343,5.276,4.500
1.335,5.331,4.500
1.304,5.296,4.500
1.283,5.301,4.500
1.267,5.326,4.500
1.296,5.544,4.500
1.223,5.326,4.500
1.198,5.311,4.500
1.179,5.325,4.500
1.158,5.330,4.500
1.139,5.345,4.500
1.108,5.299,4.500
1.143,5.578,4.500
1.076,5.358,4.500
1.041,5.291,4.500
1.036,5.376,4.500
1.015,5.380,4.500
0.985,5.333,4.500
0.971,5.378,4.500
0.952,5.392,4.500
0.936,5.425,4.500
0.904,5.369,4.500
0.887,5.392,4.500
0.862,5.376,4.500
0.843,5.389,4.500
0.826,5.423,4.500
0.799,5.385,4.500
0.779,5.399,4.500
0.762,5.432,4.500
0.735,5.394,4.500
0.749,5.664,4.500
0.725,5.648,4.500
0.700,5.631,4.500
0.647,5.375,4.500
0.630,5.418,4.500
0.610,5.431,4.500
0.588,5.423,4.500
0.567,5.425,4.500
0.545,5.427,4.500
0.524,5.429,4.500
0.526,5.679,4.500
0.500,5.642,4.500
0.461,5.445,4.500
0.439,5.437,4.500
0.415,5.408,4.500
0.396,5.440,4.500
0.375,5.452,4.500
0.355,5.463,4.500
0.345,5.664,4.500
0.310,5.435,4.500
0.289,5.437,4.500
0.268,5.458,4.500
0.246,5.449,4.500
0.226,5.470,4.500
0.204,5.451,4.500
0.182,5.441,4.500
0.161,5.452,4.500
0.145,5.673,4.500
0.119,5.504,4.500
0.097,5.454,4.500
0.079,5.703,4.500
0.053,5.403,4.500
0.033,5.475,4.500
0.011,5.454,4.500
-0.010,5.465,4.500
-0.032,5.454,4.500
-0.053,5.454,4.500
-0.075,5.444,4.500
-0.096,5.454,4.500
-0.117,5.453,4.500
-0.139,5.442,4.500
-0.160,5.442,4.500
-0.180,5.390,4.500
-0.203,5.440,4.500
-0.225,5.460,4.500
-0.247,5.469,4.500
-0.267,5.448,4.500
-0.287,5.416,4.500
-0.310,5.446,4.500
-0.331,5.444,4.500
-0.351,5.412,4.500
-0.374,5.442,4.500
-0.413,5.679,4.500
-0.416,5.428,4.500
-0.438,5.437,4.500
-0.460,5.435,4.500
-0.502,5.672,4.500
-0.522,5.641,4.500
-0.545,5.648,4.500
-0.545,5.427,4.500
-0.591,5.663,4.500
-0.587,5.423,4.500
-0.605,5.390,4.500
-0.663,5.704,4.500
-0.651,5.415,4.500
-0.672,5.413,4.500
-0.687,5.359,4.500
-0.712,5.387,4.500
-0.736,5.405,4.500
-0.747,5.330,4.500
-0.809,5.607,4.500
-0.795,5.365,4.500
-0.807,5.300,4.500
-0.864,5.529,4.500
-0.847,5.283,4.500
-0.871,5.301,4.500
-0.893,5.308,4.500
-0.909,5.273,4.500
-0.935,5.300,4.500
-0.956,5.297,4.500
-0.971,5.262,4.500
-0.988,5.238,4.500
-1.014,5.265,4.500
-1.037,5.271,4.500
-1.106,5.506,4.500
-1.115,5.443,4.500
-1.097,5.248,4.500
-1.115,5.233,4.500
-1.151,5.300,4.500
-1.154,5.214,4.500
-1.184,5.250,4.500
-1.200,5.225,4.500
-1.225,5.241,4.500
-1.241,5.216,4.500
-1.263,5.221,4.500
-1.279,5.196,4.500
-1.309,5.231,4.500
-1.327,5.216,4.500
-1.335,5.160,4.500
-1.363,5.185,4.500
-1.394,5.220,4.500
-1.406,5.184,4.500
-1.489,5.404,4.500
-1.447,5.173,4.500
-1.470,5.177,4.500
-1.496,5.192,4.500
-1.505,5.146,4.500
-1.522,5.130,4.500
-1.545,5.134,4.500
-1.575,5.158,4.500
-1.589,5.131,4.500
-1.606,5.115,4.500
-1.700,5.342,4.500
-1.715,5.316,4.500
-1.672,5.116,4.500
-1.673,5.050,4.500
-1.709,5.093,4.500
-1.732,5.096,4.500
-1.746,5.069,4.500
-1.776,5.092,4.500
-1.789,5.065,4.500
-1.891,5.288,4.500
-1.901,5.252,4.500
-1.845,5.034,4.500
-1.872,5.046,4.500
-1.899,5.058,4.500
-1.908,5.022,4.500
-1.931,5.024,4.500
-1.951,5.016,4.500
-1.986,5.047,4.500
-1.990,5.001,4.500
-2.006,4.983,4.500
-2.113,5.192,4.500
-2.130,5.174,4.500
-2.143,5.148,4.500
-2.084,4.951,4.500
-2.091,4.914,4.500
-2.139,4.973,4.500
-2.138,4.917,4.500
-2.157,4.908,4.500
-2.176,4.900,4.500
-2.204,4.910,4.500
-2.215,4.883,4.500
-2.340,5.105,4.500
-2.257,4.874,4.500
-2.272,4.856,4.500
-2.291,4.847,4.500
-2.319,4.857,4.500
-2.334,4.838,4.500
-2.353,4.829,4.500
-2.367,4.811,4.500
-2.390,4.811,4.500
-2.391,4.764,4.500
-2.423,4.782,4.500
-2.442,4.773,4.500
-2.573,4.980,4.500
-2.484,4.763,4.500
-2.503,4.753,4.500
-2.512,4.725,4.500
-2.535,4.724,4.500
-2.564,4.732,4.500
-2.577,4.713,4.500
-2.591,4.694,4.500
-2.614,4.693,4.500
-2.733,4.860,4.500
-2.766,4.875,4.500
-2.781,4.856,4.500
-2.693,4.660,4.500
-2.711,4.649,4.500
-2.745,4.666,4.500
-2.742,4.619,4.500
-2.760,4.608,4.500
-2.920,4.831,4.500
-2.923,4.795,4.500
-2.770,4.504,4.500
-2.771,4.466,4.500
-2.794,4.464,4.500
-2.823,4.471,4.500
-2.835,4.451,4.500
-2.870,4.466,4.500
-2.899,4.473,4.500
-2.846,4.354,4.500
-2.904,4.406,4.500
-3.054,4.593,4.500
-2.945,4.392,4.500
-3.073,4.544,4.500
-2.973,4.360,4.500
-3.126,4.544,4.500
-3.020,4.353,4.500
-3.018,4.315,4.500
-3.023,4.286,4.500
-3.071,4.318,4.500
-3.081,4.297,4.500
-3.104,4.293,4.500
-3.096,4.247,4.500
-3.119,4.243,4.500
-3.148,4.248,4.500
-3.159,4.227,4.500
-3.175,4.215,4.500
-3.192,4.202,4.500
-3.215,4.198,4.500
-3.205,4.152,4.500
-3.221,4.139,4.500
-3.231,4.118,4.500
-3.274,4.139,4.500
-3.439,4.312,4.500
-3.443,4.283,4.500
-3.322,4.100,4.500
-3.331,4.079,4.500
-3.474,4.219,4.500
-3.363,4.052,4.500
-3.379,4.039,4.500
-3.402,4.034,4.500
-3.418,4.021,4.500
-3.595,4.196,4.500
-3.449,3.994,4.500
-3.465,3.980,4.500
-3.459,3.942,4.500
-3.496,3.953,4.500
-3.497,3.923,4.500
-3.541,3.941,4.500
-3.696,4.081,4.500
-3.536,3.874,4.500
-3.566,3.875,4.500
-3.595,3.877,4.500
-3.611,3.863,4.500
-3.611,3.833,4.500
-3.791,3.992,4.500
-3.806,3.978,4.500
-3.864,4.006,4.500
-3.845,3.955,4.500
-3.701,3.777,4.500
-3.708,3.755,4.500
-3.708,3.725,4.500
-3.737,3.725,4.500
-3.752,3.711,4.500
-3.774,3.703,4.500
-3.915,3.812,4.500
-3.818,3.688,4.500
-3.802,3.644,4.500
-3.832,3.644,4.500
-4.004,3.778,4.500
-3.845,3.599,4.500
-3.843,3.569,4.500
-3.881,3.576,4.500
-3.879,3.546,4.500
-3.901,3.538,4.500
-3.930,3.537,4.500
-3.968,3.543,4.500
-3.950,3.499,4.500
-3.972,3.491,4.500
-3.985,3.475,4.500
-4.164,3.602,4.500
-4.004,3.437,4.500
-4.098,3.489,4.500
-4.064,3.432,4.500
-4.117,3.450,4.500
-4.318,3.590,4.500
-4.136,3.411,4.500
-4.141,3.388,4.500
-4.171,3.385,4.500
-4.176,3.362,4.500
-4.206,3.359,4.500
-4.211,3.336,4.500
-4.215,3.313,4.500
-4.228,3.296,4.500
-4.458,3.447,4.500
-4.262,3.269,4.500
-4.275,3.252,4.500
-4.296,3.242,4.500
-4.292,3.213,4.500
-4.305,3.196,4.500
-4.326,3.185,4.500
-4.347,3.174,4.500
-4.342,3.145,4.500
-4.545,3.264,4.500
-4.367,3.111,4.500
-4.387,3.099,4.500
-4.425,3.100,4.500
-4.412,3.065,4.500
-4.398,3.030,4.500
-4.348,2.971,4.500
-4.633,3.138,4.500
-4.476,3.007,4.500
-4.674,3.113,4.500
-4.395,2.902,4.500
-4.397,2.879,4.500
-4.435,2.879,4.500
-4.383,2.821,4.500
-4.641,2.961,4.500
-4.451,2.815,4.500
-4.434,2.781,4.500
-4.482,2.786,4.500
-4.474,2.757,4.500
-4.503,2.751,4.500
-4.541,2.749,4.500
-4.525,2.715,4.500
-4.535,2.697,4.500
-4.528,2.669,4.500
-4.556,2.662,4.500
-4.567,2.644,4.500
-4.568,2.620,4.500
-4.786,2.721,4.500
-4.607,2.595,4.500
-4.763,2.658,4.500
-4.618,2.554,4.500
-4.619,2.530,4.500
-4.628,2.512,4.500
-4.666,2.509,4.500
-4.648,2.476,4.500
-4.667,2.462,4.500
-4.897,2.559,4.500
-4.733,2.450,4.500
-4.658,2.388,4.500
-4.724,2.398,4.500
-4.724,2.375,4.500
-4.771,2.375,4.500
-4.733,2.333,4.500
-4.733,2.310,4.500
-4.751,2.296,4.500
-4.760,2.277,4.500
-4.769,2.259,4.500
-4.994,2.341,4.500
-4.816,2.235,4.500
-4.805,2.207,4.500
-4.794,2.179,4.500
-4.822,2.169,4.500
-4.821,2.146,4.500
-4.800,2.114,4.500
-4.828,2.104,4.500
-4.846,2.089,4.500
-4.864,2.074,4.500
-4.862,2.051,4.500
-4.880,2.036,4.500
-4.878,2.012,4.500
-4.896,1.997,4.500
-5.106,2.060,4.500
-4.911,1.959,4.500
-4.899,1.932,4.500
-4.966,1.936,4.500
-5.128,1.976,4.500
-4.922,1.874,4.500
-4.939,1.858,4.500
-5.141,1.912,4.500
-5.158,1.895,4.500
-5.010,1.818,4.500
-4.967,1.781,4.500
-4.974,1.761,4.500
-4.971,1.738,4.500
-5.008,1.729,4.500
-4.954,1.689,4.500
-5.022,1.690,4.500
-4.988,1.656,4.500
-5.055,1.657,4.500
-5.011,1.620,4.500
-5.255,1.677,4.500
-5.033,1.584,4.500
-5.029,1.561,4.500
-5.046,1.545,4.500
-5.052,1.525,4.500
-5.058,1.505,4.500
-5.064,1.485,4.500
-5.161,1.492,4.500
-5.055,1.440,4.500
-5.349,1.501,4.500
-5.066,1.400,4.500
-5.081,1.383,4.500
-5.148,1.379,4.500
-5.194,1.370,4.500
-5.220,1.355,4.500
-5.195,1.326,4.500
-5.139,1.290,4.500
-5.355,1.322,4.500
-5.128,1.245,4.500
-5.215,1.245,4.500
-5.220,1.224,4.500
-5.204,1.199,4.500
-5.229,1.183,4.500
-5.463,1.213,4.500
-5.238,1.142,4.500
-5.222,1.117,4.500
-5.437,1.141,4.500
-5.481,1.127,4.500
-5.505,1.110,4.500
-5.260,1.039,4.500
-5.274,1.020,4.500
-5.247,0.994,4.500
-5.292,0.981,4.500
-5.525,1.002,4.500
-5.529,0.980,4.500
-5.272,0.913,4.500
-5.297,0.896,4.500
-5.341,0.882,4.500
-5.314,0.856,4.500
-5.286,0.830,4.500
-5.300,0.811,4.500
-5.282,0.787,4.500
-5.368,0.778,4.500
-5.560,0.784,4.500
-5.573,0.763,4.500
-5.457,0.726,4.500
-5.307,0.685,4.500
-5.562,0.695,4.500
-5.374,0.650,4.500
-5.346,0.626,4.500
-5.317,0.601,4.500
-5.330,0.581,4.500
-5.353,0.563,4.500
-5.344,0.541,4.500
-5.326,0.518,4.500
-5.571,0.519,4.500
-5.330,0.476,4.500
-5.363,0.458,4.500
-5.302,0.431,4.500
-5.356,0.415,4.500
-5.388,0.396,4.500
-5.348,0.372,4.500
-5.371,0.352,4.500
-5.372,0.331,4.500
-5.394,0.311,4.500
-5.364,0.288,4.500
-5.365,0.267,4.500
-5.377,0.247,4.500
-5.346,0.224,4.500
-5.378,0.205,4.500
-5.369,0.183,4.500
-5.369,0.162,4.500
-5.584,0.147,4.500
-5.422,0.121,4.500
-5.360,0.099,4.500
-5.382,0.078,4.500
-5.361,0.056,4.500
-5.361,0.035,4.500
-5.361,0.014,4.500
-5.393,-0.007,4.500
-5.382,-0.028,4.500
-5.413,-0.049,4.500
-5.605,-0.073,4.500
-5.565,-0.094,4.500
-5.594,-0.117,4.500
-5.360,-0.133,4.500
-5.359,-0.154,4.500
-5.612,-0.183,4.500
-5.602,-0.205,4.500
-5.591,-0.227,4.500
-5.366,-0.239,4.500
-5.365,-0.260,4.500
-5.364,-0.281,4.500
-5.405,-0.304,4.500
-5.352,-0.322,4.500
-5.371,-0.344,4.500
-5.359,-0.365,4.500
-5.347,-0.385,4.500
-5.580,-0.424,4.500
-5.344,-0.427,4.500
-5.353,-0.449,4.500
-5.362,-0.471,4.500
-5.391,-0.495,4.500
-5.337,-0.511,4.500
-5.397,-0.538,4.500
-5.333,-0.553,4.500
-5.310,-0.572,4.500
-5.581,-0.623,4.500
-5.578,-0.645,4.500
-5.334,-0.638,4.500
-5.279,-0.652,4.500
-5.308,-0.677,4.500
-5.326,-0.701,4.500
-5.313,-0.720,4.500
-5.300,-0.739,4.500
-5.328,-0.765,4.500
-5.314,-0.784,4.500
-5.301,-0.803,4.500
-5.308,-0.826,4.500
-5.356,-0.855,4.500
-5.312,-0.869,4.500
-5.298,-0.888,4.500
-5.284,-0.907,4.500
-5.291,-0.930,4.500
-5.378,-0.967,4.500
-5.314,-0.977,4.500
-5.269,-0.990,4.500
-5.275,-1.013,4.500
-5.271,-1.033,4.500
-5.257,-1.052,4.500
-5.273,-1.077,4.500
-5.340,-1.112,4.500
-5.285,-1.123,4.500
-5.230,-1.132,4.500
-5.215,-1.151,4.500
-5.282,-1.187,4.500
-5.247,-1.201,4.500
-5.232,-1.219,4.500
-5.297,-1.256,4.500
-5.526,-1.333,4.500
-5.463,-1.341,4.500
-5.181,-1.293,4.500
-5.297,-1.344,4.500
-5.301,-1.368,4.500
-5.286,-1.386,4.500
-5.201,-1.385,4.500
-5.477,-1.482,4.500
-5.279,-1.451,4.500
-5.174,-1.444,4.500
-5.218,-1.478,4.500
-5.262,-1.513,4.500
-5.236,-1.528,4.500
-5.161,-1.528,4.500
-5.425,-1.629,4.500
-5.228,-1.592,4.500
-5.212,-1.610,4.500
-5.415,-1.696,4.500
-5.408,-1.717,4.500
-5.420,-1.744,4.500
-5.166,-1.685,4.500
-5.159,-1.705,4.500
-5.172,-1.732,4.500
-5.156,-1.749,4.500
-5.178,-1.779,4.500
-5.190,-1.806,4.500
-5.144,-1.813,4.500
-5.128,-1.830,4.500
-5.140,-1.857,4.500
-5.338,-1.952,4.500
-5.125,-1.897,4.500
-5.155,-1.931,4.500
-5.081,-1.926,4.500
-5.093,-1.954,4.500
-5.085,-1.974,4.500
-5.087,-1.997,4.500
-5.079,-2.017,4.500
-5.301,-2.130,4.500
-5.257,-2.136,4.500
-5.212,-2.142,4.500
-5.028,-2.089,4.500
-5.085,-2.136,4.500
-5.039,-2.140,4.500
-5.031,-2.160,4.500
-4.994,-2.168,4.500
-5.032,-2.208,4.500
-4.958,-2.198,4.500
-4.959,-2.222,4.500
-4.969,-2.250,4.500
-5.006,-2.291,4.500
-4.942,-2.285,4.500
-4.961,-2.317,4.500
-4.933,-2.328,4.500
-4.961,-2.365,4.500
-4.887,-2.353,4.500
-4.905,-2.386,4.500
-4.887,-2.400,4.500
-4.868,-2.415,4.500
-4.886,-2.448,4.500
-4.849,-2.453,4.500
-4.866,-2.486,4.500
-5.043,-2.601,4.500
-5.033,-2.621,4.500
-5.022,-2.641,4.500
-4.836,-2.567,4.500
-4.826,-2.586,4.500
-4.798,-2.595,4.500
-4.796,-2.619,4.500
-4.777,-2.633,4.500
-4.976,-2.768,4.500
-4.765,-2.675,4.500
-4.764,-2.699,4.500
-4.943,-2.826,4.500
-4.923,-2.841,4.500
-4.714,-2.744,4.500
-4.694,-2.758,4.500
-4.701,-2.787,4.500
-4.690,-2.805,4.500
-4.679,-2.823,4.500
-4.676,-2.847,4.500
-4.674,-2.871,4.500
-4.654,-2.884,4.500
-4.625,-2.891,4.500
-4.623,-2.915,4.500
-4.611,-2.933,4.500
-4.600,-2.951,4.500
-4.571,-2.958,4.500
-4.576,-2.987,4.500
-4.556,-2.999,4.500
-4.544,-3.017,4.500
-4.715,-3.157,4.500
-4.520,-3.053,4.500
-4.517,-3.076,4.500
-4.488,-3.082,4.500
-4.501,-3.117,4.500
-4.463,-3.117,4.500
-4.695,-3.306,4.500
-4.642,-3.297,4.500
-4.613,-3.304,4.500
-4.439,-3.205,4.500
-4.459,-3.246,4.500
-4.380,-3.216,4.500
-4.384,-3.245,4.500
-4.388,-3.274,4.500
-4.527,-3.406,4.500
-4.313,-3.271,4.500
-4.333,-3.313,4.500
-4.312,-3.324,4.500
-4.307,-3.347,4.500
-4.293,-3.364,4.500
-4.280,-3.381,4.500
-4.275,-3.404,4.500
-4.246,-3.408,4.500
-4.232,-3.425,4.500
-4.290,-3.499,4.500
-4.375,-3.598,4.500
-4.207,-3.487,4.500
-4.170,-3.484,4.500
-4.340,-3.655,4.500
-4.333,-3.679,4.500
-4.348,-3.721,4.500
-4.146,-3.576,4.500
-4.109,-3.572,4.500
-4.079,-3.575,4.500
-4.126,-3.645,4.500
-4.066,-3.620,4.500
-4.052,-3.636,4.500
-4.216,-3.813,4.500
-4.016,-3.661,4.500
-4.214,-3.872,4.500
-4.002,-3.706,4.500
-4.155,-3.879,4.500
-4.168,-3.921,4.500
-3.973,-3.767,4.500
-3.928,-3.754,4.500
-3.936,-3.791,4.500
-3.906,-3.792,4.500
-3.891,-3.808,4.500
-3.898,-3.844,4.500
-3.876,-3.852,4.500
-3.832,-3.839,4.500
-3.838,-3.876,4.500
-3.859,-3.927,4.500
-3.836,-3.935,4.500
-3.799,-3.928,4.500
-3.777,-3.935,4.500
-3.824,-4.016,4.500
-3.795,-4.017,4.500
-3.861,-4.119,4.500
-3.878,-4.169,4.500
-3.894,-4.220,4.500
-3.738,-4.083,4.500
-3.729,-4.105,4.500
-3.706,-4.112,4.500
-3.846,-4.302,4.500
-3.633,-4.096,4.500
-3.664,-4.163,4.500
-3.654,-4.185,4.500
-3.722,-4.296,4.500
-3.601,-4.191,4.500
-3.719,-4.362,4.500
-3.575,-4.227,4.500
-3.552,-4.233,4.500
-3.548,-4.262,4.500
-3.662,-4.435,4.500
-3.521,-4.298,4.500
-3.498,-4.304,4.500
-3.462,-4.294,4.500
-3.464,-4.331,4.500
-3.447,-4.345,4.500
-3.423,-4.350,4.500
-3.412,-4.372,4.500
-3.389,-4.377,4.500
-3.360,-4.374,4.500
-3.509,-4.606,4.500
-3.473,-4.597,4.500
-3.461,-4.618,4.500
-3.272,-4.402,4.500
-3.291,-4.464,4.500
-3.297,-4.509,4.500
-3.274,-4.514,4.500
-3.353,-4.662,4.500
-3.362,-4.714,4.500
-3.174,-4.486,4.500
-3.179,-4.532,4.500
-3.144,-4.519,4.500
-3.272,-4.742,4.500
-3.131,-4.577,4.500
-3.085,-4.548,4.500
-3.090,-4.593,4.500
-3.077,-4.614,4.500
-3.070,-4.642,4.500
-3.035,-4.629,4.500
-3.145,-4.838,4.500
-3.106,-4.818,4.500
-2.970,-4.648,4.500
-2.968,-4.685,4.500
-3.054,-4.863,4.500
-3.024,-4.858,4.500
-2.918,-4.728,4.500
-2.889,-4.722,4.500
-2.896,-4.776,4.500
-2.825,-4.701,4.500
-2.948,-4.950,4.500
-2.929,-4.961,4.500
-2.795,-4.778,4.500
-2.771,-4.780,4.500
-2.778,-4.835,4.500
-2.749,-4.828,4.500
-2.725,-4.830,4.500
-2.706,-4.841,4.500
-2.697,-4.869,4.500
-2.668,-4.862,4.500
-2.649,-4.872,4.500
-2.625,-4.874,4.500
-2.596,-4.866,4.500
-2.601,-4.921,4.500
-2.567,-4.904,4.500
-2.548,-4.914,4.500
-2.533,-4.933,4.500
-2.505,-4.925,4.500
-2.596,-5.154,4.500
-2.470,-4.954,4.500
-2.442,-4.945,4.500
-2.539,-5.193,4.500
-2.514,-5.194,4.500
-2.397,-5.001,4.500
-2.469,-5.205,4.500
-2.441,-5.197,4.500
-2.333,-5.020,4.500
-2.322,-5.047,4.500
-2.391,-5.252,4.500
-2.367,-5.253,4.500
-2.254,-5.056,4.500
-2.239,-5.074,4.500
-2.223,-5.092,4.500
-2.292,-5.307,4.500
-2.278,-5.333,4.500
-2.178,-5.154,4.500
-2.139,-5.117,4.500
-2.115,-5.116,4.500
-2.095,-5.124,4.500
-2.052,-5.076,4.500
-2.065,-5.168,4.500
-2.034,-5.148,4.500
-2.014,-5.156,4.500
-2.004,-5.192,4.500
-1.973,-5.172,4.500
-1.953,-5.180,4.500
-1.933,-5.187,4.500
-1.916,-5.204,4.500
-1.962,-5.396,4.500
-1.871,-5.210,4.500
-1.854,-5.227,4.500
-1.834,-5.234,4.500
-1.839,-5.316,4.500
-1.786,-5.229,4.500
-1.766,-5.236,4.500
-1.755,-5.271,4.500
-1.724,-5.250,4.500
-1.719,-5.304,4.500
-1.701,-5.320,4.500
-1.665,-5.279,4.500
-1.639,-5.266,4.500
-1.627,-5.302,4.500
-1.638,-5.412,4.500
-1.588,-5.324,4.500
-1.562,-5.311,4.500
-1.541,-5.317,4.500
-1.536,-5.381,4.500
-1.499,-5.329,4.500
-1.507,-5.440,4.500
-1.460,-5.350,4.500
-1.457,-5.423,4.500
-1.499,-5.670,4.500
-1.394,-5.357,4.500
-1.398,-5.459,4.500
-1.379,-5.474,4.500
-1.345,-5.432,4.500
-1.331,-5.466,4.500
-1.316,-5.499,4.500
-1.290,-5.485,4.500
-1.318,-5.705,4.500
-1.245,-5.486,4.500
-1.223,-5.491,4.500
-1.212,-5.543,4.500
-1.180,-5.500,4.500
-1.161,-5.514,4.500
-1.137,-5.509,4.500
-1.115,-5.514,4.500
-1.100,-5.547,4.500
-1.074,-5.532,4.500
-1.050,-5.526,4.500
-1.027,-5.521,4.500
-1.005,-5.525,4.500
-0.978,-5.499,4.500
-0.965,-5.552,4.500
-0.979,-5.764,4.500
-0.920,-5.550,4.500
-0.935,-5.781,4.500
-0.878,-5.566,4.500
-0.855,-5.560,4.500
-0.833,-5.563,4.500
-0.809,-5.557,4.500
-0.790,-5.579,4.500
-0.773,-5.612,4.500
-0.748,-5.595,4.500
-0.721,-5.559,4.500
-0.702,-5.581,4.500
-0.697,-5.729,4.500
-0.680,-5.778,4.500
-0.637,-5.599,4.500
-0.613,-5.582,4.500
-0.591,-5.584,4.500
-0.567,-5.567,4.500
-0.548,-5.599,4.500
-0.527,-5.611,4.500
-0.505,-5.613,4.500
-0.502,-5.834,4.500
-0.462,-5.626,4.500
-0.435,-5.569,4.500
-0.414,-5.580,4.500
-0.394,-5.612,4.500
-0.369,-5.564,4.500
-0.350,-5.614,4.500
-0.327,-5.606,4.500
-0.318,-5.838,4.500
-0.285,-5.638,4.500
-0.262,-5.619,4.500
-0.240,-5.620,4.500
-0.222,-5.728,4.500
-0.196,-5.642,4.500
-0.173,-5.613,4.500
-0.152,-5.643,4.500
-0.129,-5.614,4.500
-0.107,-5.634,4.500
-0.088,-5.846,4.500
-0.062,-5.565,4.500
-0.041,-5.625,4.500
-0.019,-5.625,4.500
0.003,-5.875,4.500
0.025,-5.625,4.500
0.047,-5.625,4.500
0.069,-5.625,4.500
0.092,-5.654,4.500
0.114,-5.624,4.500
0.136,-5.624,4.500
0.157,-5.603,4.500
0.180,-5.613,4.500
0.209,-5.824,4.500
0.225,-5.641,4.500
0.246,-5.630,4.500
0.268,-5.619,4.500
0.302,-5.848,4.500
0.324,-5.828,4.500
0.347,-5.836,4.500
0.356,-5.614,4.500
0.378,-5.613,4.500
0.400,-5.611,4.500
0.422,-5.600,4.500
0.444,-5.598,4.500
0.466,-5.606,4.500
0.488,-5.604,4.500
0.510,-5.592,4.500
0.533,-5.610,4.500
0.554,-5.598,4.500
0.576,-5.596,4.500
0.596,-5.574,4.500
0.627,-5.649,4.500
0.644,-5.608,4.500
0.664,-5.586,4.500
0.687,-5.593,4.500
0.737,-5.809,4.500
0.759,-5.797,4.500
0.750,-5.565,4.500
0.774,-5.572,4.500
0.794,-5.559,4.500
0.814,-5.546,4.500
0.844,-5.592,4.500
0.860,-5.549,4.500
0.901,-5.671,4.500
0.919,-5.639,4.500
0.942,-5.645,4.500
0.945,-5.525,4.500
0.982,-5.609,4.500
1.005,-5.614,4.500
1.026,-5.601,4.500
1.050,-5.606,4.500
1.075,-5.621,4.500
1.092,-5.588,4.500
1.121,-5.622,4.500
1.139,-5.598,4.500
1.159,-5.584,4.500
1.187,-5.608,4.500
1.207,-5.594,4.500
1.227,-5.580,4.500
1.251,-5.584,4.500
1.269,-5.561,4.500
1.293,-5.565,4.500
1.312,-5.550,4.500
1.334,-5.545,4.500
1.410,-5.760,4.500
1.421,-5.710,4.500
1.455,-5.749,4.500
1.421,-5.524,4.500
1.445,-5.527,4.500
1.467,-5.522,4.500
1.531,-5.672,4.500
1.513,-5.519,4.500
1.555,-5.587,4.500
1.551,-5.489,4.500
1.570,-5.473,4.500
1.599,-5.495,4.500
1.618,-5.479,4.500
1.648,-5.501,4.500
1.661,-5.466,4.500
1.671,-5.423,4.500
1.774,-5.678,4.500
1.728,-5.456,4.500
1.732,-5.393,4.500
1.765,-5.424,4.500
1.837,-5.570,4.500
1.814,-5.428,4.500
1.826,-5.393,4.500
1.856,-5.413,4.500
1.874,-5.397,4.500
1.918,-5.453,4.500
1.920,-5.391,4.500
2.011,-5.579,4.500
2.039,-5.588,4.500
1.980,-5.359,4.500
2.004,-5.360,4.500
2.029,-5.362,4.500
2.124,-5.547,4.500
2.074,-5.354,4.500
2.085,-5.319,4.500
2.105,-5.311,4.500
2.126,-5.303,4.500
2.151,-5.303,4.500
2.164,-5.277,4.500
2.189,-5.277,4.500
2.202,-5.251,4.500
2.230,-5.260,4.500
2.336,-5.451,4.500
2.357,-5.441,4.500
2.379,-5.432,4.500
2.312,-5.224,4.500
2.337,-5.224,4.500
2.357,-5.215,4.500
2.471,-5.411,4.500
2.485,-5.384,4.500
2.414,-5.178,4.500
2.426,-5.151,4.500
2.471,-5.194,4.500
2.492,-5.184,4.500
2.495,-5.139,4.500
2.515,-5.130,4.500
2.523,-5.094,4.500
2.551,-5.101,4.500
2.580,-5.108,4.500
2.596,-5.090,4.500
2.616,-5.079,4.500
2.640,-5.078,4.500
2.669,-5.084,4.500
2.684,-5.065,4.500
2.718,-5.080,4.500
2.818,-5.218,4.500
2.838,-5.207,4.500
2.850,-5.179,4.500
2.769,-4.986,4.500
2.793,-4.984,4.500
2.920,-5.161,4.500
2.832,-4.962,4.500
2.956,-5.130,4.500
2.866,-4.931,4.500
2.910,-4.961,4.500
2.910,-4.917,4.500
2.929,-4.905,4.500
3.060,-5.079,4.500
3.076,-5.059,4.500
2.982,-4.862,4.500
3.006,-4.859,4.500
3.035,-4.863,4.500
3.159,-5.018,4.500
3.174,-4.998,4.500
3.092,-4.827,4.500
3.101,-4.799,4.500
3.135,-4.811,4.500
3.267,-4.971,4.500
3.173,-4.786,4.500
3.311,-4.952,4.500
3.189,-4.729,4.500
3.224,-4.740,4.500
3.231,-4.712,4.500
3.368,-4.870,4.500
3.392,-4.864,4.500
3.275,-4.657,4.500
3.316,-4.676,4.500
3.340,-4.671,4.500
3.386,-4.696,4.500
3.337,-4.590,4.500
3.372,-4.600,4.500
3.396,-4.595,4.500
3.465,-4.650,4.500
3.483,-4.637,4.500
3.450,-4.554,4.500
3.537,-4.632,4.500
3.509,-4.557,4.500
3.556,-4.581,4.500
3.574,-4.567,4.500
3.592,-4.553,4.500
3.604,-4.532,4.500
3.639,-4.540,4.500
3.627,-4.488,4.500
3.657,-4.489,4.500
3.680,-4.482,4.500
3.668,-4.431,4.500
3.709,-4.446,4.500
3.733,-4.438,4.500
3.769,-4.445,4.500
3.749,-4.387,4.500
3.785,-4.394,4.500
3.802,-4.379,4.500
3.813,-4.357,4.500
3.830,-4.342,4.500
3.853,-4.334,4.500
3.839,-4.283,4.500
3.868,-4.282,4.500
3.917,-4.302,4.500
3.889,-4.238,4.500
3.938,-4.258,4.500
3.961,-4.249,4.500
3.984,-4.240,4.500
3.975,-4.197,4.500
4.024,-4.216,4.500
4.014,-4.173,4.500
4.037,-4.164,4.500
4.060,-4.155,4.500
4.063,-4.125,4.500
4.045,-4.075,4.500
4.095,-4.093,4.500
4.230,-4.195,4.500
4.147,-4.081,4.500
4.295,-4.193,4.500
4.172,-4.041,4.500
4.175,-4.012,4.500
4.197,-4.002,4.500
4.367,-4.132,4.500
4.377,-4.108,4.500
4.244,-3.952,4.500
4.259,-3.936,4.500
4.282,-3.925,4.500
4.414,-4.015,4.500
4.291,-3.872,4.500
4.493,-4.022,4.500
4.502,-3.998,4.500
4.504,-3.969,4.500
4.373,-3.823,4.500
4.542,-3.939,4.500
4.403,-3.789,4.500
4.411,-3.765,4.500
4.404,-3.730,4.500
4.440,-3.731,4.500
4.455,-3.713,4.500
4.640,-3.837,4.500
4.662,-3.824,4.500
4.656,-3.789,4.500
4.498,-3.631,4.500
4.519,-3.619,4.500
4.714,-3.745,4.500
4.722,-3.721,4.500
4.751,-3.714,4.500
4.553,-3.530,4.500
4.597,-3.536,4.500
4.558,-3.477,4.500
4.787,-3.622,4.500
4.808,-3.609,4.500
4.644,-3.457,4.500
4.650,-3.433,4.500
4.656,-3.409,4.500
4.708,-3.419,4.500
4.706,-3.389,4.500
4.719,-3.371,4.500
4.662,-3.303,4.500
4.745,-3.334,4.500
4.688,-3.266,4.500
4.700,-3.248,4.500
4.761,-3.262,4.500
4.742,-3.221,4.500
4.762,-3.208,4.500
4.822,-3.221,4.500
4.779,-3.165,4.500
4.879,-3.204,4.500
5.031,-3.275,4.500
4.865,-3.140,4.500
4.820,-3.085,4.500
4.873,-3.091,4.500
4.909,-3.087,4.500
4.945,-3.083,4.500
5.106,-3.156,4.500
4.929,-3.020,4.500
4.949,-3.005,4.500
5.112,-3.077,4.500
4.981,-2.971,4.500
5.136,-3.037,4.500
4.979,-2.917,4.500
5.015,-2.912,4.500
5.027,-2.892,4.500
5.030,-2.868,4.500
5.049,-2.853,4.500
5.052,-2.828,4.500
5.080,-2.818,4.500
5.024,-2.761,4.500
5.102,-2.778,4.500
5.062,-2.731,4.500
5.107,-2.729,4.500
5.109,-2.704,4.500
5.325,-2.792,4.500
5.335,-2.771,4.500
5.330,-2.742,4.500
5.142,-2.619,4.500
5.186,-2.616,4.500
5.137,-2.566,4.500
5.181,-2.563,4.500
5.200,-2.547,4.500
5.393,-2.615,4.500
5.436,-2.610,4.500
5.238,-2.489,4.500
5.248,-2.469,4.500
5.249,-2.444,4.500
5.460,-2.516,4.500
5.268,-2.403,4.500
5.234,-2.362,4.500
5.321,-2.377,4.500
5.296,-2.341,4.500
5.305,-2.320,4.500
5.279,-2.284,4.500
5.349,-2.289,4.500
5.358,-2.268,4.500
5.341,-2.236,4.500
5.341,-2.212,4.500
5.349,-2.191,4.500
5.313,-2.152,4.500
5.375,-2.152,4.500
5.401,-2.138,4.500
5.392,-2.110,4.500
5.599,-2.166,4.500
5.607,-2.144,4.500
5.416,-2.046,4.500
5.433,-2.028,4.500
5.423,-2.000,4.500
5.395,-1.966,4.500
5.457,-1.964,4.500
5.401,-1.920,4.500
5.445,-1.912,4.500
5.470,-1.897,4.500
5.679,-1.944,4.500
5.494,-1.857,4.500
5.501,-1.835,4.500
5.490,-1.808,4.500
5.726,-1.860,4.500
5.734,-1.838,4.500
5.511,-1.743,4.500
5.518,-1.721,4.500
5.543,-1.705,4.500
5.701,-1.729,4.500
5.556,-1.661,4.500
5.563,-1.640,4.500
5.560,-1.615,4.500
5.566,-1.593,4.500
5.582,-1.574,4.500
5.597,-1.555,4.500
5.566,-1.523,4.500
5.591,-1.506,4.500
5.578,-1.479,4.500
5.611,-1.464,4.500
5.590,-1.435,4.500
5.595,-1.413,4.500
5.638,-1.400,4.500
5.634,-1.376,4.500
5.611,-1.347,4.500
5.644,-1.332,4.500
5.659,-1.312,4.500
5.645,-1.285,4.500
5.632,-1.259,4.500
5.665,-1.243,4.500
5.660,-1.219,4.500
5.683,-1.200,4.500
5.642,-1.168,4.500
5.674,-1.152,4.500
5.669,-1.128,4.500
5.683,-1.107,4.500
5.678,-1.083,4.500
5.692,-1.063,4.500
5.714,-1.044,4.500
5.605,-1.001,4.500
5.713,-0.997,4.500
5.717,-0.975,4.500
5.702,-0.949,4.500
5.724,-0.930,4.500
5.719,-0.906,4.500
5.703,-0.881,4.500
5.659,-0.851,4.500
5.691,-0.833,4.500
5.732,-0.816,4.500
5.745,-0.795,4.500
5.738,-0.771,4.500
5.760,-0.751,4.500
6.000,-0.758,4.500
5.967,-0.730,4.500
5.943,-0.704,4.500
5.762,-0.659,4.500
5.707,-0.630,4.500
5.748,-0.612,4.500
5.750,-0.589,4.500
5.686,-0.560,4.500
5.792,-0.548,4.500
5.671,-0.514,4.500
5.711,-0.495,4.500
5.703,-0.472,4.500
5.686,-0.448,4.500
5.726,-0.428,4.500
5.689,-0.403,4.500
5.777,-0.387,4.500
5.788,-0.365,4.500
5.732,-0.338,4.500
5.781,-0.319,4.500
5.763,-0.295,4.500
5.697,-0.269,4.500
5.708,-0.247,4.500
5.718,-0.225,4.500
5.767,-0.204,4.500
6.000,-0.189,4.500
5.788,-0.160,4.500
5.731,-0.136,4.500
5.673,-0.112,4.500
5.929,-0.094,4.500
5.555,-0.066,5.000
5.846,-0.046,5.000
5.818,-0.023,5.000
5.596,-0.000,5.000
5.625,0.022,5.000
5.645,0.044,5.000
5.625,0.066,5.000
5.780,0.090,5.000
5.654,0.110,5.000
5.882,0.138,5.000
5.603,0.154,5.000
5.613,0.176,5.000
5.622,0.198,5.000
5.621,0.220,5.000
5.841,0.252,5.000
5.658,0.266,5.000
5.578,0.284,5.000
5.637,0.310,5.000
5.616,0.331,5.000
5.614,0.353,5.000
5.523,0.369,5.000
5.611,0.397,5.000
5.610,0.419,5.000
5.588,0.439,5.000
5.517,0.455,5.000
5.595,0.484,5.000
5.543,0.501,5.000
5.511,0.520,5.000
5.529,0.544,5.000
5.779,0.591,5.000
5.505,0.585,5.000
5.512,0.608,5.000
5.540,0.633,5.000
5.567,0.658,5.000
5.515,0.674,5.000
5.492,0.693,5.000
5.479,0.713,5.000
5.614,0.753,5.000
5.563,0.769,5.000
5.713,0.812,5.000
5.487,0.802,5.000
5.494,0.825,5.000
5.491,0.847,5.000
5.517,0.873,5.000
5.464,0.887,5.000
5.471,0.910,5.000
5.698,0.971,5.000
5.685,0.991,5.000
5.460,0.974,5.000
5.466,0.997,5.000
5.452,1.017,5.000
5.448,1.038,5.000
5.444,1.060,5.000
5.660,1.125,5.000
5.665,1.149,5.000
5.431,1.124,5.000
5.426,1.145,5.000
5.422,1.166,5.000
5.397,1.183,5.000
5.403,1.207,5.000
5.427,1.234,5.000
5.622,1.302,5.000
5.408,1.275,5.000
5.383,1.291,5.000
5.388,1.315,5.000
5.373,1.333,5.000
5.595,1.412,5.000
5.372,1.378,5.000
5.337,1.392,5.000
5.361,1.420,5.000
5.573,1.500,5.000
5.340,1.460,5.000
5.344,1.483,5.000
5.367,1.512,5.000
5.342,1.528,5.000
5.307,1.540,5.000
5.310,1.564,5.000
5.285,1.579,5.000
5.307,1.609,5.000
5.311,1.632,5.000
5.294,1.650,5.000
5.512,1.742,5.000
5.272,1.689,5.000
5.246,1.703,5.000
5.268,1.733,5.000
5.223,1.741,5.000
5.283,1.784,5.000
5.247,1.795,5.000
5.221,1.809,5.000
5.223,1.833,5.000
5.235,1.860,5.000
5.180,1.864,5.000
5.413,1.972,5.000
5.406,1.993,5.000
5.407,2.017,5.000
5.179,1.955,5.000
5.180,1.979,5.000
5.173,2.000,5.000
5.165,2.020,5.000
5.157,2.040,5.000
5.092,2.038,5.000
5.122,2.073,5.000
5.132,2.101,5.000
5.115,2.117,5.000
5.134,2.149,5.000
5.107,2.161,5.000
5.090,2.177,5.000
5.090,2.201,5.000
5.100,2.229,5.000
5.045,2.229,5.000
5.064,2.261,5.000
5.278,2.381,5.000
5.216,2.378,5.000
5.154,2.374,5.000
5.019,2.336,5.000
5.019,2.360,5.000
5.000,2.375,5.000
4.991,2.395,5.000
4.990,2.419,5.000
5.183,2.537,5.000
5.173,2.558,5.000
5.154,2.574,5.000
4.952,2.497,5.000
4.951,2.521,5.000
4.923,2.531,5.000
4.922,2.555,5.000
4.840,2.537,5.000
4.830,2.556,5.000
4.883,2.608,5.000
4.810,2.594,5.000
5.077,2.763,5.000
4.861,2.670,5.000
4.841,2.684,5.000
4.831,2.703,5.000
4.740,2.677,5.000
4.739,2.701,5.000
4.994,2.873,5.000
4.966,2.883,5.000
4.896,2.868,5.000
4.713,2.785,5.000
4.702,2.804,5.000
4.700,2.828,5.000
4.672,2.835,5.000
4.660,2.854,5.000
4.640,2.867,5.000
4.638,2.890,5.000
4.626,2.908,5.000
4.792,3.039,5.000
4.603,2.945,5.000
4.583,2.957,5.000
4.772,3.106,5.000
4.736,3.108,5.000
4.540,3.005,5.000
4.545,3.034,5.000
4.524,3.047,5.000
4.529,3.076,5.000
4.492,3.076,5.000
4.480,3.094,5.000
4.468,3.111,5.000
4.472,3.141,5.000
4.468,3.164,5.000
4.447,3.176,5.000
4.636,3.338,5.000
4.422,3.211,5.000
4.418,3.234,5.000
4.413,3.257,5.000
4.384,3.262,5.000
4.396,3.298,5.000
4.350,3.290,5.000
4.520,3.447,5.000
4.324,3.325,5.000
4.327,3.354,5.000
4.330,3.384,5.000
4.293,3.382,5.000
4.279,3.398,5.000
4.266,3.415,5.000
4.261,3.438,5.000
4.223,3.436,5.000
4.249,3.485,5.000
4.204,3.475,5.000
4.198,3.498,5.000
4.315,3.624,5.000
4.308,3.648,5.000
4.316,3.684,5.000
4.104,3.530,5.000
4.082,3.540,5.000
4.115,3.596,5.000
4.101,3.612,5.000
4.086,3.628,5.000
4.080,3.651,5.000
4.050,3.653,5.000
4.213,3.830,5.000
4.191,3.840,5.000
4.007,3.701,5.000
3.992,3.717,5.000
4.152,3.896,5.000
3.978,3.762,5.000
3.956,3.770,5.000
3.919,3.765,5.000
3.941,3.816,5.000
3.904,3.810,5.000
3.896,3.832,5.000
3.903,3.869,5.000
3.866,3.862,5.000
3.843,3.870,5.000
3.842,3.900,5.000
3.762,3.849,5.000
3.733,3.849,5.000
3.732,3.878,5.000
3.717,3.893,5.000
3.673,3.877,5.000
3.693,3.929,5.000
3.857,4.136,5.000
3.800,4.107,5.000
3.640,3.965,5.000
3.610,3.964,5.000
3.601,3.986,5.000
3.742,4.174,5.000
3.528,3.967,5.000
3.568,4.043,5.000
3.532,4.034,5.000
3.495,4.024,5.000
3.507,4.069,5.000
3.497,4.091,5.000
3.626,4.275,5.000
3.458,4.110,5.000
3.436,4.116,5.000
3.433,4.145,5.000
3.416,4.159,5.000
3.340,4.099,5.000
3.311,4.095,5.000
3.328,4.150,5.000
3.434,4.316,5.000
3.417,4.330,5.000
3.246,4.147,5.000
3.236,4.168,5.000
3.207,4.164,5.000
3.348,4.383,5.000
3.331,4.396,5.000
3.158,4.201,5.000
3.160,4.239,5.000
3.285,4.443,5.000
3.268,4.456,5.000
3.135,4.310,5.000
3.087,4.280,5.000
3.064,4.283,5.000
3.053,4.304,5.000
3.036,4.316,5.000
3.032,4.345,5.000
2.996,4.331,5.000
2.985,4.351,5.000
2.962,4.354,5.000
2.951,4.375,5.000
2.928,4.377,5.000
2.911,4.389,5.000
2.894,4.400,5.000
2.882,4.420,5.000
2.859,4.423,5.000
2.853,4.452,5.000
2.836,4.463,5.000
2.939,4.667,5.000
2.932,4.696,5.000
2.777,4.487,5.000
2.765,4.507,5.000
2.742,4.509,5.000
2.719,4.510,5.000
2.829,4.735,5.000
2.810,4.746,5.000
2.687,4.579,5.000
2.653,4.562,5.000
2.635,4.572,5.000
2.612,4.573,5.000
2.656,4.693,5.000
2.581,4.603,5.000
2.563,4.613,5.000
2.665,4.841,5.000
2.542,4.661,5.000
2.508,4.643,5.000
2.495,4.662,5.000
2.487,4.690,5.000
2.453,4.672,5.000
2.430,4.672,5.000
2.417,4.691,5.000
2.379,4.662,5.000
2.389,4.729,5.000
2.357,4.710,5.000
2.431,4.906,5.000
2.324,4.737,5.000
2.329,4.794,5.000
2.282,4.746,5.000
2.268,4.765,5.000
2.250,4.773,5.000
2.332,4.998,5.000
2.212,4.791,5.000
2.189,4.790,5.000
2.165,4.789,5.000
2.155,4.817,5.000
2.119,4.786,5.000
2.118,4.833,5.000
2.181,5.033,5.000
2.170,5.060,5.000
2.060,4.858,5.000
2.041,4.866,5.000
2.018,4.864,5.000
2.101,5.121,5.000
2.070,5.102,5.000
1.957,4.878,5.000
1.957,4.935,5.000
1.930,4.923,5.000
1.899,4.900,5.000
1.891,4.938,5.000
1.864,4.925,5.000
1.852,4.952,5.000
1.829,4.950,5.000
1.813,4.967,5.000
1.787,4.954,5.000
1.774,4.981,5.000
1.751,4.978,5.000
1.732,4.985,5.000
1.729,5.042,5.000
1.779,5.253,5.000
1.723,5.154,5.000
1.670,5.062,5.000
1.640,5.038,5.000
1.617,5.034,5.000
1.663,5.248,5.000
1.577,5.047,5.000
1.557,5.053,5.000
1.534,5.049,5.000
1.515,5.055,5.000
1.495,5.061,5.000
1.472,5.056,5.000
1.458,5.083,5.000
1.441,5.098,5.000
1.404,5.042,5.000
1.389,5.069,5.000
1.381,5.115,5.000
1.419,5.340,5.000
1.335,5.105,5.000
1.384,5.381,5.000
1.295,5.116,5.000
1.275,5.121,5.000
1.255,5.126,5.000
1.239,5.151,5.000
1.207,5.104,5.000
1.194,5.140,5.000
1.220,5.348,5.000
1.158,5.170,5.000
1.133,5.154,5.000
1.113,5.158,5.000
1.091,5.152,5.000
1.073,5.167,5.000
1.048,5.150,5.000
1.028,5.154,5.000
1.010,5.169,5.000
0.985,5.151,5.000
0.975,5.208,5.000
0.952,5.201,5.000
0.928,5.184,5.000
0.911,5.208,5.000
0.924,5.407,5.000
0.908,5.440,5.000
0.848,5.208,5.000
0.828,5.212,5.000
0.806,5.204,5.000
0.784,5.197,5.000
0.766,5.221,5.000
0.746,5.224,5.000
0.724,5.216,5.000
0.702,5.208,5.000
0.680,5.201,5.000
0.664,5.235,5.000
0.642,5.227,5.000
0.620,5.219,5.000
0.603,5.253,5.000
0.581,5.245,5.000
0.560,5.236,5.000
0.543,5.281,5.000
0.516,5.219,5.000
0.502,5.285,5.000
0.481,5.287,5.000
0.458,5.268,5.000
0.437,5.259,5.000
0.417,5.271,5.000
0.396,5.273,5.000
0.375,5.264,5.000
0.355,5.276,5.000
0.334,5.277,5.000
0.313,5.278,5.000
0.293,5.279,5.000
0.283,5.488,5.000
0.250,5.250,5.000
0.230,5.272,5.000
0.209,5.262,5.000
0.197,5.502,5.000
0.175,5.513,5.000
0.147,5.264,5.000
0.126,5.275,5.000
0.106,5.276,5.000
0.085,5.266,5.000
0.067,5.545,5.000
0.043,5.234,5.000
0.023,5.298,5.000
0.002,5.277,5.000
-0.019,5.288,5.000
-0.040,5.277,5.000
-0.060,5.266,5.000
-0.081,5.287,5.000
-0.102,5.276,5.000
-0.122,5.275,5.000
-0.143,5.286,5.000
-0.164,5.264,5.000
-0.192,5.492,5.000
-0.208,5.347,5.000
-0.228,5.314,5.000
-0.246,5.260,5.000
-0.267,5.270,5.000
-0.288,5.258,5.000
-0.309,5.268,5.000
-0.329,5.256,5.000
-0.365,5.483,5.000
-0.388,5.502,5.000
-0.410,5.510,5.000
-0.411,5.239,5.000
-0.425,5.163,5.000
-0.445,5.161,5.000
-0.468,5.181,5.000
-0.496,5.264,5.000
-0.515,5.241,5.000
-0.541,5.292,5.000
-0.561,5.290,5.000
-0.568,5.160,5.000
-0.588,5.157,5.000
-0.611,5.177,5.000
-0.641,5.249,5.000
-0.687,5.452,5.000
-0.682,5.243,5.000
-0.690,5.145,5.000
-0.714,5.174,5.000
-0.730,5.139,5.000
-0.749,5.126,5.000
-0.770,5.133,5.000
-0.790,5.130,5.000
-0.809,5.116,5.000
-0.829,5.113,5.000
-0.844,5.078,5.000
-0.869,5.107,5.000
-0.889,5.103,5.000
-0.909,5.100,5.000
-0.929,5.096,5.000
-0.994,5.332,5.000
-0.965,5.067,5.000
-0.991,5.095,5.000
-1.009,5.081,5.000
-1.034,5.098,5.000
-1.054,5.094,5.000
-1.119,5.307,5.000
-1.091,5.075,5.000
-1.100,5.017,5.000
-1.136,5.087,5.000
-1.149,5.051,5.000
-1.171,5.057,5.000
-1.227,5.208,5.000
-1.211,5.048,5.000
-1.230,5.043,5.000
-1.250,5.038,5.000
-1.273,5.044,5.000
-1.353,5.273,5.000
-1.307,5.013,5.000
-1.329,5.018,5.000
-1.349,5.013,5.000
-1.371,5.018,5.000
-1.391,5.012,5.000
-1.411,5.007,5.000
-1.425,4.980,5.000
-1.506,5.189,5.000
-1.535,5.213,5.000
-1.480,4.953,5.000
-1.506,4.968,5.000
-1.522,4.951,5.000
-1.558,4.997,5.000
-1.634,5.172,5.000
-1.590,4.964,5.000
-1.600,4.927,5.000
-1.623,4.931,5.000
-1.635,4.904,5.000
-1.661,4.918,5.000
-1.677,4.901,5.000
-1.783,5.144,5.000
-1.719,4.898,5.000
-1.731,4.871,5.000
-1.850,5.142,5.000
-1.780,4.888,5.000
-1.803,4.891,5.000
-1.815,4.863,5.000
-1.826,4.836,5.000
-1.849,4.839,5.000
-1.868,4.831,5.000
-1.980,5.060,5.000
-1.878,4.745,5.000
-1.925,4.809,5.000
-2.035,5.027,5.000
-1.967,4.804,5.000
-2.079,5.021,5.000
-2.013,4.808,5.000
-2.019,4.770,5.000
-2.134,4.986,5.000
-2.057,4.754,5.000
-2.075,4.746,5.000
-2.196,4.970,5.000
-2.121,4.750,5.000
-2.135,4.731,5.000
-2.150,4.713,5.000
-2.154,4.675,5.000
-2.168,4.656,5.000
-2.200,4.677,5.000
-2.328,4.899,5.000
-2.334,4.861,5.000
-2.270,4.681,5.000
-2.283,4.662,5.000
-2.301,4.653,5.000
-2.315,4.634,5.000
-2.328,4.615,5.000
-2.346,4.606,5.000
-2.379,4.626,5.000
-2.377,4.578,5.000
-2.528,4.822,5.000
-2.537,4.793,5.000
-2.457,4.597,5.000
-2.464,4.569,5.000
-2.467,4.530,5.000
-2.506,4.559,5.000
-2.636,4.752,5.000
-2.670,4.768,5.000
-2.543,4.500,5.000
-2.577,4.519,5.000
-2.567,4.461,5.000
-2.563,4.413,5.000
-2.711,4.626,5.000
-2.713,4.588,5.000
-2.598,4.354,5.000
-2.626,4.363,5.000
-2.649,4.362,5.000
-2.660,4.342,5.000
-2.683,4.341,5.000
-2.694,4.321,5.000
-2.711,4.310,5.000
-2.734,4.309,5.000
-2.745,4.289,5.000
-2.902,4.495,5.000
-2.914,4.475,5.000
-2.832,4.311,5.000
-2.831,4.273,5.000
-2.829,4.234,5.000
-2.864,4.250,5.000
-2.978,4.382,5.000
-2.885,4.210,5.000
-2.901,4.198,5.000
-2.912,4.178,5.000
-2.934,4.175,5.000
-2.951,4.164,5.000
-3.105,4.345,5.000
-3.103,4.307,5.000
-2.980,4.102,5.000
-3.042,4.152,5.000
-3.032,4.105,5.000
-3.035,4.075,5.000
-3.071,4.090,5.000
-3.217,4.250,5.000
-3.246,4.254,5.000
-3.119,4.053,5.000
-3.128,4.032,5.000
-3.157,4.037,5.000
-3.146,3.990,5.000
-3.175,3.995,5.000
-3.191,3.983,5.000
-3.199,3.962,5.000
-3.201,3.932,5.000
-3.238,3.945,5.000
-3.246,3.924,5.000
-3.261,3.911,5.000
-3.262,3.881,5.000
-3.299,3.894,5.000
-3.329,3.897,5.000
-3.484,4.047,5.000
-3.500,4.033,5.000
-3.523,4.028,5.000
-3.368,3.820,5.000
-3.375,3.798,5.000
-3.412,3.810,5.000
-3.427,3.796,5.000
-3.435,3.774,5.000
-3.442,3.753,5.000
-3.502,3.788,5.000
-3.479,3.734,5.000
-3.494,3.720,5.000
-3.707,3.916,5.000
-3.515,3.684,5.000
-3.475,3.614,5.000
-3.597,3.712,5.000
-3.589,3.674,5.000
-3.580,3.637,5.000
-3.587,3.615,5.000
-3.585,3.585,5.000
-3.623,3.594,5.000
-3.806,3.746,5.000
-3.698,3.612,5.000
-3.705,3.589,5.000
-3.679,3.537,5.000
-3.748,3.575,5.000
-3.699,3.500,5.000
-3.737,3.508,5.000
-3.734,3.479,5.000
-3.748,3.464,5.000
-3.753,3.442,5.000
-3.848,3.500,5.000
-4.026,3.634,5.000
-4.033,3.611,5.000
-3.929,3.491,5.000
-3.902,3.440,5.000
-3.916,3.424,5.000
-3.921,3.402,5.000
-3.910,3.365,5.000
-3.964,3.385,5.000
-3.952,3.348,5.000
-3.974,3.340,5.000
-3.979,3.317,5.000
-3.975,3.288,5.000
-3.971,3.258,5.000
-4.009,3.263,5.000
-4.030,3.254,5.000
-4.043,3.238,5.000
-4.022,3.195,5.000
-4.077,3.213,5.000
-4.257,3.328,5.000
-4.278,3.317,5.000
-4.140,3.185,5.000
-4.118,3.142,5.000
-4.087,3.093,5.000
-4.329,3.250,5.000
-4.120,3.067,5.000
-4.193,3.096,5.000
-4.179,3.061,5.000
-4.218,3.063,5.000
-4.230,3.047,5.000
-4.224,3.017,5.000
-4.426,3.135,5.000
-4.239,2.978,5.000
-4.250,2.961,5.000
-4.297,2.969,5.000
-4.282,2.934,5.000
-4.276,2.905,5.000
-4.287,2.888,5.000
-4.271,2.853,5.000
-4.310,2.854,5.000
-4.348,2.855,5.000
-4.359,2.838,5.000
-4.352,2.809,5.000
-4.363,2.792,5.000
-4.383,2.781,5.000
-4.311,2.711,5.000
-4.396,2.740,5.000
-4.631,2.862,5.000
-4.616,2.828,5.000
-4.654,2.825,5.000
-4.354,2.620,5.000
-4.402,2.625,5.000
-4.393,2.597,5.000
-4.384,2.568,5.000
-4.499,2.612,5.000
-4.414,2.539,5.000
-4.453,2.538,5.000
-4.510,2.548,5.000
-4.453,2.493,5.000
-4.698,2.605,5.000
-4.690,2.577,5.000
-4.540,2.471,5.000
-4.482,2.417,5.000
-4.710,2.516,5.000
-4.729,2.503,5.000
-4.569,2.395,5.000
-4.597,2.387,5.000
-4.499,2.313,5.000
-4.538,2.311,5.000
-4.487,2.263,5.000
-4.644,2.319,5.000
-4.575,2.262,5.000
-4.633,2.268,5.000
-4.871,2.361,5.000
-4.796,2.301,5.000
-4.669,2.218,5.000
-4.658,2.190,5.000
-4.926,2.293,5.000
-4.907,2.261,5.000
-4.693,2.140,5.000
-4.672,2.108,5.000
-4.750,2.121,5.000
-4.738,2.093,5.000
-4.776,2.088,5.000
-4.735,2.047,5.000
-4.822,2.063,5.000
-4.781,2.023,5.000
-5.003,2.094,5.000
-5.011,2.074,5.000
-5.039,2.062,5.000
-4.792,1.939,5.000
-4.809,1.924,5.000
-4.827,1.910,5.000
-4.834,1.891,5.000
-5.049,1.952,5.000
-5.067,1.936,5.000
-5.064,1.912,5.000
-4.864,1.814,5.000
-4.860,1.791,5.000
-4.878,1.776,5.000
-5.142,1.850,5.000
-4.871,1.730,5.000
-4.888,1.715,5.000
-5.105,1.769,5.000
-4.829,1.652,5.000
-4.939,1.668,5.000
-4.935,1.645,5.000
-5.132,1.688,5.000
-4.927,1.599,5.000
-4.975,1.593,5.000
-5.152,1.628,5.000
-4.956,1.544,5.000
-4.962,1.525,5.000
-4.957,1.502,5.000
-4.974,1.486,5.000
-4.980,1.466,5.000
-4.985,1.447,5.000
-4.991,1.427,5.000
-5.230,1.473,5.000
-5.012,1.391,5.000
-4.997,1.365,5.000
-5.002,1.346,5.000
-5.018,1.329,5.000
-5.023,1.309,5.000
-5.028,1.289,5.000
-5.023,1.267,5.000
-5.028,1.247,5.000
-5.043,1.230,5.000
-5.027,1.205,5.000
-5.031,1.185,5.000
-5.089,1.178,5.000
-5.051,1.148,5.000
-5.066,1.130,5.000
-5.028,1.101,5.000
-5.096,1.095,5.000
-5.504,1.160,5.000
-5.372,1.110,5.000
-5.088,1.031,5.000
-5.300,1.052,5.000
-5.106,0.993,5.000
-5.121,0.975,5.000
-5.071,0.945,5.000
-5.096,0.929,5.000
-5.121,0.912,5.000
-5.353,0.932,5.000
-5.117,0.870,5.000
-5.174,0.859,5.000
-5.103,0.827,5.000
-5.127,0.810,5.000
-5.120,0.788,5.000
-5.364,0.804,5.000
-5.326,0.777,5.000
-5.370,0.762,5.000
-5.164,0.712,5.000
-5.134,0.687,5.000
-5.399,0.701,5.000
-5.422,0.683,5.000
-5.153,0.628,5.000
-5.155,0.608,5.000
-5.168,0.589,5.000
-5.160,0.567,5.000
-5.162,0.547,5.000
-5.164,0.527,5.000
-5.188,0.509,5.000
-5.136,0.483,5.000
-5.245,0.473,5.000
-5.161,0.445,5.000
-5.184,0.426,5.000
-5.407,0.423,5.000
-5.177,0.385,5.000
-5.167,0.364,5.000
-5.169,0.343,5.000
-5.126,0.320,5.000
-5.182,0.303,5.000
-5.183,0.283,5.000
-5.249,0.266,5.000
-5.282,0.247,5.000
-5.261,0.225,5.000
-5.461,0.212,5.000
-5.512,0.192,5.000
-5.523,0.171,5.000
-5.296,0.143,5.000
-5.275,0.122,5.000
-5.265,0.101,5.000
-5.276,0.080,5.000
-5.298,0.060,5.000
-5.277,0.039,5.000
-5.319,0.018,5.000
-5.277,-0.003,5.000
-5.277,-0.023,5.000
-5.277,-0.044,5.000
-5.266,-0.065,5.000
-5.276,-0.086,5.000
-5.524,-0.111,5.000
-5.275,-0.127,5.000
-5.307,-0.149,5.000
-5.285,-0.169,5.000
-5.263,-0.189,5.000
-5.251,-0.209,5.000
-5.272,-0.231,5.000
-5.271,-0.251,5.000
-5.270,-0.272,5.000
-5.247,-0.292,5.000
-5.268,-0.313,5.000
-5.309,-0.337,5.000
-5.201,-0.350,5.000
-5.274,-0.376,5.000
-5.520,-0.416,5.000
-5.508,-0.436,5.000
-5.237,-0.436,5.000
-5.236,-0.456,5.000
-5.255,-0.479,5.000
-5.491,-0.522,5.000
-5.519,-0.547,5.000
-5.486,-0.565,5.000
-5.236,-0.560,5.000
-5.255,-0.583,5.000
-5.242,-0.603,5.000
-5.251,-0.624,5.000
-5.259,-0.646,5.000
-5.245,-0.666,5.000
-5.222,-0.683,5.000
-5.506,-0.743,5.000
-5.237,-0.727,5.000
-5.255,-0.751,5.000
-5.252,-0.772,5.000
-5.207,-0.786,5.000
-5.183,-0.803,5.000
-5.211,-0.829,5.000
-5.464,-0.891,5.000
-5.194,-0.868,5.000
-5.427,-0.928,5.000
-5.443,-0.953,5.000
-5.194,-0.931,5.000
-5.159,-0.945,5.000
-5.166,-0.968,5.000
-5.183,-0.992,5.000
-5.158,-1.008,5.000
-5.196,-1.037,5.000
-5.192,-1.057,5.000
-5.156,-1.071,5.000
-5.152,-1.091,5.000
-5.421,-1.171,5.000
-5.122,-1.127,5.000
-5.382,-1.206,5.000
-5.377,-1.228,5.000
-5.109,-1.187,5.000
-5.125,-1.212,5.000
-5.141,-1.238,5.000
-5.136,-1.258,5.000
-5.120,-1.275,5.000
-5.347,-1.354,5.000
-5.322,-1.370,5.000
-5.326,-1.393,5.000
-5.110,-1.358,5.000
-5.074,-1.370,5.000
-5.099,-1.398,5.000
-5.063,-1.410,5.000
-5.057,-1.430,5.000
-5.062,-1.453,5.000
-5.066,-1.475,5.000
-5.050,-1.492,5.000
-5.044,-1.512,5.000
-5.089,-1.547,5.000
-5.043,-1.555,5.000
-5.036,-1.575,5.000
-5.248,-1.664,5.000
-5.241,-1.684,5.000
-5.018,-1.634,5.000
-5.071,-1.674,5.000
-5.005,-1.673,5.000
-4.968,-1.683,5.000
-5.207,-1.787,5.000
-4.995,-1.736,5.000
-4.998,-1.759,5.000
-4.981,-1.775,5.000
-4.964,-1.791,5.000
-4.957,-1.810,5.000
-4.959,-1.834,5.000
-5.175,-1.936,5.000
-5.149,-1.950,5.000
-5.169,-1.981,5.000
-5.133,-1.990,5.000
-4.893,-1.919,5.000
-4.905,-1.946,5.000
-4.917,-1.973,5.000
-4.899,-1.988,5.000
-4.892,-2.008,5.000
-4.874,-2.023,5.000
-4.866,-2.042,5.000
-4.868,-2.065,5.000
-4.840,-2.076,5.000
-4.832,-2.095,5.000
-4.853,-2.127,5.000
-4.825,-2.137,5.000
-4.836,-2.165,5.000
-5.025,-2.273,5.000
-5.016,-2.293,5.000
-4.791,-2.213,5.000
-4.811,-2.245,5.000
-4.773,-2.250,5.000
-4.774,-2.274,5.000
-4.765,-2.292,5.000
-4.746,-2.306,5.000
-4.756,-2.334,5.000
-4.832,-2.395,5.000
-4.661,-2.333,5.000
-4.913,-2.484,5.000
-4.775,-2.438,5.000
-5.000,-2.577,5.000
-4.765,-2.480,5.000
-4.838,-2.542,5.000
-4.699,-2.493,5.000
-4.754,-2.546,5.000
-4.707,-2.544,5.000
-4.688,-2.558,5.000
-4.858,-2.675,5.000
-4.704,-2.615,5.000
-4.694,-2.633,5.000
-4.573,-2.590,5.000
-4.664,-2.665,5.000
-4.663,-2.689,5.000
-4.652,-2.707,5.000
-4.800,-2.818,5.000
-4.631,-2.743,5.000
-4.620,-2.762,5.000
-4.609,-2.780,5.000
-4.571,-2.781,5.000
-4.551,-2.794,5.000
-4.576,-2.834,5.000
-4.547,-2.841,5.000
-4.717,-2.973,5.000
-4.524,-2.876,5.000
-4.522,-2.900,5.000
-4.502,-2.912,5.000
-4.525,-2.952,5.000
-4.487,-2.953,5.000
-4.467,-2.965,5.000
-4.455,-2.982,5.000
-4.461,-3.011,5.000
-4.432,-3.017,5.000
-4.437,-3.046,5.000
-4.417,-3.058,5.000
-4.396,-3.069,5.000
-4.392,-3.092,5.000
-4.397,-3.122,5.000
-4.376,-3.133,5.000
-4.356,-3.144,5.000
-4.352,-3.167,5.000
-4.322,-3.172,5.000
-4.327,-3.201,5.000
-4.306,-3.212,5.000
-4.310,-3.241,5.000
-4.305,-3.265,5.000
-4.267,-3.263,5.000
-4.440,-3.422,5.000
-4.242,-3.296,5.000
-4.245,-3.325,5.000
-4.399,-3.474,5.000
-4.211,-3.352,5.000
-4.348,-3.490,5.000
-4.168,-3.372,5.000
-4.147,-3.382,5.000
-4.149,-3.411,5.000
-4.112,-3.408,5.000
-4.264,-3.562,5.000
-4.288,-3.611,5.000
-4.103,-3.483,5.000
-4.082,-3.492,5.000
-4.060,-3.501,5.000
-4.054,-3.524,5.000
-4.032,-3.533,5.000
-4.034,-3.563,5.000
-4.187,-3.727,5.000
-4.187,-3.757,5.000
-3.992,-3.610,5.000
-3.978,-3.626,5.000
-3.948,-3.627,5.000
-3.934,-3.643,5.000
-3.927,-3.665,5.000
-3.913,-3.681,5.000
-3.921,-3.718,5.000
-3.876,-3.704,5.000
-3.861,-3.719,5.000
-3.854,-3.742,5.000
-3.957,-3.872,5.000
-3.991,-3.936,5.000
-3.825,-3.802,5.000
-3.795,-3.802,5.000
-3.765,-3.802,5.000
-3.772,-3.839,5.000
-3.927,-4.028,5.000
-3.890,-4.022,5.000
-3.676,-3.830,5.000
-3.704,-3.890,5.000
-3.717,-3.935,5.000
-3.847,-4.104,5.000
-3.658,-3.934,5.000
-3.650,-3.956,5.000
-3.648,-3.985,5.000
-3.625,-3.992,5.000
-3.582,-3.975,5.000
-3.573,-3.997,5.000
-3.551,-4.003,5.000
-3.542,-4.025,5.000
-3.540,-4.055,5.000
-3.517,-4.061,5.000
-3.501,-4.074,5.000
-3.492,-4.096,5.000
-3.607,-4.265,5.000
-3.584,-4.272,5.000
-3.436,-4.129,5.000
-3.427,-4.150,5.000
-3.397,-4.148,5.000
-3.401,-4.185,5.000
-3.364,-4.174,5.000
-3.348,-4.187,5.000
-3.338,-4.209,5.000
-3.315,-4.214,5.000
-3.461,-4.435,5.000
-3.437,-4.440,5.000
-3.265,-4.252,5.000
-3.248,-4.265,5.000
-3.269,-4.328,5.000
-3.227,-4.307,5.000
-3.192,-4.295,5.000
-3.314,-4.496,5.000
-3.182,-4.353,5.000
-3.147,-4.341,5.000
-3.136,-4.361,5.000
-3.155,-4.424,5.000
-3.265,-4.617,5.000
-3.102,-4.424,5.000
-3.067,-4.410,5.000
-3.050,-4.422,5.000
-3.020,-4.417,5.000
-3.027,-4.463,5.000
-3.038,-4.518,5.000
-2.991,-4.487,5.000
-2.939,-4.446,5.000
-3.007,-4.588,5.000
-2.933,-4.513,5.000
-2.965,-4.603,5.000
-2.891,-4.527,5.000
-2.874,-4.539,5.000
-2.905,-4.629,5.000
-2.977,-4.785,5.000
-2.842,-4.607,5.000
-2.856,-4.671,5.000
-2.795,-4.612,5.000
-2.819,-4.693,5.000
-2.917,-4.901,5.000
-2.787,-4.724,5.000
-2.748,-4.700,5.000
-2.735,-4.719,5.000
-2.726,-4.748,5.000
-2.692,-4.732,5.000
-2.684,-4.760,5.000
-2.660,-4.762,5.000
-2.631,-4.754,5.000
-2.623,-4.783,5.000
-2.618,-4.820,5.000
-2.580,-4.794,5.000
-2.566,-4.813,5.000
-2.547,-4.823,5.000
-2.542,-4.860,5.000
-2.509,-4.843,5.000
-2.599,-5.066,5.000
-2.476,-4.872,5.000
-2.461,-4.891,5.000
-2.442,-4.900,5.000
-2.423,-4.910,5.000
-2.394,-4.901,5.000
-2.475,-5.117,5.000
-2.356,-4.920,5.000
-2.341,-4.938,5.000
-2.339,-4.984,5.000
-2.297,-4.947,5.000
-2.278,-4.956,5.000
-2.246,-4.937,5.000
-2.247,-4.992,5.000
-2.228,-5.001,5.000
-2.200,-4.991,5.000
-2.176,-4.990,5.000
-2.252,-5.219,5.000
-2.145,-5.026,5.000
-2.121,-5.025,5.000
-2.117,-5.071,5.000
-2.078,-5.032,5.000
-2.149,-5.262,5.000
-2.034,-5.039,5.000
-2.026,-5.075,5.000
-2.002,-5.074,5.000
-1.982,-5.082,5.000
-1.962,-5.089,5.000
-1.928,-5.059,5.000
-1.929,-5.124,5.000
-1.898,-5.102,5.000
-1.882,-5.120,5.000
-1.865,-5.136,5.000
-1.842,-5.134,5.000
-1.828,-5.161,5.000
-1.801,-5.148,5.000
-1.774,-5.136,5.000
-1.764,-5.172,5.000
-1.740,-5.169,5.000
-1.799,-5.412,5.000
-1.700,-5.183,5.000
-1.683,-5.199,5.000
-1.656,-5.186,5.000
-1.716,-5.449,5.000
-1.698,-5.465,5.000
-1.662,-5.425,5.000
-1.568,-5.192,5.000
-1.554,-5.218,5.000
-1.536,-5.234,5.000
-1.590,-5.498,5.000
-1.495,-5.246,5.000
-1.474,-5.251,5.000
-1.512,-5.469,5.000
-1.493,-5.484,5.000
-1.418,-5.288,5.000
-1.397,-5.294,5.000
-1.373,-5.289,5.000
-1.353,-5.295,5.000
-1.390,-5.532,5.000
-1.366,-5.528,5.000
-1.285,-5.290,5.000
-1.267,-5.305,5.000
-1.246,-5.310,5.000
-1.225,-5.315,5.000
-1.255,-5.544,5.000
-1.192,-5.364,5.000
-1.162,-5.329,5.000
-1.141,-5.334,5.000
-1.120,-5.338,5.000
-1.097,-5.332,5.000
-1.087,-5.387,5.000
-1.104,-5.586,5.000
-1.084,-5.600,5.000
-1.012,-5.339,5.000
-0.996,-5.373,5.000
-0.975,-5.377,5.000
-0.992,-5.597,5.000
-0.929,-5.364,5.000
-0.908,-5.368,5.000
-0.936,-5.665,5.000
-0.861,-5.344,5.000
-0.845,-5.378,5.000
-0.827,-5.402,5.000
-0.809,-5.425,5.000
-0.797,-5.498,5.000
-0.759,-5.381,5.000
-0.740,-5.404,5.000
-0.718,-5.397,5.000
-0.729,-5.647,5.000
-0.716,-5.726,5.000
-0.653,-5.395,5.000
-0.631,-5.387,5.000
-0.623,-5.511,5.000
-0.589,-5.402,5.000
-0.574,-5.465,5.000
-0.580,-5.732,5.000
-0.535,-5.510,5.000
-0.514,-5.512,5.000
-0.492,-5.514,5.000
-0.470,-5.516,5.000
-0.448,-5.507,5.000
-0.428,-5.529,5.000
-0.420,-5.717,5.000
-0.384,-5.522,5.000
-0.363,-5.544,5.000
-0.339,-5.505,5.000
-0.320,-5.557,5.000
-0.297,-5.528,5.000
-0.276,-5.539,5.000
-0.253,-5.520,5.000
-0.242,-5.766,5.000
-0.210,-5.532,5.000
-0.197,-5.777,5.000
-0.173,-5.749,5.000
-0.145,-5.534,5.000
-0.123,-5.554,5.000
-0.101,-5.504,5.000
-0.080,-5.535,5.000
-0.057,-5.485,5.000
-0.036,-5.536,5.000
-0.014,-5.536,5.000
0.007,-5.536,5.000
0.030,-5.761,5.000
0.052,-5.645,5.000
0.073,-5.535,5.000
0.095,-5.545,5.000
0.116,-5.545,5.000
0.138,-5.534,5.000
0.165,-5.730,5.000
0.189,-5.758,5.000
0.202,-5.502,5.000
0.226,-5.551,5.000
0.251,-5.630,5.000
0.280,-5.764,5.000
0.303,-5.772,5.000
0.312,-5.537,5.000
0.333,-5.516,5.000
0.355,-5.524,5.000
0.377,-5.523,5.000
0.399,-5.521,5.000
0.420,-5.520,5.000
0.462,-5.771,5.000
0.461,-5.486,5.000
0.485,-5.514,5.000
0.508,-5.522,5.000
0.549,-5.725,5.000
0.551,-5.518,5.000
0.573,-5.516,5.000
0.593,-5.494,5.000
0.616,-5.511,5.000
0.639,-5.519,5.000
0.688,-5.739,5.000
0.680,-5.494,5.000
0.702,-5.491,5.000
0.724,-5.498,5.000
0.749,-5.515,5.000
0.763,-5.462,5.000
0.788,-5.479,5.000
0.842,-5.699,5.000
0.834,-5.493,5.000
0.851,-5.460,5.000
0.872,-5.456,5.000
0.903,-5.512,5.000
0.918,-5.469,5.000
0.976,-5.678,5.000
0.963,-5.472,5.000
0.985,-5.468,5.000
1.008,-5.474,5.000
1.024,-5.440,5.000
1.043,-5.426,5.000
1.067,-5.432,5.000
1.132,-5.649,5.000
1.107,-5.414,5.000
1.124,-5.389,5.000
1.154,-5.424,5.000
1.169,-5.390,5.000
1.237,-5.597,5.000
1.218,-5.410,5.000
1.230,-5.366,5.000
1.260,-5.401,5.000
1.284,-5.405,5.000
1.305,-5.400,5.000
1.329,-5.405,5.000
1.345,-5.380,5.000
1.366,-5.375,5.000
1.390,-5.379,5.000
1.456,-5.545,5.000
1.485,-5.567,5.000
1.450,-5.353,5.000
1.471,-5.347,5.000
1.479,-5.293,5.000
1.513,-5.335,5.000
1.532,-5.320,5.000
1.552,-5.314,5.000
1.579,-5.327,5.000
1.600,-5.320,5.000
1.624,-5.324,5.000
1.648,-5.327,5.000
1.653,-5.272,5.000
1.677,-5.275,5.000
1.701,-5.278,5.000
1.719,-5.262,5.000
1.742,-5.265,5.000
1.782,-5.315,5.000
1.853,-5.455,5.000
1.801,-5.234,5.000
1.851,-5.312,5.000
1.849,-5.239,5.000
1.866,-5.222,5.000
1.914,-5.290,5.000
1.900,-5.189,5.000
1.952,-5.265,5.000
1.948,-5.192,5.000
1.986,-5.231,5.000
2.021,-5.260,5.000
2.041,-5.252,5.000
2.022,-5.142,5.000
2.046,-5.144,5.000
2.099,-5.219,5.000
2.203,-5.415,5.000
2.140,-5.202,5.000
2.209,-5.310,5.000
2.271,-5.398,5.000
2.209,-5.195,5.000
2.218,-5.159,5.000
2.246,-5.168,5.000
2.262,-5.150,5.000
2.283,-5.141,5.000
2.266,-5.051,5.000
2.307,-5.087,5.000
2.347,-5.123,5.000
2.452,-5.297,5.000
2.383,-5.096,5.000
2.399,-5.077,5.000
2.402,-5.032,5.000
2.443,-5.067,5.000
2.463,-5.057,5.000
2.479,-5.039,5.000
2.489,-5.011,5.000
2.522,-5.028,5.000
2.642,-5.215,5.000
2.571,-5.026,5.000
2.586,-5.007,5.000
2.592,-4.970,5.000
2.621,-4.978,5.000
2.636,-4.958,5.000
2.650,-4.939,5.000
2.684,-4.955,5.000
2.814,-5.146,5.000
2.820,-5.111,5.000
2.733,-4.906,5.000
2.757,-4.904,5.000
2.771,-4.884,5.000
2.795,-4.882,5.000
2.925,-5.062,5.000
2.833,-4.860,5.000
2.852,-4.848,5.000
2.901,-4.888,5.000
2.901,-4.843,5.000
2.909,-4.815,5.000
2.923,-4.795,5.000
2.942,-4.783,5.000
2.971,-4.788,5.000
2.979,-4.760,5.000
3.126,-4.951,5.000
3.141,-4.931,5.000
3.041,-4.733,5.000
3.049,-4.704,5.000
3.067,-4.692,5.000
3.102,-4.705,5.000
3.098,-4.660,5.000
3.111,-4.639,5.000
3.151,-4.660,5.000
3.170,-4.647,5.000
3.194,-4.643,5.000
3.172,-4.573,5.000
3.236,-4.626,5.000
3.248,-4.605,5.000
3.260,-4.584,5.000
3.273,-4.563,5.000
3.291,-4.550,5.000
3.314,-4.545,5.000
3.452,-4.695,5.000
3.470,-4.682,5.000
3.373,-4.514,5.000
3.379,-4.485,5.000
3.409,-4.487,5.000
3.438,-4.489,5.000
3.414,-4.421,5.000
3.461,-4.447,5.000
3.467,-4.418,5.000
3.484,-4.404,5.000
3.501,-4.390,5.000
3.640,-4.527,5.000
3.693,-4.557,5.000
3.559,-4.356,5.000
3.576,-4.342,5.000
3.606,-4.343,5.000
3.610,-4.314,5.000
3.627,-4.300,5.000
3.650,-4.293,5.000
3.661,-4.271,5.000
3.729,-4.316,5.000
3.694,-4.242,5.000
3.711,-4.228,5.000
3.868,-4.372,5.000
3.757,-4.213,5.000
3.787,-4.213,5.000
3.777,-4.169,5.000
3.793,-4.154,5.000
3.776,-4.103,5.000
3.812,-4.110,5.000
3.987,-4.264,5.000
4.016,-4.262,5.000
3.867,-4.072,5.000
3.890,-4.063,5.000
3.913,-4.055,5.000
4.037,-4.151,5.000
4.106,-4.189,5.000
3.960,-4.009,5.000
3.990,-4.007,5.000
3.992,-3.978,5.000
3.986,-3.941,5.000
4.023,-3.946,5.000
4.031,-3.923,5.000
4.054,-3.914,5.000
4.215,-4.038,5.000
4.265,-4.054,5.000
4.092,-3.860,5.000
4.115,-3.850,5.000
4.130,-3.834,5.000
4.123,-3.798,5.000
4.145,-3.788,5.000
4.324,-3.921,5.000
4.175,-3.755,5.000
4.204,-3.752,5.000
4.219,-3.736,5.000
4.219,-3.706,5.000
4.422,-3.853,5.000
4.416,-3.818,5.000
4.255,-3.649,5.000
4.284,-3.646,5.000
4.298,-3.629,5.000
4.320,-3.618,5.000
4.319,-3.588,5.000
4.333,-3.571,5.000
4.317,-3.529,5.000
4.369,-3.544,5.000
4.383,-3.526,5.000
4.381,-3.497,5.000
4.410,-3.492,5.000
4.416,-3.468,5.000
4.430,-3.451,5.000
4.459,-3.446,5.000
4.465,-3.422,5.000
4.470,-3.399,5.000
4.491,-3.387,5.000
4.644,-3.473,5.000
4.696,-3.483,5.000
4.499,-3.310,5.000
4.552,-3.322,5.000
4.565,-3.304,5.000
4.554,-3.269,5.000
4.599,-3.273,5.000
4.753,-3.355,5.000
4.608,-3.226,5.000
4.629,-3.213,5.000
4.650,-3.201,5.000
4.646,-3.171,5.000
4.659,-3.153,5.000
4.671,-3.135,5.000
4.691,-3.122,5.000
4.695,-3.098,5.000
4.716,-3.085,5.000
4.728,-3.066,5.000
4.910,-3.157,5.000
4.744,-3.024,5.000
4.755,-3.005,5.000
4.759,-2.981,5.000
4.820,-2.994,5.000
4.790,-2.949,5.000
4.785,-2.920,5.000
4.797,-2.901,5.000
4.833,-2.897,5.000
4.836,-2.873,5.000
4.856,-2.859,5.000
5.042,-2.942,5.000
5.061,-2.927,5.000
4.881,-2.797,5.000
4.875,-2.768,5.000
4.920,-2.768,5.000
4.922,-2.744,5.000
4.924,-2.720,5.000
4.926,-2.696,5.000
4.945,-2.681,5.000
4.947,-2.657,5.000
5.145,-2.737,5.000
5.172,-2.726,5.000
4.987,-2.603,5.000
5.227,-2.702,5.000
5.007,-2.564,5.000
5.008,-2.540,5.000
5.027,-2.524,5.000
5.019,-2.496,5.000
5.047,-2.485,5.000
5.109,-2.491,5.000
5.084,-2.454,5.000
5.067,-2.421,5.000
5.121,-2.422,5.000
5.104,-2.389,5.000
5.104,-2.365,5.000
5.104,-2.341,5.000
5.104,-2.317,5.000
5.141,-2.309,5.000
5.343,-2.374,5.000
5.360,-2.357,5.000
5.378,-2.340,5.000
5.167,-2.224,5.000
5.203,-2.215,5.000
5.362,-2.258,5.000
5.193,-2.163,5.000
5.201,-2.142,5.000
5.210,-2.122,5.000
5.218,-2.101,5.000
5.217,-2.077,5.000
5.234,-2.060,5.000
5.242,-2.040,5.000
5.260,-2.023,5.000
5.430,-2.064,5.000
5.473,-2.056,5.000
5.274,-1.957,5.000
5.263,-1.930,5.000
5.271,-1.909,5.000
5.315,-1.901,5.000
5.276,-1.864,5.000
5.302,-1.850,5.000
5.319,-1.832,5.000
5.326,-1.811,5.000
5.516,-1.852,5.000
5.550,-1.839,5.000
5.566,-1.820,5.000
5.372,-1.733,5.000
5.370,-1.709,5.000
5.386,-1.691,5.000
5.374,-1.664,5.000
5.380,-1.643,5.000
5.339,-1.608,5.000
5.440,-1.615,5.000
5.399,-1.580,5.000
5.396,-1.556,5.000
5.440,-1.545,5.000
5.417,-1.516,5.000
5.385,-1.484,5.000
5.419,-1.471,5.000
5.416,-1.447,5.000
5.654,-1.487,5.000
5.456,-1.412,5.000
5.451,-1.388,5.000
5.457,-1.366,5.000
5.548,-1.366,5.000
5.467,-1.323,5.000
5.482,-1.304,5.000
5.478,-1.280,5.000
5.502,-1.263,5.000
5.478,-1.235,5.000
5.502,-1.218,5.000
5.497,-1.194,5.000
5.718,-1.219,5.000
5.497,-1.149,5.000
5.501,-1.127,5.000
5.496,-1.104,5.000
5.529,-1.088,5.000
5.533,-1.066,5.000
5.528,-1.042,5.000
5.722,-1.056,5.000
5.916,-1.068,5.000
5.559,-0.981,5.000
5.534,-0.954,5.000
5.538,-0.932,5.000
5.561,-0.913,5.000
5.764,-0.924,5.000
5.548,-0.867,5.000
5.561,-0.846,5.000
5.545,-0.822,5.000
5.568,-0.803,5.000
5.581,-0.782,5.000
5.525,-0.752,5.000
5.596,-0.740,5.000
5.628,-0.721,5.000
5.573,-0.692,5.000
5.805,-0.698,5.000
5.807,-0.675,5.000
5.600,-0.628,5.000
5.612,-0.607,5.000
5.605,-0.584,5.000
5.617,-0.563,5.000
5.609,-0.540,5.000
5.582,-0.515,5.000
5.603,-0.495,5.000
5.615,-0.474,5.000
5.607,-0.451,5.000
5.609,-0.429,5.000
5.611,-0.407,5.000
5.592,-0.384,5.000
5.604,-0.362,5.000
5.836,-0.354,5.000
5.606,-0.318,5.000
5.637,-0.298,5.000
5.839,-0.286,5.000
5.841,-0.263,5.000
5.621,-0.231,5.000
5.621,-0.209,5.000
5.583,-0.185,5.000
5.623,-0.164,5.000
5.816,-0.147,5.000
5.624,-0.120,5.000
5.615,-0.098,5.000
5.635,-0.076,5.000
5.413,-0.052,5.500
5.485,-0.031,5.500
5.684,-0.010,5.500
5.694,0.013,5.500
5.444,0.033,5.500
5.475,0.055,5.500
5.444,0.076,5.500
5.654,0.101,5.500
5.463,0.119,5.500
5.432,0.140,5.500
5.442,0.162,5.500
5.482,0.185,5.500
5.461,0.205,5.500
5.450,0.226,5.500
5.560,0.253,5.500
5.628,0.278,5.500
5.724,0.305,5.500
5.446,0.312,5.500
5.475,0.335,5.500
5.604,0.365,5.500
5.472,0.378,5.500
5.471,0.400,5.500
5.479,0.422,5.500
5.457,0.442,5.500
5.465,0.464,5.500
5.340,0.475,5.500
5.338,0.496,5.500
5.347,0.518,5.500
5.324,0.537,5.500
5.435,0.569,5.500
5.573,0.606,5.500
5.338,0.602,5.500
5.346,0.624,5.500
5.653,0.682,5.500
5.351,0.667,5.500
5.420,0.697,5.500
5.557,0.737,5.500
5.322,0.727,5.500
5.361,0.754,5.500
5.296,0.766,5.500
5.324,0.791,5.500
5.321,0.812,5.500
5.286,0.828,5.500
5.612,0.902,5.500
5.531,0.911,5.500
5.287,0.892,5.500
5.293,0.915,5.500
5.290,0.936,5.500
5.286,0.957,5.500
5.303,0.981,5.500
5.258,0.994,5.500
5.264,1.017,5.500
5.361,1.057,5.500
5.276,1.062,5.500
5.252,1.079,5.500
5.247,1.099,5.500
5.253,1.122,5.500
5.249,1.143,5.500
5.234,1.161,5.500
5.468,1.236,5.500
5.225,1.202,5.500
5.189,1.216,5.500
5.225,1.246,5.500
5.448,1.321,5.500
5.226,1.289,5.500
5.220,1.310,5.500
5.215,1.330,5.500
5.200,1.348,5.500
5.215,1.374,5.500
5.219,1.397,5.500
5.133,1.396,5.500
5.188,1.432,5.500
5.162,1.447,5.500
5.167,1.470,5.500
5.151,1.488,5.500
5.155,1.511,5.500
5.149,1.531,5.500
5.183,1.563,5.500
5.389,1.649,5.500
5.344,1.658,5.500
5.144,1.618,5.500
5.157,1.645,5.500
5.141,1.662,5.500
5.095,1.669,5.500
5.078,1.686,5.500
5.323,1.790,5.500
5.095,1.736,5.500
5.088,1.756,5.500
5.061,1.769,5.500
5.034,1.782,5.500
5.067,1.815,5.500
5.050,1.832,5.500
5.062,1.859,5.500
5.025,1.868,5.500
5.018,1.887,5.500
5.011,1.907,5.500
4.954,1.908,5.500
5.025,1.958,5.500
5.036,1.985,5.500
4.999,1.993,5.500
5.199,2.097,5.500
4.974,2.029,5.500
5.173,2.134,5.500
4.958,2.068,5.500
4.950,2.087,5.500
4.941,2.107,5.500
5.157,2.222,5.500
5.139,2.239,5.500
4.839,2.131,5.500
4.908,2.184,5.500
4.890,2.199,5.500
4.871,2.214,5.500
4.882,2.242,5.500
4.796,2.225,5.500
5.003,2.345,5.500
5.093,2.412,5.500
4.760,2.277,5.500
4.799,2.319,5.500
4.948,2.415,5.500
4.724,2.328,5.500
4.827,2.403,5.500
4.705,2.365,5.500
4.909,2.492,5.500
4.705,2.412,5.500
4.696,2.431,5.500
4.677,2.444,5.500
4.695,2.477,5.500
4.657,2.481,5.500
4.638,2.494,5.500
4.638,2.517,5.500
4.619,2.530,5.500
4.646,2.569,5.500
4.608,2.572,5.500
4.607,2.595,5.500
4.633,2.634,5.500
4.586,2.631,5.500
4.567,2.644,5.500
4.584,2.678,5.500
4.582,2.701,5.500
4.535,2.698,5.500
4.525,2.715,5.500
4.514,2.733,5.500
4.521,2.762,5.500
4.483,2.763,5.500
4.472,2.780,5.500
4.479,2.809,5.500
4.450,2.816,5.500
4.439,2.833,5.500
4.446,2.862,5.500
4.399,2.856,5.500
4.631,3.033,5.500
4.619,3.051,5.500
4.374,2.914,5.500
4.362,2.931,5.500
4.566,3.094,5.500
4.562,3.117,5.500
4.567,3.147,5.500
4.307,2.993,5.500
4.321,3.028,5.500
4.292,3.033,5.500
4.306,3.068,5.500
4.285,3.079,5.500
4.265,3.090,5.500
4.261,3.113,5.500
4.449,3.277,5.500
4.237,3.146,5.500
4.224,3.163,5.500
4.220,3.186,5.500
4.373,3.328,5.500
4.384,3.364,5.500
4.208,3.255,5.500
4.349,3.392,5.500
4.182,3.287,5.500
4.136,3.278,5.500
4.047,3.233,5.500
4.288,3.453,5.500
4.030,3.272,5.500
4.017,3.288,5.500
4.176,3.445,5.500
4.170,3.468,5.500
3.961,3.321,5.500
3.957,3.343,5.500
3.943,3.359,5.500
3.979,3.417,5.500
3.917,3.390,5.500
3.912,3.412,5.500
3.898,3.428,5.500
3.869,3.429,5.500
3.871,3.458,5.500
3.858,3.473,5.500
3.852,3.496,5.500
3.846,3.518,5.500
3.848,3.548,5.500
3.787,3.519,5.500
3.781,3.541,5.500
3.790,3.578,5.500
3.761,3.578,5.500
3.747,3.593,5.500
3.740,3.615,5.500
3.726,3.630,5.500
3.704,3.637,5.500
3.690,3.651,5.500
3.713,3.704,5.500
3.825,3.845,5.500
3.623,3.671,5.500
3.632,3.709,5.500
3.617,3.723,5.500
3.534,3.666,5.500
3.535,3.696,5.500
3.535,3.726,5.500
3.566,3.787,5.500
3.602,3.856,5.500
3.454,3.727,5.500
3.454,3.757,5.500
3.447,3.778,5.500
3.577,3.952,5.500
3.402,3.789,5.500
3.409,3.827,5.500
3.365,3.807,5.500
3.365,3.837,5.500
3.342,3.842,5.500
3.320,3.847,5.500
3.312,3.868,5.500
3.416,4.022,5.500
3.455,4.100,5.500
3.266,3.907,5.500
3.251,3.920,5.500
3.406,4.140,5.500
3.248,3.979,5.500
3.204,3.958,5.500
3.189,3.970,5.500
3.166,3.974,5.500
3.164,4.004,5.500
3.301,4.211,5.500
3.133,4.029,5.500
3.130,4.058,5.500
3.114,4.071,5.500
3.078,4.056,5.500
3.049,4.051,5.500
3.040,4.072,5.500
3.030,4.092,5.500
3.021,4.113,5.500
2.992,4.107,5.500
3.139,4.346,5.500
2.887,4.030,5.500
2.898,4.078,5.500
3.058,4.340,5.500
3.059,4.378,5.500
2.900,4.186,5.500
2.884,4.197,5.500
2.810,4.125,5.500
2.857,4.229,5.500
2.784,4.156,5.500
2.811,4.233,5.500
2.795,4.244,5.500
2.754,4.217,5.500
2.767,4.275,5.500
2.768,4.313,5.500
2.692,4.230,5.500
2.832,4.490,5.500
2.646,4.232,5.500
2.630,4.243,5.500
2.648,4.310,5.500
2.654,4.359,5.500
2.609,4.321,5.500
2.614,4.370,5.500
2.574,4.342,5.500
2.580,4.390,5.500
2.574,4.419,5.500
2.501,4.333,5.500
2.656,4.645,5.500
2.522,4.450,5.500
2.499,4.450,5.500
2.481,4.460,5.500
2.448,4.440,5.500
2.392,4.381,5.500
2.423,4.479,5.500
2.369,4.419,5.500
2.393,4.507,5.500
2.375,4.517,5.500
2.347,4.506,5.500
2.453,4.755,5.500
2.322,4.544,5.500
2.304,4.554,5.500
2.281,4.553,5.500
2.263,4.562,5.500
2.359,4.803,5.500
2.336,4.802,5.500
2.219,4.608,5.500
2.187,4.587,5.500
2.173,4.605,5.500
2.155,4.614,5.500
2.250,4.866,5.500
2.226,4.866,5.500
2.096,4.629,5.500
2.073,4.627,5.500
2.060,4.645,5.500
2.050,4.673,5.500
2.041,4.702,5.500
2.009,4.679,5.500
1.986,4.677,5.500
1.972,4.695,5.500
2.053,4.941,5.500
2.045,4.978,5.500
1.917,4.718,5.500
1.898,4.725,5.500
1.884,4.743,5.500
1.861,4.740,5.500
1.850,4.768,5.500
1.824,4.754,5.500
1.897,5.003,5.500
1.782,4.758,5.500
1.740,4.702,5.500
1.745,4.772,5.500
1.722,4.768,5.500
1.707,4.786,5.500
1.782,5.057,5.500
1.670,4.799,5.500
1.644,4.784,5.500
1.636,4.822,5.500
1.620,4.839,5.500
1.598,4.835,5.500
1.582,4.852,5.500
1.560,4.848,5.500
1.537,4.843,5.500
1.525,4.870,5.500
1.496,4.844,5.500
1.552,5.099,5.500
1.464,4.877,5.500
1.460,4.936,5.500
1.410,4.835,5.500
1.409,4.905,5.500
1.455,5.138,5.500
1.371,4.916,5.500
1.346,4.900,5.500
1.329,4.916,5.500
1.313,4.932,5.500
1.299,4.958,5.500
1.280,4.963,5.500
1.252,4.936,5.500
1.295,5.192,5.500
1.260,5.135,5.500
1.188,4.929,5.500
1.177,4.966,5.500
1.152,4.949,5.500
1.135,4.964,5.500
1.172,5.221,5.500
1.198,5.435,5.500
1.072,4.955,5.500
1.062,5.003,5.500
1.037,4.985,5.500
1.076,5.274,5.500
0.998,4.993,5.500
0.979,4.997,5.500
0.959,5.001,5.500
0.939,5.005,5.500
0.920,5.008,5.500
0.900,5.012,5.500
0.923,5.260,5.500
0.862,5.030,5.500
0.884,5.277,5.500
0.823,5.037,5.500
0.835,5.243,5.500
0.821,5.287,5.500
0.762,5.035,5.500
0.742,5.038,5.500
0.721,5.030,5.500
0.704,5.055,5.500
0.681,5.035,5.500
0.663,5.049,5.500
0.644,5.062,5.500
0.623,5.054,5.500
0.605,5.067,5.500
0.586,5.081,5.500
0.563,5.061,5.500
0.539,5.019,5.500
0.556,5.374,5.500
0.504,5.067,5.500
0.483,5.058,5.500
0.465,5.082,5.500
0.436,4.984,5.500
0.438,5.237,5.500
0.425,5.334,5.500
0.376,4.966,5.500
0.357,4.979,5.500
0.337,4.969,5.500
0.319,5.004,5.500
0.302,5.050,5.500
0.281,5.017,5.500
0.273,5.259,5.500
0.245,5.097,5.500
0.220,4.987,5.500
0.200,4.987,5.500
0.181,4.999,5.500
0.160,4.966,5.500
0.142,5.001,5.500
0.124,5.068,5.500
0.103,5.002,5.500
0.083,5.002,5.500
0.063,4.991,5.500
0.044,5.014,5.500
0.024,4.969,5.500
0.005,5.351,5.500
-0.015,4.980,5.500
-0.035,4.991,5.500
-0.055,5.025,5.500
-0.074,4.991,5.500
-0.094,4.991,5.500
-0.120,5.276,5.500
-0.134,5.012,5.500
-0.153,4.989,5.500
-0.173,5.000,5.500
-0.202,5.241,5.500
-0.211,4.987,5.500
-0.244,5.271,5.500
-0.251,4.985,5.500
-0.271,4.995,5.500
-0.290,4.994,5.500
-0.326,5.256,5.500
-0.347,5.255,5.500
-0.346,4.945,5.500
-0.369,4.989,5.500
-0.389,4.999,5.500
-0.407,4.975,5.500
-0.427,4.973,5.500
-0.448,4.994,5.500
-0.467,4.981,5.500
-0.484,4.957,5.500
-0.533,5.239,5.500
-0.550,5.205,5.500
-0.546,4.984,5.500
-0.568,5.004,5.500
-0.577,4.912,5.500
-0.606,4.989,5.500
-0.620,4.941,5.500
-0.644,4.972,5.500
-0.664,4.970,5.500
-0.682,4.956,5.500
-0.703,4.965,5.500
-0.720,4.951,5.500
-0.740,4.948,5.500
-0.758,4.934,5.500
-0.775,4.919,5.500
-0.800,4.950,5.500
-0.819,4.947,5.500
-0.839,4.943,5.500
-0.901,5.189,5.500
-0.914,5.143,5.500
-0.893,4.911,5.500
-0.916,4.930,5.500
-0.932,4.904,5.500
-1.001,5.159,5.500
-0.972,4.907,5.500
-0.994,4.915,5.500
-1.009,4.888,5.500
-1.028,4.884,5.500
-1.047,4.880,5.500
-1.069,4.887,5.500
-1.083,4.861,5.500
-1.107,4.879,5.500
-1.126,4.874,5.500
-1.206,5.126,5.500
-1.175,4.909,5.500
-1.181,4.850,5.500
-1.205,4.867,5.500
-1.219,4.840,5.500
-1.246,4.868,5.500
-1.257,4.831,5.500
-1.264,4.782,5.500
-1.295,4.821,5.500
-1.378,5.050,5.500
-1.333,4.810,5.500
-1.348,4.794,5.500
-1.367,4.789,5.500
-1.389,4.794,5.500
-1.483,5.042,5.500
-1.424,4.772,5.500
-1.439,4.756,5.500
-1.464,4.772,5.500
-1.490,4.788,5.500
-1.578,5.002,5.500
-1.534,4.797,5.500
-1.546,4.770,5.500
-1.561,4.753,5.500
-1.580,4.747,5.500
-1.595,4.730,5.500
-1.617,4.734,5.500
-1.632,4.717,5.500
-1.651,4.711,5.500
-1.754,4.943,5.500
-1.691,4.708,5.500
-1.706,4.691,5.500
-1.732,4.705,5.500
-1.831,4.915,5.500
-1.869,4.957,5.500
-1.800,4.716,5.500
-1.798,4.656,5.500
-1.816,4.649,5.500
-1.843,4.663,5.500
-1.943,4.860,5.500
-1.879,4.648,5.500
-1.893,4.631,5.500
-1.916,4.634,5.500
-1.925,4.605,5.500
-2.132,5.043,5.500
-1.979,4.631,5.500
-1.997,4.624,5.500
-1.997,4.574,5.500
-2.034,4.608,5.500
-2.029,4.548,5.500
-2.056,4.561,5.500
-2.078,4.563,5.500
-2.087,4.534,5.500
-2.109,4.536,5.500
-2.142,4.558,5.500
-2.145,4.520,5.500
-2.168,4.521,5.500
-2.136,4.410,5.500
-2.163,4.422,5.500
-2.294,4.644,5.500
-2.193,4.395,5.500
-2.200,4.366,5.500
-2.217,4.357,5.500
-2.337,4.549,5.500
-2.261,4.360,5.500
-2.252,4.300,5.500
-2.290,4.332,5.500
-2.318,4.343,5.500
-2.431,4.512,5.500
-2.347,4.315,5.500
-2.353,4.285,5.500
-2.375,4.286,5.500
-2.392,4.277,5.500
-2.409,4.267,5.500
-2.437,4.278,5.500
-2.436,4.238,5.500
-2.588,4.462,5.500
-2.469,4.219,5.500
-2.498,4.229,5.500
-2.514,4.219,5.500
-2.495,4.150,5.500
-2.553,4.209,5.500
-2.693,4.400,5.500
-2.733,4.426,5.500
-2.591,4.159,5.500
-2.607,4.149,5.500
-2.605,4.109,5.500
-2.633,4.119,5.500
-2.592,4.020,5.500
-2.627,4.039,5.500
-2.793,4.258,5.500
-2.822,4.265,5.500
-2.668,3.998,5.500
-2.684,3.988,5.500
-2.700,3.977,5.500
-2.729,3.986,5.500
-2.887,4.181,5.500
-2.878,4.133,5.500
-2.748,3.915,5.500
-2.784,3.933,5.500
-2.793,3.912,5.500
-3.007,4.178,5.500
-2.912,4.012,5.500
-2.839,3.879,5.500
-2.854,3.868,5.500
-2.904,3.904,5.500
-3.035,4.047,5.500
-2.927,3.871,5.500
-3.074,4.032,5.500
-3.062,3.984,5.500
-2.944,3.800,5.500
-3.009,3.852,5.500
-3.003,3.813,5.500
-2.989,3.765,5.500
-3.168,3.958,5.500
-3.246,4.023,5.500
-3.099,3.810,5.500
-3.107,3.789,5.500
-3.085,3.732,5.500
-3.144,3.774,5.500
-3.136,3.735,5.500
-3.173,3.749,5.500
-3.181,3.727,5.500
-3.203,3.724,5.500
-3.210,3.702,5.500
-3.224,3.690,5.500
-3.254,3.694,5.500
-3.439,3.874,5.500
-3.252,3.634,5.500
-3.251,3.604,5.500
-3.304,3.634,5.500
-3.341,3.647,5.500
-3.301,3.574,5.500
-3.362,3.612,5.500
-3.537,3.770,5.500
-3.351,3.543,5.500
-3.365,3.530,5.500
-3.434,3.575,5.500
-3.384,3.495,5.500
-3.422,3.507,5.500
-3.428,3.485,5.500
-3.425,3.455,5.500
-3.463,3.466,5.500
-3.485,3.461,5.500
-3.507,3.455,5.500
-3.641,3.560,5.500
-3.517,3.411,5.500
-3.522,3.390,5.500
-3.552,3.392,5.500
-3.566,3.378,5.500
-3.562,3.348,5.500
-3.773,3.518,5.500
-3.588,3.320,5.500
-3.601,3.306,5.500
-3.614,3.291,5.500
-3.827,3.458,5.500
-3.833,3.436,5.500
-3.636,3.233,5.500
-3.683,3.250,5.500
-3.687,3.227,5.500
-3.708,3.220,5.500
-3.781,3.258,5.500
-3.995,3.415,5.500
-3.976,3.371,5.500
-3.785,3.184,5.500
-3.850,3.213,5.500
-3.879,3.212,5.500
-3.866,3.175,5.500
-4.066,3.313,5.500
-4.087,3.304,5.500
-3.894,3.122,5.500
-3.907,3.107,5.500
-3.883,3.063,5.500
-4.139,3.239,5.500
-3.961,3.075,5.500
-3.955,3.045,5.500
-3.949,3.016,5.500
-3.988,3.021,5.500
-4.018,3.019,5.500
-4.056,3.023,5.500
-3.959,2.926,5.500
-4.016,2.944,5.500
-4.028,2.929,5.500
-4.058,2.926,5.500
-4.051,2.897,5.500
-4.081,2.894,5.500
-4.110,2.891,5.500
-4.103,2.862,5.500
-4.105,2.839,5.500
-4.107,2.817,5.500
-4.328,2.943,5.500
-4.375,2.950,5.500
-4.159,2.781,5.500
-4.170,2.764,5.500
-4.199,2.760,5.500
-4.201,2.738,5.500
-4.192,2.709,5.500
-4.232,2.711,5.500
-4.223,2.682,5.500
-4.224,2.659,5.500
-4.254,2.655,5.500
-4.254,2.632,5.500
-4.197,2.574,5.500
-4.285,2.604,5.500
-4.285,2.582,5.500
-4.448,2.656,5.500
-4.276,2.531,5.500
-4.286,2.514,5.500
-4.306,2.503,5.500
-4.246,2.446,5.500
-4.325,2.469,5.500
-4.275,2.418,5.500
-4.285,2.401,5.500
-4.567,2.536,5.500
-4.313,2.373,5.500
-4.393,2.394,5.500
-4.302,2.322,5.500
-4.401,2.354,5.500
-4.360,2.310,5.500
-4.470,2.346,5.500
-4.429,2.302,5.500
-4.654,2.396,5.500
-4.497,2.293,5.500
-4.446,2.245,5.500
-4.434,2.217,5.500
-4.483,2.220,5.500
-4.612,2.261,5.500
-4.480,2.174,5.500
-4.519,2.172,5.500
-4.518,2.149,5.500
-4.516,2.126,5.500
-4.744,2.211,5.500
-4.573,2.110,5.500
-4.499,2.054,5.500
-4.549,2.055,5.500
-4.567,2.042,5.500
-4.565,2.019,5.500
-4.573,2.001,5.500
-4.591,1.988,5.500
-4.578,1.961,5.500
-4.617,1.956,5.500
-4.635,1.942,5.500
-4.694,1.945,5.500
-4.660,1.910,5.500
-4.861,1.970,5.500
-4.878,1.955,5.500
-4.619,1.830,5.500
-4.669,1.828,5.500
-4.718,1.826,5.500
-4.651,1.780,5.500
-4.926,1.862,5.500
-4.697,1.755,5.500
-4.683,1.729,5.500
-4.689,1.710,5.500
-4.717,1.699,5.500
-4.931,1.755,5.500
-4.709,1.655,5.500
-4.726,1.640,5.500
-4.733,1.621,5.500
-4.707,1.592,5.500
-4.995,1.668,5.500
-4.762,1.569,5.500
-4.747,1.543,5.500
-4.742,1.521,5.500
-4.759,1.506,5.500
-4.996,1.560,5.500
-5.013,1.543,5.500
-4.787,1.453,5.500
-4.782,1.431,5.500
-4.798,1.415,5.500
-4.815,1.400,5.500
-5.042,1.444,5.500
-4.793,1.353,5.500
-4.831,1.343,5.500
-4.825,1.321,5.500
-4.798,1.293,5.500
-4.846,1.286,5.500
-4.840,1.264,5.500
-5.080,1.305,5.500
-5.157,1.303,5.500
-4.844,1.204,5.500
-4.860,1.188,5.500
-4.908,1.179,5.500
-5.125,1.210,5.500
-5.213,1.209,5.500
-4.911,1.119,5.500
-5.150,1.152,5.500
-4.875,1.070,5.500
-4.902,1.056,5.500
-4.884,1.032,5.500
-4.877,1.010,5.500
-5.223,1.061,5.500
-5.005,0.996,5.500
-4.987,0.972,5.500
-5.024,0.959,5.500
-4.973,0.929,5.500
-4.832,0.883,5.500
-5.163,0.923,5.500
-5.177,0.904,5.500
-5.306,0.905,5.500
-5.034,0.838,5.500
-4.982,0.810,5.500
-4.985,0.790,5.500
-5.033,0.777,5.500
-5.281,0.794,5.500
-4.950,0.725,5.500
-5.052,0.719,5.500
-5.248,0.726,5.500
-5.293,0.711,5.500
-5.071,0.661,5.500
-5.052,0.639,5.500
-5.054,0.619,5.500
-5.112,0.605,5.500
-5.070,0.580,5.500
-5.072,0.560,5.500
-5.258,0.560,5.500
-5.281,0.541,5.500
-5.112,0.504,5.500
-5.092,0.482,5.500
-5.082,0.461,5.500
-5.084,0.441,5.500
-5.086,0.421,5.500
-5.303,0.418,5.500
-5.078,0.380,5.500
-5.079,0.360,5.500
-5.092,0.341,5.500
-5.148,0.324,5.500
-5.050,0.298,5.500
-5.096,0.281,5.500
-5.007,0.256,5.500
-5.334,0.252,5.500
-5.065,0.219,5.500
-5.099,0.200,5.500
-5.100,0.180,5.500
-5.338,0.168,5.500
-5.359,0.147,5.500
-5.035,0.119,5.500
-5.091,0.100,5.500
-5.147,0.081,5.500
-5.114,0.060,5.500
-5.092,0.040,5.500
-5.070,0.020,5.500
-5.103,0.000,5.500
-5.092,-0.020,5.500
-5.372,-0.042,5.500
-5.103,-0.060,5.500
-5.081,-0.080,5.500
-5.091,-0.100,5.500
-5.091,-0.120,5.500
-5.349,-0.147,5.500
-5.101,-0.160,5.500
-5.111,-0.181,5.500
-5.055,-0.199,5.500
-5.087,-0.220,5.500
-5.087,-0.240,5.500
-5.152,-0.263,5.500
-5.150,-0.284,5.500
-5.072,-0.299,5.500
-5.126,-0.323,5.500
-5.070,-0.339,5.500
-5.113,-0.362,5.500
-5.100,-0.381,5.500
-5.088,-0.401,5.500
-5.075,-0.420,5.500
-5.073,-0.440,5.500
-5.082,-0.461,5.500
-5.036,-0.476,5.500
-5.023,-0.495,5.500
-5.055,-0.518,5.500
-5.310,-0.565,5.500
-5.083,-0.562,5.500
-5.059,-0.579,5.500
-5.057,-0.599,5.500
-5.076,-0.621,5.500
-5.309,-0.671,5.500
-5.296,-0.690,5.500
-5.058,-0.680,5.500
-5.044,-0.698,5.500
-5.030,-0.716,5.500
-5.325,-0.780,5.500
-5.239,-0.788,5.500
-5.033,-0.777,5.500
-5.029,-0.797,5.500
-5.004,-0.813,5.500
-4.968,-0.827,5.500
-5.264,-0.898,5.500
-4.972,-0.868,5.500
-5.035,-0.900,5.500
-4.976,-0.909,5.500
-5.198,-0.971,5.500
-4.980,-0.951,5.500
-5.009,-0.976,5.500
-4.994,-0.994,5.500
-4.990,-1.014,5.500
-5.229,-1.084,5.500
-4.993,-1.055,5.500
-4.935,-1.063,5.500
-4.974,-1.092,5.500
-4.959,-1.109,5.500
-4.965,-1.131,5.500
-4.961,-1.150,5.500
-4.956,-1.170,5.500
-5.203,-1.250,5.500
-5.198,-1.270,5.500
-4.942,-1.228,5.500
-4.980,-1.258,5.500
-5.028,-1.292,5.500
-4.938,-1.289,5.500
-5.172,-1.372,5.500
-4.949,-1.334,5.500
-5.151,-1.410,5.500
-4.917,-1.367,5.500
-4.911,-1.386,5.500
-4.906,-1.405,5.500
-5.128,-1.491,5.500
-5.142,-1.517,5.500
-4.963,-1.485,5.500
-4.883,-1.482,5.500
-4.888,-1.505,5.500
-4.861,-1.517,5.500
-4.897,-1.550,5.500
-4.849,-1.555,5.500
-5.128,-1.667,5.500
-4.847,-1.597,5.500
-4.944,-1.651,5.500
-4.824,-1.631,5.500
-4.828,-1.654,5.500
-4.800,-1.666,5.500
-4.836,-1.699,5.500
-4.880,-1.736,5.500
-4.853,-1.748,5.500
-4.877,-1.778,5.500
-5.088,-1.878,5.500
-5.100,-1.905,5.500
-4.855,-1.836,5.500
-5.066,-1.938,5.500
-4.841,-1.874,5.500
-4.854,-1.901,5.500
-4.775,-1.892,5.500
-4.818,-1.931,5.500
-4.801,-1.946,5.500
-4.833,-1.981,5.500
-4.775,-1.979,5.500
-4.788,-2.006,5.500
-4.780,-2.025,5.500
-4.782,-2.048,5.500
-4.783,-2.071,5.500
-4.745,-2.077,5.500
-4.969,-2.198,5.500
-4.970,-2.222,5.500
-4.731,-2.137,5.500
-4.712,-2.151,5.500
-4.704,-2.170,5.500
-4.715,-2.197,5.500
-4.888,-2.302,5.500
-4.916,-2.339,5.500
-4.708,-2.262,5.500
-4.680,-2.271,5.500
-4.661,-2.285,5.500
-4.671,-2.313,5.500
-4.643,-2.321,5.500
-4.634,-2.340,5.500
-4.576,-2.333,5.500
-4.615,-2.376,5.500
-4.794,-2.492,5.500
-4.775,-2.506,5.500
-4.568,-2.420,5.500
-4.529,-2.422,5.500
-4.568,-2.466,5.500
-4.529,-2.468,5.500
-4.761,-2.619,5.500
-4.557,-2.530,5.500
-4.519,-2.532,5.500
-4.556,-2.577,5.500
-4.499,-2.568,5.500
-4.709,-2.712,5.500
-4.460,-2.592,5.500
-4.431,-2.599,5.500
-4.712,-2.788,5.500
-4.457,-2.661,5.500
-4.446,-2.679,5.500
-4.473,-2.719,5.500
-4.425,-2.714,5.500
-4.414,-2.731,5.500
-4.449,-2.777,5.500
-4.393,-2.766,5.500
-4.364,-2.771,5.500
-4.371,-2.800,5.500
-4.351,-2.811,5.500
-4.376,-2.852,5.500
-4.329,-2.845,5.500
-4.353,-2.886,5.500
-4.324,-2.891,5.500
-4.497,-3.032,5.500
-4.292,-2.919,5.500
-4.299,-2.948,5.500
-4.269,-2.953,5.500
-4.267,-2.976,5.500
-4.246,-2.986,5.500
-4.399,-3.120,5.500
-4.222,-3.019,5.500
-4.391,-3.166,5.500
-4.207,-3.059,5.500
-4.169,-3.056,5.500
-4.166,-3.079,5.500
-4.162,-3.102,5.500
-4.141,-3.112,5.500
-4.331,-3.281,5.500
-4.151,-3.170,5.500
-4.297,-3.309,5.500
-4.118,-3.196,5.500
-4.096,-3.206,5.500
-4.084,-3.222,5.500
-4.029,-3.204,5.500
-3.999,-3.206,5.500
-4.234,-3.422,5.500
-4.016,-3.272,5.500
-3.986,-3.274,5.500
-3.990,-3.303,5.500
-3.994,-3.333,5.500
-3.964,-3.335,5.500
-4.105,-3.481,5.500
-4.123,-3.524,5.500
-4.125,-3.554,5.500
-3.903,-3.389,5.500
-3.906,-3.419,5.500
-3.892,-3.434,5.500
-3.895,-3.464,5.500
-4.046,-3.627,5.500
-3.836,-3.465,5.500
-3.838,-3.495,5.500
-3.800,-3.488,5.500
-3.794,-3.510,5.500
-3.804,-3.547,5.500
-3.798,-3.570,5.500
-3.792,-3.592,5.500
-3.723,-3.554,5.500
-3.748,-3.607,5.500
-3.901,-3.783,5.500
-3.886,-3.798,5.500
-3.682,-3.628,5.500
-3.683,-3.658,5.500
-3.677,-3.680,5.500
-3.708,-3.740,5.500
-3.803,-3.867,5.500
-3.685,-3.777,5.500
-3.633,-3.753,5.500
-3.604,-3.751,5.500
-3.581,-3.758,5.500
-3.574,-3.779,5.500
-3.711,-3.955,5.500
-3.522,-3.784,5.500
-3.507,-3.797,5.500
-3.500,-3.819,5.500
-3.455,-3.801,5.500
-3.484,-3.863,5.500
-3.454,-3.860,5.500
-3.453,-3.890,5.500
-3.445,-3.912,5.500
-3.569,-4.084,5.500
-3.566,-4.114,5.500
-3.385,-3.936,5.500
-3.418,-4.006,5.500
-3.550,-4.194,5.500
-3.400,-4.049,5.500
-3.343,-4.013,5.500
-3.368,-4.076,5.500
-3.291,-4.014,5.500
-3.493,-4.295,5.500
-3.313,-4.107,5.500
-3.297,-4.120,5.500
-3.228,-4.065,5.500
-3.252,-4.129,5.500
-3.408,-4.362,5.500
-3.353,-4.328,5.500
-3.209,-4.175,5.500
-3.206,-4.205,5.500
-3.137,-4.149,5.500
-3.303,-4.404,5.500
-3.298,-4.433,5.500
-3.146,-4.263,5.500
-3.116,-4.258,5.500
-3.118,-4.296,5.500
-3.083,-4.283,5.500
-3.060,-4.286,5.500
-3.043,-4.298,5.500
-3.050,-4.345,5.500
-3.027,-4.348,5.500
-2.998,-4.343,5.500
-2.975,-4.346,5.500
-2.970,-4.375,5.500
-3.074,-4.567,5.500
-2.929,-4.389,5.500
-2.906,-4.392,5.500
-2.895,-4.412,5.500
-2.872,-4.414,5.500
-2.995,-4.644,5.500
-2.944,-4.604,5.500
-2.819,-4.448,5.500
-2.802,-4.459,5.500
-2.773,-4.452,5.500
-2.772,-4.490,5.500
-2.895,-4.730,5.500
-2.737,-4.512,5.500
-2.714,-4.513,5.500
-2.718,-4.560,5.500
-2.684,-4.544,5.500
-2.786,-4.760,5.500
-2.648,-4.565,5.500
-2.630,-4.575,5.500
-2.617,-4.594,5.500
-2.594,-4.595,5.500
-2.576,-4.606,5.500
-2.668,-4.816,5.500
-2.545,-4.635,5.500
-2.526,-4.645,5.500
-2.503,-4.645,5.500
-2.602,-4.875,5.500
-2.461,-4.656,5.500
-2.458,-4.693,5.500
-2.435,-4.694,5.500
-2.525,-4.915,5.500
-2.398,-4.713,5.500
-2.477,-4.917,5.500
-2.356,-4.722,5.500
-2.333,-4.722,5.500
-2.337,-4.778,5.500
-2.300,-4.749,5.500
-2.290,-4.777,5.500
-2.267,-4.777,5.500
-2.248,-4.786,5.500
-2.238,-4.814,5.500
-2.314,-5.029,5.500
-2.187,-4.802,5.500
-2.142,-4.752,5.500
-2.154,-4.829,5.500
-2.135,-4.837,5.500
-2.112,-4.836,5.500
-2.093,-4.844,5.500
-2.074,-4.852,5.500
-2.151,-5.090,5.500
-2.031,-4.859,5.500
-2.016,-4.877,5.500
-1.997,-4.884,5.500
-1.978,-4.892,5.500
-2.047,-5.122,5.500
-1.947,-4.927,5.500
-2.007,-5.137,5.500
-1.901,-4.923,5.500
-1.885,-4.940,5.500
-1.862,-4.937,5.500
-1.846,-4.955,5.500
-1.841,-5.002,5.500
-1.818,-4.999,5.500
-1.784,-4.966,5.500
-1.765,-4.973,5.500
-1.734,-4.950,5.500
-1.726,-4.987,5.500
-1.780,-5.210,5.500
-1.703,-5.050,5.500
-1.667,-5.007,5.500
-1.644,-5.003,5.500
-1.627,-5.020,5.500
-1.620,-5.066,5.500
-1.575,-4.992,5.500
-1.633,-5.247,5.500
-1.551,-5.055,5.500
-1.528,-5.051,5.500
-1.518,-5.087,5.500
-1.512,-5.144,5.500
-1.460,-5.038,5.500
-1.520,-5.323,5.500
-1.457,-5.181,5.500
-1.409,-5.085,5.500
-1.427,-5.232,5.500
-1.385,-5.158,5.500
-1.386,-5.243,5.500
-1.326,-5.097,5.500
-1.332,-5.204,5.500
-1.312,-5.209,5.500
-1.289,-5.204,5.500
-1.271,-5.219,5.500
-1.286,-5.374,5.500
-1.203,-5.116,5.500
-1.197,-5.183,5.500
-1.189,-5.239,5.500
-1.170,-5.253,5.500
-1.147,-5.248,5.500
-1.127,-5.252,5.500
-1.110,-5.277,5.500
-1.121,-5.431,5.500
-1.111,-5.494,5.500
-1.038,-5.239,5.500
-1.023,-5.273,5.500
-1.003,-5.277,5.500
-0.982,-5.281,5.500
-0.996,-5.476,5.500
-0.981,-5.519,5.500
-0.921,-5.303,5.500
-0.899,-5.296,5.500
-0.883,-5.330,5.500
-0.854,-5.282,5.500
-0.838,-5.317,5.500
-0.809,-5.268,5.500
-0.835,-5.583,5.500
-0.774,-5.316,5.500
-0.753,-5.319,5.500
-0.737,-5.363,5.500
-0.708,-5.304,5.500
-0.690,-5.327,5.500
-0.669,-5.330,5.500
-0.653,-5.374,5.500
-0.654,-5.567,5.500
-0.634,-5.580,5.500
-0.586,-5.350,5.500
-0.570,-5.394,5.500
-0.543,-5.344,5.500
-0.544,-5.569,5.500
-0.501,-5.348,5.500
-0.480,-5.350,5.500
-0.459,-5.352,5.500
-0.438,-5.354,5.500
-0.416,-5.345,5.500
-0.413,-5.590,5.500
-0.374,-5.348,5.500
-0.356,-5.391,5.500
-0.334,-5.372,5.500
-0.310,-5.331,5.500
-0.303,-5.587,5.500
-0.283,-5.628,5.500
-0.249,-5.376,5.500
-0.228,-5.388,5.500
-0.206,-5.357,5.500
-0.186,-5.379,5.500
-0.163,-5.338,5.500
-0.149,-5.604,5.500
-0.122,-5.370,5.500
-0.101,-5.360,5.500
-0.080,-5.371,5.500
-0.059,-5.361,5.500
-0.038,-5.382,5.500
-0.016,-5.361,5.500
0.005,-5.382,5.500
0.026,-5.361,5.500
0.047,-5.382,5.500
0.067,-5.329,5.500
0.089,-5.340,5.500
0.115,-5.604,5.500
0.131,-5.381,5.500
0.152,-5.359,5.500
0.173,-5.359,5.500
0.194,-5.347,5.500
0.216,-5.367,5.500
0.236,-5.346,5.500
0.258,-5.376,5.500
0.290,-5.588,5.500
0.299,-5.353,5.500
0.320,-5.352,5.500
0.341,-5.350,5.500
0.363,-5.359,5.500
0.383,-5.348,5.500
0.418,-5.530,5.500
0.427,-5.365,5.500
0.446,-5.343,5.500
0.467,-5.330,5.500
0.500,-5.462,5.500
0.511,-5.358,5.500
0.533,-5.366,5.500
0.551,-5.333,5.500
0.573,-5.341,5.500
0.616,-5.532,5.500
0.625,-5.419,5.500
0.646,-5.416,5.500
0.656,-5.321,5.500
0.714,-5.610,5.500
0.714,-5.438,5.500
0.721,-5.334,5.500
0.740,-5.310,5.500
0.778,-5.430,5.500
0.796,-5.406,5.500
0.814,-5.383,5.500
0.837,-5.390,5.500
0.860,-5.397,5.500
0.921,-5.638,5.500
0.907,-5.420,5.500
0.922,-5.376,5.500
0.945,-5.382,5.500
0.949,-5.287,5.500
0.987,-5.375,5.500
1.004,-5.351,5.500
1.027,-5.357,5.500
1.050,-5.363,5.500
1.079,-5.399,5.500
1.130,-5.541,5.500
1.115,-5.360,5.500
1.132,-5.336,5.500
1.153,-5.331,5.500
1.228,-5.570,5.500
1.195,-5.322,5.500
1.209,-5.287,5.500
1.291,-5.546,5.500
1.258,-5.307,5.500
1.330,-5.516,5.500
1.302,-5.307,5.500
1.376,-5.515,5.500
1.338,-5.277,5.500
1.424,-5.523,5.500
1.385,-5.286,5.500
1.462,-5.493,5.500
1.421,-5.255,5.500
1.445,-5.260,5.500
1.468,-5.264,5.500
1.551,-5.478,5.500
1.570,-5.463,5.500
1.524,-5.227,5.500
1.556,-5.260,5.500
1.568,-5.224,5.500
1.586,-5.208,5.500
1.677,-5.431,5.500
1.704,-5.443,5.500
1.653,-5.209,5.500
1.670,-5.192,5.500
1.694,-5.196,5.500
1.783,-5.397,5.500
1.718,-5.133,5.500
1.752,-5.165,5.500
1.772,-5.159,5.500
1.792,-5.152,5.500
1.816,-5.154,5.500
1.836,-5.147,5.500
1.931,-5.346,5.500
1.949,-5.329,5.500
1.897,-5.125,5.500
1.994,-5.323,5.500
1.933,-5.100,5.500
1.946,-5.074,5.500
2.049,-5.281,5.500
1.990,-5.068,5.500
2.013,-5.069,5.500
2.029,-5.052,5.500
2.049,-5.044,5.500
2.073,-5.045,5.500
2.097,-5.046,5.500
2.186,-5.204,5.500
2.152,-5.067,5.500
2.152,-5.012,5.500
2.176,-5.013,5.500
2.191,-4.995,5.500
2.320,-5.232,5.500
2.316,-5.169,5.500
2.258,-4.987,5.500
2.270,-4.960,5.500
2.280,-4.932,5.500
2.317,-4.960,5.500
2.341,-4.961,5.500
2.352,-4.933,5.500
2.470,-5.130,5.500
2.495,-5.129,5.500
2.401,-4.886,5.500
2.424,-4.886,5.500
2.453,-4.895,5.500
2.467,-4.876,5.500
2.482,-4.857,5.500
2.505,-4.857,5.500
2.529,-4.856,5.500
2.544,-4.837,5.500
2.553,-4.809,5.500
2.694,-5.027,5.500
2.695,-4.982,5.500
2.720,-4.980,5.500
2.628,-4.768,5.500
2.657,-4.775,5.500
2.676,-4.765,5.500
2.817,-4.971,5.500
2.723,-4.761,5.500
2.732,-4.733,5.500
2.740,-4.705,5.500
2.769,-4.711,5.500
2.787,-4.700,5.500
2.923,-4.886,5.500
2.829,-4.687,5.500
2.962,-4.863,5.500
2.855,-4.647,5.500
2.868,-4.627,5.500
2.881,-4.607,5.500
2.899,-4.596,5.500
2.911,-4.576,5.500
2.946,-4.590,5.500
3.073,-4.747,5.500
2.982,-4.567,5.500
3.000,-4.555,5.500
3.029,-4.561,5.500
3.064,-4.574,5.500
3.042,-4.503,5.500
3.077,-4.516,5.500
3.095,-4.504,5.500
3.112,-4.492,5.500
3.124,-4.471,5.500
3.148,-4.467,5.500
3.171,-4.463,5.500
3.316,-4.629,5.500
3.206,-4.438,5.500
3.217,-4.417,5.500
3.223,-4.388,5.500
3.383,-4.568,5.500
3.269,-4.379,5.500
3.286,-4.366,5.500
3.304,-4.353,5.500
3.460,-4.522,5.500
3.344,-4.335,5.500
3.355,-4.314,5.500
3.513,-4.481,5.500
3.395,-4.295,5.500
3.380,-4.242,5.500
3.422,-4.261,5.500
3.432,-4.239,5.500
3.449,-4.226,5.500
3.478,-4.228,5.500
3.489,-4.206,5.500
3.512,-4.200,5.500
3.606,-4.279,5.500
3.531,-4.157,5.500
3.534,-4.128,5.500
3.564,-4.129,5.500
3.737,-4.296,5.500
3.576,-4.078,5.500
3.612,-4.087,5.500
3.621,-4.065,5.500
3.637,-4.051,5.500
3.821,-4.222,5.500
3.683,-4.037,5.500
3.854,-4.191,5.500
3.742,-4.038,5.500
3.709,-3.971,5.500
3.739,-3.971,5.500
3.899,-4.109,5.500
3.756,-3.927,5.500
3.814,-3.956,5.500
3.801,-3.912,5.500
3.838,-3.919,5.500
3.860,-3.911,5.500
4.029,-4.051,5.500
3.884,-3.874,5.500
3.877,-3.837,5.500
3.885,-3.814,5.500
3.900,-3.799,5.500
3.944,-3.812,5.500
3.922,-3.761,5.500
4.118,-3.918,5.500
3.981,-3.758,5.500
3.981,-3.729,5.500
4.003,-3.720,5.500
4.010,-3.697,5.500
4.025,-3.681,5.500
4.039,-3.666,5.500
4.069,-3.663,5.500
4.068,-3.634,5.500
4.254,-3.770,5.500
4.104,-3.608,5.500
4.118,-3.592,5.500
4.268,-3.694,5.500
4.146,-3.560,5.500
4.160,-3.544,5.500
4.342,-3.669,5.500
4.172,-3.498,5.500
4.194,-3.488,5.500
4.215,-3.478,5.500
4.399,-3.600,5.500
4.250,-3.451,5.500
4.264,-3.434,5.500
4.261,-3.405,5.500
4.275,-3.388,5.500
4.272,-3.358,5.500
4.293,-3.348,5.500
4.339,-3.356,5.500
4.319,-3.314,5.500
4.341,-3.303,5.500
4.378,-3.305,5.500
4.399,-3.293,5.500
4.379,-3.252,5.500
4.392,-3.235,5.500
4.405,-3.217,5.500
4.375,-3.170,5.500
4.471,-3.212,5.500
4.459,-3.177,5.500
4.658,-3.291,5.500
4.475,-3.136,5.500
4.488,-3.118,5.500
4.696,-3.236,5.500
4.701,-3.212,5.500
4.706,-3.188,5.500
4.536,-3.048,5.500
4.539,-3.024,5.500
4.551,-3.006,5.500
4.755,-3.114,5.500
4.776,-3.101,5.500
4.586,-2.952,5.500
4.598,-2.934,5.500
4.609,-2.916,5.500
4.807,-3.015,5.500
4.641,-2.885,5.500
4.644,-2.862,5.500
4.672,-2.854,5.500
4.666,-2.825,5.500
4.686,-2.812,5.500
4.697,-2.794,5.500
4.699,-2.770,5.500
4.710,-2.751,5.500
4.703,-2.723,5.500
4.731,-2.714,5.500
4.742,-2.696,5.500
4.725,-2.662,5.500
4.955,-2.765,5.500
4.782,-2.645,5.500
4.784,-2.621,5.500
4.803,-2.607,5.500
5.006,-2.692,5.500
5.000,-2.663,5.500
4.878,-2.574,5.500
4.807,-2.512,5.500
5.057,-2.617,5.500
4.872,-2.498,5.500
4.854,-2.465,5.500
4.873,-2.450,5.500
4.883,-2.431,5.500
4.920,-2.425,5.500
5.108,-2.493,5.500
5.118,-2.473,5.500
4.911,-2.349,5.500
4.948,-2.343,5.500
4.929,-2.311,5.500
5.165,-2.396,5.500
5.157,-2.368,5.500
4.956,-2.252,5.500
4.993,-2.246,5.500
4.983,-2.218,5.500
4.992,-2.198,5.500
4.972,-2.166,5.500
5.018,-2.163,5.500
5.018,-2.139,5.500
5.237,-2.209,5.500
5.025,-2.096,5.500
5.042,-2.080,5.500
5.032,-2.052,5.500
5.068,-2.044,5.500
5.067,-2.020,5.500
5.065,-1.997,5.500
5.296,-2.064,5.500
5.100,-1.964,5.500
5.079,-1.933,5.500
5.338,-2.008,5.500
5.094,-1.893,5.500
5.111,-1.877,5.500
5.118,-1.856,5.500
5.125,-1.836,5.500
5.123,-1.813,5.500
5.384,-1.882,5.500
5.156,-1.779,5.500
5.173,-1.762,5.500
5.160,-1.735,5.500
5.186,-1.721,5.500
5.411,-1.772,5.500
5.219,-1.687,5.500
5.197,-1.657,5.500
5.431,-1.708,5.500
5.229,-1.622,5.500
5.226,-1.599,5.500
5.222,-1.575,5.500
5.448,-1.620,5.500
5.293,-1.551,5.500
5.201,-1.502,5.500
5.266,-1.499,5.500
5.242,-1.470,5.500
5.268,-1.454,5.500
5.263,-1.431,5.500
5.289,-1.416,5.500
5.430,-1.431,5.500
5.502,-1.427,5.500
5.285,-1.348,5.500
5.291,-1.327,5.500
5.316,-1.311,5.500
5.533,-1.342,5.500
5.276,-1.258,5.500
5.261,-1.232,5.500
5.316,-1.223,5.500
5.310,-1.200,5.500
5.254,-1.166,5.500
5.350,-1.165,5.500
5.324,-1.137,5.500
5.339,-1.119,5.500
5.333,-1.095,5.500
5.357,-1.079,5.500
5.361,-1.057,5.500
5.366,-1.036,5.500
5.360,-1.013,5.500
5.589,-1.034,5.500
5.367,-0.971,5.500
5.361,-0.948,5.500
5.385,-0.931,5.500
5.586,-0.943,5.500
5.402,-0.890,5.500
5.436,-0.874,5.500
5.379,-0.843,5.500
5.432,-0.829,5.500
5.613,-0.834,5.500
5.408,-0.782,5.500
5.381,-0.757,5.500
5.414,-0.740,5.500
5.644,-0.749,5.500
5.657,-0.728,5.500
5.392,-0.672,5.500
5.633,-0.680,5.500
5.428,-0.633,5.500
5.440,-0.613,5.500
5.433,-0.591,5.500
5.425,-0.568,5.500
5.417,-0.546,5.500
5.429,-0.526,5.500
5.679,-0.527,5.500
5.382,-0.478,5.500
5.435,-0.462,5.500
5.447,-0.441,5.500
5.449,-0.420,5.500
5.460,-0.399,5.500
5.671,-0.392,5.500
5.672,-0.370,5.500
5.485,-0.336,5.500
5.446,-0.312,5.500
5.457,-0.291,5.500
5.677,-0.280,5.500
5.428,-0.247,5.500
5.429,-0.225,5.500
5.461,-0.205,5.500
5.451,-0.183,5.500
5.452,-0.162,5.500
5.442,-0.140,5.500
5.453,-0.119,5.500
5.443,-0.098,5.500
5.413,-0.076,5.500
5.464,-0.055,5.500
5.223,-0.032,6.000
5.256,-0.012,6.000
5.516,0.009,6.000
5.330,0.030,6.000
5.277,0.051,6.000
5.515,0.074,6.000
5.265,0.092,6.000
5.286,0.113,6.000
5.222,0.132,6.000
5.285,0.154,6.000
5.533,0.183,6.000
5.273,0.196,6.000
5.251,0.215,6.000
5.250,0.236,6.000
5.271,0.258,6.000
5.508,0.291,6.000
5.258,0.299,6.000
5.267,0.320,6.000
5.223,0.338,6.000
5.265,0.361,6.000
5.231,0.380,6.000
5.262,0.403,6.000
5.281,0.425,6.000
5.226,0.441,6.000
5.246,0.464,6.000
5.255,0.485,6.000
5.490,0.529,6.000
5.478,0.549,6.000
5.248,0.547,6.000
5.214,0.564,6.000
5.255,0.590,6.000
5.242,0.609,6.000
5.250,0.631,6.000
5.258,0.653,6.000
5.181,0.664,6.000
5.488,0.725,6.000
5.250,0.715,6.000
5.236,0.734,6.000
5.202,0.750,6.000
5.230,0.775,6.000
5.392,0.821,6.000
5.379,0.840,6.000
5.210,0.835,6.000
5.207,0.855,6.000
5.204,0.876,6.000
5.137,0.885,6.000
5.176,0.913,6.000
5.130,0.926,6.000
5.303,0.978,6.000
5.112,0.964,6.000
5.182,0.998,6.000
5.083,1.000,6.000
5.079,1.020,6.000
5.053,1.035,6.000
5.092,1.064,6.000
5.056,1.077,6.000
5.300,1.151,6.000
5.068,1.122,6.000
5.064,1.142,6.000
5.038,1.157,6.000
5.055,1.181,6.000
5.316,1.265,6.000
5.056,1.224,6.000
5.030,1.238,6.000
5.014,1.255,6.000
5.266,1.340,6.000
5.015,1.298,6.000
4.989,1.312,6.000
4.962,1.326,6.000
5.010,1.359,6.000
5.219,1.438,6.000
4.999,1.399,6.000
4.983,1.415,6.000
4.967,1.432,6.000
4.961,1.451,6.000
5.209,1.546,6.000
4.970,1.497,6.000
4.975,1.519,6.000
4.948,1.532,6.000
4.952,1.555,6.000
5.008,1.594,6.000
4.940,1.594,6.000
4.923,1.610,6.000
4.927,1.633,6.000
4.921,1.652,6.000
4.914,1.671,6.000
5.128,1.767,6.000
4.972,1.735,6.000
4.833,1.707,6.000
4.888,1.748,6.000
4.850,1.757,6.000
5.102,1.870,6.000
4.877,1.810,6.000
4.859,1.825,6.000
4.862,1.848,6.000
4.855,1.867,6.000
4.838,1.882,6.000
4.830,1.901,6.000
4.813,1.916,6.000
4.825,1.943,6.000
4.807,1.958,6.000
4.780,1.969,6.000
4.822,2.008,6.000
4.784,2.015,6.000
4.746,2.021,6.000
4.758,2.048,6.000
4.760,2.071,6.000
4.752,2.089,6.000
4.984,2.215,6.000
4.655,2.091,6.000
4.727,2.145,6.000
4.718,2.164,6.000
4.640,2.150,6.000
4.622,2.164,6.000
4.603,2.177,6.000
4.555,2.176,6.000
4.847,2.339,6.000
4.577,2.231,6.000
4.578,2.254,6.000
4.560,2.267,6.000
4.590,2.305,6.000
4.772,2.420,6.000
4.533,2.321,6.000
4.553,2.354,6.000
4.514,2.356,6.000
4.505,2.374,6.000
4.486,2.387,6.000
4.486,2.409,6.000
4.486,2.432,6.000
4.457,2.439,6.000
4.684,2.587,6.000
4.448,2.480,6.000
4.636,2.608,6.000
4.635,2.632,6.000
4.418,2.532,6.000
4.370,2.527,6.000
4.398,2.566,6.000
4.602,2.710,6.000
4.378,2.601,6.000
4.349,2.607,6.000
4.348,2.630,6.000
4.356,2.658,6.000
4.355,2.681,6.000
4.317,2.681,6.000
4.315,2.703,6.000
4.323,2.732,6.000
4.521,2.882,6.000
4.292,2.760,6.000
4.309,2.795,6.000
4.233,2.769,6.000
4.250,2.804,6.000
4.455,2.964,6.000
4.210,2.825,6.000
4.226,2.861,6.000
4.251,2.902,6.000
4.213,2.900,6.000
4.192,2.910,6.000
4.144,2.901,6.000
4.160,2.937,6.000
4.176,2.972,6.000
4.339,3.114,6.000
4.335,3.137,6.000
4.041,2.949,6.000
4.030,2.965,6.000
4.081,3.027,6.000
3.997,2.990,6.000
4.003,3.019,6.000
3.983,3.028,6.000
3.953,3.030,6.000
3.968,3.066,6.000
3.893,3.032,6.000
4.158,3.266,6.000
3.913,3.098,6.000
3.910,3.121,6.000
3.907,3.143,6.000
3.885,3.151,6.000
3.890,3.181,6.000
3.869,3.189,6.000
3.839,3.190,6.000
3.827,3.205,6.000
3.840,3.242,6.000
3.793,3.227,6.000
3.797,3.257,6.000
3.750,3.242,6.000
3.754,3.272,6.000
3.750,3.294,6.000
3.669,3.248,6.000
3.682,3.286,6.000
3.835,3.450,6.000
3.613,3.276,6.000
3.626,3.313,6.000
3.613,3.327,6.000
3.583,3.326,6.000
3.586,3.356,6.000
3.565,3.362,6.000
3.731,3.546,6.000
3.547,3.398,6.000
3.550,3.428,6.000
3.512,3.417,6.000
3.498,3.431,6.000
3.509,3.469,6.000
3.438,3.426,6.000
3.655,3.671,6.000
3.468,3.510,6.000
3.430,3.499,6.000
3.581,3.682,6.000
3.426,3.551,6.000
3.381,3.531,6.000
3.375,3.553,6.000
3.353,3.558,6.000
3.530,3.776,6.000
3.348,3.609,6.000
3.349,3.639,6.000
3.289,3.601,6.000
3.282,3.623,6.000
3.389,3.771,6.000
3.269,3.666,6.000
3.169,3.582,6.000
3.163,3.604,6.000
3.157,3.625,6.000
3.150,3.646,6.000
3.136,3.659,6.000
3.121,3.671,6.000
3.262,3.867,6.000
3.077,3.677,6.000
3.078,3.707,6.000
3.041,3.692,6.000
3.034,3.713,6.000
3.004,3.707,6.000
3.019,3.755,6.000
2.990,3.749,6.000
2.982,3.770,6.000
2.989,3.809,6.000
2.953,3.793,6.000
2.938,3.805,6.000
2.923,3.816,6.000
2.908,3.828,6.000
2.893,3.839,6.000
2.878,3.850,6.000
2.869,3.871,6.000
2.847,3.873,6.000
2.811,3.855,6.000
2.817,3.895,6.000
2.808,3.916,6.000
2.813,3.955,6.000
2.798,3.966,6.000
2.762,3.948,6.000
2.726,3.930,6.000
2.724,3.960,6.000
2.722,3.990,6.000
2.693,3.982,6.000
2.690,4.012,6.000
2.655,3.993,6.000
2.646,4.013,6.000
2.636,4.033,6.000
2.614,4.034,6.000
2.598,4.044,6.000
2.582,4.054,6.000
2.560,4.054,6.000
2.684,4.288,6.000
2.522,4.064,6.000
2.500,4.064,6.000
2.496,4.094,6.000
2.486,4.114,6.000
2.464,4.114,6.000
2.448,4.123,6.000
2.571,4.370,6.000
2.456,4.213,6.000
2.411,4.172,6.000
2.519,4.400,6.000
2.372,4.181,6.000
2.350,4.180,6.000
2.467,4.429,6.000
2.455,4.449,6.000
2.312,4.228,6.000
2.295,4.237,6.000
2.273,4.236,6.000
2.251,4.234,6.000
2.239,4.253,6.000
2.266,4.345,6.000
2.206,4.271,6.000
2.189,4.279,6.000
2.286,4.513,6.000
2.155,4.296,6.000
2.144,4.315,6.000
2.158,4.387,6.000
2.215,4.548,6.000
2.093,4.340,6.000
2.050,4.295,6.000
2.128,4.503,6.000
2.036,4.354,6.000
2.014,4.351,6.000
2.007,4.381,6.000
1.970,4.346,6.000
1.977,4.407,6.000
1.946,4.382,6.000
1.980,4.507,6.000
1.930,4.441,6.000
2.007,4.668,6.000
1.927,4.530,6.000
1.859,4.420,6.000
1.855,4.460,6.000
1.829,4.445,6.000
1.820,4.474,6.000
1.925,4.786,6.000
1.811,4.553,6.000
1.759,4.473,6.000
1.771,4.556,6.000
1.719,4.476,6.000
1.723,4.538,6.000
1.773,4.726,6.000
1.671,4.507,6.000
1.689,4.612,6.000
1.663,4.597,6.000
1.736,4.857,6.000
1.596,4.522,6.000
1.578,4.528,6.000
1.560,4.534,6.000
1.550,4.562,6.000
1.562,4.657,6.000
1.492,4.507,6.000
1.571,4.809,6.000
1.474,4.575,6.000
1.456,4.581,6.000
1.480,4.719,6.000
1.413,4.570,6.000
1.399,4.586,6.000
1.411,4.692,6.000
1.363,4.597,6.000
1.419,4.856,6.000
1.327,4.608,6.000
1.312,4.624,6.000
1.319,4.719,6.000
1.266,4.600,6.000
1.257,4.639,6.000
1.263,4.734,6.000
1.282,4.882,6.000
1.229,4.755,6.000
1.210,4.760,6.000
1.171,4.686,6.000
1.200,4.880,6.000
1.199,4.961,6.000
1.174,4.944,6.000
1.082,4.635,6.000
1.108,4.832,6.000
1.058,4.701,6.000
1.042,4.717,6.000
1.038,4.789,6.000
0.988,4.644,6.000
0.982,4.705,6.000
0.963,4.709,6.000
0.979,4.883,6.000
0.975,4.964,6.000
0.912,4.743,6.000
0.889,4.724,6.000
0.916,4.975,6.000
0.854,4.742,6.000
0.827,4.699,6.000
0.813,4.726,6.000
0.794,4.729,6.000
0.779,4.755,6.000
0.759,4.747,6.000
0.740,4.749,6.000
0.721,4.752,6.000
0.708,4.790,6.000
0.684,4.758,6.000
0.664,4.749,6.000
0.678,4.991,6.000
0.625,4.742,6.000
0.609,4.768,6.000
0.592,4.782,6.000
0.600,5.012,6.000
0.554,4.787,6.000
0.538,4.812,6.000
0.518,4.802,6.000
0.498,4.793,6.000
0.479,4.795,6.000
0.459,4.785,6.000
0.437,4.751,6.000
0.420,4.777,6.000
0.401,4.766,6.000
0.383,4.780,6.000
0.365,4.793,6.000
0.348,4.818,6.000
0.334,4.889,6.000
0.325,5.060,6.000
0.290,4.798,6.000
0.271,4.799,6.000
0.253,4.812,6.000
0.233,4.801,6.000
0.212,4.755,6.000
0.196,4.815,6.000
0.186,5.067,6.000
0.157,4.792,6.000
0.139,4.805,6.000
0.119,4.782,6.000
0.101,4.817,6.000
0.082,4.794,6.000
0.066,4.991,6.000
0.047,5.136,6.000
0.027,5.081,6.000
0.006,4.795,6.000
-0.012,4.795,6.000
-0.032,4.877,6.000
-0.050,4.807,6.000
-0.069,4.806,6.000
-0.089,4.841,6.000
-0.106,4.782,6.000
-0.133,5.079,6.000
-0.145,4.805,6.000
-0.163,4.792,6.000
-0.182,4.792,6.000
-0.201,4.791,6.000
-0.220,4.802,6.000
-0.241,4.836,6.000
-0.258,4.812,6.000
-0.291,5.039,6.000
-0.295,4.786,6.000
-0.331,5.048,6.000
-0.333,4.795,6.000
-0.355,4.841,6.000
-0.370,4.781,6.000
-0.390,4.791,6.000
-0.409,4.789,6.000
-0.451,5.050,6.000
-0.440,4.715,6.000
-0.467,4.808,6.000
-0.484,4.782,6.000
-0.500,4.757,6.000
-0.521,4.778,6.000
-0.545,4.823,6.000
-0.589,5.036,6.000
-0.576,4.760,6.000
-0.592,4.735,6.000
-0.614,4.756,6.000
-0.664,4.993,6.000
-0.653,4.762,6.000
-0.673,4.771,6.000
-0.690,4.757,6.000
-0.751,5.037,6.000
-0.727,4.751,6.000
-0.746,4.749,6.000
-0.761,4.722,6.000
-0.781,4.731,6.000
-0.806,4.763,6.000
-0.818,4.725,6.000
-0.883,4.981,6.000
-0.914,5.043,6.000
-0.876,4.726,6.000
-0.897,4.734,6.000
-0.911,4.708,6.000
-0.932,4.716,6.000
-0.948,4.700,6.000
-0.969,4.708,6.000
-1.041,4.962,6.000
-1.003,4.689,6.000
-1.080,4.954,6.000
-1.043,4.692,6.000
-1.064,4.700,6.000
-1.074,4.661,6.000
-1.163,4.958,6.000
-1.114,4.664,6.000
-1.192,4.905,6.000
-1.153,4.666,6.000
-1.174,4.673,6.000
-1.260,4.934,6.000
-1.205,4.641,6.000
-1.226,4.648,6.000
-1.245,4.643,6.000
-1.260,4.627,6.000
-1.351,4.887,6.000
-1.302,4.639,6.000
-1.321,4.634,6.000
-1.332,4.606,6.000
-1.437,4.897,6.000
-1.372,4.607,6.000
-1.390,4.601,6.000
-1.415,4.618,6.000
-1.501,4.831,6.000
-1.437,4.562,6.000
-1.455,4.557,6.000
-1.476,4.562,6.000
-1.498,4.567,6.000
-1.516,4.562,6.000
-1.618,4.805,6.000
-1.563,4.583,6.000
-1.562,4.521,6.000
-1.591,4.548,6.000
-1.597,4.509,6.000
-1.619,4.513,6.000
-1.723,4.745,6.000
-1.667,4.534,6.000
-1.688,4.538,6.000
-1.706,4.531,6.000
-1.707,4.481,6.000
-1.733,4.496,6.000
-1.846,4.734,6.000
-1.760,4.460,6.000
-1.773,4.442,6.000
-1.877,4.649,6.000
-1.799,4.406,6.000
-1.830,4.432,6.000
-1.852,4.436,6.000
-1.832,4.341,6.000
-1.981,4.643,6.000
-1.857,4.304,6.000
-1.888,4.330,6.000
-1.900,4.312,6.000
-1.917,4.304,6.000
-1.934,4.296,6.000
-2.076,4.564,6.000
-1.953,4.248,6.000
-1.985,4.273,6.000
-2.001,4.266,6.000
-2.028,4.279,6.000
-2.035,4.250,6.000
-2.057,4.252,6.000
-2.058,4.212,6.000
-2.085,4.225,6.000
-2.101,4.217,6.000
-2.118,4.209,6.000
-2.251,4.430,6.000
-2.129,4.149,6.000
-2.145,4.141,6.000
-2.178,4.164,6.000
-2.195,4.156,6.000
-2.327,4.364,6.000
-2.233,4.149,6.000
-2.232,4.109,6.000
-2.288,4.173,6.000
-2.282,4.122,6.000
-2.418,4.328,6.000
-2.308,4.094,6.000
-2.330,4.095,6.000
-2.340,4.076,6.000
-2.497,4.309,6.000
-2.378,4.068,6.000
-2.394,4.058,6.000
-2.416,4.059,6.000
-2.426,4.039,6.000
-2.442,4.030,6.000
-2.580,4.220,6.000
-2.499,4.051,6.000
-2.412,3.877,6.000
-2.447,3.898,6.000
-2.615,4.130,6.000
-2.619,4.100,6.000
-2.647,4.110,6.000
-2.593,3.991,6.000
-2.576,3.931,6.000
-2.572,3.890,6.000
-2.546,3.819,6.000
-2.766,4.114,6.000
-2.801,4.131,6.000
-2.811,4.111,6.000
-2.606,3.779,6.000
-2.683,3.858,6.000
-2.705,3.858,6.000
-2.672,3.778,6.000
-2.736,3.836,6.000
-2.921,4.062,6.000
-2.766,3.815,6.000
-2.926,4.002,6.000
-2.817,3.822,6.000
-2.803,3.772,6.000
-2.979,3.976,6.000
-2.840,3.760,6.000
-3.038,3.989,6.000
-2.848,3.709,6.000
-2.869,3.707,6.000
-2.884,3.696,6.000
-2.891,3.675,6.000
-2.928,3.692,6.000
-3.117,3.899,6.000
-2.972,3.687,6.000
-2.964,3.648,6.000
-2.940,3.589,6.000
-3.000,3.633,6.000
-3.014,3.622,6.000
-3.051,3.637,6.000
-3.201,3.785,6.000
-3.057,3.586,6.000
-3.071,3.574,6.000
-3.077,3.553,6.000
-3.099,3.550,6.000
-3.144,3.573,6.000
-3.297,3.717,6.000
-3.140,3.513,6.000
-3.146,3.491,6.000
-3.168,3.488,6.000
-3.181,3.476,6.000
-3.171,3.436,6.000
-3.384,3.639,6.000
-3.214,3.429,6.000
-3.236,3.425,6.000
-3.241,3.404,6.000
-3.262,3.400,6.000
-3.267,3.378,6.000
-3.468,3.558,6.000
-3.302,3.361,6.000
-3.307,3.339,6.000
-3.329,3.335,6.000
-3.367,3.347,6.000
-3.355,3.309,6.000
-3.560,3.483,6.000
-3.573,3.469,6.000
-3.394,3.269,6.000
-3.406,3.255,6.000
-3.488,3.307,6.000
-3.441,3.237,6.000
-3.531,3.296,6.000
-3.457,3.201,6.000
-3.733,3.430,6.000
-3.544,3.230,6.000
-3.495,3.160,6.000
-3.560,3.194,6.000
-3.573,3.180,6.000
-3.612,3.190,6.000
-3.822,3.349,6.000
-3.601,3.130,6.000
-3.631,3.132,6.000
-3.643,3.117,6.000
-3.647,3.095,6.000
-3.870,3.259,6.000
-3.707,3.097,6.000
-3.692,3.060,6.000
-3.695,3.038,6.000
-3.725,3.038,6.000
-3.950,3.196,6.000
-3.730,2.994,6.000
-3.770,3.001,6.000
-3.763,2.972,6.000
-3.793,2.972,6.000
-3.995,3.104,6.000
-3.807,2.934,6.000
-4.045,3.093,6.000
-3.821,2.897,6.000
-3.841,2.889,6.000
-3.843,2.867,6.000
-4.076,3.016,6.000
-3.904,2.865,6.000
-3.877,2.822,6.000
-3.888,2.806,6.000
-3.889,2.784,6.000
-3.891,2.762,6.000
-4.155,2.925,6.000
-3.941,2.752,6.000
-3.952,2.736,6.000
-3.953,2.714,6.000
-3.944,2.685,6.000
-3.994,2.696,6.000
-3.985,2.667,6.000
-3.975,2.638,6.000
-4.006,2.636,6.000
-4.209,2.746,6.000
-4.036,2.611,6.000
-4.066,2.607,6.000
-4.056,2.579,6.000
-4.047,2.550,6.000
-4.300,2.686,6.000
-4.126,2.556,6.000
-4.146,2.545,6.000
-4.086,2.486,6.000
-4.106,2.476,6.000
-4.156,2.484,6.000
-4.125,2.444,6.000
-4.391,2.578,6.000
-4.155,2.418,6.000
-4.174,2.407,6.000
-4.163,2.379,6.000
-4.173,2.363,6.000
-4.402,2.470,6.000
-4.212,2.341,6.000
-4.169,2.296,6.000
-4.209,2.297,6.000
-4.197,2.269,6.000
-4.237,2.269,6.000
-4.439,2.355,6.000
-4.276,2.247,6.000
-4.243,2.208,6.000
-4.252,2.191,6.000
-4.281,2.185,6.000
-4.290,2.169,6.000
-4.330,2.167,6.000
-4.553,2.257,6.000
-4.326,2.123,6.000
-4.570,2.221,6.000
-4.310,2.074,6.000
-4.607,2.194,6.000
-4.337,2.045,6.000
-4.366,2.038,6.000
-4.353,2.011,6.000
-4.641,2.122,6.000
-4.390,1.986,6.000
-4.627,2.072,6.000
-4.384,1.942,6.000
-4.403,1.929,6.000
-4.399,1.907,6.000
-4.439,1.904,6.000
-4.436,1.882,6.000
-4.675,1.962,6.000
-4.461,1.852,6.000
-4.447,1.825,6.000
-4.465,1.812,6.000
-4.705,1.888,6.000
-4.490,1.781,6.000
-4.551,1.785,6.000
-4.558,1.767,6.000
-4.565,1.749,6.000
-4.484,1.698,6.000
-4.800,1.796,6.000
-4.838,1.789,6.000
-4.624,1.689,6.000
-4.631,1.671,6.000
-4.879,1.739,6.000
-4.907,1.727,6.000
-4.672,1.624,6.000
-4.646,1.594,6.000
-4.652,1.576,6.000
-4.861,1.625,6.000
-4.664,1.539,6.000
-4.659,1.517,6.000
-4.632,1.488,6.000
-4.928,1.562,6.000
-4.666,1.459,6.000
-4.940,1.523,6.000
-4.699,1.429,6.000
-4.683,1.404,6.000
-4.677,1.382,6.000
-4.952,1.442,6.000
-4.721,1.355,6.000
-4.964,1.403,6.000
-4.709,1.311,6.000
-4.703,1.290,6.000
-4.742,1.280,6.000
-4.747,1.262,6.000
-4.774,1.249,6.000
-4.745,1.222,6.000
-5.011,1.269,6.000
-4.710,1.173,6.000
-4.759,1.166,6.000
-4.775,1.150,6.000
-4.757,1.125,6.000
-4.795,1.115,6.000
-4.755,1.085,6.000
-4.793,1.074,6.000
-4.752,1.046,6.000
-4.790,1.034,6.000
-4.794,1.015,6.000
-5.040,1.047,6.000
-4.813,0.980,6.000
-4.850,0.968,6.000
-4.809,0.940,6.000
-4.824,0.923,6.000
-4.839,0.906,6.000
-4.854,0.889,6.000
-4.823,0.864,6.000
-4.804,0.841,6.000
-4.841,0.828,6.000
-4.822,0.805,6.000
-4.859,0.792,6.000
-4.839,0.769,6.000
-5.151,0.798,6.000
-5.122,0.773,6.000
-4.859,0.714,6.000
-4.839,0.692,6.000
-4.876,0.677,6.000
-4.856,0.655,6.000
-5.115,0.669,6.000
-5.106,0.648,6.000
-4.863,0.598,6.000
-4.866,0.579,6.000
-4.879,0.561,6.000
-4.904,0.544,6.000
-4.872,0.521,6.000
-4.863,0.501,6.000
-4.888,0.484,6.000
-5.135,0.488,6.000
-4.845,0.441,6.000
-5.128,0.447,6.000
-4.895,0.407,6.000
-5.142,0.407,6.000
-4.886,0.368,6.000
-4.911,0.350,6.000
-4.866,0.328,6.000
-4.902,0.311,6.000
-4.960,0.295,6.000
-4.858,0.270,6.000
-5.140,0.265,6.000
-5.152,0.246,6.000
-4.895,0.214,6.000
-4.908,0.195,6.000
-4.897,0.176,6.000
-5.011,0.160,6.000
-5.123,0.143,6.000
-5.168,0.124,6.000
-4.876,0.098,6.000
-4.945,0.080,6.000
-4.946,0.061,6.000
-5.169,0.043,6.000
-4.900,0.022,6.000
-4.888,0.002,6.000
-5.202,-0.018,6.000
-4.934,-0.036,6.000
-4.911,-0.055,6.000
-4.865,-0.074,6.000
-4.841,-0.093,6.000
-4.852,-0.112,6.000
-5.156,-0.139,6.000
-4.898,-0.152,6.000
-4.897,-0.171,6.000
-5.143,-0.200,6.000
-4.987,-0.213,6.000
-4.883,-0.228,6.000
-4.951,-0.251,6.000
-4.961,-0.271,6.000
-5.182,-0.303,6.000
-4.913,-0.307,6.000
-4.992,-0.331,6.000
-4.990,-0.351,6.000
-5.034,-0.374,6.000
-4.954,-0.388,6.000
-4.997,-0.411,6.000
-4.996,-0.430,6.000
-5.234,-0.472,6.000
-4.969,-0.468,6.000
-4.979,-0.488,6.000
-4.977,-0.508,6.000
-5.008,-0.531,6.000
-5.224,-0.574,6.000
-4.982,-0.568,6.000
-4.980,-0.587,6.000
-4.966,-0.605,6.000
-4.952,-0.623,6.000
-4.950,-0.643,6.000
-5.188,-0.695,6.000
-4.956,-0.683,6.000
-4.953,-0.703,6.000
-4.928,-0.719,6.000
-4.970,-0.745,6.000
-4.933,-0.759,6.000
-4.953,-0.782,6.000
-4.905,-0.795,6.000
-5.174,-0.859,6.000
-4.987,-0.848,6.000
-4.929,-0.858,6.000
-4.925,-0.878,6.000
-4.944,-0.901,6.000
-4.940,-0.920,6.000
-5.173,-0.985,6.000
-4.889,-0.950,6.000
-4.940,-0.981,6.000
-4.903,-0.993,6.000
-4.910,-1.015,6.000
-5.153,-1.086,6.000
-4.902,-1.053,6.000
-4.887,-1.070,6.000
-4.872,-1.087,6.000
-5.166,-1.174,6.000
-4.863,-1.125,6.000
-4.792,-1.129,6.000
-4.854,-1.163,6.000
-4.860,-1.185,6.000
-4.856,-1.204,6.000
-4.884,-1.232,6.000
-5.112,-1.310,6.000
-4.841,-1.261,6.000
-5.070,-1.342,6.000
-4.820,-1.296,6.000
-4.848,-1.324,6.000
-4.821,-1.337,6.000
-4.815,-1.356,6.000
-4.810,-1.375,6.000
-4.815,-1.397,6.000
-5.031,-1.481,6.000
-5.005,-1.495,6.000
-4.788,-1.451,6.000
-4.750,-1.459,6.000
-4.787,-1.492,6.000
-4.760,-1.504,6.000
-4.995,-1.600,6.000
-4.989,-1.619,6.000
-4.742,-1.560,6.000
-4.725,-1.575,6.000
-4.751,-1.604,6.000
-4.973,-1.701,6.000
-4.716,-1.634,6.000
-4.731,-1.660,6.000
-4.714,-1.675,6.000
-4.686,-1.686,6.000
-4.722,-1.719,6.000
-4.931,-1.818,6.000
-4.677,-1.745,6.000
-4.659,-1.759,6.000
-4.919,-1.879,6.000
-4.708,-1.820,6.000
-4.895,-1.914,6.000
-4.652,-1.840,6.000
-4.634,-1.854,6.000
-4.862,-1.968,6.000
-4.630,-1.895,6.000
-4.876,-2.018,6.000
-4.615,-1.931,6.000
-4.830,-2.044,6.000
-4.631,-1.981,6.000
-4.581,-1.981,6.000
-4.635,-2.026,6.000
-4.566,-2.017,6.000
-4.640,-2.072,6.000
-4.672,-2.108,6.000
-4.643,-2.117,6.000
-4.841,-2.230,6.000
-4.627,-2.154,6.000
-4.608,-2.167,6.000
-4.580,-2.176,6.000
-4.591,-2.203,6.000
-4.815,-2.334,6.000
-4.493,-2.200,6.000
-4.565,-2.257,6.000
-4.566,-2.280,6.000
-4.547,-2.293,6.000
-4.538,-2.311,6.000
-4.529,-2.329,6.000
-4.500,-2.336,6.000
-4.510,-2.364,6.000
-4.720,-2.498,6.000
-4.491,-2.399,6.000
-4.719,-2.545,6.000
-4.472,-2.435,6.000
-4.463,-2.452,6.000
-4.444,-2.464,6.000
-4.453,-2.493,6.000
-4.414,-2.494,6.000
-4.648,-2.650,6.000
-4.404,-2.534,6.000
-4.423,-2.568,6.000
-4.403,-2.580,6.000
-4.355,-2.574,6.000
-4.587,-2.736,6.000
-4.373,-2.631,6.000
-4.362,-2.649,6.000
-4.342,-2.660,6.000
-4.341,-2.683,6.000
-4.331,-2.700,6.000
-4.503,-2.832,6.000
-4.300,-2.728,6.000
-4.299,-2.751,6.000
-4.278,-2.761,6.000
-4.277,-2.784,6.000
-4.284,-2.813,6.000
-4.461,-2.955,6.000
-4.235,-2.828,6.000
-4.420,-2.978,6.000
-4.203,-2.855,6.000
-4.201,-2.878,6.000
-4.385,-3.030,6.000
-4.178,-2.911,6.000
-4.370,-3.070,6.000
-4.164,-2.950,6.000
-4.162,-2.973,6.000
-4.078,-2.937,6.000
-4.111,-2.986,6.000
-4.117,-3.015,6.000
-4.288,-3.166,6.000
-4.129,-3.074,6.000
-4.055,-3.044,6.000
-4.069,-3.080,6.000
-4.254,-3.246,6.000
-4.001,-3.078,6.000
-4.212,-3.266,6.000
-3.985,-3.116,6.000
-3.999,-3.152,6.000
-3.996,-3.175,6.000
-4.185,-3.352,6.000
-3.962,-3.199,6.000
-3.949,-3.215,6.000
-3.937,-3.230,6.000
-3.915,-3.238,6.000
-4.102,-3.420,6.000
-4.104,-3.449,6.000
-4.075,-3.452,6.000
-3.856,-3.292,6.000
-3.868,-3.329,6.000
-3.846,-3.337,6.000
-3.988,-3.488,6.000
-3.820,-3.367,6.000
-3.807,-3.382,6.000
-3.785,-3.390,6.000
-3.780,-3.412,6.000
-3.775,-3.434,6.000
-3.928,-3.602,6.000
-3.748,-3.464,6.000
-3.726,-3.471,6.000
-3.720,-3.493,6.000
-3.699,-3.500,6.000
-3.669,-3.499,6.000
-3.671,-3.529,6.000
-3.665,-3.551,6.000
-3.643,-3.558,6.000
-3.799,-3.739,6.000
-3.615,-3.586,6.000
-3.601,-3.601,6.000
-3.602,-3.630,6.000
-3.565,-3.621,6.000
-3.574,-3.659,6.000
-3.575,-3.688,6.000
-3.745,-3.895,6.000
-3.523,-3.692,6.000
-3.501,-3.698,6.000
-3.486,-3.712,6.000
-3.464,-3.717,6.000
-3.457,-3.739,6.000
-3.464,-3.777,6.000
-3.427,-3.766,6.000
-3.412,-3.780,6.000
-3.398,-3.793,6.000
-3.383,-3.806,6.000
-3.375,-3.828,6.000
-3.353,-3.833,6.000
-3.479,-4.010,6.000
-3.315,-3.851,6.000
-3.343,-3.914,6.000
-3.299,-3.893,6.000
-3.277,-3.898,6.000
-3.247,-3.894,6.000
-3.377,-4.082,6.000
-3.238,-3.945,6.000
-3.222,-3.958,6.000
-3.206,-3.970,6.000
-3.191,-3.983,6.000
-3.323,-4.181,6.000
-3.159,-4.008,6.000
-3.144,-4.020,6.000
-3.128,-4.032,6.000
-3.098,-4.027,6.000
-3.096,-4.057,6.000
-3.217,-4.250,6.000
-3.064,-4.081,6.000
-3.041,-4.084,6.000
-3.019,-4.087,6.000
-3.022,-4.126,6.000
-3.145,-4.329,6.000
-2.970,-4.122,6.000
-2.967,-4.152,6.000
-2.938,-4.146,6.000
-2.947,-4.193,6.000
-2.987,-4.285,6.000
-3.054,-4.419,6.000
-2.891,-4.219,6.000
-2.862,-4.212,6.000
-2.833,-4.205,6.000
-2.990,-4.475,6.000
-2.824,-4.264,6.000
-2.938,-4.472,6.000
-2.779,-4.267,6.000
-2.762,-4.278,6.000
-2.739,-4.280,6.000
-2.734,-4.309,6.000
-2.752,-4.375,6.000
-2.724,-4.368,6.000
-2.724,-4.406,6.000
-2.701,-4.408,6.000
-2.810,-4.627,6.000
-2.808,-4.664,6.000
-2.654,-4.448,6.000
-2.642,-4.468,6.000
-2.624,-4.479,6.000
-2.601,-4.479,6.000
-2.589,-4.499,6.000
-2.697,-4.729,6.000
-2.516,-4.453,6.000
-2.660,-4.750,6.000
-2.513,-4.530,6.000
-2.500,-4.549,6.000
-2.482,-4.559,6.000
-2.480,-4.597,6.000
-2.441,-4.569,6.000
-2.542,-4.803,6.000
-2.416,-4.607,6.000
-2.392,-4.607,6.000
-2.374,-4.616,6.000
-2.466,-4.842,6.000
-2.338,-4.635,6.000
-2.320,-4.644,6.000
-2.311,-4.672,6.000
-2.274,-4.642,6.000
-2.366,-4.880,6.000
-2.242,-4.670,6.000
-2.228,-4.688,6.000
-2.210,-4.697,6.000
-2.205,-4.735,6.000
-2.154,-4.675,6.000
-2.276,-4.991,6.000
-2.131,-4.721,6.000
-2.117,-4.740,6.000
-2.085,-4.718,6.000
-2.075,-4.746,6.000
-2.069,-4.784,6.000
-2.042,-4.772,6.000
-2.023,-4.780,6.000
-1.992,-4.758,6.000
-1.973,-4.766,6.000
-1.963,-4.794,6.000
-2.035,-5.027,6.000
-1.921,-4.799,6.000
-1.906,-4.817,6.000
-1.891,-4.834,6.000
-1.868,-4.831,6.000
-1.853,-4.849,6.000
-1.830,-4.846,6.000
-1.811,-4.853,6.000
-1.800,-4.881,6.000
-1.773,-4.867,6.000
-1.757,-4.884,6.000
-1.742,-4.901,6.000
-1.796,-5.118,6.000
-1.696,-4.894,6.000
-1.684,-4.922,6.000
-1.665,-4.928,6.000
-1.642,-4.924,6.000
-1.623,-4.931,6.000
-1.610,-4.958,6.000
-1.580,-4.933,6.000
-1.561,-4.939,6.000
-1.532,-4.914,6.000
-1.525,-4.962,6.000
-1.509,-4.978,6.000
-1.568,-5.246,6.000
-1.467,-4.979,6.000
-1.435,-4.943,6.000
-1.492,-5.215,6.000
-1.411,-5.007,6.000
-1.388,-5.002,6.000
-1.369,-5.007,6.000
-1.346,-5.002,6.000
-1.324,-4.997,6.000
-1.358,-5.208,6.000
-1.290,-5.028,6.000
-1.273,-5.044,6.000
-1.250,-5.038,6.000
-1.251,-5.127,6.000
-1.262,-5.264,6.000
-1.191,-5.052,6.000
-1.230,-5.314,6.000
-1.151,-5.062,6.000
-1.131,-5.066,6.000
-1.107,-5.049,6.000
-1.094,-5.085,6.000
-1.119,-5.307,6.000
-1.047,-5.062,6.000
-1.036,-5.109,6.000
-1.036,-5.217,6.000
-1.040,-5.344,6.000
-0.989,-5.194,6.000
-1.011,-5.422,6.000
-0.935,-5.128,6.000
-0.924,-5.184,6.000
-0.895,-5.135,6.000
-0.878,-5.160,6.000
-0.853,-5.131,6.000
-0.829,-5.113,6.000
-0.866,-5.478,6.000
-0.805,-5.226,6.000
-0.820,-5.464,6.000
-0.763,-5.222,6.000
-0.744,-5.235,6.000
-0.714,-5.174,6.000
-0.702,-5.241,6.000
-0.679,-5.222,6.000
-0.660,-5.235,6.000
-0.641,-5.249,6.000
-0.619,-5.241,6.000
-0.599,-5.253,6.000
-0.576,-5.235,6.000
-0.583,-5.495,6.000
-0.559,-5.477,6.000
-0.516,-5.252,6.000
-0.516,-5.481,6.000
-0.477,-5.287,6.000
-0.454,-5.257,6.000
-0.433,-5.259,6.000
-0.412,-5.261,6.000
-0.391,-5.252,6.000
-0.372,-5.274,6.000
-0.355,-5.329,6.000
-0.339,-5.423,6.000
-0.322,-5.486,6.000
-0.289,-5.280,6.000
-0.267,-5.259,6.000
-0.246,-5.260,6.000
-0.227,-5.293,6.000
-0.205,-5.273,6.000
-0.184,-5.263,6.000
-0.164,-5.264,6.000
-0.145,-5.338,6.000
-0.122,-5.275,6.000
-0.107,-5.545,6.000
-0.080,-5.223,6.000
-0.060,-5.287,6.000
-0.040,-5.277,6.000
-0.019,-5.288,6.000
0.002,-5.516,6.000
0.023,-5.256,6.000
0.045,-5.525,6.000
0.064,-5.287,6.000
0.085,-5.276,6.000
0.106,-5.286,6.000
0.126,-5.275,6.000
0.154,-5.523,6.000
0.168,-5.295,6.000
0.197,-5.522,6.000
0.209,-5.273,6.000
0.231,-5.293,6.000
0.262,-5.509,6.000
0.272,-5.281,6.000
0.291,-5.258,6.000
0.313,-5.268,6.000
0.334,-5.277,6.000
0.370,-5.503,6.000
0.376,-5.274,6.000
0.397,-5.283,6.000
0.435,-5.498,6.000
0.436,-5.248,6.000
0.457,-5.257,6.000
0.481,-5.287,6.000
0.500,-5.264,6.000
0.523,-5.283,6.000
0.564,-5.487,6.000
0.562,-5.258,6.000
0.584,-5.266,6.000
0.604,-5.264,6.000
0.624,-5.251,6.000
0.643,-5.238,6.000
0.695,-5.482,6.000
0.684,-5.232,6.000
0.738,-5.476,6.000
0.719,-5.184,6.000
0.746,-5.224,6.000
0.768,-5.231,6.000
0.787,-5.218,6.000
0.844,-5.451,6.000
0.828,-5.212,6.000
0.850,-5.219,6.000
0.906,-5.430,6.000
0.900,-5.264,6.000
0.908,-5.187,6.000
0.936,-5.226,6.000
0.949,-5.180,6.000
1.017,-5.431,6.000
1.042,-5.447,6.000
1.012,-5.179,6.000
1.032,-5.175,6.000
1.054,-5.181,6.000
1.079,-5.198,6.000
1.146,-5.416,6.000
1.159,-5.372,6.000
1.136,-5.164,6.000
1.161,-5.180,6.000
1.174,-5.145,6.000
1.194,-5.140,6.000
1.209,-5.115,6.000
1.293,-5.372,6.000
1.260,-5.146,6.000
1.277,-5.131,6.000
1.295,-5.116,6.000
1.312,-5.100,6.000
1.400,-5.356,6.000
1.350,-5.079,6.000
1.369,-5.074,6.000
1.389,-5.069,6.000
1.424,-5.114,6.000
1.489,-5.269,6.000
1.458,-5.083,6.000
1.460,-5.015,6.000
1.510,-5.112,6.000
1.606,-5.360,6.000
1.538,-5.059,6.000
1.564,-5.073,6.000
1.602,-5.127,6.000
1.690,-5.334,6.000
1.601,-4.983,6.000
1.643,-5.048,6.000
1.686,-5.111,6.000
1.748,-5.231,6.000
1.723,-5.088,6.000
1.743,-5.081,6.000
1.770,-5.094,6.000
1.783,-5.067,6.000
1.881,-5.281,6.000
1.822,-5.053,6.000
1.922,-5.266,6.000
1.862,-5.039,6.000
1.882,-5.031,6.000
1.902,-5.024,6.000
1.918,-5.007,6.000
2.026,-5.227,6.000
1.949,-4.972,6.000
2.063,-5.202,6.000
2.000,-4.986,6.000
2.027,-4.997,6.000
2.132,-5.195,6.000
2.055,-4.952,6.000
2.078,-4.954,6.000
2.200,-5.188,6.000
2.117,-4.937,6.000
2.103,-4.851,6.000
2.253,-5.143,6.000
2.270,-5.126,6.000
2.190,-4.894,6.000
2.298,-5.080,6.000
2.237,-4.895,6.000
2.354,-5.098,6.000
2.267,-4.859,6.000
2.295,-4.869,6.000
2.410,-5.061,6.000
2.315,-4.813,6.000
2.449,-5.042,6.000
2.366,-4.823,6.000
2.390,-4.823,6.000
2.399,-4.794,6.000
2.423,-4.794,6.000
2.557,-5.011,6.000
2.572,-4.992,6.000
2.479,-4.765,6.000
2.478,-4.719,6.000
2.507,-4.727,6.000
2.540,-4.745,6.000
2.665,-4.932,6.000
2.684,-4.921,6.000
2.586,-4.697,6.000
2.604,-4.686,6.000
2.742,-4.889,6.000
2.641,-4.666,6.000
2.776,-4.859,6.000
2.688,-4.663,6.000
2.706,-4.652,6.000
2.719,-4.633,6.000
2.847,-4.806,6.000
2.756,-4.611,6.000
2.779,-4.609,6.000
2.918,-4.798,6.000
2.788,-4.543,6.000
2.822,-4.558,6.000
2.857,-4.574,6.000
2.858,-4.536,6.000
3.001,-4.723,6.000
2.899,-4.522,6.000
3.049,-4.715,6.000
2.935,-4.499,6.000
2.941,-4.470,6.000
3.099,-4.671,6.000
2.976,-4.447,6.000
3.130,-4.638,6.000
3.148,-4.626,6.000
3.058,-4.455,6.000
3.063,-4.425,6.000
3.075,-4.405,6.000
3.092,-4.393,6.000
3.210,-4.522,6.000
3.162,-4.419,6.000
3.131,-4.339,6.000
3.167,-4.352,6.000
3.178,-4.331,6.000
3.188,-4.310,6.000
3.205,-4.298,6.000
3.375,-4.488,6.000
3.245,-4.281,6.000
3.262,-4.268,6.000
3.342,-4.337,6.000
3.295,-4.242,6.000
3.325,-4.246,6.000
3.329,-4.216,6.000
3.378,-4.244,6.000
3.349,-4.174,6.000
3.398,-4.201,6.000
3.388,-4.155,6.000
3.411,-4.150,6.000
3.576,-4.317,6.000
3.437,-4.115,6.000
3.446,-4.093,6.000
3.614,-4.259,6.000
3.499,-4.090,6.000
3.515,-4.076,6.000
3.496,-4.023,6.000
3.540,-4.041,6.000
3.704,-4.195,6.000
3.578,-4.021,6.000
3.587,-3.999,6.000
3.603,-3.985,6.000
3.618,-3.970,6.000
3.785,-4.121,6.000
3.649,-3.942,6.000
3.804,-4.077,6.000
3.687,-3.921,6.000
3.652,-3.853,6.000
3.696,-3.869,6.000
3.733,-3.877,6.000
3.756,-3.870,6.000
3.749,-3.832,6.000
3.764,-3.818,6.000
3.786,-3.810,6.000
3.816,-3.810,6.000
3.846,-3.810,6.000
3.839,-3.773,6.000
3.861,-3.765,6.000
3.861,-3.735,6.000
4.051,-3.889,6.000
3.897,-3.712,6.000
3.882,-3.668,6.000
3.904,-3.660,6.000
3.933,-3.659,6.000
4.134,-3.815,6.000
3.977,-3.642,6.000
4.142,-3.763,6.000
3.982,-3.589,6.000
4.004,-3.581,6.000
4.026,-3.572,6.000
4.032,-3.549,6.000
4.207,-3.674,6.000
4.084,-3.538,6.000
4.082,-3.508,6.000
4.088,-3.485,6.000
4.133,-3.496,6.000
4.067,-3.413,6.000
4.293,-3.574,6.000
4.118,-3.401,6.000
4.115,-3.371,6.000
4.209,-3.421,6.000
4.133,-3.332,6.000
4.195,-3.355,6.000
4.134,-3.280,6.000
4.230,-3.328,6.000
4.450,-3.474,6.000
4.280,-3.314,6.000
4.260,-3.272,6.000
4.281,-3.262,6.000
4.286,-3.238,6.000
4.315,-3.234,6.000
4.491,-3.338,6.000
4.332,-3.194,6.000
4.353,-3.183,6.000
4.357,-3.160,6.000
4.361,-3.137,6.000
4.399,-3.137,6.000
4.584,-3.243,6.000
4.389,-3.079,6.000
4.393,-3.056,6.000
4.413,-3.044,6.000
4.347,-2.973,6.000
4.672,-3.169,6.000
4.518,-3.038,6.000
4.580,-3.055,6.000
4.507,-2.980,6.000
4.492,-2.945,6.000
4.504,-2.927,6.000
4.550,-2.932,6.000
4.527,-2.892,6.000
4.458,-2.823,6.000
4.469,-2.806,6.000
4.561,-2.838,6.000
4.762,-2.938,6.000
4.601,-2.813,6.000
4.603,-2.790,6.000
4.805,-2.887,6.000
4.516,-2.689,6.000
4.626,-2.730,6.000
4.564,-2.669,6.000
4.684,-2.715,6.000
4.640,-2.665,6.000
4.595,-2.615,6.000
4.559,-2.571,6.000
4.902,-2.739,6.000
4.607,-2.551,6.000
4.710,-2.583,6.000
4.711,-2.560,6.000
4.646,-2.501,6.000
4.946,-2.638,6.000
4.750,-2.509,6.000
4.676,-2.446,6.000
4.713,-2.443,6.000
4.751,-2.439,6.000
4.779,-2.429,6.000
4.713,-2.373,6.000
4.751,-2.368,6.000
5.044,-2.490,6.000
4.836,-2.363,6.000
4.817,-2.330,6.000
4.863,-2.330,6.000
4.910,-2.328,6.000
4.844,-2.274,6.000
5.066,-2.353,6.000
4.804,-2.209,6.000
4.832,-2.199,6.000
4.889,-2.201,6.000
4.907,-2.186,6.000
4.819,-2.125,6.000
4.924,-2.148,6.000
4.845,-2.091,6.000
4.940,-2.109,6.000
4.920,-2.077,6.000
4.889,-2.042,6.000
5.163,-2.132,6.000
4.905,-2.003,6.000
5.039,-2.035,6.000
4.998,-1.996,6.000
4.838,-1.910,6.000
5.231,-2.041,6.000
5.002,-1.929,6.000
5.019,-1.913,6.000
5.161,-1.944,6.000
5.034,-1.874,6.000
5.022,-1.847,6.000
4.980,-1.809,6.000
4.967,-1.782,6.000
5.199,-1.843,6.000
4.981,-1.743,6.000
5.067,-1.751,6.000
5.104,-1.741,6.000
5.011,-1.688,6.000
5.234,-1.740,6.000
5.004,-1.642,6.000
5.130,-1.661,6.000
5.215,-1.666,6.000
5.033,-1.586,6.000
5.049,-1.569,6.000
5.045,-1.546,6.000
5.061,-1.530,6.000
5.286,-1.575,6.000
5.053,-1.484,6.000
5.079,-1.470,6.000
5.075,-1.447,6.000
5.101,-1.433,6.000
5.117,-1.415,6.000
5.203,-1.417,6.000
5.107,-1.370,6.000
5.303,-1.400,6.000
5.118,-1.330,6.000
5.133,-1.312,6.000
5.128,-1.289,6.000
5.123,-1.267,6.000
5.310,-1.291,6.000
5.143,-1.229,6.000
5.158,-1.211,6.000
5.132,-1.183,6.000
5.115,-1.159,6.000
5.203,-1.157,6.000
5.145,-1.123,6.000
5.160,-1.105,6.000
5.164,-1.085,6.000
5.158,-1.062,6.000
5.173,-1.044,6.000
5.177,-1.024,6.000
5.191,-1.005,6.000
5.419,-1.027,6.000
5.199,-0.965,6.000
5.203,-0.944,6.000
5.206,-0.924,6.000
5.199,-0.901,6.000
5.192,-0.879,6.000
5.381,-0.889,6.000
5.210,-0.840,6.000
5.459,-0.858,6.000
5.237,-0.802,6.000
5.209,-0.777,6.000
5.201,-0.755,6.000
5.204,-0.735,6.000
5.474,-0.751,6.000
5.252,-0.699,6.000
5.212,-0.673,6.000
5.215,-0.653,6.000
5.249,-0.636,6.000
5.230,-0.613,6.000
5.233,-0.592,6.000
5.246,-0.573,6.000
5.248,-0.552,6.000
5.250,-0.532,6.000
5.241,-0.510,6.000
5.492,-0.513,6.000
5.267,-0.471,6.000
5.496,-0.469,6.000
5.249,-0.428,6.000
5.229,-0.405,6.000
5.273,-0.388,6.000
5.254,-0.366,6.000
5.504,-0.361,6.000
5.267,-0.325,6.000
5.516,-0.319,6.000
5.312,-0.286,6.000
5.281,-0.264,6.000
5.271,-0.242,6.000
5.511,-0.232,6.000
5.284,-0.201,6.000
5.284,-0.180,6.000
5.264,-0.159,6.000
5.254,-0.138,6.000
5.286,-0.118,6.000
5.287,-0.097,6.000
5.319,-0.077,6.000
5.298,-0.056,6.000
5.287,-0.035,6.000
5.025,-0.014,6.500
5.103,0.006,6.500
5.125,0.026,6.500
5.340,0.048,6.500
5.114,0.067,6.500
5.091,0.086,6.500
5.102,0.106,6.500
5.091,0.126,6.500
5.101,0.147,6.500
5.348,0.175,6.500
5.044,0.185,6.500
5.251,0.213,6.500
5.087,0.226,6.500
5.097,0.247,6.500
5.096,0.267,6.500
5.226,0.294,6.500
5.050,0.304,6.500
5.126,0.329,6.500
5.025,0.342,6.500
5.068,0.365,6.500
5.100,0.388,6.500
5.334,0.427,6.500
5.074,0.426,6.500
5.235,0.460,6.500
5.071,0.466,6.500
5.091,0.488,6.500
5.012,0.500,6.500
5.087,0.528,6.500
4.974,0.536,6.500
4.961,0.554,6.500
5.069,0.586,6.500
4.967,0.594,6.500
5.054,0.625,6.500
5.203,0.664,6.500
4.960,0.653,6.500
4.935,0.669,6.500
4.943,0.690,6.500
4.952,0.711,6.500
4.927,0.727,6.500
4.968,0.754,6.500
5.193,0.809,6.500
4.929,0.787,6.500
4.926,0.807,6.500
4.934,0.828,6.500
4.897,0.841,6.500
5.134,0.903,6.500
4.913,0.884,6.500
5.179,0.953,6.500
4.928,0.927,6.500
5.151,0.990,6.500
4.931,0.968,6.500
4.894,0.980,6.500
5.160,1.055,6.500
4.897,1.021,6.500
4.904,1.043,6.500
4.911,1.064,6.500
4.896,1.081,6.500
4.881,1.098,6.500
5.144,1.178,6.500
4.883,1.139,6.500
4.868,1.155,6.500
4.852,1.172,6.500
4.891,1.202,6.500
4.854,1.213,6.500
4.827,1.226,6.500
4.833,1.248,6.500
5.094,1.337,6.500
4.834,1.289,6.500
4.818,1.305,6.500
4.824,1.327,6.500
4.807,1.343,6.500
4.824,1.368,6.500
4.808,1.383,6.500
4.802,1.402,6.500
4.977,1.475,6.500
5.084,1.528,6.500
4.698,1.432,6.500
4.790,1.481,6.500
5.035,1.578,6.500
4.916,1.562,6.500
4.642,1.495,6.500
4.766,1.556,6.500
4.663,1.543,6.500
4.646,1.557,6.500
4.874,1.655,6.500
4.857,1.671,6.500
4.627,1.612,6.500
4.675,1.649,6.500
4.614,1.648,6.500
4.640,1.678,6.500
4.612,1.688,6.500
4.595,1.702,6.500
4.599,1.725,6.500
4.812,1.826,6.500
4.542,1.744,6.500
4.557,1.770,6.500
4.560,1.792,6.500
4.553,1.810,6.500
4.568,1.837,6.500
4.539,1.846,6.500
4.585,1.886,6.500
4.535,1.886,6.500
4.755,2.000,6.500
4.520,1.922,6.500
4.749,2.041,6.500
4.515,1.962,6.500
4.753,2.087,6.500
4.479,1.988,6.500
4.471,2.005,6.500
4.484,2.032,6.500
4.444,2.036,6.500
4.468,2.068,6.500
4.683,2.189,6.500
4.664,2.203,6.500
4.422,2.110,6.500
4.647,2.240,6.500
4.395,2.140,6.500
4.407,2.167,6.500
4.639,2.304,6.500
4.401,2.207,6.500
4.602,2.331,6.500
4.259,2.178,6.500
4.574,2.362,6.500
4.355,2.271,6.500
4.565,2.403,6.500
4.337,2.305,6.500
4.236,2.272,6.500
4.449,2.409,6.500
4.197,2.294,6.500
4.390,2.422,6.500
4.179,2.327,6.500
4.449,2.500,6.500
4.150,2.354,6.500
4.172,2.388,6.500
4.400,2.541,6.500
4.143,2.415,6.500
4.092,2.407,6.500
4.389,2.604,6.500
4.134,2.475,6.500
4.104,2.479,6.500
4.329,2.639,6.500
4.115,2.530,6.500
4.299,2.667,6.500
4.065,2.544,6.500
4.075,2.572,6.500
4.286,2.729,6.500
4.064,2.610,6.500
4.064,2.633,6.500
4.043,2.642,6.500
4.013,2.645,6.500
4.213,2.801,6.500
4.031,2.703,6.500
4.200,2.840,6.500
3.923,2.675,6.500
3.853,2.649,6.500
3.882,2.692,6.500
3.861,2.700,6.500
3.831,2.701,6.500
3.820,2.716,6.500
3.839,2.752,6.500
3.818,2.760,6.500
3.856,2.811,6.500
4.013,2.949,6.500
3.786,2.805,6.500
3.990,2.981,6.500
3.773,2.842,6.500
3.743,2.842,6.500
3.741,2.864,6.500
3.730,2.879,6.500
3.709,2.886,6.500
3.909,3.067,6.500
3.677,2.908,6.500
3.684,2.937,6.500
3.663,2.944,6.500
3.689,2.989,6.500
3.658,2.988,6.500
3.572,2.941,6.500
3.626,3.009,6.500
3.948,3.303,6.500
3.611,3.045,6.500
3.820,3.247,6.500
3.712,3.181,6.500
3.511,3.032,6.500
3.661,3.187,6.500
3.469,3.044,6.500
3.457,3.057,6.500
3.436,3.063,6.500
3.414,3.068,6.500
3.402,3.082,6.500
3.390,3.095,6.500
3.423,3.150,6.500
3.428,3.179,6.500
3.371,3.151,6.500
3.558,3.352,6.500
3.545,3.366,6.500
3.316,3.174,6.500
3.476,3.354,6.500
3.291,3.200,6.500
3.322,3.256,6.500
3.301,3.260,6.500
3.465,3.449,6.500
3.258,3.269,6.500
3.236,3.273,6.500
3.206,3.268,6.500
3.253,3.342,6.500
3.085,3.194,6.500
3.125,3.261,6.500
3.086,3.246,6.500
3.133,3.321,6.500
3.060,3.270,6.500
3.056,3.291,6.500
3.060,3.321,6.500
2.996,3.278,6.500
3.000,3.308,6.500
3.183,3.538,6.500
2.991,3.350,6.500
2.977,3.362,6.500
2.964,3.374,6.500
3.158,3.623,6.500
2.946,3.406,6.500
2.916,3.399,6.500
2.903,3.410,6.500
3.063,3.627,6.500
2.908,3.471,6.500
2.981,3.587,6.500
2.857,3.465,6.500
2.875,3.515,6.500
2.814,3.468,6.500
2.784,3.459,6.500
2.802,3.510,6.500
2.757,3.481,6.500
2.735,3.482,6.500
2.768,3.552,6.500
2.754,3.563,6.500
2.732,3.564,6.500
2.718,3.575,6.500
2.697,3.575,6.500
2.683,3.586,6.500
2.631,3.546,6.500
2.662,3.617,6.500
2.655,3.638,6.500
2.626,3.628,6.500
2.619,3.648,6.500
2.619,3.679,6.500
2.773,3.927,6.500
2.583,3.689,6.500
2.715,3.909,6.500
2.706,3.930,6.500
2.511,3.678,6.500
2.662,3.931,6.500
2.496,3.718,6.500
2.502,3.759,6.500
2.474,3.748,6.500
2.452,3.747,6.500
2.437,3.757,6.500
2.443,3.798,6.500
2.415,3.787,6.500
2.400,3.796,6.500
2.385,3.806,6.500
2.363,3.804,6.500
2.328,3.781,6.500
2.313,3.790,6.500
2.318,3.832,6.500
2.310,3.852,6.500
2.444,4.112,6.500
2.279,3.870,6.500
2.264,3.879,6.500
2.249,3.887,6.500
2.227,3.885,6.500
2.212,3.894,6.500
2.209,3.925,6.500
2.187,3.922,6.500
2.178,3.942,6.500
2.156,3.939,6.500
2.141,3.948,6.500
2.119,3.945,6.500
2.127,3.998,6.500
2.094,3.973,6.500
2.079,3.981,6.500
2.063,3.989,6.500
2.047,3.997,6.500
2.153,4.245,6.500
2.016,4.013,6.500
2.120,4.261,6.500
1.995,4.051,6.500
1.990,4.082,6.500
1.952,4.044,6.500
1.920,4.018,6.500
1.984,4.194,6.500
1.899,4.056,6.500
1.883,4.063,6.500
1.873,4.082,6.500
1.851,4.078,6.500
1.820,4.051,6.500
1.929,4.338,6.500
1.803,4.099,6.500
1.782,4.095,6.500
1.877,4.361,6.500
1.760,4.132,6.500
1.739,4.127,6.500
1.713,4.111,6.500
1.706,4.141,6.500
1.695,4.159,6.500
1.664,4.131,6.500
1.662,4.172,6.500
1.608,4.084,6.500
1.629,4.185,6.500
1.613,4.192,6.500
1.596,4.198,6.500
1.691,4.500,6.500
1.550,4.175,6.500
1.585,4.321,6.500
1.500,4.139,6.500
1.513,4.228,6.500
1.530,4.328,6.500
1.463,4.193,6.500
1.496,4.340,6.500
1.443,4.240,6.500
1.469,4.375,6.500
1.417,4.275,6.500
1.396,4.268,6.500
1.380,4.274,6.500
1.363,4.279,6.500
1.353,4.308,6.500
1.333,4.302,6.500
1.305,4.271,6.500
1.345,4.465,6.500
1.271,4.281,6.500
1.269,4.334,6.500
1.352,4.686,6.500
1.251,4.404,6.500
1.244,4.444,6.500
1.207,4.378,6.500
1.206,4.442,6.500
1.192,4.458,6.500
1.241,4.716,6.500
1.153,4.456,6.500
1.133,4.448,6.500
1.115,4.453,6.500
1.098,4.457,6.500
1.083,4.473,6.500
1.066,4.478,6.500
1.056,4.517,6.500
1.030,4.486,6.500
1.016,4.502,6.500
1.055,4.761,6.500
0.978,4.498,6.500
1.022,4.792,6.500
0.937,4.481,6.500
0.980,4.777,6.500
0.965,4.804,6.500
0.891,4.528,6.500
0.923,4.789,6.500
0.856,4.535,6.500
0.838,4.538,6.500
0.816,4.517,6.500
0.809,4.581,6.500
0.782,4.536,6.500
0.764,4.539,6.500
0.793,4.824,6.500
0.737,4.593,6.500
0.705,4.511,6.500
0.697,4.574,6.500
0.715,4.824,6.500
0.659,4.568,6.500
0.677,4.830,6.500
0.621,4.560,6.500
0.604,4.563,6.500
0.625,4.872,6.500
0.574,4.616,6.500
0.550,4.570,6.500
0.532,4.572,6.500
0.518,4.610,6.500
0.496,4.576,6.500
0.477,4.566,6.500
0.460,4.580,6.500
0.438,4.545,6.500
0.425,4.595,6.500
0.401,4.536,6.500
0.388,4.586,6.500
0.374,4.636,6.500
0.374,4.886,6.500
0.335,4.603,6.500
0.334,4.865,6.500
0.295,4.556,6.500
0.280,4.594,6.500
0.263,4.620,6.500
0.243,4.596,6.500
0.225,4.585,6.500
0.220,4.883,6.500
0.190,4.623,6.500
0.181,4.850,6.500
0.153,4.588,6.500
0.135,4.601,6.500
0.124,4.875,6.500
0.099,4.602,6.500
0.081,4.602,6.500
0.062,4.578,6.500
0.045,4.615,6.500
0.026,4.516,6.500
0.009,4.865,6.500
-0.010,4.615,6.500
-0.029,4.854,6.500
-0.046,4.602,6.500
-0.064,4.627,6.500
-0.082,4.590,6.500
-0.100,4.602,6.500
-0.125,4.875,6.500
-0.136,4.601,6.500
-0.164,4.897,6.500
-0.183,4.873,6.500
-0.191,4.611,6.500
-0.208,4.598,6.500
-0.227,4.597,6.500
-0.259,4.870,6.500
-0.260,4.546,6.500
-0.281,4.606,6.500
-0.300,4.605,6.500
-0.317,4.592,6.500
-0.353,4.841,6.500
-0.372,4.839,6.500
-0.399,4.941,6.500
-0.412,4.859,6.500
-0.406,4.572,6.500
-0.450,4.856,6.500
-0.442,4.569,6.500
-0.462,4.592,6.500
-0.479,4.578,6.500
-0.497,4.576,6.500
-0.508,4.512,6.500
-0.530,4.547,6.500
-0.557,4.618,6.500
-0.570,4.579,6.500
-0.613,4.768,6.500
-0.603,4.551,6.500
-0.660,4.832,6.500
-0.682,4.852,6.500
-0.658,4.555,6.500
-0.718,4.835,6.500
-0.696,4.562,6.500
-0.718,4.583,6.500
-0.730,4.544,6.500
-0.748,4.541,6.500
-0.811,4.809,6.500
-0.783,4.535,6.500
-0.853,4.825,6.500
-0.872,4.822,6.500
-0.839,4.538,6.500
-0.901,4.769,6.500
-0.875,4.531,6.500
-0.890,4.516,6.500
-0.908,4.512,6.500
-0.926,4.509,6.500
-0.946,4.517,6.500
-0.961,4.501,6.500
-0.979,4.497,6.500
-0.961,4.335,6.500
-1.014,4.490,6.500
-1.026,4.462,6.500
-1.085,4.634,6.500
-1.038,4.356,6.500
-1.087,4.485,6.500
-1.081,4.385,6.500
-1.089,4.344,6.500
-1.103,4.327,6.500
-1.203,4.642,6.500
-1.131,4.294,6.500
-1.224,4.575,6.500
-1.161,4.273,6.500
-1.198,4.341,6.500
-1.284,4.583,6.500
-1.229,4.320,6.500
-1.246,4.315,6.500
-1.263,4.310,6.500
-1.280,4.305,6.500
-1.289,4.276,6.500
-1.313,4.295,6.500
-1.338,4.313,6.500
-1.347,4.284,6.500
-1.360,4.267,6.500
-1.381,4.273,6.500
-1.485,4.535,6.500
-1.410,4.251,6.500
-1.431,4.257,6.500
-1.519,4.460,6.500
-1.481,4.293,6.500
-1.456,4.168,6.500
-1.498,4.234,6.500
-1.531,4.275,6.500
-1.535,4.234,6.500
-1.543,4.204,6.500
-1.564,4.210,6.500
-1.581,4.204,6.500
-1.597,4.197,6.500
-1.618,4.203,6.500
-1.630,4.185,6.500
-1.642,4.167,6.500
-1.611,4.042,6.500
-1.679,4.165,6.500
-1.652,4.053,6.500
-1.649,3.999,6.500
-1.689,4.052,6.500
-1.705,4.045,6.500
-1.716,4.026,6.500
-1.757,4.078,6.500
-1.852,4.253,6.500
-1.774,4.029,6.500
-1.810,4.069,6.500
-1.907,4.242,6.500
-1.810,3.985,6.500
-1.946,4.238,6.500
-1.842,3.971,6.500
-1.857,3.963,6.500
-1.873,3.956,6.500
-1.888,3.949,6.500
-1.909,3.953,6.500
-1.930,3.957,6.500
-1.946,3.949,6.500
-1.950,3.918,6.500
-1.971,3.922,6.500
-2.116,4.169,6.500
-1.996,3.895,6.500
-2.017,3.899,6.500
-2.159,4.133,6.500
-2.078,3.939,6.500
-2.192,4.116,6.500
-2.072,3.855,6.500
-2.069,3.813,6.500
-2.240,4.090,6.500
-2.105,3.808,6.500
-2.139,3.833,6.500
-2.294,4.074,6.500
-2.156,3.794,6.500
-2.171,3.786,6.500
-2.336,4.036,6.500
-2.201,3.768,6.500
-2.229,3.782,6.500
-2.237,3.762,6.500
-2.245,3.742,6.500
-2.260,3.733,6.500
-2.314,3.790,6.500
-2.427,3.939,6.500
-2.317,3.728,6.500
-2.345,3.741,6.500
-2.360,3.731,6.500
-2.368,3.711,6.500
-2.524,3.922,6.500
-2.390,3.682,6.500
-2.404,3.673,6.500
-2.454,3.716,6.500
-2.419,3.632,6.500
-2.433,3.623,6.500
-2.462,3.634,6.500
-2.454,3.593,6.500
-2.476,3.594,6.500
-2.482,3.573,6.500
-2.504,3.574,6.500
-2.533,3.585,6.500
-2.524,3.544,6.500
-2.531,3.523,6.500
-2.560,3.534,6.500
-2.581,3.535,6.500
-2.625,3.566,6.500
-2.632,3.545,6.500
-2.795,3.734,6.500
-2.636,3.494,6.500
-2.681,3.524,6.500
-2.664,3.473,6.500
-2.662,3.442,6.500
-2.675,3.432,6.500
-2.712,3.451,6.500
-2.694,3.400,6.500
-2.732,3.420,6.500
-2.704,3.359,6.500
-2.924,3.602,6.500
-2.780,3.397,6.500
-2.760,3.347,6.500
-2.782,3.346,6.500
-2.828,3.374,6.500
-3.072,3.636,6.500
-2.912,3.419,6.500
-3.030,3.529,6.500
-2.905,3.358,6.500
-2.885,3.308,6.500
-2.965,3.373,6.500
-2.978,3.361,6.500
-2.991,3.350,6.500
-3.168,3.520,6.500
-3.018,3.326,6.500
-3.022,3.305,6.500
-3.250,3.526,6.500
-3.141,3.381,6.500
-3.070,3.278,6.500
-3.117,3.302,6.500
-3.313,3.483,6.500
-3.099,3.233,6.500
-3.147,3.256,6.500
-3.321,3.410,6.500
-3.128,3.187,6.500
-3.347,3.383,6.500
-3.171,3.180,6.500
-3.121,3.105,6.500
-3.379,3.335,6.500
-3.208,3.142,6.500
-3.221,3.130,6.500
-3.224,3.108,6.500
-3.245,3.104,6.500
-3.266,3.100,6.500
-3.260,3.070,6.500
-3.282,3.066,6.500
-3.284,3.045,6.500
-3.296,3.032,6.500
-3.603,3.287,6.500
-3.339,3.022,6.500
-3.397,3.051,6.500
-3.445,3.070,6.500
-3.439,3.040,6.500
-3.442,3.019,6.500
-3.670,3.194,6.500
-3.484,3.008,6.500
-3.514,3.010,6.500
-3.517,2.988,6.500
-3.519,2.966,6.500
-3.540,2.960,6.500
-3.542,2.939,6.500
-3.544,2.917,6.500
-3.594,2.934,6.500
-3.567,2.889,6.500
-3.588,2.883,6.500
-3.599,2.868,6.500
-3.601,2.847,6.500
-3.622,2.840,6.500
-3.633,2.826,6.500
-3.663,2.827,6.500
-3.626,2.775,6.500
-3.666,2.783,6.500
-3.905,2.940,6.500
-3.737,2.790,6.500
-3.699,2.739,6.500
-3.958,2.908,6.500
-3.730,2.718,6.500
-3.741,2.703,6.500
-3.964,2.841,6.500
-3.782,2.687,6.500
-3.967,2.796,6.500
-3.773,2.637,6.500
-3.902,2.704,6.500
-3.823,2.628,6.500
-3.824,2.606,6.500
-4.031,2.724,6.500
-3.854,2.582,6.500
-3.823,2.540,6.500
-3.833,2.525,6.500
-3.812,2.490,6.500
-3.945,2.554,6.500
-3.852,2.473,6.500
-3.893,2.478,6.500
-3.882,2.449,6.500
-3.902,2.441,6.500
-3.901,2.419,6.500
-3.911,2.403,6.500
-3.910,2.382,6.500
-3.951,2.385,6.500
-3.939,2.357,6.500
-4.053,2.404,6.500
-3.978,2.339,6.500
-3.977,2.317,6.500
-3.997,2.307,6.500
-4.243,2.427,6.500
-4.253,2.411,6.500
-4.024,2.260,6.500
-4.032,2.244,6.500
-4.291,2.366,6.500
-4.071,2.224,6.500
-4.080,2.208,6.500
-4.131,2.215,6.500
-4.161,2.210,6.500
-4.367,2.297,6.500
-4.093,2.132,6.500
-4.486,2.315,6.500
-4.196,2.144,6.500
-4.443,2.249,6.500
-4.432,2.221,6.500
-4.199,2.084,6.500
-4.707,2.313,6.500
-4.215,2.051,6.500
-4.507,2.171,6.500
-4.264,2.033,6.500
-4.261,2.011,6.500
-4.290,2.005,6.500
-4.244,1.963,6.500
-4.328,1.981,6.500
-4.292,1.944,6.500
-4.544,2.037,6.500
-4.263,1.891,6.500
-4.358,1.913,6.500
-4.322,1.877,6.500
-4.329,1.860,6.500
-4.359,1.852,6.500
-4.333,1.821,6.500
-4.567,1.898,6.500
-4.347,1.787,6.500
-4.354,1.770,6.500
-4.383,1.761,6.500
-4.356,1.731,6.500
-4.646,1.825,6.500
-4.621,1.794,6.500
-4.399,1.688,6.500
-4.603,1.746,6.500
-4.378,1.641,6.500
-4.419,1.636,6.500
-4.414,1.615,6.500
-4.420,1.597,6.500
-4.690,1.674,6.500
-4.421,1.558,6.500
-4.461,1.553,6.500
-4.456,1.531,6.500
-4.451,1.510,6.500
-4.479,1.500,6.500
-4.439,1.467,6.500
-4.479,1.461,6.500
-4.730,1.522,6.500
-4.491,1.426,6.500
-4.542,1.423,6.500
-4.791,1.480,6.500
-4.507,1.373,6.500
-4.490,1.348,6.500
-4.764,1.410,6.500
-4.523,1.320,6.500
-4.517,1.299,6.500
-4.533,1.284,6.500
-4.819,1.345,6.500
-4.543,1.248,6.500
-4.548,1.231,6.500
-4.801,1.279,6.500
-4.499,1.180,6.500
-4.822,1.244,6.500
-4.567,1.159,6.500
-4.560,1.138,6.500
-4.792,1.176,6.500
-4.615,1.113,6.500
-4.846,1.149,6.500
-4.612,1.074,6.500
-4.546,1.040,6.500
-4.574,1.028,6.500
-4.589,1.012,6.500
-4.605,0.997,6.500
-4.585,0.974,6.500
-4.613,0.961,6.500
-4.605,0.940,6.500
-4.620,0.924,6.500
-4.876,0.956,6.500
-4.627,0.888,6.500
-4.643,0.872,6.500
-4.599,0.845,6.500
-4.614,0.829,6.500
-4.723,0.830,6.500
-4.608,0.791,6.500
-4.647,0.779,6.500
-4.626,0.756,6.500
-4.641,0.740,6.500
-4.715,0.733,6.500
-4.694,0.711,6.500
-4.661,0.687,6.500
-4.664,0.669,6.500
-4.571,0.637,6.500
-4.763,0.645,6.500
-4.789,0.629,6.500
-4.674,0.595,6.500
-4.806,0.593,6.500
-4.785,0.571,6.500
-5.003,0.578,6.500
-4.812,0.536,6.500
-5.052,0.543,6.500
-4.722,0.489,6.500
-5.045,0.502,6.500
-4.785,0.457,6.500
-5.060,0.464,6.500
-4.718,0.414,6.500
-4.813,0.403,6.500
-4.803,0.383,6.500
-4.793,0.363,6.500
-5.057,0.363,6.500
-4.760,0.323,6.500
-4.797,0.307,6.500
-4.810,0.289,6.500
-4.776,0.268,6.500
-4.789,0.250,6.500
-4.801,0.231,6.500
-4.767,0.211,6.500
-4.815,0.194,6.500
-4.804,0.175,6.500
-4.828,0.157,6.500
-4.793,0.137,6.500
-4.805,0.118,6.500
-4.806,0.099,6.500
-4.794,0.080,6.500
-4.806,0.061,6.500
-4.807,0.043,6.500
-4.807,0.024,6.500
-4.724,0.005,6.500
-4.819,-0.014,6.500
-4.783,-0.033,6.500
-4.807,-0.052,6.500
-4.806,-0.071,6.500
-4.806,-0.090,6.500
-4.806,-0.109,6.500
-4.805,-0.127,6.500
-4.805,-0.146,6.500
-4.792,-0.165,6.500
-4.850,-0.186,6.500
-4.814,-0.203,6.500
-4.802,-0.222,6.500
-4.801,-0.241,6.500
-4.800,-0.260,6.500
-5.050,-0.293,6.500
-4.786,-0.297,6.500
-4.749,-0.313,6.500
-5.058,-0.353,6.500
-4.817,-0.356,6.500
-4.804,-0.374,6.500
-4.838,-0.395,6.500
-4.789,-0.410,6.500
-4.811,-0.431,6.500
-4.786,-0.448,6.500
-4.784,-0.467,6.500
-4.759,-0.483,6.500
-4.780,-0.504,6.500
-4.778,-0.523,6.500
-4.788,-0.543,6.500
-4.774,-0.561,6.500
-5.044,-0.612,6.500
-4.711,-0.591,6.500
-5.039,-0.652,6.500
-4.765,-0.636,6.500
-4.750,-0.653,6.500
-5.020,-0.710,6.500
-4.780,-0.695,6.500
-5.014,-0.749,6.500
-4.740,-0.727,6.500
-4.771,-0.751,6.500
-4.972,-0.803,6.500
-4.719,-0.781,6.500
-4.999,-0.848,6.500
-4.713,-0.818,6.500
-4.756,-0.845,6.500
-4.694,-0.853,6.500
-4.726,-0.878,6.500
-4.746,-0.901,6.500
-4.944,-0.959,6.500
-4.715,-0.934,6.500
-4.712,-0.952,6.500
-4.719,-0.973,6.500
-4.658,-0.979,6.500
-4.711,-1.010,6.500
-4.931,-1.077,6.500
-4.726,-1.052,6.500
-4.688,-1.063,6.500
-4.929,-1.138,6.500
-4.656,-1.094,6.500
-4.686,-1.121,6.500
-4.659,-1.134,6.500
-4.677,-1.158,6.500
-4.627,-1.164,6.500
-4.668,-1.194,6.500
-4.641,-1.207,6.500
-4.647,-1.228,6.500
-4.631,-1.243,6.500
-4.626,-1.261,6.500
-4.644,-1.286,6.500
-4.616,-1.298,6.500
-4.611,-1.316,6.500
-4.617,-1.337,6.500
-4.589,-1.349,6.500
-4.707,-1.403,6.500
-4.601,-1.392,6.500
-4.618,-1.416,6.500
-4.690,-1.459,6.500
-4.684,-1.477,6.500
-4.722,-1.510,6.500
-4.672,-1.514,6.500
-4.859,-1.596,6.500
-4.649,-1.547,6.500
-4.610,-1.554,6.500
-4.670,-1.595,6.500
-4.609,-1.594,6.500
-4.625,-1.620,6.500
-4.596,-1.630,6.500
-4.622,-1.660,6.500
-4.616,-1.678,6.500
-4.598,-1.692,6.500
-4.813,-1.793,6.500
-4.596,-1.732,6.500
-4.830,-1.842,6.500
-4.571,-1.764,6.500
-4.564,-1.782,6.500
-4.536,-1.792,6.500
-4.800,-1.918,6.500
-4.543,-1.836,6.500
-4.536,-1.854,6.500
-4.777,-1.974,6.500
-4.553,-1.903,6.500
-4.741,-2.003,6.500
-4.506,-1.925,6.500
-4.498,-1.943,6.500
-4.687,-2.046,6.500
-4.473,-1.973,6.500
-4.701,-2.096,6.500
-4.478,-2.018,6.500
-4.470,-2.035,6.500
-4.472,-2.058,6.500
-4.412,-2.051,6.500
-4.435,-2.083,6.500
-4.427,-2.100,6.500
-4.419,-2.118,6.500
-4.662,-2.257,6.500
-4.443,-2.173,6.500
-4.404,-2.175,6.500
-4.405,-2.197,6.500
-4.417,-2.225,6.500
-4.347,-2.211,6.500
-4.379,-2.249,6.500
-4.350,-2.256,6.500
-4.321,-2.262,6.500
-4.332,-2.290,6.500
-4.323,-2.307,6.500
-4.294,-2.313,6.500
-4.551,-2.474,6.500
-4.326,-2.374,6.500
-4.296,-2.380,6.500
-4.297,-2.402,6.500
-4.267,-2.408,6.500
-4.238,-2.413,6.500
-4.463,-2.565,6.500
-4.229,-2.452,6.500
-4.471,-2.616,6.500
-4.219,-2.491,6.500
-4.210,-2.508,6.500
-4.421,-2.657,6.500
-4.200,-2.547,6.500
-4.209,-2.575,6.500
-4.389,-2.709,6.500
-4.159,-2.590,6.500
-4.159,-2.613,6.500
-4.119,-2.610,6.500
-4.138,-2.645,6.500
-4.118,-2.655,6.500
-4.098,-2.665,6.500
-4.097,-2.687,6.500
-4.087,-2.704,6.500
-4.076,-2.720,6.500
-4.056,-2.729,6.500
-4.045,-2.745,6.500
-4.053,-2.774,6.500
-4.052,-2.796,6.500
-4.050,-2.819,6.500
-4.011,-2.815,6.500
-4.000,-2.831,6.500
-3.913,-2.792,6.500
-4.005,-2.882,6.500
-3.985,-2.891,6.500
-3.955,-2.893,6.500
-3.943,-2.909,6.500
-3.913,-2.910,6.500
-3.883,-2.912,6.500
-3.918,-2.962,6.500
-3.897,-2.970,6.500
-4.082,-3.136,6.500
-3.874,-3.001,6.500
-3.862,-3.016,6.500
-4.044,-3.184,6.500
-3.883,-3.082,6.500
-3.880,-3.104,6.500
-3.903,-3.148,6.500
-4.002,-3.254,6.500
-3.816,-3.128,6.500
-3.795,-3.136,6.500
-3.765,-3.136,6.500
-3.814,-3.202,6.500
-3.937,-3.332,6.500
-3.823,-3.261,6.500
-3.724,-3.202,6.500
-3.906,-3.386,6.500
-3.699,-3.231,6.500
-3.703,-3.261,6.500
-3.665,-3.253,6.500
-3.669,-3.282,6.500
-3.839,-3.462,6.500
-3.626,-3.296,6.500
-3.714,-3.402,6.500
-3.782,-3.492,6.500
-3.679,-3.423,6.500
-3.833,-3.595,6.500
-3.535,-3.342,6.500
-3.547,-3.380,6.500
-3.829,-3.677,6.500
-3.603,-3.487,6.500
-3.762,-3.670,6.500
-3.494,-3.436,6.500
-3.480,-3.449,6.500
-3.459,-3.455,6.500
-3.469,-3.493,6.500
-3.551,-3.603,6.500
-3.513,-3.593,6.500
-3.412,-3.517,6.500
-3.469,-3.604,6.500
-3.455,-3.618,6.500
-3.449,-3.640,6.500
-3.600,-3.829,6.500
-3.412,-3.658,6.500
-3.413,-3.688,6.500
-3.511,-3.824,6.500
-3.354,-3.682,6.500
-3.354,-3.712,6.500
-3.355,-3.742,6.500
-3.325,-3.738,6.500
-3.325,-3.768,6.500
-3.296,-3.764,6.500
-3.447,-3.968,6.500
-3.266,-3.790,6.500
-3.251,-3.802,6.500
-3.229,-3.807,6.500
-3.214,-3.819,6.500
-3.206,-3.840,6.500
-3.191,-3.853,6.500
-3.168,-3.857,6.500
-3.160,-3.878,6.500
-3.138,-3.882,6.500
-3.116,-3.885,6.500
-3.115,-3.915,6.500
-3.106,-3.936,6.500
-3.259,-4.164,6.500
-3.068,-3.951,6.500
-3.032,-3.937,6.500
-3.190,-4.176,6.500
-3.015,-3.978,6.500
-2.985,-3.972,6.500
-2.949,-3.956,6.500
-3.008,-4.068,6.500
-2.965,-4.043,6.500
-2.949,-4.055,6.500
-2.920,-4.048,6.500
-2.917,-4.078,6.500
-2.881,-4.062,6.500
-2.878,-4.092,6.500
-2.862,-4.103,6.500
-2.853,-4.123,6.500
-2.798,-4.078,6.500
-2.814,-4.136,6.500
-2.779,-4.119,6.500
-2.788,-4.168,6.500
-2.899,-4.371,6.500
-2.748,-4.180,6.500
-2.870,-4.403,6.500
-2.685,-4.154,6.500
-2.835,-4.425,6.500
-2.682,-4.223,6.500
-2.801,-4.447,6.500
-2.661,-4.263,6.500
-2.638,-4.264,6.500
-2.651,-4.322,6.500
-2.599,-4.275,6.500
-2.582,-4.285,6.500
-2.571,-4.305,6.500
-2.554,-4.315,6.500
-2.566,-4.373,6.500
-2.509,-4.315,6.500
-2.591,-4.498,6.500
-2.475,-4.335,6.500
-2.463,-4.354,6.500
-2.446,-4.364,6.500
-2.429,-4.373,6.500
-2.390,-4.343,6.500
-2.367,-4.343,6.500
-2.372,-4.392,6.500
-2.349,-4.391,6.500
-2.353,-4.440,6.500
-2.320,-4.419,6.500
-2.424,-4.663,6.500
-2.296,-4.458,6.500
-2.412,-4.729,6.500
-2.260,-4.476,6.500
-2.263,-4.525,6.500
-2.332,-4.710,6.500
-2.208,-4.502,6.500
-2.309,-4.757,6.500
-2.172,-4.519,6.500
-2.154,-4.528,6.500
-2.235,-4.745,6.500
-2.119,-4.544,6.500
-2.101,-4.553,6.500
-2.083,-4.561,6.500
-2.070,-4.579,6.500
-2.141,-4.788,6.500
-2.020,-4.564,6.500
-2.042,-4.665,6.500
-1.988,-4.591,6.500
-1.970,-4.598,6.500
-1.943,-4.585,6.500
-1.930,-4.603,6.500
-2.061,-4.972,6.500
-1.919,-4.681,6.500
-2.026,-4.997,6.500
-1.857,-4.633,6.500
-1.932,-4.876,6.500
-1.849,-4.721,6.500
-1.803,-4.655,6.500
-1.909,-4.988,6.500
-1.798,-4.753,6.500
-1.787,-4.780,6.500
-1.768,-4.787,6.500
-1.745,-4.784,6.500
-1.730,-4.801,6.500
-1.700,-4.776,6.500
-1.696,-4.825,6.500
-1.744,-5.025,6.500
-1.731,-5.052,6.500
-1.632,-4.824,6.500
-1.610,-4.819,6.500
-1.598,-4.847,6.500
-1.565,-4.811,6.500
-1.559,-4.859,6.500
-1.537,-4.855,6.500
-1.518,-4.861,6.500
-1.508,-4.898,6.500
-1.480,-4.873,6.500
-1.451,-4.846,6.500
-1.441,-4.884,6.500
-1.422,-4.890,6.500
-1.403,-4.895,6.500
-1.375,-4.869,6.500
-1.358,-4.885,6.500
-1.348,-4.922,6.500
-1.388,-5.146,6.500
-1.306,-4.922,6.500
-1.290,-4.938,6.500
-1.327,-5.162,6.500
-1.248,-4.937,6.500
-1.245,-5.006,6.500
-1.212,-4.957,6.500
-1.187,-4.940,6.500
-1.230,-5.208,6.500
-1.207,-5.202,6.500
-1.124,-4.932,6.500
-1.166,-5.211,6.500
-1.093,-4.974,6.500
-1.078,-5.000,6.500
-1.107,-5.235,6.500
-1.078,-5.198,6.500
-1.016,-5.001,6.500
-0.999,-5.016,6.500
-0.975,-4.998,6.500
-0.957,-5.013,6.500
-0.932,-4.984,6.500
-0.918,-5.020,6.500
-0.896,-5.013,6.500
-0.869,-4.972,6.500
-0.862,-5.052,6.500
-0.881,-5.288,6.500
-0.821,-5.048,6.500
-0.799,-5.040,6.500
-0.811,-5.246,6.500
-0.760,-5.046,6.500
-0.740,-5.049,6.500
-0.719,-5.041,6.500
-0.733,-5.290,6.500
-0.683,-5.080,6.500
-0.695,-5.327,6.500
-0.669,-5.288,6.500
-0.618,-5.043,6.500
-0.601,-5.068,6.500
-0.578,-5.048,6.500
-0.560,-5.061,6.500
-0.541,-5.075,6.500
-0.545,-5.312,6.500
-0.502,-5.090,6.500
-0.480,-5.070,6.500
-0.460,-5.071,6.500
-0.440,-5.073,6.500
-0.421,-5.086,6.500
-0.401,-5.087,6.500
-0.396,-5.283,6.500
-0.371,-5.232,6.500
-0.343,-5.114,6.500
-0.321,-5.093,6.500
-0.302,-5.105,6.500
-0.281,-5.096,6.500
-0.273,-5.333,6.500
-0.241,-5.087,6.500
-0.220,-5.076,6.500
-0.210,-5.336,6.500
-0.180,-5.078,6.500
-0.161,-5.101,6.500
-0.141,-5.101,6.500
-0.121,-5.091,6.500
-0.100,-5.058,6.500
-0.081,-5.103,6.500
-0.061,-5.092,6.500
-0.041,-5.103,6.500
-0.021,-5.092,6.500
-0.001,-5.158,6.500
0.020,-5.136,6.500
0.040,-5.136,6.500
0.061,-5.266,6.500
0.080,-5.125,6.500
0.100,-5.102,6.500
0.126,-5.391,6.500
0.142,-5.178,6.500
0.160,-5.101,6.500
0.182,-5.177,6.500
0.203,-5.187,6.500
0.220,-5.099,6.500
0.243,-5.174,6.500
0.264,-5.173,6.500
0.283,-5.150,6.500
0.304,-5.171,6.500
0.316,-5.027,6.500
0.346,-5.179,6.500
0.364,-5.145,6.500
0.386,-5.176,6.500
0.407,-5.175,6.500
0.426,-5.162,6.500
0.439,-5.073,6.500
0.467,-5.159,6.500
0.509,-5.389,6.500
0.502,-5.101,6.500
0.528,-5.153,6.500
0.593,-5.574,6.500
0.569,-5.160,6.500
0.591,-5.168,6.500
0.610,-5.155,6.500
0.627,-5.131,6.500
0.650,-5.150,6.500
0.666,-5.115,6.500
0.688,-5.123,6.500
0.711,-5.142,6.500
0.728,-5.118,6.500
0.751,-5.136,6.500
0.773,-5.144,6.500
0.795,-5.152,6.500
0.810,-5.116,6.500
0.839,-5.166,6.500
0.890,-5.350,6.500
0.872,-5.117,6.500
0.890,-5.103,6.500
0.955,-5.349,6.500
0.925,-5.064,6.500
0.956,-5.124,6.500
1.016,-5.328,6.500
0.988,-5.074,6.500
1.050,-5.279,6.500
1.033,-5.087,6.500
1.053,-5.083,6.500
1.123,-5.317,6.500
1.095,-5.085,6.500
1.117,-5.091,6.500
1.137,-5.087,6.500
1.150,-5.051,6.500
1.229,-5.304,6.500
1.182,-5.010,6.500
1.219,-5.079,6.500
1.277,-5.229,6.500
1.267,-5.101,6.500
1.333,-5.278,6.500
1.294,-5.038,6.500
1.377,-5.278,6.500
1.330,-5.018,6.500
1.339,-4.970,6.500
1.423,-5.201,6.500
1.387,-4.991,6.500
1.409,-4.996,6.500
1.429,-4.990,6.500
1.442,-4.964,6.500
1.456,-4.937,6.500
1.497,-5.004,6.500
1.520,-5.009,6.500
1.527,-4.961,6.500
1.621,-5.197,6.500
1.562,-4.939,6.500
1.585,-4.943,6.500
1.683,-5.178,6.500
1.627,-4.941,6.500
1.720,-5.155,6.500
1.666,-4.928,6.500
1.682,-4.911,6.500
1.784,-5.144,6.500
1.713,-4.877,6.500
1.739,-4.891,6.500
1.748,-4.853,6.500
1.778,-4.877,6.500
1.793,-4.860,6.500
1.812,-4.853,6.500
1.827,-4.835,6.500
1.850,-4.838,6.500
1.869,-4.831,6.500
1.884,-4.813,6.500
1.883,-4.755,6.500
1.926,-4.809,6.500
1.949,-4.811,6.500
2.060,-5.028,6.500
1.987,-4.796,6.500
2.002,-4.778,6.500
2.119,-5.004,6.500
2.043,-4.772,6.500
2.062,-4.764,6.500
2.089,-4.775,6.500
2.091,-4.728,6.500
2.109,-4.719,6.500
2.237,-4.952,6.500
2.160,-4.732,6.500
2.174,-4.714,6.500
2.192,-4.705,6.500
2.206,-4.687,6.500
2.229,-4.688,6.500
2.248,-4.679,6.500
2.261,-4.660,6.500
2.284,-4.661,6.500
2.410,-4.870,6.500
2.321,-4.643,6.500
2.329,-4.615,6.500
2.367,-4.644,6.500
2.375,-4.616,6.500
2.388,-4.597,6.500
2.412,-4.597,6.500
2.425,-4.578,6.500
2.442,-4.568,6.500
2.476,-4.587,6.500
2.473,-4.539,6.500
2.496,-4.539,6.500
2.519,-4.539,6.500
2.676,-4.776,6.500
2.565,-4.538,6.500
2.567,-4.499,6.500
2.675,-4.646,6.500
2.608,-4.488,6.500
2.620,-4.469,6.500
2.762,-4.668,6.500
2.666,-4.466,6.500
2.678,-4.447,6.500
2.696,-4.436,6.500
2.702,-4.407,6.500
2.864,-4.630,6.500
2.742,-4.395,6.500
2.753,-4.375,6.500
2.923,-4.605,6.500
2.811,-4.390,6.500
2.817,-4.360,6.500
2.834,-4.349,6.500
2.851,-4.338,6.500
2.868,-4.327,6.500
3.048,-4.560,6.500
2.902,-4.304,6.500
2.912,-4.284,6.500
3.038,-4.430,6.500
2.952,-4.270,6.500
2.988,-4.285,6.500
3.120,-4.437,6.500
3.002,-4.235,6.500
3.019,-4.223,6.500
3.042,-4.220,6.500
3.033,-4.172,6.500
3.056,-4.169,6.500
3.085,-4.175,6.500
3.114,-4.180,6.500
3.111,-4.142,6.500
3.134,-4.138,6.500
3.170,-4.152,6.500
3.160,-4.105,6.500
3.182,-4.101,6.500
3.199,-4.088,6.500
3.215,-4.076,6.500
3.224,-4.055,6.500
3.240,-4.042,6.500
3.235,-4.004,6.500
3.278,-4.025,6.500
3.273,-3.987,6.500
3.310,-3.999,6.500
3.319,-3.977,6.500
3.327,-3.956,6.500
3.350,-3.951,6.500
3.379,-3.955,6.500
3.374,-3.917,6.500
3.515,-4.048,6.500
3.419,-3.906,6.500
3.427,-3.885,6.500
3.617,-4.069,6.500
3.464,-3.866,6.500
3.472,-3.844,6.500
3.495,-3.838,6.500
3.510,-3.825,6.500
3.697,-3.997,6.500
3.532,-3.789,6.500
3.721,-3.960,6.500
3.577,-3.777,6.500
3.621,-3.794,6.500
3.739,-3.886,6.500
3.621,-3.734,6.500
3.798,-3.886,6.500
3.813,-3.871,6.500
3.626,-3.653,6.500
3.844,-3.841,6.500
3.686,-3.655,6.500
3.677,-3.618,6.500
3.699,-3.611,6.500
3.705,-3.589,6.500
3.727,-3.582,6.500
3.749,-3.574,6.500
3.763,-3.560,6.500
3.777,-3.545,6.500
3.799,-3.537,6.500
3.805,-3.515,6.500
3.983,-3.651,6.500
4.020,-3.656,6.500
3.838,-3.463,6.500
4.041,-3.617,6.500
3.873,-3.440,6.500
3.903,-3.439,6.500
3.925,-3.430,6.500
3.930,-3.408,6.500
3.935,-3.385,6.500
4.125,-3.521,6.500
3.953,-3.347,6.500
4.000,-3.360,6.500
3.979,-3.316,6.500
3.992,-3.300,6.500
4.022,-3.299,6.500
4.018,-3.269,6.500
4.065,-3.280,6.500
4.052,-3.244,6.500
4.057,-3.221,6.500
4.069,-3.205,6.500
4.107,-3.209,6.500
4.103,-3.180,6.500
4.115,-3.164,6.500
4.145,-3.161,6.500
4.334,-3.278,6.500
4.322,-3.242,6.500
4.182,-3.112,6.500
4.389,-3.239,6.500
4.189,-3.066,6.500
4.201,-3.050,6.500
4.213,-3.033,6.500
4.225,-3.016,6.500
4.236,-3.000,6.500
4.248,-2.983,6.500
4.215,-2.935,6.500
4.289,-2.962,6.500
4.283,-2.933,6.500
4.418,-3.000,6.500
4.297,-2.893,6.500
4.308,-2.876,6.500
4.365,-2.889,6.500
4.560,-2.993,6.500
4.351,-2.831,6.500
4.371,-2.820,6.500
4.552,-2.911,6.500
4.356,-2.762,6.500
4.601,-2.892,6.500
4.594,-2.863,6.500
4.398,-2.716,6.500
4.418,-2.705,6.500
4.566,-2.770,6.500
4.467,-2.687,6.500
4.668,-2.782,6.500
4.403,-2.601,6.500
4.645,-2.720,6.500
4.471,-2.594,6.500
4.519,-2.598,6.500
4.510,-2.570,6.500
4.530,-2.557,6.500
4.751,-2.658,6.500
4.540,-2.517,6.500
4.550,-2.499,6.500
4.728,-2.572,6.500
4.579,-2.468,6.500
4.579,-2.445,6.500
4.804,-2.540,6.500
4.608,-2.414,6.500
4.814,-2.498,6.500
4.617,-2.373,6.500
4.617,-2.350,6.500
4.626,-2.331,6.500
4.645,-2.318,6.500
4.654,-2.300,6.500
4.663,-2.281,6.500
4.652,-2.254,6.500
4.671,-2.240,6.500
4.699,-2.231,6.500
4.698,-2.208,6.500
4.617,-2.148,6.500
4.945,-2.277,6.500
4.704,-2.143,6.500
4.732,-2.134,6.500
4.886,-2.180,6.500
4.739,-2.092,6.500
4.737,-2.069,6.500
4.765,-2.059,6.500
4.773,-2.040,6.500
4.781,-2.022,6.500
4.769,-1.994,6.500
4.807,-1.988,6.500
4.764,-1.949,6.500
4.980,-2.014,6.500
4.820,-1.927,6.500
4.817,-1.904,6.500
4.825,-1.885,6.500
4.842,-1.870,6.500
4.829,-1.844,6.500
4.857,-1.832,6.500
4.854,-1.809,6.500
4.881,-1.798,6.500
5.106,-1.858,6.500
4.865,-1.748,6.500
4.902,-1.740,6.500
5.147,-1.804,6.500
4.802,-1.662,6.500
5.152,-1.761,6.500
4.908,-1.656,6.500
4.946,-1.647,6.500
5.182,-1.703,6.500
5.110,-1.657,6.500
4.985,-1.595,6.500
5.103,-1.611,6.500
4.873,-1.517,6.500
4.942,-1.517,6.500
5.091,-1.541,6.500
4.890,-1.459,6.500
4.896,-1.440,6.500
5.258,-1.524,6.500
5.002,-1.429,6.500
5.151,-1.449,6.500
4.907,-1.360,6.500
4.913,-1.341,6.500
5.375,-1.444,6.500
4.934,-1.305,6.500
4.928,-1.283,6.500
4.868,-1.247,6.500
4.959,-1.249,6.500
4.943,-1.225,6.500
4.958,-1.208,6.500
4.952,-1.186,6.500
4.978,-1.171,6.500
5.213,-1.205,6.500
4.987,-1.132,6.500
5.334,-1.189,6.500
5.258,-1.150,6.500
4.979,-1.069,6.500
5.236,-1.102,6.500
5.230,-1.080,6.500
5.002,-1.012,6.500
5.249,-1.041,6.500
4.999,-0.971,6.500
5.024,-0.955,6.500
5.017,-0.933,6.500
5.075,-0.924,6.500
5.499,-0.978,6.500
5.071,-0.882,6.500
5.042,-0.856,6.500
5.258,-0.872,6.500
5.027,-0.813,6.500
5.030,-0.793,6.500
5.033,-0.774,6.500
5.036,-0.754,6.500
5.050,-0.736,6.500
5.042,-0.714,6.500
5.067,-0.697,6.500
5.304,-0.709,6.500
5.050,-0.655,6.500
5.052,-0.635,6.500
5.077,-0.618,6.500
5.057,-0.595,6.500
5.049,-0.574,6.500
5.073,-0.557,6.500
5.086,-0.538,6.500
5.088,-0.518,6.500
5.068,-0.496,6.500
5.070,-0.476,6.500
5.072,-0.456,6.500
5.018,-0.431,6.500
5.064,-0.415,6.500
5.121,-0.399,6.500
5.100,-0.378,6.500
5.080,-0.356,6.500
5.048,-0.334,6.500
5.126,-0.319,6.500
5.073,-0.296,6.500
5.074,-0.276,6.500
5.097,-0.257,6.500
5.087,-0.236,6.500
5.336,-0.227,6.500
5.100,-0.197,6.500
5.337,-0.185,6.500
5.338,-0.164,6.500
5.101,-0.137,6.500
5.307,-0.121,6.500
5.091,-0.096,6.500
5.114,-0.077,6.500
5.371,-0.059,6.500
5.092,-0.036,6.500
5.081,-0.016,6.500
4.736,0.003,7.000
4.818,0.022,7.000
4.818,0.041,7.000
4.818,0.060,7.000
4.806,0.079,7.000
4.794,0.098,7.000
4.794,0.117,7.000
5.034,0.142,7.000
4.804,0.155,7.000
4.804,0.173,7.000
4.815,0.193,7.000
4.814,0.212,7.000
5.064,0.243,7.000
4.800,0.249,7.000
4.811,0.268,7.000
4.833,0.289,7.000
4.738,0.302,7.000
5.047,0.341,7.000
4.853,0.347,7.000
4.817,0.364,7.000
5.043,0.401,7.000
4.755,0.397,7.000
5.095,0.445,7.000
5.049,0.461,7.000
4.808,0.458,7.000
5.045,0.501,7.000
4.781,0.494,7.000
4.768,0.511,7.000
4.789,0.533,7.000
5.103,0.588,7.000
4.761,0.567,7.000
5.054,0.622,7.000
5.018,0.638,7.000
4.648,0.610,7.000
5.024,0.679,7.000
4.679,0.651,7.000
4.723,0.676,7.000
4.638,0.682,7.000
4.659,0.704,7.000
4.644,0.721,7.000
4.700,0.748,7.000
4.662,0.761,7.000
4.647,0.777,7.000
4.644,0.796,7.000
4.653,0.816,7.000
4.578,0.821,7.000
4.634,0.850,7.000
4.619,0.866,7.000
4.639,0.889,7.000
4.612,0.903,7.000
4.620,0.923,7.000
4.581,0.934,7.000
4.601,0.957,7.000
4.609,0.977,7.000
4.605,0.996,7.000
4.601,1.014,7.000
4.609,1.034,7.000
4.593,1.050,7.000
4.817,1.121,7.000
4.550,1.078,7.000
4.581,1.104,7.000
4.576,1.122,7.000
4.572,1.140,7.000
4.556,1.155,7.000
4.574,1.179,7.000
4.558,1.194,7.000
4.553,1.212,7.000
4.525,1.223,7.000
4.532,1.244,7.000
4.527,1.262,7.000
4.557,1.289,7.000
4.797,1.378,7.000
4.524,1.319,7.000
4.765,1.409,7.000
4.502,1.351,7.000
4.508,1.372,7.000
4.660,1.438,7.000
4.462,1.396,7.000
4.422,1.403,7.000
4.486,1.442,7.000
4.411,1.438,7.000
4.394,1.451,7.000
4.647,1.555,7.000
4.371,1.482,7.000
4.612,1.584,7.000
4.324,1.504,7.000
4.600,1.620,7.000
4.347,1.550,7.000
4.587,1.656,7.000
4.288,1.567,7.000
4.317,1.597,7.000
4.287,1.605,7.000
4.269,1.618,7.000
4.554,1.746,7.000
4.245,1.647,7.000
4.529,1.777,7.000
4.278,1.698,7.000
4.271,1.715,7.000
4.561,1.852,7.000
4.235,1.739,7.000
4.251,1.765,7.000
4.289,1.801,7.000
4.248,1.803,7.000
4.241,1.820,7.000
4.377,1.899,7.000
4.226,1.853,7.000
4.459,1.976,7.000
4.189,1.877,7.000
4.080,1.847,7.000
4.084,1.868,7.000
4.088,1.889,7.000
4.114,1.921,7.000
4.050,1.911,7.000
4.031,1.921,7.000
4.012,1.932,7.000
4.039,1.964,7.000
4.031,1.980,7.000
4.068,2.018,7.000
4.015,2.011,7.000
4.268,2.159,7.000
3.977,2.031,7.000
3.969,2.047,7.000
3.972,2.068,7.000
3.975,2.090,7.000
3.934,2.088,7.000
3.914,2.097,7.000
3.906,2.113,7.000
3.931,2.146,7.000
3.944,2.174,7.000
3.990,2.219,7.000
3.817,2.142,7.000
3.819,2.164,7.000
3.777,2.160,7.000
3.791,2.187,7.000
3.760,2.189,7.000
3.763,2.211,7.000
3.743,2.219,7.000
3.767,2.253,7.000
3.791,2.288,7.000
3.683,2.242,7.000
3.729,2.291,7.000
3.731,2.312,7.000
3.711,2.320,7.000
3.724,2.348,7.000
3.925,2.496,7.000
3.673,2.357,7.000
3.685,2.385,7.000
3.665,2.392,7.000
3.645,2.400,7.000
3.646,2.421,7.000
3.540,2.370,7.000
3.784,2.555,7.000
3.670,2.500,7.000
3.586,2.464,7.000
3.743,2.593,7.000
3.546,2.477,7.000
3.722,2.622,7.000
3.505,2.490,7.000
3.485,2.496,7.000
3.454,2.494,7.000
3.465,2.523,7.000
3.444,2.529,7.000
3.487,2.581,7.000
3.659,2.731,7.000
3.638,2.738,7.000
3.404,2.583,7.000
3.626,2.774,7.000
3.373,2.601,7.000
3.384,2.631,7.000
3.363,2.636,7.000
3.394,2.681,7.000
3.571,2.845,7.000
3.550,2.851,7.000
3.362,2.721,7.000
3.557,2.902,7.000
3.239,2.664,7.000
3.279,2.719,7.000
3.269,2.732,7.000
3.166,2.668,7.000
3.197,2.715,7.000
3.276,2.804,7.000
3.352,2.893,7.000
3.124,2.717,7.000
3.134,2.747,7.000
3.113,2.751,7.000
3.102,2.763,7.000
3.342,3.000,7.000
3.070,2.778,7.000
3.089,2.817,7.000
3.048,2.802,7.000
3.047,2.823,7.000
3.056,2.853,7.000
3.035,2.856,7.000
2.994,2.840,7.000
3.031,2.898,7.000
2.991,2.882,7.000
2.980,2.894,7.000
2.968,2.906,7.000
2.957,2.918,7.000
2.936,2.920,7.000
2.934,2.941,7.000
2.932,2.962,7.000
2.920,2.973,7.000
2.908,2.985,7.000
2.869,2.967,7.000
2.848,2.969,7.000
2.854,2.999,7.000
2.852,3.020,7.000
2.849,3.041,7.000
2.962,3.187,7.000
2.733,2.964,7.000
2.804,3.065,7.000
2.792,3.076,7.000
2.689,2.986,7.000
2.696,3.017,7.000
2.675,3.017,7.000
2.734,3.109,7.000
2.660,3.048,7.000
2.856,3.299,7.000
2.671,3.110,7.000
2.615,3.069,7.000
2.664,3.152,7.000
2.643,3.152,7.000
2.774,3.335,7.000
2.601,3.152,7.000
2.528,3.088,7.000
2.759,3.398,7.000
2.521,3.129,7.000
2.526,3.160,7.000
2.513,3.170,7.000
2.450,3.115,7.000
2.644,3.390,7.000
2.647,3.421,7.000
2.455,3.198,7.000
2.425,3.186,7.000
2.421,3.207,7.000
2.409,3.216,7.000
2.388,3.215,7.000
2.375,3.224,7.000
2.387,3.267,7.000
2.325,3.209,7.000
2.361,3.285,7.000
2.348,3.294,7.000
2.319,3.281,7.000
2.306,3.290,7.000
2.483,3.573,7.000
2.280,3.308,7.000
2.448,3.581,7.000
2.405,3.548,7.000
2.249,3.346,7.000
2.251,3.378,7.000
2.215,3.352,7.000
2.209,3.373,7.000
2.189,3.370,7.000
2.190,3.401,7.000
2.191,3.433,7.000
2.119,3.349,7.000
2.106,3.357,7.000
2.122,3.412,7.000
2.108,3.420,7.000
2.095,3.429,7.000
2.082,3.437,7.000
2.089,3.480,7.000
2.054,3.453,7.000
2.110,3.578,7.000
2.048,3.505,7.000
1.986,3.429,7.000
2.007,3.497,7.000
2.067,3.634,7.000
2.039,3.619,7.000
1.952,3.496,7.000
2.156,3.897,7.000
2.003,3.654,7.000
1.930,3.555,7.000
2.073,3.855,7.000
1.896,3.558,7.000
1.856,3.517,7.000
1.937,3.705,7.000
1.916,3.701,7.000
1.902,3.708,7.000
1.988,3.914,7.000
1.878,3.735,7.000
1.864,3.742,7.000
1.843,3.738,7.000
1.840,3.769,7.000
1.843,3.812,7.000
1.799,3.759,7.000
1.912,4.036,7.000
1.752,3.737,7.000
1.760,3.792,7.000
1.740,3.787,7.000
1.725,3.794,7.000
1.693,3.764,7.000
1.684,3.783,7.000
1.696,3.850,7.000
1.659,3.808,7.000
1.639,3.802,7.000
1.640,3.846,7.000
1.609,3.815,7.000
1.599,3.834,7.000
1.703,4.128,7.000
1.584,3.883,7.000
1.569,3.889,7.000
1.664,4.171,7.000
1.529,3.877,7.000
1.631,4.184,7.000
1.484,3.851,7.000
1.497,3.932,7.000
1.463,3.888,7.000
1.438,3.868,7.000
1.437,3.912,7.000
1.422,3.917,7.000
1.411,3.935,7.000
1.490,4.210,7.000
1.375,3.934,7.000
1.449,4.198,7.000
1.353,3.970,7.000
1.420,4.221,7.000
1.309,3.942,7.000
1.298,3.960,7.000
1.286,3.978,7.000
1.267,3.970,7.000
1.251,3.975,7.000
1.324,4.265,7.000
1.224,3.998,7.000
1.287,4.263,7.000
1.177,3.956,7.000
1.271,4.334,7.000
1.236,4.278,7.000
1.137,3.995,7.000
1.150,4.102,7.000
1.106,4.004,7.000
1.090,4.008,7.000
1.064,3.974,7.000
1.062,4.030,7.000
1.036,3.995,7.000
1.047,4.102,7.000
1.087,4.331,7.000
1.040,4.212,7.000
1.050,4.328,7.000
0.961,4.027,7.000
0.951,4.057,7.000
0.929,4.035,7.000
0.945,4.181,7.000
0.926,4.172,7.000
0.884,4.059,7.000
0.890,4.166,7.000
0.882,4.208,7.000
0.876,4.262,7.000
0.839,4.163,7.000
0.810,4.101,7.000
0.813,4.208,7.000
0.797,4.211,7.000
0.831,4.489,7.000
0.759,4.192,7.000
0.743,4.195,7.000
0.710,4.106,7.000
0.759,4.490,7.000
0.685,4.151,7.000
0.670,4.167,7.000
0.654,4.169,7.000
0.648,4.237,7.000
0.629,4.227,7.000
0.612,4.229,7.000
0.598,4.244,7.000
0.577,4.221,7.000
0.562,4.236,7.000
0.544,4.225,7.000
0.529,4.240,7.000
0.516,4.268,7.000
0.497,4.257,7.000
0.512,4.537,7.000
0.468,4.300,7.000
0.479,4.565,7.000
0.460,4.555,7.000
0.410,4.227,7.000
0.394,4.242,7.000
0.398,4.473,7.000
0.361,4.245,7.000
0.344,4.246,7.000
0.351,4.552,7.000
0.312,4.262,7.000
0.295,4.263,7.000
0.302,4.617,7.000
0.277,4.508,7.000
0.243,4.227,7.000
0.227,4.241,7.000
0.224,4.523,7.000
0.198,4.334,7.000
0.177,4.243,7.000
0.164,4.348,7.000
0.144,4.258,7.000
0.127,4.258,7.000
0.117,4.514,7.000
0.100,4.552,7.000
0.077,4.285,7.000
0.060,4.273,7.000
0.047,4.578,7.000
0.028,4.528,7.000
0.011,4.566,7.000
-0.007,4.273,7.000
-0.023,4.220,7.000
-0.040,4.273,7.000
-0.058,4.299,7.000
-0.073,4.233,7.000
-0.091,4.285,7.000
-0.108,4.272,7.000
-0.124,4.271,7.000
-0.141,4.271,7.000
-0.158,4.283,7.000
-0.186,4.537,7.000
-0.193,4.295,7.000
-0.208,4.268,7.000
-0.225,4.267,7.000
-0.260,4.583,7.000
-0.257,4.239,7.000
-0.274,4.238,7.000
-0.291,4.250,7.000
-0.310,4.275,7.000
-0.323,4.235,7.000
-0.341,4.246,7.000
-0.359,4.258,7.000
-0.375,4.244,7.000
-0.389,4.216,7.000
-0.408,4.240,7.000
-0.415,4.147,7.000
-0.472,4.529,7.000
-0.455,4.209,7.000
-0.458,4.088,7.000
-0.493,4.245,7.000
-0.497,4.138,7.000
-0.523,4.215,7.000
-0.534,4.173,7.000
-0.591,4.477,7.000
-0.562,4.129,7.000
-0.572,4.087,7.000
-0.637,4.420,7.000
-0.650,4.393,7.000
-0.624,4.107,7.000
-0.643,4.117,7.000
-0.706,4.410,7.000
-0.668,4.073,7.000
-0.689,4.096,7.000
-0.712,4.133,7.000
-0.773,4.386,7.000
-0.737,4.088,7.000
-0.751,4.072,7.000
-0.772,4.095,7.000
-0.844,4.385,7.000
-0.806,4.102,7.000
-0.817,4.073,7.000
-0.839,4.096,7.000
-0.913,4.371,7.000
-0.868,4.076,7.000
-0.878,4.046,7.000
-0.962,4.348,7.000
-0.979,4.344,7.000
-0.929,4.049,7.000
-0.948,4.058,7.000
-0.961,4.041,7.000
-1.053,4.353,7.000
-0.992,4.034,7.000
-1.012,4.043,7.000
-1.024,4.026,7.000
-1.040,4.022,7.000
-1.056,4.017,7.000
-1.075,4.026,7.000
-1.087,4.009,7.000
-1.114,4.043,7.000
-1.119,4.000,7.000
-1.134,3.996,7.000
-1.146,3.979,7.000
-1.147,3.922,7.000
-1.182,3.982,7.000
-1.197,3.978,7.000
-1.185,3.882,7.000
-1.204,3.891,7.000
-1.252,3.989,7.000
-1.218,3.829,7.000
-1.238,3.837,7.000
-1.253,3.832,7.000
-1.368,4.130,7.000
-1.309,3.900,7.000
-1.302,3.830,7.000
-1.357,3.940,7.000
-1.332,3.820,7.000
-1.347,3.815,7.000
-1.358,3.796,7.000
-1.481,4.091,7.000
-1.378,3.760,7.000
-1.383,3.728,7.000
-1.520,4.049,7.000
-1.432,3.769,7.000
-1.452,3.776,7.000
-1.466,3.770,7.000
-1.486,3.777,7.000
-1.476,3.708,7.000
-1.511,3.753,7.000
-1.520,3.734,7.000
-1.519,3.690,7.000
-1.539,3.697,7.000
-1.688,4.010,7.000
-1.684,3.956,7.000
-1.588,3.691,7.000
-1.597,3.672,7.000
-1.611,3.666,7.000
-1.637,3.685,7.000
-1.657,3.691,7.000
-1.649,3.634,7.000
-1.703,3.715,7.000
-1.829,3.948,7.000
-1.721,3.677,7.000
-1.717,3.633,7.000
-1.738,3.638,7.000
-1.874,3.884,7.000
-1.760,3.612,7.000
-1.786,3.630,7.000
-1.937,3.896,7.000
-1.958,3.900,7.000
-1.817,3.584,7.000
-1.837,3.589,7.000
-1.870,3.618,7.000
-1.859,3.562,7.000
-1.879,3.567,7.000
-1.887,3.548,7.000
-2.052,3.822,7.000
-2.073,3.825,7.000
-1.994,3.644,7.000
-1.942,3.517,7.000
-1.956,3.510,7.000
-1.970,3.502,7.000
-1.963,3.458,7.000
-2.150,3.753,7.000
-2.011,3.479,7.000
-2.032,3.483,7.000
-2.038,3.463,7.000
-2.024,3.407,7.000
-2.065,3.447,7.000
-2.079,3.438,7.000
-2.135,3.500,7.000
-2.106,3.422,7.000
-2.119,3.414,7.000
-2.162,3.452,7.000
-2.139,3.385,7.000
-2.174,3.412,7.000
-2.188,3.403,7.000
-2.186,3.371,7.000
-2.192,3.351,7.000
-2.250,3.411,7.000
-2.241,3.368,7.000
-2.200,3.279,7.000
-2.252,3.328,7.000
-2.265,3.319,7.000
-2.278,3.310,7.000
-2.368,3.413,7.000
-2.312,3.303,7.000
-2.380,3.372,7.000
-2.330,3.274,7.000
-2.429,3.386,7.000
-2.451,3.387,7.000
-2.432,3.334,7.000
-2.485,3.378,7.000
-2.434,3.282,7.000
-2.463,3.294,7.000
-2.501,3.317,7.000
-2.514,3.307,7.000
-2.535,3.308,7.000
-2.539,3.287,7.000
-2.544,3.267,7.000
-2.582,3.288,7.000
-2.772,3.502,7.000
-2.762,3.461,7.000
-2.612,3.247,7.000
-2.608,3.216,7.000
-2.818,3.448,7.000
-2.840,3.447,7.000
-2.663,3.206,7.000
-2.675,3.195,7.000
-2.880,3.413,7.000
-2.692,3.164,7.000
-2.704,3.153,7.000
-2.708,3.133,7.000
-2.737,3.142,7.000
-2.732,3.111,7.000
-2.744,3.100,7.000
-2.931,3.285,7.000
-2.769,3.079,7.000
-2.799,3.088,7.000
-2.838,3.106,7.000
-2.999,3.257,7.000
-2.826,3.045,7.000
-2.919,3.121,7.000
-2.922,3.100,7.000
-3.162,3.328,7.000
-2.956,3.086,7.000
-2.995,3.102,7.000
-2.989,3.072,7.000
-3.188,3.251,7.000
-2.995,3.030,7.000
-3.016,3.027,7.000
-3.000,2.988,7.000
-3.058,3.022,7.000
-3.070,3.010,7.000
-3.063,2.980,7.000
-3.037,2.931,7.000
-3.077,2.946,7.000
-3.117,2.961,7.000
-3.109,2.931,7.000
-3.102,2.901,7.000
-3.123,2.898,7.000
-3.124,2.876,7.000
-3.165,2.891,7.000
-3.176,2.878,7.000
-3.187,2.866,7.000
-3.199,2.853,7.000
-3.200,2.832,7.000
-3.384,2.971,7.000
-3.222,2.807,7.000
-3.312,2.862,7.000
-3.550,3.043,7.000
-3.478,2.958,7.000
-3.355,2.831,7.000
-3.267,2.734,7.000
-3.367,2.796,7.000
-3.398,2.799,7.000
-3.399,2.778,7.000
-3.390,2.748,7.000
-3.401,2.735,7.000
-3.431,2.737,7.000
-3.432,2.716,7.000
-3.473,2.726,7.000
-3.464,2.697,7.000
-3.504,2.707,7.000
-3.485,2.670,7.000
-3.485,2.648,7.000
-3.495,2.634,7.000
-3.526,2.636,7.000
-3.506,2.599,7.000
-3.536,2.601,7.000
-3.588,2.617,7.000
-3.473,2.512,7.000
-3.567,2.559,7.000
-3.577,2.545,7.000
-3.608,2.545,7.000
-3.586,2.509,7.000
-3.871,2.686,7.000
-3.637,2.503,7.000
-3.616,2.467,7.000
-3.657,2.474,7.000
-3.645,2.445,7.000
-3.655,2.431,7.000
-3.812,2.514,7.000
-3.717,2.430,7.000
-3.705,2.402,7.000
-3.682,2.366,7.000
-3.702,2.359,7.000
-3.646,2.303,7.000
-3.932,2.462,7.000
-3.740,2.322,7.000
-3.739,2.300,7.000
-3.759,2.292,7.000
-3.735,2.258,7.000
-4.001,2.397,7.000
-3.719,2.208,7.000
-3.783,2.226,7.000
-4.028,2.349,7.000
-3.812,2.203,7.000
-3.809,2.182,7.000
-4.098,2.326,7.000
-3.848,2.164,7.000
-3.846,2.143,7.000
-3.843,2.121,7.000
-4.049,2.214,7.000
-3.949,2.139,7.000
-3.879,2.082,7.000
-4.118,2.189,7.000
-3.873,2.040,7.000
-4.004,2.089,7.000
-4.143,2.141,7.000
-3.896,1.994,7.000
-4.006,2.030,7.000
-4.179,2.097,7.000
-4.033,2.004,7.000
-3.939,1.938,7.000
-4.060,1.978,7.000
-4.011,1.935,7.000
-4.019,1.919,7.000
-4.282,2.024,7.000
-4.079,1.908,7.000
-4.297,1.990,7.000
-4.261,1.953,7.000
-4.090,1.855,7.000
-4.109,1.844,7.000
-4.328,1.922,7.000
-4.112,1.807,7.000
-4.084,1.776,7.000
-4.114,1.769,7.000
-4.156,1.768,7.000
-4.139,1.742,7.000
-4.181,1.740,7.000
-4.141,1.705,7.000
-4.148,1.688,7.000
-4.143,1.667,7.000
-4.161,1.656,7.000
-4.109,1.616,7.000
-4.186,1.627,7.000
-4.215,1.620,7.000
-4.210,1.599,7.000
-4.216,1.582,7.000
-4.211,1.561,7.000
-4.435,1.625,7.000
-4.223,1.528,7.000
-4.217,1.507,7.000
-4.223,1.491,7.000
-4.229,1.474,7.000
-4.199,1.445,7.000
-4.216,1.433,7.000
-4.270,1.432,7.000
-4.275,1.416,7.000
-4.221,1.379,7.000
-4.262,1.374,7.000
-4.280,1.361,7.000
-4.586,1.439,7.000
-4.302,1.331,7.000
-4.331,1.322,7.000
-4.360,1.312,7.000
-4.574,1.357,7.000
-4.262,1.246,7.000
-4.316,1.243,7.000
-4.544,1.290,7.000
-4.325,1.209,7.000
-4.318,1.189,7.000
-4.274,1.159,7.000
-4.339,1.158,7.000
-4.368,1.147,7.000
-4.573,1.182,7.000
-4.531,1.152,7.000
-4.369,1.093,7.000
-4.633,1.140,7.000
-4.365,1.055,7.000
-4.394,1.044,7.000
-4.349,1.015,7.000
-4.341,0.995,7.000
-4.369,0.984,7.000
-4.385,0.969,7.000
-4.413,0.958,7.000
-4.667,0.993,7.000
-4.396,0.918,7.000
-4.424,0.905,7.000
-4.501,0.903,7.000
-4.444,0.873,7.000
-4.544,0.874,7.000
-4.413,0.831,7.000
-4.441,0.818,7.000
-4.420,0.796,7.000
-4.569,0.805,7.000
-4.438,0.764,7.000
-4.563,0.767,7.000
-4.518,0.741,7.000
-4.496,0.719,7.000
-4.511,0.704,7.000
-4.562,0.693,7.000
-4.824,0.714,7.000
-4.592,0.661,7.000
-4.595,0.643,7.000
-4.561,0.620,7.000
-4.539,0.599,7.000
-4.614,0.590,7.000
-4.568,0.566,7.000
-4.570,0.548,7.000
-4.572,0.530,7.000
-4.574,0.512,7.000
-4.576,0.494,7.000
-4.862,0.506,7.000
-4.841,0.484,7.000
-4.582,0.440,7.000
-4.595,0.423,7.000
-4.870,0.429,7.000
-4.599,0.387,7.000
-4.612,0.370,7.000
-4.874,0.372,7.000
-4.591,0.332,7.000
-4.592,0.314,7.000
-4.901,0.316,7.000
-4.570,0.276,7.000
-4.571,0.258,7.000
-4.893,0.257,7.000
-4.609,0.224,7.000
-4.659,0.208,7.000
-4.873,0.199,7.000
-4.587,0.169,7.000
-4.563,0.150,7.000
-4.932,0.143,7.000
-4.601,0.115,7.000
-4.626,0.098,7.000
-4.888,0.084,7.000
-4.614,0.061,7.000
-4.602,0.043,7.000
-4.603,0.025,7.000
-4.603,0.007,7.000
-4.578,-0.011,7.000
-4.615,-0.029,7.000
-4.602,-0.047,7.000
-4.876,-0.069,7.000
-4.864,-0.088,7.000
-4.565,-0.101,7.000
-4.539,-0.118,7.000
-4.601,-0.138,7.000
-4.612,-0.156,7.000
-4.612,-0.174,7.000
-4.599,-0.192,7.000
-4.941,-0.226,7.000
-4.940,-0.245,7.000
-4.645,-0.249,7.000
-4.570,-0.263,7.000
-4.856,-0.298,7.000
-4.832,-0.316,7.000
-4.592,-0.318,7.000
-4.615,-0.338,7.000
-4.589,-0.355,7.000
-4.636,-0.376,7.000
-4.574,-0.390,7.000
-4.597,-0.410,7.000
-4.607,-0.429,7.000
-4.569,-0.443,7.000
-4.567,-0.461,7.000
-4.862,-0.510,7.000
-4.624,-0.504,7.000
-4.561,-0.515,7.000
-4.821,-0.564,7.000
-4.830,-0.584,7.000
-4.567,-0.570,7.000
-4.565,-0.588,7.000
-4.575,-0.608,7.000
-4.832,-0.661,7.000
-4.618,-0.651,7.000
-4.543,-0.658,7.000
-4.637,-0.690,7.000
-4.728,-0.723,7.000
-4.535,-0.712,7.000
-4.580,-0.737,7.000
-4.480,-0.739,7.000
-4.622,-0.781,7.000
-4.559,-0.789,7.000
-4.628,-0.820,7.000
-4.683,-0.849,7.000
-4.656,-0.863,7.000
-4.618,-0.874,7.000
-4.626,-0.895,7.000
-4.599,-0.908,7.000
-4.619,-0.931,7.000
-4.556,-0.937,7.000
-4.552,-0.955,7.000
-4.596,-0.983,7.000
-4.650,-1.014,7.000
-4.600,-1.022,7.000
-4.560,-1.032,7.000
-4.592,-1.058,7.000
-4.771,-1.119,7.000
-4.583,-1.094,7.000
-4.648,-1.129,7.000
-4.779,-1.180,7.000
-4.570,-1.148,7.000
-4.542,-1.160,7.000
-4.561,-1.184,7.000
-4.579,-1.208,7.000
-4.551,-1.219,7.000
-4.500,-1.225,7.000
-4.542,-1.255,7.000
-4.525,-1.270,7.000
-4.520,-1.287,7.000
-4.538,-1.312,7.000
-4.521,-1.326,7.000
-4.573,-1.361,7.000
-4.534,-1.369,7.000
-4.505,-1.380,7.000
-4.534,-1.408,7.000
-4.483,-1.411,7.000
-4.489,-1.433,7.000
-4.728,-1.529,7.000
-4.454,-1.460,7.000
-4.460,-1.482,7.000
-4.477,-1.507,7.000
-4.460,-1.520,7.000
-4.431,-1.530,7.000
-4.448,-1.555,7.000
-4.441,-1.573,7.000
-4.677,-1.677,7.000
-4.418,-1.604,7.000
-4.423,-1.625,7.000
-4.416,-1.642,7.000
-4.421,-1.664,7.000
-4.392,-1.673,7.000
-4.352,-1.677,7.000
-4.390,-1.712,7.000
-4.383,-1.729,7.000
-4.625,-1.846,7.000
-4.358,-1.759,7.000
-4.362,-1.780,7.000
-4.366,-1.802,7.000
-4.627,-1.931,7.000
-4.341,-1.832,7.000
-4.323,-1.844,7.000
-4.392,-1.894,7.000
-4.565,-1.990,7.000
-4.312,-1.900,7.000
-4.304,-1.917,7.000
-4.297,-1.934,7.000
-4.300,-1.955,7.000
-4.281,-1.967,7.000
-4.295,-1.994,7.000
-4.266,-2.001,7.000
-4.258,-2.018,7.000
-4.492,-2.150,7.000
-4.494,-2.173,7.000
-4.245,-2.073,7.000
-4.300,-2.121,7.000
-4.217,-2.101,7.000
-4.188,-2.107,7.000
-4.212,-2.139,7.000
-4.171,-2.139,7.000
-4.173,-2.161,7.000
-4.175,-2.183,7.000
-4.167,-2.200,7.000
-4.169,-2.222,7.000
-4.107,-2.210,7.000
-4.119,-2.237,7.000
-4.132,-2.265,7.000
-4.123,-2.281,7.000
-4.103,-2.291,7.000
-4.105,-2.313,7.000
-4.054,-2.306,7.000
-4.086,-2.346,7.000
-4.077,-2.362,7.000
-4.068,-2.378,7.000
-4.058,-2.394,7.000
-4.049,-2.410,7.000
-4.121,-2.474,7.000
-4.020,-2.435,7.000
-4.041,-2.470,7.000
-4.011,-2.473,7.000
-4.082,-2.539,7.000
-3.991,-2.504,7.000
-4.071,-2.577,7.000
-3.971,-2.536,7.000
-4.051,-2.609,7.000
-4.176,-2.713,7.000
-4.011,-2.628,7.000
-3.931,-2.598,7.000
-4.144,-2.762,7.000
-4.143,-2.785,7.000
-3.930,-2.664,7.000
-3.880,-2.652,7.000
-4.156,-2.865,7.000
-4.172,-2.901,7.000
-3.936,-2.759,7.000
-3.925,-2.775,7.000
-4.046,-2.884,7.000
-3.893,-2.799,7.000
-3.902,-2.828,7.000
-4.066,-2.972,7.000
-3.879,-2.858,7.000
-3.773,-2.803,7.000
-4.067,-3.046,7.000
-4.037,-3.049,7.000
-3.787,-2.883,7.000
-3.822,-2.934,7.000
-4.018,-3.110,7.000
-4.032,-3.146,7.000
-3.787,-2.979,7.000
-3.711,-2.942,7.000
-3.764,-3.009,7.000
-3.878,-3.125,7.000
-3.731,-3.031,7.000
-3.701,-3.030,7.000
-3.698,-3.052,7.000
-3.914,-3.257,7.000
-3.665,-3.074,7.000
-3.680,-3.111,7.000
-3.842,-3.274,7.000
-3.610,-3.101,7.000
-3.625,-3.139,7.000
-3.622,-3.161,7.000
-3.600,-3.167,7.000
-3.597,-3.189,7.000
-3.593,-3.211,7.000
-3.571,-3.217,7.000
-3.567,-3.239,7.000
-3.724,-3.408,7.000
-3.559,-3.283,7.000
-3.520,-3.273,7.000
-3.567,-3.343,7.000
-3.452,-3.260,7.000
-3.473,-3.306,7.000
-3.417,-3.279,7.000
-3.447,-3.333,7.000
-3.434,-3.347,7.000
-3.446,-3.385,7.000
-3.416,-3.382,7.000
-3.394,-3.387,7.000
-3.389,-3.409,7.000
-3.367,-3.414,7.000
-3.354,-3.427,7.000
-3.349,-3.448,7.000
-3.335,-3.462,7.000
-3.338,-3.492,7.000
-3.316,-3.496,7.000
-3.413,-3.627,7.000
-3.304,-3.539,7.000
-3.274,-3.535,7.000
-3.261,-3.548,7.000
-3.199,-3.508,7.000
-3.272,-3.617,7.000
-3.226,-3.595,7.000
-3.204,-3.599,7.000
-3.206,-3.629,7.000
-3.161,-3.606,7.000
-3.154,-3.627,7.000
-3.124,-3.622,7.000
-3.289,-3.843,7.000
-3.141,-3.700,7.000
-3.104,-3.685,7.000
-3.286,-3.933,7.000
-3.068,-3.701,7.000
-3.090,-3.758,7.000
-3.061,-3.752,7.000
-3.175,-3.924,7.000
-3.002,-3.739,7.000
-2.965,-3.723,7.000
-2.987,-3.781,7.000
-2.965,-3.784,7.000
-3.098,-3.985,7.000
-3.089,-4.006,7.000
-2.927,-3.828,7.000
-2.905,-3.830,7.000
-2.883,-3.832,7.000
-2.875,-3.852,7.000
-2.867,-3.873,7.000
-2.816,-3.837,7.000
-2.815,-3.867,7.000
-2.821,-3.907,7.000
-2.785,-3.889,7.000
-2.749,-3.871,7.000
-2.761,-3.920,7.000
-2.745,-3.931,7.000
-2.737,-3.952,7.000
-2.721,-3.962,7.000
-2.706,-3.973,7.000
-2.697,-3.993,7.000
-2.681,-4.004,7.000
-2.652,-3.995,7.000
-2.775,-4.216,7.000
-2.588,-3.966,7.000
-2.760,-4.266,7.000
-2.602,-4.056,7.000
-2.573,-4.046,7.000
-2.716,-4.308,7.000
-2.554,-4.086,7.000
-2.550,-4.116,7.000
-2.653,-4.320,7.000
-2.493,-4.096,7.000
-2.489,-4.126,7.000
-2.479,-4.146,7.000
-2.498,-4.215,7.000
-2.434,-4.145,7.000
-2.447,-4.205,7.000
-2.419,-4.194,7.000
-2.554,-4.469,7.000
-2.426,-4.284,7.000
-2.398,-4.273,7.000
-2.381,-4.282,7.000
-2.364,-4.292,7.000
-2.429,-4.450,7.000
-2.320,-4.290,7.000
-2.314,-4.319,7.000
-2.418,-4.557,7.000
-2.258,-4.296,7.000
-2.294,-4.407,7.000
-2.261,-4.386,7.000
-2.356,-4.613,7.000
-2.323,-4.593,7.000
-2.184,-4.361,7.000
-2.192,-4.421,7.000
-2.170,-4.419,7.000
-2.142,-4.407,7.000
-2.130,-4.426,7.000
-2.108,-4.424,7.000
-2.095,-4.442,7.000
-2.078,-4.450,7.000
-2.065,-4.469,7.000
-2.043,-4.467,7.000
-2.015,-4.454,7.000
-2.007,-4.483,7.000
-1.985,-4.480,7.000
-2.076,-4.734,7.000
-1.959,-4.516,7.000
-1.932,-4.503,7.000
-1.928,-4.542,7.000
-1.923,-4.581,7.000
-1.883,-4.536,7.000
-1.857,-4.522,7.000
-1.843,-4.540,7.000
-1.830,-4.558,7.000
-1.887,-4.754,7.000
-1.794,-4.572,7.000
-1.768,-4.558,7.000
-1.850,-4.827,7.000
-1.736,-4.582,7.000
-1.718,-4.589,7.000
-1.793,-4.848,7.000
-1.682,-4.602,7.000
-1.667,-4.620,7.000
-1.649,-4.626,7.000
-1.631,-4.633,7.000
-1.701,-4.893,7.000
-1.595,-4.645,7.000
-1.580,-4.663,7.000
-1.650,-4.933,7.000
-1.543,-4.675,7.000
-1.514,-4.648,7.000
-1.579,-4.911,7.000
-1.485,-4.682,7.000
-1.470,-4.699,7.000
-1.468,-4.759,7.000
-1.416,-4.655,7.000
-1.421,-4.737,7.000
-1.405,-4.754,7.000
-1.364,-4.682,7.000
-1.359,-4.732,7.000
-1.337,-4.726,7.000
-1.315,-4.720,7.000
-1.297,-4.725,7.000
-1.278,-4.730,7.000
-1.256,-4.724,7.000
-1.244,-4.751,7.000
-1.219,-4.734,7.000
-1.204,-4.750,7.000
-1.185,-4.755,7.000
-1.163,-4.748,7.000
-1.153,-4.786,7.000
-1.129,-4.768,7.000
-1.115,-4.795,7.000
-1.083,-4.743,7.000
-1.075,-4.792,7.000
-1.049,-4.763,7.000
-1.087,-5.031,7.000
-1.004,-4.737,7.000
-0.997,-4.797,7.000
-0.997,-4.891,7.000
-0.977,-4.895,7.000
-0.943,-4.820,7.000
-0.939,-4.902,7.000
-0.922,-4.917,7.000
-0.906,-4.943,7.000
-0.885,-4.935,7.000
-0.909,-5.187,7.000
-0.858,-5.008,7.000
-0.817,-4.889,7.000
-0.802,-4.915,7.000
-0.790,-4.963,7.000
-0.768,-4.955,7.000
-0.783,-5.186,7.000
-0.771,-5.242,7.000
-0.704,-4.919,7.000
-0.687,-4.944,7.000
-0.671,-4.969,7.000
-0.650,-4.960,7.000
-0.629,-4.952,7.000
-0.601,-4.886,7.000
-0.617,-5.187,7.000
-0.601,-5.221,7.000
-0.551,-4.961,7.000
-0.530,-4.952,7.000
-0.513,-4.976,7.000
-0.494,-4.978,7.000
-0.475,-4.991,7.000
-0.457,-5.004,7.000
-0.434,-4.973,7.000
-0.416,-4.997,7.000
-0.396,-4.987,7.000
-0.377,-5.000,7.000
-0.357,-5.001,7.000
-0.336,-4.980,7.000
-0.318,-5.004,7.000
-0.313,-5.246,7.000
-0.279,-5.006,7.000
-0.256,-4.951,7.000
-0.238,-4.974,7.000
-0.219,-4.998,7.000
-0.211,-5.294,7.000
-0.189,-5.252,7.000
-0.168,-5.253,7.000
-0.148,-5.275,7.000
-0.121,-5.013,7.000
-0.103,-5.069,7.000
-0.082,-5.002,7.000
-0.062,-5.002,7.000
-0.042,-5.003,7.000
-0.022,-4.934,7.000
-0.003,-5.003,7.000
0.017,-4.991,7.000
0.036,-5.025,7.000
0.059,-5.245,7.000
0.076,-5.013,7.000
0.095,-4.979,7.000
0.115,-5.013,7.000
0.134,-5.001,7.000
0.154,-5.000,7.000
0.183,-5.252,7.000
0.194,-5.022,7.000
0.213,-4.998,7.000
0.233,-4.997,7.000
0.266,-5.270,7.000
0.287,-5.280,7.000
0.290,-4.960,7.000
0.310,-4.982,7.000
0.331,-4.992,7.000
0.350,-4.990,7.000
0.367,-4.944,7.000
0.390,-4.988,7.000
0.409,-4.986,7.000
0.430,-4.996,7.000
0.450,-5.005,7.000
0.467,-4.970,7.000
0.486,-4.968,7.000
0.507,-4.977,7.000
0.524,-4.952,7.000
0.547,-4.984,7.000
0.564,-4.959,7.000
0.585,-4.968,7.000
0.603,-4.955,7.000
0.624,-4.964,7.000
0.639,-4.927,7.000
0.663,-4.959,7.000
0.681,-4.945,7.000
0.701,-4.942,7.000
0.757,-5.190,7.000
0.743,-4.959,7.000
0.766,-4.978,7.000
0.816,-5.170,7.000
0.840,-5.188,7.000
0.821,-4.946,7.000
0.838,-4.932,7.000
0.859,-4.940,7.000
0.879,-4.936,7.000
0.894,-4.911,7.000
0.920,-4.940,7.000
0.929,-4.881,7.000
0.954,-4.911,7.000
0.973,-4.907,7.000
0.990,-4.892,7.000
1.014,-4.910,7.000
1.034,-4.906,7.000
1.053,-4.902,7.000
1.070,-4.887,7.000
1.086,-4.872,7.000
1.106,-4.867,7.000
1.130,-4.885,7.000
1.141,-4.848,7.000
1.173,-4.898,7.000
1.185,-4.860,7.000
1.204,-4.856,7.000
1.223,-4.851,7.000
1.245,-4.857,7.000
1.258,-4.830,7.000
1.283,-4.847,7.000
1.296,-4.820,7.000
1.387,-5.080,7.000
1.407,-5.075,7.000
1.356,-4.816,7.000
1.375,-4.810,7.000
1.464,-5.048,7.000
1.484,-5.042,7.000
1.425,-4.772,7.000
1.463,-4.831,7.000
1.465,-4.771,7.000
1.488,-4.776,7.000
1.500,-4.749,7.000
1.529,-4.775,7.000
1.533,-4.726,7.000
1.562,-4.752,7.000
1.578,-4.736,7.000
1.593,-4.719,7.000
1.618,-4.734,7.000
1.637,-4.727,7.000
1.652,-4.710,7.000
1.663,-4.682,7.000
1.708,-4.750,7.000
1.707,-4.690,7.000
1.730,-4.694,7.000
1.756,-4.709,7.000
1.762,-4.670,7.000
1.781,-4.663,7.000
1.799,-4.656,7.000
1.817,-4.649,7.000
1.836,-4.642,7.000
1.845,-4.613,7.000
1.863,-4.606,7.000
2.006,-4.904,7.000
1.913,-4.623,7.000
1.939,-4.636,7.000
1.944,-4.597,7.000
2.062,-4.822,7.000
1.985,-4.592,7.000
1.998,-4.574,7.000
2.012,-4.556,7.000
2.044,-4.579,7.000
2.052,-4.550,7.000
2.079,-4.562,7.000
2.088,-4.534,7.000
2.115,-4.546,7.000
2.119,-4.507,7.000
2.141,-4.509,7.000
2.164,-4.511,7.000
2.186,-4.512,7.000
2.189,-4.473,7.000
2.217,-4.485,7.000
2.234,-4.476,7.000
2.247,-4.457,7.000
2.259,-4.438,7.000
2.287,-4.449,7.000
2.305,-4.440,7.000
2.317,-4.421,7.000
2.334,-4.412,7.000
2.351,-4.403,7.000
2.385,-4.423,7.000
2.517,-4.626,7.000
2.409,-4.385,7.000
2.404,-4.336,7.000
2.437,-4.356,7.000
2.443,-4.326,7.000
2.477,-4.346,7.000
2.489,-4.327,7.000
2.511,-4.327,7.000
2.528,-4.317,7.000
2.534,-4.287,7.000
2.574,-4.316,7.000
2.715,-4.513,7.000
2.732,-4.502,7.000
2.733,-4.464,7.000
2.635,-4.266,7.000
2.646,-4.246,7.000
2.675,-4.254,7.000
2.815,-4.438,7.000
2.684,-4.195,7.000
2.700,-4.185,7.000
2.710,-4.164,7.000
2.890,-4.402,7.000
2.913,-4.400,7.000
2.797,-4.189,7.000
2.801,-4.159,7.000
2.817,-4.148,7.000
2.865,-4.183,7.000
2.811,-4.070,7.000
2.879,-4.133,7.000
2.875,-4.094,7.000
2.885,-4.073,7.000
2.908,-4.071,7.000
2.923,-4.060,7.000
2.926,-4.030,7.000
2.955,-4.037,7.000
2.971,-4.025,7.000
2.994,-4.022,7.000
3.016,-4.019,7.000
3.012,-3.981,7.000
3.027,-3.969,7.000
3.056,-3.975,7.000
3.058,-3.945,7.000
3.067,-3.924,7.000
3.103,-3.938,7.000
3.112,-3.917,7.000
3.127,-3.905,7.000
3.149,-3.902,7.000
3.172,-3.898,7.000
3.187,-3.885,7.000
3.188,-3.855,7.000
3.196,-3.834,7.000
3.211,-3.822,7.000
3.204,-3.783,7.000
3.248,-3.805,7.000
3.233,-3.758,7.000
3.307,-3.813,7.000
3.285,-3.758,7.000
3.322,-3.770,7.000
3.322,-3.740,7.000
3.344,-3.736,7.000
3.344,-3.706,7.000
3.366,-3.701,7.000
3.373,-3.679,7.000
3.372,-3.649,7.000
3.394,-3.644,7.000
3.432,-3.656,7.000
3.446,-3.642,7.000
3.507,-3.677,7.000
3.467,-3.607,7.000
3.528,-3.642,7.000
3.487,-3.572,7.000
3.525,-3.582,7.000
3.515,-3.544,7.000
3.553,-3.554,7.000
3.527,-3.500,7.000
3.548,-3.494,7.000
3.578,-3.496,7.000
3.781,-3.666,7.000
3.606,-3.468,7.000
3.578,-3.415,7.000
3.616,-3.424,7.000
3.630,-3.410,7.000
3.660,-3.411,7.000
3.681,-3.404,7.000
3.711,-3.405,7.000
3.708,-3.375,7.000
3.721,-3.361,7.000
3.726,-3.338,7.000
3.739,-3.324,7.000
3.752,-3.309,7.000
3.748,-3.279,7.000
3.786,-3.287,7.000
3.765,-3.242,7.000
3.846,-3.286,7.000
3.825,-3.242,7.000
3.829,-3.220,7.000
3.842,-3.205,7.000
4.057,-3.357,7.000
4.062,-3.335,7.000
3.888,-3.166,7.000
3.883,-3.137,7.000
3.930,-3.150,7.000
3.934,-3.127,7.000
4.118,-3.248,7.000
3.932,-3.075,7.000
3.970,-3.081,7.000
3.982,-3.065,7.000
3.985,-3.042,7.000
3.988,-3.020,7.000
4.027,-3.024,7.000
3.976,-2.961,7.000
4.015,-2.966,7.000
4.035,-2.957,7.000
4.047,-2.941,7.000
4.049,-2.918,7.000
4.079,-2.916,7.000
4.296,-3.045,7.000
4.083,-2.870,7.000
4.095,-2.854,7.000
4.097,-2.832,7.000
4.108,-2.816,7.000
4.193,-2.850,7.000
4.358,-2.937,7.000
4.159,-2.780,7.000
4.189,-2.776,7.000
4.200,-2.759,7.000
4.386,-2.857,7.000
4.221,-2.726,7.000
4.165,-2.667,7.000
4.224,-2.681,7.000
4.225,-2.658,7.000
4.235,-2.642,7.000
4.255,-2.631,7.000
4.256,-2.608,7.000
4.276,-2.597,7.000
4.286,-2.581,7.000
4.286,-2.558,7.000
4.277,-2.530,7.000
4.296,-2.518,7.000
4.316,-2.507,7.000
4.375,-2.518,7.000
4.276,-2.439,7.000
4.276,-2.417,7.000
4.355,-2.439,7.000
4.345,-2.411,7.000
4.394,-2.416,7.000
4.353,-2.371,7.000
4.403,-2.376,7.000
4.382,-2.342,7.000
4.461,-2.362,7.000
4.370,-2.292,7.000
4.429,-2.301,7.000
4.428,-2.278,7.000
4.467,-2.276,7.000
4.446,-2.244,7.000
4.495,-2.246,7.000
4.433,-2.193,7.000
4.493,-2.201,7.000
4.398,-2.133,7.000
4.530,-2.175,7.000
4.508,-2.143,7.000
4.537,-2.135,7.000
4.535,-2.112,7.000
4.408,-2.032,7.000
4.562,-2.081,7.000
4.518,-2.040,7.000
4.557,-2.036,7.000
4.576,-2.023,7.000
4.604,-2.014,7.000
4.602,-1.991,7.000
4.620,-1.978,7.000
4.533,-1.920,7.000
4.594,-1.924,7.000
4.612,-1.910,7.000
4.619,-1.892,7.000
4.531,-1.835,7.000
4.879,-1.954,7.000
4.567,-1.808,7.000
4.574,-1.790,7.000
4.697,-1.817,7.000
4.959,-1.896,7.000
4.659,-1.760,7.000
4.580,-1.710,7.000
4.672,-1.723,7.000
4.560,-1.662,7.000
4.654,-1.675,7.000
4.628,-1.645,7.000
4.720,-1.657,7.000
4.955,-1.718,7.000
4.636,-1.587,7.000
4.653,-1.572,7.000
4.648,-1.550,7.000
4.643,-1.529,7.000
4.715,-1.532,7.000
4.807,-1.541,7.000
4.672,-1.477,7.000
4.754,-1.483,7.000
4.951,-1.523,7.000
4.873,-1.478,7.000
4.706,-1.407,7.000
4.722,-1.392,7.000
4.717,-1.370,7.000
4.970,-1.422,7.000
4.727,-1.333,7.000
4.710,-1.308,7.000
4.771,-1.305,7.000
4.720,-1.271,7.000
4.725,-1.252,7.000
4.741,-1.237,7.000
4.757,-1.221,7.000
4.773,-1.205,7.000
4.722,-1.172,7.000
4.749,-1.159,7.000
4.821,-1.157,7.000
5.010,-1.181,7.000
4.785,-1.108,7.000
4.767,-1.085,7.000
4.805,-1.073,7.000
4.809,-1.054,7.000
4.779,-1.028,7.000
4.783,-1.010,7.000
5.062,-1.048,7.000
5.066,-1.028,7.000
4.817,-0.958,7.000
4.844,-0.943,7.000
4.813,-0.918,7.000
4.828,-0.901,7.000
5.074,-0.926,7.000
4.858,-0.867,7.000
4.816,-0.840,7.000
4.853,-0.827,7.000
5.099,-0.848,7.000
4.871,-0.790,7.000
4.851,-0.768,7.000
5.087,-0.784,7.000
4.823,-0.724,7.000
4.814,-0.704,7.000
4.863,-0.691,7.000
4.854,-0.671,7.000
4.845,-0.650,7.000
4.859,-0.632,7.000
4.850,-0.612,7.000
4.864,-0.594,7.000
4.866,-0.575,7.000
4.880,-0.557,7.000
4.882,-0.538,7.000
4.941,-0.525,7.000
4.897,-0.501,7.000
5.133,-0.505,7.000
4.890,-0.461,7.000
4.903,-0.443,7.000
4.870,-0.421,7.000
4.883,-0.403,7.000
4.896,-0.384,7.000
4.886,-0.364,7.000
4.876,-0.344,7.000
4.889,-0.326,7.000
4.879,-0.306,7.000
4.892,-0.287,7.000
4.881,-0.268,7.000
4.928,-0.251,7.000
5.142,-0.241,7.000
5.143,-0.221,7.000
4.908,-0.192,7.000
4.816,-0.169,7.000
5.034,-0.157,7.000
5.079,-0.139,7.000
4.887,-0.114,7.000
4.806,-0.093,7.000
4.841,-0.075,7.000
4.830,-0.056,7.000
5.059,-0.039,7.000
5.048,-0.019,7.000
4.783,0.001,7.000
4.441,0.018,7.500
4.516,0.037,7.500
4.771,0.057,7.500
4.490,0.072,7.500
4.528,0.090,7.500
4.439,0.106,7.500
4.489,0.125,7.500
4.745,0.150,7.500
4.450,0.158,7.500
4.525,0.179,7.500
4.474,0.195,7.500
4.511,0.214,7.500
4.485,0.230,7.500
4.459,0.247,7.500
4.369,0.259,7.500
4.381,0.277,7.500
4.418,0.297,7.500
4.379,0.311,7.500
4.478,0.336,7.500
4.376,0.346,7.500
4.375,0.363,7.500
4.373,0.380,7.500
4.346,0.395,7.500
4.370,0.414,7.500
4.356,0.430,7.500
4.328,0.445,7.500
4.365,0.466,7.500
4.363,0.483,7.500
4.361,0.500,7.500
4.643,0.551,7.500
4.357,0.534,7.500
4.405,0.558,7.500
4.353,0.569,7.500
4.363,0.587,7.500
4.335,0.601,7.500
4.333,0.618,7.500
4.381,0.642,7.500
4.328,0.652,7.500
4.300,0.665,7.500
4.323,0.686,7.500
4.383,0.713,7.500
4.317,0.720,7.500
4.276,0.730,7.500
4.299,0.752,7.500
4.193,0.750,7.500
4.305,0.788,7.500
4.302,0.805,7.500
4.171,0.797,7.500
4.194,0.819,7.500
4.204,0.838,7.500
4.187,0.852,7.500
4.184,0.868,7.500
4.142,0.876,7.500
4.151,0.895,7.500
4.122,0.906,7.500
4.157,0.931,7.500
4.179,0.953,7.500
4.471,1.038,7.500
4.443,1.050,7.500
4.193,1.008,7.500
4.214,1.031,7.500
4.197,1.044,7.500
4.130,1.045,7.500
4.422,1.137,7.500
4.134,1.080,7.500
4.155,1.103,7.500
4.075,1.099,7.500
4.121,1.129,7.500
4.104,1.142,7.500
4.100,1.158,7.500
4.095,1.174,7.500
4.141,1.205,7.500
4.111,1.214,7.500
4.362,1.306,7.500
4.089,1.242,7.500
4.071,1.254,7.500
4.079,1.274,7.500
4.269,1.352,7.500
4.324,1.388,7.500
3.950,1.285,7.500
3.958,1.305,7.500
4.248,1.419,7.500
3.909,1.323,7.500
3.929,1.347,7.500
3.949,1.371,7.500
4.272,1.502,7.500
3.913,1.393,7.500
3.882,1.400,7.500
3.927,1.433,7.500
3.833,1.416,7.500
3.903,1.459,7.500
3.885,1.470,7.500
3.892,1.490,7.500
4.164,1.613,7.500
4.158,1.629,7.500
3.862,1.531,7.500
3.805,1.526,7.500
3.824,1.551,7.500
3.868,1.586,7.500
3.762,1.560,7.500
3.806,1.596,7.500
3.699,1.568,7.500
3.818,1.636,7.500
4.098,1.775,7.500
4.137,1.812,7.500
3.674,1.626,7.500
3.718,1.663,7.500
3.918,1.771,7.500
3.655,1.670,7.500
3.661,1.690,7.500
3.666,1.710,7.500
3.660,1.724,7.500
3.616,1.721,7.500
3.609,1.735,7.500
3.639,1.767,7.500
3.608,1.769,7.500
3.563,1.765,7.500
3.618,1.810,7.500
3.872,1.956,7.500
3.579,1.826,7.500
3.572,1.840,7.500
3.528,1.835,7.500
3.594,1.887,7.500
3.464,1.836,7.500
3.543,1.896,7.500
3.690,1.993,7.500
3.705,2.021,7.500
3.686,2.029,7.500
3.701,2.056,7.500
3.408,1.911,7.500
3.400,1.924,7.500
3.368,1.923,7.500
3.373,1.944,7.500
3.377,1.964,7.500
3.370,1.977,7.500
3.654,2.164,7.500
3.634,2.171,7.500
3.358,2.024,7.500
3.302,2.008,7.500
3.330,2.043,7.500
3.274,2.026,7.500
3.290,2.054,7.500
3.294,2.075,7.500
3.309,2.103,7.500
3.182,2.039,7.500
3.257,2.106,7.500
3.141,2.048,7.500
3.157,2.076,7.500
3.161,2.097,7.500
3.165,2.117,7.500
3.156,2.130,7.500
3.136,2.134,7.500
3.128,2.146,7.500
3.131,2.167,7.500
3.384,2.362,7.500
3.102,2.183,7.500
3.047,2.162,7.500
3.062,2.191,7.500
3.076,2.219,7.500
3.056,2.223,7.500
3.082,2.260,7.500
3.061,2.264,7.500
3.041,2.267,7.500
3.288,2.472,7.500
3.268,2.477,7.500
2.945,2.250,7.500
2.994,2.306,7.500
3.270,2.540,7.500
3.271,2.561,7.500
2.989,2.359,7.500
2.957,2.353,7.500
2.959,2.374,7.500
2.848,2.303,7.500
2.862,2.333,7.500
2.852,2.344,7.500
2.832,2.346,7.500
2.823,2.357,7.500
2.813,2.368,7.500
2.793,2.369,7.500
2.806,2.399,7.500
2.763,2.382,7.500
2.787,2.421,7.500
2.766,2.423,7.500
2.735,2.414,7.500
2.714,2.415,7.500
2.971,2.664,7.500
2.971,2.685,7.500
2.729,2.486,7.500
2.698,2.477,7.500
2.929,2.711,7.500
2.928,2.732,7.500
2.679,2.519,7.500
2.658,2.519,7.500
2.906,2.775,7.500
2.638,2.540,7.500
2.639,2.561,7.500
2.618,2.561,7.500
2.587,2.550,7.500
2.598,2.581,7.500
2.483,2.486,7.500
2.700,2.725,7.500
2.484,2.527,7.500
2.557,2.622,7.500
2.433,2.514,7.500
2.444,2.545,7.500
2.455,2.577,7.500
2.382,2.520,7.500
2.414,2.574,7.500
2.404,2.583,7.500
2.404,2.604,7.500
2.393,2.613,7.500
2.322,2.555,7.500
2.373,2.632,7.500
2.362,2.641,7.500
2.342,2.639,7.500
2.563,2.911,7.500
2.486,2.846,7.500
2.360,2.723,7.500
2.310,2.687,7.500
2.526,2.962,7.500
2.542,3.004,7.500
2.269,2.703,7.500
2.315,2.780,7.500
2.257,2.732,7.500
2.467,3.011,7.500
2.235,2.750,7.500
2.177,2.700,7.500
2.232,2.791,7.500
2.203,2.776,7.500
2.164,2.749,7.500
2.134,2.733,7.500
2.170,2.802,7.500
2.150,2.798,7.500
2.148,2.819,7.500
2.137,2.827,7.500
2.126,2.835,7.500
2.105,2.832,7.500
2.103,2.852,7.500
2.092,2.860,7.500
2.063,2.844,7.500
2.113,2.937,7.500
2.058,2.885,7.500
2.038,2.880,7.500
2.035,2.901,7.500
2.083,2.994,7.500
2.203,3.192,7.500
1.984,2.900,7.500
1.998,2.945,7.500
2.173,3.230,7.500
1.966,2.948,7.500
1.947,2.943,7.500
1.943,2.963,7.500
1.940,2.983,7.500
1.912,2.966,7.500
2.089,3.268,7.500
1.888,2.981,7.500
1.877,2.988,7.500
1.865,2.996,7.500
1.845,2.990,7.500
1.904,3.112,7.500
1.790,2.952,7.500
1.818,3.024,7.500
1.806,3.032,7.500
1.794,3.039,7.500
1.759,3.006,7.500
1.777,3.066,7.500
1.765,3.073,7.500
1.783,3.131,7.500
1.726,3.060,7.500
1.736,3.106,7.500
1.724,3.113,7.500
1.712,3.120,7.500
1.756,3.231,7.500
1.832,3.403,7.500
1.898,3.557,7.500
1.649,3.120,7.500
1.601,3.059,7.500
1.645,3.173,7.500
1.666,3.245,7.500
1.764,3.470,7.500
1.607,3.192,7.500
1.641,3.291,7.500
1.555,3.150,7.500
1.697,3.472,7.500
1.544,3.190,7.500
1.589,3.316,7.500
1.557,3.283,7.500
1.525,3.248,7.500
1.544,3.321,7.500
1.543,3.354,7.500
1.530,3.360,7.500
1.645,3.651,7.500
1.485,3.332,7.500
1.484,3.365,7.500
1.482,3.397,7.500
1.587,3.676,7.500
1.427,3.341,7.500
1.425,3.374,7.500
1.554,3.720,7.500
1.393,3.371,7.500
1.385,3.390,7.500
1.377,3.409,7.500
1.369,3.428,7.500
1.351,3.420,7.500
1.332,3.412,7.500
1.313,3.403,7.500
1.279,3.353,7.500
1.292,3.427,7.500
1.293,3.473,7.500
1.259,3.423,7.500
1.271,3.497,7.500
1.238,3.447,7.500
1.244,3.507,7.500
1.210,3.457,7.500
1.187,3.434,7.500
1.183,3.466,7.500
1.174,3.485,7.500
1.151,3.461,7.500
1.253,3.818,7.500
1.268,3.913,7.500
1.115,3.489,7.500
1.101,3.493,7.500
1.189,3.824,7.500
1.174,3.828,7.500
1.094,3.617,7.500
1.096,3.676,7.500
1.073,3.653,7.500
1.144,3.951,7.500
1.041,3.648,7.500
1.034,3.679,7.500
1.004,3.628,7.500
1.099,4.033,7.500
0.983,3.664,7.500
0.969,3.668,7.500
0.951,3.657,7.500
0.933,3.647,7.500
0.946,3.762,7.500
0.907,3.668,7.500
0.900,3.700,7.500
0.889,3.717,7.500
0.867,3.693,7.500
0.856,3.710,7.500
0.838,3.699,7.500
0.821,3.689,7.500
0.809,3.706,7.500
0.795,3.709,7.500
0.768,3.656,7.500
0.766,3.715,7.500
0.809,4.006,7.500
0.736,3.721,7.500
0.722,3.724,7.500
0.769,4.055,7.500
0.687,3.701,7.500
0.691,3.802,7.500
0.663,3.735,7.500
0.648,3.737,7.500
0.631,3.726,7.500
0.626,3.785,7.500
0.602,3.731,7.500
0.592,3.761,7.500
0.577,3.764,7.500
0.560,3.752,7.500
0.539,3.711,7.500
0.577,4.086,7.500
0.514,3.744,7.500
0.501,3.760,7.500
0.486,3.762,7.500
0.472,3.764,7.500
0.457,3.766,7.500
0.442,3.767,7.500
0.430,3.798,7.500
0.447,4.089,7.500
0.401,3.801,7.500
0.415,4.093,7.500
0.368,3.775,7.500
0.356,3.805,7.500
0.364,4.070,7.500
0.325,3.794,7.500
0.310,3.795,7.500
0.295,3.796,7.500
0.279,3.783,7.500
0.266,3.813,7.500
0.249,3.785,7.500
0.232,3.757,7.500
0.219,3.787,7.500
0.207,3.831,7.500
0.190,3.789,7.500
0.188,4.069,7.500
0.173,4.110,7.500
0.146,3.819,7.500
0.130,3.791,7.500
0.125,4.125,7.500
0.110,4.152,7.500
0.085,3.792,7.500
0.070,3.764,7.500
0.055,3.779,7.500
0.040,3.779,7.500
0.026,3.779,7.500
0.011,3.793,7.500
-0.004,3.808,7.500
-0.019,3.793,7.500
-0.037,4.086,7.500
-0.053,4.086,7.500
-0.064,3.821,7.500
-0.078,3.778,7.500
-0.094,3.821,7.500
-0.108,3.777,7.500
-0.123,3.791,7.500
-0.138,3.791,7.500
-0.155,3.833,7.500
-0.165,3.732,7.500
-0.183,3.789,7.500
-0.199,3.817,7.500
-0.231,4.107,7.500
-0.222,3.685,7.500
-0.264,4.119,7.500
-0.280,4.118,7.500
-0.273,3.798,7.500
-0.313,4.129,7.500
-0.301,3.767,7.500
-0.307,3.664,7.500
-0.334,3.807,7.500
-0.345,3.763,7.500
-0.360,3.762,7.500
-0.365,3.659,7.500
-0.388,3.744,7.500
-0.392,3.642,7.500
-0.421,3.770,7.500
-0.425,3.682,7.500
-0.436,3.651,7.500
-0.449,3.635,7.500
-0.465,3.648,7.500
-0.476,3.617,7.500
-0.486,3.585,7.500
-0.502,3.598,7.500
-0.524,3.654,7.500
-0.537,3.638,7.500
-0.604,3.986,7.500
-0.563,3.619,7.500
-0.577,3.617,7.500
-0.591,3.614,7.500
-0.610,3.641,7.500
-0.617,3.595,7.500
-0.644,3.665,7.500
-0.651,3.619,7.500
-0.717,3.897,7.500
-0.742,3.949,7.500
-0.691,3.597,7.500
-0.776,3.957,7.500
-0.719,3.591,7.500
-0.733,3.588,7.500
-0.750,3.600,7.500
-0.743,3.496,7.500
-0.848,3.914,7.500
-0.789,3.576,7.500
-0.797,3.545,7.500
-0.817,3.570,7.500
-0.841,3.610,7.500
-0.835,3.521,7.500
-0.859,3.560,7.500
-0.873,3.557,7.500
-0.887,3.553,7.500
-0.901,3.550,7.500
-0.915,3.546,7.500
-0.933,3.557,7.500
-0.943,3.539,7.500
-0.957,3.535,7.500
-0.963,3.503,7.500
-0.981,3.514,7.500
-0.999,3.524,7.500
-1.012,3.520,7.500
-1.026,3.516,7.500
-1.040,3.512,7.500
-1.152,3.835,7.500
-1.068,3.504,7.500
-1.162,3.760,7.500
-1.177,3.755,7.500
-1.109,3.491,7.500
-1.113,3.458,7.500
-1.145,3.510,7.500
-1.164,3.519,7.500
-1.168,3.487,7.500
-1.287,3.792,7.500
-1.306,3.800,7.500
-1.204,3.459,7.500
-1.223,3.468,7.500
-1.241,3.477,7.500
-1.260,3.486,7.500
-1.259,3.440,7.500
-1.267,3.421,7.500
-1.396,3.724,7.500
-1.309,3.452,7.500
-1.318,3.433,7.500
-1.331,3.428,7.500
-1.345,3.423,7.500
-1.353,3.404,7.500
-1.372,3.412,7.500
-1.374,3.379,7.500
-1.348,3.277,7.500
-1.412,3.395,7.500
-1.419,3.376,7.500
-1.534,3.609,7.500
-1.480,3.446,7.500
-1.459,3.359,7.500
-1.478,3.367,7.500
-1.497,3.375,7.500
-1.633,3.641,7.500
-1.524,3.363,7.500
-1.549,3.383,7.500
-1.544,3.337,7.500
-1.557,3.331,7.500
-1.570,3.325,7.500
-1.724,3.614,7.500
-1.720,3.570,7.500
-1.609,3.306,7.500
-1.667,3.391,7.500
-1.622,3.267,7.500
-1.642,3.274,7.500
-1.654,3.268,7.500
-1.674,3.274,7.500
-1.700,3.294,7.500
-1.693,3.248,7.500
-1.692,3.215,7.500
-1.725,3.247,7.500
-1.724,3.215,7.500
-1.758,3.247,7.500
-1.756,3.214,7.500
-1.769,3.207,7.500
-1.774,3.187,7.500
-1.801,3.206,7.500
-1.843,3.250,7.500
-1.812,3.166,7.500
-1.839,3.184,7.500
-1.822,3.126,7.500
-1.856,3.157,7.500
-1.869,3.150,7.500
-1.889,3.155,7.500
-1.893,3.135,7.500
-1.898,3.115,7.500
-1.918,3.120,7.500
-1.923,3.100,7.500
-1.942,3.105,7.500
-1.963,3.110,7.500
-2.150,3.378,7.500
-1.995,3.107,7.500
-1.999,3.086,7.500
-2.003,3.066,7.500
-1.999,3.034,7.500
-2.035,3.063,7.500
-2.039,3.042,7.500
-2.067,3.059,7.500
-2.063,3.026,7.500
-2.083,3.030,7.500
-2.095,3.022,7.500
-2.098,3.002,7.500
-2.152,3.053,7.500
-2.189,3.080,7.500
-2.404,3.354,7.500
-2.205,3.051,7.500
-2.226,3.054,7.500
-2.246,3.057,7.500
-2.258,3.048,7.500
-2.235,2.993,7.500
-2.273,3.019,7.500
-2.320,3.055,7.500
-2.509,3.277,7.500
-2.690,3.485,7.500
-2.329,2.994,7.500
-2.350,2.996,7.500
-2.335,2.953,7.500
-2.373,2.977,7.500
-2.585,3.217,7.500
-2.589,3.196,7.500
-2.390,2.927,7.500
-2.383,2.895,7.500
-2.422,2.919,7.500
-2.452,2.932,7.500
-2.445,2.900,7.500
-2.456,2.890,7.500
-2.449,2.859,7.500
-2.479,2.871,7.500
-2.490,2.861,7.500
-2.520,2.873,7.500
-2.541,2.874,7.500
-2.543,2.853,7.500
-2.506,2.790,7.500
-2.536,2.801,7.500
-2.557,2.802,7.500
-2.636,2.865,7.500
-2.685,2.896,7.500
-2.668,2.854,7.500
-2.669,2.834,7.500
-2.915,3.070,7.500
-2.927,3.059,7.500
-2.930,3.038,7.500
-2.733,2.812,7.500
-2.704,2.761,7.500
-2.725,2.760,7.500
-2.766,2.779,7.500
-2.767,2.758,7.500
-2.778,2.747,7.500
-2.768,2.717,7.500
-2.748,2.676,7.500
-2.890,2.792,7.500
-2.810,2.694,7.500
-2.831,2.692,7.500
-2.842,2.681,7.500
-2.852,2.670,7.500
-2.893,2.687,7.500
-2.975,2.742,7.500
-2.955,2.702,7.500
-3.223,2.923,7.500
-3.234,2.911,7.500
-3.236,2.889,7.500
-3.199,2.833,7.500
-3.039,2.671,7.500
-3.039,2.650,7.500
-3.039,2.629,7.500
-3.111,2.670,7.500
-3.059,2.605,7.500
-3.059,2.584,7.500
-3.335,2.794,7.500
-3.326,2.765,7.500
-3.089,2.548,7.500
-3.110,2.544,7.500
-3.141,2.549,7.500
-3.162,2.545,7.500
-3.349,2.675,7.500
-3.150,2.495,7.500
-3.170,2.491,7.500
-3.422,2.667,7.500
-3.168,2.449,7.500
-3.178,2.437,7.500
-3.198,2.433,7.500
-3.504,2.644,7.500
-3.217,2.407,7.500
-3.249,2.411,7.500
-3.247,2.390,7.500
-3.256,2.377,7.500
-3.266,2.365,7.500
-3.275,2.352,7.500
-3.295,2.347,7.500
-3.512,2.480,7.500
-3.564,2.496,7.500
-3.367,2.339,7.500
-3.354,2.310,7.500
-3.363,2.297,7.500
-3.462,2.344,7.500
-3.471,2.331,7.500
-3.600,2.397,7.500
-3.620,2.390,7.500
-3.758,2.460,7.500
-3.473,2.254,7.500
-3.471,2.233,7.500
-3.502,2.234,7.500
-3.511,2.220,7.500
-3.542,2.220,7.500
-3.551,2.206,7.500
-3.560,2.192,7.500
-3.557,2.172,7.500
-3.554,2.151,7.500
-3.574,2.143,7.500
-3.559,2.116,7.500
-3.613,2.129,7.500
-3.857,2.252,7.500
-3.584,2.074,7.500
-3.604,2.066,7.500
-3.623,2.059,7.500
-3.643,2.051,7.500
-3.592,2.004,7.500
-3.624,2.003,7.500
-3.643,1.995,7.500
-3.639,1.974,7.500
-3.683,1.979,7.500
-3.725,1.983,7.500
-3.639,1.919,7.500
-3.646,1.904,7.500
-3.689,1.909,7.500
-3.685,1.888,7.500
-3.692,1.873,7.500
-3.724,1.871,7.500
-3.719,1.850,7.500
-3.702,1.824,7.500
-3.721,1.815,7.500
-3.789,1.830,7.500
-3.748,1.792,7.500
-3.730,1.765,7.500
-3.762,1.762,7.500
-3.732,1.730,7.500
-3.787,1.738,7.500
-3.782,1.718,7.500
-3.837,1.725,7.500
-3.759,1.672,7.500
-4.134,1.819,7.500
-4.095,1.783,7.500
-3.815,1.643,7.500
-3.822,1.628,7.500
-3.853,1.623,7.500
-3.871,1.613,7.500
-4.117,1.697,7.500
-3.871,1.578,7.500
-3.865,1.558,7.500
-3.859,1.538,7.500
-3.865,1.522,7.500
-3.982,1.550,7.500
-3.877,1.492,7.500
-3.920,1.491,7.500
-3.963,1.490,7.500
-3.856,1.432,7.500
-3.862,1.417,7.500
-4.005,1.452,7.500
-4.023,1.440,7.500
-4.078,1.442,7.500
-3.997,1.396,7.500
-4.027,1.389,7.500
-4.033,1.373,7.500
-4.051,1.361,7.500
-4.018,1.333,7.500
-4.049,1.325,7.500
-4.054,1.309,7.500
-4.071,1.297,7.500
-4.089,1.285,7.500
-4.082,1.265,7.500
-4.074,1.245,7.500
-4.091,1.233,7.500
-4.096,1.217,7.500
-4.088,1.197,7.500
-4.106,1.185,7.500
-4.085,1.161,7.500
-4.102,1.149,7.500
-4.132,1.140,7.500
-4.370,1.187,7.500
-4.141,1.107,7.500
-4.145,1.091,7.500
-4.124,1.068,7.500
-4.128,1.052,7.500
-4.132,1.036,7.500
-4.200,1.035,7.500
-4.204,1.019,7.500
-4.144,0.987,7.500
-4.109,0.962,7.500
-4.152,0.954,7.500
-4.181,0.944,7.500
-4.172,0.924,7.500
-4.188,0.911,7.500
-4.128,0.881,7.500
-4.469,0.935,7.500
-4.173,0.856,7.500
-4.176,0.840,7.500
-4.180,0.823,7.500
-4.209,0.812,7.500
-4.186,0.790,7.500
-4.266,0.788,7.500
-4.244,0.767,7.500
-4.484,0.792,7.500
-4.198,0.725,7.500
-4.214,0.710,7.500
-4.229,0.696,7.500
-4.219,0.677,7.500
-4.248,0.665,7.500
-4.237,0.646,7.500
-4.492,0.667,7.500
-4.242,0.613,7.500
-4.232,0.594,7.500
-4.221,0.576,7.500
-4.197,0.556,7.500
-4.341,0.557,7.500
-4.227,0.526,7.500
-4.242,0.511,7.500
-4.270,0.497,7.500
-4.233,0.476,7.500
-4.261,0.462,7.500
-4.289,0.448,7.500
-4.239,0.426,7.500
-4.344,0.419,7.500
-4.371,0.405,7.500
-4.360,0.386,7.500
-4.297,0.364,7.500
-4.388,0.354,7.500
-4.377,0.336,7.500
-4.365,0.318,7.500
-4.366,0.301,7.500
-4.368,0.284,7.500
-4.343,0.265,7.500
-4.382,0.250,7.500
-4.332,0.230,7.500
-4.359,0.214,7.500
-4.360,0.197,7.500
-4.360,0.180,7.500
-4.335,0.162,7.500
-4.400,0.147,7.500
-4.336,0.128,7.500
-4.388,0.112,7.500
-4.401,0.095,7.500
-4.363,0.077,7.500
-4.389,0.060,7.500
-4.389,0.043,7.500
-4.651,0.027,7.500
-4.664,0.009,7.500
-4.364,-0.009,7.500
-4.615,-0.027,7.500
-4.377,-0.043,7.500
-4.415,-0.061,7.500
-4.389,-0.078,7.500
-4.389,-0.095,7.500
-4.401,-0.112,7.500
-4.375,-0.129,7.500
-4.661,-0.156,7.500
-4.672,-0.174,7.500
-4.347,-0.179,7.500
-4.659,-0.211,7.500
-4.346,-0.214,7.500
-4.383,-0.233,7.500
-4.383,-0.250,7.500
-4.381,-0.267,7.500
-4.406,-0.286,7.500
-4.379,-0.302,7.500
-4.378,-0.319,7.500
-4.338,-0.333,7.500
-4.660,-0.376,7.500
-4.635,-0.392,7.500
-4.360,-0.386,7.500
-4.384,-0.406,7.500
-4.344,-0.419,7.500
-4.355,-0.438,7.500
-4.340,-0.454,7.500
-4.377,-0.475,7.500
-4.362,-0.490,7.500
-4.373,-0.509,7.500
-4.383,-0.528,7.500
-4.356,-0.542,7.500
-4.404,-0.565,7.500
-4.587,-0.607,7.500
-4.680,-0.638,7.500
-4.594,-0.645,7.500
-4.616,-0.666,7.500
-4.342,-0.644,7.500
-4.477,-0.682,7.500
-4.324,-0.677,7.500
-4.471,-0.718,7.500
-4.456,-0.733,7.500
-4.416,-0.744,7.500
-4.608,-0.795,7.500
-4.687,-0.828,7.500
-4.395,-0.794,7.500
-4.266,-0.788,7.500
-4.712,-0.890,7.500
-4.385,-0.846,7.500
-4.394,-0.865,7.500
-4.378,-0.880,7.500
-4.399,-0.903,7.500
-4.396,-0.920,7.500
-4.417,-0.942,7.500
-4.674,-1.016,7.500
-4.670,-1.035,7.500
-4.417,-0.997,7.500
-4.389,-1.009,7.500
-4.397,-1.029,7.500
-4.393,-1.046,7.500
-4.340,-1.052,7.500
-4.348,-1.072,7.500
-4.605,-1.154,7.500
-4.612,-1.175,7.500
-4.335,-1.123,7.500
-4.379,-1.153,7.500
-4.351,-1.163,7.500
-4.346,-1.180,7.500
-4.256,-1.174,7.500
-4.312,-1.208,7.500
-4.320,-1.228,7.500
-4.303,-1.242,7.500
-4.310,-1.262,7.500
-4.317,-1.283,7.500
-4.312,-1.299,7.500
-4.259,-1.302,7.500
-4.278,-1.326,7.500
-4.236,-1.331,7.500
-4.291,-1.367,7.500
-4.274,-1.380,7.500
-4.256,-1.393,7.500
-4.263,-1.414,7.500
-4.512,-1.516,7.500
-4.494,-1.530,7.500
-4.210,-1.451,7.500
-4.252,-1.485,7.500
-4.498,-1.591,7.500
-4.503,-1.612,7.500
-4.210,-1.526,7.500
-4.216,-1.547,7.500
-4.210,-1.563,7.500
-4.157,-1.562,7.500
-4.198,-1.596,7.500
-4.191,-1.613,7.500
-4.220,-1.643,7.500
-4.190,-1.650,7.500
-4.195,-1.672,7.500
-4.189,-1.688,7.500
-4.159,-1.695,7.500
-4.152,-1.711,7.500
-4.393,-1.831,7.500
-4.397,-1.853,7.500
-4.109,-1.750,7.500
-4.102,-1.766,7.500
-4.175,-1.817,7.500
-4.111,-1.809,7.500
-4.104,-1.825,7.500
-4.062,-1.825,7.500
-4.112,-1.867,7.500
-4.036,-1.852,7.500
-4.108,-1.905,7.500
-4.078,-1.910,7.500
-4.059,-1.921,7.500
-4.052,-1.937,7.500
-4.033,-1.947,7.500
-4.036,-1.969,7.500
-3.995,-1.968,7.500
-4.021,-2.000,7.500
-4.046,-2.033,7.500
-3.994,-2.026,7.500
-3.997,-2.048,7.500
-4.000,-2.069,7.500
-4.058,-2.119,7.500
-3.973,-2.095,7.500
-4.284,-2.281,7.500
-4.337,-2.330,7.500
-4.035,-2.189,7.500
-4.026,-2.205,7.500
-3.931,-2.172,7.500
-3.922,-2.188,7.500
-3.892,-2.191,7.500
-3.872,-2.200,7.500
-3.993,-2.289,7.500
-3.984,-2.305,7.500
-3.975,-2.321,7.500
-3.966,-2.336,7.500
-3.860,-2.295,7.500
-3.958,-2.374,7.500
-4.072,-2.464,7.500
-3.812,-2.327,7.500
-3.835,-2.362,7.500
-3.899,-2.423,7.500
-3.879,-2.431,7.500
-3.890,-2.460,7.500
-3.860,-2.462,7.500
-3.871,-2.490,7.500
-3.861,-2.505,7.500
-3.851,-2.521,7.500
-3.716,-2.453,7.500
-3.780,-2.517,7.500
-3.852,-2.586,7.500
-3.821,-2.588,7.500
-4.018,-2.744,7.500
-3.821,-2.631,7.500
-3.760,-2.611,7.500
-3.770,-2.640,7.500
-3.760,-2.655,7.500
-3.779,-2.691,7.500
-3.729,-2.677,7.500
-3.738,-2.706,7.500
-3.920,-2.862,7.500
-3.946,-2.905,7.500
-3.706,-2.750,7.500
-3.685,-2.758,7.500
-3.694,-2.787,7.500
-3.673,-2.794,7.500
-3.652,-2.801,7.500
-3.661,-2.830,7.500
-3.630,-2.829,7.500
-3.826,-3.006,7.500
-3.608,-2.858,7.500
-3.587,-2.864,7.500
-3.585,-2.886,7.500
-3.574,-2.900,7.500
-3.591,-2.937,7.500
-3.551,-2.928,7.500
-3.540,-2.942,7.500
-3.556,-2.980,7.500
-3.526,-2.978,7.500
-3.514,-2.992,7.500
-3.493,-2.997,7.500
-3.481,-3.011,7.500
-3.469,-3.025,7.500
-3.485,-3.062,7.500
-3.445,-3.052,7.500
-3.433,-3.065,7.500
-3.430,-3.087,7.500
-3.409,-3.092,7.500
-3.361,-3.072,7.500
-3.403,-3.136,7.500
-3.381,-3.141,7.500
-3.360,-3.145,7.500
-3.513,-3.315,7.500
-3.362,-3.197,7.500
-3.571,-3.422,7.500
-3.319,-3.206,7.500
-3.306,-3.219,7.500
-3.285,-3.224,7.500
-3.272,-3.237,7.500
-3.268,-3.258,7.500
-3.229,-3.245,7.500
-3.418,-3.462,7.500
-3.221,-3.288,7.500
-3.191,-3.283,7.500
-3.204,-3.322,7.500
-3.139,-3.281,7.500
-3.366,-3.545,7.500
-3.368,-3.575,7.500
-3.151,-3.372,7.500
-3.308,-3.568,7.500
-3.310,-3.598,7.500
-3.295,-3.611,7.500
-3.114,-3.439,7.500
-3.084,-3.433,7.500
-3.071,-3.445,7.500
-3.049,-3.448,7.500
-3.052,-3.478,7.500
-3.030,-3.481,7.500
-3.000,-3.474,7.500
-2.994,-3.495,7.500
-2.989,-3.516,7.500
-2.983,-3.537,7.500
-3.122,-3.732,7.500
-3.122,-3.762,7.500
-2.933,-3.563,7.500
-2.980,-3.650,7.500
-2.897,-3.576,7.500
-2.875,-3.578,7.500
-2.861,-3.589,7.500
-2.945,-3.724,7.500
-2.878,-3.669,7.500
-2.893,-3.719,7.500
-2.797,-3.624,7.500
-2.805,-3.664,7.500
-2.857,-3.762,7.500
-2.842,-3.773,7.500
-2.987,-3.999,7.500
-2.937,-3.965,7.500
-2.783,-3.787,7.500
-2.768,-3.798,7.500
-2.760,-3.819,7.500
-2.745,-3.830,7.500
-2.872,-4.040,7.500
-2.701,-3.831,7.500
-2.679,-3.832,7.500
-2.685,-3.872,7.500
-2.676,-3.893,7.500
-2.694,-3.952,7.500
-2.783,-4.116,7.500
-2.773,-4.137,7.500
-2.756,-4.148,7.500
-2.721,-4.130,7.500
-2.590,-3.965,7.500
-2.529,-3.904,7.500
-2.552,-3.975,7.500
-2.537,-3.985,7.500
-2.502,-3.964,7.500
-2.499,-3.994,7.500
-2.471,-3.984,7.500
-2.455,-3.993,7.500
-2.452,-4.024,7.500
-2.424,-4.013,7.500
-2.426,-4.053,7.500
-2.541,-4.283,7.500
-2.518,-4.283,7.500
-2.496,-4.283,7.500
-2.362,-4.091,7.500
-2.340,-4.090,7.500
-2.318,-4.088,7.500
-2.308,-4.108,7.500
-2.422,-4.351,7.500
-2.287,-4.147,7.500
-2.388,-4.370,7.500
-2.376,-4.389,7.500
-2.233,-4.163,7.500
-2.222,-4.182,7.500
-2.194,-4.170,7.500
-2.167,-4.157,7.500
-2.284,-4.425,7.500
-2.246,-4.394,7.500
-2.128,-4.204,7.500
-2.117,-4.223,7.500
-2.095,-4.220,7.500
-2.068,-4.207,7.500
-2.194,-4.508,7.500
-2.045,-4.245,7.500
-2.029,-4.253,7.500
-2.007,-4.250,7.500
-1.990,-4.258,7.500
-1.978,-4.276,7.500
-1.962,-4.284,7.500
-1.940,-4.281,7.500
-1.913,-4.266,7.500
-1.911,-4.307,7.500
-1.889,-4.303,7.500
-1.872,-4.311,7.500
-1.934,-4.502,7.500
-1.843,-4.336,7.500
-1.821,-4.332,7.500
-1.818,-4.373,7.500
-1.805,-4.391,7.500
-1.775,-4.365,7.500
-1.858,-4.621,7.500
-1.839,-4.628,7.500
-1.719,-4.374,7.500
-1.723,-4.437,7.500
-1.727,-4.498,7.500
-1.774,-4.677,7.500
-1.654,-4.412,7.500
-1.632,-4.407,7.500
-1.640,-4.481,7.500
-1.606,-4.442,7.500
-1.576,-4.415,7.500
-1.559,-4.421,7.500
-1.565,-4.495,7.500
-1.559,-4.534,7.500
-1.545,-4.552,7.500
-1.497,-4.468,7.500
-1.509,-4.564,7.500
-1.480,-4.536,7.500
-1.561,-4.847,7.500
-1.535,-4.832,7.500
-1.441,-4.598,7.500
-1.412,-4.570,7.500
-1.391,-4.564,7.500
-1.456,-4.845,7.500
-1.368,-4.620,7.500
-1.347,-4.614,7.500
-1.326,-4.608,7.500
-1.314,-4.636,7.500
-1.296,-4.641,7.500
-1.277,-4.646,7.500
-1.247,-4.606,7.500
-1.247,-4.679,7.500
-1.286,-4.904,7.500
-1.210,-4.688,7.500
-1.183,-4.659,7.500
-1.170,-4.686,7.500
-1.135,-4.622,7.500
-1.128,-4.673,7.500
-1.112,-4.688,7.500
-1.091,-4.681,7.500
-1.073,-4.686,7.500
-1.054,-4.690,7.500
-1.036,-4.694,7.500
-1.032,-4.766,7.500
-1.054,-4.959,7.500
-1.034,-4.963,7.500
-0.967,-4.733,7.500
-0.944,-4.713,7.500
-0.925,-4.717,7.500
-0.906,-4.721,7.500
-0.888,-4.724,7.500
-0.867,-4.716,7.500
-0.849,-4.719,7.500
-0.830,-4.723,7.500
-0.825,-4.807,7.500
-0.835,-4.978,7.500
-0.778,-4.755,7.500
-0.756,-4.735,7.500
-0.741,-4.761,7.500
-0.760,-5.013,7.500
-0.738,-5.005,7.500
-0.678,-4.723,7.500
-0.658,-4.714,7.500
-0.650,-4.798,7.500
-0.624,-4.742,7.500
-0.601,-4.709,7.500
-0.591,-4.782,7.500
-0.576,-4.819,7.500
-0.583,-5.048,7.500
-0.533,-4.777,7.500
-0.547,-5.085,7.500
-0.498,-4.805,7.500
-0.473,-4.748,7.500
-0.457,-4.773,7.500
-0.438,-4.775,7.500
-0.419,-4.777,7.500
-0.401,-4.778,7.500
-0.378,-4.733,7.500
-0.366,-4.816,7.500
-0.344,-4.783,7.500
-0.327,-4.807,7.500
-0.304,-4.750,7.500
-0.289,-4.810,7.500
-0.269,-4.787,7.500
-0.250,-4.788,7.500
-0.245,-5.064,7.500
-0.213,-4.790,7.500
-0.194,-4.803,7.500
-0.174,-4.780,7.500
-0.156,-4.792,7.500
-0.137,-4.781,7.500
-0.120,-4.840,7.500
-0.100,-4.806,7.500
-0.081,-4.818,7.500
-0.062,-4.806,7.500
-0.044,-4.865,7.500
-0.024,-4.795,7.500
-0.005,-4.819,7.500
0.014,-4.819,7.500
0.033,-4.911,7.500
0.051,-4.795,7.500
0.070,-4.795,7.500
0.094,-5.058,7.500
0.113,-5.046,7.500
0.134,-5.079,7.500
0.156,-5.156,7.500
0.168,-4.909,7.500
0.184,-4.827,7.500
0.201,-4.779,7.500
0.222,-4.825,7.500
0.254,-5.075,7.500
0.265,-4.904,7.500
0.284,-4.915,7.500
0.313,-5.060,7.500
0.338,-5.136,7.500
0.358,-5.135,7.500
0.354,-4.806,7.500
0.372,-4.792,7.500
0.388,-4.756,7.500
0.408,-4.766,7.500
0.430,-4.799,7.500
0.457,-4.890,7.500
0.465,-4.772,7.500
0.494,-4.875,7.500
0.510,-4.838,7.500
0.525,-4.802,7.500
0.539,-4.753,7.500
0.567,-4.832,7.500
0.590,-4.864,7.500
0.606,-4.839,7.500
0.619,-4.790,7.500
0.646,-4.846,7.500
0.671,-4.889,7.500
0.695,-4.920,7.500
0.706,-4.861,7.500
0.737,-4.937,7.500
0.780,-5.088,7.500
0.740,-4.702,7.500
0.764,-4.734,7.500
0.784,-4.742,7.500
0.817,-4.820,7.500
0.834,-4.805,7.500
0.844,-4.756,7.500
0.918,-5.054,7.500
0.942,-5.072,7.500
0.894,-4.711,7.500
0.919,-4.742,7.500
0.949,-4.795,7.500
1.025,-5.078,7.500
1.039,-5.041,7.500
1.063,-5.059,7.500
1.036,-4.836,7.500
1.033,-4.730,7.500
1.062,-4.772,7.500
1.118,-4.934,7.500
1.102,-4.775,7.500
1.110,-4.725,7.500
1.139,-4.766,7.500
1.161,-4.772,7.500
1.177,-4.757,7.500
1.195,-4.752,7.500
1.214,-4.747,7.500
1.235,-4.754,7.500
1.266,-4.793,7.500
1.288,-4.799,7.500
1.356,-4.977,7.500
1.376,-4.971,7.500
1.392,-4.955,7.500
1.406,-4.929,7.500
1.431,-4.944,7.500
1.351,-4.601,7.500
1.403,-4.707,7.500
1.493,-4.938,7.500
1.430,-4.663,7.500
1.451,-4.668,7.500
1.480,-4.695,7.500
1.460,-4.567,7.500
1.506,-4.651,7.500
1.528,-4.656,7.500
1.521,-4.572,7.500
1.565,-4.643,7.500
1.590,-4.659,7.500
1.601,-4.631,7.500
1.600,-4.570,7.500
1.649,-4.651,7.500
1.636,-4.557,7.500
1.674,-4.605,7.500
1.672,-4.544,7.500
1.710,-4.592,7.500
1.695,-4.498,7.500
1.713,-4.491,7.500
1.722,-4.463,7.500
1.744,-4.467,7.500
1.795,-4.547,7.500
1.876,-4.698,7.500
1.805,-4.468,7.500
1.967,-4.815,7.500
1.974,-4.777,7.500
1.844,-4.414,7.500
1.866,-4.417,7.500
1.883,-4.410,7.500
1.933,-4.477,7.500
1.932,-4.427,7.500
1.959,-4.441,7.500
2.069,-4.641,7.500
2.082,-4.623,7.500
2.001,-4.396,7.500
2.114,-4.596,7.500
2.026,-4.359,7.500
2.063,-4.393,7.500
2.060,-4.343,7.500
2.082,-4.346,7.500
2.130,-4.400,7.500
2.101,-4.297,7.500
2.128,-4.310,7.500
2.150,-4.312,7.500
2.156,-4.283,7.500
2.200,-4.326,7.500
2.190,-4.266,7.500
2.207,-4.257,7.500
2.356,-4.502,7.500
2.389,-4.522,7.500
2.262,-4.241,7.500
2.279,-4.232,7.500
2.296,-4.223,7.500
2.312,-4.214,7.500
2.346,-4.236,7.500
2.345,-4.196,7.500
2.350,-4.166,7.500
2.384,-4.188,7.500
2.394,-4.168,7.500
2.405,-4.148,7.500
2.421,-4.139,7.500
2.485,-4.210,7.500
2.454,-4.120,7.500
2.476,-4.120,7.500
2.492,-4.110,7.500
2.490,-4.070,7.500
2.674,-4.334,7.500
2.534,-4.071,7.500
2.569,-4.091,7.500
2.579,-4.071,7.500
2.588,-4.050,7.500
2.579,-4.001,7.500
2.626,-4.040,7.500
2.623,-4.000,7.500
2.827,-4.275,7.500
2.844,-4.264,7.500
2.830,-4.207,7.500
2.865,-4.223,7.500
2.721,-3.977,7.500
2.743,-3.976,7.500
2.718,-3.907,7.500
2.768,-3.944,7.500
2.769,-3.914,7.500
2.792,-3.913,7.500
2.793,-3.883,7.500
2.822,-3.891,7.500
2.879,-3.936,7.500
2.853,-3.869,7.500
2.910,-3.914,7.500
2.876,-3.837,7.500
2.905,-3.844,7.500
2.920,-3.833,7.500
2.950,-3.840,7.500
2.958,-3.819,7.500
2.944,-3.770,7.500
2.966,-3.768,7.500
2.988,-3.765,7.500
3.010,-3.763,7.500
2.995,-3.714,7.500
3.062,-3.766,7.500
3.228,-3.939,7.500
3.222,-3.900,7.500
3.258,-3.913,7.500
3.267,-3.892,7.500
3.275,-3.871,7.500
3.290,-3.858,7.500
3.118,-3.627,7.500
3.155,-3.642,7.500
3.146,-3.603,7.500
3.184,-3.617,7.500
3.183,-3.587,7.500
3.197,-3.574,7.500
3.218,-3.570,7.500
3.240,-3.566,7.500
3.246,-3.545,7.500
3.276,-3.549,7.500
3.266,-3.511,7.500
3.328,-3.549,7.500
3.310,-3.502,7.500
3.275,-3.438,7.500
3.337,-3.476,7.500
3.367,-3.479,7.500
3.381,-3.466,7.500
3.370,-3.428,7.500
3.383,-3.415,7.500
3.397,-3.401,7.500
3.410,-3.388,7.500
3.440,-3.391,7.500
3.617,-3.537,7.500
3.622,-3.515,7.500
3.463,-3.334,7.500
3.484,-3.328,7.500
3.480,-3.298,7.500
3.493,-3.285,7.500
3.523,-3.287,7.500
3.528,-3.265,7.500
3.540,-3.251,7.500
3.562,-3.245,7.500
3.566,-3.223,7.500
3.605,-3.233,7.500
3.573,-3.180,7.500
3.541,-3.126,7.500
3.616,-3.167,7.500
3.646,-3.168,7.500
3.623,-3.123,7.500
3.572,-3.055,7.500
3.674,-3.117,7.500
3.687,-3.103,7.500
3.909,-3.264,7.500
3.835,-3.177,7.500
3.917,-3.219,7.500
3.921,-3.196,7.500
3.738,-3.022,7.500
3.759,-3.015,7.500
3.761,-2.993,7.500
3.773,-2.978,7.500
3.747,-2.934,7.500
3.806,-2.956,7.500
3.733,-2.876,7.500
3.734,-2.854,7.500
3.969,-3.008,7.500
3.776,-2.839,7.500
3.777,-2.817,7.500
3.779,-2.795,7.500
3.760,-2.758,7.500
3.878,-2.821,7.500
3.792,-2.736,7.500
3.919,-2.804,7.500
4.153,-2.947,7.500
3.950,-2.780,7.500
4.075,-2.843,7.500
4.151,-2.872,7.500
4.097,-2.811,7.500
4.327,-2.945,7.500
3.975,-2.682,7.500
3.936,-2.633,7.500
3.986,-2.644,7.500
3.947,-2.596,7.500
4.046,-2.638,7.500
4.037,-2.610,7.500
4.135,-2.650,7.500
3.977,-2.527,7.500
4.280,-2.696,7.500
4.185,-2.614,7.500
4.235,-2.621,7.500
4.225,-2.593,7.500
4.015,-2.442,7.500
4.035,-2.432,7.500
4.024,-2.404,7.500
4.023,-2.382,7.500
4.064,-2.385,7.500
4.073,-2.369,7.500
4.093,-2.359,7.500
4.092,-2.337,7.500
4.101,-2.321,7.500
4.120,-2.310,7.500
4.129,-2.294,7.500
4.107,-2.261,7.500
4.126,-2.250,7.500
4.145,-2.240,7.500
4.186,-2.240,7.500
4.142,-2.196,7.500
4.172,-2.191,7.500
4.180,-2.174,7.500
4.167,-2.147,7.500
4.197,-2.141,7.500
4.195,-2.119,7.500
4.214,-2.108,7.500
4.254,-2.108,7.500
4.491,-2.203,7.500
4.490,-2.181,7.500
4.478,-2.153,7.500
4.254,-2.025,7.500
4.273,-2.013,7.500
4.281,-1.997,7.500
4.343,-2.005,7.500
4.286,-1.958,7.500
4.538,-2.052,7.500
4.556,-2.038,7.500
4.523,-2.002,7.500
4.294,-1.881,7.500
4.279,-1.854,7.500
4.619,-1.980,7.500
4.585,-1.944,7.500
4.356,-1.827,7.500
4.341,-1.801,7.500
4.381,-1.797,7.500
4.366,-1.771,7.500
4.395,-1.763,7.500
4.380,-1.737,7.500
4.387,-1.719,7.500
4.394,-1.702,7.500
4.434,-1.698,7.500
4.396,-1.663,7.500
4.402,-1.646,7.500
4.420,-1.633,7.500
4.437,-1.620,7.500
4.685,-1.689,7.500
4.702,-1.674,7.500
4.698,-1.652,7.500
4.451,-1.546,7.500
4.434,-1.520,7.500
4.463,-1.511,7.500
4.469,-1.493,7.500
4.463,-1.472,7.500
4.537,-1.476,7.500
4.498,-1.444,7.500
4.469,-1.415,7.500
4.721,-1.475,7.500
4.770,-1.470,7.500
4.508,-1.370,7.500
4.525,-1.355,7.500
4.530,-1.338,7.500
4.513,-1.313,7.500
4.529,-1.299,7.500
4.500,-1.271,7.500
4.798,-1.335,7.500
4.814,-1.319,7.500
4.491,-1.212,7.500
4.600,-1.222,7.500
4.582,-1.198,7.500
4.552,-1.171,7.500
4.568,-1.156,7.500
4.607,-1.146,7.500
4.826,-1.181,7.500
4.831,-1.162,7.500
4.836,-1.143,7.500
4.578,-1.063,7.500
4.582,-1.045,7.500
4.598,-1.030,7.500
4.602,-1.011,7.500
4.606,-0.993,7.500
4.861,-1.028,7.500
4.898,-1.016,7.500
4.641,-0.944,7.500
4.597,-0.916,7.500
4.529,-0.884,7.500
4.640,-0.887,7.500
4.620,-0.864,7.500
4.539,-0.831,7.500
4.812,-0.861,7.500
4.906,-0.858,7.500
4.644,-0.793,7.500
4.576,-0.763,7.500
4.555,-0.741,7.500
4.558,-0.723,7.500
4.585,-0.709,7.500
4.527,-0.682,7.500
4.814,-0.706,7.500
4.581,-0.653,7.500
4.808,-0.667,7.500
4.833,-0.651,7.500
4.527,-0.591,7.500
4.566,-0.578,7.500
4.568,-0.560,7.500
4.571,-0.542,7.500
4.573,-0.524,7.500
4.587,-0.508,7.500
4.552,-0.486,7.500
4.578,-0.471,7.500
4.580,-0.453,7.500
4.594,-0.436,7.500
4.868,-0.442,7.500
4.984,-0.433,7.500
4.587,-0.381,7.500
4.613,-0.364,7.500
4.577,-0.344,7.500
4.603,-0.327,7.500
4.604,-0.309,7.500
4.606,-0.291,7.500
4.508,-0.267,7.500
4.632,-0.256,7.500
4.812,-0.247,7.500
4.585,-0.218,7.500
4.767,-0.207,7.500
4.756,-0.188,7.500
4.501,-0.160,7.500
4.514,-0.143,7.500
4.734,-0.131,7.500
4.794,-0.114,7.500
4.465,-0.089,7.500
4.453,-0.071,7.500
4.491,-0.054,7.500
4.466,-0.036,7.500
4.478,-0.019,7.500
4.478,-0.001,7.500
4.491,0.016,7.500
4.247,0.032,8.000
3.921,0.045,8.000
4.086,0.063,8.000
4.072,0.079,8.000
4.233,0.099,8.000
3.919,0.107,8.000
3.849,0.120,8.000
3.876,0.136,8.000
3.932,0.154,8.000
3.875,0.167,8.000
3.903,0.183,8.000
3.916,0.199,8.000
3.901,0.214,8.000
3.914,0.230,8.000
3.969,0.249,8.000
3.884,0.259,8.000
3.953,0.279,8.000
3.910,0.291,8.000
3.909,0.307,8.000
3.894,0.321,8.000
3.906,0.338,8.000
3.933,0.355,8.000
3.890,0.367,8.000
3.916,0.385,8.000
4.212,0.431,8.000
4.091,0.435,8.000
4.195,0.462,8.000
4.259,0.486,8.000
4.072,0.481,8.000
3.906,0.477,8.000
3.763,0.475,8.000
3.790,0.493,8.000
3.745,0.502,8.000
3.758,0.519,8.000
3.896,0.554,8.000
3.753,0.549,8.000
3.836,0.576,8.000
4.079,0.629,8.000
4.076,0.645,8.000
4.047,0.657,8.000
4.058,0.675,8.000
3.796,0.646,8.000
4.052,0.707,8.000
3.706,0.661,8.000
3.732,0.681,8.000
3.686,0.688,8.000
3.698,0.705,8.000
3.695,0.719,8.000
3.721,0.739,8.000
3.718,0.754,8.000
3.729,0.772,8.000
3.726,0.786,8.000
3.736,0.804,8.000
3.761,0.825,8.000
4.028,0.900,8.000
4.024,0.916,8.000
4.021,0.931,8.000
3.678,0.867,8.000
3.675,0.882,8.000
3.671,0.896,8.000
3.695,0.917,8.000
3.508,0.886,8.000
3.576,0.918,8.000
3.558,0.928,8.000
3.498,0.927,8.000
3.800,1.023,8.000
3.849,1.053,8.000
3.845,1.068,8.000
3.525,0.994,8.000
3.549,1.016,8.000
3.503,1.017,8.000
3.527,1.039,8.000
3.565,1.066,8.000
3.477,1.054,8.000
3.515,1.081,8.000
3.810,1.188,8.000
3.818,1.207,8.000
3.544,1.136,8.000
3.483,1.131,8.000
3.856,1.269,8.000
3.812,1.271,8.000
3.400,1.149,8.000
3.789,1.297,8.000
3.809,1.321,8.000
3.778,1.327,8.000
3.760,1.337,8.000
3.446,1.240,8.000
3.455,1.259,8.000
3.325,1.226,8.000
3.306,1.234,8.000
3.301,1.247,8.000
3.636,1.390,8.000
3.618,1.399,8.000
3.612,1.413,8.000
3.620,1.433,8.000
3.304,1.323,8.000
3.284,1.330,8.000
3.293,1.349,8.000
3.288,1.362,8.000
3.269,1.369,8.000
3.263,1.382,8.000
3.566,1.526,8.000
3.534,1.529,8.000
3.247,1.420,8.000
3.186,1.408,8.000
3.235,1.445,8.000
3.271,1.477,8.000
3.503,1.598,8.000
3.497,1.612,8.000
3.439,1.602,8.000
3.096,1.457,8.000
3.091,1.469,8.000
3.071,1.475,8.000
3.161,1.533,8.000
3.142,1.539,8.000
3.387,1.676,8.000
3.089,1.543,8.000
3.348,1.689,8.000
3.289,1.676,8.000
3.043,1.566,8.000
3.009,1.563,8.000
3.017,1.582,8.000
3.024,1.601,8.000
3.320,1.775,8.000
2.998,1.618,8.000
3.005,1.637,8.000
3.039,1.671,8.000
2.938,1.630,8.000
2.972,1.665,8.000
2.966,1.676,8.000
2.959,1.688,8.000
3.275,1.885,8.000
2.852,1.656,8.000
3.260,1.911,8.000
3.240,1.916,8.000
2.818,1.682,8.000
3.023,1.820,8.000
2.792,1.696,8.000
2.771,1.698,8.000
2.765,1.709,8.000
2.771,1.729,8.000
3.088,1.943,8.000
3.067,1.947,8.000
2.791,1.787,8.000
2.757,1.780,8.000
2.803,1.825,8.000
2.743,1.802,8.000
2.749,1.822,8.000
2.703,1.806,8.000
3.000,2.022,8.000
2.980,2.026,8.000
2.694,1.847,8.000
2.989,2.066,8.000
2.575,1.795,8.000
2.541,1.786,8.000
2.626,1.861,8.000
2.566,1.834,8.000
2.546,1.835,8.000
2.867,2.083,8.000
2.545,1.864,8.000
2.537,1.874,8.000
2.543,1.894,8.000
2.599,1.952,8.000
2.502,1.894,8.000
2.520,1.924,8.000
2.551,1.963,8.000
2.492,1.934,8.000
2.767,2.165,8.000
2.759,2.175,8.000
2.419,1.923,8.000
2.449,1.963,8.000
2.454,1.982,8.000
2.408,1.961,8.000
2.438,2.002,8.000
2.317,1.917,8.000
2.698,2.251,8.000
2.536,2.132,8.000
2.657,2.252,8.000
2.906,2.483,8.000
2.241,1.930,8.000
2.246,1.950,8.000
2.386,2.088,8.000
2.243,1.978,8.000
2.260,2.009,8.000
2.252,2.018,8.000
2.505,2.262,8.000
2.485,2.262,8.000
2.228,2.044,8.000
2.232,2.064,8.000
2.212,2.062,8.000
2.156,2.025,8.000
2.196,2.079,8.000
2.176,2.076,8.000
2.399,2.308,8.000
2.435,2.360,8.000
2.139,2.090,8.000
2.327,2.292,8.000
2.135,2.119,8.000
2.126,2.127,8.000
2.118,2.135,8.000
2.133,2.167,8.000
2.369,2.426,8.000
2.349,2.425,8.000
2.118,2.204,8.000
1.960,2.055,8.000
2.033,2.149,8.000
2.289,2.439,8.000
2.290,2.459,8.000
2.195,2.376,8.000
2.021,2.205,8.000
1.990,2.188,8.000
1.925,2.134,8.000
2.158,2.410,8.000
2.262,2.547,8.000
2.086,2.367,8.000
2.076,2.375,8.000
2.067,2.383,8.000
1.863,2.165,8.000
1.888,2.211,8.000
1.868,2.206,8.000
1.849,2.200,8.000
1.840,2.207,8.000
1.864,2.254,8.000
1.844,2.248,8.000
1.814,2.229,8.000
2.042,2.529,8.000
1.796,2.243,8.000
1.829,2.303,8.000
1.768,2.244,8.000
1.759,2.251,8.000
1.719,2.217,8.000
1.762,2.291,8.000
1.743,2.285,8.000
1.961,2.592,8.000
2.091,2.786,8.000
1.716,2.305,8.000
1.727,2.339,8.000
1.688,2.305,8.000
1.708,2.353,8.000
1.630,2.263,8.000
1.861,2.606,8.000
1.592,2.247,8.000
1.652,2.352,8.000
1.681,2.413,8.000
1.614,2.337,8.000
1.837,2.682,8.000
1.624,2.391,8.000
1.605,2.384,8.000
1.605,2.404,8.000
1.786,2.697,8.000
1.775,2.704,8.000
1.549,2.380,8.000
1.586,2.457,8.000
1.549,2.421,8.000
1.611,2.540,8.000
1.530,2.433,8.000
1.511,2.425,8.000
1.700,2.752,8.000
1.664,2.718,8.000
1.482,2.442,8.000
1.542,2.563,8.000
1.463,2.454,8.000
1.453,2.459,8.000
1.478,2.523,8.000
1.408,2.427,8.000
1.466,2.549,8.000
1.398,2.452,8.000
1.479,2.619,8.000
1.387,2.478,8.000
1.458,2.630,8.000
1.384,2.519,8.000
1.621,2.979,8.000
1.535,2.847,8.000
1.598,2.991,8.000
1.579,2.984,8.000
1.388,2.649,8.000
1.423,2.742,8.000
1.383,2.690,8.000
1.365,2.680,8.000
1.499,2.973,8.000
1.515,3.034,8.000
1.489,3.012,8.000
1.470,3.004,8.000
1.312,2.707,8.000
1.308,2.727,8.000
1.290,2.717,8.000
1.280,2.722,8.000
1.418,3.047,8.000
1.265,2.747,8.000
1.247,2.737,8.000
1.230,2.727,8.000
1.226,2.746,8.000
1.202,2.721,8.000
1.204,2.756,8.000
1.220,2.821,8.000
1.176,2.750,8.000
1.172,2.770,8.000
1.161,2.775,8.000
1.150,2.779,8.000
1.145,2.799,8.000
1.128,2.788,8.000
1.111,2.777,8.000
1.184,2.993,8.000
1.290,3.300,8.000
1.211,3.134,8.000
1.085,2.841,8.000
1.085,2.875,8.000
1.057,2.834,8.000
1.096,2.975,8.000
1.155,3.172,8.000
1.168,3.249,8.000
1.001,2.819,8.000
0.990,2.823,8.000
0.984,2.842,8.000
0.984,2.877,8.000
1.004,2.974,8.000
0.997,2.993,8.000
1.088,3.309,8.000
1.080,3.328,8.000
0.952,2.974,8.000
0.945,2.993,8.000
0.933,2.996,8.000
0.922,3.000,8.000
1.032,3.406,8.000
1.005,3.367,8.000
0.886,3.011,8.000
0.870,2.999,8.000
0.889,3.110,8.000
0.842,2.990,8.000
0.852,3.071,8.000
0.818,2.996,8.000
0.815,3.031,8.000
0.807,3.050,8.000
0.791,3.037,8.000
0.787,3.071,8.000
0.775,3.074,8.000
0.755,3.046,8.000
0.747,3.065,8.000
0.727,3.036,8.000
0.704,2.992,8.000
0.711,3.073,8.000
0.699,3.076,8.000
0.683,3.063,8.000
0.650,2.970,8.000
0.662,3.084,8.000
0.647,3.071,8.000
0.632,3.058,8.000
0.620,3.060,8.000
0.611,3.078,8.000
0.599,3.081,8.000
0.593,3.115,8.000
0.574,3.085,8.000
0.559,3.072,8.000
0.561,3.153,8.000
0.538,3.092,8.000
0.526,3.094,8.000
0.516,3.112,8.000
0.559,3.453,8.000
0.538,3.410,8.000
0.477,3.102,8.000
0.463,3.088,8.000
0.448,3.073,8.000
0.445,3.139,8.000
0.424,3.077,8.000
0.420,3.143,8.000
0.420,3.239,8.000
0.392,3.114,8.000
0.376,3.083,8.000
0.373,3.165,8.000
0.357,3.134,8.000
0.385,3.507,8.000
0.327,3.089,8.000
0.318,3.122,8.000
0.311,3.172,8.000
0.327,3.483,8.000
0.286,3.174,8.000
0.270,3.143,8.000
0.261,3.176,8.000
0.247,3.161,8.000
0.231,3.114,8.000
0.249,3.550,8.000
0.208,3.132,8.000
0.196,3.148,8.000
0.202,3.462,8.000
0.172,3.150,8.000
0.158,3.134,8.000
0.147,3.151,8.000
0.133,3.119,8.000
0.121,3.120,8.000
0.123,3.541,8.000
0.097,3.153,8.000
0.084,3.137,8.000
0.072,3.154,8.000
0.060,3.170,8.000
0.054,3.543,8.000
0.038,3.422,8.000
0.026,3.544,8.000
0.010,3.155,8.000
-0.002,3.219,8.000
-0.014,3.187,8.000
-0.027,3.138,8.000
-0.039,3.122,8.000
-0.051,3.138,8.000
-0.063,3.122,8.000
-0.076,3.154,8.000
-0.088,3.121,8.000
-0.101,3.153,8.000
-0.111,3.071,8.000
-0.126,3.152,8.000
-0.138,3.152,8.000
-0.152,3.183,8.000
-0.167,3.230,8.000
-0.170,3.052,8.000
-0.190,3.181,8.000
-0.199,3.132,8.000
-0.236,3.490,8.000
-0.250,3.505,8.000
-0.236,3.130,8.000
-0.246,3.096,8.000
-0.261,3.128,8.000
-0.270,3.094,8.000
-0.284,3.109,8.000
-0.297,3.124,8.000
-0.310,3.123,8.000
-0.327,3.170,8.000
-0.334,3.121,8.000
-0.391,3.522,8.000
-0.400,3.475,8.000
-0.419,3.519,8.000
-0.429,3.487,8.000
-0.450,3.545,8.000
-0.408,3.112,8.000
-0.416,3.078,8.000
-0.428,3.076,8.000
-0.447,3.123,8.000
-0.457,3.105,8.000
-0.471,3.119,8.000
-0.481,3.101,8.000
-0.498,3.131,8.000
-0.558,3.423,8.000
-0.574,3.436,8.000
-0.593,3.463,8.000
-0.609,3.476,8.000
-0.551,3.073,8.000
-0.572,3.119,8.000
-0.581,3.101,8.000
-0.587,3.067,8.000
-0.609,3.112,8.000
-0.589,2.949,8.000
-0.623,3.059,8.000
-0.642,3.089,8.000
-0.654,3.086,8.000
-0.618,2.858,8.000
-0.671,3.049,8.000
-0.690,3.078,8.000
-0.779,3.411,8.000
-0.689,2.962,8.000
-0.693,2.927,8.000
-0.716,2.972,8.000
-0.747,3.048,8.000
-0.735,2.950,8.000
-0.775,3.058,8.000
-0.783,3.039,8.000
-0.795,3.036,8.000
-0.815,3.064,8.000
-0.810,2.998,8.000
-0.830,3.027,8.000
-0.798,2.865,8.000
-0.863,3.051,8.000
-0.825,2.875,8.000
-0.837,2.872,8.000
-0.885,2.994,8.000
-0.902,3.006,8.000
-0.870,2.862,8.000
-0.887,2.874,8.000
-0.947,3.026,8.000
-0.949,2.992,8.000
-0.960,2.988,8.000
-0.937,2.875,8.000
-0.989,2.996,8.000
-0.949,2.837,8.000
-1.002,2.957,8.000
-0.966,2.813,8.000
-1.036,2.980,8.000
-1.162,3.300,8.000
-1.032,2.895,8.000
-1.071,2.967,8.000
-1.077,2.948,8.000
-1.077,2.913,8.000
-1.111,2.969,8.000
-1.123,2.965,8.000
-1.117,2.915,8.000
-1.152,2.971,8.000
-1.152,2.937,8.000
-1.097,2.765,8.000
-1.169,2.913,8.000
-1.125,2.771,8.000
-1.186,2.888,8.000
-1.203,2.899,8.000
-1.221,2.909,8.000
-1.226,2.889,8.000
-1.186,2.764,8.000
-1.249,2.879,8.000
-1.260,2.874,8.000
-1.278,2.884,8.000
-1.283,2.864,8.000
-1.274,2.815,8.000
-1.305,2.854,8.000
-1.323,2.864,8.000
-1.334,2.858,8.000
-1.346,2.853,8.000
-1.350,2.833,8.000
-1.368,2.843,8.000
-1.372,2.823,8.000
-1.411,2.875,8.000
-1.394,2.812,8.000
-1.412,2.821,8.000
-1.394,2.757,8.000
-1.625,3.183,8.000
-1.446,2.804,8.000
-1.622,3.117,8.000
-1.620,3.083,8.000
-1.611,3.036,8.000
-1.666,3.110,8.000
-1.500,2.775,8.000
-1.683,3.084,8.000
-1.522,2.763,8.000
-1.707,3.071,8.000
-1.512,2.694,8.000
-1.717,3.031,8.000
-1.557,2.725,8.000
-1.536,2.662,8.000
-1.579,2.712,8.000
-1.725,2.938,8.000
-1.783,3.010,8.000
-1.795,3.003,8.000
-1.791,2.969,8.000
-1.819,2.988,8.000
-1.893,3.083,8.000
-1.882,3.038,8.000
-1.910,3.056,8.000
-1.866,2.959,8.000
-1.778,2.796,8.000
-1.962,3.058,8.000
-1.774,2.742,8.000
-1.724,2.642,8.000
-1.804,2.741,8.000
-1.833,2.761,8.000
-2.013,3.007,8.000
-2.025,2.999,8.000
-2.037,2.991,8.000
-1.867,2.718,8.000
-1.878,2.711,8.000
-1.897,2.717,8.000
-1.872,2.658,8.000
-1.900,2.676,8.000
-1.902,2.656,8.000
-1.912,2.648,8.000
-1.950,2.679,8.000
-1.886,2.569,8.000
-1.943,2.625,8.000
-1.953,2.618,8.000
-2.166,2.880,8.000
-2.222,2.930,8.000
-2.198,2.874,8.000
-2.218,2.877,8.000
-2.043,2.629,8.000
-2.024,2.583,8.000
-2.044,2.588,8.000
-2.054,2.580,8.000
-2.084,2.596,8.000
-2.124,2.624,8.000
-2.134,2.616,8.000
-2.164,2.631,8.000
-2.084,2.515,8.000
-2.184,2.614,8.000
-2.195,2.606,8.000
-2.195,2.585,8.000
-2.215,2.588,8.000
-2.449,2.840,8.000
-2.470,2.841,8.000
-2.500,2.853,8.000
-2.444,2.767,8.000
-2.455,2.757,8.000
-2.524,2.812,8.000
-2.516,2.781,8.000
-2.326,2.551,8.000
-2.508,2.729,8.000
-2.336,2.522,8.000
-2.335,2.501,8.000
-2.366,2.515,8.000
-2.365,2.494,8.000
-2.396,2.507,8.000
-2.374,2.464,8.000
-2.352,2.422,8.000
-2.383,2.435,8.000
-2.403,2.436,8.000
-2.488,2.502,8.000
-2.411,2.406,8.000
-2.518,2.493,8.000
-2.506,2.462,8.000
-2.527,2.463,8.000
-2.471,2.390,8.000
-2.546,2.443,8.000
-2.567,2.443,8.000
-2.554,2.413,8.000
-2.519,2.361,8.000
-2.573,2.392,8.000
-2.605,2.403,8.000
-2.603,2.382,8.000
-2.612,2.372,8.000
-2.610,2.352,8.000
-2.642,2.361,8.000
-2.618,2.321,8.000
-2.672,2.351,8.000
-2.658,2.320,8.000
-2.679,2.320,8.000
-2.665,2.289,8.000
-2.686,2.289,8.000
-2.660,2.249,8.000
-2.692,2.258,8.000
-2.712,2.257,8.000
-2.721,2.246,8.000
-2.742,2.245,8.000
-3.000,2.437,8.000
-2.852,2.298,8.000
-3.128,2.500,8.000
-3.127,2.479,8.000
-3.038,2.389,8.000
-3.113,2.429,8.000
-2.920,2.260,8.000
-2.917,2.239,8.000
-2.902,2.210,8.000
-2.923,2.207,8.000
-2.931,2.196,8.000
-2.999,2.228,8.000
-2.925,2.155,8.000
-2.945,2.152,8.000
-2.965,2.149,8.000
-2.986,2.146,8.000
-2.958,2.109,8.000
-2.991,2.114,8.000
-2.987,2.094,8.000
-2.971,2.066,8.000
-2.967,2.045,8.000
-3.048,2.084,8.000
-3.326,2.255,8.000
-3.027,2.035,8.000
-3.309,2.206,8.000
-3.329,2.200,8.000
-3.372,2.210,8.000
-3.381,2.196,8.000
-3.054,1.967,8.000
-3.124,1.995,8.000
-3.082,1.951,8.000
-3.065,1.923,8.000
-3.110,1.935,8.000
-3.105,1.915,8.000
-3.112,1.902,8.000
-3.269,1.980,8.000
-3.240,1.945,8.000
-3.247,1.933,8.000
-3.255,1.920,8.000
-3.162,1.848,8.000
-3.257,1.887,8.000
-3.290,1.888,8.000
-3.272,1.861,8.000
-3.329,1.877,8.000
-3.287,1.836,8.000
-3.394,1.878,8.000
-3.326,1.823,8.000
-3.333,1.810,8.000
-3.340,1.797,8.000
-3.348,1.784,8.000
-3.329,1.758,8.000
-3.361,1.758,8.000
-3.381,1.751,8.000
-3.362,1.725,8.000
-3.643,1.851,8.000
-3.699,1.861,8.000
-3.382,1.685,8.000
-3.665,1.808,8.000
-3.684,1.799,8.000
-3.691,1.785,8.000
-3.434,1.644,8.000
-3.415,1.618,8.000
-3.473,1.629,8.000
-3.454,1.603,8.000
-3.447,1.584,8.000
-3.466,1.576,8.000
-3.472,1.563,8.000
-3.452,1.537,8.000
-3.458,1.524,8.000
-3.477,1.516,8.000
-3.496,1.508,8.000
-3.502,1.494,8.000
-3.495,1.475,8.000
-3.527,1.472,8.000
-3.506,1.447,8.000
-3.539,1.444,8.000
-3.531,1.425,8.000
-3.510,1.401,8.000
-3.529,1.392,8.000
-3.494,1.362,8.000
-3.539,1.364,8.000
-3.531,1.345,8.000
-3.577,1.346,8.000
-3.855,1.434,8.000
-3.533,1.298,8.000
-3.867,1.404,8.000
-3.544,1.271,8.000
-3.562,1.262,8.000
-3.567,1.248,8.000
-3.626,1.252,8.000
-3.604,1.229,8.000
-3.595,1.210,8.000
-3.654,1.214,8.000
-3.577,1.173,8.000
-3.717,1.203,8.000
-3.614,1.153,8.000
-3.700,1.165,8.000
-3.650,1.133,8.000
-3.789,1.160,8.000
-3.727,1.125,8.000
-4.045,1.204,8.000
-3.749,1.100,8.000
-4.029,1.165,8.000
-4.033,1.149,8.000
-3.762,1.056,8.000
-4.081,1.128,8.000
-3.770,1.026,8.000
-3.787,1.015,8.000
-3.791,1.000,8.000
-3.727,0.967,8.000
-3.772,0.963,8.000
-3.789,0.952,8.000
-4.046,0.999,8.000
-3.742,0.909,8.000
-4.131,0.986,8.000
-3.858,0.905,8.000
-4.126,0.950,8.000
-3.797,0.859,8.000
-3.814,0.847,8.000
-3.790,0.826,8.000
-3.834,0.820,8.000
-3.824,0.802,8.000
-3.841,0.790,8.000
-3.830,0.772,8.000
-3.819,0.754,8.000
-3.808,0.737,8.000
-3.825,0.724,8.000
-3.772,0.699,8.000
-3.803,0.689,8.000
-3.847,0.682,8.000
-3.850,0.666,8.000
-3.852,0.651,8.000
-3.813,0.629,8.000
-3.843,0.619,8.000
-3.846,0.604,8.000
-3.862,0.591,8.000
-3.988,0.594,8.000
-4.164,0.603,8.000
-3.924,0.553,8.000
-3.885,0.532,8.000
-3.901,0.518,8.000
-3.971,0.512,8.000
-3.849,0.481,8.000
-3.879,0.469,8.000
-4.018,0.470,8.000
-3.993,0.451,8.000
-3.898,0.425,8.000
-3.899,0.409,8.000
-4.025,0.407,8.000
-3.917,0.380,8.000
-4.001,0.372,8.000
-4.030,0.359,8.000
-4.348,0.370,8.000
-4.005,0.325,8.000
-4.047,0.313,8.000
-4.352,0.319,8.000
-4.036,0.280,8.000
-3.996,0.261,8.000
-4.011,0.247,8.000
-4.053,0.233,8.000
-4.053,0.217,8.000
-4.346,0.216,8.000
-4.028,0.184,8.000
-4.295,0.179,8.000
-4.043,0.153,8.000
-4.071,0.138,8.000
-4.044,0.121,8.000
-4.071,0.106,8.000
-4.031,0.089,8.000
-4.086,0.074,8.000
-4.018,0.057,8.000
-4.018,0.041,8.000
-4.018,0.026,8.000
-4.046,0.010,8.000
-4.018,-0.006,8.000
-3.935,-0.021,8.000
-4.086,-0.038,8.000
-4.018,-0.053,8.000
-4.031,-0.069,8.000
-4.045,-0.085,8.000
-4.552,-0.114,8.000
-4.336,-0.126,8.000
-4.111,-0.135,8.000
-4.002,-0.147,8.000
-4.015,-0.164,8.000
-4.014,-0.179,8.000
-4.000,-0.195,8.000
-3.985,-0.210,8.000
-3.970,-0.224,8.000
-4.011,-0.243,8.000
-4.024,-0.259,8.000
-4.036,-0.276,8.000
-4.008,-0.290,8.000
-4.006,-0.306,8.000
-4.046,-0.325,8.000
-4.004,-0.337,8.000
-4.003,-0.353,8.000
-4.001,-0.368,8.000
-4.027,-0.387,8.000
-3.957,-0.396,8.000
-4.037,-0.420,8.000
-4.022,-0.434,8.000
-4.400,-0.493,8.000
-4.032,-0.467,8.000
-4.346,-0.521,8.000
-4.444,-0.551,8.000
-4.442,-0.568,8.000
-3.970,-0.524,8.000
-4.076,-0.554,8.000
-4.127,-0.577,8.000
-4.217,-0.607,8.000
-4.109,-0.608,8.000
-4.120,-0.626,8.000
-4.170,-0.650,8.000
-4.102,-0.656,8.000
-4.073,-0.668,8.000
-4.017,-0.675,8.000
-4.080,-0.702,8.000
-4.051,-0.714,8.000
-4.154,-0.748,8.000
-4.072,-0.750,8.000
-4.056,-0.764,8.000
-4.066,-0.782,8.000
-4.089,-0.803,8.000
-4.099,-0.822,8.000
-4.083,-0.835,8.000
-4.079,-0.851,8.000
-4.063,-0.865,8.000
-4.086,-0.886,8.000
-4.043,-0.894,8.000
-4.052,-0.913,8.000
-4.062,-0.931,8.000
-4.032,-0.941,8.000
-4.041,-0.960,8.000
-4.051,-0.979,8.000
-4.060,-0.998,8.000
-4.004,-1.001,8.000
-4.026,-1.024,8.000
-4.022,-1.039,8.000
-4.005,-1.052,8.000
-4.290,-1.145,8.000
-4.286,-1.162,8.000
-4.293,-1.182,8.000
-4.313,-1.206,8.000
-4.047,-1.149,8.000
-3.940,-1.135,8.000
-4.000,-1.169,8.000
-3.970,-1.177,8.000
-3.978,-1.197,8.000
-3.999,-1.220,8.000
-4.242,-1.313,8.000
-4.261,-1.337,8.000
-4.232,-1.346,8.000
-4.322,-1.393,8.000
-4.245,-1.387,8.000
-4.251,-1.408,8.000
-3.938,-1.321,8.000
-3.933,-1.337,8.000
-3.940,-1.356,8.000
-3.948,-1.376,8.000
-3.930,-1.387,8.000
-3.949,-1.412,8.000
-3.981,-1.441,8.000
-3.926,-1.438,8.000
-3.994,-1.481,8.000
-3.902,-1.464,8.000
-3.896,-1.479,8.000
-3.927,-1.509,8.000
-3.970,-1.544,8.000
-3.977,-1.564,8.000
-3.970,-1.580,8.000
-3.964,-1.595,8.000
-3.970,-1.616,8.000
-3.841,-1.581,8.000
-3.945,-1.642,8.000
-3.999,-1.683,8.000
-3.932,-1.673,8.000
-3.961,-1.704,8.000
-4.221,-1.835,8.000
-4.180,-1.837,8.000
-4.173,-1.853,8.000
-4.177,-1.875,8.000
-4.169,-1.891,8.000
-3.896,-1.786,8.000
-4.109,-1.903,8.000
-3.870,-1.811,8.000
-3.851,-1.820,8.000
-3.821,-1.824,8.000
-3.813,-1.839,8.000
-3.830,-1.866,8.000
-3.881,-1.909,8.000
-3.838,-1.907,8.000
-3.807,-1.911,8.000
-3.835,-1.943,8.000
-3.816,-1.952,8.000
-3.808,-1.967,8.000
-3.777,-1.970,8.000
-3.758,-1.979,8.000
-4.020,-2.138,8.000
-3.765,-2.021,8.000
-4.003,-2.169,8.000
-3.761,-2.057,8.000
-3.997,-2.206,8.000
-3.988,-2.222,8.000
-3.947,-2.220,8.000
-3.917,-2.223,8.000
-3.719,-2.130,8.000
-3.711,-2.145,8.000
-3.933,-2.294,8.000
-3.860,-2.271,8.000
-3.915,-2.325,8.000
-3.906,-2.340,8.000
-3.657,-2.210,8.000
-3.802,-2.319,8.000
-3.639,-2.239,8.000
-3.597,-2.233,8.000
-3.622,-2.268,8.000
-3.624,-2.289,8.000
-3.604,-2.296,8.000
-3.617,-2.324,8.000
-3.542,-2.296,8.000
-3.577,-2.338,8.000
-3.567,-2.352,8.000
-3.547,-2.359,8.000
-3.538,-2.373,8.000
-3.550,-2.402,8.000
-3.519,-2.401,8.000
-3.499,-2.407,8.000
-3.522,-2.443,8.000
-3.721,-2.603,8.000
-3.502,-2.471,8.000
-3.482,-2.477,8.000
-3.462,-2.483,8.000
-3.452,-2.497,8.000
-3.442,-2.510,8.000
-3.432,-2.524,8.000
-3.433,-2.545,8.000
-3.402,-2.543,8.000
-3.423,-2.580,8.000
-3.444,-2.617,8.000
-3.392,-2.599,8.000
-3.433,-2.652,8.000
-3.361,-2.617,8.000
-3.351,-2.630,8.000
-3.351,-2.652,8.000
-3.330,-2.657,8.000
-3.289,-2.645,8.000
-3.319,-2.691,8.000
-3.299,-2.696,8.000
-3.298,-2.717,8.000
-3.277,-2.721,8.000
-3.277,-2.743,8.000
-3.246,-2.739,8.000
-3.245,-2.760,8.000
-3.234,-2.773,8.000
-3.233,-2.794,8.000
-3.222,-2.807,8.000
-3.495,-3.069,8.000
-3.161,-2.797,8.000
-3.257,-2.905,8.000
-3.293,-2.960,8.000
-3.262,-2.956,8.000
-3.269,-2.986,8.000
-3.248,-2.990,8.000
-3.218,-2.986,8.000
-3.197,-2.990,8.000
-3.402,-3.207,8.000
-3.381,-3.212,8.000
-3.377,-3.234,8.000
-3.526,-3.403,8.000
-3.343,-3.252,8.000
-3.321,-3.256,8.000
-3.317,-3.278,8.000
-3.304,-3.291,8.000
-3.308,-3.321,8.000
-3.295,-3.334,8.000
-3.240,-3.304,8.000
-3.252,-3.342,8.000
-3.247,-3.364,8.000
-3.226,-3.368,8.000
-3.213,-3.381,8.000
-3.199,-3.393,8.000
-3.194,-3.414,8.000
-3.173,-3.418,8.000
-3.101,-3.368,8.000
-3.146,-3.443,8.000
-2.948,-3.252,8.000
-2.918,-3.245,8.000
-2.905,-3.256,8.000
-2.875,-3.248,8.000
-2.888,-3.289,8.000
-2.875,-3.300,8.000
-2.862,-3.311,8.000
-2.874,-3.352,8.000
-2.844,-3.343,8.000
-2.831,-3.355,8.000
-2.810,-3.356,8.000
-2.797,-3.367,8.000
-2.759,-3.348,8.000
-2.770,-3.389,8.000
-2.732,-3.370,8.000
-2.900,-3.605,8.000
-2.909,-3.645,8.000
-2.902,-3.666,8.000
-2.880,-3.668,8.000
-2.697,-3.463,8.000
-2.684,-3.474,8.000
-2.623,-3.423,8.000
-2.822,-3.713,8.000
-2.666,-3.536,8.000
-2.793,-3.735,8.000
-2.785,-3.756,8.000
-2.749,-3.737,8.000
-2.580,-3.536,8.000
-2.705,-3.739,8.000
-2.559,-3.566,8.000
-2.545,-3.576,8.000
-2.553,-3.618,8.000
-2.510,-3.586,8.000
-2.666,-3.841,8.000
-2.496,-3.627,8.000
-2.642,-3.872,8.000
-2.453,-3.625,8.000
-2.439,-3.634,8.000
-2.460,-3.697,8.000
-2.480,-3.759,8.000
-2.465,-3.769,8.000
-2.457,-3.789,8.000
-2.429,-3.778,8.000
-2.414,-3.787,8.000
-2.399,-3.797,8.000
-2.384,-3.806,8.000
-2.369,-3.815,8.000
-2.354,-3.825,8.000
-2.332,-3.823,8.000
-2.330,-3.854,8.000
-2.296,-3.831,8.000
-2.287,-3.850,8.000
-2.272,-3.859,8.000
-2.263,-3.879,8.000
-2.223,-3.844,8.000
-2.232,-3.897,8.000
-2.217,-3.906,8.000
-2.189,-3.892,8.000
-2.186,-3.923,8.000
-2.177,-3.942,8.000
-2.162,-3.951,8.000
-2.146,-3.959,8.000
-2.130,-3.968,8.000
-2.115,-3.976,8.000
-2.093,-3.973,8.000
-2.078,-3.981,8.000
-2.079,-4.023,8.000
-2.046,-3.998,8.000
-2.031,-4.006,8.000
-2.015,-4.014,8.000
-1.999,-4.022,8.000
-1.978,-4.018,8.000
-1.962,-4.026,8.000
-1.946,-4.033,8.000
-1.941,-4.064,8.000
-1.930,-4.083,8.000
-1.898,-4.056,8.000
-1.888,-4.075,8.000
-1.872,-4.082,8.000
-1.850,-4.078,8.000
-1.840,-4.097,8.000
-1.813,-4.081,8.000
-1.807,-4.111,8.000
-1.786,-4.107,8.000
-1.780,-4.137,8.000
-1.754,-4.121,8.000
-1.747,-4.151,8.000
-1.726,-4.146,8.000
-1.710,-4.153,8.000
-1.694,-4.159,8.000
-1.795,-4.459,8.000
-1.765,-4.433,8.000
-1.621,-4.120,8.000
-1.623,-4.174,8.000
-1.625,-4.227,8.000
-1.604,-4.222,8.000
-1.583,-4.216,8.000
-1.562,-4.211,8.000
-1.545,-4.217,8.000
-1.571,-4.339,8.000
-1.512,-4.229,8.000
-1.500,-4.246,8.000
-1.475,-4.229,8.000
-1.499,-4.352,8.000
-1.482,-4.358,8.000
-1.464,-4.363,8.000
-1.451,-4.381,8.000
-1.399,-4.281,8.000
-1.417,-4.392,8.000
-1.392,-4.374,8.000
-1.378,-4.391,8.000
-1.358,-4.385,8.000
-1.337,-4.379,8.000
-1.327,-4.407,8.000
-1.309,-4.412,8.000
-1.302,-4.453,8.000
-1.318,-4.573,8.000
-1.254,-4.416,8.000
-1.326,-4.741,8.000
-1.222,-4.437,8.000
-1.198,-4.418,8.000
-1.191,-4.459,8.000
-1.164,-4.428,8.000
-1.152,-4.456,8.000
-1.117,-4.389,8.000
-1.117,-4.465,8.000
-1.103,-4.481,8.000
-1.155,-4.774,8.000
-1.073,-4.513,8.000
-1.115,-4.772,8.000
-1.029,-4.486,8.000
-1.072,-4.758,8.000
-0.991,-4.482,8.000
-1.035,-4.766,8.000
-0.961,-4.514,8.000
-0.997,-4.774,8.000
-0.923,-4.509,8.000
-0.906,-4.513,8.000
-0.876,-4.456,8.000
-0.870,-4.520,8.000
-0.855,-4.535,8.000
-0.846,-4.586,8.000
-0.821,-4.554,8.000
-0.799,-4.533,8.000
-0.781,-4.536,8.000
-0.763,-4.539,8.000
-0.746,-4.542,8.000
-0.728,-4.545,8.000
-0.710,-4.548,8.000
-0.694,-4.562,8.000
-0.681,-4.601,8.000
-0.658,-4.568,8.000
-0.638,-4.558,8.000
-0.657,-4.832,8.000
-0.607,-4.599,8.000
-0.621,-4.849,8.000
-0.595,-4.794,8.000
-0.547,-4.558,8.000
-0.531,-4.572,8.000
-0.519,-4.635,8.000
-0.496,-4.588,8.000
-0.477,-4.578,8.000
-0.460,-4.592,8.000
-0.443,-4.606,8.000
-0.423,-4.583,8.000
-0.430,-4.870,8.000
-0.412,-4.883,8.000
-0.381,-4.744,8.000
-0.372,-4.863,8.000
-0.352,-4.853,8.000
-0.333,-4.865,8.000
-0.313,-4.855,8.000
-0.296,-4.879,8.000
-0.277,-4.881,8.000
-0.260,-4.928,8.000
-0.225,-4.609,8.000
-0.218,-4.849,8.000
-0.187,-4.562,8.000
-0.179,-4.850,8.000
-0.152,-4.588,8.000
-0.133,-4.551,8.000
-0.116,-4.601,8.000
-0.098,-4.602,8.000
-0.080,-4.602,8.000
-0.062,-4.602,8.000
-0.044,-4.627,8.000
-0.026,-4.615,8.000
-0.007,-4.603,8.000
0.011,-4.615,8.000
0.029,-4.603,8.000
0.047,-4.602,8.000
0.065,-4.614,8.000
0.084,-4.651,8.000
0.103,-4.711,8.000
0.122,-4.710,8.000
0.137,-4.601,8.000
0.155,-4.588,8.000
0.175,-4.636,8.000
0.193,-4.635,8.000
0.213,-4.683,8.000
0.231,-4.658,8.000
0.252,-4.717,8.000
0.267,-4.656,8.000
0.283,-4.618,8.000
0.307,-4.702,8.000
0.319,-4.604,8.000
0.342,-4.675,8.000
0.381,-4.943,8.000
0.400,-4.930,8.000
0.391,-4.598,8.000
0.404,-4.535,8.000
0.426,-4.583,8.000
0.444,-4.581,8.000
0.502,-4.977,8.000
0.515,-4.908,8.000
0.498,-4.576,8.000
0.524,-4.646,8.000
0.545,-4.668,8.000
0.555,-4.594,8.000
0.588,-4.711,8.000
0.635,-4.928,8.000
0.622,-4.683,8.000
0.685,-5.012,8.000
0.683,-4.852,8.000
0.695,-4.804,8.000
0.719,-4.835,8.000
0.714,-4.670,8.000
0.775,-4.942,8.000
0.748,-4.652,8.000
0.765,-4.637,8.000
0.785,-4.646,8.000
0.787,-4.547,8.000
0.828,-4.675,8.000
0.827,-4.565,8.000
0.858,-4.633,8.000
0.876,-4.630,8.000
0.878,-4.543,8.000
0.905,-4.587,8.000
0.930,-4.619,8.000
0.929,-4.520,8.000
0.957,-4.564,8.000
0.990,-4.631,8.000
1.003,-4.604,8.000
1.016,-4.576,8.000
1.012,-4.477,8.000
1.033,-4.485,8.000
1.053,-4.493,8.000
1.068,-4.477,8.000
1.085,-4.473,8.000
1.129,-4.574,8.000
1.121,-4.464,8.000
1.162,-4.554,8.000
1.159,-4.467,8.000
1.167,-4.427,8.000
1.219,-4.551,8.000
1.208,-4.441,8.000
1.245,-4.507,8.000
1.243,-4.432,8.000
1.290,-4.532,8.000
1.284,-4.445,8.000
1.295,-4.417,8.000
1.326,-4.458,8.000
1.344,-4.453,8.000
1.358,-4.436,8.000
1.361,-4.384,8.000
1.382,-4.390,8.000
1.395,-4.373,8.000
1.427,-4.414,8.000
1.437,-4.385,8.000
1.477,-4.449,8.000
1.498,-4.454,8.000
1.489,-4.368,8.000
1.498,-4.339,8.000
1.523,-4.356,8.000
1.544,-4.362,8.000
1.553,-4.333,8.000
1.574,-4.338,8.000
1.578,-4.297,8.000
1.617,-4.348,8.000
1.709,-4.543,8.000
1.735,-4.558,8.000
1.655,-4.295,8.000
1.676,-4.300,8.000
1.679,-4.259,8.000
1.719,-4.309,8.000
1.717,-4.257,8.000
1.729,-4.239,8.000
1.737,-4.209,8.000
1.767,-4.236,8.000
1.789,-4.241,8.000
1.805,-4.234,8.000
1.817,-4.215,8.000
1.839,-4.219,8.000
1.860,-4.223,8.000
1.872,-4.205,8.000
1.883,-4.186,8.000
1.889,-4.156,8.000
1.926,-4.194,8.000
1.938,-4.175,8.000
1.954,-4.167,8.000
1.970,-4.160,8.000
1.987,-4.152,8.000
2.003,-4.144,8.000
2.025,-4.147,8.000
2.035,-4.128,8.000
2.057,-4.131,8.000
2.068,-4.112,8.000
2.106,-4.147,8.000
2.106,-4.106,8.000
2.116,-4.087,8.000
2.138,-4.090,8.000
2.154,-4.081,8.000
2.293,-4.304,8.000
2.203,-4.096,8.000
2.237,-4.120,8.000
2.241,-4.090,8.000
2.263,-4.091,8.000
2.250,-4.029,8.000
2.271,-4.031,8.000
2.275,-4.001,8.000
2.285,-3.981,8.000
2.300,-3.972,8.000
2.316,-3.963,8.000
2.338,-3.965,8.000
2.341,-3.934,8.000
2.381,-3.967,8.000
2.391,-3.947,8.000
2.387,-3.907,8.000
2.434,-3.949,8.000
2.443,-3.929,8.000
2.592,-4.131,8.000
2.401,-3.795,8.000
2.636,-4.130,8.000
2.646,-4.110,8.000
2.650,-4.080,8.000
2.660,-4.060,8.000
2.551,-3.861,8.000
2.736,-4.106,8.000
2.512,-3.738,8.000
2.589,-3.820,8.000
2.576,-3.769,8.000
2.549,-3.698,8.000
2.723,-3.918,8.000
2.592,-3.698,8.000
2.592,-3.667,8.000
2.570,-3.606,8.000
2.650,-3.687,8.000
2.628,-3.626,8.000
2.808,-3.843,8.000
2.641,-3.585,8.000
2.655,-3.575,8.000
2.692,-3.595,8.000
2.706,-3.584,8.000
2.705,-3.553,8.000
2.742,-3.573,8.000
2.771,-3.582,8.000
2.762,-3.541,8.000
2.745,-3.491,8.000
2.805,-3.539,8.000
2.804,-3.508,8.000
2.802,-3.478,8.000
2.963,-3.648,8.000
2.837,-3.465,8.000
2.866,-3.474,8.000
2.864,-3.443,8.000
2.886,-3.441,8.000
2.891,-3.420,8.000
2.912,-3.419,8.000
2.918,-3.398,8.000
2.906,-3.357,8.000
2.953,-3.384,8.000
3.007,-3.419,8.000
2.979,-3.361,8.000
2.975,-3.330,8.000
3.193,-3.545,8.000
3.199,-3.524,8.000
3.221,-3.520,8.000
3.218,-3.490,8.000
3.240,-3.486,8.000
3.254,-3.473,8.000
3.292,-3.486,8.000
3.306,-3.473,8.000
3.074,-3.205,8.000
3.316,-3.430,8.000
3.160,-3.243,8.000
3.343,-3.404,8.000
3.177,-3.210,8.000
3.395,-3.403,8.000
3.175,-3.158,8.000
3.197,-3.154,8.000
3.182,-3.115,8.000
3.221,-3.129,8.000
3.216,-3.099,8.000
3.246,-3.104,8.000
3.462,-3.284,8.000
3.466,-3.262,8.000
3.291,-3.074,8.000
3.509,-3.251,8.000
3.297,-3.031,8.000
3.309,-3.018,8.000
3.302,-2.988,8.000
3.333,-2.992,8.000
3.363,-2.995,8.000
3.356,-2.965,8.000
3.488,-3.058,8.000
3.389,-2.947,8.000
3.391,-2.926,8.000
3.412,-2.921,8.000
3.423,-2.907,8.000
3.425,-2.886,8.000
3.446,-2.880,8.000
3.438,-2.851,8.000
3.449,-2.837,8.000
3.460,-2.823,8.000
3.481,-2.818,8.000
3.492,-2.804,8.000
3.503,-2.790,8.000
3.524,-2.784,8.000
3.525,-2.763,8.000
3.555,-2.764,8.000
3.556,-2.743,8.000
3.557,-2.721,8.000
3.578,-2.715,8.000
3.578,-2.693,8.000
3.589,-2.679,8.000
3.610,-2.672,8.000
3.620,-2.658,8.000
3.630,-2.644,8.000
3.641,-2.629,8.000
3.661,-2.622,8.000
3.589,-2.549,8.000
3.682,-2.594,8.000
3.682,-2.572,8.000
3.640,-2.521,8.000
3.702,-2.543,8.000
3.617,-2.464,8.000
3.638,-2.457,8.000
3.773,-2.527,8.000
3.667,-2.435,8.000
3.751,-2.470,8.000
3.708,-2.420,8.000
3.915,-2.534,8.000
4.006,-2.570,8.000
3.955,-2.516,8.000
3.955,-2.494,8.000
3.700,-2.313,8.000
3.817,-2.366,8.000
3.837,-2.357,8.000
3.983,-2.425,8.000
3.747,-2.261,8.000
4.002,-2.394,8.000
4.012,-2.378,8.000
4.031,-2.368,8.000
4.061,-2.365,8.000
3.824,-2.207,8.000
3.877,-2.217,8.000
3.808,-2.158,8.000
3.828,-2.149,8.000
3.881,-2.159,8.000
3.833,-2.112,8.000
4.093,-2.235,8.000
3.838,-2.076,8.000
4.111,-2.203,8.000
3.877,-2.058,8.000
3.817,-2.007,8.000
3.893,-2.027,8.000
3.924,-2.024,8.000
3.932,-2.008,8.000
3.917,-1.981,8.000
3.925,-1.966,8.000
3.921,-1.945,8.000
4.208,-2.067,8.000
3.948,-1.920,8.000
3.955,-1.904,8.000
4.009,-1.910,8.000
3.958,-1.867,8.000
3.966,-1.852,8.000
3.961,-1.831,8.000
3.980,-1.821,8.000
3.976,-1.800,8.000
4.041,-1.810,8.000
4.001,-1.774,8.000
4.020,-1.763,8.000
4.015,-1.742,8.000
4.022,-1.726,8.000
4.041,-1.716,8.000
4.047,-1.700,8.000
4.042,-1.679,8.000
4.060,-1.668,8.000
4.031,-1.637,8.000
4.050,-1.626,8.000
4.068,-1.615,8.000
4.050,-1.590,8.000
4.092,-1.588,8.000
4.099,-1.572,8.000
4.105,-1.556,8.000
4.111,-1.539,8.000
4.129,-1.528,8.000
4.099,-1.498,8.000
4.080,-1.473,8.000
4.110,-1.466,8.000
4.128,-1.454,8.000
4.393,-1.528,8.000
4.140,-1.422,8.000
4.133,-1.401,8.000
4.138,-1.385,8.000
4.045,-1.336,8.000
4.161,-1.356,8.000
4.130,-1.328,8.000
4.208,-1.335,8.000
4.189,-1.311,8.000
4.083,-1.260,8.000
4.368,-1.329,8.000
4.325,-1.298,8.000
4.098,-1.212,8.000
4.383,-1.278,8.000
4.107,-1.180,8.000
4.112,-1.164,8.000
4.154,-1.158,8.000
4.121,-1.131,8.000
4.125,-1.115,8.000
4.091,-1.089,8.000
4.121,-1.079,8.000
4.151,-1.070,8.000
4.155,-1.053,8.000
4.172,-1.040,8.000
4.125,-1.011,8.000
4.116,-0.992,8.000
4.158,-0.985,8.000
4.149,-0.966,8.000
4.166,-0.952,8.000
4.182,-0.939,8.000
4.173,-0.919,8.000
4.151,-0.897,8.000
4.167,-0.884,8.000
4.196,-0.873,8.000
4.174,-0.851,8.000
4.177,-0.835,8.000
4.245,-0.831,8.000
4.171,-0.799,8.000
4.226,-0.793,8.000
4.138,-0.759,8.000
4.457,-0.800,8.000
4.374,-0.767,8.000
4.414,-0.756,8.000
4.097,-0.685,8.000
4.100,-0.669,8.000
4.410,-0.702,8.000
4.105,-0.637,8.000
4.147,-0.627,8.000
4.110,-0.605,8.000
4.152,-0.594,8.000
4.114,-0.573,8.000
4.076,-0.551,8.000
4.119,-0.540,8.000
4.174,-0.531,8.000
4.136,-0.509,8.000
4.125,-0.492,8.000
4.113,-0.474,8.000
4.128,-0.459,8.000
4.144,-0.444,8.000
4.145,-0.428,8.000
4.120,-0.409,8.000
4.122,-0.393,8.000
4.083,-0.373,8.000
4.424,-0.387,8.000
4.463,-0.372,8.000
3.978,-0.316,8.000
4.007,-0.303,8.000
4.022,-0.288,8.000
4.009,-0.271,8.000
4.024,-0.256,8.000
4.011,-0.240,8.000
3.984,-0.222,8.000
4.054,-0.210,8.000
4.014,-0.192,8.000
4.042,-0.178,8.000
4.056,-0.162,8.000
4.015,-0.145,8.000
4.030,-0.130,8.000
4.336,-0.123,8.000
4.311,-0.105,8.000
4.337,-0.088,8.000
4.312,-0.071,8.000
4.376,-0.055,8.000
4.338,-0.037,8.000
4.059,-0.019,8.000
4.032,-0.003,8.000
4.032,0.013,8.000
4.073,0.029,8.000
3.468,0.038,8.500
3.452,0.052,8.500
3.406,0.064,8.500
3.735,0.085,8.500
3.359,0.090,8.500
3.719,0.114,8.500
3.389,0.117,8.500
3.404,0.131,8.500
3.388,0.144,8.500
3.388,0.157,8.500
3.418,0.172,8.500
3.402,0.185,8.500
3.355,0.195,8.500
3.354,0.209,8.500
3.384,0.224,8.500
3.383,0.237,8.500
3.273,0.242,8.500
3.381,0.264,8.500
3.240,0.265,8.500
3.409,0.293,8.500
3.253,0.292,8.500
3.205,0.301,8.500
3.266,0.319,8.500
3.296,0.335,8.500
3.217,0.340,8.500
3.231,0.354,8.500
3.245,0.369,8.500
3.244,0.382,8.500
3.211,0.391,8.500
3.288,0.413,8.500
3.255,0.422,8.500
3.237,0.433,8.500
3.236,0.445,8.500
3.265,0.462,8.500
3.263,0.475,8.500
3.246,0.486,8.500
3.244,0.499,8.500
3.242,0.511,8.500
3.224,0.521,8.500
3.222,0.534,8.500
3.236,0.549,8.500
3.218,0.559,8.500
3.185,0.567,8.500
3.104,0.565,8.500
3.227,0.600,8.500
3.224,0.613,8.500
3.097,0.601,8.500
3.219,0.638,8.500
3.217,0.651,8.500
3.245,0.670,8.500
3.118,0.656,8.500
3.069,0.659,8.500
3.002,0.657,8.500
3.063,0.683,8.500
3.045,0.691,8.500
3.120,0.721,8.500
2.976,0.700,8.500
3.130,0.749,8.500
3.034,0.739,8.500
2.983,0.739,8.500
3.121,0.786,8.500
3.040,0.779,8.500
3.037,0.791,8.500
3.397,0.898,8.500
3.015,0.810,8.500
3.012,0.822,8.500
3.357,0.930,8.500
3.037,0.854,8.500
3.049,0.871,8.500
3.030,0.878,8.500
3.011,0.886,8.500
2.992,0.893,8.500
2.926,0.886,8.500
2.875,0.883,8.500
2.840,0.884,8.500
2.868,0.905,8.500
2.865,0.917,8.500
2.861,0.928,8.500
2.873,0.944,8.500
2.854,0.950,8.500
2.834,0.956,8.500
2.846,0.973,8.500
2.795,0.967,8.500
2.823,0.989,8.500
2.834,1.006,8.500
2.815,1.012,8.500
2.857,1.040,8.500
2.776,1.022,8.500
2.834,1.056,8.500
2.814,1.062,8.500
2.794,1.067,8.500
2.821,1.090,8.500
2.817,1.101,8.500
2.797,1.106,8.500
2.793,1.117,8.500
2.788,1.128,8.500
2.753,1.126,8.500
2.764,1.143,8.500
2.636,1.102,8.500
2.755,1.165,8.500
2.596,1.110,8.500
2.806,1.213,8.500
2.634,1.150,8.500
2.629,1.161,8.500
2.624,1.171,8.500
2.604,1.174,8.500
2.584,1.177,8.500
2.595,1.195,8.500
2.559,1.191,8.500
2.601,1.222,8.500
2.596,1.232,8.500
2.591,1.243,8.500
2.571,1.245,8.500
2.657,1.300,8.500
2.592,1.281,8.500
2.571,1.283,8.500
2.566,1.293,8.500
2.561,1.303,8.500
2.616,1.344,8.500
2.536,1.316,8.500
2.363,1.238,8.500
2.404,1.271,8.500
2.520,1.345,8.500
2.394,1.290,8.500
2.358,1.283,8.500
2.504,1.375,8.500
2.363,1.310,8.500
2.358,1.319,8.500
2.383,1.346,8.500
2.363,1.346,8.500
2.358,1.356,8.500
2.276,1.321,8.500
2.347,1.374,8.500
2.386,1.410,8.500
2.306,1.375,8.500
2.330,1.402,8.500
2.310,1.402,8.500
2.319,1.420,8.500
2.314,1.429,8.500
2.352,1.466,8.500
2.243,1.410,8.500
2.178,1.381,8.500
2.202,1.408,8.500
2.152,1.388,8.500
2.493,1.622,8.500
2.487,1.632,8.500
2.466,1.633,8.500
2.390,1.596,8.500
2.481,1.670,8.500
2.475,1.680,8.500
2.509,1.718,8.500
2.434,1.681,8.500
2.427,1.690,8.500
2.421,1.700,8.500
2.400,1.700,8.500
2.380,1.699,8.500
2.049,1.475,8.500
2.116,1.536,8.500
1.891,1.384,8.500
1.885,1.391,8.500
1.880,1.399,8.500
2.049,1.537,8.500
2.071,1.566,8.500
1.878,1.432,8.500
1.843,1.417,8.500
1.793,1.390,8.500
1.846,1.443,8.500
1.884,1.484,8.500
1.835,1.457,8.500
1.843,1.476,8.500
1.823,1.471,8.500
1.817,1.479,8.500
1.812,1.486,8.500
1.792,1.481,8.500
1.800,1.500,8.500
1.780,1.495,8.500
1.774,1.502,8.500
1.782,1.521,8.500
1.790,1.540,8.500
1.770,1.535,8.500
1.764,1.542,8.500
1.631,1.437,8.500
1.626,1.444,8.500
1.746,1.563,8.500
1.600,1.444,8.500
1.609,1.463,8.500
1.546,1.417,8.500
1.775,1.640,8.500
1.913,1.781,8.500
1.613,1.514,8.500
1.912,1.809,8.500
1.854,1.767,8.500
1.885,1.811,8.500
1.852,1.794,8.500
1.883,1.838,8.500
1.951,1.919,8.500
1.557,1.544,8.500
1.849,1.848,8.500
1.715,1.728,8.500
1.526,1.549,8.500
1.412,1.445,8.500
1.540,1.588,8.500
1.520,1.580,8.500
1.514,1.586,8.500
1.469,1.551,8.500
1.515,1.612,8.500
1.377,1.478,8.500
1.628,1.761,8.500
1.379,1.503,8.500
1.360,1.494,8.500
1.367,1.513,8.500
1.649,1.840,8.500
1.642,1.847,8.500
1.729,1.961,8.500
1.603,1.832,8.500
1.702,1.961,8.500
1.706,1.981,8.500
1.274,1.491,8.500
1.306,1.541,8.500
1.288,1.531,8.500
1.269,1.521,8.500
1.564,1.890,8.500
1.670,2.034,8.500
1.538,1.888,8.500
1.553,1.922,8.500
1.288,1.606,8.500
1.269,1.596,8.500
1.227,1.555,8.500
1.269,1.622,8.500
1.250,1.611,8.500
1.232,1.601,8.500
1.319,1.728,8.500
1.220,1.610,8.500
1.213,1.615,8.500
1.242,1.667,8.500
1.201,1.625,8.500
1.229,1.676,8.500
1.165,1.602,8.500
1.181,1.639,8.500
1.231,1.722,8.500
1.224,1.727,8.500
1.151,1.636,8.500
1.200,1.721,8.500
1.149,1.661,8.500
1.142,1.666,8.500
1.125,1.654,8.500
1.107,1.642,8.500
1.373,2.054,8.500
1.212,1.828,8.500
1.109,1.688,8.500
1.124,1.725,8.500
1.107,1.713,8.500
1.121,1.750,8.500
1.051,1.656,8.500
1.034,1.643,8.500
1.028,1.647,8.500
1.052,1.701,8.500
1.046,1.705,8.500
1.109,1.825,8.500
1.042,1.730,8.500
1.124,1.883,8.500
1.048,1.772,8.500
1.109,1.892,8.500
1.092,1.880,8.500
1.094,1.900,8.500
1.030,1.805,8.500
1.061,1.876,8.500
1.044,1.863,8.500
1.074,1.934,8.500
1.039,1.888,8.500
0.994,1.825,8.500
1.042,1.930,8.500
1.025,1.917,8.500
1.009,1.904,8.500
1.019,1.942,8.500
1.011,1.946,8.500
0.995,1.933,8.500
1.005,1.971,8.500
0.962,1.907,8.500
0.997,1.995,8.500
0.956,1.931,8.500
0.965,1.969,8.500
0.932,1.922,8.500
0.941,1.960,8.500
0.934,1.963,8.500
0.934,1.984,8.500
0.886,1.901,8.500
0.918,1.992,8.500
0.895,1.960,8.500
0.895,1.981,8.500
0.895,2.002,8.500
0.872,1.971,8.500
0.871,1.992,8.500
0.931,2.150,8.500
0.908,2.120,8.500
0.907,2.140,8.500
0.912,2.178,8.500
0.890,2.147,8.500
0.895,2.185,8.500
0.845,2.085,8.500
0.871,2.175,8.500
0.876,2.213,8.500
0.861,2.199,8.500
0.852,2.202,8.500
0.824,2.154,8.500
0.828,2.192,8.500
0.820,2.195,8.500
0.818,2.215,8.500
0.809,2.219,8.500
0.794,2.204,8.500
0.779,2.190,8.500
0.918,2.615,8.500
0.874,2.520,8.500
0.887,2.589,8.500
0.942,2.786,8.500
0.872,2.612,8.500
0.867,2.632,8.500
0.851,2.619,8.500
0.857,2.672,8.500
0.867,2.740,8.500
0.820,2.629,8.500
0.835,2.714,8.500
0.795,2.619,8.500
0.671,2.245,8.500
0.724,2.456,8.500
0.715,2.459,8.500
0.705,2.462,8.500
0.700,2.482,8.500
0.686,2.468,8.500
0.690,2.522,8.500
0.609,2.262,8.500
0.656,2.475,8.500
0.651,2.495,8.500
0.637,2.481,8.500
0.720,2.852,8.500
0.556,2.238,8.500
0.608,2.488,8.500
0.594,2.473,8.500
0.592,2.510,8.500
0.504,2.173,8.500
0.565,2.480,8.500
0.563,2.517,8.500
0.533,2.431,8.500
0.543,2.521,8.500
0.615,2.910,8.500
0.523,2.525,8.500
0.575,2.833,8.500
0.503,2.529,8.500
0.490,2.514,8.500
0.483,2.533,8.500
0.537,2.875,8.500
0.460,2.519,8.500
0.523,2.928,8.500
0.443,2.540,8.500
0.500,2.932,8.500
0.469,2.818,8.500
0.477,2.936,8.500
0.463,2.921,8.500
0.456,2.956,8.500
0.435,2.892,8.500
0.373,2.552,8.500
0.351,2.464,8.500
0.351,2.537,8.500
0.341,2.538,8.500
0.335,2.575,8.500
0.323,2.558,8.500
0.304,2.489,8.500
0.301,2.543,8.500
0.297,2.597,8.500
0.281,2.546,8.500
0.269,2.529,8.500
0.261,2.548,8.500
0.253,2.566,8.500
0.241,2.550,8.500
0.267,2.946,8.500
0.222,2.569,8.500
0.243,2.948,8.500
0.233,2.965,8.500
0.222,2.966,8.500
0.208,2.934,8.500
0.198,2.968,8.500
0.163,2.591,8.500
0.169,2.869,8.500
0.142,2.593,8.500
0.132,2.593,8.500
0.118,2.504,8.500
0.112,2.594,8.500
0.103,2.630,8.500
0.090,2.559,8.500
0.079,2.524,8.500
0.071,2.578,8.500
0.060,2.542,8.500
0.050,2.578,8.500
0.041,2.614,8.500
0.029,2.525,8.500
0.020,2.561,8.500
0.011,2.941,8.500
-0.000,3.008,8.500
-0.012,2.941,8.500
-0.024,2.974,8.500
-0.036,3.040,8.500
-0.047,2.991,8.500
-0.058,2.957,8.500
-0.071,2.990,8.500
-0.070,2.524,8.500
-0.080,2.542,8.500
-0.105,2.956,8.500
-0.101,2.559,8.500
-0.128,2.955,8.500
-0.122,2.576,8.500
-0.136,2.664,8.500
-0.158,2.869,8.500
-0.152,2.574,8.500
-0.158,2.502,8.500
-0.172,2.573,8.500
-0.183,2.572,8.500
-0.193,2.572,8.500
-0.210,2.659,8.500
-0.210,2.534,8.500
-0.221,2.551,8.500
-0.233,2.568,8.500
-0.240,2.532,8.500
-0.244,2.477,8.500
-0.261,2.548,8.500
-0.270,2.529,8.500
-0.278,2.510,8.500
-0.296,2.580,8.500
-0.350,2.954,8.500
-0.358,2.919,8.500
-0.375,2.967,8.500
-0.361,2.765,8.500
-0.372,2.764,8.500
-0.359,2.590,8.500
-0.420,2.945,8.500
-0.376,2.569,8.500
-0.360,2.390,8.500
-0.372,2.406,8.500
-0.404,2.547,8.500
-0.408,2.510,8.500
-0.424,2.544,8.500
-0.434,2.542,8.500
-0.450,2.575,8.500
-0.451,2.521,8.500
-0.461,2.519,8.500
-0.471,2.517,8.500
-0.480,2.516,8.500
-0.494,2.531,8.500
-0.507,2.547,8.500
-0.517,2.545,8.500
-0.516,2.490,8.500
-0.530,2.506,8.500
-0.494,2.290,8.500
-0.553,2.519,8.500
-0.563,2.517,8.500
-0.521,2.284,8.500
-0.587,2.529,8.500
-0.530,2.244,8.500
-0.586,2.438,8.500
-0.612,2.505,8.500
-0.622,2.503,8.500
-0.619,2.448,8.500
-0.646,2.515,8.500
-0.647,2.478,8.500
-0.680,2.561,8.500
-0.770,2.856,8.500
-0.662,2.418,8.500
-0.642,2.311,8.500
-0.691,2.447,8.500
-0.710,2.479,8.500
-0.715,2.459,8.500
-0.725,2.456,8.500
-0.740,2.470,8.500
-0.739,2.433,8.500
-0.754,2.448,8.500
-0.763,2.445,8.500
-0.898,2.836,8.500
-0.788,2.455,8.500
-0.798,2.452,8.500
-0.796,2.415,8.500
-0.811,2.429,8.500
-0.849,2.510,8.500
-0.824,2.406,8.500
-1.029,2.965,8.500
-0.970,2.759,8.500
-0.853,2.396,8.500
-0.813,2.256,8.500
-0.884,2.423,8.500
-1.013,2.743,8.500
-0.903,2.416,8.500
-0.887,2.345,8.500
-0.915,2.392,8.500
-0.957,2.471,8.500
-0.966,2.467,8.500
-0.944,2.381,8.500
-0.979,2.443,8.500
-0.962,2.373,8.500
-0.978,2.386,8.500
-0.988,2.382,8.500
-1.024,2.444,8.500
-1.006,2.374,8.500
-1.171,2.734,8.500
-1.032,2.383,8.500
-1.006,2.297,8.500
-1.051,2.374,8.500
-1.060,2.370,8.500
-1.055,2.334,8.500
-1.071,2.346,8.500
-1.088,2.358,8.500
-1.097,2.353,8.500
-1.106,2.349,8.500
-1.264,2.656,8.500
-1.132,2.356,8.500
-1.134,2.336,8.500
-1.128,2.299,8.500
-1.160,2.343,8.500
-1.169,2.338,8.500
-1.179,2.334,8.500
-1.147,2.250,8.500
-1.331,2.585,8.500
-1.440,2.770,8.500
-1.199,2.283,8.500
-1.265,2.388,8.500
-1.250,2.336,8.500
-1.267,2.347,8.500
-1.494,2.741,8.500
-1.385,2.518,8.500
-1.329,2.393,8.500
-1.321,2.357,8.500
-1.537,2.718,8.500
-1.548,2.711,8.500
-1.358,2.356,8.500
-1.376,2.366,8.500
-1.341,2.285,8.500
-1.350,2.280,8.500
-1.593,2.667,8.500
-1.595,2.646,8.500
-1.413,2.324,8.500
-1.422,2.318,8.500
-1.440,2.327,8.500
-1.403,2.248,8.500
-1.629,2.587,8.500
-1.449,2.281,8.500
-1.676,2.615,8.500
-1.486,2.299,8.500
-1.485,2.278,8.500
-1.715,2.609,8.500
-1.503,2.266,8.500
-1.512,2.261,8.500
-1.482,2.197,8.500
-1.520,2.234,8.500
-1.548,2.257,8.500
-1.767,2.554,8.500
-1.576,2.259,8.500
-1.604,2.281,8.500
-1.643,2.316,8.500
-1.582,2.212,8.500
-1.836,2.545,8.500
-1.902,2.616,8.500
-1.608,2.193,8.500
-1.729,2.338,8.500
-1.697,2.277,8.500
-1.716,2.284,8.500
-1.736,2.291,8.500
-1.745,2.284,8.500
-1.774,2.304,8.500
-1.752,2.257,8.500
-1.761,2.250,8.500
-1.780,2.256,8.500
-1.768,2.222,8.500
-1.798,2.242,8.500
-1.817,2.248,8.500
-1.815,2.228,8.500
-1.846,2.247,8.500
-2.073,2.503,8.500
-1.831,2.193,8.500
-1.828,2.173,8.500
-2.082,2.455,8.500
-2.092,2.446,8.500
-1.920,2.228,8.500
-1.873,2.157,8.500
-1.904,2.175,8.500
-1.857,2.104,8.500
-1.999,2.247,8.500
-1.918,2.140,8.500
-2.083,2.304,8.500
-2.070,2.272,8.500
-2.056,2.240,8.500
-2.043,2.208,8.500
-2.040,2.187,8.500
-2.049,2.179,8.500
-2.069,2.183,8.500
-2.066,2.163,8.500
-2.097,2.179,8.500
-2.106,2.171,8.500
-2.272,2.324,8.500
-2.134,2.166,8.500
-2.119,2.134,8.500
-2.128,2.126,8.500
-2.113,2.094,8.500
-2.109,2.074,8.500
-2.141,2.089,8.500
-2.403,2.326,8.500
-2.181,2.095,8.500
-2.093,1.994,8.500
-2.233,2.111,8.500
-2.462,2.310,8.500
-2.262,2.105,8.500
-2.234,2.063,8.500
-2.278,2.087,8.500
-2.600,2.363,8.500
-2.753,2.482,8.500
-2.630,2.353,8.500
-2.359,2.094,8.500
-2.380,2.095,8.500
-2.351,2.054,8.500
-2.384,2.066,8.500
-2.675,2.301,8.500
-2.661,2.270,8.500
-2.682,2.270,8.500
-2.656,2.230,8.500
-2.411,2.009,8.500
-2.493,2.060,8.500
-2.440,2.000,8.500
-2.448,1.990,8.500
-2.443,1.970,8.500
-2.450,1.961,8.500
-2.458,1.951,8.500
-2.478,1.951,8.500
-2.461,1.922,8.500
-2.468,1.912,8.500
-2.489,1.912,8.500
-2.483,1.893,8.500
-2.516,1.902,8.500
-2.498,1.873,8.500
-2.531,1.883,8.500
-2.815,2.077,8.500
-2.749,2.011,8.500
-2.553,1.853,8.500
-2.560,1.843,8.500
-2.671,1.907,8.500
-2.679,1.896,8.500
-2.949,2.070,8.500
-2.933,2.041,8.500
-2.688,1.855,8.500
-2.643,1.809,8.500
-2.676,1.816,8.500
-2.710,1.824,8.500
-2.730,1.822,8.500
-2.750,1.820,8.500
-2.718,1.783,8.500
-2.738,1.781,8.500
-2.692,1.736,8.500
-3.074,1.965,8.500
-3.044,1.929,8.500
-3.089,1.940,8.500
-3.084,1.920,8.500
-2.859,1.765,8.500
-2.800,1.713,8.500
-2.793,1.694,8.500
-2.813,1.691,8.500
-3.121,1.860,8.500
-3.192,1.885,8.500
-2.846,1.666,8.500
-2.825,1.639,8.500
-2.832,1.627,8.500
-2.825,1.609,8.500
-2.845,1.605,8.500
-2.851,1.594,8.500
-2.802,1.552,8.500
-2.863,1.572,8.500
-2.883,1.568,8.500
-2.889,1.556,8.500
-2.882,1.538,8.500
-2.902,1.534,8.500
-2.851,1.493,8.500
-2.914,1.511,8.500
-2.905,1.492,8.500
-2.855,1.452,8.500
-2.931,1.476,8.500
-2.923,1.458,8.500
-2.914,1.439,8.500
-3.046,1.490,8.500
-2.968,1.437,8.500
-3.276,1.570,8.500
-2.979,1.414,8.500
-3.097,1.455,8.500
-3.103,1.443,8.500
-2.953,1.359,8.500
-3.086,1.405,8.500
-3.106,1.400,8.500
-3.425,1.527,8.500
-3.131,1.381,8.500
-3.080,1.344,8.500
-3.142,1.357,8.500
-3.488,1.490,8.500
-3.222,1.362,8.500
-3.447,1.440,8.500
-3.191,1.319,8.500
-3.458,1.413,8.500
-3.490,1.411,8.500
-3.178,1.270,8.500
-3.168,1.252,8.500
-3.493,1.364,8.500
-3.444,1.329,8.500
-3.197,1.220,8.500
-3.509,1.323,8.500
-3.221,1.200,8.500
-3.211,1.182,8.500
-3.187,1.159,8.500
-3.206,1.151,8.500
-3.507,1.244,8.500
-3.498,1.225,8.500
-3.220,1.114,8.500
-3.224,1.101,8.500
-3.199,1.078,8.500
-3.247,1.080,8.500
-3.148,1.034,8.500
-3.197,1.036,8.500
-3.230,1.033,8.500
-3.249,1.025,8.500
-3.581,1.114,8.500
-3.516,1.078,8.500
-3.261,0.986,8.500
-3.265,0.973,8.500
-3.209,0.943,8.500
-3.257,0.943,8.500
-3.276,0.935,8.500
-3.280,0.922,8.500
-3.458,0.958,8.500
-3.287,0.896,8.500
-3.408,0.915,8.500
-3.382,0.894,8.500
-3.430,0.892,8.500
-3.404,0.871,8.500
-3.436,0.865,8.500
-3.381,0.837,8.500
-3.429,0.834,8.500
-3.446,0.824,8.500
-3.435,0.807,8.500
-3.423,0.790,8.500
-3.456,0.784,8.500
-3.459,0.770,8.500
-3.477,0.760,8.500
-3.421,0.733,8.500
-3.468,0.729,8.500
-3.471,0.716,8.500
-3.429,0.693,8.500
-3.520,0.697,8.500
-3.464,0.672,8.500
-3.467,0.658,8.500
-3.469,0.645,8.500
-3.382,0.615,8.500
-3.474,0.617,8.500
-3.477,0.604,8.500
-3.494,0.592,8.500
-3.526,0.584,8.500
-3.469,0.560,8.500
-3.515,0.554,8.500
-3.517,0.540,8.500
-3.808,0.569,8.500
-3.838,0.558,8.500
-3.464,0.490,8.500
-3.511,0.482,8.500
-3.483,0.465,8.500
-3.514,0.455,8.500
-3.516,0.441,8.500
-3.850,0.468,8.500
-3.767,0.442,8.500
-3.854,0.437,8.500
-3.994,0.437,8.500
-3.871,0.408,8.500
-3.585,0.364,8.500
-3.527,0.344,8.500
-3.705,0.347,8.500
-3.633,0.326,8.500
-3.649,0.313,8.500
-3.665,0.300,8.500
-3.681,0.286,8.500
-3.682,0.272,8.500
-3.535,0.247,8.500
-3.968,0.262,8.500
-3.983,0.247,8.500
-3.612,0.210,8.500
-3.672,0.199,8.500
-3.658,0.183,8.500
-3.629,0.168,8.500
-3.674,0.155,8.500
-3.675,0.141,8.500
-3.719,0.128,8.500
-3.661,0.112,8.500
-3.661,0.097,8.500
-3.676,0.083,8.500
-3.677,0.069,8.500
-3.662,0.054,8.500
-3.662,0.040,8.500
-3.633,0.025,8.500
-3.663,0.011,8.500
-3.603,-0.003,8.500
-3.977,-0.019,8.500
-4.004,-0.035,8.500
-3.662,-0.047,8.500
-3.691,-0.062,8.500
-3.647,-0.075,8.500
-3.632,-0.089,8.500
-3.961,-0.113,8.500
-3.919,-0.127,8.500
-3.675,-0.134,8.500
-3.660,-0.147,8.500
-3.659,-0.162,8.500
-3.629,-0.175,8.500
-3.613,-0.188,8.500
-3.686,-0.207,8.500
-3.641,-0.218,8.500
-3.655,-0.234,8.500
-3.727,-0.253,8.500
-3.784,-0.272,8.500
-3.797,-0.288,8.500
-3.709,-0.296,8.500
-4.113,-0.344,8.500
-4.111,-0.360,8.500
-3.749,-0.343,8.500
-3.762,-0.359,8.500
-3.746,-0.373,8.500
-3.759,-0.389,8.500
-3.772,-0.405,8.500
-3.655,-0.407,8.500
-3.682,-0.425,8.500
-3.767,-0.450,8.500
-3.779,-0.466,8.500
-3.763,-0.479,8.500
-3.761,-0.494,8.500
-3.745,-0.507,8.500
-3.700,-0.516,8.500
-3.755,-0.538,8.500
-3.753,-0.553,8.500
-3.751,-0.568,8.500
-3.734,-0.580,8.500
-3.760,-0.600,8.500
-4.060,-0.664,8.500
-4.044,-0.677,8.500
-3.710,-0.637,8.500
-3.679,-0.646,8.500
-3.734,-0.671,8.500
-3.759,-0.691,8.500
-3.728,-0.700,8.500
-3.711,-0.712,8.500
-3.737,-0.732,8.500
-4.020,-0.804,8.500
-4.070,-0.831,8.500
-3.700,-0.770,8.500
-3.711,-0.788,8.500
-3.721,-0.805,8.500
-3.704,-0.817,8.500
-3.645,-0.819,8.500
-4.010,-0.917,8.500
-3.694,-0.861,8.500
-3.691,-0.875,8.500
-3.688,-0.890,8.500
-3.684,-0.904,8.500
-4.017,-1.003,8.500
-4.267,-1.083,8.500
-3.687,-0.951,8.500
-3.725,-0.976,8.500
-3.679,-0.980,8.500
-3.730,-1.009,8.500
-3.672,-1.009,8.500
-3.988,-1.113,8.500
-3.650,-1.034,8.500
-3.604,-1.036,8.500
-3.949,-1.152,8.500
-3.637,-1.077,8.500
-3.592,-1.079,8.500
-3.629,-1.105,8.500
-3.733,-1.153,8.500
-3.634,-1.138,8.500
-3.629,-1.152,8.500
-3.692,-1.188,8.500
-3.634,-1.185,8.500
-4.070,-1.345,8.500
-3.913,-1.311,8.500
-3.660,-1.242,8.500
-3.695,-1.270,8.500
-3.690,-1.284,8.500
-3.658,-1.289,8.500
-3.962,-1.414,8.500
-3.674,-1.328,8.500
-3.682,-1.347,8.500
-3.677,-1.361,8.500
-3.711,-1.390,8.500
-3.653,-1.385,8.500
-3.648,-1.400,8.500
-3.668,-1.424,8.500
-3.597,-1.413,8.500
-3.631,-1.442,8.500
-3.599,-1.446,8.500
-3.619,-1.471,8.500
-3.614,-1.485,8.500
-3.608,-1.499,8.500
-3.602,-1.514,8.500
-3.647,-1.550,8.500
-3.577,-1.536,8.500
-3.597,-1.561,8.500
-3.578,-1.570,8.500
-3.559,-1.578,8.500
-3.603,-1.615,8.500
-3.559,-1.612,8.500
-3.540,-1.620,8.500
-3.546,-1.640,8.500
-3.514,-1.642,8.500
-3.533,-1.668,8.500
-3.539,-1.688,8.500
-3.520,-1.695,8.500
-3.513,-1.709,8.500
-3.494,-1.717,8.500
-3.500,-1.737,8.500
-3.505,-1.757,8.500
-3.498,-1.771,8.500
-3.479,-1.778,8.500
-3.472,-1.792,8.500
-3.477,-1.812,8.500
-3.458,-1.819,8.500
-3.657,-1.942,8.500
-3.696,-1.982,8.500
-3.473,-1.879,8.500
-3.429,-1.873,8.500
-3.409,-1.880,8.500
-3.389,-1.886,8.500
-3.714,-2.086,8.500
-3.660,-2.075,8.500
-3.686,-2.109,8.500
-3.371,-1.946,8.500
-3.388,-1.974,8.500
-3.356,-1.973,8.500
-3.630,-2.153,8.500
-3.365,-2.013,8.500
-3.357,-2.027,8.500
-3.349,-2.040,8.500
-3.329,-2.046,8.500
-3.450,-2.139,8.500
-3.324,-2.079,8.500
-3.547,-2.238,8.500
-3.516,-2.237,8.500
-3.404,-2.185,8.500
-3.384,-2.191,8.500
-3.224,-2.105,8.500
-3.344,-2.203,8.500
-3.335,-2.216,8.500
-3.246,-2.175,8.500
-3.249,-2.195,8.500
-3.320,-2.263,8.500
-3.334,-2.291,8.500
-3.291,-2.281,8.500
-3.305,-2.310,8.500
-3.284,-2.315,8.500
-3.275,-2.328,8.500
-3.266,-2.340,8.500
-3.279,-2.369,8.500
-3.225,-2.350,8.500
-3.238,-2.379,8.500
-3.218,-2.383,8.500
-3.208,-2.396,8.500
-3.254,-2.450,8.500
-3.445,-2.615,8.500
-3.435,-2.629,8.500
-3.203,-2.471,8.500
-3.172,-2.467,8.500
-3.184,-2.496,8.500
-3.152,-2.492,8.500
-3.228,-2.572,8.500
-3.341,-2.684,8.500
-3.381,-2.738,8.500
-3.113,-2.541,8.500
-3.155,-2.597,8.500
-3.103,-2.574,8.500
-3.082,-2.578,8.500
-3.093,-2.607,8.500
-3.326,-2.826,8.500
-3.052,-2.614,8.500
-3.031,-2.617,8.500
-3.093,-2.691,8.500
-3.021,-2.649,8.500
-3.010,-2.661,8.500
-3.239,-2.886,8.500
-3.199,-2.873,8.500
-2.999,-2.715,8.500
-2.988,-2.727,8.500
-2.937,-2.701,8.500
-2.947,-2.732,8.500
-3.151,-2.944,8.500
-3.196,-3.009,8.500
-2.904,-2.757,8.500
-2.884,-2.758,8.500
-2.893,-2.789,8.500
-2.882,-2.800,8.500
-2.871,-2.812,8.500
-2.850,-2.813,8.500
-2.848,-2.834,8.500
-2.837,-2.845,8.500
-2.797,-2.827,8.500
-2.805,-2.858,8.500
-2.804,-2.878,8.500
-2.792,-2.889,8.500
-2.790,-2.910,8.500
-2.769,-2.911,8.500
-2.777,-2.942,8.500
-2.746,-2.933,8.500
-2.846,-3.063,8.500
-2.760,-2.995,8.500
-3.005,-3.286,8.500
-2.800,-3.086,8.500
-2.725,-3.027,8.500
-2.758,-3.088,8.500
-2.764,-3.119,8.500
-2.769,-3.150,8.500
-2.944,-3.375,8.500
-2.727,-3.151,8.500
-2.901,-3.379,8.500
-2.702,-3.173,8.500
-2.874,-3.402,8.500
-2.877,-3.432,8.500
-2.698,-3.245,8.500
-2.635,-3.194,8.500
-2.639,-3.225,8.500
-2.791,-3.438,8.500
-2.622,-3.256,8.500
-2.601,-3.256,8.500
-2.546,-3.214,8.500
-2.575,-3.276,8.500
-2.595,-3.328,8.500
-2.693,-3.483,8.500
-2.553,-3.328,8.500
-2.531,-3.327,8.500
-2.494,-3.305,8.500
-2.497,-3.336,8.500
-2.492,-3.357,8.500
-2.471,-3.356,8.500
-2.450,-3.355,8.500
-2.437,-3.364,8.500
-2.416,-3.363,8.500
-2.418,-3.394,8.500
-2.389,-3.382,8.500
-2.383,-3.402,8.500
-2.370,-3.411,8.500
-2.357,-3.421,8.500
-2.336,-3.419,8.500
-2.330,-3.439,8.500
-2.309,-3.437,8.500
-2.303,-3.457,8.500
-2.326,-3.522,8.500
-2.268,-3.464,8.500
-2.276,-3.507,8.500
-2.277,-3.538,8.500
-2.234,-3.502,8.500
-2.228,-3.522,8.500
-2.214,-3.531,8.500
-2.193,-3.528,8.500
-2.336,-3.791,8.500
-2.328,-3.811,8.500
-2.151,-3.554,8.500
-2.137,-3.562,8.500
-2.334,-3.924,8.500
-2.267,-3.847,8.500
-2.259,-3.867,8.500
-2.094,-3.618,8.500
-2.126,-3.707,8.500
-2.053,-3.611,8.500
-2.090,-3.712,8.500
-2.076,-3.720,8.500
-2.067,-3.740,8.500
-2.199,-4.015,8.500
-1.988,-3.663,8.500
-2.017,-3.752,8.500
-2.008,-3.772,8.500
-1.981,-3.756,8.500
-2.109,-4.036,8.500
-2.098,-4.055,8.500
-1.973,-3.849,8.500
-1.946,-3.834,8.500
-1.901,-3.783,8.500
-1.910,-3.837,8.500
-1.889,-3.833,8.500
-1.885,-3.864,8.500
-1.859,-3.848,8.500
-1.872,-3.914,8.500
-1.828,-3.862,8.500
-1.824,-3.893,8.500
-1.916,-4.131,8.500
-1.915,-4.172,8.500
-1.909,-4.202,8.500
-1.789,-3.980,8.500
-1.861,-4.183,8.500
-1.711,-3.887,8.500
-1.711,-3.930,8.500
-1.696,-3.936,8.500
-1.696,-3.979,8.500
-1.680,-3.986,8.500
-1.747,-4.191,8.500
-1.629,-3.950,8.500
-1.613,-3.957,8.500
-1.593,-3.951,8.500
-1.700,-4.264,8.500
-1.678,-4.259,8.500
-1.560,-4.006,8.500
-1.535,-3.988,8.500
-1.543,-4.055,8.500
-1.499,-3.987,8.500
-1.484,-3.993,8.500
-1.499,-4.085,8.500
-1.448,-3.992,8.500
-1.436,-4.011,8.500
-1.412,-3.991,8.500
-1.405,-4.022,8.500
-1.389,-4.027,8.500
-1.365,-4.008,8.500
-1.357,-4.038,8.500
-1.350,-4.068,8.500
-1.425,-4.351,8.500
-1.411,-4.368,8.500
-1.298,-4.071,8.500
-1.278,-4.064,8.500
-1.250,-4.031,8.500
-1.250,-4.086,8.500
-1.318,-4.371,8.500
-1.297,-4.365,8.500
-1.212,-4.138,8.500
-1.189,-4.118,8.500
-1.198,-4.210,8.500
-1.135,-4.051,8.500
-1.164,-4.219,8.500
-1.220,-4.489,8.500
-1.170,-4.375,8.500
-1.194,-4.533,8.500
-1.127,-4.347,8.500
-1.088,-4.266,8.500
-1.010,-4.029,8.500
-1.017,-4.123,8.500
-1.046,-4.316,8.500
-1.006,-4.220,8.500
-0.998,-4.262,8.500
-0.987,-4.290,8.500
-1.069,-4.734,8.500
-0.919,-4.146,8.500
-0.925,-4.252,8.500
-0.909,-4.255,8.500
-0.902,-4.309,8.500
-0.880,-4.287,8.500
-0.863,-4.291,8.500
-0.885,-4.492,8.500
-0.832,-4.310,8.500
-0.820,-4.338,8.500
-0.796,-4.304,8.500
-0.781,-4.320,8.500
-0.812,-4.592,8.500
-0.796,-4.607,8.500
-0.776,-4.599,8.500
-0.762,-4.625,8.500
-0.702,-4.372,8.500
-0.681,-4.349,8.500
-0.664,-4.352,8.500
-0.649,-4.367,8.500
-0.667,-4.616,8.500
-0.661,-4.701,8.500
-0.606,-4.437,8.500
-0.575,-4.339,8.500
-0.593,-4.613,8.500
-0.576,-4.628,8.500
-0.527,-4.371,8.500
-0.516,-4.423,8.500
-0.497,-4.413,8.500
-0.474,-4.364,8.500
-0.455,-4.353,8.500
-0.468,-4.652,8.500
-0.449,-4.642,8.500
-0.430,-4.632,8.500
-0.389,-4.385,8.500
-0.373,-4.399,8.500
-0.353,-4.363,8.500
-0.336,-4.364,8.500
-0.318,-4.365,8.500
-0.301,-4.366,8.500
-0.283,-4.355,8.500
-0.265,-4.343,8.500
-0.250,-4.370,8.500
-0.232,-4.358,8.500
-0.214,-4.333,8.500
-0.198,-4.359,8.500
-0.181,-4.373,8.500
-0.163,-4.348,8.500
-0.148,-4.413,8.500
-0.129,-4.362,8.500
-0.119,-4.650,8.500
-0.101,-4.650,8.500
-0.078,-4.363,8.500
-0.061,-4.389,8.500
-0.044,-4.415,8.500
-0.027,-4.415,8.500
-0.009,-4.377,8.500
0.008,-4.364,8.500
0.027,-4.663,8.500
0.045,-4.675,8.500
0.064,-4.675,8.500
0.082,-4.663,8.500
0.094,-4.376,8.500
0.111,-4.388,8.500
0.129,-4.388,8.500
0.144,-4.323,8.500
0.163,-4.387,8.500
0.179,-4.360,8.500
0.195,-4.321,8.500
0.215,-4.384,8.500
0.245,-4.621,8.500
0.246,-4.331,8.500
0.268,-4.407,8.500
0.285,-4.406,8.500
0.294,-4.276,8.500
0.314,-4.314,8.500
0.358,-4.674,8.500
0.375,-4.648,8.500
0.371,-4.387,8.500
0.388,-4.385,8.500
0.403,-4.358,8.500
0.421,-4.369,8.500
0.438,-4.368,8.500
0.453,-4.340,8.500
0.469,-4.326,8.500
0.488,-4.349,8.500
0.504,-4.335,8.500
0.518,-4.307,8.500
0.571,-4.592,8.500
0.593,-4.626,8.500
0.574,-4.339,8.500
0.603,-4.425,8.500
0.610,-4.347,8.500
0.625,-4.332,8.500
0.640,-4.317,8.500
0.659,-4.327,8.500
0.676,-4.324,8.500
0.695,-4.334,8.500
0.716,-4.357,8.500
0.729,-4.329,8.500
0.744,-4.313,8.500
0.754,-4.272,8.500
0.775,-4.295,8.500
0.797,-4.317,8.500
0.816,-4.326,8.500
0.828,-4.298,8.500
0.845,-4.294,8.500
0.862,-4.291,8.500
0.876,-4.275,8.500
0.896,-4.284,8.500
0.915,-4.293,8.500
0.930,-4.277,8.500
0.941,-4.248,8.500
0.960,-4.257,8.500
0.980,-4.266,8.500
1.002,-4.287,8.500
1.007,-4.233,8.500
1.027,-4.241,8.500
1.053,-4.275,8.500
1.060,-4.233,8.500
1.080,-4.241,8.500
1.094,-4.225,8.500
1.120,-4.258,8.500
1.130,-4.228,8.500
1.150,-4.236,8.500
1.170,-4.244,8.500
1.257,-4.491,8.500
1.265,-4.451,8.500
1.216,-4.218,8.500
1.237,-4.225,8.500
1.317,-4.436,8.500
1.259,-4.179,8.500
1.279,-4.186,8.500
1.299,-4.193,8.500
1.296,-4.126,8.500
1.332,-4.183,8.500
1.348,-4.177,8.500
1.373,-4.196,8.500
1.349,-4.068,8.500
1.393,-4.149,8.500
1.410,-4.144,8.500
1.430,-4.150,8.500
1.459,-4.181,8.500
1.463,-4.139,8.500
1.440,-4.023,8.500
1.513,-4.175,8.500
1.462,-3.987,8.500
1.532,-4.127,8.500
1.653,-4.400,8.500
1.674,-4.404,8.500
1.525,-3.964,8.500
1.550,-3.982,8.500
1.556,-3.952,8.500
1.557,-3.909,8.500
1.572,-3.902,8.500
1.607,-3.945,8.500
1.643,-3.987,8.500
1.633,-3.920,8.500
1.638,-3.889,8.500
1.669,-3.919,8.500
1.679,-3.901,8.500
1.700,-3.906,8.500
1.726,-3.923,8.500
1.731,-3.893,8.500
1.751,-3.898,8.500
1.739,-3.831,8.500
1.765,-3.848,8.500
1.797,-3.877,8.500
1.790,-3.822,8.500
1.822,-3.851,8.500
1.837,-3.844,8.500
1.858,-3.848,8.500
1.856,-3.805,8.500
1.865,-3.786,8.500
1.932,-3.884,8.500
1.924,-3.830,8.500
1.939,-3.823,8.500
1.948,-3.803,8.500
2.103,-4.066,8.500
1.984,-3.799,8.500
1.962,-3.722,8.500
1.995,-3.749,8.500
2.041,-3.799,8.500
2.037,-3.756,8.500
2.039,-3.725,8.500
2.060,-3.729,8.500
2.075,-3.721,8.500
2.102,-3.735,8.500
2.104,-3.704,8.500
2.131,-3.719,8.500
2.146,-3.710,8.500
2.161,-3.702,8.500
2.169,-3.682,8.500
2.326,-3.914,8.500
2.197,-3.665,8.500
2.219,-3.667,8.500
2.385,-3.908,8.500
2.394,-3.888,8.500
2.255,-3.630,8.500
2.269,-3.621,8.500
2.283,-3.612,8.500
2.290,-3.592,8.500
2.247,-3.494,8.500
2.318,-3.574,8.500
2.332,-3.565,8.500
2.346,-3.556,8.500
2.309,-3.469,8.500
2.323,-3.460,8.500
2.329,-3.440,8.500
2.424,-3.551,8.500
2.356,-3.421,8.500
2.437,-3.510,8.500
2.554,-3.648,8.500
2.411,-3.415,8.500
2.409,-3.384,8.500
2.399,-3.342,8.500
2.475,-3.419,8.500
2.441,-3.344,8.500
2.462,-3.346,8.500
2.483,-3.347,8.500
2.480,-3.315,8.500
2.493,-3.306,8.500
2.522,-3.317,8.500
2.511,-3.275,8.500
2.565,-3.318,8.500
2.545,-3.266,8.500
2.574,-3.277,8.500
2.772,-3.501,8.500
2.608,-3.267,8.500
2.596,-3.226,8.500
2.642,-3.257,8.500
2.630,-3.216,8.500
2.599,-3.153,8.500
2.655,-3.195,8.500
2.650,-3.164,8.500
2.706,-3.204,8.500
2.657,-3.122,8.500
2.713,-3.163,8.500
2.708,-3.132,8.500
2.721,-3.121,8.500
2.939,-3.345,8.500
2.952,-3.334,8.500
2.784,-3.119,8.500
2.787,-3.098,8.500
3.000,-3.308,8.500
2.793,-3.056,8.500
2.824,-3.065,8.500
3.022,-3.254,8.500
3.052,-3.261,8.500
2.841,-3.012,8.500
2.825,-2.971,8.500
2.892,-3.018,8.500
2.886,-2.988,8.500
2.888,-2.967,8.500
2.918,-2.975,8.500
3.184,-3.220,8.500
2.951,-2.961,8.500
2.944,-2.931,8.500
3.141,-3.103,8.500
3.190,-3.126,8.500
3.026,-2.942,8.500
2.980,-2.875,8.500
3.226,-3.088,8.500
3.032,-2.879,8.500
3.072,-2.894,8.500
3.054,-2.855,8.500
3.065,-2.843,8.500
3.007,-2.767,8.500
3.018,-2.755,8.500
3.009,-2.725,8.500
3.009,-2.704,8.500
3.080,-2.746,8.500
3.111,-2.752,8.500
3.092,-2.713,8.500
3.272,-2.849,8.500
3.283,-2.836,8.500
3.144,-2.694,8.500
3.030,-2.576,8.500
3.093,-2.608,8.500
3.092,-2.587,8.500
3.217,-2.670,8.500
3.113,-2.563,8.500
3.101,-2.533,8.500
3.143,-2.547,8.500
3.132,-2.517,8.500
3.142,-2.505,8.500
3.151,-2.493,8.500
3.161,-2.480,8.500
3.193,-2.485,8.500
3.192,-2.464,8.500
3.190,-2.443,8.500
3.200,-2.430,8.500
3.220,-2.426,8.500
3.208,-2.397,8.500
3.261,-2.417,8.500
3.249,-2.388,8.500
3.236,-2.359,8.500
3.278,-2.370,8.500
3.209,-2.301,8.500
3.275,-2.329,8.500
3.250,-2.292,8.500
3.304,-2.311,8.500
3.369,-2.336,8.500
3.311,-2.277,8.500
3.320,-2.264,8.500
3.351,-2.266,8.500
3.349,-2.245,8.500
3.346,-2.224,8.500
3.355,-2.211,8.500
3.364,-2.198,8.500
3.361,-2.177,8.500
3.369,-2.164,8.500
3.343,-2.129,8.500
3.421,-2.160,8.500
3.383,-2.117,8.500
3.414,-2.118,8.500
3.458,-2.126,8.500
3.431,-2.091,8.500
3.463,-2.092,8.500
3.447,-2.064,8.500
3.479,-2.065,8.500
3.487,-2.051,8.500
3.460,-2.017,8.500
3.479,-2.010,8.500
3.499,-2.003,8.500
3.519,-1.996,8.500
3.527,-1.982,8.500
3.510,-1.955,8.500
3.810,-2.102,8.500
3.526,-1.927,8.500
3.533,-1.913,8.500
3.529,-1.893,8.500
3.819,-2.030,8.500
3.568,-1.878,8.500
3.563,-1.858,8.500
3.595,-1.856,8.500
3.897,-1.993,8.500
3.585,-1.815,8.500
3.592,-1.801,8.500
3.839,-1.907,8.500
3.846,-1.891,8.500
3.637,-1.771,8.500
3.607,-1.739,8.500
3.845,-1.835,8.500
3.828,-1.808,8.500
3.640,-1.702,8.500
3.546,-1.641,8.500
3.777,-1.730,8.500
3.571,-1.619,8.500
3.590,-1.610,8.500
3.571,-1.585,8.500
3.551,-1.560,8.500
3.596,-1.562,8.500
3.537,-1.520,8.500
3.908,-1.662,8.500
3.903,-1.641,8.500
3.633,-1.511,8.500
3.613,-1.486,8.500
3.934,-1.600,8.500
3.625,-1.458,8.500
3.695,-1.469,8.500
3.636,-1.429,8.500
3.655,-1.420,8.500
3.634,-1.396,8.500
3.653,-1.386,8.500
3.697,-1.387,8.500
3.597,-1.333,8.500
3.963,-1.451,8.500
3.674,-1.329,8.500
3.692,-1.319,8.500
3.671,-1.295,8.500
3.676,-1.281,8.500
3.694,-1.271,8.500
3.726,-1.265,8.500
3.718,-1.246,8.500
3.696,-1.223,8.500
3.727,-1.217,8.500
3.638,-1.172,8.500
3.601,-1.145,8.500
3.728,-1.169,8.500
3.624,-1.120,8.500
3.642,-1.110,8.500
3.874,-1.165,8.500
3.905,-1.157,8.500
3.669,-1.071,8.500
3.618,-1.041,8.500
3.636,-1.031,8.500
3.667,-1.024,8.500
3.644,-1.002,8.500
3.661,-0.992,8.500
3.693,-0.985,8.500
3.641,-0.956,8.500
3.659,-0.945,8.500
3.718,-0.945,8.500
3.680,-0.920,8.500
3.725,-0.915,8.500
3.673,-0.887,8.500
3.691,-0.876,8.500
3.666,-0.855,8.500
3.655,-0.837,8.500
3.659,-0.823,8.500
3.676,-0.812,8.500
3.721,-0.806,8.500
3.724,-0.792,8.500
3.671,-0.765,8.500
3.716,-0.760,8.500
3.705,-0.742,8.500
3.651,-0.717,8.500
4.040,-0.776,8.500
3.599,-0.677,8.500
3.573,-0.658,8.500
3.619,-0.651,8.500
3.622,-0.637,8.500
3.624,-0.623,8.500
3.612,-0.606,8.500
3.658,-0.599,8.500
3.617,-0.578,8.500
3.619,-0.564,8.500
3.621,-0.549,8.500
3.652,-0.539,8.500
3.964,-0.569,8.500
3.979,-0.556,8.500
3.644,-0.494,8.500
3.631,-0.478,8.500
3.986,-0.509,8.500
3.974,-0.491,8.500
3.651,-0.437,8.500
3.505,-0.406,8.500
3.980,-0.445,8.500
3.856,-0.416,8.500
3.643,-0.378,8.500
3.526,-0.352,8.500
3.527,-0.338,8.500
3.529,-0.324,8.500
3.500,-0.308,8.500
3.516,-0.295,8.500
3.547,-0.284,8.500
3.533,-0.269,8.500
3.489,-0.252,8.500
3.535,-0.241,8.500
3.536,-0.227,8.500
3.872,-0.233,8.500
3.538,-0.199,8.500
3.539,-0.185,8.500
3.888,-0.188,8.500
3.861,-0.172,8.500
3.526,-0.143,8.500
3.541,-0.130,8.500
3.542,-0.116,8.500
3.905,-0.112,8.500
3.421,-0.085,8.500
3.406,-0.071,8.500
3.528,-0.060,8.500
3.406,-0.044,8.500
3.422,-0.031,8.500
3.437,-0.018,8.500
3.483,-0.004,8.500
3.407,0.009,8.500
3.437,0.023,8.500
3.573,0.038,8.500
2.614,0.038,9.000
2.702,0.050,9.000
2.719,0.061,9.000
2.649,0.070,9.000
2.666,0.081,9.000
2.735,0.093,9.000
2.735,0.104,9.000
2.717,0.114,9.000
2.699,0.124,9.000
2.751,0.137,9.000
2.681,0.144,9.000
2.732,0.158,9.000
2.592,0.160,9.000
2.714,0.178,9.000
2.951,0.205,9.000
3.114,0.229,9.000
2.589,0.201,9.000
2.588,0.211,9.000
2.657,0.227,9.000
2.743,0.245,9.000
2.585,0.241,9.000
2.549,0.248,9.000
2.530,0.256,9.000
2.529,0.266,9.000
2.564,0.280,9.000
2.545,0.288,9.000
2.904,0.340,9.000
3.002,0.364,9.000
2.559,0.320,9.000
2.558,0.330,9.000
2.915,0.388,9.000
2.572,0.353,9.000
2.518,0.355,9.000
2.534,0.368,9.000
2.568,0.383,9.000
2.531,0.388,9.000
2.938,0.462,9.000
2.457,0.396,9.000
2.257,0.373,9.000
2.310,0.391,9.000
2.697,0.467,9.000
2.712,0.481,9.000
2.693,0.489,9.000
2.230,0.414,9.000
2.655,0.503,9.000
2.282,0.442,9.000
2.298,0.454,9.000
2.150,0.434,9.000
2.295,0.473,9.000
2.383,0.500,9.000
2.273,0.487,9.000
2.105,0.459,9.000
2.341,0.521,9.000
2.267,0.513,9.000
2.265,0.522,9.000
2.117,0.497,9.000
2.115,0.505,9.000
2.277,0.553,9.000
2.092,0.517,9.000
2.071,0.521,9.000
2.106,0.538,9.000
2.086,0.542,9.000
2.193,0.579,9.000
2.173,0.583,9.000
2.098,0.571,9.000
2.095,0.580,9.000
2.111,0.593,9.000
2.017,0.575,9.000
2.494,0.722,9.000
2.692,0.790,9.000
2.539,0.756,9.000
2.081,0.629,9.000
1.987,0.609,9.000
2.003,0.622,9.000
2.001,0.630,9.000
1.924,0.615,9.000
2.050,0.664,9.000
2.066,0.678,9.000
1.990,0.662,9.000
1.914,0.645,9.000
1.912,0.652,9.000
1.816,0.628,9.000
1.925,0.674,9.000
1.922,0.681,9.000
1.883,0.676,9.000
1.899,0.690,9.000
1.896,0.697,9.000
1.911,0.711,9.000
1.909,0.719,9.000
1.888,0.719,9.000
1.848,0.713,9.000
1.845,0.720,9.000
1.897,0.749,9.000
1.894,0.756,9.000
1.745,0.705,9.000
1.816,0.742,9.000
1.849,0.764,9.000
1.718,0.718,9.000
1.861,0.786,9.000
1.894,0.808,9.000
1.691,0.730,9.000
1.869,0.815,9.000
1.704,0.751,9.000
1.683,0.750,9.000
1.982,0.893,9.000
1.713,0.779,9.000
1.674,0.769,9.000
1.689,0.784,9.000
2.070,0.972,9.000
2.067,0.980,9.000
1.697,0.813,9.000
1.712,0.828,9.000
1.509,0.737,9.000
2.084,1.029,9.000
1.684,0.840,9.000
1.681,0.846,9.000
1.624,0.826,9.000
1.657,0.850,9.000
1.896,0.983,9.000
1.893,0.990,9.000
1.503,0.794,9.000
1.500,0.800,9.000
1.479,0.796,9.000
1.512,0.821,9.000
1.989,1.091,9.000
1.451,0.803,9.000
1.484,0.829,9.000
1.481,0.835,9.000
1.477,0.841,9.000
1.819,1.045,9.000
1.471,0.852,9.000
1.342,0.785,9.000
1.429,0.843,9.000
1.443,0.859,9.000
1.386,0.833,9.000
1.294,0.784,9.000
1.656,1.013,9.000
1.818,1.121,9.000
1.266,0.788,9.000
1.281,0.804,9.000
1.260,0.798,9.000
1.257,0.803,9.000
1.254,0.808,9.000
1.233,0.801,9.000
1.230,0.806,9.000
1.101,0.728,9.000
1.566,1.044,9.000
1.644,1.105,9.000
1.092,0.741,9.000
1.249,0.854,9.000
1.068,0.737,9.000
1.154,0.803,9.000
1.442,1.011,9.000
1.077,0.762,9.000
1.057,0.754,9.000
1.071,0.771,9.000
1.033,0.749,9.000
1.048,0.766,9.000
0.920,0.679,9.000
1.059,0.787,9.000
1.360,1.020,9.000
1.502,1.135,9.000
1.084,0.826,9.000
1.081,0.830,9.000
0.939,0.727,9.000
0.884,0.690,9.000
1.304,1.026,9.000
0.896,0.711,9.000
1.296,1.036,9.000
0.890,0.718,9.000
0.905,0.735,9.000
0.919,0.753,9.000
0.812,0.671,9.000
0.686,0.571,9.000
0.961,0.806,9.000
0.856,0.724,9.000
0.662,0.564,9.000
0.850,0.731,9.000
0.847,0.734,9.000
0.673,0.587,9.000
0.722,0.636,9.000
1.163,1.032,9.000
0.869,0.777,9.000
0.715,0.644,9.000
0.644,0.585,9.000
0.744,0.681,9.000
0.690,0.637,9.000
0.654,0.608,9.000
0.702,0.658,9.000
0.666,0.629,9.000
0.528,0.503,9.000
0.694,0.666,9.000
0.692,0.669,9.000
0.505,0.492,9.000
0.670,0.658,9.000
0.535,0.530,9.000
0.482,0.481,9.000
0.646,0.650,9.000
0.708,0.718,9.000
0.510,0.521,9.000
0.491,0.506,9.000
0.620,0.643,9.000
0.601,0.629,9.000
1.012,1.067,9.000
0.499,0.531,9.000
0.366,0.392,9.000
0.852,0.920,9.000
0.493,0.537,9.000
0.725,0.795,9.000
0.929,1.027,9.000
0.550,0.613,9.000
0.357,0.401,9.000
0.355,0.402,9.000
0.401,0.458,9.000
0.837,0.963,9.000
0.492,0.570,9.000
0.396,0.463,9.000
0.425,0.501,9.000
0.469,0.558,9.000
0.406,0.486,9.000
0.828,1.000,9.000
0.768,0.935,9.000
0.431,0.528,9.000
0.383,0.474,9.000
0.471,0.587,9.000
0.364,0.458,9.000
0.653,0.827,9.000
0.787,1.005,9.000
0.796,1.025,9.000
0.401,0.521,9.000
0.457,0.598,9.000
0.412,0.543,9.000
0.467,0.620,9.000
0.306,0.410,9.000
0.434,0.586,9.000
0.274,0.373,9.000
0.258,0.354,9.000
0.314,0.435,9.000
0.520,0.726,9.000
0.504,0.709,9.000
0.671,0.953,9.000
0.680,0.974,9.000
0.305,0.441,9.000
0.386,0.562,9.000
0.329,0.484,9.000
0.689,1.021,9.000
0.710,1.061,9.000
0.429,0.647,9.000
0.241,0.366,9.000
0.411,0.630,9.000
0.621,0.960,9.000
0.689,1.074,9.000
0.720,1.132,9.000
0.704,1.117,9.000
0.206,0.329,9.000
0.409,0.660,9.000
0.394,0.641,9.000
0.440,0.723,9.000
0.352,0.583,9.000
0.386,0.646,9.000
0.384,0.648,9.000
0.393,0.669,9.000
0.331,0.568,9.000
0.364,0.632,9.000
0.622,1.089,9.000
0.607,1.072,9.000
0.322,0.573,9.000
0.434,0.781,9.000
0.352,0.639,9.000
0.372,0.681,9.000
0.436,0.806,9.000
0.443,0.828,9.000
0.429,0.810,9.000
0.339,0.645,9.000
0.444,0.854,9.000
0.409,0.794,9.000
0.417,0.816,9.000
0.382,0.756,9.000
0.441,0.881,9.000
0.407,0.821,9.000
0.414,0.843,9.000
0.370,0.762,9.000
0.397,0.826,9.000
0.453,0.951,9.000
0.391,0.829,9.000
0.348,0.746,9.000
0.479,1.038,9.000
0.342,0.749,9.000
0.387,0.856,9.000
0.440,0.982,9.000
0.655,1.479,9.000
0.468,1.068,9.000
0.660,1.522,9.000
0.424,0.989,9.000
0.464,1.094,9.000
0.442,1.054,9.000
0.421,1.015,9.000
0.357,0.869,9.000
0.430,1.060,9.000
0.491,1.225,9.000
0.413,1.042,9.000
0.434,1.106,9.000
0.413,1.066,9.000
0.495,1.293,9.000
0.467,1.234,9.000
0.408,1.092,9.000
0.373,1.009,9.000
0.453,1.240,9.000
0.380,1.055,9.000
0.443,1.243,9.000
0.372,1.058,9.000
0.476,1.369,9.000
0.532,1.550,9.000
0.578,1.707,9.000
0.418,1.252,9.000
0.407,1.233,9.000
0.402,1.234,9.000
0.397,1.236,9.000
0.385,1.217,9.000
0.400,1.280,9.000
0.395,1.282,9.000
0.390,1.284,9.000
0.470,1.569,9.000
0.499,1.689,9.000
0.363,1.246,9.000
0.358,1.248,9.000
0.359,1.270,9.000
0.348,1.250,9.000
0.476,1.738,9.000
0.464,1.720,9.000
0.333,1.254,9.000
0.350,1.340,9.000
0.329,1.278,9.000
0.319,1.258,9.000
0.440,1.768,9.000
0.471,1.924,9.000
0.354,1.471,9.000
0.343,1.452,9.000
0.299,1.286,9.000
0.441,1.931,9.000
0.303,1.351,9.000
0.325,1.477,9.000
0.319,1.479,9.000
0.318,1.501,9.000
0.307,1.481,9.000
0.293,1.441,9.000
0.288,1.442,9.000
0.286,1.464,9.000
0.248,1.296,9.000
0.271,1.445,9.000
0.269,1.467,9.000
0.229,1.278,9.000
0.293,1.675,9.000
0.226,1.322,9.000
0.235,1.408,9.000
0.226,1.388,9.000
0.311,1.956,9.000
0.300,1.938,9.000
0.235,1.558,9.000
0.220,1.497,9.000
0.214,1.497,9.000
0.202,1.456,9.000
0.310,2.304,9.000
0.249,1.906,9.000
0.203,1.605,9.000
0.187,1.522,9.000
0.163,1.375,9.000
0.173,1.503,9.000
0.218,1.969,9.000
0.204,1.911,9.000
0.157,1.526,9.000
0.151,1.526,9.000
0.145,1.527,9.000
0.135,1.485,9.000
0.131,1.507,9.000
0.124,1.486,9.000
0.108,1.359,9.000
0.117,1.550,9.000
0.107,1.509,9.000
0.103,1.530,9.000
0.125,1.977,9.000
0.117,1.977,9.000
0.107,1.939,9.000
0.079,1.532,9.000
0.071,1.490,9.000
0.066,1.511,9.000
0.059,1.490,9.000
0.054,1.512,9.000
0.048,1.512,9.000
0.042,1.491,9.000
0.037,1.533,9.000
0.031,1.533,9.000
0.024,1.512,9.000
0.018,1.470,9.000
0.013,1.576,9.000
0.007,1.638,9.000
0.001,1.659,9.000
-0.006,1.679,9.000
-0.011,1.491,9.000
-0.017,1.491,9.000
-0.033,2.136,9.000
-0.041,2.136,9.000
-0.036,1.554,9.000
-0.040,1.491,9.000
-0.047,1.512,9.000
-0.069,1.960,9.000
-0.079,2.038,9.000
-0.097,2.266,9.000
-0.071,1.511,9.000
-0.077,1.511,9.000
-0.081,1.489,9.000
-0.087,1.489,9.000
-0.093,1.489,9.000
-0.110,1.655,9.000
-0.105,1.488,9.000
-0.108,1.445,9.000
-0.128,1.633,9.000
-0.159,1.935,9.000
-0.143,1.653,9.000
-0.132,1.464,9.000
-0.189,2.011,9.000
-0.162,1.651,9.000
-0.166,1.630,9.000
-0.171,1.608,9.000
-0.168,1.525,9.000
-0.171,1.503,9.000
-0.172,1.460,9.000
-0.183,1.502,9.000
-0.186,1.480,9.000
-0.195,1.500,9.000
-0.201,1.499,9.000
-0.213,1.540,9.000
-0.224,1.581,9.000
-0.246,1.682,9.000
-0.252,1.681,9.000
-0.259,1.680,9.000
-0.236,1.494,9.000
-0.242,1.493,9.000
-0.255,1.534,9.000
-0.261,1.533,9.000
-0.270,1.552,9.000
-0.269,1.510,9.000
-0.271,1.488,9.000
-0.273,1.466,9.000
-0.299,1.568,9.000
-0.375,1.925,9.000
-0.378,1.904,9.000
-0.401,1.980,9.000
-0.306,1.481,9.000
-0.312,1.480,9.000
-0.318,1.479,9.000
-0.319,1.457,9.000
-0.330,1.476,9.000
-0.331,1.454,9.000
-0.464,2.006,9.000
-0.352,1.493,9.000
-0.353,1.471,9.000
-0.359,1.470,9.000
-0.369,1.489,9.000
-0.416,1.648,9.000
-0.412,1.607,9.000
-0.387,1.484,9.000
-0.419,1.584,9.000
-0.426,1.582,9.000
-0.443,1.620,9.000
-0.421,1.518,9.000
-0.569,2.019,9.000
-0.450,1.575,9.000
-0.410,1.412,9.000
-0.463,1.571,9.000
-0.427,1.429,9.000
-0.608,2.007,9.000
-0.628,2.042,9.000
-0.506,1.623,9.000
-0.494,1.562,9.000
-0.531,1.658,9.000
-0.556,1.714,9.000
-0.550,1.673,9.000
-0.525,1.574,9.000
-0.524,1.552,9.000
-0.544,1.589,9.000
-0.570,1.645,9.000
-0.701,1.997,9.000
-0.549,1.544,9.000
-0.576,1.600,9.000
-0.582,1.597,9.000
-0.588,1.595,9.000
-0.609,1.631,9.000
-0.601,1.590,9.000
-0.600,1.569,9.000
-0.749,1.938,9.000
-0.627,1.602,9.000
-0.626,1.581,9.000
-0.632,1.578,9.000
-0.638,1.576,9.000
-0.660,1.611,9.000
-0.817,1.973,9.000
-0.825,1.970,9.000
-0.663,1.566,9.000
-0.620,1.449,9.000
-0.642,1.484,9.000
-0.640,1.463,9.000
-0.671,1.517,9.000
-0.948,2.122,9.000
-0.741,1.642,9.000
-0.714,1.565,9.000
-0.926,2.009,9.000
-0.965,2.073,9.000
-0.974,2.070,9.000
-0.990,2.083,9.000
-0.797,1.661,9.000
-0.804,1.657,9.000
-0.998,2.037,9.000
-0.834,1.687,9.000
-0.841,1.684,9.000
-1.038,2.059,9.000
-0.836,1.641,9.000
-0.915,1.779,9.000
-1.054,2.030,9.000
-1.079,2.059,9.000
-0.871,1.646,9.000
-0.868,1.625,9.000
-0.950,1.761,9.000
-0.890,1.635,9.000
-0.858,1.561,9.000
-0.903,1.628,9.000
-0.900,1.607,9.000
-1.125,1.991,9.000
-0.991,1.738,9.000
-0.909,1.579,9.000
-1.149,1.978,9.000
-0.941,1.607,9.000
-1.018,1.722,9.000
-1.257,2.107,9.000
-1.052,1.747,9.000
-1.059,1.743,9.000
-1.281,2.092,9.000
-1.113,1.801,9.000
-1.069,1.714,9.000
-1.316,2.092,9.000
-1.082,1.706,9.000
-1.057,1.652,9.000
-1.106,1.713,9.000
-1.092,1.676,9.000
-1.357,2.065,9.000
-1.137,1.716,9.000
-1.218,1.824,9.000
-1.140,1.691,9.000
-1.389,2.044,9.000
-1.153,1.682,9.000
-1.126,1.630,9.000
-1.413,2.027,9.000
-1.462,2.081,9.000
-1.190,1.680,9.000
-1.208,1.691,9.000
-1.249,1.733,9.000
-1.495,2.057,9.000
-1.296,1.769,9.000
-1.553,2.103,9.000
-1.321,1.774,9.000
-1.317,1.754,9.000
-1.335,1.764,9.000
-1.330,1.743,9.000
-1.573,2.044,9.000
-1.613,2.080,9.000
-1.327,1.698,9.000
-1.381,1.752,9.000
-1.637,2.061,9.000
-1.347,1.682,9.000
-1.378,1.706,9.000
-1.361,1.671,9.000
-1.391,1.695,9.000
-1.398,1.690,9.000
-1.392,1.670,9.000
-1.508,1.793,9.000
-1.527,1.802,9.000
-1.522,1.782,9.000
-1.541,1.790,9.000
-1.523,1.756,9.000
-1.555,1.777,9.000
-1.574,1.785,9.000
-1.507,1.696,9.000
-1.576,1.759,9.000
-1.595,1.766,9.000
-1.602,1.760,9.000
-1.596,1.740,9.000
-1.640,1.774,9.000
-1.546,1.660,9.000
-1.850,1.970,9.000
-1.917,2.025,9.000
-1.630,1.709,9.000
-1.624,1.689,9.000
-1.917,1.978,9.000
-1.637,1.676,9.000
-1.670,1.696,9.000
-1.663,1.676,9.000
-2.032,2.032,9.000
-2.112,2.095,9.000
-1.683,1.657,9.000
-1.858,1.814,9.000
-1.683,1.630,9.000
-1.872,1.800,9.000
-1.827,1.743,9.000
-1.860,1.760,9.000
-1.880,1.765,9.000
-1.874,1.746,9.000
-1.907,1.762,9.000
-1.901,1.743,9.000
-1.934,1.759,9.000
-1.914,1.728,9.000
-1.881,1.685,9.000
-2.261,2.009,9.000
-1.935,1.705,9.000
-1.981,1.733,9.000
-2.259,1.960,9.000
-2.254,1.940,9.000
-1.948,1.663,9.000
-2.008,1.701,9.000
-2.055,1.727,9.000
-1.981,1.651,9.000
-2.001,1.655,9.000
-2.116,1.736,9.000
-2.028,1.650,9.000
-1.993,1.609,9.000
-2.068,1.656,9.000
-2.019,1.604,9.000
-2.108,1.662,9.000
-2.115,1.654,9.000
-2.010,1.558,9.000
-2.156,1.658,9.000
-2.162,1.650,9.000
-2.196,1.662,9.000
-2.216,1.664,9.000
-2.153,1.603,9.000
-2.188,1.615,9.000
-2.208,1.617,9.000
-2.256,1.639,9.000
-2.221,1.600,9.000
-2.199,1.571,9.000
-2.261,1.602,9.000
-2.239,1.573,9.000
-2.231,1.555,9.000
-2.209,1.526,9.000
-2.243,1.537,9.000
-2.192,1.489,9.000
-2.313,1.558,9.000
-2.261,1.511,9.000
-2.253,1.492,9.000
-2.583,1.696,9.000
-2.589,1.686,9.000
-2.196,1.418,9.000
-2.305,1.475,9.000
-2.311,1.466,9.000
-2.302,1.448,9.000
-2.636,1.643,9.000
-2.628,1.624,9.000
-2.319,1.421,9.000
-2.325,1.411,9.000
-2.345,1.411,9.000
-2.336,1.393,9.000
-2.400,1.419,9.000
-2.346,1.375,9.000
-2.367,1.374,9.000
-2.692,1.549,9.000
-2.452,1.398,9.000
-2.802,1.583,9.000
-2.836,1.588,9.000
-2.498,1.386,9.000
-2.504,1.376,9.000
-2.813,1.531,9.000
-2.394,1.291,9.000
-2.505,1.338,9.000
-2.525,1.336,9.000
-2.893,1.516,9.000
-2.535,1.316,9.000
-2.526,1.299,9.000
-2.546,1.296,9.000
-2.902,1.464,9.000
-2.601,1.299,9.000
-2.561,1.266,9.000
-2.596,1.271,9.000
-2.853,1.383,9.000
-2.959,1.420,9.000
-2.641,1.255,9.000
-2.616,1.230,9.000
-2.590,1.206,9.000
-2.595,1.195,9.000
-2.929,1.335,9.000
-2.589,1.168,9.000
-2.609,1.165,9.000
-2.598,1.148,9.000
-2.964,1.296,9.000
-2.684,1.161,9.000
-2.658,1.137,9.000
-2.693,1.140,9.000
-2.635,1.103,9.000
-2.989,1.237,9.000
-2.660,1.089,9.000
-2.680,1.085,9.000
-3.018,1.208,9.000
-2.688,1.063,9.000
-2.676,1.047,9.000
-2.665,1.030,9.000
-3.007,1.149,9.000
-2.875,1.086,9.000
-2.629,0.981,9.000
-2.853,1.052,9.000
-2.842,1.035,9.000
-2.704,0.973,9.000
-2.818,1.001,9.000
-2.807,0.985,9.000
-2.842,0.985,9.000
-2.923,1.000,9.000
-2.834,0.957,9.000
-2.726,0.909,9.000
-2.888,0.950,9.000
-2.845,0.923,9.000
-2.880,0.922,9.000
-2.884,0.911,9.000
-2.856,0.890,9.000
-2.859,0.879,9.000
-2.863,0.867,9.000
-2.802,0.837,9.000
-2.885,0.850,9.000
-2.873,0.834,9.000
-2.892,0.827,9.000
-2.927,0.824,9.000
-2.962,0.822,9.000
-3.476,0.950,9.000
-3.200,0.861,9.000
-2.875,0.761,9.000
-2.910,0.758,9.000
-3.285,0.842,9.000
-2.868,0.723,9.000
-2.903,0.720,9.000
-2.906,0.709,9.000
-2.909,0.697,9.000
-2.928,0.690,9.000
-3.289,0.761,9.000
-2.917,0.663,9.000
-2.935,0.655,9.000
-2.938,0.644,9.000
-2.924,0.628,9.000
-2.959,0.624,9.000
-2.913,0.602,9.000
-2.996,0.607,9.000
-2.934,0.582,9.000
-2.969,0.577,9.000
-2.955,0.562,9.000
-2.940,0.548,9.000
-3.103,0.566,9.000
-2.961,0.528,9.000
-3.092,0.538,9.000
-2.965,0.504,9.000
-2.951,0.490,9.000
-2.969,0.481,9.000
-3.334,0.527,9.000
-3.086,0.475,9.000
-3.088,0.463,9.000
-3.121,0.456,9.000
-3.107,0.441,9.000
-3.125,0.431,9.000
-3.127,0.419,9.000
-3.112,0.404,9.000
-3.146,0.396,9.000
-3.163,0.386,9.000
-3.414,0.403,9.000
-3.491,0.398,9.000
-3.262,0.359,9.000
-3.153,0.334,9.000
-3.495,0.357,9.000
-3.482,0.341,9.000
-3.076,0.289,9.000
-3.142,0.283,9.000
-3.501,0.302,9.000
-3.591,0.295,9.000
-3.113,0.244,9.000
-3.162,0.235,9.000
-3.115,0.219,9.000
-3.164,0.210,9.000
-3.148,0.197,9.000
-3.477,0.204,9.000
-3.118,0.170,9.000
-3.167,0.160,9.000
-3.135,0.146,9.000
-3.184,0.136,9.000
-3.120,0.121,9.000
-3.185,0.111,9.000
-3.482,0.108,9.000
-3.137,0.085,9.000
-3.121,0.072,9.000
-3.138,0.060,9.000
-3.647,0.056,9.000
-3.298,0.037,9.000
-3.219,0.024,9.000
-3.203,0.011,9.000
-3.155,-0.001,9.000
-3.138,-0.014,9.000
-3.677,-0.031,9.000
-3.313,-0.041,9.000
-3.297,-0.053,9.000
-3.662,-0.074,9.000
-3.281,-0.079,9.000
-3.281,-0.092,9.000
-3.646,-0.116,9.000
-3.311,-0.119,9.000
-3.279,-0.130,9.000
-3.644,-0.159,9.000
-3.294,-0.157,9.000
-3.262,-0.168,9.000
-3.230,-0.179,9.000
-3.276,-0.195,9.000
-3.291,-0.209,9.000
-3.259,-0.220,9.000
-3.179,-0.227,9.000
-3.273,-0.246,9.000
-3.350,-0.265,9.000
-3.239,-0.269,9.000
-3.285,-0.286,9.000
-3.618,-0.330,9.000
-3.267,-0.311,9.000
-3.297,-0.327,9.000
-3.599,-0.371,9.000
-3.263,-0.349,9.000
-3.262,-0.362,9.000
-3.624,-0.416,9.000
-3.228,-0.384,9.000
-3.635,-0.447,9.000
-3.225,-0.409,9.000
-3.254,-0.426,9.000
-3.253,-0.439,9.000
-3.282,-0.456,9.000
-3.597,-0.514,9.000
-3.247,-0.477,9.000
-3.276,-0.494,9.000
-3.243,-0.502,9.000
-3.603,-0.573,9.000
-3.286,-0.536,9.000
-3.237,-0.541,9.000
-3.566,-0.610,9.000
-3.310,-0.580,9.000
-3.231,-0.579,9.000
-3.244,-0.594,9.000
-3.556,-0.666,9.000
-3.285,-0.629,9.000
-3.206,-0.626,9.000
-3.326,-0.664,9.000
-3.338,-0.680,9.000
-3.167,-0.658,9.000
-3.303,-0.699,9.000
-3.239,-0.699,9.000
-3.312,-0.729,9.000
-3.279,-0.735,9.000
-3.336,-0.762,9.000
-3.181,-0.739,9.000
-3.677,-0.870,9.000
-3.327,-0.801,9.000
-3.368,-0.825,9.000
-3.306,-0.823,9.000
-3.635,-0.921,9.000
-3.314,-0.853,9.000
-3.311,-0.866,9.000
-3.307,-0.879,9.000
-3.662,-0.989,9.000
-3.300,-0.905,9.000
-3.282,-0.914,9.000
-3.524,-0.996,9.000
-3.618,-1.038,9.000
-3.271,-0.952,9.000
-3.610,-1.067,9.000
-3.263,-0.978,9.000
-3.259,-0.991,9.000
-3.597,-1.109,9.000
-3.251,-1.017,9.000
-3.247,-1.029,9.000
-3.557,-1.143,9.000
-3.566,-1.161,9.000
-3.235,-1.068,9.000
-3.216,-1.075,9.000
-3.511,-1.189,9.000
-3.222,-1.106,9.000
-3.130,-1.088,9.000
-3.170,-1.115,9.000
-3.252,-1.159,9.000
-3.541,-1.278,9.000
-3.200,-1.169,9.000
-3.195,-1.181,9.000
-3.191,-1.194,9.000
-3.186,-1.206,9.000
-3.167,-1.213,9.000
-3.191,-1.237,9.000
-3.171,-1.244,9.000
-3.181,-1.262,9.000
-3.162,-1.269,9.000
-3.157,-1.281,9.000
-3.137,-1.288,9.000
-3.217,-1.335,9.000
-3.170,-1.330,9.000
-3.164,-1.343,9.000
-3.131,-1.343,9.000
-3.168,-1.373,9.000
-3.204,-1.404,9.000
-3.129,-1.386,9.000
-3.207,-1.436,9.000
-3.242,-1.467,9.000
-3.209,-1.467,9.000
-3.079,-1.422,9.000
-3.087,-1.441,9.000
-3.081,-1.453,9.000
-3.145,-1.498,9.000
-3.166,-1.523,9.000
-3.514,-1.708,9.000
-3.181,-1.561,9.000
-3.188,-1.580,9.000
-3.456,-1.730,9.000
-3.136,-1.585,9.000
-3.156,-1.611,9.000
-3.136,-1.617,9.000
-3.130,-1.629,9.000
-3.124,-1.641,9.000
-3.144,-1.668,9.000
-3.124,-1.673,9.000
-3.117,-1.685,9.000
-3.098,-1.690,9.000
-3.410,-1.878,9.000
-3.390,-1.884,9.000
-3.077,-1.726,9.000
-3.084,-1.746,9.000
-3.306,-1.889,9.000
-3.083,-1.778,9.000
-3.303,-1.922,9.000
-3.345,-1.964,9.000
-3.049,-1.806,9.000
-3.016,-1.803,9.000
-3.022,-1.822,9.000
-3.338,-2.031,9.000
-2.943,-1.806,9.000
-3.000,-1.858,9.000
-3.056,-1.909,9.000
-2.972,-1.873,9.000
-2.939,-1.869,9.000
-2.983,-1.913,9.000
-3.269,-2.114,9.000
-2.968,-1.936,9.000
-2.935,-1.931,9.000
-2.953,-1.959,9.000
-2.970,-1.988,9.000
-2.925,-1.974,9.000
-2.966,-2.019,9.000
-3.007,-2.065,9.000
-2.889,-2.000,9.000
-2.881,-2.011,9.000
-2.898,-2.040,9.000
-2.877,-2.043,9.000
-2.978,-2.132,9.000
-3.145,-2.270,9.000
-2.937,-2.138,9.000
-3.081,-2.261,9.000
-2.968,-2.196,9.000
-2.852,-2.128,9.000
-3.200,-2.407,9.000
-3.191,-2.419,9.000
-2.910,-2.224,9.000
-3.172,-2.444,9.000
-2.904,-2.256,9.000
-2.906,-2.277,9.000
-3.121,-2.465,9.000
-3.122,-2.485,9.000
-2.856,-2.292,9.000
-2.813,-2.276,9.000
-3.071,-2.505,9.000
-2.863,-2.354,9.000
-3.073,-2.546,9.000
-3.073,-2.567,9.000
-2.824,-2.378,9.000
-2.792,-2.370,9.000
-2.783,-2.381,9.000
-2.785,-2.402,9.000
-2.742,-2.383,9.000
-2.721,-2.384,9.000
-2.756,-2.434,9.000
-2.736,-2.435,9.000
-3.001,-2.693,9.000
-2.727,-2.467,9.000
-2.707,-2.467,9.000
-2.908,-2.672,9.000
-2.687,-2.489,9.000
-2.699,-2.519,9.000
-2.678,-2.520,9.000
-3.063,-2.904,9.000
-2.680,-2.561,9.000
-2.894,-2.787,9.000
-2.607,-2.531,9.000
-2.607,-2.551,9.000
-2.841,-2.802,9.000
-2.608,-2.592,9.000
-2.608,-2.613,9.000
-2.798,-2.825,9.000
-2.618,-2.664,9.000
-2.515,-2.580,9.000
-2.803,-2.898,9.000
-2.536,-2.642,9.000
-2.526,-2.652,9.000
-2.750,-2.911,9.000
-2.505,-2.672,9.000
-2.494,-2.682,9.000
-2.592,-2.809,9.000
-2.503,-2.734,9.000
-2.560,-2.819,9.000
-2.549,-2.829,9.000
-2.431,-2.720,9.000
-2.479,-2.795,9.000
-2.496,-2.837,9.000
-2.504,-2.868,9.000
-2.465,-2.846,9.000
-2.472,-2.877,9.000
-2.423,-2.843,9.000
-2.431,-2.874,9.000
-2.447,-2.917,9.000
-2.390,-2.871,9.000
-2.628,-3.182,9.000
-2.413,-2.946,9.000
-2.401,-2.955,9.000
-2.564,-3.182,9.000
-2.422,-3.029,9.000
-2.357,-2.972,9.000
-2.544,-3.233,9.000
-2.539,-3.253,9.000
-2.322,-3.000,9.000
-2.319,-3.020,9.000
-2.290,-3.006,9.000
-2.304,-3.050,9.000
-2.266,-3.024,9.000
-2.254,-3.033,9.000
-2.216,-3.007,9.000
-2.230,-3.051,9.000
-2.268,-3.129,9.000
-2.215,-3.080,9.000
-2.186,-3.065,9.000
-2.190,-3.097,9.000
-2.178,-3.106,9.000
-2.158,-3.102,9.000
-2.154,-3.123,9.000
-2.141,-3.131,9.000
-2.088,-3.080,9.000
-2.109,-3.136,9.000
-2.080,-3.120,9.000
-2.092,-3.164,9.000
-2.072,-3.161,9.000
-2.067,-3.181,9.000
-2.228,-3.458,9.000
-2.057,-3.221,9.000
-2.029,-3.205,9.000
-2.017,-3.213,9.000
-2.180,-3.504,9.000
-2.216,-3.592,9.000
-1.979,-3.236,9.000
-1.958,-3.232,9.000
-2.125,-3.538,9.000
-1.940,-3.259,9.000
-1.920,-3.255,9.000
-2.076,-3.551,9.000
-1.916,-3.307,9.000
-1.889,-3.290,9.000
-1.862,-3.272,9.000
-1.863,-3.304,9.000
-1.857,-3.324,9.000
-1.999,-3.611,9.000
-1.885,-3.438,9.000
-1.824,-3.358,9.000
-2.013,-3.740,9.000
-1.771,-3.322,9.000
-1.989,-3.767,9.000
-1.765,-3.374,9.000
-1.791,-3.456,9.000
-1.921,-3.743,9.000
-1.725,-3.394,9.000
-1.763,-3.502,9.000
-1.743,-3.497,9.000
-1.723,-3.491,9.000
-1.740,-3.561,9.000
-1.707,-3.530,9.000
-1.675,-3.498,9.000
-1.673,-3.530,9.000
-1.677,-3.575,9.000
-1.652,-3.556,9.000
-1.626,-3.537,9.000
-1.612,-3.543,9.000
-1.604,-3.563,9.000
-1.596,-3.582,9.000
-1.581,-3.588,9.000
-1.584,-3.632,9.000
-1.542,-3.574,9.000
-1.539,-3.606,9.000
-1.646,-3.900,9.000
-1.621,-3.882,9.000
-1.486,-3.598,9.000
-1.498,-3.669,9.000
-1.425,-3.531,9.000
-1.443,-3.615,9.000
-1.434,-3.634,9.000
-1.410,-3.614,9.000
-1.406,-3.645,9.000
-1.386,-3.638,9.000
-1.377,-3.656,9.000
-1.353,-3.635,9.000
-1.353,-3.680,9.000
-1.334,-3.672,9.000
-1.319,-3.677,9.000
-1.300,-3.669,9.000
-1.309,-3.740,9.000
-1.276,-3.693,9.000
-1.270,-3.724,9.000
-1.260,-3.742,9.000
-1.241,-3.734,9.000
-1.226,-3.739,9.000
-1.199,-3.704,9.000
-1.284,-4.020,9.000
-1.174,-3.726,9.000
-1.159,-3.731,9.000
-1.240,-4.048,9.000
-1.142,-3.780,9.000
-1.119,-3.758,9.000
-1.100,-3.749,9.000
-1.078,-3.726,9.000
-1.059,-3.717,9.000
-1.041,-3.707,9.000
-1.026,-3.711,9.000
-1.026,-3.770,9.000
-1.015,-3.787,9.000
-0.993,-3.764,9.000
-0.978,-3.768,9.000
-0.964,-3.772,9.000
-0.959,-3.816,9.000
-0.954,-3.861,9.000
-0.919,-3.783,9.000
-0.907,-3.800,9.000
-0.918,-3.912,9.000
-0.871,-3.780,9.000
-0.872,-3.851,9.000
-0.851,-3.828,9.000
-0.830,-3.803,9.000
-0.855,-3.996,9.000
-0.825,-3.932,9.000
-0.810,-3.936,9.000
-0.767,-3.802,9.000
-0.774,-3.915,9.000
-0.758,-3.918,9.000
-0.727,-3.839,9.000
-0.743,-4.005,9.000
-0.722,-3.981,9.000
-0.692,-3.902,9.000
-0.688,-3.973,9.000
-0.670,-3.962,9.000
-0.655,-3.964,9.000
-0.684,-4.244,9.000
-0.626,-3.983,9.000
-0.591,-3.862,9.000
-0.640,-4.291,9.000
-0.559,-3.853,9.000
-0.565,-4.006,9.000
-0.547,-3.995,9.000
-0.567,-4.262,9.000
-0.511,-3.958,9.000
-0.499,-3.987,9.000
-0.512,-4.229,9.000
-0.504,-4.309,9.000
-0.456,-4.034,9.000
-0.437,-4.008,9.000
-0.456,-4.340,9.000
-0.406,-4.011,9.000
-0.395,-4.067,9.000
-0.399,-4.281,9.000
-0.386,-4.321,9.000
-0.337,-3.948,9.000
-0.327,-4.019,9.000
-0.312,-4.033,9.000
-0.315,-4.288,9.000
-0.280,-4.022,9.000
-0.267,-4.078,9.000
-0.247,-4.011,9.000
-0.232,-4.025,9.000
-0.217,-4.040,9.000
-0.201,-4.041,9.000
-0.182,-3.973,9.000
-0.168,-4.015,9.000
-0.161,-4.231,9.000
-0.148,-4.361,9.000
-0.121,-4.016,9.000
-0.106,-4.044,9.000
-0.089,-3.990,9.000
-0.074,-4.017,9.000
-0.058,-4.018,9.000
-0.042,-4.045,9.000
-0.026,-4.004,9.000
-0.011,-4.046,9.000
0.005,-4.018,9.000
0.021,-3.977,9.000
0.037,-4.073,9.000
0.053,-4.018,9.000
0.073,-4.272,9.000
0.090,-4.298,9.000
0.101,-4.044,9.000
0.116,-4.030,9.000
0.131,-4.002,9.000
0.158,-4.309,9.000
0.168,-4.124,9.000
0.178,-4.000,9.000
0.196,-4.041,9.000
0.210,-3.999,9.000
0.257,-4.558,9.000
0.263,-4.356,9.000
0.260,-4.037,9.000
0.274,-4.009,9.000
0.287,-3.980,9.000
0.306,-4.020,9.000
0.321,-4.005,9.000
0.340,-4.045,9.000
0.359,-4.084,9.000
0.370,-4.029,9.000
0.414,-4.318,9.000
0.399,-3.998,9.000
0.421,-4.051,9.000
0.437,-4.049,9.000
0.446,-3.993,9.000
0.446,-3.853,9.000
0.478,-3.990,9.000
0.533,-4.305,9.000
0.500,-3.917,9.000
0.525,-3.984,9.000
0.544,-4.009,9.000
0.600,-4.296,9.000
0.574,-3.991,9.000
0.571,-3.865,9.000
0.603,-3.973,9.000
0.599,-3.846,9.000
0.617,-3.858,9.000
0.634,-3.869,9.000
0.668,-3.976,9.000
0.664,-3.864,9.000
0.675,-3.834,9.000
0.692,-3.845,9.000
0.793,-4.304,9.000
0.776,-4.122,9.000
0.727,-3.781,9.000
0.753,-3.834,9.000
0.787,-3.926,9.000
0.786,-3.841,9.000
0.798,-3.825,9.000
0.816,-3.835,9.000
0.828,-3.818,9.000
0.843,-3.815,9.000
0.849,-3.770,9.000
0.870,-3.794,9.000
0.888,-3.805,9.000
0.906,-3.815,9.000
0.914,-3.784,9.000
0.933,-3.794,9.000
0.951,-3.804,9.000
0.959,-3.773,9.000
0.974,-3.769,9.000
0.988,-3.765,9.000
1.021,-3.829,9.000
1.022,-3.771,9.000
1.040,-3.780,9.000
1.055,-3.776,9.000
1.047,-3.691,9.000
1.081,-3.754,9.000
1.088,-3.723,9.000
1.118,-3.773,9.000
1.121,-3.728,9.000
1.140,-3.737,9.000
1.146,-3.706,9.000
1.165,-3.714,9.000
1.192,-3.750,9.000
1.207,-3.745,9.000
1.235,-3.780,9.000
1.223,-3.696,9.000
1.229,-3.664,9.000
1.252,-3.686,9.000
1.276,-3.708,9.000
1.290,-3.703,9.000
1.300,-3.684,9.000
1.315,-3.679,9.000
1.329,-3.674,9.000
1.447,-3.951,9.000
1.358,-3.663,9.000
1.387,-3.697,9.000
1.401,-3.692,9.000
1.401,-3.647,9.000
1.538,-3.958,9.000
1.490,-3.790,9.000
1.444,-3.630,9.000
1.458,-3.625,9.000
1.590,-3.909,9.000
1.606,-3.903,9.000
1.506,-3.620,9.000
1.520,-3.614,9.000
1.662,-3.908,9.000
1.538,-3.576,9.000
1.557,-3.583,9.000
1.571,-3.577,9.000
1.597,-3.596,9.000
1.617,-3.603,9.000
1.560,-3.442,9.000
1.627,-3.552,9.000
1.647,-3.558,9.000
1.583,-3.384,9.000
1.627,-3.443,9.000
1.628,-3.410,9.000
1.641,-3.404,9.000
1.655,-3.397,9.000
1.816,-3.691,9.000
1.688,-3.397,9.000
1.694,-3.378,9.000
1.721,-3.397,9.000
1.734,-3.390,9.000
1.734,-3.358,9.000
1.780,-3.414,9.000
1.760,-3.344,9.000
1.760,-3.311,9.000
1.787,-3.330,9.000
1.813,-3.348,9.000
1.806,-3.303,9.000
1.908,-3.457,9.000
1.839,-3.301,9.000
1.852,-3.294,9.000
1.879,-3.312,9.000
2.037,-3.558,9.000
2.044,-3.538,9.000
1.903,-3.265,9.000
2.044,-3.475,9.000
1.936,-3.262,9.000
1.934,-3.230,9.000
1.962,-3.247,9.000
1.929,-3.165,9.000
1.949,-3.170,9.000
2.000,-3.223,9.000
1.997,-3.191,9.000
2.041,-3.232,9.000
2.038,-3.199,9.000
2.043,-3.179,9.000
2.055,-3.171,9.000
2.083,-3.187,9.000
2.088,-3.167,9.000
2.084,-3.135,9.000
2.276,-3.394,9.000
2.109,-3.118,9.000
2.129,-3.122,9.000
2.142,-3.114,9.000
2.121,-3.058,9.000
2.166,-3.097,9.000
2.161,-3.065,9.000
2.207,-3.103,9.000
2.405,-3.354,9.000
2.394,-3.311,9.000
2.243,-3.077,9.000
2.169,-2.951,9.000
2.190,-2.954,9.000
2.405,-3.219,9.000
2.204,-2.925,9.000
2.215,-2.916,9.000
2.227,-2.908,9.000
2.247,-2.911,9.000
2.277,-2.925,9.000
2.243,-2.858,9.000
2.254,-2.849,9.000
2.311,-2.898,9.000
2.313,-2.877,9.000
2.306,-2.845,9.000
2.326,-2.848,9.000
2.338,-2.839,9.000
2.339,-2.818,9.000
2.360,-2.820,9.000
2.380,-2.822,9.000
2.353,-2.768,9.000
2.403,-2.803,9.000
2.414,-2.794,9.000
2.415,-2.773,9.000
2.426,-2.764,9.000
2.388,-2.699,9.000
2.428,-2.723,9.000
2.458,-2.735,9.000
2.469,-2.725,9.000
2.440,-2.672,9.000
2.480,-2.695,9.000
2.491,-2.685,9.000
2.735,-2.925,9.000
2.512,-2.666,9.000
2.522,-2.656,9.000
2.512,-2.624,9.000
2.533,-2.625,9.000
2.792,-2.871,9.000
2.564,-2.616,9.000
2.595,-2.626,9.000
2.584,-2.595,9.000
2.605,-2.596,9.000
2.615,-2.585,9.000
2.646,-2.596,9.000
2.635,-2.565,9.000
2.851,-2.753,9.000
2.891,-2.770,9.000
2.655,-2.523,9.000
2.664,-2.513,9.000
2.685,-2.512,9.000
2.673,-2.482,9.000
2.661,-2.451,9.000
2.549,-2.329,9.000
2.670,-2.420,9.000
2.915,-2.622,9.000
2.711,-2.419,9.000
2.653,-2.349,9.000
2.871,-2.522,9.000
2.717,-2.367,9.000
2.782,-2.405,9.000
2.735,-2.346,9.000
2.664,-2.267,9.000
2.708,-2.286,9.000
2.694,-2.256,9.000
2.737,-2.274,9.000
2.781,-2.292,9.000
2.743,-2.243,9.000
2.775,-2.251,9.000
2.761,-2.221,9.000
3.031,-2.420,9.000
2.813,-2.228,9.000
2.775,-2.179,9.000
3.104,-2.418,9.000
2.816,-2.176,9.000
2.789,-2.137,9.000
2.821,-2.145,9.000
2.817,-2.125,9.000
2.789,-2.086,9.000
2.870,-2.129,9.000
2.854,-2.100,9.000
2.850,-2.080,9.000
2.871,-2.078,9.000
2.879,-2.066,9.000
2.887,-2.055,9.000
2.883,-2.035,9.000
3.166,-2.216,9.000
2.923,-2.029,9.000
2.906,-2.001,9.000
2.927,-1.998,9.000
3.212,-2.174,9.000
2.930,-1.966,9.000
2.963,-1.972,9.000
2.958,-1.952,9.000
2.953,-1.932,9.000
2.960,-1.920,9.000
2.981,-1.917,9.000
2.988,-1.905,9.000
2.996,-1.893,9.000
2.977,-1.865,9.000
3.295,-2.046,9.000
3.005,-1.850,9.000
3.012,-1.838,9.000
3.032,-1.834,9.000
3.001,-1.799,9.000
3.008,-1.787,9.000
3.054,-1.798,9.000
3.048,-1.778,9.000
3.055,-1.766,9.000
3.048,-1.747,9.000
3.094,-1.757,9.000
3.075,-1.730,9.000
2.975,-1.659,9.000
3.115,-1.721,9.000
2.934,-1.606,9.000
2.968,-1.609,9.000
3.015,-1.619,9.000
3.021,-1.607,9.000
3.343,-1.762,9.000
3.020,-1.576,9.000
3.026,-1.565,9.000
3.032,-1.553,9.000
3.038,-1.541,9.000
3.044,-1.529,9.000
3.064,-1.524,9.000
3.056,-1.505,9.000
3.062,-1.493,9.000
3.026,-1.461,9.000
3.074,-1.469,9.000
3.024,-1.430,9.000
3.409,-1.596,9.000
3.091,-1.432,9.000
3.097,-1.420,9.000
3.102,-1.408,9.000
3.122,-1.402,9.000
3.127,-1.390,9.000
3.118,-1.371,9.000
3.138,-1.365,9.000
3.101,-1.335,9.000
3.106,-1.322,9.000
3.140,-1.322,9.000
3.145,-1.310,9.000
3.164,-1.303,9.000
3.155,-1.285,9.000
3.160,-1.273,9.000
3.165,-1.260,9.000
3.381,-1.331,9.000
3.508,-1.365,9.000
3.500,-1.346,9.000
3.559,-1.353,9.000
3.175,-1.192,9.000
3.077,-1.142,9.000
3.022,-1.108,9.000
3.416,-1.237,9.000
3.164,-1.132,9.000
3.109,-1.099,9.000
3.554,-1.240,9.000
3.103,-1.069,9.000
3.077,-1.047,9.000
3.126,-1.050,9.000
3.115,-1.032,9.000
3.164,-1.035,9.000
3.168,-1.022,9.000
3.112,-0.991,9.000
3.480,-1.093,9.000
3.135,-0.971,9.000
3.109,-0.949,9.000
3.128,-0.942,9.000
3.161,-0.938,9.000
3.135,-0.917,9.000
3.154,-0.909,9.000
3.142,-0.893,9.000
3.527,-0.987,9.000
3.179,-0.876,9.000
3.183,-0.864,9.000
3.467,-0.926,9.000
3.189,-0.839,9.000
3.007,-0.778,9.000
3.150,-0.802,9.000
3.013,-0.754,9.000
3.382,-0.833,9.000
3.066,-0.742,9.000
3.053,-0.726,9.000
3.407,-0.796,9.000
3.090,-0.710,9.000
3.124,-0.704,9.000
3.430,-0.759,9.000
3.098,-0.673,9.000
3.069,-0.654,9.000
3.088,-0.645,9.000
3.090,-0.633,9.000
3.045,-0.612,9.000
3.079,-0.606,9.000
3.082,-0.594,9.000
3.147,-0.594,9.000
3.086,-0.570,9.000
3.089,-0.557,9.000
3.107,-0.548,9.000
3.077,-0.530,9.000
3.111,-0.524,9.000
2.968,-0.488,9.000
3.115,-0.499,9.000
3.069,-0.479,9.000
3.260,-0.496,9.000
3.339,-0.495,9.000
2.993,-0.432,9.000
2.995,-0.420,9.000
3.406,-0.464,9.000
2.982,-0.394,9.000
2.967,-0.380,9.000
3.350,-0.416,9.000
2.970,-0.357,9.000
3.069,-0.357,9.000
3.355,-0.376,9.000
3.007,-0.325,9.000
3.057,-0.319,9.000
3.374,-0.338,9.000
3.010,-0.290,9.000
3.011,-0.278,9.000
3.012,-0.266,9.000
2.964,-0.250,9.000
2.998,-0.241,9.000
2.849,-0.218,9.000
2.832,-0.206,9.000
3.017,-0.207,9.000
2.885,-0.187,9.000
2.852,-0.173,9.000
2.869,-0.163,9.000
2.853,-0.151,9.000
2.870,-0.140,9.000
2.905,-0.131,9.000
3.232,-0.133,9.000
2.889,-0.107,9.000
2.855,-0.095,9.000
3.249,-0.095,9.000
2.805,-0.071,9.000
2.822,-0.060,9.000
3.234,-0.056,9.000
2.890,-0.039,9.000
2.857,-0.027,9.000
2.857,-0.016,9.000
2.667,-0.005,9.000
2.857,0.006,9.000
3.106,0.019,9.000
2.684,0.027,9.000
2.788,0.039,9.000
2.249,0.040,9.500
1.679,0.037,9.500
1.491,0.038,9.500
1.406,0.042,9.500
1.491,0.050,9.500
1.678,0.063,9.500
1.384,0.057,9.500
1.780,0.081,9.500
1.426,0.070,9.500
1.532,0.082,9.500
2.132,0.122,9.500
1.977,0.121,9.500
1.509,0.098,9.500
1.446,0.100,9.500
1.976,0.144,9.500
1.466,0.113,9.500
1.508,0.122,9.500
1.507,0.128,9.500
1.795,0.159,9.500
1.314,0.122,9.500
1.335,0.129,9.500
1.270,0.128,9.500
1.852,0.194,9.500
1.334,0.145,9.500
1.092,0.123,9.500
1.158,0.135,9.500
1.046,0.126,9.500
1.605,0.200,9.500
1.331,0.171,9.500
1.200,0.159,9.500
1.308,0.179,9.500
1.643,0.231,9.500
1.306,0.189,9.500
1.109,0.165,9.500
1.130,0.173,9.500
1.108,0.174,9.500
1.173,0.189,9.500
1.017,0.168,9.500
1.595,0.269,9.500
0.948,0.164,9.500
0.902,0.160,9.500
1.169,0.212,9.500
0.924,0.171,9.500
0.900,0.170,9.500
0.922,0.178,9.500
0.944,0.186,9.500
1.421,0.286,9.500
1.250,0.257,9.500
0.713,0.149,9.500
0.873,0.187,9.500
1.332,0.290,9.500
0.735,0.163,9.500
0.757,0.171,9.500
1.244,0.286,9.500
0.710,0.166,9.500
0.755,0.180,9.500
0.754,0.183,9.500
0.731,0.180,9.500
0.911,0.229,9.500
0.660,0.168,9.500
0.706,0.183,9.500
0.705,0.186,9.500
0.727,0.195,9.500
1.189,0.323,9.500
0.748,0.207,9.500
0.993,0.278,9.500
0.724,0.206,9.500
0.990,0.286,9.500
0.561,0.165,9.500
0.653,0.194,9.500
0.537,0.162,9.500
0.674,0.206,9.500
0.442,0.137,9.500
0.465,0.146,9.500
0.226,0.072,9.500
0.487,0.157,9.500
0.510,0.167,9.500
0.692,0.230,9.500
0.439,0.147,9.500
0.508,0.173,9.500
0.320,0.110,9.500
0.529,0.185,9.500
0.506,0.179,9.500
0.528,0.189,9.500
0.458,0.166,9.500
0.294,0.108,9.500
1.051,0.391,9.500
0.293,0.110,9.500
0.478,0.182,9.500
0.658,0.253,9.500
0.875,0.341,9.500
0.744,0.293,9.500
0.291,0.116,9.500
0.101,0.041,9.500
0.290,0.118,9.500
0.076,0.032,9.500
0.100,0.042,9.500
0.312,0.131,9.500
0.288,0.123,9.500
0.028,0.012,9.500
0.076,0.033,9.500
0.170,0.075,9.500
0.099,0.044,9.500
0.099,0.045,9.500
0.075,0.034,9.500
0.597,0.274,9.500
0.307,0.142,9.500
0.122,0.057,9.500
0.098,0.046,9.500
0.116,0.055,9.500
0.068,0.033,9.500
0.140,0.068,9.500
0.115,0.057,9.500
0.091,0.045,9.500
0.115,0.058,9.500
0.543,0.276,9.500
0.067,0.034,9.500
0.043,0.022,9.500
0.027,0.014,9.500
0.090,0.048,9.500
0.185,0.098,9.500
0.137,0.074,9.500
0.137,0.074,9.500
0.362,0.199,9.500
0.303,0.167,9.500
0.302,0.169,9.500
0.273,0.154,9.500
0.182,0.103,9.500
0.276,0.159,9.500
0.358,0.207,9.500
0.065,0.038,9.500
0.298,0.176,9.500
0.417,0.248,9.500
0.071,0.043,9.500
0.272,0.165,9.500
0.272,0.166,9.500
0.026,0.016,9.500
0.436,0.271,9.500
0.580,0.364,9.500
0.041,0.026,9.500
0.457,0.291,9.500
0.479,0.309,9.500
0.502,0.326,9.500
0.477,0.312,9.500
0.476,0.314,9.500
0.667,0.444,9.500
0.665,0.447,9.500
0.472,0.320,9.500
0.068,0.047,9.500
0.470,0.324,9.500
0.492,0.342,9.500
0.561,0.393,9.500
0.678,0.479,9.500
0.725,0.516,9.500
0.674,0.485,9.500
0.348,0.252,9.500
0.623,0.455,9.500
0.935,0.689,9.500
1.107,0.822,9.500
0.856,0.641,9.500
0.830,0.626,9.500
0.060,0.046,9.500
0.849,0.651,9.500
0.657,0.508,9.500
0.165,0.129,9.500
0.841,0.661,9.500
0.862,0.683,9.500
0.164,0.131,9.500
1.198,0.965,9.500
0.854,0.693,9.500
0.397,0.325,9.500
0.353,0.291,9.500
1.012,0.842,9.500
0.961,0.805,9.500
1.005,0.850,9.500
0.434,0.370,9.500
1.046,0.898,9.500
0.695,0.602,9.500
1.016,0.886,9.500
0.514,0.452,9.500
0.800,0.709,9.500
0.843,0.753,9.500
1.002,0.902,9.500
1.021,0.927,9.500
0.834,0.763,9.500
0.809,0.746,9.500
1.057,0.982,9.500
0.984,0.921,9.500
1.049,0.990,9.500
0.976,0.929,9.500
0.995,0.955,9.500
0.791,0.764,9.500
0.988,0.962,9.500
1.167,1.146,9.500
0.980,0.970,9.500
1.021,1.019,9.500
0.797,0.801,9.500
1.149,1.164,9.500
1.144,1.169,9.500
0.661,0.681,9.500
1.158,1.201,9.500
1.108,1.159,9.500
0.674,0.710,9.500
0.630,0.669,9.500
0.963,1.031,9.500
1.156,1.248,9.500
0.622,0.677,9.500
0.680,0.746,9.500
1.098,1.213,9.500
0.674,0.751,9.500
1.110,1.246,9.500
1.148,1.299,9.500
1.078,1.230,9.500
1.204,1.383,9.500
0.799,0.926,9.500
1.064,1.242,9.500
1.319,1.552,9.500
1.118,1.326,9.500
1.112,1.330,9.500
1.044,1.259,9.500
1.251,1.520,9.500
1.397,1.712,9.500
1.029,1.271,9.500
1.211,1.508,9.500
1.040,1.305,9.500
0.954,1.207,9.500
0.851,1.085,9.500
0.770,0.990,9.500
0.823,1.067,9.500
0.800,1.045,9.500
0.739,0.974,9.500
0.964,1.281,9.500
1.178,1.577,9.500
0.858,1.159,9.500
0.405,0.552,9.500
0.982,1.349,9.500
0.808,1.118,9.500
0.859,1.199,9.500
0.929,1.307,9.500
1.095,1.554,9.500
0.376,0.538,9.500
1.102,1.590,9.500
0.554,0.807,9.500
0.551,0.809,9.500
0.916,1.355,9.500
0.947,1.413,9.500
0.492,0.741,9.500
0.846,1.285,9.500
1.058,1.620,9.500
0.836,1.292,9.500
0.779,1.214,9.500
0.826,1.298,9.500
0.873,1.384,9.500
0.714,1.143,9.500
0.845,1.363,9.500
0.856,1.394,9.500
0.701,1.151,9.500
0.729,1.208,9.500
1.117,1.866,9.500
0.801,1.351,9.500
0.699,1.189,9.500
0.823,1.414,9.500
0.342,0.593,9.500
0.685,1.197,9.500
0.743,1.311,9.500
0.738,1.313,9.500
0.640,1.150,9.500
0.651,1.180,9.500
0.661,1.210,9.500
0.466,0.861,9.500
0.406,0.758,9.500
0.348,0.656,9.500
0.555,1.055,9.500
0.316,0.607,9.500
0.676,1.310,9.500
0.585,1.144,9.500
0.309,0.611,9.500
0.604,1.205,9.500
0.489,0.985,9.500
0.580,1.181,9.500
0.603,1.240,9.500
0.585,1.214,9.500
0.357,0.750,9.500
0.522,1.106,9.500
0.364,0.779,9.500
0.361,0.781,9.500
0.600,1.312,9.500
0.466,1.030,9.500
0.437,0.976,9.500
0.434,0.978,9.500
0.454,1.035,9.500
0.342,0.789,9.500
0.434,1.011,9.500
0.539,1.269,9.500
0.438,1.042,9.500
0.434,1.044,9.500
0.488,1.189,9.500
0.426,1.047,9.500
0.321,0.798,9.500
0.317,0.799,9.500
0.424,1.081,9.500
0.354,0.913,9.500
0.164,0.427,9.500
0.084,0.221,9.500
0.291,0.778,9.500
0.309,0.834,9.500
0.295,0.808,9.500
0.062,0.172,9.500
0.259,0.727,9.500
0.218,0.619,9.500
0.273,0.784,9.500
0.176,0.512,9.500
0.183,0.540,9.500
0.058,0.173,9.500
0.270,0.817,9.500
0.194,0.596,9.500
0.201,0.624,9.500
0.009,0.029,9.500
0.153,0.490,9.500
0.245,0.794,9.500
0.183,0.600,9.500
0.164,0.546,9.500
0.178,0.601,9.500
0.152,0.520,9.500
0.150,0.521,9.500
0.155,0.549,9.500
0.153,0.549,9.500
0.136,0.495,9.500
0.149,0.550,9.500
0.184,0.690,9.500
0.088,0.335,9.500
0.128,0.497,9.500
0.140,0.553,9.500
0.077,0.309,9.500
0.038,0.156,9.500
0.107,0.445,9.500
0.099,0.418,9.500
0.019,0.081,9.500
0.083,0.364,9.500
0.100,0.446,9.500
0.057,0.256,9.500
0.079,0.365,9.500
0.066,0.312,9.500
0.071,0.339,9.500
0.091,0.448,9.500
0.052,0.259,9.500
0.088,0.449,9.500
0.081,0.422,9.500
0.054,0.286,9.500
0.063,0.340,9.500
0.023,0.127,9.500
0.065,0.368,9.500
0.101,0.590,9.500
0.053,0.314,9.500
0.016,0.100,9.500
0.054,0.342,9.500
0.045,0.288,9.500
0.019,0.127,9.500
0.054,0.370,9.500
0.014,0.101,9.500
0.036,0.260,9.500
0.010,0.075,9.500
0.045,0.343,9.500
0.016,0.128,9.500
0.016,0.128,9.500
0.046,0.386,9.500
0.024,0.208,9.500
0.017,0.154,9.500
0.014,0.128,9.500
0.070,0.678,9.500
0.013,0.128,9.500
0.007,0.075,9.500
0.032,0.345,9.500
0.009,0.108,9.500
0.036,0.437,9.500
0.000,0.004,9.500
0.010,0.128,9.500
0.011,0.155,9.500
0.057,0.845,9.500
0.005,0.075,9.500
0.008,0.128,9.500
0.038,0.680,9.500
0.004,0.083,9.500
0.001,0.030,9.500
0.006,0.128,9.500
0.005,0.128,9.500
0.004,0.102,9.500
0.004,0.129,9.500
0.004,0.129,9.500
0.005,0.209,9.500
0.002,0.075,9.500
0.002,0.129,9.500
0.002,0.129,9.500
0.000,0.057,9.500
0.000,0.083,9.500
0.000,0.004,9.500
-0.001,0.463,9.500
-0.001,0.075,9.500
-0.001,0.129,9.500
-0.002,0.129,9.500
-0.002,0.102,9.500
-0.001,0.030,9.500
-0.003,0.102,9.500
-0.014,0.463,9.500
-0.007,0.209,9.500
-0.005,0.128,9.500
-0.021,0.487,9.500
-0.029,0.633,9.500
-0.008,0.160,9.500
-0.007,0.134,9.500
-0.041,0.704,9.500
-0.005,0.083,9.500
-0.004,0.056,9.500
-0.006,0.082,9.500
-0.047,0.632,9.500
-0.016,0.209,9.500
-0.005,0.056,9.500
-0.011,0.128,9.500
-0.010,0.108,9.500
-0.005,0.048,9.500
-0.002,0.022,9.500
-0.014,0.134,9.500
-0.030,0.286,9.500
-0.050,0.460,9.500
-0.012,0.108,9.500
-0.016,0.134,9.500
-0.022,0.181,9.500
-0.007,0.056,9.500
-0.013,0.101,9.500
-0.014,0.108,9.500
-0.015,0.108,9.500
-0.003,0.022,9.500
-0.067,0.458,9.500
-0.020,0.133,9.500
-0.009,0.056,9.500
-0.013,0.082,9.500
-0.016,0.101,9.500
-0.021,0.127,9.500
-0.022,0.127,9.500
-0.023,0.133,9.500
-0.077,0.431,9.500
-0.024,0.132,9.500
-0.020,0.107,9.500
-0.072,0.382,9.500
-0.050,0.258,9.500
-0.020,0.100,9.500
-0.092,0.454,9.500
-0.133,0.644,9.500
-0.038,0.182,9.500
-0.017,0.081,9.500
-0.115,0.524,9.500
-0.029,0.131,9.500
-0.013,0.055,9.500
-0.017,0.073,9.500
-0.013,0.055,9.500
-0.036,0.151,9.500
-0.026,0.106,9.500
-0.005,0.022,9.500
-0.027,0.105,9.500
-0.014,0.055,9.500
-0.021,0.080,9.500
-0.041,0.155,9.500
-0.088,0.327,9.500
-0.089,0.326,9.500
-0.022,0.080,9.500
-0.171,0.610,9.500
-0.037,0.129,9.500
-0.142,0.492,9.500
-0.252,0.857,9.500
-0.215,0.721,9.500
-0.098,0.324,9.500
-0.039,0.129,9.500
-0.265,0.853,9.500
-0.117,0.370,9.500
-0.111,0.346,9.500
-0.268,0.828,9.500
-0.098,0.298,9.500
-0.107,0.321,9.500
-0.271,0.802,9.500
-0.109,0.320,9.500
-0.102,0.296,9.500
-0.112,0.319,9.500
-0.113,0.319,9.500
-0.106,0.295,9.500
-0.175,0.481,9.500
-0.185,0.503,9.500
-0.170,0.457,9.500
-0.181,0.479,9.500
-0.392,1.026,9.500
-0.202,0.523,9.500
-0.257,0.657,9.500
-0.197,0.499,9.500
-0.199,0.498,9.500
-0.210,0.520,9.500
-0.303,0.740,9.500
-0.242,0.585,9.500
-0.244,0.584,9.500
-0.293,0.693,9.500
-0.201,0.471,9.500
-0.232,0.537,9.500
-0.292,0.668,9.500
-0.285,0.645,9.500
-0.297,0.666,9.500
-0.240,0.533,9.500
-0.292,0.642,9.500
-0.245,0.531,9.500
-0.317,0.682,9.500
-0.399,0.850,9.500
-0.353,0.744,9.500
-0.315,0.657,9.500
-0.318,0.656,9.500
-0.310,0.633,9.500
-0.323,0.654,9.500
-0.399,0.799,9.500
-0.339,0.672,9.500
-0.426,0.837,9.500
-0.408,0.794,9.500
-0.411,0.793,9.500
-0.436,0.832,9.500
-0.450,0.851,9.500
-0.632,1.183,9.500
-0.391,0.725,9.500
-0.438,0.805,9.500
-0.561,1.022,9.500
-0.466,0.842,9.500
-0.558,0.998,9.500
-0.627,1.111,9.500
-0.465,0.816,9.500
-0.457,0.794,9.500
-0.563,0.970,9.500
-0.544,0.929,9.500
-0.478,0.809,9.500
-0.504,0.846,9.500
-0.601,0.999,9.500
-0.581,0.959,9.500
-0.609,0.994,9.500
-0.589,0.954,9.500
-0.605,0.971,9.500
-0.561,0.892,9.500
-0.707,1.115,9.500
-0.555,0.869,9.500
-0.797,1.236,9.500
-0.893,1.373,9.500
-0.652,0.993,9.500
-1.005,1.519,9.500
-0.909,1.363,9.500
-0.713,1.059,9.500
-1.023,1.507,9.500
-0.758,1.107,9.500
-1.012,1.466,9.500
-0.754,1.083,9.500
-0.758,1.080,9.500
-0.763,1.077,9.500
-1.011,1.417,9.500
-0.809,1.124,9.500
-1.023,1.409,9.500
-1.064,1.454,9.500
-0.784,1.062,9.500
-1.075,1.446,9.500
-1.081,1.441,9.500
-0.963,1.274,9.500
-1.117,1.465,9.500
-0.947,1.233,9.500
-1.213,1.566,9.500
-0.918,1.175,9.500
-1.140,1.447,9.500
-0.941,1.185,9.500
-0.985,1.230,9.500
-0.976,1.210,9.500
-0.954,1.174,9.500
-0.972,1.186,9.500
-1.262,1.527,9.500
-0.968,1.162,9.500
-1.053,1.255,9.500
-0.977,1.155,9.500
-0.996,1.167,9.500
-1.122,1.304,9.500
-0.977,1.127,9.500
-1.119,1.280,9.500
-1.124,1.276,9.500
-1.129,1.271,9.500
-1.424,1.592,9.500
-1.431,1.586,9.500
-1.450,1.595,9.500
-1.135,1.238,9.500
-1.449,1.569,9.500
-1.158,1.244,9.500
-1.422,1.516,9.500
-1.415,1.496,9.500
-1.487,1.560,9.500
-1.220,1.270,9.500
-1.486,1.535,9.500
-1.230,1.261,9.500
-1.292,1.313,9.500
-1.168,1.178,9.500
-1.273,1.275,9.500
-1.321,1.312,9.500
-1.226,1.208,9.500
-1.346,1.316,9.500
-1.337,1.296,9.500
-1.661,1.599,9.500
-1.318,1.258,9.500
-1.687,1.599,9.500
-1.357,1.275,9.500
-1.686,1.573,9.500
-1.337,1.237,9.500
-1.643,1.509,9.500
-1.649,1.502,9.500
-1.337,1.208,9.500
-1.717,1.539,9.500
-1.391,1.237,9.500
-1.630,1.438,9.500
-1.386,1.213,9.500
-1.421,1.234,9.500
-1.719,1.481,9.500
-1.415,1.210,9.500
-1.420,1.204,9.500
-1.891,1.591,9.500
-1.430,1.193,9.500
-1.450,1.200,9.500
-1.546,1.270,9.500
-1.816,1.480,9.500
-1.586,1.282,9.500
-1.842,1.477,9.500
-1.488,1.184,9.500
-1.586,1.251,9.500
-1.606,1.257,9.500
-1.642,1.274,9.500
-1.616,1.244,9.500
-1.605,1.226,9.500
-1.955,1.481,9.500
-1.646,1.237,9.500
-1.620,1.207,9.500
-1.748,1.292,9.500
-1.645,1.206,9.500
-1.984,1.443,9.500
-1.732,1.249,9.500
-1.980,1.416,9.500
-1.986,1.409,9.500
-1.684,1.184,9.500
-1.657,1.156,9.500
-1.772,1.226,9.500
-1.666,1.143,9.500
-2.073,1.410,9.500
-1.691,1.140,9.500
-1.823,1.219,9.500
-1.700,1.127,9.500
-1.848,1.215,9.500
-1.709,1.114,9.500
-1.729,1.117,9.500
-1.750,1.121,9.500
-1.978,1.256,9.500
-1.856,1.168,9.500
-1.893,1.181,9.500
-1.800,1.114,9.500
-1.918,1.176,9.500
-1.938,1.178,9.500
-1.846,1.112,9.500
-1.883,1.124,9.500
-1.871,1.107,9.500
-1.908,1.119,9.500
-1.896,1.102,9.500
-2.188,1.260,9.500
-1.905,1.087,9.500
-1.909,1.080,9.500
-1.946,1.091,9.500
-1.884,1.046,9.500
-1.905,1.048,9.500
-1.875,1.022,9.500
-2.078,1.122,9.500
-1.934,1.034,9.500
-1.938,1.027,9.500
-1.959,1.028,9.500
-1.929,1.003,9.500
-1.933,0.995,9.500
-1.937,0.988,9.500
-1.941,0.980,9.500
-1.910,0.955,9.500
-1.965,0.973,9.500
-1.952,0.957,9.500
-2.108,1.023,9.500
-2.095,1.007,9.500
-2.015,0.958,9.500
-2.120,0.998,9.500
-2.124,0.990,9.500
-2.161,0.997,9.500
-1.978,0.903,9.500
-2.135,0.965,9.500
-1.985,0.887,9.500
-2.143,0.948,9.500
-2.146,0.939,9.500
-2.116,0.916,9.500
-2.120,0.908,9.500
-2.157,0.914,9.500
-2.161,0.906,9.500
-2.544,1.055,9.500
-2.185,0.896,9.500
-2.050,0.831,9.500
-2.175,0.872,9.500
-2.544,1.008,9.500
-2.147,0.841,9.500
-2.150,0.832,9.500
-2.205,0.844,9.500
-2.174,0.822,9.500
-2.212,0.826,9.500
-2.146,0.792,9.500
-2.201,0.803,9.500
-2.187,0.788,9.500
-2.155,0.767,9.500
-2.210,0.777,9.500
-2.231,0.774,9.500
-2.199,0.753,9.500
-2.237,0.757,9.500
-2.205,0.736,9.500
-2.225,0.733,9.500
-2.210,0.719,9.500
-2.848,0.914,9.500
-2.836,0.897,9.500
-2.254,0.704,9.500
-2.779,0.855,9.500
-2.260,0.686,9.500
-2.419,0.724,9.500
-2.490,0.735,9.500
-2.214,0.644,9.500
-2.843,0.815,9.500
-2.465,0.696,9.500
-2.834,0.788,9.500
-2.470,0.676,9.500
-2.507,0.676,9.500
-2.891,0.767,9.500
-2.495,0.652,9.500
-2.897,0.744,9.500
-2.483,0.628,9.500
-2.485,0.618,9.500
-2.642,0.646,9.500
-2.473,0.594,9.500
-2.510,0.593,9.500
-2.512,0.583,9.500
-2.514,0.573,9.500
-2.951,0.660,9.500
-2.571,0.564,9.500
-2.590,0.558,9.500
-2.540,0.537,9.500
-2.929,0.607,9.500
-2.562,0.520,9.500
-2.917,0.581,9.500
-2.549,0.497,9.500
-2.516,0.480,9.500
-2.908,0.543,9.500
-2.589,0.473,9.500
-2.539,0.454,9.500
-2.505,0.438,9.500
-2.525,0.431,9.500
-2.509,0.418,9.500
-2.545,0.414,9.500
-2.512,0.398,9.500
-2.688,0.415,9.500
-2.515,0.378,9.500
-2.534,0.371,9.500
-2.606,0.371,9.500
-2.448,0.339,9.500
-2.695,0.362,9.500
-2.539,0.331,9.500
-2.594,0.328,9.500
-2.699,0.330,9.500
-2.666,0.316,9.500
-2.632,0.301,9.500
-2.651,0.293,9.500
-2.704,0.288,9.500
-2.671,0.274,9.500
-2.706,0.267,9.500
-2.742,0.259,9.500
-2.708,0.245,9.500
-2.709,0.235,9.500
-3.128,0.259,9.500
-2.711,0.214,9.500
-3.097,0.232,9.500
-3.098,0.220,9.500
-3.099,0.207,9.500
-2.731,0.172,9.500
-2.732,0.161,9.500
-2.715,0.150,9.500
-2.802,0.143,9.500
-2.751,0.130,9.500
-2.786,0.121,9.500
-2.700,0.106,9.500
-2.718,0.096,9.500
-2.701,0.085,9.500
-2.718,0.075,9.500
-2.701,0.064,9.500
-2.736,0.054,9.500
-2.805,0.044,9.500
-2.806,0.033,9.500
-2.667,0.021,9.500
-2.719,0.011,9.500
-2.702,0.000,9.500
-2.737,-0.011,9.500
-2.788,-0.022,9.500
-2.737,-0.032,9.500
-3.106,-0.049,9.500
-2.719,-0.053,9.500
-3.170,-0.075,9.500
-2.701,-0.074,9.500
-3.056,-0.096,9.500
-2.735,-0.097,9.500
-2.683,-0.105,9.500
-2.647,-0.114,9.500
-2.871,-0.135,9.500
-2.733,-0.140,9.500
-2.715,-0.149,9.500
-2.869,-0.169,9.500
-2.662,-0.168,9.500
-2.713,-0.181,9.500
-2.867,-0.203,9.500
-2.866,-0.214,9.500
-3.225,-0.254,9.500
-2.864,-0.237,9.500
-3.222,-0.279,9.500
-2.862,-0.259,9.500
-3.220,-0.305,9.500
-2.809,-0.277,9.500
-2.859,-0.293,9.500
-2.841,-0.302,9.500
-2.890,-0.319,9.500
-2.855,-0.327,9.500
-2.837,-0.336,9.500
-3.179,-0.389,9.500
-2.934,-0.371,9.500
-2.816,-0.367,9.500
-2.848,-0.383,9.500
-3.141,-0.435,9.500
-2.879,-0.410,9.500
-3.216,-0.471,9.500
-2.859,-0.430,9.500
-3.197,-0.494,9.500
-2.838,-0.450,9.500
-2.853,-0.464,9.500
-3.206,-0.534,9.500
-2.833,-0.483,9.500
-3.186,-0.556,9.500
-2.829,-0.505,9.500
-3.135,-0.573,9.500
-2.858,-0.534,9.500
-3.208,-0.612,9.500
-2.804,-0.547,9.500
-3.141,-0.625,9.500
-2.882,-0.585,9.500
-2.797,-0.580,9.500
-2.745,-0.580,9.500
-2.809,-0.605,9.500
-2.856,-0.627,9.500
-2.821,-0.631,9.500
-2.786,-0.634,9.500
-2.800,-0.649,9.500
-2.680,-0.633,9.500
-2.924,-0.702,9.500
-2.775,-0.678,9.500
-2.919,-0.725,9.500
-2.932,-0.741,9.500
-2.897,-0.744,9.500
-2.781,-0.726,9.500
-2.859,-0.758,9.500
-2.920,-0.787,9.500
-3.150,-0.862,9.500
-2.753,-0.765,9.500
-2.895,-0.817,9.500
-2.875,-0.824,9.500
-2.904,-0.844,9.500
-3.253,-0.959,9.500
-2.881,-0.862,9.500
-3.289,-0.998,9.500
-2.875,-0.885,9.500
-3.208,-1.001,9.500
-2.852,-0.902,9.500
-3.214,-1.031,9.500
-2.829,-0.920,9.500
-3.221,-1.061,9.500
-2.884,-0.963,9.500
-3.183,-1.076,9.500
-2.877,-0.985,9.500
-2.857,-0.991,9.500
-2.946,-1.035,9.500
-2.834,-1.008,9.500
-2.767,-0.997,9.500
-2.841,-1.036,9.500
-2.790,-1.030,9.500
-2.833,-1.058,9.500
-2.844,-1.075,9.500
-2.809,-1.075,9.500
-2.789,-1.080,9.500
-2.785,-1.091,9.500
-3.138,-1.243,9.500
-2.776,-1.113,9.500
-3.270,-1.325,9.500
-2.783,-1.141,9.500
-2.748,-1.139,9.500
-2.789,-1.169,9.500
-2.890,-1.224,9.500
-2.795,-1.197,9.500
-2.775,-1.202,9.500
-2.664,-1.166,9.500
-2.720,-1.203,9.500
-3.180,-1.422,9.500
-2.771,-1.252,9.500
-2.691,-1.228,9.500
-2.731,-1.260,9.500
-2.845,-1.326,9.500
-2.706,-1.274,9.500
-3.104,-1.476,9.500
-2.858,-1.373,9.500
-2.838,-1.377,9.500
-3.128,-1.533,9.500
-2.827,-1.400,9.500
-3.143,-1.571,9.500
-2.802,-1.414,9.500
-3.144,-1.603,9.500
-2.805,-1.444,9.500
-3.131,-1.627,9.500
-2.808,-1.473,9.500
-2.788,-1.477,9.500
-2.767,-1.480,9.500
-2.747,-1.483,9.500
-3.098,-1.689,9.500
-3.118,-1.715,9.500
-3.059,-1.698,9.500
-2.752,-1.542,9.500
-3.019,-1.707,9.500
-3.065,-1.749,9.500
-2.734,-1.574,9.500
-2.713,-1.577,9.500
-2.735,-1.604,9.500
-2.715,-1.607,9.500
-2.708,-1.617,9.500
-3.010,-1.813,9.500
-2.682,-1.630,9.500
-2.995,-1.837,9.500
-2.669,-1.651,9.500
-2.981,-1.860,9.500
-2.656,-1.672,9.500
-2.979,-1.892,9.500
-2.656,-1.702,9.500
-2.989,-1.931,9.500
-2.643,-1.722,9.500
-2.636,-1.733,9.500
-2.656,-1.761,9.500
-2.649,-1.771,9.500
-2.615,-1.764,9.500
-2.609,-1.774,9.500
-2.873,-1.970,9.500
-2.621,-1.813,9.500
-2.907,-2.027,9.500
-2.567,-1.805,9.500
-2.976,-2.110,9.500
-2.657,-1.900,9.500
-2.493,-1.798,9.500
-2.525,-1.836,9.500
-2.531,-1.855,9.500
-2.652,-1.960,9.500
-2.913,-2.171,9.500
-2.611,-1.962,9.500
-2.578,-1.953,9.500
-2.633,-2.011,9.500
-2.613,-2.012,9.500
-2.530,-1.964,9.500
-2.585,-2.023,9.500
-2.564,-2.023,9.500
-2.544,-2.023,9.500
-2.561,-2.053,9.500
-2.826,-2.284,9.500
-2.544,-2.073,9.500
-2.773,-2.278,9.500
-2.528,-2.093,9.500
-2.767,-2.309,9.500
-2.487,-2.092,9.500
-2.771,-2.350,9.500
-2.519,-2.153,9.500
-2.486,-2.142,9.500
-2.478,-2.152,9.500
-2.505,-2.193,9.500
-2.461,-2.171,9.500
-2.453,-2.181,9.500
-2.409,-2.159,9.500
-2.424,-2.190,9.500
-2.427,-2.210,9.500
-2.418,-2.219,9.500
-2.667,-2.467,9.500
-2.366,-2.206,9.500
-2.392,-2.248,9.500
-2.371,-2.246,9.500
-2.362,-2.255,9.500
-2.376,-2.287,9.500
-2.356,-2.285,9.500
-2.347,-2.294,9.500
-2.588,-2.550,9.500
-2.318,-2.301,9.500
-2.578,-2.580,9.500
-2.288,-2.308,9.500
-2.558,-2.601,9.500
-2.281,-2.338,9.500
-2.537,-2.621,9.500
-2.392,-2.490,9.500
-2.507,-2.630,9.500
-2.309,-2.441,9.500
-2.310,-2.462,9.500
-2.215,-2.379,9.500
-2.269,-2.457,9.500
-2.217,-2.420,9.500
-2.218,-2.440,9.500
-2.271,-2.518,9.500
-2.282,-2.550,9.500
-2.272,-2.559,9.500
-2.190,-2.486,9.500
-2.149,-2.459,9.500
-2.232,-2.574,9.500
-2.221,-2.583,9.500
-2.415,-2.831,9.500
-2.211,-2.612,9.500
-2.191,-2.609,9.500
-2.161,-2.594,9.500
-2.229,-2.697,9.500
-2.160,-2.634,9.500
-2.384,-2.932,9.500
-2.139,-2.651,9.500
-2.298,-2.871,9.500
-2.109,-2.656,9.500
-2.320,-2.946,9.500
-2.107,-2.697,9.500
-2.306,-2.976,9.500
-2.067,-2.689,9.500
-2.282,-2.994,9.500
-2.055,-2.717,9.500
-2.259,-3.012,9.500
-2.079,-2.795,9.500
-2.041,-2.766,9.500
-2.021,-2.762,9.500
-2.010,-2.769,9.500
-1.990,-2.765,9.500
-1.979,-2.773,9.500
-1.968,-2.780,9.500
-1.957,-2.788,9.500
-1.946,-2.796,9.500
-2.131,-3.086,9.500
-1.933,-2.824,9.500
-2.114,-3.115,9.500
-1.902,-2.826,9.500
-2.090,-3.131,9.500
-1.880,-2.841,9.500
-1.843,-2.809,9.500
-2.037,-3.131,9.500
-1.871,-2.902,9.500
-2.028,-3.172,9.500
-1.824,-2.877,9.500
-1.995,-3.175,9.500
-1.777,-2.852,9.500
-1.798,-2.912,9.500
-1.786,-2.919,9.500
-1.759,-2.899,9.500
-1.732,-2.880,9.500
-1.736,-2.913,9.500
-1.733,-2.933,9.500
-1.760,-3.006,9.500
-1.709,-2.947,9.500
-1.706,-2.967,9.500
-1.701,-2.987,9.500
-1.675,-2.967,9.500
-1.866,-3.336,9.500
-1.629,-2.939,9.500
-1.805,-3.287,9.500
-1.628,-2.993,9.500
-1.847,-3.427,9.500
-1.611,-3.019,9.500
-1.813,-3.429,9.500
-1.644,-3.139,9.500
-1.632,-3.146,9.500
-1.557,-3.030,9.500
-1.545,-3.036,9.500
-1.601,-3.178,9.500
-1.609,-3.224,9.500
-1.563,-3.164,9.500
-1.557,-3.183,9.500
-1.545,-3.189,9.500
-1.459,-3.044,9.500
-1.519,-3.201,9.500
-1.488,-3.166,9.500
-1.443,-3.103,9.500
-1.475,-3.205,9.500
-1.469,-3.225,9.500
-1.444,-3.203,9.500
-1.437,-3.223,9.500
-1.431,-3.242,9.500
-1.424,-3.261,9.500
-1.538,-3.561,9.500
-1.410,-3.300,9.500
-1.494,-3.533,9.500
-1.361,-3.255,9.500
-1.482,-3.584,9.500
-1.330,-3.252,9.500
-1.427,-3.530,9.500
-1.321,-3.304,9.500
-1.426,-3.607,9.500
-1.295,-3.315,9.500
-1.276,-3.306,9.500
-1.258,-3.297,9.500
-1.256,-3.330,9.500
-1.237,-3.321,9.500
-1.240,-3.368,9.500
-1.206,-3.316,9.500
-1.198,-3.335,9.500
-1.170,-3.297,9.500
-1.167,-3.330,9.500
-1.144,-3.306,9.500
-1.141,-3.339,9.500
-1.128,-3.344,9.500
-1.114,-3.348,9.500
-1.097,-3.338,9.500
-1.200,-3.703,9.500
-1.080,-3.375,9.500
-1.167,-3.699,9.500
-1.049,-3.369,9.500
-1.138,-3.708,9.500
-1.022,-3.377,9.500
-1.113,-3.730,9.500
-0.987,-3.356,9.500
-1.048,-3.616,9.500
-0.977,-3.422,9.500
-0.955,-3.397,9.500
-1.039,-3.752,9.500
-0.937,-3.433,9.500
-0.915,-3.408,9.500
-0.913,-3.455,9.500
-0.885,-3.400,9.500
-0.883,-3.447,9.500
-0.869,-3.451,9.500
-0.926,-3.737,9.500
-0.835,-3.428,9.500
-0.818,-3.417,9.500
-0.804,-3.420,9.500
-0.808,-3.496,9.500
-0.858,-3.783,9.500
-0.764,-3.429,9.500
-0.754,-3.447,9.500
-0.734,-3.421,9.500
-0.720,-3.423,9.500
-0.713,-3.456,9.500
-0.699,-3.459,9.500
-0.689,-3.476,9.500
-0.672,-3.464,9.500
-0.734,-3.866,9.500
-0.706,-3.799,9.500
-0.634,-3.486,9.500
-0.612,-3.444,9.500
-0.614,-3.536,9.500
-0.593,-3.494,9.500
-0.636,-3.840,9.500
-0.561,-3.468,9.500
-0.604,-3.831,9.500
-0.538,-3.503,9.500
-0.574,-3.836,9.500
-0.513,-3.522,9.500
-0.544,-3.840,9.500
-0.485,-3.525,9.500
-0.515,-3.859,9.500
-0.449,-3.469,9.500
-0.434,-3.456,9.500
-0.426,-3.503,9.500
-0.416,-3.534,9.500
-0.393,-3.461,9.500
-0.383,-3.493,9.500
-0.369,-3.494,9.500
-0.395,-3.887,9.500
-0.380,-3.888,9.500
-0.331,-3.528,9.500
-0.347,-3.863,9.500
-0.304,-3.546,9.500
-0.316,-3.866,9.500
-0.275,-3.533,9.500
-0.290,-3.924,9.500
-0.246,-3.520,9.500
-0.233,-3.521,9.500
-0.220,-3.537,9.500
-0.201,-3.462,9.500
-0.211,-3.887,9.500
-0.178,-3.539,9.500
-0.182,-3.917,9.500
-0.149,-3.525,9.500
-0.147,-3.819,9.500
-0.122,-3.526,9.500
-0.108,-3.542,9.500
-0.096,-3.602,9.500
-0.080,-3.497,9.500
-0.066,-3.528,9.500
-0.052,-3.528,9.500
-0.039,-3.528,9.500
-0.025,-3.528,9.500
-0.011,-3.529,9.500
0.003,-3.498,9.500
0.017,-3.544,9.500
0.031,-3.528,9.500
0.045,-3.543,9.500
0.059,-3.543,9.500
0.072,-3.513,9.500
0.085,-3.482,9.500
0.110,-3.877,9.500
0.126,-3.891,9.500
0.127,-3.511,9.500
0.154,-3.847,9.500
0.156,-3.540,9.500
0.170,-3.540,9.500
0.202,-3.888,9.500
0.198,-3.538,9.500
0.232,-3.872,9.500
0.226,-3.536,9.500
0.241,-3.550,9.500
0.253,-3.535,9.500
0.268,-3.548,9.500
0.281,-3.532,9.500
0.293,-3.501,9.500
0.308,-3.515,9.500
0.319,-3.484,9.500
0.335,-3.513,9.500
0.352,-3.541,9.500
0.366,-3.540,9.500
0.377,-3.508,9.500
0.394,-3.537,9.500
0.402,-3.490,9.500
0.418,-3.504,9.500
0.437,-3.547,9.500
0.493,-3.876,9.500
0.457,-3.484,9.500
0.473,-3.497,9.500
0.489,-3.510,9.500
0.505,-3.523,9.500
0.512,-3.476,9.500
0.528,-3.489,9.500
0.548,-3.531,9.500
0.550,-3.455,9.500
0.628,-3.842,9.500
0.590,-3.525,9.500
0.596,-3.478,9.500
0.620,-3.535,9.500
0.621,-3.458,9.500
0.637,-3.471,9.500
0.656,-3.498,9.500
0.667,-3.480,9.500
0.675,-3.448,9.500
0.698,-3.490,9.500
0.708,-3.472,9.500
0.722,-3.469,9.500
0.736,-3.466,9.500
0.746,-3.449,9.500
0.763,-3.461,9.500
0.776,-3.458,9.500
0.783,-3.425,9.500
0.800,-3.437,9.500
0.824,-3.477,9.500
0.820,-3.401,9.500
0.848,-3.456,9.500
0.858,-3.438,9.500
0.867,-3.420,9.500
0.896,-3.475,9.500
0.913,-3.486,9.500
0.908,-3.410,9.500
0.905,-3.348,9.500
0.942,-3.432,9.500
0.952,-3.413,9.500
0.965,-3.410,9.500
0.983,-3.420,9.500
1.005,-3.445,9.500
1.001,-3.384,9.500
1.014,-3.380,9.500
1.036,-3.404,9.500
1.036,-3.357,9.500
1.013,-3.236,9.500
1.072,-3.378,9.500
1.043,-3.243,9.500
1.046,-3.209,9.500
1.074,-3.249,9.500
1.086,-3.245,9.500
1.089,-3.212,9.500
1.151,-3.351,9.500
1.119,-3.217,9.500
1.157,-3.285,9.500
1.145,-3.209,9.500
1.157,-3.204,9.500
1.288,-3.522,9.500
1.182,-3.195,9.500
1.190,-3.176,9.500
1.293,-3.411,9.500
1.214,-3.166,9.500
1.232,-3.176,9.500
1.256,-3.200,9.500
1.257,-3.166,9.500
1.264,-3.147,9.500
1.271,-3.128,9.500
1.300,-3.165,9.500
1.301,-3.132,9.500
1.313,-3.127,9.500
1.368,-3.220,9.500
1.356,-3.159,9.500
1.325,-3.054,9.500
1.375,-3.134,9.500
1.375,-3.100,9.500
1.393,-3.109,9.500
1.418,-3.131,9.500
1.417,-3.098,9.500
1.423,-3.078,9.500
1.435,-3.073,9.500
1.473,-3.123,9.500
1.473,-3.089,9.500
1.478,-3.069,9.500
1.653,-3.398,9.500
1.529,-3.113,9.500
1.654,-3.333,9.500
1.526,-3.046,9.500
1.531,-3.026,9.500
1.550,-3.034,9.500
1.719,-3.333,9.500
1.574,-3.021,9.500
1.593,-3.029,9.500
1.590,-2.995,9.500
1.609,-3.003,9.500
1.614,-2.983,9.500
1.755,-3.214,9.500
1.600,-2.902,9.500
1.656,-2.977,9.500
1.599,-2.848,9.500
1.680,-2.964,9.500
1.629,-2.849,9.500
1.680,-2.910,9.500
1.636,-2.809,9.500
1.663,-2.830,9.500
1.666,-2.810,9.500
1.685,-2.816,9.500
1.696,-2.810,9.500
1.699,-2.790,9.500
1.710,-2.783,9.500
1.704,-2.749,9.500
1.732,-2.769,9.500
1.751,-2.776,9.500
1.728,-2.716,9.500
1.773,-2.762,9.500
1.775,-2.742,9.500
1.777,-2.722,9.500
1.770,-2.688,9.500
1.807,-2.721,9.500
1.827,-2.727,9.500
1.802,-2.667,9.500
1.830,-2.686,9.500
1.867,-2.718,9.500
1.860,-2.685,9.500
1.880,-2.690,9.500
1.845,-2.618,9.500
1.901,-2.676,9.500
1.893,-2.642,9.500
1.913,-2.648,9.500
1.932,-2.653,9.500
1.943,-2.645,9.500
1.972,-2.663,9.500
1.944,-2.605,9.500
1.983,-2.635,9.500
2.160,-2.847,9.500
2.004,-2.619,9.500
1.976,-2.561,9.500
2.015,-2.591,9.500
2.025,-2.583,9.500
2.015,-2.550,9.500
2.025,-2.542,9.500
2.035,-2.534,9.500
2.055,-2.539,9.500
1.954,-2.394,9.500
2.085,-2.535,9.500
2.075,-2.502,9.500
2.095,-2.506,9.500
2.053,-2.437,9.500
2.255,-2.655,9.500
2.062,-2.408,9.500
2.335,-2.705,9.500
2.070,-2.380,9.500
2.069,-2.360,9.500
2.078,-2.352,9.500
2.055,-2.307,9.500
2.118,-2.359,9.500
2.051,-2.267,9.500
2.104,-2.307,9.500
2.124,-2.310,9.500
2.144,-2.314,9.500
2.142,-2.294,9.500
2.195,-2.332,9.500
2.429,-2.560,9.500
2.203,-2.303,9.500
2.449,-2.541,9.500
2.232,-2.297,9.500
2.218,-2.265,9.500
2.205,-2.234,9.500
2.213,-2.225,9.500
2.279,-2.273,9.500
2.254,-2.230,9.500
2.228,-2.188,9.500
2.260,-2.201,9.500
2.245,-2.170,9.500
2.288,-2.195,9.500
2.285,-2.174,9.500
2.270,-2.143,9.500
2.291,-2.145,9.500
2.311,-2.147,9.500
2.295,-2.116,9.500
2.328,-2.129,9.500
2.336,-2.120,9.500
2.368,-2.132,9.500
2.328,-2.080,9.500
2.349,-2.082,9.500
2.320,-2.040,9.500
2.377,-2.074,9.500
2.385,-2.064,9.500
2.294,-1.970,9.500
2.290,-1.950,9.500
2.285,-1.931,9.500
2.575,-2.159,9.500
2.413,-2.007,9.500
2.294,-1.893,9.500
2.315,-1.894,9.500
2.335,-1.896,9.500
2.329,-1.876,9.500
2.363,-1.888,9.500
2.305,-1.827,9.500
2.666,-2.096,9.500
2.411,-1.880,9.500
2.670,-2.065,9.500
2.373,-1.821,9.500
2.711,-2.063,9.500
2.427,-1.832,9.500
2.702,-2.023,9.500
2.388,-1.773,9.500
2.743,-2.020,9.500
2.388,-1.745,9.500
2.462,-1.784,9.500
2.729,-1.961,9.500
2.449,-1.745,9.500
2.443,-1.726,9.500
2.449,-1.717,9.500
2.470,-1.716,9.500
2.754,-1.898,9.500
2.524,-1.725,9.500
2.504,-1.696,9.500
2.441,-1.640,9.500
2.517,-1.677,9.500
2.482,-1.639,9.500
2.460,-1.611,9.500
2.509,-1.629,9.500
2.529,-1.628,9.500
2.846,-1.816,9.500
2.443,-1.546,9.500
2.847,-1.785,9.500
2.540,-1.579,9.500
2.926,-1.803,9.500
2.894,-1.768,9.500
2.615,-1.583,9.500
2.934,-1.761,9.500
2.556,-1.521,9.500
2.417,-1.425,9.500
2.467,-1.441,9.500
2.531,-1.465,9.500
2.580,-1.480,9.500
2.557,-1.454,9.500
2.489,-1.402,9.500
2.450,-1.367,9.500
2.485,-1.374,9.500
2.520,-1.381,9.500
2.451,-1.330,9.500
2.486,-1.337,9.500
2.521,-1.343,9.500
2.512,-1.325,9.500
2.471,-1.292,9.500
2.537,-1.313,9.500
2.602,-1.334,9.500
2.562,-1.301,9.500
2.583,-1.298,9.500
2.542,-1.266,9.500
2.562,-1.263,9.500
2.583,-1.261,9.500
2.618,-1.265,9.500
2.608,-1.248,9.500
2.582,-1.223,9.500
2.602,-1.220,9.500
2.683,-1.245,9.500
2.612,-1.199,9.500
2.616,-1.189,9.500
2.464,-1.108,9.500
2.610,-1.162,9.500
2.692,-1.185,9.500
2.604,-1.134,9.500
2.608,-1.124,9.500
2.581,-1.100,9.500
2.538,-1.070,9.500
2.526,-1.054,9.500
2.672,-1.102,9.500
2.692,-1.098,9.500
2.538,-1.024,9.500
2.526,-1.007,9.500
2.562,-1.010,9.500
2.550,-0.994,9.500
2.522,-0.971,9.500
2.525,-0.961,9.500
2.562,-0.964,9.500
2.533,-0.941,9.500
2.520,-0.925,9.500
2.573,-0.933,9.500
2.924,-1.048,9.500
2.547,-0.901,9.500
2.917,-1.019,9.500
2.620,-0.904,9.500
2.574,-0.877,9.500
2.561,-0.861,9.500
2.564,-0.851,9.500
2.584,-0.847,9.500
2.437,-0.788,9.500
2.591,-0.826,9.500
2.460,-0.774,9.500
2.446,-0.759,9.500
2.860,-0.875,9.500
2.469,-0.745,9.500
2.472,-0.735,9.500
2.475,-0.725,9.500
2.579,-0.745,9.500
2.531,-0.720,9.500
2.619,-0.734,9.500
2.434,-0.672,9.500
2.402,-0.653,9.500
2.491,-0.667,9.500
2.442,-0.643,9.500
2.513,-0.652,9.500
2.533,-0.646,9.500
2.901,-0.728,9.500
2.293,-0.566,9.500
2.907,-0.705,9.500
2.279,-0.543,9.500
2.665,-0.624,9.500
2.265,-0.521,9.500
2.885,-0.652,9.500
2.196,-0.487,9.500
2.708,-0.590,9.500
2.291,-0.489,9.500
2.275,-0.477,9.500
2.295,-0.471,9.500
2.242,-0.451,9.500
2.299,-0.453,9.500
2.687,-0.519,9.500
2.356,-0.446,9.500
2.708,-0.501,9.500
2.305,-0.417,9.500
2.763,-0.489,9.500
2.180,-0.377,9.500
2.716,-0.458,9.500
2.666,-0.439,9.500
2.128,-0.342,9.500
2.148,-0.337,9.500
2.149,-0.328,9.500
2.150,-0.320,9.500
2.245,-0.325,9.500
2.153,-0.303,9.500
2.192,-0.300,9.500
2.556,-0.339,9.500
2.175,-0.280,9.500
2.612,-0.326,9.500
2.139,-0.258,9.500
2.472,-0.289,9.500
2.007,-0.226,9.500
2.439,-0.265,9.500
2.028,-0.213,9.500
2.495,-0.251,9.500
1.952,-0.189,9.500
2.011,-0.187,9.500
2.051,-0.182,9.500
2.444,-0.208,9.500
2.013,-0.163,9.500
2.446,-0.188,9.500
2.446,-0.179,9.500
2.035,-0.141,9.500
2.430,-0.158,9.500
1.898,-0.116,9.500
2.321,-0.133,9.500
2.056,-0.110,9.500
2.359,-0.117,9.500
1.959,-0.089,9.500
1.880,-0.078,9.500
1.861,-0.070,9.500
1.861,-0.063,9.500
2.323,-0.069,9.500
1.861,-0.048,9.500
2.324,-0.051,9.500
1.842,-0.033,9.500
2.361,-0.033,9.500
1.700,-0.017,9.500
2.306,-0.014,9.500
1.638,-0.004,9.500
2.136,0.004,9.500
1.659,0.009,9.500
1.720,0.016,9.500
1.659,0.022,9.500
1.679,0.029,9.500
0.485,0.010,10.000
0.236,0.006,10.000
0.487,0.014,10.000
0.346,0.011,10.000
0.264,0.010,10.000
0.627,0.026,10.000
0.291,0.013,10.000
0.655,0.032,10.000
0.569,0.030,10.000
0.859,0.049,10.000
0.291,0.018,10.000
0.858,0.055,10.000
0.829,0.057,10.000
0.858,0.062,10.000
0.857,0.066,10.000
0.828,0.067,10.000
0.976,0.082,10.000
0.798,0.071,10.000
0.798,0.074,10.000
1.125,0.108,10.000
0.974,0.098,10.000
1.064,0.111,10.000
1.278,0.138,10.000
1.093,0.123,10.000
0.454,0.053,10.000
1.560,0.187,10.000
0.426,0.053,10.000
1.687,0.216,10.000
0.594,0.078,10.000
0.765,0.104,10.000
1.397,0.196,10.000
0.880,0.127,10.000
1.364,0.202,10.000
1.209,0.184,10.000
1.300,0.203,10.000
1.362,0.218,10.000
1.614,0.265,10.000
1.267,0.213,10.000
1.328,0.229,10.000
1.611,0.284,10.000
1.265,0.228,10.000
1.803,0.333,10.000
1.672,0.315,10.000
1.542,0.297,10.000
1.605,0.316,10.000
1.199,0.241,10.000
1.571,0.322,10.000
1.197,0.250,10.000
2.127,0.453,10.000
1.504,0.327,10.000
1.629,0.361,10.000
1.628,0.367,10.000
1.886,0.433,10.000
1.593,0.372,10.000
1.528,0.363,10.000
1.880,0.455,10.000
2.146,0.528,10.000
1.877,0.470,10.000
1.908,0.486,10.000
1.939,0.502,10.000
1.871,0.492,10.000
2.101,0.561,10.000
1.999,0.542,10.000
2.164,0.596,10.000
1.831,0.512,10.000
2.126,0.604,10.000
2.537,0.731,10.000
2.121,0.620,10.000
2.018,0.599,10.000
2.149,0.647,10.000
2.113,0.645,10.000
2.111,0.654,10.000
2.108,0.662,10.000
1.344,0.428,10.000
2.374,0.766,10.000
1.839,0.601,10.000
2.436,0.807,10.000
2.399,0.805,10.000
2.092,0.711,10.000
2.256,0.777,10.000
2.423,0.845,10.000
2.352,0.831,10.000
2.081,0.744,10.000
2.244,0.813,10.000
1.566,0.574,10.000
2.137,0.793,10.000
1.262,0.474,10.000
2.298,0.873,10.000
2.095,0.806,10.000
1.494,0.581,10.000
2.595,1.021,10.000
1.611,0.641,10.000
2.415,0.972,10.000
2.111,0.860,10.000
2.306,0.950,10.000
1.755,0.731,10.000
2.570,1.082,10.000
2.669,1.136,10.000
2.630,1.132,10.000
2.421,1.053,10.000
2.552,1.122,10.000
3.376,1.500,10.000
2.048,0.920,10.000
2.642,1.199,10.000
2.400,1.100,10.000
2.429,1.125,10.000
2.872,1.344,10.000
2.973,1.406,10.000
1.776,0.849,10.000
2.998,1.447,10.000
2.340,1.141,10.000
2.986,1.470,10.000
2.364,1.175,10.000
3.010,1.512,10.000
2.033,1.031,10.000
3.034,1.553,10.000
3.100,1.602,10.000
2.406,1.256,10.000
2.805,1.478,10.000
1.358,0.723,10.000
2.490,1.337,10.000
2.753,1.493,10.000
2.252,1.232,10.000
3.090,1.707,10.000
2.274,1.268,10.000
2.866,1.613,10.000
3.321,1.886,10.000
2.227,1.276,10.000
3.565,2.062,10.000
3.014,1.758,10.000
3.042,1.791,10.000
3.466,2.059,10.000
4.313,2.585,10.000
3.304,1.998,10.000
3.895,2.376,10.000
3.324,2.046,10.000
3.535,2.195,10.000
3.201,2.005,10.000
3.264,2.063,10.000
3.221,2.053,10.000
4.190,2.694,10.000
3.204,2.078,10.000
3.267,2.137,10.000
3.223,2.126,10.000
3.574,2.378,10.000
3.864,2.593,10.000
2.923,1.978,10.000
2.882,1.967,10.000
2.975,2.048,10.000
3.172,2.202,10.000
3.129,2.190,10.000
3.436,2.425,10.000
2.942,2.094,10.000
3.452,2.478,10.000
3.514,2.543,10.000
2.851,2.081,10.000
3.423,2.518,10.000
3.701,2.745,10.000
3.092,2.313,10.000
3.117,2.350,10.000
3.348,2.545,10.000
3.621,2.775,10.000
3.328,2.571,10.000
3.635,2.832,10.000
3.307,2.597,10.000
3.263,2.583,10.000
2.985,2.382,10.000
2.501,2.012,10.000
3.579,2.903,10.000
2.701,2.209,10.000
3.111,2.564,10.000
2.499,2.076,10.000
3.819,3.198,10.000
3.452,2.914,10.000
3.440,2.927,10.000
3.192,2.738,10.000
3.451,2.984,10.000
3.791,3.304,10.000
3.428,3.011,10.000
2.403,2.128,10.000
3.170,2.829,10.000
2.655,2.388,10.000
2.615,2.371,10.000
3.104,2.837,10.000
2.687,2.475,10.000
3.445,3.198,10.000
2.344,2.193,10.000
3.028,2.855,10.000
2.618,2.488,10.000
3.529,3.380,10.000
3.348,3.233,10.000
3.302,3.214,10.000
3.002,2.945,10.000
3.310,3.272,10.000
3.562,3.549,10.000
3.481,3.496,10.000
3.467,3.510,10.000
3.758,3.834,10.000
3.213,3.303,10.000
3.200,3.316,10.000
3.478,3.632,10.000
4.011,4.222,10.000
3.160,3.354,10.000
3.147,3.366,10.000
3.134,3.378,10.000
3.438,3.735,10.000
2.661,2.914,10.000
3.094,3.415,10.000
2.146,2.387,10.000
3.159,3.542,10.000
2.393,2.705,10.000
2.329,2.653,10.000
3.240,3.721,10.000
1.922,2.224,10.000
2.708,3.160,10.000
2.474,2.910,10.000
3.273,3.880,10.000
2.533,3.026,10.000
2.973,3.581,10.000
2.296,2.788,10.000
3.151,3.857,10.000
3.106,3.833,10.000
2.916,3.627,10.000
3.136,3.931,10.000
3.090,3.906,10.000
3.046,3.881,10.000
2.831,3.636,10.000
3.191,4.133,10.000
2.747,3.586,10.000
3.013,3.966,10.000
2.969,3.940,10.000
2.704,3.618,10.000
2.717,3.665,10.000
3.064,4.168,10.000
2.851,3.910,10.000
2.975,4.114,10.000
1.917,2.673,10.000
2.387,3.356,10.000
2.035,2.884,10.000
2.828,4.043,10.000
1.675,2.415,10.000
2.932,4.262,10.000
2.012,2.950,10.000
2.817,4.165,10.000
2.416,3.603,10.000
2.526,3.799,10.000
2.172,3.295,10.000
3.074,4.703,10.000
2.193,3.383,10.000
2.641,4.111,10.000
2.330,3.659,10.000
2.659,4.212,10.000
2.139,3.417,10.000
2.651,4.273,10.000
2.068,3.361,10.000
2.352,3.857,10.000
2.198,3.637,10.000
2.559,4.273,10.000
2.329,3.923,10.000
2.526,4.293,10.000
2.533,4.344,10.000
2.283,3.950,10.000
2.222,3.881,10.000
2.274,4.008,10.000
2.258,4.017,10.000
2.470,4.435,10.000
2.618,4.744,10.000
1.792,3.278,10.000
2.261,4.173,10.000
1.650,3.074,10.000
2.206,4.150,10.000
2.042,3.878,10.000
2.483,4.760,10.000
2.073,4.013,10.000
2.078,4.062,10.000
2.083,4.111,10.000
1.770,3.527,10.000
1.891,3.806,10.000
1.837,3.734,10.000
2.181,4.478,10.000
1.846,3.828,10.000
1.965,4.117,10.000
2.008,4.249,10.000
1.800,3.849,10.000
1.694,3.659,10.000
1.752,3.823,10.000
2.037,4.493,10.000
1.758,3.917,10.000
2.021,4.552,10.000
1.799,4.094,10.000
1.522,3.503,10.000
1.838,4.275,10.000
1.303,3.063,10.000
1.699,4.039,10.000
1.129,2.714,10.000
1.753,4.261,10.000
1.346,3.307,10.000
1.703,4.233,10.000
1.216,3.056,10.000
1.555,3.955,10.000
1.106,2.847,10.000
1.653,4.302,10.000
1.619,4.265,10.000
1.493,3.979,10.000
1.602,4.321,10.000
1.200,3.276,10.000
1.743,4.819,10.000
1.285,3.597,10.000
1.518,4.302,10.000
1.257,3.607,10.000
1.340,3.894,10.000
1.367,4.023,10.000
1.161,3.463,10.000
1.267,3.828,10.000
1.319,4.039,10.000
0.985,3.055,10.000
1.274,4.008,10.000
1.298,4.139,10.000
1.154,3.729,10.000
1.201,3.939,10.000
1.327,4.413,10.000
0.992,3.345,10.000
1.179,4.037,10.000
1.068,3.711,10.000
1.054,3.715,10.000
0.720,2.578,10.000
1.104,4.013,10.000
1.100,4.059,10.000
0.995,3.731,10.000
1.068,4.068,10.000
1.063,4.114,10.000
1.058,4.161,10.000
1.107,4.426,10.000
0.852,3.467,10.000
0.957,3.961,10.000
0.922,3.881,10.000
0.858,3.679,10.000
0.798,3.480,10.000
0.548,2.433,10.000
0.797,3.607,10.000
0.639,2.947,10.000
0.830,3.902,10.000
0.721,3.455,10.000
0.604,2.955,10.000
0.759,3.786,10.000
0.680,3.464,10.000
0.778,4.044,10.000
0.746,3.962,10.000
0.669,3.633,10.000
0.633,3.514,10.000
0.530,3.008,10.000
0.605,3.519,10.000
0.487,2.899,10.000
0.631,3.852,10.000
0.411,2.571,10.000
0.544,3.488,10.000
0.536,3.530,10.000
0.577,3.904,10.000
0.550,3.822,10.000
0.535,3.824,10.000
0.525,3.868,10.000
0.499,3.787,10.000
0.442,3.461,10.000
0.474,3.832,10.000
0.323,2.695,10.000
0.401,3.466,10.000
0.366,3.268,10.000
0.414,3.839,10.000
0.356,3.430,10.000
0.323,3.233,10.000
0.333,3.473,10.000
0.309,3.354,10.000
0.350,3.974,10.000
0.313,3.722,10.000
0.238,2.968,10.000
0.287,3.766,10.000
0.228,3.163,10.000
0.160,2.345,10.000
0.221,3.442,10.000
0.166,2.746,10.000
0.197,3.484,10.000
0.179,3.404,10.000
0.128,2.637,10.000
0.157,3.526,10.000
0.106,2.601,10.000
0.089,2.420,10.000
0.089,2.712,10.000
0.105,3.651,10.000
0.088,3.529,10.000
0.048,2.279,10.000
0.048,2.788,10.000
0.041,3.132,10.000
0.032,3.449,10.000
0.021,3.904,10.000
0.003,2.245,10.000
-0.008,3.171,10.000
-0.019,2.939,10.000
-0.029,2.826,10.000
-0.042,2.939,10.000
-0.063,3.448,10.000
-0.078,3.529,10.000
-0.092,3.529,10.000
-0.095,3.169,10.000
-0.092,2.712,10.000
-0.132,3.487,10.000
-0.131,3.129,10.000
-0.145,3.167,10.000
-0.133,2.673,10.000
-0.168,3.127,10.000
-0.154,2.672,10.000
-0.188,3.049,10.000
-0.205,3.125,10.000
-0.217,3.124,10.000
-0.210,2.856,10.000
-0.227,2.931,10.000
-0.257,3.160,10.000
-0.310,3.640,10.000
-0.289,3.236,10.000
-0.280,3.003,10.000
-0.307,3.156,10.000
-0.327,3.233,10.000
-0.340,3.232,10.000
-0.344,3.152,10.000
-0.369,3.268,10.000
-0.328,2.807,10.000
-0.381,3.148,10.000
-0.393,3.146,10.000
-0.342,2.655,10.000
-0.423,3.182,10.000
-0.446,3.258,10.000
-0.328,2.328,10.000
-0.472,3.255,10.000
-0.295,1.981,10.000
-0.462,3.019,10.000
-0.354,2.252,10.000
-0.555,3.445,10.000
-0.510,3.090,10.000
-0.522,3.088,10.000
-0.470,2.711,10.000
-0.567,3.199,10.000
-0.518,2.855,10.000
-0.529,2.853,10.000
-0.519,2.740,10.000
-0.523,2.701,10.000
-0.615,3.111,10.000
-0.551,2.733,10.000
-0.679,3.299,10.000
-0.512,2.441,10.000
-0.529,2.474,10.000
-0.594,2.724,10.000
-0.688,3.095,10.000
-0.709,3.131,10.000
-0.635,2.754,10.000
-0.715,3.049,10.000
-0.656,2.749,10.000
-0.547,2.250,10.000
-0.687,2.780,10.000
-0.423,1.682,10.000
-0.737,2.885,10.000
-0.503,1.938,10.000
-0.664,2.517,10.000
-0.483,1.804,10.000
-0.665,2.441,10.000
-0.617,2.231,10.000
-0.733,2.613,10.000
-0.744,2.610,10.000
-0.796,2.751,10.000
-0.479,1.632,10.000
-0.732,2.460,10.000
-0.711,2.353,10.000
-0.720,2.350,10.000
-0.872,2.807,10.000
-0.771,2.448,10.000
-0.661,2.072,10.000
-0.680,2.102,10.000
-0.656,2.001,10.000
-0.856,2.575,10.000
-0.683,2.028,10.000
-0.747,2.191,10.000
-0.687,1.990,10.000
-0.573,1.637,10.000
-0.657,1.855,10.000
-0.487,1.358,10.000
-0.649,1.787,10.000
-0.553,1.505,10.000
-0.416,1.117,10.000
-0.670,1.779,10.000
-0.502,1.318,10.000
-0.745,1.932,10.000
-0.691,1.771,10.000
-0.460,1.166,10.000
-0.717,1.797,10.000
-0.662,1.639,10.000
-0.706,1.729,10.000
-0.624,1.512,10.000
-0.745,1.785,10.000
-0.586,1.388,10.000
-0.420,0.984,10.000
-0.753,1.745,10.000
-0.367,0.843,10.000
-0.780,1.770,10.000
-0.600,1.347,10.000
-0.685,1.521,10.000
-0.443,0.974,10.000
-0.563,1.224,10.000
-0.375,0.807,10.000
-0.751,1.600,10.000
-0.196,0.413,10.000
-0.462,0.965,10.000
-0.726,1.502,10.000
-0.564,1.155,10.000
-0.738,1.496,10.000
-0.267,0.536,10.000
-0.578,1.148,10.000
-0.271,0.534,10.000
-0.572,1.116,10.000
-0.506,0.977,10.000
-0.496,0.948,10.000
-0.485,0.919,10.000
-0.532,0.998,10.000
-0.521,0.969,10.000
-0.396,0.730,10.000
-0.544,0.991,10.000
-0.388,0.701,10.000
-0.334,0.598,10.000
-0.437,0.775,10.000
-0.440,0.773,10.000
-0.548,0.954,10.000
-0.567,0.978,10.000
-0.189,0.323,10.000
-0.134,0.227,10.000
-0.292,0.490,10.000
-0.308,0.513,10.000
-0.310,0.512,10.000
-0.479,0.784,10.000
-0.211,0.342,10.000
-0.212,0.341,10.000
-0.318,0.507,10.000
-0.044,0.070,10.000
-0.186,0.292,10.000
-0.142,0.221,10.000
-0.174,0.267,10.000
-0.240,0.366,10.000
-0.086,0.130,10.000
-0.177,0.265,10.000
-0.161,0.239,10.000
-0.027,0.040,10.000
-0.191,0.279,10.000
-0.181,0.262,10.000
-0.135,0.195,10.000
-0.151,0.216,10.000
-0.018,0.025,10.000
-0.075,0.105,10.000
-0.270,0.376,10.000
-0.060,0.082,10.000
-0.244,0.334,10.000
-0.064,0.087,10.000
-0.111,0.149,10.000
-0.077,0.103,10.000
-0.050,0.066,10.000
-0.066,0.086,10.000
-0.050,0.066,10.000
-0.067,0.086,10.000
-0.434,0.556,10.000
-0.099,0.126,10.000
-0.003,0.003,10.000
-0.425,0.532,10.000
-0.084,0.105,10.000
-0.117,0.144,10.000
-0.069,0.084,10.000
-0.069,0.084,10.000
-0.168,0.202,10.000
-0.185,0.221,10.000
-0.218,0.258,10.000
-0.037,0.043,10.000
-0.220,0.257,10.000
-0.205,0.237,10.000
-0.156,0.179,10.000
-0.190,0.216,10.000
-0.593,0.668,10.000
-0.209,0.233,10.000
-0.293,0.325,10.000
-0.211,0.232,10.000
-0.262,0.286,10.000
-0.760,0.824,10.000
-0.332,0.357,10.000
-0.417,0.445,10.000
-0.368,0.390,10.000
-0.726,0.763,10.000
-0.618,0.644,10.000
-0.701,0.725,10.000
-0.374,0.384,10.000
-0.376,0.383,10.000
-0.479,0.484,10.000
-0.515,0.516,10.000
-0.517,0.514,10.000
-0.536,0.529,10.000
-0.487,0.477,10.000
-0.523,0.508,10.000
-0.508,0.489,10.000
-0.405,0.387,10.000
-0.580,0.550,10.000
-0.565,0.532,10.000
-0.550,0.514,10.000
-0.621,0.575,10.000
-1.035,0.952,10.000
-0.660,0.602,10.000
-0.611,0.552,10.000
-0.716,0.643,10.000
-0.787,0.701,10.000
-0.669,0.591,10.000
-0.619,0.543,10.000
-0.532,0.463,10.000
-0.694,0.599,10.000
-0.731,0.626,10.000
-0.698,0.593,10.000
-0.754,0.635,10.000
-0.650,0.543,10.000
-0.776,0.643,10.000
-0.986,0.811,10.000
-0.710,0.579,10.000
-1.305,1.057,10.000
-0.804,0.645,10.000
-0.894,0.712,10.000
-0.932,0.737,10.000
-0.882,0.692,10.000
-0.955,0.743,10.000
-0.923,0.712,10.000
-0.873,0.668,10.000
-0.911,0.691,10.000
-0.914,0.688,10.000
-0.898,0.671,10.000
-0.937,0.694,10.000
-0.904,0.664,10.000
-1.032,0.751,10.000
-1.017,0.734,10.000
-0.930,0.666,10.000
-1.111,0.790,10.000
-1.079,0.760,10.000
-1.082,0.756,10.000
-1.013,0.702,10.000
-0.924,0.635,10.000
-1.109,0.755,10.000
-1.021,0.690,10.000
-0.950,0.636,10.000
-1.484,0.986,10.000
-1.246,0.820,10.000
-1.050,0.686,10.000
-1.071,0.694,10.000
-1.499,0.962,10.000
-1.537,0.978,10.000
-1.153,0.727,10.000
-1.679,1.050,10.000
-1.122,0.695,10.000
-1.654,1.017,10.000
-1.127,0.687,10.000
-1.036,0.626,10.000
-1.207,0.722,10.000
-1.154,0.684,10.000
-1.138,0.669,10.000
-1.140,0.664,10.000
-1.560,0.901,10.000
-1.146,0.655,10.000
-1.585,0.899,10.000
-1.319,0.741,10.000
-1.413,0.787,10.000
-1.735,0.957,10.000
-1.346,0.735,10.000
-1.759,0.952,10.000
-1.370,0.735,10.000
-1.392,0.739,10.000
-1.263,0.665,10.000
-1.341,0.699,10.000
-1.325,0.684,10.000
-1.366,0.698,10.000
-1.350,0.683,10.000
-1.771,0.888,10.000
-1.336,0.663,10.000
-1.357,0.667,10.000
-1.264,0.616,10.000
-1.419,0.684,10.000
-1.770,0.845,10.000
-1.481,0.700,10.000
-1.313,0.614,10.000
-1.334,0.618,10.000
-1.527,0.699,10.000
-1.548,0.702,10.000
-1.380,0.619,10.000
-1.573,0.698,10.000
-1.956,0.859,10.000
-1.559,0.678,10.000
-1.945,0.836,10.000
-1.546,0.657,10.000
-1.986,0.836,10.000
-1.570,0.653,10.000
-1.572,0.647,10.000
-1.498,0.610,10.000
-1.596,0.642,10.000
-1.580,0.628,10.000
-1.934,0.760,10.000
-1.565,0.608,10.000
-1.922,0.738,10.000
-1.551,0.589,10.000
-1.630,0.612,10.000
-1.820,0.675,10.000
-1.538,0.563,10.000
-1.521,0.550,10.000
-1.562,0.558,10.000
-1.564,0.552,10.000
-1.605,0.560,10.000
-1.607,0.553,10.000
-1.744,0.593,10.000
-1.765,0.592,10.000
-1.730,0.573,10.000
-1.770,0.578,10.000
-2.177,0.702,10.000
-1.755,0.558,10.000
-1.738,0.545,10.000
-1.779,0.550,10.000
-1.800,0.549,10.000
-1.802,0.542,10.000
-1.842,0.546,10.000
-1.806,0.528,10.000
-2.287,0.659,10.000
-1.753,0.498,10.000
-2.203,0.616,10.000
-2.205,0.607,10.000
-1.874,0.508,10.000
-2.228,0.595,10.000
-1.839,0.483,10.000
-1.956,0.506,10.000
-1.805,0.459,10.000
-1.883,0.471,10.000
-1.827,0.450,10.000
-1.887,0.457,10.000
-1.812,0.431,10.000
-2.043,0.477,10.000
-1.795,0.412,10.000
-1.816,0.409,10.000
-2.251,0.498,10.000
-2.031,0.441,10.000
-2.255,0.480,10.000
-1.881,0.393,10.000
-2.439,0.500,10.000
-2.405,0.483,10.000
-2.001,0.394,10.000
-2.426,0.467,10.000
-2.410,0.455,10.000
-2.006,0.370,10.000
-1.832,0.331,10.000
-1.989,0.351,10.000
-2.048,0.353,10.000
-1.973,0.332,10.000
-1.993,0.328,10.000
-2.014,0.323,10.000
-1.996,0.312,10.000
-1.997,0.304,10.000
-2.037,0.302,10.000
-2.038,0.294,10.000
-1.923,0.270,10.000
-2.002,0.273,10.000
-2.432,0.322,10.000
-1.984,0.254,10.000
-2.434,0.303,10.000
-2.417,0.291,10.000
-2.026,0.236,10.000
-2.046,0.230,10.000
-2.123,0.230,10.000
-1.990,0.208,10.000
-1.912,0.192,10.000
-1.991,0.192,10.000
-2.424,0.224,10.000
-2.089,0.185,10.000
-2.552,0.216,10.000
-1.955,0.158,10.000
-2.130,0.163,10.000
-1.995,0.145,10.000
-2.150,0.148,10.000
-2.170,0.141,10.000
-2.208,0.135,10.000
-2.485,0.142,10.000
-2.265,0.120,10.000
-2.190,0.108,10.000
-2.172,0.098,10.000
-2.248,0.093,10.000
-2.595,0.097,10.000
-2.211,0.074,10.000
-2.595,0.077,10.000
-2.154,0.055,10.000
-2.249,0.049,10.000
-2.174,0.039,10.000
-2.155,0.030,10.000
-2.343,0.023,10.000
-2.193,0.013,10.000
-2.212,0.005,10.000
-2.174,-0.004,10.000
-2.193,-0.013,10.000
-2.193,-0.021,10.000
-2.155,-0.029,10.000
-2.193,-0.038,10.000
-2.155,-0.046,10.000
-2.230,-0.057,10.000
-2.192,-0.064,10.000
-2.192,-0.073,10.000
-2.192,-0.081,10.000
-2.172,-0.089,10.000
-2.210,-0.099,10.000
-2.209,-0.108,10.000
-2.767,-0.146,10.000
-2.190,-0.124,10.000
-2.208,-0.134,10.000
-2.301,-0.149,10.000
-2.337,-0.160,10.000
-2.168,-0.157,10.000
-2.336,-0.179,10.000
-2.335,-0.188,10.000
-2.408,-0.203,10.000
-2.222,-0.196,10.000
-2.184,-0.202,10.000
-2.405,-0.232,10.000
-2.182,-0.219,10.000
-2.739,-0.285,10.000
-2.755,-0.298,10.000
-2.347,-0.263,10.000
-2.327,-0.270,10.000
-2.177,-0.261,10.000
-2.325,-0.288,10.000
-2.732,-0.350,10.000
-2.765,-0.365,10.000
-2.376,-0.323,10.000
-2.339,-0.327,10.000
-2.410,-0.347,10.000
-2.427,-0.359,10.000
-2.723,-0.414,10.000
-2.738,-0.427,10.000
-2.350,-0.376,10.000
-2.312,-0.379,10.000
-2.347,-0.395,10.000
-2.327,-0.401,10.000
-2.780,-0.490,10.000
-2.324,-0.419,10.000
-2.304,-0.425,10.000
-2.723,-0.513,10.000
-2.319,-0.446,10.000
-2.702,-0.531,10.000
-2.224,-0.446,10.000
-2.295,-0.470,10.000
-2.713,-0.566,10.000
-2.540,-0.540,10.000
-2.397,-0.520,10.000
-2.324,-0.514,10.000
-2.304,-0.519,10.000
-2.444,-0.560,10.000
-2.245,-0.524,10.000
-2.422,-0.575,10.000
-2.295,-0.555,10.000
-2.556,-0.628,10.000
-2.934,-0.733,10.000
-2.602,-0.661,10.000
-2.514,-0.649,10.000
-2.877,-0.755,10.000
-2.526,-0.674,10.000
-2.692,-0.729,10.000
-2.259,-0.622,10.000
-2.484,-0.694,10.000
-2.941,-0.834,10.000
-2.512,-0.723,10.000
-2.839,-0.829,10.000
-2.455,-0.728,10.000
-2.880,-0.866,10.000
-2.467,-0.752,10.000
-2.464,-0.762,10.000
-2.528,-0.793,10.000
-2.835,-0.901,10.000
-2.505,-0.807,10.000
-2.535,-0.828,10.000
-2.448,-0.810,10.000
-2.428,-0.814,10.000
-2.442,-0.829,10.000
-2.828,-0.973,10.000
-2.502,-0.872,10.000
-2.449,-0.864,10.000
-2.429,-0.867,10.000
-2.442,-0.883,10.000
-2.793,-1.022,10.000
-2.418,-0.896,10.000
-2.801,-1.050,10.000
-2.411,-0.915,10.000
-2.374,-0.911,10.000
-2.404,-0.934,10.000
-2.417,-0.950,10.000
-2.396,-0.952,10.000
-2.376,-0.955,10.000
-2.339,-0.951,10.000
-2.385,-0.981,10.000
-2.414,-1.004,10.000
-2.344,-0.985,10.000
-2.390,-1.016,10.000
-2.515,-1.080,10.000
-2.494,-1.083,10.000
-2.474,-1.086,10.000
-2.549,-1.131,10.000
-2.819,-1.264,10.000
-2.349,-1.064,10.000
-2.473,-1.132,10.000
-2.437,-1.127,10.000
-2.432,-1.137,10.000
-2.412,-1.139,10.000
-2.439,-1.163,10.000
-2.450,-1.180,10.000
-2.461,-1.197,10.000
-2.472,-1.215,10.000
-2.436,-1.209,10.000
-2.820,-1.413,10.000
-2.457,-1.244,10.000
-2.422,-1.237,10.000
-2.432,-1.255,10.000
-2.412,-1.256,10.000
-2.376,-1.250,10.000
-2.371,-1.259,10.000
-2.443,-1.309,10.000
-2.760,-1.493,10.000
-2.402,-1.312,10.000
-2.336,-1.288,10.000
-2.376,-1.322,10.000
-2.371,-1.331,10.000
-2.716,-1.539,10.000
-2.376,-1.359,10.000
-2.355,-1.359,10.000
-2.350,-1.369,10.000
-2.404,-1.413,10.000
-2.601,-1.542,10.000
-2.334,-1.396,10.000
-2.328,-1.405,10.000
-2.308,-1.405,10.000
-2.317,-1.423,10.000
-2.267,-1.405,10.000
-2.306,-1.442,10.000
-2.627,-1.657,10.000
-2.295,-1.460,10.000
-2.289,-1.469,10.000
-2.283,-1.478,10.000
-2.277,-1.486,10.000
-2.242,-1.476,10.000
-2.207,-1.466,10.000
-2.245,-1.503,10.000
-2.268,-1.532,10.000
-2.204,-1.501,10.000
-2.299,-1.579,10.000
-2.349,-1.627,10.000
-2.258,-1.577,10.000
-2.223,-1.566,10.000
-2.329,-1.654,10.000
-2.378,-1.703,10.000
-2.289,-1.652,10.000
-2.615,-1.904,10.000
-2.317,-1.701,10.000
-2.324,-1.720,10.000
-2.592,-1.934,10.000
-2.296,-1.728,10.000
-2.290,-1.737,10.000
-2.256,-1.725,10.000
-2.236,-1.723,10.000
-2.256,-1.753,10.000
-2.262,-1.772,10.000
-2.268,-1.792,10.000
-2.248,-1.790,10.000
-2.510,-2.015,10.000
-2.194,-1.776,10.000
-2.531,-2.064,10.000
-2.194,-1.804,10.000
-2.213,-1.834,10.000
-2.482,-2.074,10.000
-2.198,-1.851,10.000
-2.466,-2.093,10.000
-2.171,-1.857,10.000
-2.176,-1.877,10.000
-2.441,-2.122,10.000
-2.174,-1.905,10.000
-2.424,-2.141,10.000
-2.134,-1.899,10.000
-2.419,-2.171,10.000
-2.119,-1.916,10.000
-2.136,-1.947,10.000
-2.116,-1.944,10.000
-2.071,-1.918,10.000
-2.089,-1.949,10.000
-2.179,-2.049,10.000
-2.073,-1.965,10.000
-2.029,-1.938,10.000
-2.166,-2.086,10.000
-2.146,-2.083,10.000
-2.078,-2.033,10.000
-2.315,-2.282,10.000
-2.157,-2.143,10.000
-2.297,-2.300,10.000
-2.023,-2.042,10.000
-2.108,-2.145,10.000
-2.065,-2.117,10.000
-2.091,-2.161,10.000
-2.060,-2.146,10.000
-2.074,-2.178,10.000
-2.100,-2.222,10.000
-1.954,-2.084,10.000
-2.310,-2.483,10.000
-2.029,-2.198,10.000
-2.009,-2.194,10.000
-2.000,-2.201,10.000
-2.003,-2.222,10.000
-2.261,-2.528,10.000
-1.985,-2.237,10.000
-2.221,-2.522,10.000
-2.231,-2.554,10.000
-1.981,-2.285,10.000
-2.170,-2.524,10.000
-2.005,-2.351,10.000
-1.943,-2.296,10.000
-1.934,-2.304,10.000
-1.935,-2.324,10.000
-2.180,-2.638,10.000
-1.907,-2.326,10.000
-2.130,-2.619,10.000
-2.100,-2.603,10.000
-1.879,-2.348,10.000
-2.050,-2.583,10.000
-1.871,-2.376,10.000
-1.831,-2.344,10.000
-1.892,-2.442,10.000
-1.812,-2.358,10.000
-1.853,-2.431,10.000
-1.824,-2.412,10.000
-1.805,-2.406,10.000
-1.815,-2.440,10.000
-1.795,-2.434,10.000
-1.776,-2.427,10.000
-1.974,-2.720,10.000
-1.757,-2.441,10.000
-1.979,-2.773,10.000
-1.747,-2.468,10.000
-1.757,-2.502,10.000
-1.718,-2.468,10.000
-1.718,-2.489,10.000
-1.727,-2.522,10.000
-1.772,-2.610,10.000
-1.680,-2.495,10.000
-1.670,-2.502,10.000
-1.660,-2.508,10.000
-1.650,-2.515,10.000
-1.631,-2.507,10.000
-1.710,-2.651,10.000
-1.611,-2.520,10.000
-1.628,-2.568,10.000
-1.679,-2.671,10.000
-1.858,-2.982,10.000
-1.683,-2.725,10.000
-1.763,-2.879,10.000
-1.577,-2.599,10.000
-1.593,-2.648,10.000
-1.582,-2.654,10.000
-1.787,-3.025,10.000
-1.528,-2.610,10.000
-1.748,-3.013,10.000
-1.573,-2.735,10.000
-1.473,-2.584,10.000
-1.543,-2.733,10.000
-1.540,-2.753,10.000
-1.530,-2.759,10.000
-1.503,-2.737,10.000
-1.485,-2.728,10.000
-1.505,-2.791,10.000
-1.448,-2.711,10.000
-1.483,-2.803,10.000
-1.427,-2.722,10.000
-1.468,-2.828,10.000
-1.420,-2.762,10.000
-1.460,-2.868,10.000
-1.420,-2.817,10.000
-1.402,-2.808,10.000
-1.391,-2.813,10.000
-1.373,-2.804,10.000
-1.369,-2.824,10.000
-1.351,-2.815,10.000
-1.360,-2.864,10.000
-1.349,-2.869,10.000
-1.318,-2.831,10.000
-1.313,-2.850,10.000
-1.289,-2.826,10.000
-1.291,-2.861,10.000
-1.280,-2.866,10.000
-1.275,-2.885,10.000
-1.276,-2.920,10.000
-1.246,-2.881,10.000
-1.253,-2.930,10.000
-1.236,-2.920,10.000
-1.199,-2.865,10.000
-1.200,-2.900,10.000
-1.171,-2.859,10.000
-1.307,-3.229,10.000
-1.154,-2.884,10.000
-1.293,-3.267,10.000
-1.155,-2.953,10.000
-1.132,-2.927,10.000
-1.120,-2.932,10.000
-1.241,-3.287,10.000
-1.097,-2.940,10.000
-1.091,-2.960,10.000
-1.074,-2.949,10.000
-1.063,-2.953,10.000
-1.057,-2.972,10.000
-1.040,-2.961,10.000
-1.049,-3.026,10.000
-1.016,-2.969,10.000
-1.005,-2.973,10.000
-0.993,-2.977,10.000
-0.976,-2.966,10.000
-0.980,-3.016,10.000
-0.963,-3.004,10.000
-0.946,-2.992,10.000
-0.954,-3.057,10.000
-1.051,-3.416,10.000
-0.916,-3.019,10.000
-0.894,-2.991,10.000
-0.892,-3.026,10.000
-0.893,-3.076,10.000
-0.881,-3.079,10.000
-0.865,-3.067,10.000
-0.849,-3.055,10.000
-0.849,-3.105,10.000
-0.820,-3.046,10.000
-0.800,-3.018,10.000
-0.809,-3.099,10.000
-0.780,-3.040,10.000
-0.769,-3.043,10.000
-0.764,-3.077,10.000
-0.741,-3.033,10.000
-0.736,-3.067,10.000
-0.698,-2.959,10.000
-0.712,-3.073,10.000
-0.777,-3.411,10.000
-0.688,-3.079,10.000
-0.750,-3.417,10.000
-0.661,-3.068,10.000
-0.655,-3.102,10.000
-0.640,-3.089,10.000
-0.693,-3.414,10.000
-0.631,-3.172,10.000
-0.616,-3.159,10.000
-0.606,-3.177,10.000
-0.582,-3.117,10.000
-0.561,-3.071,10.000
-0.558,-3.121,10.000
-0.633,-3.622,10.000
-0.588,-3.449,10.000
-0.521,-3.128,10.000
-0.504,-3.098,10.000
-0.489,-3.084,10.000
-0.472,-3.053,10.000
-0.530,-3.519,10.000
-0.460,-3.137,10.000
-0.449,-3.155,10.000
-0.480,-3.465,10.000
-0.423,-3.142,10.000
-0.455,-3.484,10.000
-0.400,-3.161,10.000
-0.384,-3.131,10.000
-0.412,-3.474,10.000
-0.407,-3.550,10.000
-0.343,-3.103,10.000
-0.334,-3.137,10.000
-0.325,-3.170,10.000
-0.307,-3.107,10.000
-0.302,-3.188,10.000
-0.284,-3.126,10.000
-0.270,-3.111,10.000
-0.259,-3.128,10.000
-0.246,-3.113,10.000
-0.240,-3.194,10.000
-0.250,-3.520,10.000
-0.214,-3.195,10.000
-0.221,-3.491,10.000
-0.186,-3.133,10.000
-0.193,-3.493,10.000
-0.160,-3.118,10.000
-0.168,-3.540,10.000
-0.142,-3.263,10.000
-0.139,-3.511,10.000
-0.112,-3.153,10.000
-0.111,-3.512,10.000
-0.089,-3.185,10.000
-0.084,-3.497,10.000
-0.064,-3.202,10.000
-0.050,-3.138,10.000
-0.038,-3.138,10.000
-0.026,-3.154,10.000
-0.016,-3.793,10.000
-0.001,-3.122,10.000
0.013,-3.498,10.000
0.023,-3.106,10.000
0.035,-3.106,10.000
0.053,-3.483,10.000
0.061,-3.170,10.000
0.081,-3.482,10.000
0.086,-3.186,10.000
0.109,-3.497,10.000
0.110,-3.136,10.000
0.122,-3.136,10.000
0.135,-3.152,10.000
0.147,-3.135,10.000
0.155,-3.053,10.000
0.172,-3.150,10.000
0.181,-3.084,10.000
0.216,-3.461,10.000
0.209,-3.148,10.000
0.241,-3.429,10.000
0.233,-3.130,10.000
0.246,-3.145,10.000
0.260,-3.160,10.000
0.267,-3.095,10.000
0.282,-3.126,10.000
0.294,-3.125,10.000
0.305,-3.107,10.000
0.320,-3.138,10.000
0.320,-3.024,10.000
0.345,-3.136,10.000
0.348,-3.054,10.000
0.371,-3.149,10.000
0.387,-3.179,10.000
0.386,-3.066,10.000
0.406,-3.128,10.000
0.416,-3.111,10.000
0.428,-3.109,10.000
0.443,-3.123,10.000
0.455,-3.122,10.000
0.467,-3.120,10.000
0.479,-3.118,10.000
0.489,-3.100,10.000
0.504,-3.114,10.000
0.560,-3.376,10.000
0.528,-3.110,10.000
0.602,-3.462,10.000
0.567,-3.185,10.000
0.556,-3.056,10.000
0.643,-3.454,10.000
0.592,-3.115,10.000
0.598,-3.081,10.000
0.607,-3.063,10.000
0.600,-2.964,10.000
0.631,-3.058,10.000
0.613,-2.911,10.000
0.659,-3.069,10.000
0.667,-3.050,10.000
0.683,-3.063,10.000
0.702,-3.092,10.000
0.760,-3.289,10.000
0.685,-2.912,10.000
0.814,-3.402,10.000
0.716,-2.938,10.000
0.852,-3.440,10.000
0.739,-2.933,10.000
0.853,-3.330,10.000
0.766,-2.943,10.000
0.871,-3.294,10.000
0.814,-3.031,10.000
0.792,-2.902,10.000
0.825,-2.978,10.000
0.810,-2.879,10.000
0.830,-2.908,10.000
0.842,-2.905,10.000
0.848,-2.886,10.000
0.864,-2.898,10.000
0.866,-2.863,10.000
0.853,-2.780,10.000
0.903,-2.903,10.000
0.880,-2.789,10.000
0.931,-2.912,10.000
0.937,-2.893,10.000
1.048,-3.193,10.000
0.944,-2.838,10.000
1.078,-3.199,10.000
0.972,-2.846,10.000
1.129,-3.263,10.000
1.000,-2.854,10.000
1.000,-2.819,10.000
1.022,-2.846,10.000
1.033,-2.842,10.000
1.039,-2.823,10.000
1.184,-3.178,10.000
1.061,-2.814,10.000
1.197,-3.140,10.000
1.077,-2.791,10.000
1.088,-2.786,10.000
1.093,-2.767,10.000
1.122,-2.808,10.000
1.127,-2.789,10.000
1.283,-3.139,10.000
1.155,-2.795,10.000
1.313,-3.143,10.000
1.164,-2.755,10.000
1.320,-3.090,10.000
1.192,-2.761,10.000
1.350,-3.094,10.000
1.220,-2.767,10.000
1.231,-2.762,10.000
1.180,-2.620,10.000
1.239,-2.722,10.000
1.257,-2.733,10.000
1.239,-2.667,10.000
1.221,-2.601,10.000
1.231,-2.597,10.000
1.219,-2.546,10.000
1.281,-2.648,10.000
1.254,-2.567,10.000
1.249,-2.531,10.000
1.274,-2.557,10.000
1.292,-2.567,10.000
1.294,-2.547,10.000
1.312,-2.557,10.000
1.314,-2.537,10.000
1.324,-2.531,10.000
1.326,-2.511,10.000
1.352,-2.536,10.000
1.346,-2.501,10.000
1.380,-2.540,10.000
1.374,-2.505,10.000
1.392,-2.514,10.000
1.393,-2.494,10.000
1.420,-2.518,10.000
1.430,-2.512,10.000
1.431,-2.492,10.000
1.441,-2.487,10.000
1.390,-2.378,10.000
1.578,-2.675,10.000
1.470,-2.469,10.000
1.497,-2.493,10.000
1.472,-2.429,10.000
1.490,-2.438,10.000
1.473,-2.388,10.000
1.518,-2.440,10.000
1.519,-2.420,10.000
1.546,-2.442,10.000
1.510,-2.365,10.000
1.638,-2.542,10.000
1.753,-2.699,10.000
1.584,-2.418,10.000
1.518,-2.298,10.000
1.785,-2.678,10.000
1.488,-2.214,10.000
1.506,-2.222,10.000
1.622,-2.372,10.000
1.818,-2.637,10.000
1.782,-2.564,10.000
1.571,-2.241,10.000
1.580,-2.235,10.000
1.793,-2.516,10.000
1.577,-2.194,10.000
1.606,-2.216,10.000
1.604,-2.196,10.000
1.613,-2.189,10.000
1.622,-2.183,10.000
1.599,-2.135,10.000
1.628,-2.156,10.000
1.615,-2.122,10.000
1.891,-2.464,10.000
1.653,-2.137,10.000
1.910,-2.449,10.000
1.692,-2.151,10.000
1.668,-2.104,10.000
1.698,-2.125,10.000
1.760,-2.185,10.000
1.999,-2.461,10.000
1.722,-2.104,10.000
1.764,-2.138,10.000
1.986,-2.388,10.000
1.747,-2.084,10.000
1.630,-1.929,10.000
2.046,-2.401,10.000
1.680,-1.957,10.000
1.688,-1.950,10.000
1.730,-1.983,10.000
1.667,-1.896,10.000
1.710,-1.930,10.000
1.812,-2.028,10.000
1.761,-1.956,10.000
1.721,-1.897,10.000
1.716,-1.877,10.000
1.699,-1.843,10.000
1.767,-1.902,10.000
2.222,-2.373,10.000
1.758,-1.862,10.000
1.765,-1.856,10.000
1.809,-1.887,10.000
1.780,-1.842,10.000
2.087,-2.143,10.000
2.060,-2.099,10.000
1.839,-1.858,10.000
1.833,-1.839,10.000
1.803,-1.794,10.000
2.105,-2.078,10.000
1.817,-1.780,10.000
1.875,-1.822,10.000
1.843,-1.778,10.000
1.693,-1.620,10.000
1.699,-1.613,10.000
1.864,-1.756,10.000
1.712,-1.600,10.000
1.718,-1.593,10.000
1.924,-1.770,10.000
1.744,-1.592,10.000
1.737,-1.573,10.000
1.811,-1.627,10.000
1.749,-1.559,10.000
1.741,-1.540,10.000
1.761,-1.545,10.000
1.781,-1.550,10.000
1.801,-1.555,10.000
1.765,-1.512,10.000
1.841,-1.565,10.000
1.777,-1.498,10.000
1.797,-1.503,10.000
1.760,-1.461,10.000
2.126,-1.751,10.000
1.815,-1.482,10.000
1.820,-1.475,10.000
1.841,-1.479,10.000
1.832,-1.461,10.000
2.174,-1.719,10.000
1.872,-1.469,10.000
2.063,-1.606,10.000
1.825,-1.409,10.000
1.904,-1.458,10.000
1.761,-1.338,10.000
1.767,-1.331,10.000
2.192,-1.638,10.000
1.747,-1.295,10.000
1.782,-1.310,10.000
1.772,-1.292,10.000
1.762,-1.274,10.000
1.751,-1.256,10.000
1.787,-1.271,10.000
1.761,-1.242,10.000
1.797,-1.257,10.000
1.771,-1.228,10.000
1.838,-1.264,10.000
1.827,-1.246,10.000
1.801,-1.218,10.000
1.868,-1.253,10.000
2.043,-1.358,10.000
1.831,-1.207,10.000
1.804,-1.179,10.000
2.179,-1.412,10.000
1.797,-1.155,10.000
2.205,-1.405,10.000
2.105,-1.329,10.000
1.859,-1.164,10.000
1.863,-1.157,10.000
2.105,-1.295,10.000
1.872,-1.142,10.000
2.068,-1.250,10.000
1.930,-1.156,10.000
1.754,-1.041,10.000
1.758,-1.034,10.000
1.927,-1.124,10.000
1.766,-1.021,10.000
1.753,-1.004,10.000
1.824,-1.035,10.000
1.761,-0.990,10.000
1.782,-0.993,10.000
1.785,-0.986,10.000
1.772,-0.969,10.000
1.793,-0.972,10.000
1.814,-0.974,10.000
2.198,-1.169,10.000
1.804,-0.951,10.000
1.860,-0.970,10.000
1.636,-0.846,10.000
1.798,-0.920,10.000
2.268,-1.150,10.000
1.875,-0.941,10.000
2.261,-1.124,10.000
1.724,-0.849,10.000
1.798,-0.876,10.000
1.731,-0.835,10.000
1.698,-0.811,10.000
2.084,-0.986,10.000
1.668,-0.781,10.000
1.779,-0.825,10.000
1.693,-0.776,10.000
1.696,-0.770,10.000
1.551,-0.697,10.000
1.702,-0.756,10.000
1.649,-0.725,10.000
2.114,-0.920,10.000
1.543,-0.664,10.000
1.545,-0.658,10.000
1.548,-0.652,10.000
1.737,-0.724,10.000
1.703,-0.702,10.000
1.574,-0.641,10.000
1.727,-0.696,10.000
1.541,-0.614,10.000
1.733,-0.682,10.000
1.565,-0.609,10.000
1.719,-0.661,10.000
1.646,-0.626,10.000
1.611,-0.605,10.000
1.948,-0.723,10.000
1.557,-0.571,10.000
1.598,-0.579,10.000
1.542,-0.552,10.000
1.661,-0.587,10.000
1.566,-0.547,10.000
1.568,-0.541,10.000
2.022,-0.688,10.000
1.210,-0.406,10.000
1.456,-0.483,10.000
1.438,-0.470,10.000
1.885,-0.609,10.000
1.501,-0.478,10.000
1.423,-0.447,10.000
1.343,-0.416,10.000
1.426,-0.436,10.000
1.346,-0.406,10.000
1.450,-0.431,10.000
1.452,-0.425,10.000
1.712,-0.494,10.000
1.290,-0.367,10.000
1.375,-0.385,10.000
1.314,-0.363,10.000
1.232,-0.335,10.000
1.296,-0.347,10.000
1.276,-0.336,10.000
1.129,-0.292,10.000
1.527,-0.389,10.000
1.280,-0.321,10.000
1.132,-0.279,10.000
1.024,-0.248,10.000
1.263,-0.301,10.000
1.285,-0.301,10.000
1.114,-0.256,10.000
1.115,-0.252,10.000
1.073,-0.238,10.000
1.601,-0.348,10.000
1.074,-0.229,10.000
1.097,-0.230,10.000
1.229,-0.252,10.000
1.099,-0.221,10.000
1.484,-0.293,10.000
0.945,-0.182,10.000
0.923,-0.175,10.000
0.810,-0.150,10.000
0.902,-0.163,10.000
0.718,-0.127,10.000
0.903,-0.156,10.000
0.926,-0.156,10.000
0.904,-0.149,10.000
1.452,-0.233,10.000
0.951,-0.149,10.000
0.929,-0.142,10.000
0.952,-0.142,10.000
0.721,-0.104,10.000
0.745,-0.105,10.000
0.531,-0.073,10.000
0.652,-0.086,10.000
0.508,-0.065,10.000
0.508,-0.063,10.000
0.532,-0.064,10.000
0.533,-0.062,10.000
0.557,-0.063,10.000
1.025,-0.112,10.000
0.630,-0.066,10.000
0.337,-0.034,10.000
1.094,-0.106,10.000
0.678,-0.063,10.000
1.049,-0.093,10.000
0.134,-0.011,10.000
0.535,-0.043,10.000
0.774,-0.060,10.000
0.312,-0.023,10.000
0.983,-0.068,10.000
0.262,-0.017,10.000
0.134,-0.008,10.000
0.108,-0.006,10.000
0.915,-0.049,10.000
0.128,-0.006,10.000
0.109,-0.005,10.000
0.057,-0.002,10.000
0.128,-0.005,10.000
0.155,-0.005,10.000
0.057,-0.002,10.000
0.004,-0.000,10.000
0.401,-0.009,10.000
0.374,-0.007,10.000
0.075,-0.001,10.000
0.463,-0.005,10.000
0.129,-0.001,10.000
0.374,-0.001,10.000
0.374,0.001,10.000
0.401,0.002,10.000
0.346,0.003,10.000
0.401,0.005,10.000
1.901,0.032,10.500
3.818,0.080,10.500
3.488,0.087,10.500
2.602,0.075,10.500
3.367,0.110,10.500
3.527,0.129,10.500
4.246,0.172,10.500
3.526,0.157,10.500
3.815,0.185,10.500
3.012,0.158,10.500
4.555,0.257,10.500
3.165,0.191,10.500
3.482,0.224,10.500
4.196,0.286,10.500
4.460,0.322,10.500
3.766,0.286,10.500
4.280,0.342,10.500
3.806,0.319,10.500
4.590,0.403,10.500
3.236,0.297,10.500
5.006,0.479,10.500
3.800,0.379,10.500
4.010,0.416,10.500
4.402,0.474,10.500
3.838,0.428,10.500
4.134,0.478,10.500
3.792,0.454,10.500
2.879,0.356,10.500
4.172,0.532,10.500
3.261,0.429,10.500
3.620,0.491,10.500
4.209,0.587,10.500
4.382,0.629,10.500
3.820,0.564,10.500
3.860,0.585,10.500
4.508,0.701,10.500
3.446,0.550,10.500
4.458,0.729,10.500
3.166,0.531,10.500
5.291,0.908,10.500
4.494,0.790,10.500
4.139,0.744,10.500
4.050,0.744,10.500
3.155,0.593,10.500
4.661,0.895,10.500
4.935,0.967,10.500
3.501,0.700,10.500
4.650,0.949,10.500
4.738,0.987,10.500
5.203,1.105,10.500
4.822,1.044,10.500
3.937,0.868,10.500
4.496,1.010,10.500
3.091,0.707,10.500
3.438,0.801,10.500
5.369,1.273,10.500
5.267,1.270,10.500
5.214,1.279,10.500
4.080,1.018,10.500
5.300,1.345,10.500
4.869,1.256,10.500
3.776,0.990,10.500
4.813,1.281,10.500
3.768,1.019,10.500
3.888,1.068,10.500
5.610,1.564,10.500
4.478,1.268,10.500
5.207,1.496,10.500
4.646,1.355,10.500
5.836,1.726,10.500
4.197,1.260,10.500
3.816,1.162,10.500
5.614,1.733,10.500
6.327,1.980,10.500
4.220,1.339,10.500
5.111,1.644,10.500
5.636,1.837,10.500
5.192,1.715,10.500
5.474,1.832,10.500
5.084,1.724,10.500
5.172,1.776,10.500
5.500,1.913,10.500
5.542,1.952,10.500
5.583,1.991,10.500
5.478,1.978,10.500
5.373,1.964,10.500
5.960,2.205,10.500
4.576,1.713,10.500
5.113,1.937,10.500
5.883,2.255,10.500
4.512,1.750,10.500
5.567,2.184,10.500
6.111,2.425,10.500
4.756,1.909,10.500
5.020,2.038,10.500
4.830,1.983,10.500
4.958,2.059,10.500
3.217,1.351,10.500
5.505,2.336,10.500
5.496,2.358,10.500
5.390,2.338,10.500
6.072,2.662,10.500
5.910,2.618,10.500
5.506,2.465,10.500
5.073,2.295,10.500
4.928,2.253,10.500
5.477,2.530,10.500
5.277,2.463,10.500
5.174,2.440,10.500
5.836,2.780,10.500
5.389,2.593,10.500
4.918,2.390,10.500
5.704,2.800,10.500
6.041,2.995,10.500
5.254,2.630,10.500
5.244,2.651,10.500
5.373,2.743,10.500
4.598,2.370,10.500
5.589,2.908,10.500
5.387,2.830,10.500
5.423,2.876,10.500
5.602,2.999,10.500
5.638,3.047,10.500
5.158,2.814,10.500
6.520,3.590,10.500
5.507,3.060,10.500
5.034,2.824,10.500
4.890,2.768,10.500
5.517,3.152,10.500
5.001,2.883,10.500
6.486,3.773,10.500
4.174,2.450,10.500
3.965,2.348,10.500
6.235,3.726,10.500
5.536,3.337,10.500
6.105,3.713,10.500
6.040,3.707,10.500
5.496,3.402,10.500
5.962,3.723,10.500
5.898,3.716,10.500
5.136,3.264,10.500
4.396,2.818,10.500
5.568,3.600,10.500
4.878,3.181,10.500
4.652,3.060,10.500
5.432,3.603,10.500
5.842,3.908,10.500
5.133,3.463,10.500
6.355,4.324,10.500
4.888,3.354,10.500
5.225,3.616,10.500
5.908,4.123,10.500
5.749,4.045,10.500
6.120,4.342,10.500
5.212,3.729,10.500
6.036,4.354,10.500
5.638,4.100,10.500
7.420,5.441,10.500
4.936,3.650,10.500
6.016,4.484,10.500
5.998,4.508,10.500
4.766,3.612,10.500
5.540,4.232,10.500
5.523,4.253,10.500
5.461,4.240,10.500
5.909,4.625,10.500
6.330,4.994,10.500
5.546,4.412,10.500
5.997,4.809,10.500
5.788,4.679,10.500
5.817,4.740,10.500
5.342,4.388,10.500
5.369,4.446,10.500
4.591,3.832,10.500
5.290,4.451,10.500
5.631,4.775,10.500
6.129,5.239,10.500
5.731,4.937,10.500
4.798,4.166,10.500
5.924,5.186,10.500
5.998,5.292,10.500
5.607,4.986,10.500
5.587,5.008,10.500
5.568,5.030,10.500
5.415,4.930,10.500
5.754,5.281,10.500
6.703,6.200,10.500
5.897,5.498,10.500
5.829,5.478,10.500
5.146,4.873,10.500
5.042,4.813,10.500
5.764,5.546,10.500
5.652,5.481,10.500
6.092,5.954,10.500
4.966,4.892,10.500
4.866,4.830,10.500
4.969,4.972,10.500
5.951,6.001,10.500
5.391,5.479,10.500
4.869,4.988,10.500
5.012,5.175,10.500
5.948,6.190,10.500
5.136,5.387,10.500
3.931,4.156,10.500
5.967,6.357,10.500
5.155,5.535,10.500
4.970,5.379,10.500
5.623,6.133,10.500
5.131,5.641,10.500
4.709,5.218,10.500
4.688,5.237,10.500
5.397,6.076,10.500
5.854,6.643,10.500
4.703,5.379,10.500
5.713,6.586,10.500
4.894,5.687,10.500
5.929,6.944,10.500
4.506,5.319,10.500
5.065,6.028,10.500
5.497,6.594,10.500
5.138,6.213,10.500
5.114,6.233,10.500
4.400,5.407,10.500
5.065,6.273,10.500
4.653,5.809,10.500
4.593,5.780,10.500
5.030,6.383,10.500
4.966,6.352,10.500
5.179,6.679,10.500
4.538,5.899,10.500
4.776,6.259,10.500
4.069,5.376,10.500
3.947,5.258,10.500
4.665,6.265,10.500
3.972,5.379,10.500
4.542,6.201,10.500
5.491,7.559,10.500
5.057,7.019,10.500
4.053,5.672,10.500
4.338,6.122,10.500
4.176,5.943,10.500
4.870,6.988,10.500
4.232,6.123,10.500
4.630,6.757,10.500
4.532,6.669,10.500
4.159,6.172,10.500
4.236,6.340,10.500
4.077,6.155,10.500
4.427,6.739,10.500
4.400,6.756,10.500
4.271,6.614,10.500
3.426,5.352,10.500
4.600,7.248,10.500
4.294,6.824,10.500
4.233,6.787,10.500
4.140,6.697,10.500
3.858,6.295,10.500
4.153,6.837,10.500
3.902,6.480,10.500
3.845,6.443,10.500
3.820,6.458,10.500
4.725,8.060,10.500
4.693,8.078,10.500
3.991,6.932,10.500
4.254,7.456,10.500
3.663,6.479,10.500
3.940,7.034,10.500
3.383,6.095,10.500
4.169,7.581,10.500
3.066,5.628,10.500
3.564,6.603,10.500
3.342,6.250,10.500
4.144,7.825,10.500
3.957,7.543,10.500
3.214,6.186,10.500
3.434,6.672,10.500
4.147,8.135,10.500
3.167,6.275,10.500
2.965,5.930,10.500
3.329,6.725,10.500
3.520,7.183,10.500
3.465,7.140,10.500
2.871,5.976,10.500
3.463,7.281,10.500
3.044,6.465,10.500
3.352,7.193,10.500
3.350,7.264,10.500
3.763,8.243,10.500
3.089,6.838,10.500
2.775,6.207,10.500
3.035,6.862,10.500
2.335,5.335,10.500
2.547,5.881,10.500
2.524,5.891,10.500
2.951,6.965,10.500
3.503,8.357,10.500
2.850,6.876,10.500
2.778,6.776,10.500
2.641,6.514,10.500
2.702,6.742,10.500
2.568,6.481,10.500
2.358,6.018,10.500
2.688,6.941,10.500
2.471,6.457,10.500
2.306,6.097,10.500
2.522,6.748,10.500
2.220,6.012,10.500
2.409,6.603,10.500
2.777,7.706,10.500
2.901,8.150,10.500
2.370,6.741,10.500
2.066,5.952,10.500
2.298,6.704,10.500
1.689,4.992,10.500
2.339,7.002,10.500
1.956,5.932,10.500
1.916,5.888,10.500
2.426,7.556,10.500
2.070,6.536,10.500
1.911,6.117,10.500
2.263,7.346,10.500
1.816,5.976,10.500
1.839,6.139,10.500
2.177,7.372,10.500
1.642,5.642,10.500
1.707,5.952,10.500
1.879,6.653,10.500
1.884,6.772,10.500
2.131,7.776,10.500
1.786,6.619,10.500
2.103,7.916,10.500
1.852,7.085,10.500
1.503,5.842,10.500
1.739,6.870,10.500
1.548,6.219,10.500
1.589,6.495,10.500
1.713,7.120,10.500
1.487,6.290,10.500
1.698,7.309,10.500
1.538,6.740,10.500
1.401,6.254,10.500
1.436,6.530,10.500
1.262,5.845,10.500
1.350,6.378,10.500
1.613,7.770,10.500
1.390,6.831,10.500
1.254,6.285,10.500
1.097,5.615,10.500
1.310,6.847,10.500
1.053,5.623,10.500
1.185,6.467,10.500
1.064,5.938,10.500
0.987,5.635,10.500
1.000,5.843,10.500
1.074,6.430,10.500
0.801,4.916,10.500
0.998,6.275,10.500
1.094,7.061,10.500
0.965,6.391,10.500
0.839,5.711,10.500
0.954,6.675,10.500
0.967,6.962,10.500
0.857,6.351,10.500
0.832,6.355,10.500
0.878,6.915,10.500
0.879,7.150,10.500
0.688,5.783,10.500
0.708,6.152,10.500
0.707,6.370,10.500
0.799,7.461,10.500
0.619,6.001,10.500
0.649,6.542,10.500
0.764,8.026,10.500
0.608,6.659,10.500
0.606,6.945,10.500
0.501,6.012,10.500
0.429,5.401,10.500
0.450,5.963,10.500
0.412,5.757,10.500
0.470,6.955,10.500
0.407,6.396,10.500
0.341,5.711,10.500
0.372,6.676,10.500
0.253,4.880,10.500
0.315,6.567,10.500
0.256,5.818,10.500
0.259,6.459,10.500
0.233,6.460,10.500
0.196,6.082,10.500
0.135,4.791,10.500
0.155,6.352,10.500
0.134,6.573,10.500
0.101,6.138,10.500
0.089,7.086,10.500
0.056,6.464,10.500
0.029,6.033,10.500
0.004,5.369,10.500
-0.016,5.270,10.500
-0.040,5.670,10.500
-0.065,5.980,10.500
-0.076,5.124,10.500
-0.107,5.669,10.500
-0.136,5.978,10.500
-0.200,7.501,10.500
-0.152,4.979,10.500
-0.206,5.976,10.500
-0.224,5.819,10.500
-0.205,4.835,10.500
-0.274,5.921,10.500
-0.319,6.346,10.500
-0.262,4.832,10.500
-0.378,6.508,10.500
-0.414,6.673,10.500
-0.411,6.232,10.500
-0.417,5.965,10.500
-0.417,5.654,10.500
-0.460,5.910,10.500
-0.474,5.804,10.500
-0.538,6.277,10.500
-0.587,6.548,10.500
-0.547,5.850,10.500
-0.699,7.170,10.500
-0.572,5.641,10.500
-0.638,6.052,10.500
-0.703,6.425,10.500
-0.504,4.443,10.500
-0.793,6.753,10.500
-0.702,5.781,10.500
-0.637,5.085,10.500
-0.879,6.800,10.500
-0.639,4.797,10.500
-0.813,5.924,10.500
-0.889,6.292,10.500
-0.689,4.743,10.500
-1.012,6.781,10.500
-0.806,5.258,10.500
-0.897,5.702,10.500
-0.953,5.904,10.500
-0.933,5.644,10.500
-0.999,5.896,10.500
-1.191,6.868,10.500
-0.982,5.532,10.500
-1.040,5.730,10.500
-0.980,5.279,10.500
-1.000,5.275,10.500
-1.315,6.787,10.500
-1.130,5.713,10.500
-1.102,5.458,10.500
-1.293,6.277,10.500
-1.218,5.801,10.500
-1.319,6.160,10.500
-1.052,4.820,10.500
-1.332,5.992,10.500
-1.344,5.935,10.500
-1.332,5.776,10.500
-1.343,5.720,10.500
-1.476,6.180,10.500
-1.024,4.215,10.500
-1.161,4.698,10.500
-1.420,5.648,10.500
-1.354,5.298,10.500
-1.503,5.788,10.500
-1.526,5.782,10.500
-1.217,4.540,10.500
-1.271,4.669,10.500
-1.708,6.177,10.500
-1.209,4.306,10.500
-1.596,5.601,10.500
-1.661,5.745,10.500
-1.457,4.964,10.500
-1.737,5.833,10.500
-1.426,4.723,10.500
-1.058,3.453,10.500
-1.712,5.512,10.500
-1.765,5.604,10.500
-1.724,5.401,10.500
-1.841,5.690,10.500
-1.450,4.422,10.500
-1.804,5.429,10.500
-1.874,5.569,10.500
-1.701,4.988,10.500
-1.867,5.407,10.500
-1.629,4.657,10.500
-1.569,4.430,10.500
-1.665,4.644,10.500
-2.076,5.720,10.500
-2.026,5.515,10.500
-2.048,5.507,10.500
-1.909,5.071,10.500
-2.147,5.638,10.500
-1.930,5.010,10.500
-2.134,5.474,10.500
-2.194,5.563,10.500
-2.158,5.409,10.500
-2.141,5.305,10.500
-1.864,4.568,10.500
-2.341,5.675,10.500
-1.757,4.211,10.500
-1.845,4.373,10.500
-2.264,5.309,10.500
-2.285,5.301,10.500
-2.145,4.922,10.500
-2.327,5.282,10.500
-2.045,4.594,10.500
-1.601,3.560,10.500
-2.081,4.578,10.500
-1.810,3.942,10.500
-2.260,4.870,10.500
-1.586,3.382,10.500
-1.972,4.165,10.500
-2.129,4.450,10.500
-1.644,3.401,10.500
-2.377,4.869,10.500
-2.181,4.425,10.500
-2.074,4.166,10.500
-2.049,4.076,10.500
-2.298,4.527,10.500
-2.251,4.390,10.500
-2.606,5.035,10.500
-1.469,2.810,10.500
-2.528,4.792,10.500
-2.341,4.396,10.500
-1.710,3.181,10.500
-2.444,4.504,10.500
-2.303,4.203,10.500
-2.387,4.318,10.500
-2.474,4.433,10.500
-1.874,3.328,10.500
-2.368,4.167,10.500
-2.071,3.610,10.500
-1.871,3.233,10.500
-2.099,3.594,10.500
-2.316,3.931,10.500
-1.973,3.319,10.500
-2.141,3.569,10.500
-2.155,3.560,10.500
-2.169,3.552,10.500
-2.206,3.581,10.500
-1.715,2.760,10.500
-2.448,3.904,10.500
-2.086,3.299,10.500
-1.920,3.010,10.500
-2.089,3.247,10.500
-1.988,3.064,10.500
-2.208,3.373,10.500
-2.341,3.546,10.500
-1.504,2.259,10.500
-2.153,3.206,10.500
-1.278,1.888,10.500
-2.130,3.119,10.500
-2.025,2.941,10.500
-1.809,2.604,10.500
-1.955,2.792,10.500
-2.013,2.850,10.500
-1.977,2.777,10.500
-2.106,2.934,10.500
-1.999,2.761,10.500
-2.057,2.818,10.500
-1.856,2.522,10.500
-1.960,2.641,10.500
-1.693,2.263,10.500
-1.886,2.500,10.500
-1.967,2.586,10.500
-1.882,2.455,10.500
-1.481,1.916,10.500
-1.901,2.440,10.500
-1.746,2.222,10.500
-1.993,2.517,10.500
-1.579,1.977,10.500
-1.632,2.028,10.500
-1.710,2.108,10.500
-1.161,1.420,10.500
-1.992,2.417,10.500
-0.902,1.085,10.500
-2.061,2.461,10.500
-1.632,1.933,10.500
-2.055,2.415,10.500
-1.484,1.730,10.500
-1.422,1.645,10.500
-1.118,1.283,10.500
-1.718,1.956,10.500
-1.128,1.274,10.500
-1.709,1.915,10.500
-1.339,1.489,10.500
-1.555,1.715,10.500
-1.781,1.949,10.500
-1.914,2.079,10.500
-1.316,1.418,10.500
-1.207,1.290,10.500
-1.540,1.633,10.500
-1.522,1.602,10.500
-1.338,1.397,10.500
-1.510,1.565,10.500
-1.396,1.435,10.500
-1.523,1.553,10.500
-1.360,1.376,10.500
-1.437,1.443,10.500
-1.793,1.786,10.500
-1.094,1.081,10.500
-1.653,1.621,10.500
-1.126,1.095,10.500
-1.368,1.320,10.500
-0.642,0.615,10.500
-1.452,1.379,10.500
-0.540,0.510,10.500
-1.462,1.368,10.500
-0.988,0.917,10.500
-0.676,0.623,10.500
-1.018,0.930,10.500
-0.703,0.637,10.500
-1.049,0.943,10.500
-1.469,1.310,10.500
-1.474,1.305,10.500
-0.827,0.726,10.500
-1.040,0.906,10.500
-0.832,0.719,10.500
-1.341,1.150,10.500
-0.838,0.713,10.500
-0.680,0.574,10.500
-0.890,0.745,10.500
-1.037,0.861,10.500
-0.872,0.719,10.500
-0.852,0.696,10.500
-0.854,0.693,10.500
-0.716,0.576,10.500
-0.336,0.268,10.500
-0.674,0.534,10.500
-0.360,0.282,10.500
-0.965,0.751,10.500
-0.727,0.562,10.500
-0.706,0.541,10.500
-0.145,0.110,10.500
-0.478,0.360,10.500
-0.146,0.109,10.500
-0.018,0.013,10.500
-0.693,0.510,10.500
-0.484,0.353,10.500
-0.485,0.351,10.500
-0.463,0.333,10.500
-0.260,0.185,10.500
-0.583,0.412,10.500
-0.514,0.360,10.500
-0.422,0.293,10.500
-0.446,0.307,10.500
-0.286,0.195,10.500
-0.218,0.148,10.500
-0.264,0.178,10.500
-0.475,0.316,10.500
-0.476,0.314,10.500
-0.267,0.174,10.500
-0.388,0.252,10.500
-0.504,0.324,10.500
-0.269,0.171,10.500
-0.316,0.200,10.500
-0.201,0.126,10.500
-0.019,0.012,10.500
-0.093,0.057,10.500
-0.248,0.152,10.500
-0.296,0.179,10.500
-0.110,0.066,10.500
-0.026,0.016,10.500
-0.134,0.079,10.500
-0.049,0.029,10.500
-0.271,0.157,10.500
-0.088,0.051,10.500
-0.675,0.384,10.500
-0.273,0.154,10.500
-0.183,0.102,10.500
-0.095,0.053,10.500
-0.050,0.027,10.500
-0.095,0.052,10.500
-0.096,0.051,10.500
-0.164,0.087,10.500
-0.096,0.051,10.500
-0.165,0.086,10.500
-0.323,0.167,10.500
-0.323,0.166,10.500
-0.368,0.187,10.500
-0.302,0.152,10.500
-0.303,0.151,10.500
-0.822,0.405,10.500
-0.327,0.159,10.500
-0.928,0.448,10.500
-0.868,0.415,10.500
-0.440,0.209,10.500
-0.419,0.196,10.500
-0.420,0.195,10.500
-0.465,0.214,10.500
-0.285,0.130,10.500
-0.489,0.220,10.500
-0.423,0.188,10.500
-0.469,0.206,10.500
-0.492,0.214,10.500
-0.402,0.173,10.500
-0.403,0.172,10.500
-1.012,0.427,10.500
-0.335,0.140,10.500
-0.953,0.393,10.500
-0.451,0.184,10.500
-0.520,0.210,10.500
-0.743,0.296,10.500
-0.453,0.179,10.500
-0.723,0.282,10.500
-0.478,0.184,10.500
-1.193,0.454,10.500
-0.771,0.290,10.500
-1.176,0.437,10.500
-1.280,0.470,10.500
-0.550,0.200,10.500
-0.753,0.270,10.500
-0.665,0.235,10.500
-1.184,0.414,10.500
-0.689,0.238,10.500
-0.867,0.296,10.500
-1.020,0.343,10.500
-0.935,0.311,10.500
-1.377,0.451,10.500
-0.828,0.268,10.500
-1.380,0.440,10.500
-0.830,0.261,10.500
-0.831,0.258,10.500
-0.898,0.275,10.500
-0.899,0.271,10.500
-1.409,0.419,10.500
-0.879,0.258,10.500
-0.858,0.248,10.500
-0.903,0.257,10.500
-1.375,0.386,10.500
-0.883,0.244,10.500
-1.125,0.306,10.500
-1.169,0.313,10.500
-1.041,0.274,10.500
-0.909,0.236,10.500
-0.820,0.210,10.500
-0.933,0.234,10.500
-0.867,0.214,10.500
-0.777,0.189,10.500
-0.936,0.223,10.500
-0.937,0.220,10.500
-1.596,0.368,10.500
-0.871,0.197,10.500
-1.559,0.346,10.500
-1.139,0.248,10.500
-1.702,0.364,10.500
-1.119,0.235,10.500
-1.584,0.326,10.500
-1.143,0.231,10.500
-1.607,0.318,10.500
-1.123,0.217,10.500
-1.650,0.313,10.500
-1.146,0.213,10.500
-1.277,0.232,10.500
-1.126,0.200,10.500
-1.300,0.225,10.500
-1.149,0.195,10.500
-1.837,0.304,10.500
-1.799,0.290,10.500
-1.282,0.202,10.500
-1.640,0.251,10.500
-1.219,0.182,10.500
-1.306,0.190,10.500
-1.824,0.258,10.500
-1.329,0.182,10.500
-1.786,0.238,10.500
-1.886,0.244,10.500
-1.768,0.221,10.500
-1.809,0.219,10.500
-1.418,0.166,10.500
-1.790,0.203,10.500
-1.334,0.146,10.500
-1.832,0.193,10.500
-1.772,0.180,10.500
-1.773,0.173,10.500
-1.506,0.141,10.500
-1.815,0.162,10.500
-1.486,0.127,10.500
-1.816,0.148,10.500
-1.337,0.104,10.500
-1.956,0.144,10.500
-1.446,0.101,10.500
-1.317,0.087,10.500
-1.489,0.092,10.500
-1.425,0.083,10.500
-1.510,0.082,10.500
-1.532,0.077,10.500
-1.490,0.069,10.500
-1.553,0.066,10.500
-1.427,0.055,10.500
-1.533,0.053,10.500
-1.470,0.045,10.500
-1.679,0.045,10.500
-1.941,0.044,10.500
-1.555,0.029,10.500
-2.155,0.032,10.500
-2.000,0.022,10.500
-1.617,0.011,10.500
-2.117,0.006,10.500
-1.638,-0.002,10.500
-1.981,-0.010,10.500
-1.720,-0.015,10.500
-2.000,-0.025,10.500
-1.659,-0.028,10.500
-1.575,-0.032,10.500
-1.638,-0.040,10.500
-1.596,-0.045,10.500
-1.679,-0.054,10.500
-1.678,-0.061,10.500
-1.699,-0.068,10.500
-1.698,-0.075,10.500
-1.678,-0.081,10.500
-1.677,-0.087,10.500
-1.510,-0.084,10.500
-1.676,-0.100,10.500
-1.697,-0.108,10.500
-1.572,-0.106,10.500
-1.797,-0.129,10.500
-2.187,-0.165,10.500
-1.856,-0.148,10.500
-2.109,-0.176,10.500
-1.694,-0.148,10.500
-2.127,-0.194,10.500
-1.692,-0.161,10.500
-1.833,-0.182,10.500
-1.732,-0.179,10.500
-1.670,-0.179,10.500
-1.690,-0.188,10.500
-1.668,-0.192,10.500
-1.869,-0.223,10.500
-1.788,-0.220,10.500
-1.787,-0.227,10.500
-1.746,-0.229,10.500
-1.944,-0.263,10.500
-1.864,-0.259,10.500
-1.902,-0.272,10.500
-1.842,-0.271,10.500
-1.841,-0.278,10.500
-1.820,-0.282,10.500
-1.819,-0.289,10.500
-1.818,-0.297,10.500
-1.817,-0.304,10.500
-1.756,-0.301,10.500
-1.834,-0.321,10.500
-1.833,-0.329,10.500
-1.832,-0.336,10.500
-1.830,-0.343,10.500
-1.848,-0.354,10.500
-2.263,-0.442,10.500
-1.806,-0.361,10.500
-2.259,-0.460,10.500
-1.823,-0.379,10.500
-2.256,-0.478,10.500
-1.974,-0.426,10.500
-1.838,-0.404,10.500
-2.268,-0.508,10.500
-1.988,-0.454,10.500
-2.228,-0.518,10.500
-1.851,-0.438,10.500
-2.349,-0.566,10.500
-1.828,-0.448,10.500
-2.380,-0.593,10.500
-2.052,-0.520,10.500
-2.013,-0.518,10.500
-1.992,-0.521,10.500
-2.009,-0.534,10.500
-1.969,-0.532,10.500
-1.967,-0.539,10.500
-1.946,-0.542,10.500
-1.887,-0.533,10.500
-1.960,-0.562,10.500
-1.958,-0.570,10.500
-1.919,-0.567,10.500
-1.935,-0.580,10.500
-1.839,-0.559,10.500
-1.912,-0.589,10.500
-1.909,-0.597,10.500
-2.145,-0.679,10.500
-1.923,-0.618,10.500
-1.921,-0.625,10.500
-1.918,-0.633,10.500
-1.916,-0.640,10.500
-1.895,-0.641,10.500
-2.057,-0.705,10.500
-1.890,-0.656,10.500
-1.906,-0.670,10.500
-2.362,-0.841,10.500
-1.991,-0.718,10.500
-2.096,-0.765,10.500
-1.913,-0.707,10.500
-1.929,-0.721,10.500
-1.908,-0.722,10.500
-1.886,-0.722,10.500
-1.829,-0.708,10.500
-2.042,-0.800,10.500
-2.003,-0.794,10.500
-1.857,-0.744,10.500
-1.872,-0.759,10.500
-2.012,-0.825,10.500
-2.043,-0.847,10.500
-2.023,-0.848,10.500
-2.019,-0.856,10.500
-2.068,-0.886,10.500
-1.995,-0.864,10.500
-2.009,-0.880,10.500
-1.971,-0.872,10.500
-2.370,-1.060,10.500
-1.981,-0.895,10.500
-2.378,-1.086,10.500
-1.991,-0.919,10.500
-2.353,-1.097,10.500
-1.984,-0.934,10.500
-1.980,-0.942,10.500
-1.977,-0.950,10.500
-1.939,-0.941,10.500
-1.969,-0.965,10.500
-1.897,-0.939,10.500
-1.945,-0.972,10.500
-2.381,-1.202,10.500
-1.937,-0.988,10.500
-2.371,-1.221,10.500
-1.963,-1.020,10.500
-2.283,-1.198,10.500
-1.938,-1.027,10.500
-2.115,-1.131,10.500
-1.946,-1.051,10.500
-1.926,-1.049,10.500
-2.053,-1.129,10.500
-2.065,-1.146,10.500
-1.930,-1.081,10.500
-1.892,-1.070,10.500
-1.872,-1.068,10.500
-1.900,-1.094,10.500
-1.896,-1.102,10.500
-1.941,-1.138,10.500
-1.920,-1.136,10.500
-1.932,-1.153,10.500
-1.959,-1.180,10.500
-2.018,-1.226,10.500
-1.982,-1.215,10.500
-1.993,-1.232,10.500
-2.019,-1.260,10.500
-1.999,-1.258,10.500
-1.962,-1.246,10.500
-1.973,-1.263,10.500
-2.045,-1.321,10.500
-2.322,-1.513,10.500
-2.035,-1.337,10.500
-1.984,-1.315,10.500
-1.933,-1.292,10.500
-2.004,-1.351,10.500
-1.938,-1.317,10.500
-1.840,-1.261,10.500
-1.927,-1.332,10.500
-1.922,-1.340,10.500
-1.947,-1.369,10.500
-1.957,-1.387,10.500
-1.906,-1.362,10.500
-1.901,-1.370,10.500
-1.925,-1.399,10.500
-2.080,-1.524,10.500
-1.944,-1.436,10.500
-1.894,-1.410,10.500
-2.161,-1.622,10.500
-1.912,-1.447,10.500
-2.203,-1.681,10.500
-1.827,-1.406,10.500
-1.880,-1.459,10.500
-1.846,-1.443,10.500
-1.840,-1.450,10.500
-2.005,-1.593,10.500
-2.013,-1.612,10.500
-1.823,-1.472,10.500
-1.817,-1.479,10.500
-1.994,-1.636,10.500
-1.987,-1.644,10.500
-1.814,-1.512,10.500
-1.988,-1.671,10.500
-2.128,-1.803,10.500
-1.934,-1.651,10.500
-1.776,-1.528,10.500
-1.948,-1.690,10.500
-1.941,-1.698,10.500
-1.935,-1.705,10.500
-1.861,-1.653,10.500
-2.065,-1.849,10.500
-1.767,-1.595,10.500
-2.163,-1.968,10.500
-1.914,-1.755,10.500
-2.172,-2.007,10.500
-1.887,-1.758,10.500
-2.144,-2.013,10.500
-1.886,-1.785,10.500
-1.827,-1.743,10.500
-1.859,-1.787,10.500
-1.852,-1.794,10.500
-2.140,-2.090,10.500
-2.132,-2.098,10.500
-1.793,-1.778,10.500
-2.139,-2.138,10.500
-1.829,-1.843,10.500
-2.099,-2.131,10.500
-1.827,-1.870,10.500
-2.070,-2.136,10.500
-1.751,-1.820,10.500
-1.793,-1.878,10.500
-1.773,-1.873,10.500
-1.766,-1.879,10.500
-1.722,-1.847,10.500
-1.846,-1.997,10.500
-1.756,-1.913,10.500
-1.935,-2.125,10.500
-1.764,-1.953,10.500
-1.721,-1.920,10.500
-1.749,-1.967,10.500
-1.718,-1.947,10.500
-1.733,-1.981,10.500
-1.691,-1.947,10.500
-1.775,-2.060,10.500
-1.698,-1.987,10.500
-1.759,-2.074,10.500
-1.660,-1.974,10.500
-1.641,-1.966,10.500
-1.633,-1.973,10.500
-1.625,-1.979,10.500
-1.900,-2.332,10.500
-1.632,-2.020,10.500
-1.871,-2.334,10.500
-1.627,-2.046,10.500
-1.853,-2.348,10.500
-1.665,-2.128,10.500
-1.570,-2.023,10.500
-1.573,-2.043,10.500
-1.672,-2.189,10.500
-1.663,-2.195,10.500
-1.560,-2.076,10.500
-1.530,-2.053,10.500
-1.617,-2.187,10.500
-1.546,-2.108,10.500
-1.817,-2.499,10.500
-1.508,-2.092,10.500
-1.572,-2.198,10.500
-1.573,-2.218,10.500
-1.494,-2.124,10.500
-1.566,-2.245,10.500
-1.517,-2.193,10.500
-1.538,-2.243,10.500
-1.520,-2.234,10.500
-1.501,-2.226,10.500
-1.512,-2.260,10.500
-1.493,-2.252,10.500
-1.513,-2.301,10.500
-1.696,-2.602,10.500
-1.410,-2.181,10.500
-1.711,-2.670,10.500
-1.458,-2.295,10.500
-1.449,-2.301,10.500
-1.431,-2.292,10.500
-1.431,-2.312,10.500
-1.422,-2.318,10.500
-1.449,-2.383,10.500
-1.422,-2.359,10.500
-1.395,-2.335,10.500
-1.394,-2.355,10.500
-1.376,-2.345,10.500
-1.385,-2.381,10.500
-1.358,-2.356,10.500
-1.357,-2.377,10.500
-1.322,-2.336,10.500
-1.330,-2.372,10.500
-1.312,-2.362,10.500
-1.320,-2.398,10.500
-1.302,-2.387,10.500
-1.469,-2.718,10.500
-1.275,-2.382,10.500
-1.455,-2.744,10.500
-1.248,-2.377,10.500
-1.255,-2.413,10.500
-1.246,-2.417,10.500
-1.244,-2.438,10.500
-1.227,-2.427,10.500
-1.225,-2.447,10.500
-1.208,-2.437,10.500
-1.198,-2.441,10.500
-1.196,-2.462,10.500
-1.194,-2.482,10.500
-1.342,-2.819,10.500
-1.167,-2.476,10.500
-1.313,-2.815,10.500
-1.133,-2.453,10.500
-1.145,-2.505,10.500
-1.287,-2.845,10.500
-1.132,-2.530,10.500
-1.245,-2.810,10.500
-1.119,-2.554,10.500
-1.236,-2.850,10.500
-1.079,-2.515,10.500
-1.049,-2.471,10.500
-1.059,-2.524,10.500
-1.056,-2.544,10.500
-1.059,-2.580,10.500
-1.168,-2.878,10.500
-1.039,-2.588,10.500
-1.146,-2.887,10.500
-1.134,-2.891,10.500
-1.081,-2.789,10.500
-1.010,-2.636,10.500
-1.162,-3.069,10.500
-1.089,-2.909,10.500
-0.967,-2.615,10.500
-0.933,-2.554,10.500
-0.964,-2.671,10.500
-0.993,-2.786,10.500
-0.897,-2.549,10.500
-0.938,-2.698,10.500
-0.877,-2.556,10.500
-0.878,-2.592,10.500
-0.868,-2.595,10.500
-0.853,-2.582,10.500
-0.837,-2.569,10.500
-0.816,-2.539,10.500
-0.822,-2.592,10.500
-0.858,-2.743,10.500
-0.963,-3.121,10.500
-0.822,-2.701,10.500
-0.916,-3.052,10.500
-0.761,-2.574,10.500
-0.910,-3.121,10.500
-0.807,-2.811,10.500
-0.846,-2.989,10.500
-0.772,-2.768,10.500
-0.827,-3.011,10.500
-0.746,-2.758,10.500
-0.690,-2.594,10.500
-0.787,-3.005,10.500
-0.692,-2.684,10.500
-0.706,-2.786,10.500
-0.645,-2.588,10.500
-0.644,-2.624,10.500
-0.762,-3.160,10.500
-0.643,-2.713,10.500
-0.701,-3.009,10.500
-0.610,-2.668,10.500
-0.719,-3.202,10.500
-0.611,-2.773,10.500
-0.625,-2.891,10.500
-0.597,-2.811,10.500
-0.554,-2.662,10.500
-0.631,-3.091,10.500
-0.526,-2.633,10.500
-0.622,-3.174,10.500
-0.502,-2.619,10.500
-0.576,-3.069,10.500
-0.519,-2.827,10.500
-0.552,-3.073,10.500
-0.482,-2.747,10.500
-0.448,-2.611,10.500
-0.475,-2.834,10.500
-0.444,-2.718,10.500
-0.428,-2.686,10.500
-0.415,-2.670,10.500
-0.407,-2.689,10.500
-0.392,-2.656,10.500
-0.408,-2.845,10.500
-0.399,-2.863,10.500
-0.436,-3.221,10.500
-0.357,-2.713,10.500
-0.393,-3.081,10.500
-0.335,-2.716,10.500
-0.319,-2.666,10.500
-0.314,-2.719,10.500
-0.305,-2.737,10.500
-0.300,-2.790,10.500
-0.268,-2.583,10.500
-0.264,-2.654,10.500
-0.259,-2.707,10.500
-0.285,-3.109,10.500
-0.239,-2.726,10.500
-0.259,-3.095,10.500
-0.222,-2.780,10.500
-0.206,-2.712,10.500
-0.200,-2.781,10.500
-0.194,-2.850,10.500
-0.173,-2.697,10.500
-0.164,-2.732,10.500
-0.154,-2.733,10.500
-0.143,-2.733,10.500
-0.130,-2.681,10.500
-0.121,-2.717,10.500
-0.116,-2.871,10.500
-0.100,-2.735,10.500
-0.089,-2.718,10.500
-0.079,-2.736,10.500
-0.065,-2.631,10.500
-0.058,-2.788,10.500
-0.053,-3.106,10.500
-0.041,-3.122,10.500
-0.025,-2.719,10.500
-0.014,-2.667,10.500
-0.004,-2.754,10.500
0.007,-2.667,10.500
0.018,-2.702,10.500
0.028,-2.684,10.500
0.039,-2.719,10.500
0.050,-2.702,10.500
0.063,-2.822,10.500
0.068,-2.613,10.500
0.081,-2.701,10.500
0.093,-2.735,10.500
0.103,-2.718,10.500
0.115,-2.752,10.500
0.124,-2.717,10.500
0.132,-2.646,10.500
0.145,-2.698,10.500
0.157,-2.732,10.500
0.170,-2.766,10.500
0.178,-2.714,10.500
0.190,-2.730,10.500
0.199,-2.712,10.500
0.208,-2.694,10.500
0.220,-2.711,10.500
0.231,-2.710,10.500
0.245,-2.743,10.500
0.247,-2.656,10.500
0.263,-2.707,10.500
0.272,-2.688,10.500
0.284,-2.705,10.500
0.285,-2.616,10.500
0.309,-2.737,10.500
0.312,-2.666,10.500
0.324,-2.683,10.500
0.339,-2.716,10.500
0.332,-2.575,10.500
0.347,-2.609,10.500
0.364,-2.660,10.500
0.379,-2.693,10.500
0.390,-2.691,10.500
0.400,-2.690,10.500
0.392,-2.567,10.500
0.394,-2.512,10.500
0.401,-2.493,10.500
0.445,-2.700,10.500
0.418,-2.472,10.500
0.463,-2.680,10.500
0.449,-2.539,10.500
0.488,-2.693,10.500
0.469,-2.536,10.500
0.473,-2.499,10.500
0.526,-2.721,10.500
0.499,-2.530,10.500
0.509,-2.528,10.500
0.526,-2.561,10.500
0.533,-2.541,10.500
0.543,-2.539,10.500
0.549,-2.520,10.500
0.547,-2.465,10.500
0.568,-2.515,10.500
0.578,-2.513,10.500
0.596,-2.545,10.500
0.598,-2.509,10.500
0.616,-2.541,10.500
0.613,-2.486,10.500
0.627,-2.501,10.500
0.615,-2.412,10.500
0.647,-2.496,10.500
0.601,-2.284,10.500
0.667,-2.491,10.500
0.676,-2.489,10.500
0.691,-2.503,10.500
0.701,-2.500,10.500
0.701,-2.463,10.500
0.710,-2.460,10.500
0.730,-2.492,10.500
0.735,-2.472,10.500
0.660,-2.190,10.500
0.733,-2.398,10.500
0.688,-2.220,10.500
0.719,-2.288,10.500
0.778,-2.440,10.500
0.798,-2.471,10.500
0.723,-2.209,10.500
0.738,-2.224,10.500
0.746,-2.221,10.500
0.882,-2.591,10.500
0.903,-2.620,10.500
0.772,-2.212,10.500
0.992,-2.804,10.500
0.839,-2.343,10.500
0.792,-2.185,10.500
0.888,-2.421,10.500
0.809,-2.179,10.500
0.824,-2.193,10.500
0.846,-2.224,10.500
0.848,-2.204,10.500
0.809,-2.079,10.500
1.016,-2.579,10.500
0.867,-2.177,10.500
1.049,-2.602,10.500
0.966,-2.372,10.500
1.056,-2.562,10.500
0.908,-2.180,10.500
0.895,-2.125,10.500
0.918,-2.156,10.500
0.927,-2.152,10.500
0.898,-2.063,10.500
0.951,-2.162,10.500
0.875,-1.969,10.500
0.899,-2.000,10.500
0.969,-2.133,10.500
0.985,-2.146,10.500
1.016,-2.192,10.500
0.930,-1.986,10.500
1.002,-2.118,10.500
1.073,-2.246,10.500
0.970,-2.009,10.500
1.184,-2.429,10.500
0.969,-1.967,10.500
1.027,-2.065,10.500
0.993,-1.977,10.500
0.983,-1.939,10.500
1.216,-2.374,10.500
1.007,-1.948,10.500
1.193,-2.286,10.500
1.049,-1.990,10.500
1.030,-1.936,10.500
1.038,-1.932,10.500
1.036,-1.911,10.500
0.988,-1.806,10.500
1.042,-1.886,10.500
1.077,-1.932,10.500
1.066,-1.895,10.500
1.073,-1.891,10.500
0.994,-1.736,10.500
1.098,-1.899,10.500
1.105,-1.894,10.500
1.025,-1.741,10.500
1.130,-1.902,10.500
1.028,-1.716,10.500
0.994,-1.645,10.500
1.258,-2.063,10.500
1.079,-1.753,10.500
1.294,-2.084,10.500
1.072,-1.712,10.500
1.079,-1.708,10.500
1.086,-1.704,10.500
1.092,-1.699,10.500
1.109,-1.711,10.500
1.116,-1.707,10.500
1.080,-1.637,10.500
1.119,-1.682,10.500
1.158,-1.726,10.500
1.374,-2.032,10.500
1.138,-1.669,10.500
1.254,-1.822,10.500
1.163,-1.676,10.500
1.169,-1.671,10.500
1.119,-1.586,10.500
1.102,-1.550,10.500
1.097,-1.529,10.500
1.184,-1.637,10.500
1.144,-1.569,10.500
1.138,-1.548,10.500
1.109,-1.496,10.500
1.103,-1.475,10.500
1.121,-1.487,10.500
1.078,-1.419,10.500
1.120,-1.462,10.500
1.223,-1.583,10.500
1.156,-1.485,10.500
1.162,-1.481,10.500
1.155,-1.460,10.500
1.173,-1.471,10.500
1.167,-1.451,10.500
1.463,-1.806,10.500
1.140,-1.395,10.500
1.394,-1.693,10.500
1.151,-1.386,10.500
1.156,-1.382,10.500
1.096,-1.299,10.500
1.128,-1.326,10.500
1.106,-1.291,10.500
1.151,-1.333,10.500
1.048,-1.204,10.500
1.241,-1.415,10.500
1.126,-1.273,10.500
1.104,-1.238,10.500
1.095,-1.218,10.500
1.114,-1.230,10.500
1.282,-1.405,10.500
1.123,-1.221,10.500
1.100,-1.186,10.500
1.119,-1.197,10.500
1.037,-1.101,10.500
1.142,-1.203,10.500
1.060,-1.108,10.500
1.180,-1.224,10.500
1.199,-1.234,10.500
1.190,-1.214,10.500
1.378,-1.395,10.500
1.185,-1.190,10.500
1.417,-1.412,10.500
1.090,-1.079,10.500
1.414,-1.387,10.500
1.099,-1.070,10.500
1.118,-1.080,10.500
1.092,-1.047,10.500
1.111,-1.057,10.500
0.976,-0.921,10.500
1.120,-1.048,10.500
0.983,-0.913,10.500
1.128,-1.039,10.500
0.974,-0.891,10.500
1.120,-1.016,10.500
0.981,-0.883,10.500
0.984,-0.879,10.500
0.988,-0.875,10.500
0.757,-0.666,10.500
0.862,-0.752,10.500
0.982,-0.849,10.500
1.001,-0.860,10.500
0.904,-0.770,10.500
1.025,-0.866,10.500
0.893,-0.749,10.500
1.244,-1.034,10.500
1.280,-1.056,10.500
0.868,-0.710,10.500
1.414,-1.148,10.500
1.292,-1.040,10.500
0.911,-0.728,10.500
1.268,-1.005,10.500
0.917,-0.720,10.500
1.292,-1.007,10.500
0.851,-0.658,10.500
0.907,-0.696,10.500
1.287,-0.980,10.500
0.731,-0.552,10.500
1.160,-0.868,10.500
0.736,-0.546,10.500
1.302,-0.959,10.500
0.759,-0.554,10.500
1.173,-0.850,10.500
1.330,-0.956,10.500
1.368,-0.975,10.500
1.148,-0.812,10.500
0.577,-0.405,10.500
0.752,-0.523,10.500
1.193,-0.822,10.500
1.035,-0.708,10.500
0.603,-0.409,10.500
0.912,-0.613,10.500
0.801,-0.534,10.500
1.046,-0.691,10.500
0.786,-0.515,10.500
1.070,-0.695,10.500
0.593,-0.382,10.500
0.926,-0.591,10.500
0.616,-0.390,10.500
1.006,-0.631,10.500
0.659,-0.410,10.500
0.477,-0.294,10.500
0.458,-0.280,10.500
0.459,-0.278,10.500
0.439,-0.264,10.500
0.461,-0.274,10.500
1.042,-0.615,10.500
0.650,-0.380,10.500
0.872,-0.505,10.500
0.250,-0.143,10.500
0.294,-0.167,10.500
0.957,-0.539,10.500
0.760,-0.424,10.500
0.095,-0.053,10.500
0.844,-0.463,10.500
0.493,-0.268,10.500
0.766,-0.412,10.500
0.276,-0.147,10.500
0.299,-0.158,10.500
0.277,-0.145,10.500
0.300,-0.156,10.500
0.301,-0.154,10.500
0.074,-0.037,10.500
0.091,-0.046,10.500
0.051,-0.025,10.500
0.190,-0.094,10.500
0.121,-0.059,10.500
0.191,-0.092,10.500
0.282,-0.135,10.500
0.168,-0.080,10.500
0.306,-0.144,10.500
0.092,-0.043,10.500
0.051,-0.024,10.500
0.075,-0.034,10.500
0.399,-0.180,10.500
0.099,-0.044,10.500
0.028,-0.012,10.500
0.242,-0.105,10.500
0.447,-0.193,10.500
0.344,-0.147,10.500
0.045,-0.019,10.500
0.396,-0.165,10.500
0.196,-0.081,10.500
0.320,-0.131,10.500
0.245,-0.099,10.500
0.477,-0.190,10.500
0.451,-0.178,10.500
0.348,-0.136,10.500
0.077,-0.030,10.500
0.401,-0.153,10.500
0.053,-0.020,10.500
0.561,-0.209,10.500
0.752,-0.277,10.500
0.536,-0.195,10.500
0.537,-0.193,10.500
0.223,-0.079,10.500
0.981,-0.343,10.500
0.432,-0.149,10.500
0.540,-0.184,10.500
0.433,-0.146,10.500
0.760,-0.253,10.500
1.016,-0.334,10.500
0.790,-0.256,10.500
1.048,-0.335,10.500
1.285,-0.405,10.500
0.964,-0.300,10.500
1.110,-0.340,10.500
1.170,-0.354,10.500
1.322,-0.394,10.500
0.882,-0.259,10.500
0.826,-0.239,10.500
0.999,-0.285,10.500
1.059,-0.298,10.500
1.545,-0.428,10.500
1.240,-0.338,10.500
1.771,-0.475,10.500
1.303,-0.344,10.500
1.583,-0.412,10.500
1.585,-0.406,10.500
1.307,-0.329,10.500
1.525,-0.377,10.500
1.526,-0.371,10.500
1.496,-0.358,10.500
1.688,-0.397,10.500
1.984,-0.458,10.500
1.073,-0.243,10.500
1.533,-0.341,10.500
1.566,-0.342,10.500
1.631,-0.350,10.500
1.893,-0.398,10.500
1.829,-0.377,10.500
1.896,-0.383,10.500
1.019,-0.202,10.500
1.899,-0.369,10.500
1.901,-0.361,10.500
1.969,-0.366,10.500
2.174,-0.395,10.500
1.905,-0.339,10.500
2.177,-0.378,10.500
2.178,-0.370,10.500
1.909,-0.316,10.500
2.426,-0.392,10.500
2.252,-0.355,10.500
2.646,-0.407,10.500
1.913,-0.286,10.500
1.914,-0.279,10.500
2.469,-0.350,10.500
2.837,-0.391,10.500
2.156,-0.288,10.500
2.473,-0.321,10.500
2.767,-0.348,10.500
2.512,-0.306,10.500
2.513,-0.296,10.500
2.514,-0.286,10.500
2.809,-0.308,10.500
2.552,-0.270,10.500
2.553,-0.260,10.500
1.248,-0.122,10.500
2.519,-0.237,10.500
2.028,-0.183,10.500
3.120,-0.268,10.500
1.728,-0.142,10.500
3.122,-0.244,10.500
2.065,-0.153,10.500
3.281,-0.230,10.500
3.522,-0.234,10.500
2.033,-0.127,10.500
2.526,-0.148,10.500
2.347,-0.128,10.500
2.822,-0.143,10.500
1.966,-0.092,10.500
3.013,-0.129,10.500
3.326,-0.129,10.500
2.602,-0.091,10.500
3.488,-0.108,10.500
3.248,-0.088,10.500
2.279,-0.053,10.500
3.170,-0.061,10.500
2.422,-0.037,10.500
3.903,-0.044,10.500
3.171,-0.023,10.500
3.571,-0.012,10.500
2.603,0.001,10.500
3.249,0.014,10.500
6.913,0.057,11.000
7.564,0.092,11.000
7.028,0.113,11.000
8.061,0.162,11.000
5.978,0.143,11.000
8.648,0.241,11.000
6.627,0.211,11.000
7.259,0.260,11.000
8.578,0.340,11.000
7.557,0.330,11.000
5.714,0.272,11.000
6.734,0.347,11.000
5.311,0.294,11.000
6.181,0.367,11.000
5.608,0.355,11.000
8.699,0.585,11.000
8.832,0.628,11.000
6.951,0.522,11.000
7.541,0.596,11.000
8.357,0.694,11.000
7.415,0.645,11.000
7.966,0.724,11.000
8.090,0.767,11.000
7.467,0.738,11.000
8.473,0.871,11.000
8.145,0.869,11.000
9.145,1.012,11.000
8.331,0.955,11.000
8.998,1.068,11.000
7.388,0.906,11.000
8.650,1.095,11.000
8.712,1.138,11.000
7.679,1.034,11.000
6.187,0.857,11.000
7.428,1.059,11.000
7.545,1.106,11.000
7.847,1.182,11.000
7.475,1.156,11.000
7.411,1.176,11.000
6.218,1.011,11.000
8.143,1.357,11.000
5.895,1.006,11.000
6.206,1.084,11.000
9.057,1.619,11.000
5.184,0.948,11.000
6.087,1.138,11.000
7.982,1.524,11.000
9.170,1.788,11.000
5.968,1.188,11.000
7.901,1.605,11.000
7.112,1.474,11.000
5.954,1.258,11.000
8.327,1.794,11.000
5.100,1.120,11.000
9.541,2.134,11.000
7.924,1.805,11.000
8.559,1.985,11.000
7.602,1.794,11.000
8.090,1.943,11.000
6.550,1.601,11.000
7.223,1.795,11.000
7.879,1.991,11.000
7.505,1.928,11.000
10.504,2.742,11.000
7.732,2.051,11.000
7.071,1.905,11.000
9.219,2.523,11.000
9.349,2.598,11.000
8.262,2.331,11.000
9.907,2.837,11.000
8.971,2.607,11.000
7.139,2.105,11.000
10.021,2.998,11.000
8.737,2.651,11.000
9.997,3.076,11.000
9.263,2.890,11.000
10.583,3.347,11.000
9.310,2.985,11.000
8.164,2.653,11.000
9.147,3.012,11.000
9.067,3.025,11.000
8.132,2.749,11.000
7.996,2.738,11.000
7.204,2.498,11.000
10.319,3.624,11.000
7.778,2.766,11.000
8.525,3.069,11.000
11.391,4.151,11.000
7.745,2.857,11.000
7.918,2.956,11.000
8.673,3.277,11.000
10.445,3.993,11.000
9.829,3.802,11.000
7.216,2.824,11.000
9.726,3.850,11.000
8.873,3.553,11.000
8.334,3.375,11.000
7.520,3.080,11.000
9.592,3.972,11.000
7.496,3.139,11.000
8.869,3.754,11.000
7.892,3.377,11.000
8.640,3.738,11.000
6.710,2.934,11.000
8.352,3.691,11.000
8.595,3.839,11.000
9.463,4.271,11.000
9.376,4.276,11.000
10.772,4.964,11.000
8.469,3.943,11.000
10.732,5.048,11.000
9.377,4.456,11.000
7.326,3.517,11.000
7.665,3.716,11.000
6.903,3.380,11.000
10.098,4.994,11.000
6.236,3.115,11.000
4.447,2.243,11.000
2.825,1.439,11.000
2.513,1.292,11.000
1.717,0.891,11.000
4.799,2.515,11.000
8.070,4.271,11.000
12.736,6.804,11.000
10.439,5.630,11.000
9.535,5.190,11.000
8.699,4.780,11.000
8.615,4.778,11.000
10.350,5.793,11.000
9.881,5.581,11.000
6.840,3.899,11.000
12.516,7.200,11.000
7.658,4.445,11.000
9.578,5.610,11.000
7.564,4.470,11.000
8.851,5.278,11.000
7.884,4.743,11.000
9.419,5.717,11.000
10.189,6.239,11.000
9.443,5.834,11.000
8.616,5.369,11.000
9.328,5.864,11.000
8.133,5.158,11.000
7.402,4.734,11.000
8.855,5.713,11.000
