X,Y,Z
# Scan parameters: Height: 20cm, Layer height: 0.50cm
# Data points below:
6.164,0.000,0.000
6.149,0.024,0.000
6.288,0.049,0.000
6.211,0.073,0.000
6.367,0.100,0.000
6.184,0.121,0.000
6.220,0.147,0.000
6.326,0.174,0.000
6.208,0.195,0.000
6.339,0.224,0.000
6.222,0.244,0.000
6.327,0.273,0.000
6.220,0.293,0.000
6.203,0.317,0.000
6.207,0.342,0.000
6.211,0.366,0.000
6.326,0.398,0.000
6.208,0.415,0.000
6.322,0.448,0.000
6.290,0.470,0.000
6.258,0.493,0.000
6.266,0.518,0.000
6.249,0.541,0.000
6.377,0.578,0.000
6.250,0.591,0.000
6.252,0.616,0.000
6.245,0.640,0.000
6.372,0.678,0.000
6.250,0.690,0.000
6.242,0.714,0.000
6.363,0.753,0.000
6.231,0.762,0.000
6.238,0.788,0.000
6.205,0.809,0.000
6.222,0.836,0.000
6.218,0.860,0.000
6.215,0.885,0.000
6.369,0.932,0.000
6.287,0.945,0.000
6.386,0.986,0.000
6.280,0.995,0.000
6.271,1.018,0.000
6.383,1.062,0.000
6.263,1.068,0.000
6.332,1.105,0.000
6.230,1.112,0.000
6.250,1.141,0.000
6.240,1.165,0.000
6.236,1.190,0.000
6.356,1.238,0.000
6.408,1.275,0.000
6.207,1.260,0.000
6.298,1.304,0.000
6.269,1.324,0.000
6.274,1.351,0.000
6.382,1.400,0.000
6.258,1.399,0.000
6.394,1.456,0.000
6.256,1.450,0.000
6.246,1.474,0.000
6.226,1.495,0.000
6.352,1.551,0.000
6.228,1.547,0.000
6.362,1.607,0.000
6.221,1.597,0.000
6.228,1.625,0.000
6.288,1.667,0.000
6.309,1.699,0.000
6.265,1.714,0.000
6.244,1.735,0.000
6.338,1.788,0.000
6.249,1.789,0.000
6.237,1.812,0.000
6.230,1.837,0.000
6.218,1.860,0.000
6.197,1.880,0.000
6.203,1.908,0.000
6.196,1.933,0.000
6.188,1.957,0.000
6.176,1.980,0.000
6.299,2.047,0.000
6.237,2.054,0.000
6.220,2.075,0.000
6.217,2.101,0.000
6.310,2.160,0.000
6.262,2.171,0.000
6.301,2.213,0.000
6.280,2.233,0.000
6.170,2.221,0.000
6.165,2.247,0.000
6.152,2.270,0.000
6.248,2.333,0.000
6.230,2.354,0.000
6.129,2.344,0.000
6.284,2.431,0.000
6.106,2.390,0.000
6.088,2.410,0.000
6.083,2.436,0.000
6.078,2.462,0.000
6.068,2.486,0.000
6.162,2.552,0.000
6.105,2.557,0.000
6.090,2.579,0.000
6.093,2.608,0.000
6.180,2.674,0.000
6.064,2.652,0.000
6.163,2.724,0.000
6.043,2.700,0.000
6.032,2.724,0.000
6.000,2.738,0.000
6.098,2.811,0.000
6.004,2.796,0.000
6.093,2.867,0.000
6.077,2.889,0.000
5.970,2.867,0.000
6.050,2.935,0.000
5.960,2.920,0.000
5.986,2.962,0.000
5.991,2.993,0.000
6.068,3.062,0.000
5.959,3.036,0.000
6.043,3.109,0.000
6.035,3.135,0.000
5.923,3.106,0.000
5.910,3.129,0.000
5.890,3.148,0.000
5.882,3.174,0.000
5.925,3.227,0.000
5.960,3.276,0.000
5.892,3.269,0.000
5.972,3.345,0.000
5.963,3.370,0.000
5.857,3.341,0.000
5.932,3.415,0.000
5.826,3.384,0.000
5.917,3.468,0.000
5.796,3.428,0.000
5.805,3.464,0.000
5.830,3.510,0.000
5.820,3.535,0.000
5.896,3.613,0.000
5.800,3.585,0.000
5.867,3.659,0.000
5.775,3.633,0.000
5.750,3.649,0.000
5.791,3.707,0.000
5.776,3.730,0.000
5.754,3.748,0.000
5.736,3.768,0.000
5.815,3.852,0.000
5.796,3.873,0.000
5.702,3.842,0.000
5.680,3.860,0.000
5.711,3.914,0.000
5.678,3.924,0.000
5.669,3.951,0.000
5.664,3.981,0.000
5.742,4.070,0.000
5.740,4.102,0.000
5.690,4.100,0.000
5.791,4.207,0.000
5.644,4.134,0.000
5.624,4.154,0.000
5.724,4.263,0.000
5.588,4.195,0.000
5.704,4.317,0.000
5.608,4.280,0.000
5.657,4.352,0.000
5.574,4.324,0.000
5.632,4.404,0.000
5.540,4.368,0.000
5.520,4.387,0.000
5.528,4.429,0.000
5.527,4.464,0.000
5.588,4.549,0.000
5.495,4.510,0.000
5.555,4.596,0.000
5.497,4.584,0.000
5.485,4.611,0.000
5.470,4.635,0.000
5.449,4.654,0.000
5.424,4.670,0.000
5.409,4.694,0.000
5.406,4.728,0.000
5.485,4.836,0.000
5.392,4.792,0.000
5.373,4.813,0.000
5.404,4.879,0.000
5.374,4.890,0.000
5.431,4.981,0.000
5.344,4.940,0.000
5.398,5.029,0.000
5.339,5.013,0.000
5.322,5.037,0.000
5.302,5.058,0.000
5.282,5.079,0.000
5.301,5.137,0.000
5.272,5.150,0.000
5.322,5.239,0.000
5.312,5.270,0.000
5.225,5.225,0.000
5.241,5.283,0.000
5.213,5.295,0.000
5.192,5.316,0.000
5.276,5.444,0.000
5.191,5.399,0.000
5.157,5.406,0.000
5.154,5.445,0.000
5.120,5.452,0.000
5.103,5.477,0.000
5.139,5.559,0.000
5.119,5.582,0.000
5.100,5.605,0.000
5.012,5.551,0.000
4.997,5.579,0.000
4.968,5.591,0.000
5.016,5.689,0.000
4.962,5.674,0.000
4.907,5.654,0.000
4.882,5.671,0.000
4.857,5.687,0.000
4.894,5.776,0.000
4.786,5.694,0.000
4.759,5.707,0.000
4.736,5.725,0.000
4.714,5.744,0.000
4.684,5.754,0.000
4.729,5.856,0.000
4.646,5.799,0.000
4.621,5.814,0.000
4.632,5.876,0.000
4.545,5.812,0.000
4.545,5.859,0.000
4.590,5.965,0.000
4.478,5.868,0.000
4.532,5.987,0.000
4.479,5.966,0.000
4.436,5.956,0.000
4.470,6.051,0.000
4.446,6.069,0.000
4.365,6.008,0.000
4.344,6.028,0.000
4.318,6.042,0.000
4.333,6.114,0.000
4.277,6.085,0.000
4.223,6.059,0.000
4.248,6.146,0.000
4.173,6.089,0.000
4.202,6.183,0.000
4.125,6.121,0.000
4.143,6.200,0.000
4.075,6.150,0.000
4.104,6.248,0.000
4.022,6.176,0.000
3.991,6.182,0.000
3.961,6.188,0.000
3.955,6.232,0.000
3.900,6.199,0.000
3.880,6.221,0.000
3.861,6.246,0.000
3.880,6.332,0.000
3.806,6.266,0.000
3.777,6.274,0.000
3.739,6.266,0.000
3.805,6.434,0.000
3.703,6.318,0.000
3.649,6.282,0.000
3.622,6.293,0.000
3.604,6.318,0.000
3.596,6.362,0.000
3.558,6.353,0.000
3.529,6.360,0.000
3.504,6.373,0.000
3.520,6.462,0.000
3.452,6.397,0.000
3.429,6.414,0.000
3.392,6.407,0.000
3.427,6.533,0.000
3.327,6.405,0.000
3.347,6.505,0.000
3.275,6.427,0.000
3.253,6.447,0.000
3.226,6.457,0.000
3.246,6.561,0.000
3.168,6.467,0.000
3.159,6.512,0.000
3.128,6.514,0.000
3.141,6.607,0.000
3.073,6.531,0.000
3.091,6.635,0.000
3.037,6.587,0.000
2.993,6.559,0.000
2.982,6.604,0.000
2.913,6.520,0.000
2.936,6.641,0.000
2.872,6.565,0.000
2.846,6.576,0.000
2.823,6.595,0.000
2.788,6.583,0.000
2.765,6.602,0.000
2.779,6.709,0.000
2.716,6.631,0.000
2.693,6.649,0.000
2.697,6.734,0.000
2.635,6.655,0.000
2.607,6.661,0.000
2.620,6.772,0.000
2.553,6.678,0.000
2.527,6.688,0.000
2.556,6.847,0.000
2.462,6.673,0.000
2.431,6.671,0.000
2.408,6.688,0.000
2.379,6.690,0.000
2.386,6.795,0.000
2.329,6.716,0.000
2.304,6.729,0.000
2.268,6.711,0.000
2.254,6.755,0.000
2.223,6.752,0.000
2.195,6.757,0.000
2.173,6.777,0.000
2.170,6.863,0.000
2.117,6.786,0.000
2.090,6.794,0.000
2.064,6.802,0.000
2.065,6.904,0.000
1.994,6.763,0.000
1.972,6.787,0.000
1.939,6.774,0.000
1.914,6.786,0.000
1.915,6.892,0.000
1.858,6.793,0.000
1.830,6.796,0.000
1.835,6.922,0.000
1.779,6.818,0.000
1.778,6.925,0.000
1.726,6.832,0.000
1.700,6.843,0.000
1.675,6.857,0.000
1.646,6.856,0.000
1.643,6.962,0.000
1.591,6.864,0.000
1.562,6.863,0.000
1.564,6.997,0.000
1.511,6.887,0.000
1.472,6.839,0.000
1.456,6.894,0.000
1.418,6.847,0.000
1.391,6.852,0.000
1.362,6.845,0.000
1.339,6.871,0.000
1.329,6.966,0.000
1.279,6.852,0.000
1.276,6.985,0.000
1.228,6.875,0.000
1.203,6.892,0.000
1.193,6.999,0.000
1.149,6.901,0.000
1.121,6.901,0.000
1.094,6.906,0.000
1.065,6.902,0.000
1.056,7.021,0.000
1.012,6.914,0.000
0.986,6.926,0.000
0.959,6.930,0.000
0.945,7.033,0.000
0.894,6.861,0.000
0.873,6.911,0.000
0.841,6.876,0.000
0.814,6.880,0.000
0.787,6.879,0.000
0.770,6.971,0.000
0.733,6.885,0.000
0.707,6.896,0.000
0.679,6.894,0.000
0.652,6.901,0.000
0.635,7.009,0.000
0.598,6.902,0.000
0.579,7.006,0.000
0.544,6.911,0.000
0.524,7.014,0.000
0.489,6.910,0.000
0.462,6.904,0.000
0.435,6.918,0.000
0.414,7.018,0.000
0.380,6.913,0.000
0.353,6.914,0.000
0.327,6.924,0.000
0.303,7.011,0.000
0.276,7.020,0.000
0.245,6.928,0.000
0.221,7.043,0.000
0.191,6.934,0.000
0.166,7.032,0.000
0.136,6.926,0.000
0.108,6.884,0.000
0.083,7.038,0.000
0.054,6.876,0.000
0.028,7.030,0.000
-0.000,7.000,0.000
-0.027,6.915,0.000
-0.055,7.030,0.000
-0.083,7.038,0.000
-0.109,6.936,0.000
-0.138,7.028,0.000
-0.164,6.943,0.000
-0.190,6.917,0.000
-0.218,6.929,0.000
-0.250,7.059,0.000
-0.272,6.931,0.000
-0.304,7.023,0.000
-0.326,6.920,0.000
-0.353,6.910,0.000
-0.381,6.917,0.000
-0.409,6.937,0.000
-0.435,6.914,0.000
-0.461,6.891,0.000
-0.497,7.025,0.000
-0.516,6.908,0.000
-0.551,7.000,0.000
-0.584,7.064,0.000
-0.598,6.902,0.000
-0.623,6.882,0.000
-0.662,7.007,0.000
-0.678,6.882,0.000
-0.707,6.896,0.000
-0.743,6.978,0.000
-0.760,6.882,0.000
-0.786,6.870,0.000
-0.827,6.989,0.000
-0.841,6.872,0.000
-0.868,6.873,0.000
-0.909,6.975,0.000
-0.923,6.870,0.000
-0.949,6.858,0.000
-0.977,6.863,0.000
-1.014,6.927,0.000
-1.032,6.864,0.000
-1.081,7.001,0.000
-1.108,6.993,0.000
-1.121,6.901,0.000
-1.175,7.056,0.000
-1.171,6.867,0.000
-1.204,6.896,0.000
-1.250,6.998,0.000
-1.259,6.895,0.000
-1.282,6.869,0.000
-1.312,6.876,0.000
-1.335,6.854,0.000
-1.363,6.853,0.000
-1.392,6.856,0.000
-1.418,6.847,0.000
-1.441,6.824,0.000
-1.472,6.835,0.000
-1.499,6.834,0.000
-1.529,6.840,0.000
-1.556,6.834,0.000
-1.581,6.819,0.000
-1.605,6.801,0.000
-1.657,6.900,0.000
-1.657,6.784,0.000
-1.691,6.806,0.000
-1.748,6.920,0.000
-1.754,6.833,0.000
-1.806,6.922,0.000
-1.833,6.914,0.000
-1.832,6.800,0.000
-1.874,6.849,0.000
-1.900,6.841,0.000
-1.942,6.885,0.000
-1.969,6.877,0.000
-1.966,6.767,0.000
-1.995,6.767,0.000
-2.017,6.743,0.000
-2.078,6.849,0.000
-2.060,6.695,0.000
-2.081,6.671,0.000
-2.104,6.654,0.000
-2.165,6.754,0.000
-2.141,6.589,0.000
-2.206,6.701,0.000
-2.221,6.656,0.000
-2.199,6.505,0.000
-2.226,6.501,0.000
-2.251,6.492,0.000
-2.249,6.404,0.000
-2.282,6.416,0.000
-2.293,6.369,0.000
-2.310,6.339,0.000
-2.313,6.270,0.000
-2.305,6.174,0.000
-2.374,6.282,0.000
-2.340,6.120,0.000
-2.345,6.062,0.000
-2.407,6.150,0.000
-2.362,5.967,0.000
-2.360,5.893,0.000
-2.422,5.980,0.000
-2.376,5.800,0.000
-2.367,5.714,0.000
-2.377,5.676,0.000
-2.393,5.652,0.000
-2.386,5.575,0.000
-2.393,5.531,0.000
-2.454,5.609,0.000
-2.390,5.407,0.000
-2.427,5.433,0.000
-2.500,5.536,0.000
-2.405,5.271,0.000
-2.389,5.183,0.000
-2.395,5.142,0.000
-2.354,5.003,0.000
-2.387,5.021,0.000
-2.386,4.968,0.000
-2.455,5.061,0.000
-2.398,4.895,0.000
-2.487,5.026,0.000
-2.436,4.876,0.000
-2.453,4.861,0.000
-2.540,4.986,0.000
-2.496,4.852,0.000
-2.518,4.848,0.000
-2.615,4.987,0.000
-2.510,4.740,0.000
-2.643,4.945,0.000
-2.674,4.956,0.000
-2.607,4.786,0.000
-2.626,4.776,0.000
-2.698,4.862,0.000
-2.737,4.887,0.000
-2.682,4.745,0.000
-2.772,4.861,0.000
-2.719,4.724,0.000
-2.734,4.708,0.000
-2.722,4.643,0.000
-2.790,4.718,0.000
-2.864,4.800,0.000
-2.808,4.664,0.000
-2.852,4.695,0.000
-2.848,4.647,0.000
-2.856,4.620,0.000
-2.983,4.783,0.000
-2.951,4.691,0.000
-3.043,4.794,0.000
-2.948,4.606,0.000
-2.913,4.511,0.000
-3.076,4.724,0.000
-3.002,4.571,0.000
-3.130,4.724,0.000
-3.038,4.547,0.000
-3.090,4.586,0.000
-3.112,4.578,0.000
-3.210,4.684,0.000
-3.232,4.676,0.000
-3.169,4.546,0.000
-3.265,4.646,0.000
-3.204,4.521,0.000
-3.211,4.494,0.000
-3.320,4.607,0.000
-3.264,4.493,0.000
-3.349,4.571,0.000
-3.285,4.448,0.000
-3.306,4.440,0.000
-3.327,4.432,0.000
-3.341,4.414,0.000
-3.355,4.396,0.000
-3.368,4.378,0.000
-3.404,4.388,0.000
-3.406,4.356,0.000
-3.431,4.352,0.000
-3.540,4.455,0.000
-3.461,4.320,0.000
-3.486,4.316,0.000
-3.679,4.519,0.000
-3.512,4.279,0.000
-3.529,4.265,0.000
-3.549,4.256,0.000
-3.550,4.224,0.000
-3.586,4.233,0.000
-3.587,4.200,0.000
-3.604,4.186,0.000
-3.718,4.284,0.000
-3.648,4.171,0.000
-3.755,4.259,0.000
-3.772,4.245,0.000
-3.693,4.124,0.000
-3.714,4.113,0.000
-3.726,4.094,0.000
-3.877,4.228,0.000
-3.762,4.069,0.000
-3.887,4.172,0.000
-3.785,4.031,0.000
-3.805,4.020,0.000
-3.907,4.096,0.000
-3.833,3.986,0.000
-3.960,4.086,0.000
-3.976,4.071,0.000
-3.883,3.945,0.000
-3.895,3.925,0.000
-3.910,3.910,0.000
-3.947,3.916,0.000
-3.936,3.875,0.000
-3.956,3.864,0.000
-3.984,3.861,0.000
-3.995,3.841,0.000
-4.083,3.895,0.000
-4.025,3.809,0.000
-4.156,3.903,0.000
-4.046,3.769,0.000
-4.052,3.745,0.000
-4.189,3.842,0.000
-4.094,3.726,0.000
-4.113,3.714,0.000
-4.238,3.796,0.000
-4.142,3.681,0.000
-4.152,3.661,0.000
-4.278,3.742,0.000
-4.181,3.628,0.000
-4.227,3.639,0.000
-4.313,3.684,0.000
-4.223,3.579,0.000
-4.256,3.577,0.000
-4.347,3.625,0.000
-4.265,3.529,0.000
-4.284,3.516,0.000
-4.408,3.589,0.000
-4.335,3.501,0.000
-4.320,3.461,0.000
-4.334,3.444,0.000
-4.343,3.423,0.000
-4.356,3.406,0.000
-4.374,3.393,0.000
-4.392,3.379,0.000
-4.401,3.358,0.000
-4.438,3.359,0.000
-4.446,3.338,0.000
-4.445,3.310,0.000
-4.582,3.384,0.000
-4.471,3.275,0.000
-4.478,3.254,0.000
-4.612,3.323,0.000
-4.504,3.219,0.000
-4.516,3.201,0.000
-4.641,3.262,0.000
-4.537,3.162,0.000
-4.549,3.144,0.000
-4.693,3.217,0.000
-4.588,3.118,0.000
-4.591,3.094,0.000
-4.603,3.075,0.000
-4.615,3.057,0.000
-4.617,3.033,0.000
-4.649,3.028,0.000
-4.640,2.996,0.000
-4.667,2.988,0.000
-4.669,2.963,0.000
-4.691,2.951,0.000
-4.702,2.933,0.000
-4.698,2.905,0.000
-4.842,2.967,0.000
-4.742,2.880,0.000
-4.737,2.852,0.000
-4.896,2.922,0.000
-4.770,2.821,0.000
-4.776,2.799,0.000
-4.787,2.780,0.000
-4.792,2.759,0.000
-4.734,2.700,0.000
-4.819,2.724,0.000
-4.851,2.717,0.000
-5.101,2.830,0.000
-4.856,2.670,0.000
-4.786,2.607,0.000
-4.997,2.696,0.000
-4.887,2.612,0.000
-4.811,2.548,0.000
-4.950,2.596,0.000
-4.907,2.549,0.000
-4.868,2.505,0.000
-4.856,2.474,0.000
-4.871,2.458,0.000
-4.859,2.428,0.000
-4.891,2.420,0.000
-5.041,2.470,0.000
-4.898,2.376,0.000
-4.946,2.375,0.000
-5.070,2.410,0.000
-4.937,2.323,0.000
-4.946,2.304,0.000
-4.955,2.284,0.000
-4.975,2.270,0.000
-4.962,2.240,0.000
-5.004,2.236,0.000
-5.156,2.279,0.000
-4.999,2.187,0.000
-4.979,2.155,0.000
-5.016,2.147,0.000
-5.013,2.123,0.000
-5.027,2.106,0.000
-5.181,2.146,0.000
-5.044,2.066,0.000
-5.192,2.103,0.000
-5.048,2.022,0.000
-5.062,2.004,0.000
-5.075,1.986,0.000
-5.202,2.013,0.000
-5.091,1.947,0.000
-5.121,1.935,0.000
-5.320,1.986,0.000
-5.125,1.891,0.000
-5.103,1.860,0.000
-5.117,1.842,0.000
-5.187,1.845,0.000
-5.142,1.806,0.000
-5.132,1.780,0.000
-5.305,1.816,0.000
-5.368,1.814,0.000
-5.257,1.754,0.000
-5.189,1.708,0.000
-5.265,1.711,0.000
-5.231,1.677,0.000
-5.290,1.673,0.000
-5.227,1.630,0.000
-5.348,1.645,0.000
-5.180,1.571,0.000
-5.298,1.584,0.000
-5.435,1.602,0.000
-5.316,1.544,0.000
-5.385,1.542,0.000
-5.476,1.544,0.000
-5.340,1.483,0.000
-5.304,1.451,0.000
-5.351,1.441,0.000
-5.357,1.420,0.000
-5.345,1.395,0.000
-5.356,1.375,0.000
-5.361,1.354,0.000
-5.522,1.372,0.000
-5.510,1.346,0.000
-5.389,1.294,0.000
-5.382,1.270,0.000
-5.537,1.283,0.000
-5.368,1.222,0.000
-5.402,1.208,0.000
-5.552,1.218,0.000
-5.418,1.166,0.000
-5.657,1.195,0.000
-5.560,1.151,0.000
-5.425,1.101,0.000
-5.569,1.108,0.000
-5.434,1.059,0.000
-5.444,1.038,0.000
-5.442,1.016,0.000
-5.428,0.991,0.000
-5.596,0.999,0.000
-5.453,0.952,0.000
-5.598,0.954,0.000
-5.455,0.908,0.000
-5.476,0.889,0.000
-5.626,0.891,0.000
-5.618,0.867,0.000
-5.621,0.845,0.000
-5.507,0.806,0.000
-5.504,0.783,0.000
-5.750,0.795,0.000
-5.516,0.741,0.000
-5.477,0.714,0.000
-5.639,0.712,0.000
-5.495,0.672,0.000
-5.639,0.667,0.000
-5.589,0.639,0.000
-5.667,0.626,0.000
-5.687,0.605,0.000
-5.596,0.573,0.000
-5.737,0.565,0.000
-5.717,0.540,0.000
-5.602,0.507,0.000
-5.732,0.496,0.000
-5.600,0.463,0.000
-5.776,0.455,0.000
-5.616,0.420,0.000
-5.641,0.399,0.000
-5.607,0.375,0.000
-5.602,0.352,0.000
-5.610,0.331,0.000
-5.762,0.317,0.000
-5.618,0.287,0.000
-5.753,0.271,0.000
-5.765,0.249,0.000
-5.621,0.221,0.000
-5.767,0.204,0.000
-5.768,0.181,0.000
-5.629,0.155,0.000
-5.600,0.132,0.000
-5.770,0.113,0.000
-5.613,0.088,0.000
-5.625,0.066,0.000
-5.759,0.045,0.000
-5.754,0.023,0.000
-5.613,-0.000,0.000
-5.833,-0.023,0.000
-5.672,-0.045,0.000
-5.707,-0.067,0.000
-5.855,-0.092,0.000
-5.712,-0.112,0.000
-5.723,-0.135,0.000
-5.705,-0.157,0.000
-5.757,-0.181,0.000
-5.704,-0.202,0.000
-5.709,-0.224,0.000
-5.702,-0.246,0.000
-5.866,-0.277,0.000
-5.700,-0.291,0.000
-5.699,-0.314,0.000
-5.862,-0.346,0.000
-5.708,-0.359,0.000
-5.700,-0.381,0.000
-5.756,-0.408,0.000
-5.697,-0.426,0.000
-5.753,-0.453,0.000
-5.768,-0.477,0.000
-5.698,-0.493,0.000
-5.753,-0.521,0.000
-5.757,-0.544,0.000
-5.737,-0.565,0.000
-5.881,-0.603,0.000
-5.755,-0.613,0.000
-5.747,-0.635,0.000
-5.884,-0.673,0.000
-5.748,-0.680,0.000
-5.756,-0.704,0.000
-5.742,-0.725,0.000
-5.878,-0.766,0.000
-5.748,-0.772,0.000
-5.856,-0.810,0.000
-5.719,-0.814,0.000
-5.738,-0.840,0.000
-5.763,-0.866,0.000
-5.798,-0.895,0.000
-5.728,-0.907,0.000
-5.922,-0.962,0.000
-5.782,-0.962,0.000
-5.925,-1.010,0.000
-5.785,-1.010,0.000
-5.770,-1.030,0.000
-5.766,-1.053,0.000
-5.767,-1.077,0.000
-5.780,-1.103,0.000
-5.715,-1.113,0.000
-5.765,-1.147,0.000
-5.777,-1.173,0.000
-5.745,-1.190,0.000
-5.740,-1.212,0.000
-5.865,-1.263,0.000
-5.742,-1.260,0.000
-5.758,-1.287,0.000
-5.796,-1.320,0.000
-5.791,-1.342,0.000
-5.786,-1.365,0.000
-5.786,-1.389,0.000
-5.780,-1.412,0.000
-5.769,-1.433,0.000
-5.764,-1.456,0.000
-5.779,-1.484,0.000
-5.736,-1.497,0.000
-5.762,-1.528,0.000
-5.745,-1.548,0.000
-5.739,-1.570,0.000
-5.754,-1.599,0.000
-5.706,-1.609,0.000
-5.710,-1.635,0.000
-5.703,-1.657,0.000
-5.692,-1.678,0.000
-5.820,-1.741,0.000
-5.689,-1.726,0.000
-5.682,-1.748,0.000
-5.794,-1.807,0.000
-5.636,-1.783,0.000
-5.624,-1.803,0.000
-5.777,-1.877,0.000
-5.620,-1.851,0.000
-5.634,-1.880,0.000
-5.606,-1.895,0.000
-5.732,-1.963,0.000
-5.601,-1.942,0.000
-5.706,-2.004,0.000
-5.575,-1.982,0.000
-5.567,-2.004,0.000
-5.732,-2.089,0.000
-5.557,-2.050,0.000
-5.559,-2.076,0.000
-5.652,-2.136,0.000
-5.532,-2.115,0.000
-5.513,-2.133,0.000
-5.652,-2.212,0.000
-5.578,-2.209,0.000
-5.503,-2.204,0.000
-5.675,-2.298,0.000
-5.537,-2.268,0.000
-5.661,-2.345,0.000
-5.534,-2.318,0.000
-5.633,-2.385,0.000
-5.520,-2.363,0.000
-5.491,-2.376,0.000
-5.614,-2.456,0.000
-5.492,-2.428,0.000
-5.473,-2.445,0.000
-5.453,-2.462,0.000
-5.575,-2.544,0.000
-5.419,-2.498,0.000
-5.438,-2.533,0.000
-5.544,-2.609,0.000
-5.413,-2.573,0.000
-5.533,-2.657,0.000
-5.528,-2.681,0.000
-5.450,-2.670,0.000
-5.478,-2.710,0.000
-5.415,-2.706,0.000
-5.428,-2.739,0.000
-5.516,-2.810,0.000
-5.387,-2.772,0.000
-5.493,-2.854,0.000
-5.380,-2.821,0.000
-5.364,-2.840,0.000
-5.353,-2.861,0.000
-5.332,-2.877,0.000
-5.427,-2.956,0.000
-5.452,-2.997,0.000
-5.321,-2.953,0.000
-5.473,-3.065,0.000
-5.461,-3.086,0.000
-5.359,-3.057,0.000
-5.338,-3.073,0.000
-5.424,-3.150,0.000
-5.318,-3.117,0.000
-5.274,-3.119,0.000
-5.391,-3.217,0.000
-5.259,-3.166,0.000
-5.242,-3.184,0.000
-5.366,-3.288,0.000
-5.225,-3.230,0.000
-5.270,-3.287,0.000
-5.262,-3.310,0.000
-5.335,-3.385,0.000
-5.209,-3.335,0.000
-5.231,-3.378,0.000
-5.200,-3.387,0.000
-5.200,-3.416,0.000
-5.300,-3.512,0.000
-5.164,-3.451,0.000
-5.314,-3.581,0.000
-5.188,-3.526,0.000
-5.182,-3.552,0.000
-5.271,-3.643,0.000
-5.159,-3.595,0.000
-5.136,-3.610,0.000
-5.122,-3.630,0.000
-5.213,-3.725,0.000
-5.097,-3.673,0.000
-5.192,-3.772,0.000
-5.228,-3.830,0.000
-5.221,-3.856,0.000
-5.099,-3.798,0.000
-5.092,-3.824,0.000
-5.058,-3.828,0.000
-5.152,-3.932,0.000
-5.129,-3.946,0.000
-5.036,-3.906,0.000
-5.150,-4.028,0.000
-5.051,-3.982,0.000
-5.028,-3.996,0.000
-5.091,-4.079,0.000
-4.996,-4.035,0.000
-4.988,-4.061,0.000
-4.953,-4.065,0.000
-5.005,-4.140,0.000
-4.985,-4.157,0.000
-4.968,-4.176,0.000
-5.042,-4.272,0.000
-4.935,-4.215,0.000
-5.012,-4.315,0.000
-4.953,-4.298,0.000
-4.985,-4.360,0.000
-4.922,-4.340,0.000
-4.905,-4.359,0.000
-4.927,-4.413,0.000
-4.867,-4.394,0.000
-4.850,-4.413,0.000
-4.829,-4.429,0.000
-4.850,-4.483,0.000
-4.933,-4.596,0.000
-4.831,-4.537,0.000
-4.810,-4.553,0.000
-4.869,-4.645,0.000
-4.768,-4.584,0.000
-4.749,-4.603,0.000
-4.859,-4.746,0.000
-4.763,-4.688,0.000
-4.741,-4.704,0.000
-4.722,-4.722,0.000
-4.707,-4.744,0.000
-4.682,-4.756,0.000
-4.708,-4.820,0.000
-4.689,-4.839,0.000
-4.673,-4.860,0.000
-4.734,-4.962,0.000
-4.647,-4.910,0.000
-4.658,-4.961,0.000
-4.636,-4.976,0.000
-4.622,-5.000,0.000
-4.600,-5.015,0.000
-4.651,-5.111,0.000
-4.619,-5.117,0.000
-4.584,-5.118,0.000
-4.630,-5.211,0.000
-4.604,-5.222,0.000
-4.521,-5.169,0.000
-4.574,-5.271,0.000
-4.539,-5.273,0.000
-4.494,-5.261,0.000
-4.550,-5.370,0.000
-4.458,-5.303,0.000
-4.459,-5.347,0.000
-4.459,-5.391,0.000
-4.502,-5.485,0.000
-4.404,-5.409,0.000
-4.464,-5.527,0.000
-4.369,-5.453,0.000
-4.451,-5.600,0.000
-4.362,-5.534,0.000
-4.346,-5.557,0.000
-4.321,-5.571,0.000
-4.302,-5.591,0.000
-4.384,-5.744,0.000
-4.310,-5.694,0.000
-4.231,-5.635,0.000
-4.273,-5.737,0.000
-4.221,-5.715,0.000
-4.201,-5.734,0.000
-4.178,-5.751,0.000
-4.156,-5.767,0.000
-4.121,-5.767,0.000
-4.113,-5.803,0.000
-4.178,-5.944,0.000
-4.104,-5.889,0.000
-4.074,-5.895,0.000
-4.147,-6.051,0.000
-4.025,-5.923,0.000
-4.027,-5.976,0.000
-4.071,-6.093,0.000
-3.991,-6.024,0.000
-3.961,-6.029,0.000
-3.943,-6.055,0.000
-3.969,-6.146,0.000
-3.921,-6.125,0.000
-3.951,-6.226,0.000
-3.881,-6.169,0.000
-3.849,-6.171,0.000
-3.859,-6.243,0.000
-3.806,-6.211,0.000
-3.778,-6.220,0.000
-3.741,-6.214,0.000
-3.727,-6.246,0.000
-3.724,-6.297,0.000
-3.682,-6.281,0.000
-3.655,-6.292,0.000
-3.677,-6.387,0.000
-3.615,-6.338,0.000
-3.628,-6.419,0.000
-3.556,-6.349,0.000
-3.533,-6.366,0.000
-3.481,-6.332,0.000
-3.499,-6.425,0.000
-3.472,-6.435,0.000
-3.404,-6.369,0.000
-3.379,-6.382,0.000
-3.360,-6.406,0.000
-3.316,-6.384,0.000
-3.300,-6.415,0.000
-3.325,-6.525,0.000
-3.252,-6.444,0.000
-3.226,-6.457,0.000
-3.251,-6.571,0.000
-3.179,-6.489,0.000
-3.127,-6.447,0.000
-3.142,-6.542,0.000
-3.076,-6.472,0.000
-3.053,-6.487,0.000
-3.024,-6.492,0.000
-2.998,-6.504,0.000
-2.971,-6.512,0.000
-2.946,-6.523,0.000
-2.965,-6.637,0.000
-2.897,-6.554,0.000
-2.872,-6.565,0.000
-2.881,-6.657,0.000
-2.822,-6.591,0.000
-2.799,-6.609,0.000
-2.796,-6.676,0.000
-2.716,-6.556,0.000
-2.695,-6.578,0.000
-2.673,-6.600,0.000
-2.681,-6.693,0.000
-2.653,-6.700,0.000
-2.621,-6.695,0.000
-2.559,-6.614,0.000
-2.539,-6.640,0.000
-2.551,-6.752,0.000
-2.487,-6.659,0.000
-2.456,-6.658,0.000
-2.433,-6.675,0.000
-2.441,-6.780,0.000
-2.383,-6.702,0.000
-2.357,-6.711,0.000
-2.329,-6.716,0.000
-2.303,-6.725,0.000
-2.311,-6.838,0.000
-2.250,-6.743,0.000
-2.247,-6.825,0.000
-2.197,-6.761,0.000
-2.151,-6.710,0.000
-2.160,-6.828,0.000
-2.121,-6.798,0.000
-2.076,-6.747,0.000
-2.047,-6.747,0.000
-2.050,-6.853,0.000
-1.993,-6.759,0.000
-1.967,-6.771,0.000
-1.967,-6.869,0.000
-1.914,-6.786,0.000
-1.888,-6.797,0.000
-1.910,-6.981,0.000
-1.833,-6.804,0.000
-1.810,-6.827,0.000
-1.781,-6.826,0.000
-1.755,-6.833,0.000
-1.727,-6.836,0.000
-1.700,-6.843,0.000
-1.691,-6.921,0.000
-1.646,-6.856,0.000
-1.638,-6.942,0.000
-1.613,-6.957,0.000
-1.566,-6.879,0.000
-1.576,-7.052,0.000
-1.510,-6.883,0.000
-1.506,-6.993,0.000
-1.448,-6.853,0.000
-1.432,-6.912,0.000
-1.401,-6.901,0.000
-1.377,-6.923,0.000
-1.349,-6.920,0.000
-1.321,-6.926,0.000
-1.296,-6.939,0.000
-1.284,-7.029,0.000
-1.239,-6.937,0.000
-1.229,-7.043,0.000
-1.185,-6.950,0.000
-1.158,-6.955,0.000
-1.133,-6.976,0.000
-1.104,-6.972,0.000
-1.091,-7.066,0.000
-1.049,-6.976,0.000
-1.019,-6.960,0.000
-1.008,-7.078,0.000
-0.963,-6.963,0.000
-0.940,-6.996,0.000
-0.911,-6.991,0.000
-0.889,-7.032,0.000
-0.856,-6.998,0.000
-0.842,-7.112,0.000
-0.810,-7.083,0.000
-0.775,-7.016,0.000
-0.741,-6.961,0.000
-0.725,-7.072,0.000
-0.686,-6.962,0.000
-0.658,-6.957,0.000
-0.641,-7.071,0.000
-0.604,-6.970,0.000
-0.578,-6.989,0.000
-0.557,-7.074,0.000
-0.522,-6.981,0.000
-0.494,-6.970,0.000
-0.474,-7.085,0.000
-0.440,-6.991,0.000
-0.418,-7.084,0.000
-0.385,-6.985,0.000
-0.362,-7.083,0.000
-0.330,-6.992,0.000
-0.302,-6.990,0.000
-0.274,-6.969,0.000
-0.247,-6.975,0.000
-0.223,-7.093,0.000
-0.193,-6.993,0.000
-0.165,-6.994,0.000
-0.140,-7.095,0.000
-0.110,-6.999,0.000
-0.083,-6.987,0.000
-0.055,-6.992,0.000
-0.028,-6.996,0.000
-0.000,-6.996,0.000
0.028,-7.113,0.000
0.055,-6.992,0.000
0.082,-6.991,0.000
0.111,-7.091,0.000
0.137,-6.986,0.000
0.167,-7.098,0.000
0.192,-6.981,0.000
0.223,-7.101,0.000
0.247,-6.983,0.000
0.274,-6.986,0.000
0.312,-7.227,0.000
0.330,-6.997,0.000
0.356,-6.978,0.000
0.390,-7.086,0.000
0.411,-6.975,0.000
0.440,-6.995,0.000
0.468,-7.002,0.000
0.493,-6.966,0.000
0.522,-6.985,0.000
0.548,-6.970,0.000
0.576,-6.972,0.000
0.603,-6.966,0.000
0.639,-7.063,0.000
0.657,-6.957,0.000
0.684,-6.950,0.000
0.714,-6.968,0.000
0.750,-7.048,0.000
0.778,-7.049,0.000
0.794,-6.947,0.000
0.822,-6.948,0.000
0.862,-7.052,0.000
0.879,-6.962,0.000
0.901,-6.916,0.000
0.932,-6.938,0.000
0.972,-7.029,0.000
0.985,-6.926,0.000
1.014,-6.931,0.000
1.056,-7.026,0.000
1.068,-6.918,0.000
1.093,-6.906,0.000
1.139,-7.013,0.000
1.147,-6.893,0.000
1.175,-6.897,0.000
1.198,-6.867,0.000
1.228,-6.879,0.000
1.256,-6.878,0.000
1.284,-6.877,0.000
1.329,-6.971,0.000
1.337,-6.863,0.000
1.382,-6.948,0.000
1.404,-6.918,0.000
1.439,-6.953,0.000
1.457,-6.903,0.000
1.477,-6.864,0.000
1.532,-6.983,0.000
1.538,-6.881,0.000
1.559,-6.850,0.000
1.594,-6.881,0.000
1.642,-6.962,0.000
1.670,-6.956,0.000
1.673,-6.853,0.000
1.703,-6.859,0.000
1.747,-6.920,0.000
1.753,-6.829,0.000
1.801,-6.902,0.000
1.831,-6.907,0.000
1.834,-6.812,0.000
1.889,-6.908,0.000
1.919,-6.908,0.000
1.913,-6.786,0.000
1.971,-6.885,0.000
1.967,-6.771,0.000
1.997,-6.775,0.000
2.021,-6.759,0.000
2.062,-6.799,0.000
2.087,-6.787,0.000
2.147,-6.883,0.000
2.138,-6.762,0.000
2.170,-6.769,0.000
2.223,-6.842,0.000
2.222,-6.748,0.000
2.245,-6.732,0.000
2.309,-6.834,0.000
2.300,-6.718,0.000
2.329,-6.716,0.000
2.402,-6.840,0.000
2.381,-6.698,0.000
2.428,-6.746,0.000
2.431,-6.671,0.000
2.474,-6.708,0.000
2.503,-6.705,0.000
2.566,-6.793,0.000
2.557,-6.689,0.000
2.588,-6.691,0.000
2.642,-6.751,0.000
2.639,-6.666,0.000
2.662,-6.648,0.000
2.720,-6.716,0.000
2.716,-6.631,0.000
2.742,-6.620,0.000
2.774,-6.624,0.000
2.819,-6.658,0.000
2.877,-6.722,0.000
2.869,-6.632,0.000
2.892,-6.613,0.000
2.964,-6.706,0.000
2.944,-6.590,0.000
2.971,-6.582,0.000
2.994,-6.563,0.000
3.025,-6.562,0.000
3.090,-6.636,0.000
3.098,-6.585,0.000
3.124,-6.572,0.000
3.148,-6.557,0.000
3.175,-6.548,0.000
3.260,-6.656,0.000
3.223,-6.516,0.000
3.252,-6.510,0.000
3.281,-6.504,0.000
3.303,-6.484,0.000
3.371,-6.554,0.000
3.352,-6.454,0.000
3.372,-6.431,0.000
3.448,-6.513,0.000
3.426,-6.411,0.000
3.453,-6.401,0.000
3.476,-6.384,0.000
3.505,-6.377,0.000
3.523,-6.350,0.000
3.522,-6.291,0.000
3.551,-6.284,0.000
3.593,-6.301,0.000
3.574,-6.211,0.000
3.605,-6.207,0.000
3.671,-6.265,0.000
3.618,-6.119,0.000
3.623,-6.073,0.000
3.638,-6.044,0.000
3.660,-6.026,0.000
3.709,-6.054,0.000
3.689,-5.969,0.000
3.666,-5.879,0.000
3.677,-5.846,0.000
3.684,-5.806,0.000
3.704,-5.787,0.000
3.693,-5.721,0.000
3.778,-5.802,0.000
3.748,-5.707,0.000
3.726,-5.625,0.000
3.750,-5.614,0.000
3.852,-5.717,0.000
3.754,-5.524,0.000
3.775,-5.509,0.000
3.864,-5.591,0.000
3.826,-5.491,0.000
3.840,-5.464,0.000
3.942,-5.563,0.000
3.850,-5.389,0.000
3.866,-5.366,0.000
3.893,-5.358,0.000
3.914,-5.343,0.000
3.973,-5.380,0.000
4.002,-5.375,0.000
4.078,-5.432,0.000
4.030,-5.325,0.000
4.018,-5.265,0.000
4.038,-5.249,0.000
4.059,-5.234,0.000
4.153,-5.312,0.000
4.103,-5.205,0.000
4.192,-5.275,0.000
4.141,-5.169,0.000
4.175,-5.171,0.000
4.172,-5.126,0.000
4.195,-5.113,0.000
4.209,-5.089,0.000
4.306,-5.165,0.000
4.309,-5.127,0.000
4.317,-5.096,0.000
4.261,-4.990,0.000
4.278,-4.970,0.000
4.300,-4.957,0.000
4.393,-5.024,0.000
4.336,-4.919,0.000
4.343,-4.888,0.000
4.374,-4.885,0.000
4.387,-4.861,0.000
4.410,-4.847,0.000
4.432,-4.833,0.000
4.527,-4.898,0.000
4.555,-4.890,0.000
4.449,-4.739,0.000
4.543,-4.800,0.000
4.503,-4.721,0.000
4.505,-4.686,0.000
4.609,-4.757,0.000
4.531,-4.640,0.000
4.549,-4.622,0.000
4.568,-4.604,0.000
4.603,-4.603,0.000
4.617,-4.582,0.000
4.706,-4.634,0.000
4.643,-4.535,0.000
4.650,-4.507,0.000
4.647,-4.469,0.000
4.737,-4.520,0.000
4.668,-4.419,0.000
4.678,-4.393,0.000
4.773,-4.448,0.000
4.712,-4.357,0.000
4.729,-4.338,0.000
4.757,-4.329,0.000
4.770,-4.307,0.000
4.780,-4.282,0.000
4.804,-4.270,0.000
4.900,-4.321,0.000
4.834,-4.229,0.000
4.850,-4.210,0.000
4.870,-4.194,0.000
4.971,-4.247,0.000
4.847,-4.107,0.000
4.997,-4.201,0.000
5.006,-4.176,0.000
4.899,-4.053,0.000
5.006,-4.109,0.000
5.014,-4.083,0.000
4.958,-4.005,0.000
4.954,-3.970,0.000
4.997,-3.972,0.000
4.989,-3.934,0.000
4.992,-3.905,0.000
5.027,-3.900,0.000
5.035,-3.875,0.000
5.140,-3.923,0.000
5.069,-3.838,0.000
5.178,-3.889,0.000
5.095,-3.795,0.000
5.110,-3.775,0.000
5.133,-3.761,0.000
5.127,-3.726,0.000
5.142,-3.706,0.000
5.169,-3.694,0.000
5.271,-3.737,0.000
5.202,-3.656,0.000
5.260,-3.667,0.000
5.172,-3.576,0.000
5.186,-3.555,0.000
5.291,-3.597,0.000
5.201,-3.506,0.000
5.219,-3.488,0.000
5.341,-3.539,0.000
5.268,-3.461,0.000
5.319,-3.465,0.000
5.282,-3.411,0.000
5.295,-3.391,0.000
5.418,-3.439,0.000
5.318,-3.346,0.000
5.416,-3.378,0.000
5.348,-3.307,0.000
5.496,-3.369,0.000
5.369,-3.262,0.000
5.365,-3.231,0.000
5.506,-3.286,0.000
5.399,-3.194,0.000
5.416,-3.175,0.000
5.410,-3.143,0.000
5.436,-3.130,0.000
5.399,-3.080,0.000
5.447,-3.079,0.000
5.477,-3.068,0.000
5.435,-3.017,0.000
5.447,-2.995,0.000
5.561,-3.030,0.000
5.466,-2.950,0.000
5.482,-2.931,0.000
5.489,-2.907,0.000
5.505,-2.888,0.000
5.516,-2.866,0.000
5.636,-2.900,0.000
5.525,-2.816,0.000
5.554,-2.803,0.000
5.556,-2.777,0.000
5.557,-2.750,0.000
5.687,-2.787,0.000
5.602,-2.718,0.000
5.608,-2.694,0.000
5.614,-2.669,0.000
5.739,-2.701,0.000
5.639,-2.627,0.000
5.640,-2.601,0.000
5.748,-2.623,0.000
5.665,-2.559,0.000
5.599,-2.502,0.000
5.737,-2.537,0.000
5.623,-2.460,0.000
5.633,-2.438,0.000
5.647,-2.418,0.000
5.714,-2.420,0.000
5.671,-2.376,0.000
5.680,-2.354,0.000
5.804,-2.378,0.000
5.704,-2.311,0.000
5.813,-2.329,0.000
5.841,-2.313,0.000
5.725,-2.242,0.000
5.855,-2.266,0.000
5.743,-2.197,0.000
5.872,-2.220,0.000
5.755,-2.150,0.000
5.754,-2.123,0.000
5.752,-2.097,0.000
5.958,-2.146,0.000
5.783,-2.057,0.000
5.791,-2.034,0.000
5.964,-2.069,0.000
5.797,-1.986,0.000
5.845,-1.976,0.000
5.747,-1.918,0.000
5.845,-1.925,0.000
6.080,-1.976,0.000
5.850,-1.876,0.000
5.857,-1.853,0.000
5.978,-1.866,0.000
5.862,-1.804,0.000
5.874,-1.783,0.000
5.896,-1.764,0.000
5.898,-1.739,0.000
5.899,-1.715,0.000
5.906,-1.691,0.000
5.841,-1.648,0.000
5.889,-1.637,0.000
5.915,-1.619,0.000
5.922,-1.596,0.000
5.908,-1.567,0.000
5.944,-1.552,0.000
5.889,-1.513,0.000
5.874,-1.484,0.000
5.947,-1.478,0.000
5.958,-1.456,0.000
5.907,-1.419,0.000
6.030,-1.423,0.000
6.091,-1.412,0.000
5.990,-1.364,0.000
6.121,-1.369,0.000
6.077,-1.334,0.000
6.011,-1.295,0.000
6.000,-1.268,0.000
5.980,-1.239,0.000
5.943,-1.207,0.000
6.015,-1.197,0.000
5.983,-1.167,0.000
6.024,-1.150,0.000
6.049,-1.130,0.000
6.028,-1.102,0.000
6.048,-1.081,0.000
6.041,-1.055,0.000
6.056,-1.033,0.000
6.065,-1.010,0.000
6.053,-0.984,0.000
6.230,-0.988,0.000
6.082,-0.940,0.000
6.085,-0.916,0.000
6.206,-0.909,0.000
6.082,-0.866,0.000
6.070,-0.840,0.000
6.222,-0.836,0.000
6.081,-0.793,0.000
6.228,-0.788,0.000
6.103,-0.747,0.000
6.132,-0.727,0.000
6.206,-0.711,0.000
6.106,-0.675,0.000
6.109,-0.651,0.000
6.117,-0.627,0.000
6.114,-0.603,0.000
6.116,-0.579,0.000
6.322,-0.573,0.000
6.115,-0.530,0.000
6.133,-0.508,0.000
6.253,-0.493,0.000
6.126,-0.459,0.000
6.144,-0.436,0.000
6.130,-0.411,0.000
6.126,-0.386,0.000
6.267,-0.370,0.000
6.134,-0.338,0.000
6.125,-0.314,0.000
6.266,-0.296,0.000
6.148,-0.267,0.000
6.165,-0.243,0.000
6.264,-0.222,0.000
6.135,-0.194,0.000
6.265,-0.173,0.000
6.271,-0.149,0.000
6.147,-0.122,0.000
6.210,-0.098,0.000
6.211,-0.074,0.000
6.333,-0.051,0.000
6.216,-0.025,0.000
6.175,-0.001,0.500
6.338,0.024,0.500
6.201,0.048,0.500
6.174,0.072,0.500
6.210,0.097,0.500
6.352,0.124,0.500
6.220,0.146,0.500
6.214,0.170,0.500
6.213,0.194,0.500
6.197,0.218,0.500
6.206,0.243,0.500
6.322,0.272,0.500
6.220,0.292,0.500
6.203,0.316,0.500
6.222,0.342,0.500
6.200,0.365,0.500
6.235,0.391,0.500
6.192,0.413,0.500
6.190,0.437,0.500
6.199,0.463,0.500
6.393,0.502,0.500
6.195,0.511,0.500
6.264,0.542,0.500
6.372,0.576,0.500
6.260,0.591,0.500
6.273,0.617,0.500
6.365,0.651,0.500
6.253,0.665,0.500
6.255,0.690,0.500
6.232,0.712,0.500
6.239,0.738,0.500
6.206,0.758,0.500
6.352,0.802,0.500
6.220,0.810,0.500
6.257,0.839,0.500
6.193,0.856,0.500
6.349,0.903,0.500
6.232,0.911,0.500
6.268,0.941,0.500
6.400,0.987,0.500
6.285,0.994,0.500
6.388,1.036,0.500
6.398,1.064,0.500
6.248,1.064,0.500
6.365,1.110,0.500
6.375,1.138,0.500
6.250,1.140,0.500
6.361,1.187,0.500
6.347,1.210,0.500
6.231,1.213,0.500
6.352,1.262,0.500
6.241,1.266,0.500
6.275,1.298,0.500
6.383,1.347,0.500
6.279,1.351,0.500
6.264,1.373,0.500
6.273,1.401,0.500
6.267,1.426,0.500
6.242,1.446,0.500
6.237,1.470,0.500
6.358,1.525,0.500
6.239,1.523,0.500
6.224,1.545,0.500
6.227,1.572,0.500
6.211,1.594,0.500
6.195,1.616,0.500
6.279,1.664,0.500
6.202,1.669,0.500
6.380,1.744,0.500
6.245,1.734,0.500
6.247,1.761,0.500
6.354,1.818,0.500
6.233,1.810,0.500
6.335,1.866,0.500
6.332,1.893,0.500
6.211,1.883,0.500
6.322,1.944,0.500
6.192,1.930,0.500
6.315,1.996,0.500
6.172,1.977,0.500
6.178,2.006,0.500
6.335,2.085,0.500
6.153,2.052,0.500
6.212,2.099,0.500
6.306,2.158,0.500
6.205,2.150,0.500
6.236,2.189,0.500
6.170,2.193,0.500
6.179,2.223,0.500
6.262,2.281,0.500
6.258,2.307,0.500
6.148,2.294,0.500
6.139,2.319,0.500
6.121,2.339,0.500
6.116,2.365,0.500
6.207,2.428,0.500
6.106,2.416,0.500
6.083,2.435,0.500
6.060,2.454,0.500
6.193,2.536,0.500
6.063,2.510,0.500
6.040,2.529,0.500
6.159,2.607,0.500
6.068,2.596,0.500
6.087,2.633,0.500
6.077,2.657,0.500
6.058,2.677,0.500
6.043,2.699,0.500
6.037,2.725,0.500
6.126,2.794,0.500
5.990,2.760,0.500
6.017,2.801,0.500
6.085,2.862,0.500
5.990,2.847,0.500
6.074,2.916,0.500
5.955,2.887,0.500
6.043,2.959,0.500
6.068,3.001,0.500
6.076,3.035,0.500
5.922,2.987,0.500
5.980,3.046,0.500
6.052,3.112,0.500
5.927,3.078,0.500
5.992,3.141,0.500
5.923,3.135,0.500
5.899,3.152,0.500
5.986,3.228,0.500
5.874,3.198,0.500
5.865,3.223,0.500
5.868,3.255,0.500
5.903,3.305,0.500
5.886,3.325,0.500
5.869,3.346,0.500
5.848,3.365,0.500
5.923,3.439,0.500
5.817,3.408,0.500
5.808,3.433,0.500
5.886,3.511,0.500
5.777,3.477,0.500
5.752,3.492,0.500
5.922,3.628,0.500
5.789,3.577,0.500
5.771,3.598,0.500
5.864,3.688,0.500
5.835,3.702,0.500
5.721,3.661,0.500
5.714,3.688,0.500
5.729,3.730,0.500
5.802,3.810,0.500
5.729,3.794,0.500
5.728,3.826,0.500
5.692,3.834,0.500
5.687,3.864,0.500
5.643,3.866,0.500
5.678,3.923,0.500
5.681,3.958,0.500
5.658,3.975,0.500
5.632,3.990,0.500
5.644,4.032,0.500
5.711,4.114,0.500
5.691,4.133,0.500
5.624,4.118,0.500
5.709,4.215,0.500
5.619,4.183,0.500
5.602,4.205,0.500
5.636,4.265,0.500
5.569,4.249,0.500
5.592,4.301,0.500
5.647,4.378,0.500
5.561,4.347,0.500
5.615,4.425,0.500
5.521,4.386,0.500
5.577,4.467,0.500
5.483,4.426,0.500
5.517,4.490,0.500
5.502,4.514,0.500
5.488,4.538,0.500
5.470,4.560,0.500
5.449,4.578,0.500
5.477,4.639,0.500
5.489,4.687,0.500
5.434,4.677,0.500
5.407,4.690,0.500
5.394,4.717,0.500
5.379,4.740,0.500
5.405,4.801,0.500
5.462,4.890,0.500
5.361,4.838,0.500
5.330,4.849,0.500
5.349,4.904,0.500
5.410,4.999,0.500
5.319,4.954,0.500
5.300,4.975,0.500
5.362,5.073,0.500
5.303,5.057,0.500
5.344,5.136,0.500
5.329,5.162,0.500
5.240,5.116,0.500
5.228,5.145,0.500
5.230,5.187,0.500
5.220,5.218,0.500
5.210,5.250,0.500
5.192,5.273,0.500
5.198,5.320,0.500
5.182,5.346,0.500
5.225,5.433,0.500
5.168,5.416,0.500
5.142,5.431,0.500
5.193,5.528,0.500
5.109,5.482,0.500
5.093,5.507,0.500
5.118,5.578,0.500
5.039,5.536,0.500
5.020,5.559,0.500
5.049,5.635,0.500
4.969,5.590,0.500
4.954,5.617,0.500
4.987,5.700,0.500
4.908,5.653,0.500
4.950,5.747,0.500
4.920,5.758,0.500
4.821,5.688,0.500
4.844,5.761,0.500
4.762,5.709,0.500
4.745,5.733,0.500
4.720,5.749,0.500
4.830,5.931,0.500
4.672,5.783,0.500
4.649,5.801,0.500
4.684,5.892,0.500
4.608,5.843,0.500
4.633,5.922,0.500
4.594,5.920,0.500
4.507,5.855,0.500
4.572,5.988,0.500
4.508,5.953,0.500
4.460,5.938,0.500
4.494,6.033,0.500
4.479,6.062,0.500
4.397,5.999,0.500
4.425,6.088,0.500
4.349,6.034,0.500
4.326,6.051,0.500
4.357,6.146,0.500
4.278,6.085,0.500
4.250,6.095,0.500
4.194,6.065,0.500
4.172,6.085,0.500
4.148,6.101,0.500
4.126,6.120,0.500
4.152,6.212,0.500
4.078,6.153,0.500
4.107,6.250,0.500
4.023,6.175,0.500
4.072,6.304,0.500
4.007,6.257,0.500
3.960,6.238,0.500
3.954,6.282,0.500
3.885,6.227,0.500
3.856,6.235,0.500
3.880,6.328,0.500
3.803,6.259,0.500
3.779,6.274,0.500
3.762,6.302,0.500
3.735,6.313,0.500
3.707,6.321,0.500
3.720,6.402,0.500
3.628,6.299,0.500
3.603,6.313,0.500
3.582,6.334,0.500
3.549,6.335,0.500
3.530,6.359,0.500
3.509,6.380,0.500
3.482,6.390,0.500
3.470,6.428,0.500
3.474,6.496,0.500
3.445,6.502,0.500
3.415,6.509,0.500
3.359,6.464,0.500
3.375,6.556,0.500
3.291,6.455,0.500
3.253,6.443,0.500
3.226,6.452,0.500
3.202,6.469,0.500
3.180,6.488,0.500
3.156,6.504,0.500
3.134,6.524,0.500
3.107,6.532,0.500
3.076,6.534,0.500
3.057,6.560,0.500
3.016,6.540,0.500
2.994,6.559,0.500
3.001,6.642,0.500
2.951,6.600,0.500
2.902,6.560,0.500
2.875,6.568,0.500
2.846,6.572,0.500
2.820,6.583,0.500
2.797,6.602,0.500
2.794,6.668,0.500
2.744,6.620,0.500
2.716,6.627,0.500
2.682,6.618,0.500
2.667,6.655,0.500
2.645,6.677,0.500
2.661,6.794,0.500
2.587,6.682,0.500
2.562,6.696,0.500
2.534,6.702,0.500
2.516,6.735,0.500
2.508,6.793,0.500
2.455,6.732,0.500
2.416,6.707,0.500
2.434,6.841,0.500
2.353,6.695,0.500
2.332,6.720,0.500
2.336,6.817,0.500
2.275,6.726,0.500
2.289,6.858,0.500
2.255,6.844,0.500
2.198,6.760,0.500
2.173,6.773,0.500
2.144,6.773,0.500
2.120,6.790,0.500
2.090,6.790,0.500
2.064,6.798,0.500
2.066,6.903,0.500
2.014,6.826,0.500
1.985,6.826,0.500
1.977,6.900,0.500
1.914,6.782,0.500
1.893,6.809,0.500
1.901,6.942,0.500
1.834,6.804,0.500
1.811,6.823,0.500
1.785,6.834,0.500
1.782,6.936,0.500
1.727,6.832,0.500
1.704,6.854,0.500
1.702,6.961,0.500
1.648,6.860,0.500
1.644,6.962,0.500
1.612,6.949,0.500
1.592,6.986,0.500
1.542,6.893,0.500
1.537,6.999,0.500
1.477,6.851,0.500
1.439,6.807,0.500
1.431,6.904,0.500
1.396,6.868,0.500
1.374,6.898,0.500
1.361,6.977,0.500
1.312,6.872,0.500
1.286,6.881,0.500
1.257,6.874,0.500
1.249,6.985,0.500
1.201,6.871,0.500
1.179,6.909,0.500
1.170,7.020,0.500
1.126,6.922,0.500
1.099,6.926,0.500
1.068,6.906,0.500
1.056,7.013,0.500
1.004,6.850,0.500
0.979,6.867,0.500
0.952,6.871,0.500
0.924,6.866,0.500
0.908,6.954,0.500
0.872,6.890,0.500
0.844,6.889,0.500
0.817,6.888,0.500
0.803,7.005,0.500
0.775,7.004,0.500
0.737,6.910,0.500
0.719,7.005,0.500
0.681,6.899,0.500
0.654,6.905,0.500
0.627,6.904,0.500
0.600,6.906,0.500
0.573,6.908,0.500
0.545,6.911,0.500
0.526,7.010,0.500
0.487,6.850,0.500
0.462,6.891,0.500
0.435,6.888,0.500
0.415,7.009,0.500
0.379,6.852,0.500
0.353,6.875,0.500
0.325,6.855,0.500
0.298,6.852,0.500
0.277,7.003,0.500
0.245,6.871,0.500
0.217,6.864,0.500
0.193,6.976,0.500
0.164,6.878,0.500
0.136,6.861,0.500
0.110,6.875,0.500
0.083,6.875,0.500
0.056,6.966,0.500
0.029,6.880,0.500
0.002,6.992,0.500
-0.025,6.880,0.500
-0.052,6.867,0.500
-0.079,6.858,0.500
-0.106,6.862,0.500
-0.136,6.999,0.500
-0.160,6.878,0.500
-0.187,6.856,0.500
-0.214,6.868,0.500
-0.241,6.871,0.500
-0.272,6.965,0.500
-0.295,6.869,0.500
-0.323,6.886,0.500
-0.349,6.858,0.500
-0.376,6.865,0.500
-0.403,6.864,0.500
-0.430,6.862,0.500
-0.463,6.951,0.500
-0.491,6.962,0.500
-0.514,6.900,0.500
-0.542,6.911,0.500
-0.565,6.852,0.500
-0.597,6.911,0.500
-0.624,6.904,0.500
-0.650,6.897,0.500
-0.678,6.903,0.500
-0.704,6.883,0.500
-0.732,6.893,0.500
-0.756,6.865,0.500
-0.794,6.959,0.500
-0.825,6.985,0.500
-0.840,6.877,0.500
-0.866,6.865,0.500
-0.893,6.861,0.500
-0.920,6.862,0.500
-0.950,6.880,0.500
-0.991,6.976,0.500
-1.000,6.846,0.500
-1.028,6.851,0.500
-1.055,6.847,0.500
-1.083,6.847,0.500
-1.129,6.964,0.500
-1.136,6.834,0.500
-1.163,6.830,0.500
-1.189,6.821,0.500
-1.247,6.994,0.500
-1.244,6.820,0.500
-1.289,6.915,0.500
-1.297,6.810,0.500
-1.343,6.900,0.500
-1.365,6.870,0.500
-1.409,6.951,0.500
-1.420,6.863,0.500
-1.466,6.951,0.500
-1.471,6.840,0.500
-1.497,6.830,0.500
-1.520,6.807,0.500
-1.550,6.818,0.500
-1.602,6.917,0.500
-1.626,6.899,0.500
-1.654,6.897,0.500
-1.659,6.801,0.500
-1.708,6.883,0.500
-1.739,6.893,0.500
-1.739,6.781,0.500
-1.787,6.855,0.500
-1.791,6.763,0.500
-1.818,6.756,0.500
-1.851,6.773,0.500
-1.889,6.806,0.500
-1.896,6.730,0.500
-1.953,6.827,0.500
-1.949,6.715,0.500
-1.979,6.719,0.500
-2.004,6.707,0.500
-2.060,6.795,0.500
-2.052,6.675,0.500
-2.086,6.691,0.500
-2.107,6.667,0.500
-2.161,6.746,0.500
-2.141,6.593,0.500
-2.169,6.593,0.500
-2.198,6.593,0.500
-2.232,6.608,0.500
-2.223,6.497,0.500
-2.231,6.439,0.500
-2.255,6.425,0.500
-2.276,6.404,0.500
-2.322,6.453,0.500
-2.307,6.335,0.500
-2.348,6.368,0.500
-2.341,6.274,0.500
-2.338,6.192,0.500
-2.339,6.121,0.500
-2.402,6.212,0.500
-2.416,6.177,0.500
-2.363,5.972,0.500
-2.392,5.976,0.500
-2.424,5.989,0.500
-2.378,5.810,0.500
-2.380,5.748,0.500
-2.398,5.729,0.500
-2.435,5.753,0.500
-2.383,5.570,0.500
-2.439,5.639,0.500
-2.396,5.482,0.500
-2.385,5.397,0.500
-2.413,5.403,0.500
-2.409,5.338,0.500
-2.462,5.399,0.500
-2.386,5.178,0.500
-2.394,5.143,0.500
-2.386,5.074,0.500
-2.381,5.011,0.500
-2.382,4.963,0.500
-2.438,5.030,0.500
-2.402,4.906,0.500
-2.377,4.808,0.500
-2.405,4.815,0.500
-2.482,4.921,0.500
-2.434,4.779,0.500
-2.438,4.742,0.500
-2.480,4.777,0.500
-2.559,4.882,0.500
-2.515,4.752,0.500
-2.530,4.736,0.500
-2.540,4.710,0.500
-2.555,4.694,0.500
-2.586,4.706,0.500
-2.604,4.696,0.500
-2.701,4.825,0.500
-2.638,4.670,0.500
-2.656,4.659,0.500
-2.687,4.671,0.500
-2.815,4.850,0.500
-2.714,4.633,0.500
-2.811,4.755,0.500
-2.757,4.622,0.500
-2.762,4.590,0.500
-2.835,4.669,0.500
-2.954,4.822,0.500
-2.852,4.616,0.500
-2.963,4.754,0.500
-2.855,4.540,0.500
-3.004,4.735,0.500
-2.941,4.596,0.500
-2.956,4.579,0.500
-2.984,4.583,0.500
-2.988,4.551,0.500
-3.019,4.560,0.500
-3.111,4.658,0.500
-3.045,4.521,0.500
-3.063,4.509,0.500
-3.077,4.491,0.500
-3.194,4.623,0.500
-3.130,4.492,0.500
-3.140,4.470,0.500
-3.151,4.448,0.500
-3.168,4.435,0.500
-3.189,4.428,0.500
-3.302,4.547,0.500
-3.224,4.402,0.500
-3.252,4.405,0.500
-3.254,4.372,0.500
-3.283,4.374,0.500
-3.369,4.453,0.500
-3.309,4.338,0.500
-3.326,4.325,0.500
-3.451,4.450,0.500
-3.357,4.294,0.500
-3.370,4.276,0.500
-3.383,4.258,0.500
-3.553,4.437,0.500
-3.416,4.231,0.500
-3.405,4.184,0.500
-3.461,4.219,0.500
-3.481,4.210,0.500
-3.590,4.307,0.500
-3.565,4.243,0.500
-3.542,4.182,0.500
-3.590,4.206,0.500
-3.658,4.250,0.500
-3.571,4.117,0.500
-3.600,4.117,0.500
-3.648,4.140,0.500
-3.724,4.192,0.500
-3.640,4.065,0.500
-3.664,4.060,0.500
-3.844,4.226,0.500
-3.789,4.133,0.500
-3.793,4.105,0.500
-3.858,4.142,0.500
-3.722,3.965,0.500
-3.858,4.078,0.500
-3.833,4.019,0.500
-3.840,3.996,0.500
-3.847,3.972,0.500
-3.971,4.067,0.500
-3.891,3.954,0.500
-3.898,3.930,0.500
-3.875,3.876,0.500
-4.034,4.004,0.500
-3.957,3.897,0.500
-3.929,3.839,0.500
-4.085,3.961,0.500
-3.998,3.846,0.500
-4.099,3.912,0.500
-3.958,3.747,0.500
-4.048,3.803,0.500
-4.041,3.766,0.500
-4.182,3.867,0.500
-4.083,3.747,0.500
-4.103,3.735,0.500
-4.126,3.726,0.500
-4.225,3.785,0.500
-4.151,3.690,0.500
-4.143,3.654,0.500
-4.166,3.645,0.500
-4.180,3.629,0.500
-4.190,3.609,0.500
-4.213,3.600,0.500
-4.223,3.579,0.500
-4.241,3.567,0.500
-4.383,3.656,0.500
-4.269,3.533,0.500
-4.283,3.516,0.500
-4.297,3.500,0.500
-4.430,3.580,0.500
-4.320,3.462,0.500
-4.343,3.453,0.500
-4.337,3.420,0.500
-4.500,3.520,0.500
-4.495,3.488,0.500
-4.387,3.377,0.500
-4.414,3.370,0.500
-4.527,3.428,0.500
-4.436,3.332,0.500
-4.429,3.300,0.500
-4.447,3.286,0.500
-4.599,3.370,0.500
-4.497,3.269,0.500
-4.573,3.296,0.500
-4.498,3.216,0.500
-4.516,3.202,0.500
-4.538,3.191,0.500
-4.551,3.173,0.500
-4.671,3.229,0.500
-4.590,3.147,0.500
-4.578,3.112,0.500
-4.610,3.108,0.500
-4.597,3.073,0.500
-4.609,3.055,0.500
-4.626,3.040,0.500
-4.633,3.019,0.500
-4.843,3.128,0.500
-4.667,2.989,0.500
-4.673,2.967,0.500
-4.654,2.929,0.500
-4.778,2.981,0.500
-4.630,2.864,0.500
-4.836,2.965,0.500
-4.726,2.872,0.500
-4.674,2.815,0.500
-4.764,2.844,0.500
-4.691,2.775,0.500
-4.712,2.763,0.500
-4.802,2.790,0.500
-4.875,2.807,0.500
-4.855,2.770,0.500
-4.892,2.766,0.500
-4.755,2.664,0.500
-4.792,2.660,0.500
-4.781,2.630,0.500
-4.898,2.669,0.500
-4.807,2.595,0.500
-4.812,2.573,0.500
-4.816,2.551,0.500
-4.976,2.611,0.500
-4.976,2.586,0.500
-4.986,2.566,0.500
-4.861,2.478,0.500
-4.898,2.473,0.500
-4.994,2.497,0.500
-4.868,2.410,0.500
-4.894,2.399,0.500
-4.915,2.385,0.500
-4.929,2.368,0.500
-5.037,2.396,0.500
-4.937,2.324,0.500
-4.940,2.302,0.500
-4.988,2.301,0.500
-4.964,2.266,0.500
-4.973,2.246,0.500
-5.119,2.288,0.500
-4.973,2.200,0.500
-4.993,2.185,0.500
-5.002,2.165,0.500
-5.016,2.148,0.500
-5.019,2.126,0.500
-5.172,2.167,0.500
-5.153,2.135,0.500
-5.032,2.062,0.500
-5.068,2.054,0.500
-5.410,2.168,0.500
-5.050,2.000,0.500
-5.081,1.990,0.500
-5.071,1.963,0.500
-5.248,2.008,0.500
-5.092,1.925,0.500
-5.094,1.903,0.500
-5.142,1.898,0.500
-5.121,1.867,0.500
-5.128,1.847,0.500
-5.141,1.829,0.500
-5.148,1.809,0.500
-5.275,1.830,0.500
-5.150,1.764,0.500
-5.146,1.740,0.500
-5.176,1.728,0.500
-5.393,1.777,0.500
-5.172,1.681,0.500
-5.334,1.711,0.500
-5.335,1.688,0.500
-5.426,1.694,0.500
-5.221,1.607,0.500
-5.215,1.583,0.500
-5.216,1.561,0.500
-5.315,1.568,0.500
-5.430,1.579,0.500
-5.298,1.518,0.500
-5.351,1.510,0.500
-5.298,1.473,0.500
-5.257,1.439,0.500
-5.697,1.536,0.500
-5.345,1.418,0.500
-5.321,1.389,0.500
-5.367,1.379,0.500
-5.465,1.381,0.500
-5.384,1.338,0.500
-5.522,1.350,0.500
-5.400,1.297,0.500
-5.532,1.306,0.500
-5.514,1.279,0.500
-5.553,1.265,0.500
-5.402,1.208,0.500
-5.413,1.189,0.500
-5.429,1.170,0.500
-5.422,1.146,0.500
-5.432,1.126,0.500
-5.587,1.135,0.500
-5.435,1.082,0.500
-5.439,1.061,0.500
-5.437,1.038,0.500
-5.576,1.042,0.500
-5.440,0.994,0.500
-5.443,0.973,0.500
-5.471,0.956,0.500
-5.463,0.932,0.500
-5.618,0.936,0.500
-5.452,0.886,0.500
-5.491,0.871,0.500
-5.495,0.849,0.500
-5.627,0.847,0.500
-5.471,0.802,0.500
-5.474,0.780,0.500
-5.489,0.760,0.500
-5.633,0.758,0.500
-5.495,0.717,0.500
-5.498,0.695,0.500
-5.507,0.675,0.500
-5.539,0.656,0.500
-5.518,0.632,0.500
-5.472,0.605,0.500
-5.534,0.590,0.500
-5.660,0.581,0.500
-5.592,0.552,0.500
-5.511,0.522,0.500
-5.501,0.499,0.500
-5.744,0.498,0.500
-5.653,0.468,0.500
-5.590,0.441,0.500
-5.621,0.421,0.500
-5.623,0.399,0.500
-5.746,0.385,0.500
-5.632,0.355,0.500
-5.574,0.330,0.500
-5.587,0.308,0.500
-5.763,0.295,0.500
-5.607,0.265,0.500
-5.608,0.243,0.500
-5.645,0.223,0.500
-5.784,0.205,0.500
-5.605,0.177,0.500
-5.825,0.161,0.500
-5.636,0.134,0.500
-5.612,0.111,0.500
-5.595,0.089,0.500
-5.625,0.067,0.500
-5.799,0.046,0.500
-5.619,0.023,0.500
-5.613,0.001,0.500
-5.655,-0.021,0.500
-5.753,-0.044,0.500
-5.713,-0.066,0.500
-5.701,-0.089,0.500
-5.718,-0.111,0.500
-5.700,-0.133,0.500
-5.711,-0.156,0.500
-5.693,-0.178,0.500
-5.847,-0.206,0.500
-5.709,-0.223,0.500
-5.690,-0.245,0.500
-5.689,-0.267,0.500
-5.865,-0.299,0.500
-5.693,-0.312,0.500
-5.868,-0.345,0.500
-5.708,-0.358,0.500
-5.677,-0.379,0.500
-5.705,-0.403,0.500
-5.686,-0.424,0.500
-5.827,-0.458,0.500
-5.908,-0.487,0.500
-5.890,-0.509,0.500
-5.713,-0.517,0.500
-5.896,-0.557,0.500
-5.726,-0.563,0.500
-5.729,-0.586,0.500
-5.773,-0.614,0.500
-5.990,-0.660,0.500
-5.756,-0.658,0.500
-5.754,-0.680,0.500
-5.740,-0.701,0.500
-5.871,-0.741,0.500
-5.745,-0.748,0.500
-5.731,-0.769,0.500
-5.872,-0.811,0.500
-5.719,-0.813,0.500
-5.882,-0.860,0.500
-5.707,-0.857,0.500
-5.782,-0.892,0.500
-5.795,-0.917,0.500
-5.949,-0.965,0.500
-5.777,-0.961,0.500
-5.898,-1.005,0.500
-5.774,-1.007,0.500
-5.776,-1.031,0.500
-5.907,-1.078,0.500
-5.757,-1.074,0.500
-5.741,-1.094,0.500
-5.753,-1.120,0.500
-5.900,-1.173,0.500
-5.890,-1.195,0.500
-5.729,-1.186,0.500
-5.735,-1.210,0.500
-5.934,-1.277,0.500
-5.780,-1.267,0.500
-5.812,-1.298,0.500
-5.786,-1.316,0.500
-5.928,-1.373,0.500
-5.897,-1.390,0.500
-5.770,-1.384,0.500
-5.764,-1.407,0.500
-5.759,-1.430,0.500
-5.764,-1.455,0.500
-5.774,-1.482,0.500
-5.894,-1.537,0.500
-5.741,-1.521,0.500
-5.730,-1.542,0.500
-5.740,-1.569,0.500
-5.749,-1.596,0.500
-5.732,-1.616,0.500
-5.856,-1.675,0.500
-5.698,-1.655,0.500
-5.697,-1.679,0.500
-5.846,-1.747,0.500
-5.652,-1.714,0.500
-5.811,-1.787,0.500
-5.638,-1.758,0.500
-5.647,-1.785,0.500
-5.656,-1.812,0.500
-5.773,-1.875,0.500
-5.688,-1.872,0.500
-5.737,-1.913,0.500
-5.611,-1.896,0.500
-5.583,-1.911,0.500
-5.575,-1.932,0.500
-5.594,-1.964,0.500
-5.734,-2.038,0.500
-5.599,-2.015,0.500
-5.565,-2.027,0.500
-5.552,-2.047,0.500
-5.691,-2.124,0.500
-5.541,-2.093,0.500
-5.649,-2.159,0.500
-5.560,-2.150,0.500
-5.711,-2.235,0.500
-5.629,-2.228,0.500
-5.679,-2.273,0.500
-5.551,-2.247,0.500
-5.547,-2.271,0.500
-5.627,-2.330,0.500
-5.529,-2.315,0.500
-5.599,-2.370,0.500
-5.506,-2.356,0.500
-5.516,-2.386,0.500
-5.492,-2.401,0.500
-5.610,-2.479,0.500
-5.488,-2.451,0.500
-5.453,-2.461,0.500
-5.458,-2.490,0.500
-5.454,-2.513,0.500
-5.429,-2.528,0.500
-5.540,-2.606,0.500
-5.389,-2.561,0.500
-5.394,-2.589,0.500
-5.403,-2.620,0.500
-5.378,-2.634,0.500
-5.445,-2.693,0.500
-5.406,-2.700,0.500
-5.414,-2.731,0.500
-5.511,-2.807,0.500
-5.468,-2.812,0.500
-5.386,-2.797,0.500
-5.380,-2.821,0.500
-5.350,-2.832,0.500
-5.348,-2.858,0.500
-5.346,-2.884,0.500
-5.432,-2.958,0.500
-5.333,-2.931,0.500
-5.358,-2.972,0.500
-5.356,-2.999,0.500
-5.293,-2.991,0.500
-5.444,-3.105,0.500
-5.325,-3.064,0.500
-5.331,-3.096,0.500
-5.425,-3.179,0.500
-5.288,-3.127,0.500
-5.258,-3.137,0.500
-5.264,-3.168,0.500
-5.247,-3.186,0.500
-5.243,-3.212,0.500
-5.305,-3.279,0.500
-5.204,-3.245,0.500
-5.209,-3.276,0.500
-5.249,-3.330,0.500
-5.214,-3.337,0.500
-5.240,-3.382,0.500
-5.307,-3.456,0.500
-5.196,-3.412,0.500
-5.208,-3.450,0.500
-5.169,-3.453,0.500
-5.143,-3.465,0.500
-5.150,-3.499,0.500
-5.224,-3.580,0.500
-5.076,-3.507,0.500
-5.159,-3.595,0.500
-5.259,-3.695,0.500
-5.126,-3.632,0.500
-5.129,-3.664,0.500
-5.098,-3.672,0.500
-5.188,-3.769,0.500
-5.154,-3.774,0.500
-5.115,-3.777,0.500
-5.092,-3.791,0.500
-5.093,-3.823,0.500
-5.070,-3.837,0.500
-5.051,-3.854,0.500
-5.137,-3.951,0.500
-5.106,-3.960,0.500
-5.052,-3.950,0.500
-5.044,-3.975,0.500
-5.013,-3.983,0.500
-5.024,-4.024,0.500
-5.094,-4.113,0.500
-4.977,-4.051,0.500
-4.961,-4.071,0.500
-4.953,-4.096,0.500
-4.933,-4.113,0.500
-4.983,-4.188,0.500
-5.032,-4.263,0.500
-4.947,-4.224,0.500
-4.923,-4.237,0.500
-4.903,-4.253,0.500
-4.875,-4.263,0.500
-4.876,-4.298,0.500
-4.976,-4.420,0.500
-4.885,-4.374,0.500
-4.854,-4.381,0.500
-4.843,-4.406,0.500
-4.916,-4.507,0.500
-4.816,-4.451,0.500
-4.809,-4.479,0.500
-4.835,-4.540,0.500
-4.811,-4.552,0.500
-4.882,-4.657,0.500
-4.844,-4.657,0.500
-4.770,-4.622,0.500
-4.735,-4.624,0.500
-4.707,-4.633,0.500
-4.764,-4.726,0.500
-4.733,-4.732,0.500
-4.822,-4.859,0.500
-4.771,-4.846,0.500
-4.670,-4.781,0.500
-4.746,-4.896,0.500
-4.670,-4.857,0.500
-4.661,-4.885,0.500
-4.641,-4.903,0.500
-4.698,-5.002,0.500
-4.723,-5.068,0.500
-4.632,-5.010,0.500
-4.612,-5.028,0.500
-4.586,-5.039,0.500
-4.637,-5.135,0.500
-4.544,-5.072,0.500
-4.562,-5.133,0.500
-4.562,-5.173,0.500
-4.524,-5.172,0.500
-4.498,-5.183,0.500
-4.515,-5.243,0.500
-4.533,-5.306,0.500
-4.473,-5.279,0.500
-4.458,-5.303,0.500
-4.524,-5.424,0.500
-4.534,-5.480,0.500
-4.441,-5.411,0.500
-4.420,-5.428,0.500
-4.399,-5.446,0.500
-4.445,-5.547,0.500
-4.387,-5.519,0.500
-4.434,-5.624,0.500
-4.331,-5.537,0.500
-4.327,-5.577,0.500
-4.297,-5.584,0.500
-4.338,-5.683,0.500
-4.259,-5.625,0.500
-4.269,-5.684,0.500
-4.312,-5.788,0.500
-4.226,-5.721,0.500
-4.199,-5.731,0.500
-4.184,-5.757,0.500
-4.156,-5.767,0.500
-4.192,-5.866,0.500
-4.199,-5.924,0.500
-4.123,-5.865,0.500
-4.095,-5.875,0.500
-4.075,-5.894,0.500
-4.112,-5.999,0.500
-4.024,-5.919,0.500
-4.067,-6.034,0.500
-4.008,-5.998,0.500
-3.989,-6.020,0.500
-3.976,-6.052,0.500
-3.991,-6.127,0.500
-3.916,-6.063,0.500
-3.885,-6.068,0.500
-3.874,-6.104,0.500
-3.869,-6.149,0.500
-3.849,-6.171,0.500
-3.825,-6.186,0.500
-3.849,-6.280,0.500
-3.768,-6.202,0.500
-3.752,-6.231,0.500
-3.741,-6.269,0.500
-3.746,-6.333,0.500
-3.674,-6.268,0.500
-3.656,-6.292,0.500
-3.679,-6.390,0.500
-3.604,-6.317,0.500
-3.579,-6.331,0.500
-3.556,-6.349,0.500
-3.582,-6.454,0.500
-3.508,-6.380,0.500
-3.460,-6.352,0.500
-3.430,-6.355,0.500
-3.412,-6.383,0.500
-3.385,-6.393,0.500
-3.400,-6.482,0.500
-3.328,-6.405,0.500
-3.303,-6.418,0.500
-3.283,-6.441,0.500
-3.305,-6.549,0.500
-3.234,-6.471,0.500
-3.207,-6.480,0.500
-3.179,-6.489,0.500
-3.128,-6.447,0.500
-3.101,-6.456,0.500
-3.077,-6.471,0.500
-3.099,-6.584,0.500
-3.024,-6.492,0.500
-3.002,-6.511,0.500
-3.016,-6.610,0.500
-2.956,-6.545,0.500
-2.924,-6.542,0.500
-2.901,-6.561,0.500
-2.931,-6.699,0.500
-2.848,-6.580,0.500
-2.816,-6.576,0.500
-2.782,-6.568,0.500
-2.770,-6.613,0.500
-2.764,-6.672,0.500
-2.697,-6.582,0.500
-2.712,-6.693,0.500
-2.646,-6.606,0.500
-2.619,-6.613,0.500
-2.596,-6.631,0.500
-2.600,-6.720,0.500
-2.539,-6.640,0.500
-2.507,-6.634,0.500
-2.486,-6.655,0.500
-2.500,-6.775,0.500
-2.435,-6.679,0.500
-2.413,-6.700,0.500
-2.415,-6.789,0.500
-2.359,-6.715,0.500
-2.329,-6.716,0.500
-2.303,-6.725,0.500
-2.277,-6.734,0.500
-2.253,-6.751,0.500
-2.225,-6.756,0.500
-2.198,-6.764,0.500
-2.211,-6.896,0.500
-2.146,-6.785,0.500
-2.114,-6.774,0.500
-2.080,-6.759,0.500
-2.098,-6.914,0.500
-2.038,-6.814,0.500
-1.996,-6.771,0.500
-1.965,-6.763,0.500
-1.975,-6.896,0.500
-1.915,-6.790,0.500
-1.914,-6.888,0.500
-1.861,-6.801,0.500
-1.842,-6.836,0.500
-1.810,-6.823,0.500
-1.804,-6.910,0.500
-1.756,-6.837,0.500
-1.727,-6.836,0.500
-1.700,-6.843,0.500
-1.673,-6.849,0.500
-1.650,-6.872,0.500
-1.621,-6.870,0.500
-1.618,-6.980,0.500
-1.566,-6.875,0.500
-1.560,-6.977,0.500
-1.512,-6.891,0.500
-1.485,-6.897,0.500
-1.477,-6.991,0.500
-1.453,-7.013,0.500
-1.404,-6.914,0.500
-1.377,-6.919,0.500
-1.350,-6.929,0.500
-1.322,-6.930,0.500
-1.297,-6.943,0.500
-1.269,-6.944,0.500
-1.259,-7.046,0.500
-1.230,-7.043,0.500
-1.203,-7.052,0.500
-1.174,-7.052,0.500
-1.131,-6.963,0.500
-1.103,-6.964,0.500
-1.071,-6.935,0.500
-1.047,-6.964,0.500
-1.021,-6.976,0.500
-0.992,-6.964,0.500
-0.968,-6.996,0.500
-0.937,-6.971,0.500
-0.912,-6.991,0.500
-0.898,-7.101,0.500
-0.861,-7.035,0.500
-0.840,-7.092,0.500
-0.796,-6.955,0.500
-0.769,-6.962,0.500
-0.747,-7.015,0.500
-0.717,-6.993,0.500
-0.699,-7.091,0.500
-0.665,-7.028,0.500
-0.633,-6.989,0.500
-0.612,-7.066,0.500
-0.577,-6.972,0.500
-0.550,-6.979,0.500
-0.529,-7.076,0.500
-0.496,-6.995,0.500
-0.473,-7.064,0.500
-0.446,-7.086,0.500
-0.413,-6.992,0.500
-0.384,-6.973,0.500
-0.360,-7.029,0.500
-0.335,-7.088,0.500
-0.302,-6.981,0.500
-0.275,-6.982,0.500
-0.247,-6.979,0.500
-0.224,-7.101,0.500
-0.193,-7.006,0.500
-0.165,-7.003,0.500
-0.138,-6.990,0.500
-0.110,-6.982,0.500
-0.084,-7.104,0.500
-0.055,-7.000,0.500
-0.028,-7.104,0.500
-0.000,-7.000,0.500
0.027,-7.004,0.500
0.055,-6.996,0.500
0.082,-7.000,0.500
0.109,-6.991,0.500
0.137,-6.990,0.500
0.165,-7.011,0.500
0.192,-6.993,0.500
0.222,-7.084,0.500
0.250,-7.084,0.500
0.274,-6.995,0.500
0.302,-6.990,0.500
0.328,-6.967,0.500
0.362,-7.083,0.500
0.383,-6.960,0.500
0.411,-6.984,0.500
0.446,-7.090,0.500
0.467,-6.989,0.500
0.494,-6.979,0.500
0.521,-6.977,0.500
0.551,-7.008,0.500
0.576,-6.977,0.500
0.612,-7.074,0.500
0.631,-6.972,0.500
0.658,-6.969,0.500
0.686,-6.971,0.500
0.714,-6.968,0.500
0.740,-6.957,0.500
0.778,-7.053,0.500
0.806,-7.046,0.500
0.822,-6.948,0.500
0.850,-6.949,0.500
0.875,-6.933,0.500
0.905,-6.946,0.500
0.947,-7.053,0.500
0.961,-6.951,0.500
0.998,-7.017,0.500
1.015,-6.939,0.500
1.056,-7.026,0.500
1.068,-6.918,0.500
1.095,-6.914,0.500
1.122,-6.910,0.500
1.148,-6.897,0.500
1.178,-6.909,0.500
1.239,-7.102,0.500
1.230,-6.887,0.500
1.255,-6.874,0.500
1.283,-6.873,0.500
1.311,-6.876,0.500
1.357,-6.965,0.500
1.369,-6.886,0.500
1.412,-6.958,0.500
1.418,-6.847,0.500
1.444,-6.837,0.500
1.471,-6.835,0.500
1.525,-6.951,0.500
1.525,-6.824,0.500
1.579,-6.939,0.500
1.594,-6.877,0.500
1.608,-6.817,0.500
1.672,-6.964,0.500
1.686,-6.906,0.500
1.724,-6.943,0.500
1.728,-6.844,0.500
1.754,-6.833,0.500
1.781,-6.826,0.500
1.837,-6.930,0.500
1.830,-6.796,0.500
1.862,-6.809,0.500
1.886,-6.789,0.500
1.920,-6.810,0.500
1.973,-6.893,0.500
1.985,-6.834,0.500
1.997,-6.775,0.500
2.021,-6.759,0.500
2.074,-6.838,0.500
2.101,-6.830,0.500
2.092,-6.707,0.500
2.126,-6.723,0.500
2.150,-6.706,0.500
2.194,-6.753,0.500
2.217,-6.732,0.500
2.284,-6.847,0.500
2.276,-6.734,0.500
2.334,-6.817,0.500
2.330,-6.720,0.500
2.355,-6.707,0.500
2.381,-6.698,0.500
2.437,-6.769,0.500
2.469,-6.774,0.500
2.460,-6.669,0.500
2.485,-6.656,0.500
2.511,-6.646,0.500
2.546,-6.659,0.500
2.615,-6.761,0.500
2.648,-6.766,0.500
2.663,-6.726,0.500
2.664,-6.652,0.500
2.690,-6.642,0.500
2.717,-6.635,0.500
2.742,-6.620,0.500
2.768,-6.609,0.500
2.831,-6.687,0.500
2.821,-6.591,0.500
2.894,-6.689,0.500
2.910,-6.653,0.500
2.897,-6.554,0.500
2.938,-6.575,0.500
2.972,-6.582,0.500
3.001,-6.577,0.500
3.066,-6.651,0.500
3.087,-6.628,0.500
3.121,-6.634,0.500
3.099,-6.519,0.500
3.122,-6.503,0.500
3.170,-6.537,0.500
3.234,-6.601,0.500
3.223,-6.515,0.500
3.252,-6.510,0.500
3.274,-6.490,0.500
3.298,-6.473,0.500
3.331,-6.474,0.500
3.399,-6.544,0.500
3.426,-6.534,0.500
3.407,-6.435,0.500
3.476,-6.503,0.500
3.450,-6.394,0.500
3.475,-6.380,0.500
3.494,-6.356,0.500
3.551,-6.401,0.500
3.580,-6.393,0.500
3.588,-6.349,0.500
3.550,-6.224,0.500
3.568,-6.200,0.500
3.647,-6.279,0.500
3.594,-6.133,0.500
3.618,-6.119,0.500
3.613,-6.055,0.500
3.639,-6.044,0.500
3.686,-6.069,0.500
3.657,-5.969,0.500
3.696,-5.979,0.500
3.713,-5.954,0.500
3.659,-5.816,0.500
3.733,-5.882,0.500
3.676,-5.743,0.500
3.758,-5.820,0.500
3.711,-5.699,0.500
3.719,-5.662,0.500
3.790,-5.721,0.500
3.763,-5.632,0.500
3.785,-5.618,0.500
3.820,-5.621,0.500
3.773,-5.505,0.500
3.773,-5.460,0.500
3.784,-5.430,0.500
3.877,-5.516,0.500
3.888,-5.486,0.500
3.920,-5.486,0.500
3.934,-5.459,0.500
3.890,-5.354,0.500
3.917,-5.347,0.500
3.929,-5.320,0.500
3.953,-5.308,0.500
3.977,-5.296,0.500
4.067,-5.372,0.500
4.032,-5.284,0.500
4.036,-5.246,0.500
4.059,-5.233,0.500
4.142,-5.297,0.500
4.065,-5.157,0.500
4.074,-5.126,0.500
4.112,-5.132,0.500
4.132,-5.116,0.500
4.211,-5.172,0.500
4.166,-5.076,0.500
4.180,-5.053,0.500
4.203,-5.040,0.500
4.228,-5.030,0.500
4.239,-5.003,0.500
4.262,-4.990,0.500
4.290,-4.984,0.500
4.298,-4.953,0.500
4.326,-4.946,0.500
4.352,-4.936,0.500
4.362,-4.909,0.500
4.324,-4.828,0.500
4.469,-4.951,0.500
4.470,-4.912,0.500
4.467,-4.871,0.500
4.448,-4.812,0.500
4.428,-4.752,0.500
4.531,-4.825,0.500
4.458,-4.710,0.500
4.487,-4.703,0.500
4.508,-4.689,0.500
4.583,-4.729,0.500
4.532,-4.640,0.500
4.630,-4.703,0.500
4.568,-4.604,0.500
4.545,-4.545,0.500
4.556,-4.520,0.500
4.673,-4.600,0.500
4.688,-4.578,0.500
4.612,-4.469,0.500
4.727,-4.545,0.500
4.738,-4.520,0.500
4.675,-4.425,0.500
4.674,-4.390,0.500
4.710,-4.388,0.500
4.727,-4.369,0.500
4.829,-4.429,0.500
4.829,-4.394,0.500
4.767,-4.304,0.500
4.777,-4.278,0.500
4.797,-4.263,0.500
4.810,-4.241,0.500
4.834,-4.228,0.500
4.817,-4.180,0.500
4.811,-4.142,0.500
4.842,-4.136,0.500
4.847,-4.107,0.500
4.953,-4.164,0.500
4.887,-4.075,0.500
4.891,-4.046,0.500
4.903,-4.024,0.500
4.938,-4.020,0.500
4.962,-4.007,0.500
4.962,-3.975,0.500
5.085,-4.041,0.500
4.985,-3.930,0.500
5.036,-3.938,0.500
5.024,-3.897,0.500
5.039,-3.877,0.500
5.006,-3.821,0.500
5.167,-3.911,0.500
5.171,-3.882,0.500
5.035,-3.749,0.500
5.090,-3.760,0.500
5.085,-3.725,0.500
5.136,-3.731,0.500
5.219,-3.760,0.500
5.124,-3.662,0.500
5.134,-3.639,0.500
5.124,-3.601,0.500
5.281,-3.681,0.500
5.173,-3.575,0.500
5.277,-3.617,0.500
5.205,-3.537,0.500
5.214,-3.514,0.500
5.241,-3.502,0.500
5.358,-3.550,0.500
5.297,-3.480,0.500
5.260,-3.426,0.500
5.252,-3.391,0.500
5.300,-3.393,0.500
5.398,-3.425,0.500
5.322,-3.348,0.500
5.335,-3.327,0.500
5.357,-3.312,0.500
5.451,-3.340,0.500
5.370,-3.262,0.500
5.391,-3.246,0.500
5.395,-3.219,0.500
5.346,-3.162,0.500
5.468,-3.205,0.500
5.384,-3.127,0.500
5.383,-3.098,0.500
5.514,-3.145,0.500
5.509,-3.114,0.500
5.424,-3.037,0.500
5.427,-3.011,0.500
5.434,-2.987,0.500
5.477,-2.983,0.500
5.462,-2.947,0.500
5.594,-2.990,0.500
5.485,-2.904,0.500
5.501,-2.885,0.500
5.535,-2.875,0.500
5.649,-2.906,0.500
5.638,-2.873,0.500
5.545,-2.798,0.500
5.575,-2.785,0.500
5.553,-2.747,0.500
5.696,-2.791,0.500
5.542,-2.688,0.500
5.618,-2.697,0.500
5.548,-2.637,0.500
5.573,-2.622,0.500
5.583,-2.600,0.500
5.608,-2.585,0.500
5.775,-2.635,0.500
5.594,-2.526,0.500
5.585,-2.495,0.500
5.590,-2.471,0.500
5.629,-2.462,0.500
5.633,-2.438,0.500
5.766,-2.468,0.500
5.657,-2.395,0.500
5.842,-2.446,0.500
5.690,-2.357,0.500
5.814,-2.381,0.500
5.709,-2.312,0.500
5.698,-2.282,0.500
5.717,-2.263,0.500
5.841,-2.286,0.500
5.735,-2.218,0.500
5.738,-2.194,0.500
5.742,-2.170,0.500
5.750,-2.147,0.500
5.759,-2.124,0.500
5.777,-2.105,0.500
5.892,-2.121,0.500
5.783,-2.056,0.500
5.747,-2.018,0.500
5.785,-2.006,0.500
5.930,-2.030,0.500
5.869,-1.984,0.500
5.921,-1.975,0.500
5.780,-1.903,0.500
6.061,-1.969,0.500
5.920,-1.898,0.500
5.907,-1.868,0.500
5.784,-1.804,0.500
5.816,-1.789,0.500
5.808,-1.762,0.500
6.005,-1.796,0.500
5.837,-1.721,0.500
5.839,-1.696,0.500
5.825,-1.667,0.500
5.842,-1.647,0.500
5.975,-1.660,0.500
5.986,-1.637,0.500
5.866,-1.580,0.500
5.856,-1.553,0.500
5.873,-1.532,0.500
5.899,-1.515,0.500
5.890,-1.487,0.500
6.028,-1.497,0.500
5.906,-1.442,0.500
5.896,-1.415,0.500
5.918,-1.396,0.500
5.918,-1.372,0.500
5.923,-1.348,0.500
6.067,-1.356,0.500
5.923,-1.299,0.500
6.037,-1.299,0.500
5.949,-1.256,0.500
5.938,-1.230,0.500
6.107,-1.240,0.500
5.963,-1.186,0.500
5.957,-1.161,0.500
6.086,-1.161,0.500
5.966,-1.114,0.500
6.069,-1.108,0.500
5.980,-1.068,0.500
6.000,-1.047,0.500
5.988,-1.021,0.500
5.982,-0.995,0.500
6.012,-0.976,0.500
5.979,-0.947,0.500
6.113,-0.943,0.500
6.137,-0.922,0.500
6.032,-0.882,0.500
6.025,-0.857,0.500
6.007,-0.831,0.500
6.227,-0.836,0.500
6.092,-0.794,0.500
6.090,-0.769,0.500
6.139,-0.751,0.500
6.106,-0.723,0.500
6.078,-0.695,0.500
6.295,-0.695,0.500
6.093,-0.648,0.500
6.111,-0.626,0.500
6.119,-0.602,0.500
6.235,-0.589,0.500
6.160,-0.558,0.500
6.131,-0.531,0.500
6.133,-0.507,0.500
6.417,-0.505,0.500
6.137,-0.459,0.500
6.257,-0.443,0.500
6.114,-0.409,0.500
6.131,-0.386,0.500
6.138,-0.362,0.500
6.165,-0.339,0.500
6.182,-0.316,0.500
6.142,-0.289,0.500
6.236,-0.269,0.500
6.144,-0.241,0.500
6.145,-0.217,0.500
6.151,-0.193,0.500
6.141,-0.169,0.500
6.245,-0.147,0.500
6.137,-0.120,0.500
6.241,-0.098,0.500
6.211,-0.073,0.500
6.143,-0.048,0.500
6.138,-0.024,0.500
6.293,0.000,1.000
6.232,0.025,1.000
6.221,0.049,1.000
6.231,0.074,1.000
6.327,0.100,1.000
6.220,0.122,1.000
6.209,0.147,1.000
6.224,0.171,1.000
6.345,0.200,1.000
6.217,0.220,1.000
6.343,0.249,1.000
6.226,0.269,1.000
6.366,0.300,1.000
6.203,0.317,1.000
6.212,0.342,1.000
6.262,0.370,1.000
6.204,0.391,1.000
6.319,0.423,1.000
6.247,0.443,1.000
6.265,0.469,1.000
6.258,0.493,1.000
6.386,0.528,1.000
6.279,0.544,1.000
6.372,0.577,1.000
6.260,0.592,1.000
6.263,0.617,1.000
6.260,0.642,1.000
6.242,0.665,1.000
6.379,0.705,1.000
6.439,0.737,1.000
6.244,0.739,1.000
6.246,0.764,1.000
6.248,0.790,1.000
6.364,0.830,1.000
6.297,0.846,1.000
6.278,0.869,1.000
6.300,0.897,1.000
6.408,0.938,1.000
6.292,0.946,1.000
6.279,0.970,1.000
6.290,0.996,1.000
6.281,1.020,1.000
6.262,1.043,1.000
6.287,1.072,1.000
6.283,1.097,1.000
6.394,1.142,1.000
6.255,1.143,1.000
6.250,1.167,1.000
6.318,1.206,1.000
6.250,1.218,1.000
6.323,1.258,1.000
6.323,1.284,1.000
6.416,1.329,1.000
6.303,1.331,1.000
6.288,1.354,1.000
6.292,1.381,1.000
6.277,1.403,1.000
6.257,1.425,1.000
6.365,1.476,1.000
6.236,1.472,1.000
6.254,1.502,1.000
6.234,1.523,1.000
6.410,1.593,1.000
6.293,1.590,1.000
6.305,1.619,1.000
6.271,1.637,1.000
6.388,1.694,1.000
6.276,1.691,1.000
6.274,1.717,1.000
6.258,1.739,1.000
6.392,1.803,1.000
6.221,1.781,1.000
6.351,1.846,1.000
6.258,1.845,1.000
6.227,1.863,1.000
6.342,1.924,1.000
6.335,1.949,1.000
6.246,1.949,1.000
6.188,1.957,1.000
6.249,2.004,1.000
6.347,2.063,1.000
6.348,2.091,1.000
6.238,2.082,1.000
6.207,2.098,1.000
6.208,2.126,1.000
6.306,2.187,1.000
6.187,2.173,1.000
6.178,2.197,1.000
6.169,2.222,1.000
6.270,2.286,1.000
6.261,2.310,1.000
6.130,2.289,1.000
6.112,2.310,1.000
6.138,2.347,1.000
6.211,2.403,1.000
6.211,2.431,1.000
6.114,2.421,1.000
6.131,2.456,1.000
6.186,2.506,1.000
6.150,2.520,1.000
6.208,2.572,1.000
6.109,2.559,1.000
6.217,2.633,1.000
6.198,2.654,1.000
6.175,2.673,1.000
6.055,2.649,1.000
6.158,2.723,1.000
6.043,2.700,1.000
6.145,2.775,1.000
6.025,2.750,1.000
6.015,2.773,1.000
5.995,2.793,1.000
6.109,2.875,1.000
5.965,2.836,1.000
6.004,2.883,1.000
6.025,2.923,1.000
6.103,2.990,1.000
5.936,2.937,1.000
5.974,2.986,1.000
5.983,3.019,1.000
5.967,3.041,1.000
5.955,3.064,1.000
6.031,3.133,1.000
5.931,3.111,1.000
5.906,3.128,1.000
5.894,3.151,1.000
6.024,3.251,1.000
5.881,3.204,1.000
5.860,3.222,1.000
5.864,3.254,1.000
6.003,3.362,1.000
5.893,3.331,1.000
5.957,3.398,1.000
5.947,3.424,1.000
5.934,3.447,1.000
5.824,3.414,1.000
5.799,3.430,1.000
5.885,3.512,1.000
5.875,3.538,1.000
5.774,3.508,1.000
5.806,3.558,1.000
5.889,3.641,1.000
5.893,3.676,1.000
5.775,3.634,1.000
5.753,3.652,1.000
5.845,3.742,1.000
5.769,3.725,1.000
5.710,3.719,1.000
5.725,3.761,1.000
5.732,3.798,1.000
5.720,3.823,1.000
5.720,3.855,1.000
5.786,3.933,1.000
5.671,3.887,1.000
5.674,3.922,1.000
5.732,3.996,1.000
5.664,3.981,1.000
5.645,4.001,1.000
5.726,4.092,1.000
5.620,4.050,1.000
5.601,4.070,1.000
5.677,4.160,1.000
5.654,4.177,1.000
5.691,4.239,1.000
5.604,4.209,1.000
5.658,4.283,1.000
5.647,4.311,1.000
5.591,4.302,1.000
5.642,4.377,1.000
5.583,4.367,1.000
5.537,4.365,1.000
5.523,4.390,1.000
5.499,4.406,1.000
5.491,4.436,1.000
5.519,4.494,1.000
5.634,4.624,1.000
5.552,4.594,1.000
5.459,4.553,1.000
5.425,4.561,1.000
5.473,4.638,1.000
5.445,4.651,1.000
5.503,4.738,1.000
5.424,4.707,1.000
5.396,4.721,1.000
5.378,4.742,1.000
5.368,4.771,1.000
5.376,4.816,1.000
5.404,4.879,1.000
5.411,4.924,1.000
5.339,4.898,1.000
5.340,4.937,1.000
5.315,4.953,1.000
5.378,5.051,1.000
5.341,5.056,1.000
5.256,5.015,1.000
5.345,5.140,1.000
5.264,5.103,1.000
5.318,5.195,1.000
5.287,5.205,1.000
5.201,5.161,1.000
5.288,5.289,1.000
5.209,5.251,1.000
5.183,5.266,1.000
5.210,5.335,1.000
5.243,5.411,1.000
5.149,5.357,1.000
5.136,5.385,1.000
5.161,5.454,1.000
5.187,5.524,1.000
5.108,5.483,1.000
5.081,5.498,1.000
5.065,5.523,1.000
5.033,5.532,1.000
5.028,5.571,1.000
4.999,5.582,1.000
5.038,5.670,1.000
4.948,5.613,1.000
4.928,5.635,1.000
4.908,5.658,1.000
4.893,5.685,1.000
4.859,5.690,1.000
4.889,5.771,1.000
4.821,5.737,1.000
4.796,5.753,1.000
4.741,5.731,1.000
4.770,5.813,1.000
4.700,5.774,1.000
4.724,5.850,1.000
4.643,5.796,1.000
4.632,5.829,1.000
4.657,5.908,1.000
4.586,5.866,1.000
4.558,5.878,1.000
4.531,5.889,1.000
4.583,6.007,1.000
4.493,5.937,1.000
4.461,5.942,1.000
4.446,5.972,1.000
4.473,6.058,1.000
4.395,6.001,1.000
4.371,6.018,1.000
4.402,6.110,1.000
4.320,6.046,1.000
4.300,6.069,1.000
4.276,6.086,1.000
4.305,6.178,1.000
4.198,6.076,1.000
4.198,6.126,1.000
4.180,6.152,1.000
4.181,6.206,1.000
4.104,6.144,1.000
4.066,6.138,1.000
4.054,6.173,1.000
4.081,6.267,1.000
4.005,6.205,1.000
4.034,6.302,1.000
3.948,6.223,1.000
3.952,6.283,1.000
3.883,6.228,1.000
3.859,6.243,1.000
3.828,6.248,1.000
3.803,6.263,1.000
3.832,6.366,1.000
3.750,6.286,1.000
3.729,6.308,1.000
3.764,6.424,1.000
3.682,6.340,1.000
3.647,6.338,1.000
3.681,6.455,1.000
3.601,6.373,1.000
3.553,6.346,1.000
3.522,6.350,1.000
3.555,6.469,1.000
3.480,6.391,1.000
3.453,6.401,1.000
3.433,6.425,1.000
3.459,6.534,1.000
3.388,6.462,1.000
3.391,6.530,1.000
3.328,6.471,1.000
3.350,6.577,1.000
3.274,6.490,1.000
3.295,6.596,1.000
3.202,6.473,1.000
3.180,6.493,1.000
3.154,6.505,1.000
3.168,6.599,1.000
3.096,6.515,1.000
3.076,6.538,1.000
3.095,6.646,1.000
3.062,6.644,1.000
2.997,6.570,1.000
2.974,6.589,1.000
2.947,6.597,1.000
2.923,6.613,1.000
2.906,6.646,1.000
2.912,6.732,1.000
2.840,6.636,1.000
2.831,6.687,1.000
2.772,6.621,1.000
2.743,6.624,1.000
2.714,6.627,1.000
2.736,6.756,1.000
2.697,6.737,1.000
2.646,6.685,1.000
2.614,6.680,1.000
2.626,6.791,1.000
2.594,6.786,1.000
2.534,6.707,1.000
2.507,6.717,1.000
2.481,6.727,1.000
2.487,6.826,1.000
2.444,6.791,1.000
2.401,6.756,1.000
2.373,6.761,1.000
2.348,6.774,1.000
2.345,6.851,1.000
2.291,6.781,1.000
2.248,6.740,1.000
2.221,6.748,1.000
2.197,6.765,1.000
2.173,6.781,1.000
2.177,6.886,1.000
2.120,6.798,1.000
2.086,6.783,1.000
2.065,6.811,1.000
2.065,6.908,1.000
2.040,6.923,1.000
1.984,6.830,1.000
1.954,6.830,1.000
1.938,6.873,1.000
1.903,6.853,1.000
1.859,6.797,1.000
1.845,6.852,1.000
1.807,6.819,1.000
1.816,6.961,1.000
1.754,6.833,1.000
1.726,6.836,1.000
1.698,6.839,1.000
1.697,6.953,1.000
1.643,6.848,1.000
1.622,6.879,1.000
1.596,6.889,1.000
1.567,6.887,1.000
1.540,6.893,1.000
1.530,6.979,1.000
1.509,7.013,1.000
1.454,6.890,1.000
1.435,6.933,1.000
1.421,7.007,1.000
1.375,6.915,1.000
1.338,6.871,1.000
1.330,6.979,1.000
1.284,6.882,1.000
1.257,6.887,1.000
1.227,6.875,1.000
1.218,6.983,1.000
1.194,7.008,1.000
1.163,6.992,1.000
1.121,6.906,1.000
1.098,6.935,1.000
1.064,6.902,1.000
1.041,6.927,1.000
1.013,6.927,1.000
1.000,7.030,1.000
0.957,6.926,1.000
0.922,6.870,1.000
0.903,6.933,1.000
0.881,6.983,1.000
0.856,7.003,1.000
0.815,6.897,1.000
0.792,6.934,1.000
0.757,6.869,1.000
0.732,6.889,1.000
0.727,7.100,1.000
0.679,6.899,1.000
0.652,6.910,1.000
0.625,6.912,1.000
0.599,6.923,1.000
0.569,6.900,1.000
0.551,7.012,1.000
0.515,6.904,1.000
0.488,6.911,1.000
0.460,6.899,1.000
0.431,6.867,1.000
0.412,7.001,1.000
0.378,6.883,1.000
0.353,6.923,1.000
0.323,6.864,1.000
0.296,6.874,1.000
0.269,6.875,1.000
0.241,6.836,1.000
0.218,6.959,1.000
0.188,6.864,1.000
0.161,6.883,1.000
0.134,6.870,1.000
0.107,6.853,1.000
0.081,6.987,1.000
0.053,6.889,1.000
0.026,6.871,1.000
-0.001,6.867,1.000
-0.028,6.902,1.000
-0.056,7.000,1.000
-0.082,6.875,1.000
-0.111,6.978,1.000
-0.138,6.973,1.000
-0.163,6.861,1.000
-0.192,6.955,1.000
-0.217,6.859,1.000
-0.248,6.983,1.000
-0.271,6.862,1.000
-0.298,6.865,1.000
-0.325,6.868,1.000
-0.352,6.871,1.000
-0.385,6.973,1.000
-0.405,6.859,1.000
-0.433,6.862,1.000
-0.459,6.852,1.000
-0.486,6.845,1.000
-0.514,6.857,1.000
-0.546,6.919,1.000
-0.567,6.852,1.000
-0.596,6.872,1.000
-0.622,6.856,1.000
-0.659,6.965,1.000
-0.680,6.890,1.000
-0.708,6.900,1.000
-0.734,6.889,1.000
-0.767,6.941,1.000
-0.802,7.001,1.000
-0.828,6.989,1.000
-0.856,6.986,1.000
-0.870,6.882,1.000
-0.896,6.870,1.000
-0.924,6.874,1.000
-0.951,6.871,1.000
-0.977,6.854,1.000
-1.005,6.863,1.000
-1.034,6.868,1.000
-1.073,6.947,1.000
-1.084,6.838,1.000
-1.114,6.851,1.000
-1.143,6.859,1.000
-1.168,6.846,1.000
-1.210,6.929,1.000
-1.238,6.928,1.000
-1.265,6.919,1.000
-1.293,6.922,1.000
-1.320,6.913,1.000
-1.346,6.904,1.000
-1.355,6.807,1.000
-1.401,6.897,1.000
-1.408,6.796,1.000
-1.440,6.816,1.000
-1.473,6.835,1.000
-1.521,6.927,1.000
-1.539,6.881,1.000
-1.581,6.939,1.000
-1.607,6.929,1.000
-1.608,6.813,1.000
-1.658,6.900,1.000
-1.662,6.800,1.000
-1.690,6.798,1.000
-1.713,6.779,1.000
-1.768,6.881,1.000
-1.795,6.874,1.000
-1.793,6.758,1.000
-1.850,6.864,1.000
-1.882,6.876,1.000
-1.876,6.749,1.000
-1.931,6.841,1.000
-1.928,6.730,1.000
-1.956,6.730,1.000
-1.971,6.682,1.000
-2.008,6.711,1.000
-2.067,6.810,1.000
-2.062,6.699,1.000
-2.084,6.678,1.000
-2.112,6.674,1.000
-2.167,6.757,1.000
-2.160,6.645,1.000
-2.164,6.568,1.000
-2.199,6.588,1.000
-2.215,6.550,1.000
-2.260,6.598,1.000
-2.252,6.492,1.000
-2.259,6.429,1.000
-2.280,6.407,1.000
-2.288,6.352,1.000
-2.305,6.322,1.000
-2.319,6.283,1.000
-2.380,6.371,1.000
-2.389,6.319,1.000
-2.353,6.151,1.000
-2.409,6.224,1.000
-2.372,6.057,1.000
-2.365,5.971,1.000
-2.407,6.007,1.000
-2.428,5.993,1.000
-2.428,5.924,1.000
-2.384,5.752,1.000
-2.453,5.855,1.000
-2.403,5.671,1.000
-2.389,5.579,1.000
-2.413,5.575,1.000
-2.401,5.486,1.000
-2.405,5.437,1.000
-2.430,5.437,1.000
-2.399,5.311,1.000
-2.396,5.250,1.000
-2.395,5.193,1.000
-2.391,5.131,1.000
-2.355,5.003,1.000
-2.439,5.128,1.000
-2.360,4.913,1.000
-2.369,4.881,1.000
-2.465,5.030,1.000
-2.385,4.818,1.000
-2.358,4.718,1.000
-2.391,4.737,1.000
-2.393,4.694,1.000
-2.417,4.696,1.000
-2.432,4.681,1.000
-2.463,4.693,1.000
-2.543,4.800,1.000
-2.541,4.752,1.000
-2.577,4.775,1.000
-2.527,4.637,1.000
-2.603,4.732,1.000
-2.569,4.629,1.000
-2.578,4.602,1.000
-2.606,4.608,1.000
-2.646,4.637,1.000
-2.759,4.792,1.000
-2.695,4.637,1.000
-2.681,4.572,1.000
-2.721,4.600,1.000
-2.749,4.605,1.000
-2.774,4.605,1.000
-2.881,4.741,1.000
-2.797,4.562,1.000
-2.824,4.567,1.000
-2.917,4.676,1.000
-2.857,4.539,1.000
-2.895,4.560,1.000
-2.892,4.517,1.000
-2.910,4.505,1.000
-2.931,4.499,1.000
-2.945,4.482,1.000
-2.977,4.492,1.000
-2.977,4.454,1.000
-3.005,4.458,1.000
-3.012,4.430,1.000
-3.123,4.556,1.000
-3.064,4.432,1.000
-3.075,4.410,1.000
-3.138,4.464,1.000
-3.159,4.456,1.000
-3.177,4.444,1.000
-3.187,4.421,1.000
-3.304,4.546,1.000
-3.240,4.421,1.000
-3.250,4.398,1.000
-3.346,4.492,1.000
-3.273,4.358,1.000
-3.378,4.461,1.000
-3.304,4.327,1.000
-3.321,4.314,1.000
-3.345,4.311,1.000
-3.370,4.307,1.000
-3.375,4.280,1.000
-3.475,4.371,1.000
-3.412,4.258,1.000
-3.425,4.240,1.000
-3.537,4.343,1.000
-3.466,4.222,1.000
-3.571,4.315,1.000
-3.507,4.204,1.000
-3.500,4.162,1.000
-3.524,4.158,1.000
-3.689,4.317,1.000
-3.667,4.258,1.000
-3.581,4.125,1.000
-3.693,4.220,1.000
-3.601,4.083,1.000
-3.617,4.069,1.000
-3.641,4.064,1.000
-3.641,4.031,1.000
-3.681,4.044,1.000
-3.689,4.021,1.000
-3.700,4.002,1.000
-3.720,3.992,1.000
-3.856,4.104,1.000
-3.851,4.068,1.000
-3.784,3.965,1.000
-3.778,3.928,1.000
-3.794,3.913,1.000
-3.800,3.890,1.000
-3.984,4.046,1.000
-3.848,3.877,1.000
-3.991,3.990,1.000
-3.913,3.881,1.000
-3.915,3.853,1.000
-3.917,3.825,1.000
-3.946,3.822,1.000
-3.956,3.802,1.000
-4.011,3.824,1.000
-4.034,3.817,1.000
-4.040,3.793,1.000
-4.082,3.801,1.000
-4.088,3.777,1.000
-4.194,3.845,1.000
-4.086,3.717,1.000
-4.198,3.789,1.000
-4.243,3.799,1.000
-4.152,3.688,1.000
-4.225,3.723,1.000
-4.301,3.761,1.000
-4.186,3.631,1.000
-4.304,3.704,1.000
-4.323,3.691,1.000
-4.229,3.582,1.000
-4.370,3.672,1.000
-4.252,3.545,1.000
-4.266,3.528,1.000
-4.266,3.499,1.000
-4.308,3.506,1.000
-4.317,3.485,1.000
-4.326,3.464,1.000
-4.367,3.469,1.000
-4.474,3.525,1.000
-4.366,3.413,1.000
-4.501,3.490,1.000
-4.398,3.382,1.000
-4.401,3.358,1.000
-4.419,3.344,1.000
-4.432,3.327,1.000
-4.569,3.401,1.000
-4.449,3.284,1.000
-4.562,3.341,1.000
-4.613,3.350,1.000
-4.497,3.239,1.000
-4.514,3.225,1.000
-4.551,3.224,1.000
-4.520,3.175,1.000
-4.537,3.161,1.000
-4.564,3.153,1.000
-4.592,3.146,1.000
-4.569,3.104,1.000
-4.631,3.119,1.000
-4.623,3.088,1.000
-4.605,3.050,1.000
-4.747,3.117,1.000
-4.803,3.126,1.000
-4.656,3.005,1.000
-4.743,3.035,1.000
-4.775,3.029,1.000
-4.822,3.032,1.000
-4.703,2.932,1.000
-4.704,2.907,1.000
-4.726,2.895,1.000
-4.752,2.885,1.000
-4.665,2.807,1.000
-4.811,2.869,1.000
-4.771,2.820,1.000
-4.879,2.858,1.000
-4.936,2.866,1.000
-4.730,2.721,1.000
-4.814,2.745,1.000
-4.820,2.723,1.000
-4.830,2.704,1.000
-4.846,2.688,1.000
-4.825,2.651,1.000
-4.873,2.653,1.000
-5.013,2.704,1.000
-4.893,2.614,1.000
-4.844,2.564,1.000
-4.903,2.570,1.000
-4.843,2.514,1.000
-5.003,2.572,1.000
-4.857,2.473,1.000
-5.012,2.528,1.000
-4.871,2.432,1.000
-4.902,2.424,1.000
-4.901,2.400,1.000
-4.888,2.370,1.000
-4.958,2.379,1.000
-5.097,2.422,1.000
-4.932,2.320,1.000
-5.111,2.379,1.000
-4.917,2.265,1.000
-4.970,2.266,1.000
-4.962,2.239,1.000
-4.999,2.232,1.000
-5.013,2.215,1.000
-4.977,2.176,1.000
-5.003,2.164,1.000
-5.166,2.210,1.000
-5.031,2.129,1.000
-5.178,2.167,1.000
-5.181,2.145,1.000
-5.016,2.053,1.000
-5.052,2.045,1.000
-5.077,2.032,1.000
-5.068,2.005,1.000
-5.211,2.038,1.000
-5.084,1.965,1.000
-5.120,1.956,1.000
-5.339,2.016,1.000
-5.101,1.903,1.000
-5.091,1.877,1.000
-5.263,1.917,1.000
-5.134,1.847,1.000
-5.136,1.825,1.000
-5.189,1.821,1.000
-5.132,1.779,1.000
-5.255,1.798,1.000
-5.193,1.754,1.000
-5.188,1.730,1.000
-5.315,1.749,1.000
-5.184,1.683,1.000
-5.196,1.665,1.000
-5.220,1.650,1.000
-5.296,1.651,1.000
-5.303,1.630,1.000
-5.303,1.608,1.000
-5.287,1.580,1.000
-5.304,1.562,1.000
-5.470,1.588,1.000
-5.328,1.524,1.000
-5.369,1.513,1.000
-5.477,1.520,1.000
-5.340,1.460,1.000
-5.517,1.485,1.000
-5.339,1.414,1.000
-5.386,1.404,1.000
-5.380,1.380,1.000
-5.332,1.346,1.000
-5.379,1.335,1.000
-5.533,1.350,1.000
-5.383,1.291,1.000
-5.544,1.307,1.000
-5.566,1.289,1.000
-5.398,1.228,1.000
-5.409,1.208,1.000
-5.569,1.221,1.000
-5.424,1.166,1.000
-5.567,1.175,1.000
-5.421,1.121,1.000
-5.443,1.104,1.000
-5.430,1.079,1.000
-5.457,1.062,1.000
-5.601,1.067,1.000
-5.599,1.044,1.000
-5.481,1.000,1.000
-5.462,0.974,1.000
-5.459,0.952,1.000
-5.463,0.930,1.000
-5.479,0.911,1.000
-5.482,0.889,1.000
-5.468,0.865,1.000
-5.495,0.847,1.000
-5.468,0.821,1.000
-5.642,0.824,1.000
-5.622,0.799,1.000
-5.648,0.780,1.000
-5.504,0.738,1.000
-5.531,0.720,1.000
-5.486,0.692,1.000
-5.584,0.682,1.000
-5.575,0.659,1.000
-5.560,0.635,1.000
-5.592,0.616,1.000
-5.687,0.604,1.000
-5.602,0.573,1.000
-5.715,0.562,1.000
-5.774,0.544,1.000
-5.597,0.506,1.000
-5.732,0.495,1.000
-5.612,0.463,1.000
-5.614,0.441,1.000
-5.592,0.417,1.000
-5.762,0.407,1.000
-5.815,0.387,1.000
-5.626,0.353,1.000
-5.721,0.336,1.000
-5.623,0.308,1.000
-5.606,0.285,1.000
-5.654,0.265,1.000
-5.620,0.242,1.000
-5.766,0.225,1.000
-5.651,0.199,1.000
-5.779,0.180,1.000
-5.617,0.153,1.000
-5.612,0.131,1.000
-5.624,0.109,1.000
-5.707,0.088,1.000
-5.631,0.065,1.000
-5.782,0.044,1.000
-5.702,0.021,1.000
-5.702,-0.001,1.000
-5.731,-0.024,1.000
-5.730,-0.046,1.000
-5.701,-0.068,1.000
-5.718,-0.091,1.000
-5.855,-0.116,1.000
-5.682,-0.135,1.000
-5.705,-0.158,1.000
-5.710,-0.181,1.000
-5.698,-0.203,1.000
-5.703,-0.225,1.000
-5.856,-0.254,1.000
-5.701,-0.270,1.000
-5.854,-0.300,1.000
-5.836,-0.323,1.000
-5.692,-0.337,1.000
-5.878,-0.371,1.000
-5.712,-0.383,1.000
-5.785,-0.411,1.000
-5.928,-0.445,1.000
-5.888,-0.465,1.000
-5.768,-0.478,1.000
-5.988,-0.520,1.000
-5.776,-0.524,1.000
-5.751,-0.545,1.000
-5.943,-0.587,1.000
-5.758,-0.591,1.000
-5.750,-0.613,1.000
-5.903,-0.653,1.000
-5.901,-0.676,1.000
-5.748,-0.682,1.000
-5.890,-0.722,1.000
-5.821,-0.737,1.000
-5.745,-0.750,1.000
-5.826,-0.784,1.000
-5.834,-0.808,1.000
-5.934,-0.846,1.000
-5.811,-0.852,1.000
-5.807,-0.874,1.000
-5.759,-0.890,1.000
-5.811,-0.922,1.000
-5.785,-0.941,1.000
-6.003,-1.001,1.000
-5.778,-0.986,1.000
-5.926,-1.036,1.000
-5.911,-1.057,1.000
-5.755,-1.052,1.000
-5.903,-1.103,1.000
-5.752,-1.099,1.000
-5.957,-1.162,1.000
-5.968,-1.189,1.000
-5.842,-1.187,1.000
-5.959,-1.235,1.000
-5.954,-1.259,1.000
-5.795,-1.249,1.000
-5.817,-1.278,1.000
-5.938,-1.329,1.000
-5.807,-1.323,1.000
-5.780,-1.341,1.000
-5.807,-1.372,1.000
-5.780,-1.389,1.000
-5.769,-1.411,1.000
-5.785,-1.439,1.000
-5.900,-1.492,1.000
-5.868,-1.508,1.000
-5.741,-1.500,1.000
-5.767,-1.531,1.000
-5.850,-1.577,1.000
-5.718,-1.566,1.000
-5.837,-1.623,1.000
-5.695,-1.608,1.000
-5.694,-1.631,1.000
-5.703,-1.658,1.000
-5.691,-1.679,1.000
-5.669,-1.697,1.000
-5.678,-1.724,1.000
-5.660,-1.743,1.000
-5.809,-1.814,1.000
-5.847,-1.851,1.000
-5.634,-1.808,1.000
-5.762,-1.874,1.000
-5.769,-1.901,1.000
-5.613,-1.874,1.000
-5.616,-1.900,1.000
-5.732,-1.964,1.000
-5.744,-1.993,1.000
-5.655,-1.987,1.000
-5.778,-2.056,1.000
-5.644,-2.034,1.000
-5.636,-2.056,1.000
-5.623,-2.076,1.000
-5.620,-2.100,1.000
-5.612,-2.122,1.000
-5.644,-2.160,1.000
-5.709,-2.210,1.000
-5.591,-2.190,1.000
-5.731,-2.271,1.000
-5.717,-2.291,1.000
-5.545,-2.248,1.000
-5.650,-2.316,1.000
-5.547,-2.299,1.000
-5.533,-2.319,1.000
-5.534,-2.345,1.000
-5.510,-2.360,1.000
-5.480,-2.373,1.000
-5.501,-2.408,1.000
-5.506,-2.436,1.000
-5.467,-2.444,1.000
-5.462,-2.468,1.000
-5.584,-2.549,1.000
-5.635,-2.600,1.000
-5.501,-2.564,1.000
-5.491,-2.586,1.000
-5.476,-2.605,1.000
-5.461,-2.624,1.000
-5.470,-2.655,1.000
-5.455,-2.674,1.000
-5.439,-2.693,1.000
-5.438,-2.719,1.000
-5.418,-2.736,1.000
-5.412,-2.759,1.000
-5.415,-2.788,1.000
-5.566,-2.893,1.000
-5.477,-2.874,1.000
-5.358,-2.839,1.000
-5.472,-2.927,1.000
-5.345,-2.886,1.000
-5.390,-2.937,1.000
-5.383,-2.961,1.000
-5.376,-2.985,1.000
-5.359,-3.003,1.000
-5.464,-3.090,1.000
-5.336,-3.045,1.000
-5.440,-3.133,1.000
-5.410,-3.144,1.000
-5.308,-3.113,1.000
-5.385,-3.187,1.000
-5.293,-3.160,1.000
-5.271,-3.175,1.000
-5.254,-3.193,1.000
-5.237,-3.211,1.000
-5.273,-3.262,1.000
-5.373,-3.353,1.000
-5.217,-3.284,1.000
-5.243,-3.329,1.000
-5.252,-3.364,1.000
-5.336,-3.448,1.000
-5.204,-3.391,1.000
-5.212,-3.426,1.000
-5.287,-3.505,1.000
-5.181,-3.464,1.000
-5.317,-3.585,1.000
-5.295,-3.600,1.000
-5.173,-3.547,1.000
-5.172,-3.576,1.000
-5.162,-3.600,1.000
-5.229,-3.677,1.000
-5.235,-3.712,1.000
-5.115,-3.657,1.000
-5.202,-3.750,1.000
-5.119,-3.721,1.000
-5.128,-3.759,1.000
-5.121,-3.785,1.000
-5.098,-3.799,1.000
-5.067,-3.807,1.000
-5.068,-3.839,1.000
-5.045,-3.853,1.000
-5.046,-3.885,1.000
-5.101,-3.959,1.000
-5.011,-3.921,1.000
-5.035,-3.971,1.000
-5.031,-4.000,1.000
-5.007,-4.014,1.000
-4.995,-4.037,1.000
-4.972,-4.050,1.000
-4.975,-4.085,1.000
-4.985,-4.126,1.000
-4.991,-4.164,1.000
-4.967,-4.178,1.000
-4.965,-4.210,1.000
-5.021,-4.291,1.000
-4.921,-4.239,1.000
-4.908,-4.261,1.000
-4.931,-4.315,1.000
-4.914,-4.335,1.000
-4.893,-4.351,1.000
-4.883,-4.376,1.000
-4.870,-4.399,1.000
-4.949,-4.505,1.000
-4.831,-4.433,1.000
-4.913,-4.544,1.000
-4.895,-4.563,1.000
-4.840,-4.548,1.000
-4.892,-4.633,1.000
-4.784,-4.566,1.000
-4.770,-4.588,1.000
-4.745,-4.601,1.000
-4.790,-4.681,1.000
-4.761,-4.690,1.000
-4.740,-4.705,1.000
-4.718,-4.721,1.000
-4.712,-4.752,1.000
-4.770,-4.848,1.000
-4.675,-4.789,1.000
-4.784,-4.939,1.000
-4.678,-4.868,1.000
-4.757,-4.989,1.000
-4.713,-4.982,1.000
-4.672,-4.978,1.000
-4.715,-5.064,1.000
-4.609,-4.989,1.000
-4.586,-5.003,1.000
-4.591,-5.048,1.000
-4.562,-5.056,1.000
-4.677,-5.225,1.000
-4.566,-5.141,1.000
-4.554,-5.169,1.000
-4.607,-5.270,1.000
-4.499,-5.188,1.000
-4.524,-5.258,1.000
-4.478,-5.246,1.000
-4.471,-5.280,1.000
-4.462,-5.311,1.000
-4.487,-5.384,1.000
-4.466,-5.402,1.000
-4.437,-5.409,1.000
-4.447,-5.466,1.000
-4.454,-5.519,1.000
-4.468,-5.581,1.000
-4.395,-5.534,1.000
-4.427,-5.619,1.000
-4.347,-5.562,1.000
-4.388,-5.660,1.000
-4.300,-5.593,1.000
-4.281,-5.613,1.000
-4.343,-5.740,1.000
-4.330,-5.770,1.000
-4.242,-5.699,1.000
-4.231,-5.732,1.000
-4.266,-5.827,1.000
-4.167,-5.739,1.000
-4.183,-5.808,1.000
-4.162,-5.828,1.000
-4.149,-5.857,1.000
-4.128,-5.877,1.000
-4.095,-5.880,1.000
-4.065,-5.886,1.000
-4.136,-6.039,1.000
-4.115,-6.059,1.000
-4.036,-5.993,1.000
-4.095,-6.132,1.000
-4.041,-6.103,1.000
-4.011,-6.109,1.000
-3.972,-6.102,1.000
-3.933,-6.095,1.000
-3.924,-6.133,1.000
-3.945,-6.220,1.000
-3.873,-6.161,1.000
-3.857,-6.189,1.000
-3.876,-6.273,1.000
-3.800,-6.206,1.000
-3.772,-6.214,1.000
-3.752,-6.235,1.000
-3.733,-6.260,1.000
-3.756,-6.354,1.000
-3.727,-6.363,1.000
-3.700,-6.374,1.000
-3.680,-6.398,1.000
-3.609,-6.332,1.000
-3.581,-6.340,1.000
-3.556,-6.354,1.000
-3.527,-6.361,1.000
-3.541,-6.446,1.000
-3.486,-6.405,1.000
-3.454,-6.405,1.000
-3.427,-6.415,1.000
-3.407,-6.439,1.000
-3.380,-6.449,1.000
-3.334,-6.424,1.000
-3.307,-6.433,1.000
-3.278,-6.439,1.000
-3.255,-6.455,1.000
-3.277,-6.563,1.000
-3.244,-6.562,1.000
-3.175,-6.486,1.000
-3.191,-6.583,1.000
-3.126,-6.515,1.000
-3.100,-6.527,1.000
-3.069,-6.528,1.000
-3.034,-6.518,1.000
-3.045,-6.609,1.000
-2.969,-6.513,1.000
-2.950,-6.539,1.000
-2.924,-6.551,1.000
-2.932,-6.639,1.000
-2.910,-6.657,1.000
-2.847,-6.585,1.000
-2.818,-6.588,1.000
-2.805,-6.629,1.000
-2.775,-6.632,1.000
-2.742,-6.625,1.000
-2.755,-6.731,1.000
-2.688,-6.642,1.000
-2.669,-6.671,1.000
-2.615,-6.610,1.000
-2.607,-6.666,1.000
-2.585,-6.687,1.000
-2.541,-6.652,1.000
-2.511,-6.650,1.000
-2.524,-6.766,1.000
-2.460,-6.674,1.000
-2.465,-6.771,1.000
-2.406,-6.689,1.000
-2.384,-6.710,1.000
-2.355,-6.712,1.000
-2.359,-6.809,1.000
-2.297,-6.714,1.000
-2.297,-6.804,1.000
-2.278,-6.836,1.000
-2.221,-6.753,1.000
-2.221,-6.842,1.000
-2.172,-6.782,1.000
-2.140,-6.774,1.000
-2.115,-6.787,1.000
-2.084,-6.783,1.000
-2.064,-6.811,1.000
-2.038,-6.823,1.000
-2.009,-6.823,1.000
-1.985,-6.839,1.000
-1.968,-6.882,1.000
-1.927,-6.842,1.000
-1.901,-6.850,1.000
-1.896,-6.939,1.000
-1.852,-6.884,1.000
-1.820,-6.872,1.000
-1.793,-6.879,1.000
-1.771,-6.906,1.000
-1.736,-6.881,1.000
-1.701,-6.855,1.000
-1.680,-6.886,1.000
-1.648,-6.873,1.000
-1.639,-6.959,1.000
-1.615,-6.977,1.000
-1.563,-6.875,1.000
-1.557,-6.974,1.000
-1.509,-6.887,1.000
-1.484,-6.901,1.000
-1.464,-6.944,1.000
-1.428,-6.909,1.000
-1.423,-7.023,1.000
-1.373,-6.916,1.000
-1.346,-6.921,1.000
-1.320,-6.930,1.000
-1.293,-6.935,1.000
-1.266,-6.945,1.000
-1.239,-6.949,1.000
-1.210,-6.946,1.000
-1.203,-7.068,1.000
-1.157,-6.968,1.000
-1.130,-6.972,1.000
-1.101,-6.968,1.000
-1.075,-6.977,1.000
-1.047,-6.981,1.000
-1.035,-7.090,1.000
-1.001,-7.046,1.000
-0.978,-7.086,1.000
-0.952,-7.102,1.000
-0.909,-6.992,1.000
-0.882,-7.004,1.000
-0.857,-7.028,1.000
-0.827,-7.006,1.000
-0.811,-7.107,1.000
-0.773,-7.025,1.000
-0.756,-7.122,1.000
-0.728,-7.124,1.000
-0.689,-7.017,1.000
-0.661,-7.015,1.000
-0.632,-7.001,1.000
-0.607,-7.033,1.000
-0.578,-7.023,1.000
-0.552,-7.046,1.000
-0.523,-7.031,1.000
-0.495,-7.021,1.000
-0.469,-7.052,1.000
-0.442,-7.058,1.000
-0.413,-7.043,1.000
-0.391,-7.147,1.000
-0.358,-7.042,1.000
-0.327,-6.984,1.000
-0.300,-6.990,1.000
-0.273,-7.003,1.000
-0.249,-7.104,1.000
-0.217,-6.984,1.000
-0.193,-7.106,1.000
-0.162,-6.981,1.000
-0.135,-6.982,1.000
-0.108,-6.999,1.000
-0.080,-7.008,1.000
-0.053,-7.104,1.000
-0.025,-7.021,1.000
0.002,-7.096,1.000
0.030,-7.084,1.000
0.057,-7.004,1.000
0.086,-7.096,1.000
0.112,-7.008,1.000
0.140,-6.990,1.000
0.167,-6.990,1.000
0.195,-7.014,1.000
0.222,-6.997,1.000
0.250,-6.992,1.000
0.277,-6.991,1.000
0.306,-7.015,1.000
0.336,-7.068,1.000
0.359,-6.987,1.000
0.393,-7.089,1.000
0.415,-6.996,1.000
0.442,-6.986,1.000
0.469,-6.985,1.000
0.497,-6.983,1.000
0.532,-7.085,1.000
0.563,-7.127,1.000
0.579,-6.981,1.000
0.607,-6.982,1.000
0.633,-6.959,1.000
0.660,-6.956,1.000
0.697,-7.054,1.000
0.724,-7.043,1.000
0.742,-6.952,1.000
0.771,-6.962,1.000
0.798,-6.955,1.000
0.826,-6.956,1.000
0.854,-6.961,1.000
0.880,-6.949,1.000
0.909,-6.954,1.000
0.935,-6.946,1.000
0.976,-7.037,1.000
0.988,-6.926,1.000
1.033,-7.041,1.000
1.058,-7.021,1.000
1.071,-6.922,1.000
1.114,-7.017,1.000
1.125,-6.914,1.000
1.152,-6.909,1.000
1.178,-6.896,1.000
1.207,-6.904,1.000
1.233,-6.891,1.000
1.261,-6.890,1.000
1.289,-6.889,1.000
1.313,-6.872,1.000
1.339,-6.858,1.000
1.366,-6.857,1.000
1.395,-6.860,1.000
1.420,-6.846,1.000
1.464,-6.922,1.000
1.494,-6.929,1.000
1.519,-6.911,1.000
1.541,-6.884,1.000
1.595,-6.994,1.000
1.621,-6.984,1.000
1.620,-6.858,1.000
1.673,-6.959,1.000
1.675,-6.849,1.000
1.701,-6.838,1.000
1.742,-6.888,1.000
1.757,-6.833,1.000
1.780,-6.814,1.000
1.810,-6.819,1.000
1.837,-6.811,1.000
1.866,-6.812,1.000
1.916,-6.888,1.000
1.917,-6.789,1.000
1.971,-6.876,1.000
2.000,-6.876,1.000
2.009,-6.806,1.000
2.017,-6.734,1.000
2.055,-6.766,1.000
2.077,-6.742,1.000
2.099,-6.722,1.000
2.131,-6.730,1.000
2.176,-6.780,1.000
2.200,-6.764,1.000
2.261,-6.859,1.000
2.284,-6.838,1.000
2.281,-6.741,1.000
2.343,-6.835,1.000
2.366,-6.815,1.000
2.359,-6.710,1.000
2.417,-6.788,1.000
2.406,-6.676,1.000
2.434,-6.670,1.000
2.464,-6.672,1.000
2.492,-6.666,1.000
2.516,-6.653,1.000
2.577,-6.733,1.000
2.575,-6.648,1.000
2.614,-6.672,1.000
2.642,-6.665,1.000
2.711,-6.762,1.000
2.692,-6.641,1.000
2.712,-6.615,1.000
2.741,-6.612,1.000
2.772,-6.612,1.000
2.837,-6.693,1.000
2.863,-6.682,1.000
2.848,-6.575,1.000
2.874,-6.564,1.000
2.940,-6.644,1.000
2.992,-6.689,1.000
2.966,-6.563,1.000
3.021,-6.616,1.000
3.027,-6.561,1.000
3.058,-6.560,1.000
3.086,-6.551,1.000
3.132,-6.582,1.000
3.130,-6.513,1.000
3.157,-6.504,1.000
3.218,-6.562,1.000
3.235,-6.532,1.000
3.237,-6.473,1.000
3.279,-6.492,1.000
3.346,-6.562,1.000
3.339,-6.484,1.000
3.362,-6.467,1.000
3.373,-6.426,1.000
3.413,-6.440,1.000
3.434,-6.420,1.000
3.450,-6.389,1.000
3.456,-6.341,1.000
3.485,-6.334,1.000
3.508,-6.317,1.000
3.529,-6.296,1.000
3.530,-6.240,1.000
3.528,-6.181,1.000
3.577,-6.209,1.000
3.635,-6.254,1.000
3.658,-6.236,1.000
3.614,-6.107,1.000
3.626,-6.071,1.000
3.645,-6.050,1.000
3.652,-6.007,1.000
3.658,-5.964,1.000
3.647,-5.895,1.000
3.666,-5.873,1.000
3.746,-5.949,1.000
3.663,-5.767,1.000
3.676,-5.738,1.000
3.701,-5.727,1.000
3.747,-5.749,1.000
3.770,-5.734,1.000
3.738,-5.638,1.000
3.718,-5.559,1.000
3.793,-5.624,1.000
3.761,-5.530,1.000
3.746,-5.462,1.000
3.828,-5.534,1.000
3.794,-5.440,1.000
3.879,-5.515,1.000
3.834,-5.406,1.000
3.834,-5.361,1.000
3.914,-5.428,1.000
3.925,-5.398,1.000
3.885,-5.300,1.000
3.934,-5.322,1.000
3.921,-5.262,1.000
3.984,-5.302,1.000
4.071,-5.374,1.000
4.051,-5.304,1.000
4.001,-5.196,1.000
4.098,-5.279,1.000
4.099,-5.238,1.000
4.134,-5.240,1.000
4.093,-5.147,1.000
4.186,-5.221,1.000
4.192,-5.187,1.000
4.142,-5.084,1.000
4.239,-5.161,1.000
4.182,-5.051,1.000
4.291,-5.142,1.000
4.302,-5.114,1.000
4.241,-5.001,1.000
4.254,-4.977,1.000
4.289,-4.979,1.000
4.293,-4.944,1.000
4.322,-4.938,1.000
4.291,-4.863,1.000
4.345,-4.886,1.000
4.374,-4.879,1.000
4.354,-4.820,1.000
4.373,-4.802,1.000
4.392,-4.785,1.000
4.407,-4.764,1.000
4.436,-4.758,1.000
4.445,-4.730,1.000
4.473,-4.723,1.000
4.492,-4.705,1.000
4.507,-4.684,1.000
4.515,-4.656,1.000
4.543,-4.648,1.000
4.558,-4.627,1.000
4.657,-4.690,1.000
4.625,-4.622,1.000
4.557,-4.518,1.000
4.589,-4.514,1.000
4.689,-4.577,1.000
4.621,-4.474,1.000
4.635,-4.453,1.000
4.656,-4.438,1.000
4.666,-4.413,1.000
4.687,-4.398,1.000
4.701,-4.376,1.000
4.728,-4.368,1.000
4.735,-4.339,1.000
4.755,-4.324,1.000
4.783,-4.315,1.000
4.804,-4.299,1.000
4.806,-4.267,1.000
4.819,-4.245,1.000
4.810,-4.204,1.000
4.815,-4.175,1.000
4.813,-4.140,1.000
4.840,-4.131,1.000
4.856,-4.112,1.000
4.884,-4.102,1.000
4.885,-4.070,1.000
4.908,-4.057,1.000
4.924,-4.038,1.000
4.936,-4.015,1.000
4.932,-3.980,1.000
4.964,-3.973,1.000
4.971,-3.948,1.000
4.995,-3.934,1.000
5.014,-3.918,1.000
5.111,-3.961,1.000
5.134,-3.947,1.000
5.052,-3.852,1.000
5.059,-3.826,1.000
5.086,-3.816,1.000
5.077,-3.778,1.000
5.104,-3.767,1.000
5.114,-3.744,1.000
5.092,-3.697,1.000
5.095,-3.668,1.000
5.211,-3.721,1.000
5.241,-3.711,1.000
5.150,-3.616,1.000
5.152,-3.587,1.000
5.178,-3.576,1.000
5.192,-3.556,1.000
5.206,-3.535,1.000
5.199,-3.500,1.000
5.229,-3.491,1.000
5.235,-3.465,1.000
5.369,-3.524,1.000
5.262,-3.424,1.000
5.288,-3.411,1.000
5.314,-3.399,1.000
5.302,-3.362,1.000
5.429,-3.413,1.000
5.328,-3.320,1.000
5.472,-3.380,1.000
5.448,-3.336,1.000
5.486,-3.329,1.000
5.392,-3.244,1.000
5.483,-3.269,1.000
5.495,-3.247,1.000
5.443,-3.188,1.000
5.372,-3.118,1.000
5.503,-3.165,1.000
5.507,-3.138,1.000
5.422,-3.062,1.000
5.553,-3.107,1.000
5.535,-3.068,1.000
5.462,-3.000,1.000
5.576,-3.034,1.000
5.575,-3.005,1.000
5.515,-2.945,1.000
5.603,-2.964,1.000
5.502,-2.883,1.000
5.527,-2.868,1.000
5.524,-2.839,1.000
5.549,-2.825,1.000
5.555,-2.800,1.000
5.657,-2.824,1.000
5.577,-2.757,1.000
5.583,-2.733,1.000
5.613,-2.720,1.000
5.595,-2.684,1.000
5.573,-2.647,1.000
5.626,-2.645,1.000
5.641,-2.625,1.000
5.580,-2.570,1.000
5.731,-2.612,1.000
5.732,-2.585,1.000
5.610,-2.504,1.000
5.629,-2.486,1.000
5.720,-2.499,1.000
5.649,-2.442,1.000
5.767,-2.466,1.000
5.772,-2.442,1.000
5.677,-2.375,1.000
5.686,-2.353,1.000
5.815,-2.379,1.000
5.819,-2.354,1.000
5.709,-2.284,1.000
5.838,-2.309,1.000
5.861,-2.291,1.000
5.726,-2.212,1.000
5.860,-2.238,1.000
5.743,-2.167,1.000
5.766,-2.150,1.000
5.895,-2.172,1.000
5.768,-2.100,1.000
5.771,-2.075,1.000
5.809,-2.063,1.000
5.812,-2.038,1.000
5.820,-2.016,1.000
5.813,-1.988,1.000
5.826,-1.966,1.000
5.823,-1.940,1.000
5.836,-1.919,1.000
5.839,-1.894,1.000
5.831,-1.867,1.000
5.798,-1.831,1.000
5.910,-1.841,1.000
5.878,-1.806,1.000
5.870,-1.778,1.000
5.966,-1.782,1.000
5.822,-1.714,1.000
5.844,-1.695,1.000
5.841,-1.669,1.000
5.842,-1.645,1.000
5.965,-1.654,1.000
5.865,-1.602,1.000
5.902,-1.587,1.000
5.883,-1.557,1.000
5.878,-1.531,1.000
5.884,-1.508,1.000
5.916,-1.492,1.000
5.886,-1.459,1.000
5.902,-1.439,1.000
5.902,-1.414,1.000
5.908,-1.391,1.000
5.913,-1.368,1.000
5.924,-1.346,1.000
5.919,-1.320,1.000
5.918,-1.296,1.000
5.981,-1.285,1.000
5.944,-1.253,1.000
5.949,-1.229,1.000
5.938,-1.203,1.000
6.000,-1.191,1.000
5.953,-1.157,1.000
5.968,-1.136,1.000
5.972,-1.112,1.000
5.971,-1.088,1.000
6.012,-1.071,1.000
5.985,-1.042,1.000
5.994,-1.019,1.000
5.993,-0.995,1.000
6.116,-0.991,1.000
6.135,-0.969,1.000
6.098,-0.939,1.000
6.029,-0.904,1.000
6.100,-0.890,1.000
6.083,-0.863,1.000
6.096,-0.841,1.000
6.084,-0.815,1.000
6.097,-0.792,1.000
6.106,-0.769,1.000
6.124,-0.747,1.000
6.234,-0.735,1.000
6.237,-0.711,1.000
6.091,-0.670,1.000
6.114,-0.648,1.000
6.240,-0.637,1.000
6.243,-0.612,1.000
6.111,-0.575,1.000
6.129,-0.553,1.000
6.280,-0.541,1.000
6.231,-0.512,1.000
6.151,-0.481,1.000
6.250,-0.465,1.000
6.128,-0.431,1.000
6.135,-0.408,1.000
6.137,-0.384,1.000
6.122,-0.358,1.000
6.140,-0.335,1.000
6.151,-0.312,1.000
6.152,-0.288,1.000
6.143,-0.263,1.000
6.134,-0.238,1.000
6.166,-0.215,1.000
6.167,-0.191,1.000
6.275,-0.170,1.000
6.147,-0.142,1.000
6.317,-0.121,1.000
6.342,-0.097,1.000
6.353,-0.072,1.000
6.195,-0.046,1.000
6.353,-0.022,1.000
6.201,0.003,1.500
6.221,0.027,1.500
6.206,0.051,1.500
6.221,0.076,1.500
6.215,0.100,1.500
6.230,0.125,1.500
6.220,0.149,1.500
6.204,0.173,1.500
6.229,0.198,1.500
6.212,0.222,1.500
6.318,0.251,1.500
6.221,0.272,1.500
6.351,0.302,1.500
6.340,0.327,1.500
6.212,0.345,1.500
6.226,0.370,1.500
6.335,0.401,1.500
6.207,0.418,1.500
6.277,0.447,1.500
6.235,0.469,1.500
6.243,0.494,1.500
6.266,0.521,1.500
6.279,0.547,1.500
6.257,0.569,1.500
6.239,0.592,1.500
6.267,0.620,1.500
6.393,0.658,1.500
6.242,0.667,1.500
6.364,0.705,1.500
6.371,0.731,1.500
6.239,0.741,1.500
6.251,0.767,1.500
6.233,0.790,1.500
6.354,0.831,1.500
6.236,0.840,1.500
6.218,0.863,1.500
6.353,0.907,1.500
6.364,0.934,1.500
6.277,0.947,1.500
6.503,1.007,1.500
6.274,0.997,1.500
6.280,1.023,1.500
6.281,1.048,1.500
6.277,1.073,1.500
6.258,1.095,1.500
6.254,1.120,1.500
6.249,1.144,1.500
6.254,1.170,1.500
6.370,1.218,1.500
6.235,1.218,1.500
6.407,1.277,1.500
6.402,1.303,1.500
6.230,1.293,1.500
6.411,1.357,1.500
6.377,1.376,1.500
6.423,1.412,1.500
6.486,1.453,1.500
6.375,1.454,1.500
6.270,1.456,1.500
6.368,1.505,1.500
6.254,1.504,1.500
6.234,1.525,1.500
6.349,1.580,1.500
6.352,1.607,1.500
6.248,1.607,1.500
6.279,1.642,1.500
6.392,1.698,1.500
6.285,1.696,1.500
6.264,1.717,1.500
6.276,1.746,1.500
6.246,1.764,1.500
6.239,1.789,1.500
6.250,1.819,1.500
6.215,1.835,1.500
6.213,1.861,1.500
6.210,1.887,1.500
6.226,1.918,1.500
6.209,1.940,1.500
6.309,1.998,1.500
6.234,2.002,1.500
6.368,2.072,1.500
6.285,2.073,1.500
6.233,2.082,1.500
6.202,2.099,1.500
6.203,2.127,1.500
6.221,2.160,1.500
6.296,2.214,1.500
6.177,2.200,1.500
6.291,2.268,1.500
6.265,2.287,1.500
6.160,2.276,1.500
6.251,2.337,1.500
6.298,2.383,1.500
6.241,2.390,1.500
6.123,2.372,1.500
6.118,2.398,1.500
6.217,2.465,1.500
6.086,2.441,1.500
6.085,2.468,1.500
6.175,2.533,1.500
6.118,2.537,1.500
6.138,2.574,1.500
6.203,2.630,1.500
6.075,2.604,1.500
6.081,2.635,1.500
6.058,2.653,1.500
6.145,2.720,1.500
6.151,2.751,1.500
6.031,2.726,1.500
6.129,2.800,1.500
6.018,2.777,1.500
5.998,2.797,1.500
5.987,2.821,1.500
5.968,2.840,1.500
6.015,2.892,1.500
6.012,2.919,1.500
6.009,2.947,1.500
5.968,2.956,1.500
5.977,2.990,1.500
5.982,3.022,1.500
5.953,3.037,1.500
5.966,3.073,1.500
6.030,3.136,1.500
5.925,3.111,1.500
5.921,3.139,1.500
5.897,3.155,1.500
5.880,3.176,1.500
5.876,3.204,1.500
5.847,3.218,1.500
5.850,3.250,1.500
5.814,3.259,1.500
5.888,3.331,1.500
5.956,3.401,1.500
5.846,3.368,1.500
5.817,3.382,1.500
5.911,3.468,1.500
5.886,3.485,1.500
5.815,3.474,1.500
5.878,3.542,1.500
5.742,3.491,1.500
5.801,3.558,1.500
5.887,3.643,1.500
5.765,3.599,1.500
5.762,3.629,1.500
5.752,3.654,1.500
5.826,3.733,1.500
5.712,3.692,1.500
5.924,3.862,1.500
5.697,3.746,1.500
5.712,3.788,1.500
5.719,3.825,1.500
5.786,3.903,1.500
5.770,3.925,1.500
5.670,3.890,1.500
5.669,3.922,1.500
5.724,3.993,1.500
5.631,3.961,1.500
5.650,4.008,1.500
5.649,4.040,1.500
5.605,4.042,1.500
5.613,4.082,1.500
5.597,4.104,1.500
5.564,4.113,1.500
5.636,4.201,1.500
5.593,4.203,1.500
5.566,4.217,1.500
5.563,4.250,1.500
5.536,4.264,1.500
5.529,4.293,1.500
5.516,4.317,1.500
5.538,4.370,1.500
5.518,4.389,1.500
5.504,4.414,1.500
5.499,4.446,1.500
5.466,4.454,1.500
5.483,4.504,1.500
5.472,4.531,1.500
5.467,4.563,1.500
5.523,4.647,1.500
5.428,4.603,1.500
5.416,4.630,1.500
5.489,4.730,1.500
5.494,4.772,1.500
5.394,4.723,1.500
5.370,4.739,1.500
5.360,4.768,1.500
5.326,4.775,1.500
5.355,4.839,1.500
5.324,4.849,1.500
5.323,4.886,1.500
5.298,4.902,1.500
5.284,4.928,1.500
5.308,4.989,1.500
5.280,5.002,1.500
5.266,5.028,1.500
5.240,5.043,1.500
5.223,5.067,1.500
5.305,5.186,1.500
5.230,5.154,1.500
5.199,5.163,1.500
5.187,5.192,1.500
5.202,5.248,1.500
5.184,5.271,1.500
5.221,5.350,1.500
5.181,5.352,1.500
5.222,5.436,1.500
5.198,5.454,1.500
5.110,5.404,1.500
5.130,5.468,1.500
5.168,5.552,1.500
5.082,5.502,1.500
5.052,5.514,1.500
5.036,5.539,1.500
5.021,5.567,1.500
4.999,5.587,1.500
4.975,5.604,1.500
4.951,5.621,1.500
4.933,5.646,1.500
4.906,5.659,1.500
4.886,5.681,1.500
4.918,5.764,1.500
4.842,5.720,1.500
4.793,5.707,1.500
4.843,5.814,1.500
4.797,5.805,1.500
4.772,5.821,1.500
4.688,5.765,1.500
4.682,5.803,1.500
4.650,5.810,1.500
4.671,5.883,1.500
4.593,5.832,1.500
4.634,5.931,1.500
4.626,5.970,1.500
4.531,5.894,1.500
4.543,5.959,1.500
4.480,5.924,1.500
4.427,5.902,1.500
4.440,5.968,1.500
4.421,5.991,1.500
4.397,6.008,1.500
4.371,6.023,1.500
4.343,6.034,1.500
4.319,6.051,1.500
4.289,6.058,1.500
4.276,6.090,1.500
4.244,6.095,1.500
4.234,6.133,1.500
4.206,6.144,1.500
4.230,6.230,1.500
4.122,6.123,1.500
4.100,6.142,1.500
4.128,6.237,1.500
4.037,6.152,1.500
4.029,6.194,1.500
3.999,6.200,1.500
4.031,6.304,1.500
4.012,6.329,1.500
3.932,6.256,1.500
3.925,6.300,1.500
3.862,6.254,1.500
3.834,6.263,1.500
3.799,6.261,1.500
3.776,6.280,1.500
3.750,6.291,1.500
3.727,6.309,1.500
3.706,6.330,1.500
3.727,6.424,1.500
3.652,6.352,1.500
3.665,6.433,1.500
3.576,6.333,1.500
3.560,6.365,1.500
3.530,6.368,1.500
3.510,6.392,1.500
3.476,6.389,1.500
3.502,6.498,1.500
3.429,6.423,1.500
3.409,6.447,1.500
3.420,6.528,1.500
3.394,6.542,1.500
3.328,6.476,1.500
3.306,6.496,1.500
3.273,6.495,1.500
3.253,6.518,1.500
3.243,6.562,1.500
3.176,6.490,1.500
3.191,6.588,1.500
3.131,6.529,1.500
3.134,6.602,1.500
3.070,6.532,1.500
3.053,6.562,1.500
3.066,6.660,1.500
2.998,6.579,1.500
3.009,6.673,1.500
2.975,6.667,1.500
2.915,6.603,1.500
2.922,6.690,1.500
2.871,6.644,1.500
2.815,6.585,1.500
2.792,6.603,1.500
2.790,6.670,1.500
2.740,6.625,1.500
2.710,6.625,1.500
2.694,6.661,1.500
2.665,6.665,1.500
2.636,6.667,1.500
2.610,6.678,1.500
2.582,6.684,1.500
2.551,6.683,1.500
2.537,6.723,1.500
2.507,6.725,1.500
2.506,6.803,1.500
2.486,6.831,1.500
2.425,6.747,1.500
2.396,6.749,1.500
2.370,6.758,1.500
2.351,6.790,1.500
2.319,6.784,1.500
2.271,6.732,1.500
2.248,6.748,1.500
2.219,6.749,1.500
2.225,6.858,1.500
2.168,6.774,1.500
2.163,6.852,1.500
2.165,6.952,1.500
2.090,6.807,1.500
2.089,6.900,1.500
2.031,6.804,1.500
2.011,6.835,1.500
1.982,6.835,1.500
1.953,6.835,1.500
1.931,6.858,1.500
1.900,6.854,1.500
1.900,6.959,1.500
1.871,6.959,1.500
1.804,6.816,1.500
1.784,6.851,1.500
1.779,6.941,1.500
1.725,6.845,1.500
1.696,6.844,1.500
1.696,6.958,1.500
1.671,6.976,1.500
1.616,6.867,1.500
1.612,6.969,1.500
1.584,6.976,1.500
1.535,6.882,1.500
1.508,6.892,1.500
1.481,6.898,1.500
1.454,6.903,1.500
1.426,6.905,1.500
1.399,6.910,1.500
1.394,7.029,1.500
1.356,6.978,1.500
1.308,6.877,1.500
1.301,6.988,1.500
1.253,6.883,1.500
1.227,6.892,1.500
1.200,6.897,1.500
1.172,6.897,1.500
1.145,6.902,1.500
1.117,6.902,1.500
1.107,7.013,1.500
1.080,7.022,1.500
1.037,6.919,1.500
1.025,7.030,1.500
0.983,6.935,1.500
0.947,6.871,1.500
0.934,6.980,1.500
0.906,6.980,1.500
0.868,6.899,1.500
0.858,7.044,1.500
0.811,6.884,1.500
0.783,6.879,1.500
0.768,6.988,1.500
0.741,6.995,1.500
0.704,6.905,1.500
0.675,6.895,1.500
0.648,6.897,1.500
0.622,6.908,1.500
0.594,6.898,1.500
0.566,6.896,1.500
0.540,6.911,1.500
0.518,6.977,1.500
0.484,6.881,1.500
0.457,6.895,1.500
0.439,7.029,1.500
0.401,6.868,1.500
0.374,6.861,1.500
0.348,6.876,1.500
0.322,6.894,1.500
0.298,6.968,1.500
0.265,6.840,1.500
0.239,6.867,1.500
0.213,6.877,1.500
0.188,6.977,1.500
0.158,6.874,1.500
0.132,6.879,1.500
0.106,6.970,1.500
0.077,6.875,1.500
0.051,6.975,1.500
0.023,6.858,1.500
-0.004,6.876,1.500
-0.031,6.871,1.500
-0.058,6.875,1.500
-0.084,6.858,1.500
-0.112,6.897,1.500
-0.139,6.887,1.500
-0.166,6.874,1.500
-0.197,7.040,1.500
-0.223,6.976,1.500
-0.247,6.884,1.500
-0.277,6.965,1.500
-0.305,6.981,1.500
-0.327,6.868,1.500
-0.354,6.862,1.500
-0.380,6.848,1.500
-0.407,6.842,1.500
-0.435,6.858,1.500
-0.463,6.865,1.500
-0.495,6.944,1.500
-0.516,6.861,1.500
-0.542,6.841,1.500
-0.571,6.865,1.500
-0.596,6.841,1.500
-0.621,6.812,1.500
-0.664,6.981,1.500
-0.689,6.954,1.500
-0.704,6.831,1.500
-0.730,6.824,1.500
-0.763,6.881,1.500
-0.785,6.831,1.500
-0.824,6.930,1.500
-0.856,6.969,1.500
-0.880,6.936,1.500
-0.899,6.873,1.500
-0.926,6.870,1.500
-0.955,6.875,1.500
-0.982,6.875,1.500
-1.007,6.858,1.500
-1.036,6.863,1.500
-1.078,6.959,1.500
-1.091,6.863,1.500
-1.133,6.951,1.500
-1.141,6.833,1.500
-1.186,6.937,1.500
-1.197,6.837,1.500
-1.221,6.819,1.500
-1.251,6.827,1.500
-1.272,6.792,1.500
-1.305,6.821,1.500
-1.329,6.803,1.500
-1.357,6.802,1.500
-1.388,6.818,1.500
-1.408,6.779,1.500
-1.440,6.803,1.500
-1.462,6.772,1.500
-1.490,6.774,1.500
-1.513,6.752,1.500
-1.541,6.754,1.500
-1.570,6.756,1.500
-1.598,6.759,1.500
-1.622,6.740,1.500
-1.673,6.832,1.500
-1.712,6.878,1.500
-1.717,6.782,1.500
-1.726,6.709,1.500
-1.768,6.760,1.500
-1.796,6.757,1.500
-1.819,6.738,1.500
-1.852,6.755,1.500
-1.877,6.744,1.500
-1.904,6.736,1.500
-1.929,6.725,1.500
-1.959,6.729,1.500
-1.978,6.697,1.500
-2.009,6.706,1.500
-2.065,6.793,1.500
-2.063,6.694,1.500
-2.114,6.765,1.500
-2.146,6.773,1.500
-2.170,6.756,1.500
-2.210,6.791,1.500
-2.201,6.672,1.500
-2.232,6.679,1.500
-2.219,6.554,1.500
-2.231,6.504,1.500
-2.252,6.483,1.500
-2.267,6.445,1.500
-2.285,6.415,1.500
-2.306,6.393,1.500
-2.352,6.442,1.500
-2.342,6.337,1.500
-2.343,6.264,1.500
-2.371,6.263,1.500
-2.365,6.176,1.500
-2.364,6.101,1.500
-2.395,6.109,1.500
-2.364,5.961,1.500
-2.389,5.956,1.500
-2.390,5.892,1.500
-2.413,5.882,1.500
-2.457,5.923,1.500
-2.465,5.877,1.500
-2.473,5.830,1.500
-2.462,5.742,1.500
-2.424,5.593,1.500
-2.433,5.554,1.500
-2.512,5.675,1.500
-2.477,5.535,1.500
-2.433,5.381,1.500
-2.441,5.341,1.500
-2.385,5.166,1.500
-2.420,5.188,1.500
-2.395,5.083,1.500
-2.379,4.998,1.500
-2.362,4.912,1.500
-2.368,4.875,1.500
-2.370,4.832,1.500
-2.444,4.933,1.500
-2.369,4.734,1.500
-2.390,4.731,1.500
-2.409,4.721,1.500
-2.485,4.823,1.500
-2.512,4.830,1.500
-2.534,4.825,1.500
-2.468,4.655,1.500
-2.560,4.784,1.500
-2.513,4.652,1.500
-2.604,4.774,1.500
-2.541,4.615,1.500
-2.565,4.616,1.500
-2.586,4.612,1.500
-2.660,4.700,1.500
-2.647,4.636,1.500
-2.628,4.559,1.500
-2.645,4.549,1.500
-2.679,4.566,1.500
-2.733,4.615,1.500
-2.718,4.550,1.500
-2.723,4.517,1.500
-2.761,4.539,1.500
-2.882,4.698,1.500
-2.904,4.692,1.500
-2.926,4.685,1.500
-2.859,4.538,1.500
-2.873,4.522,1.500
-2.984,4.656,1.500
-2.996,4.634,1.500
-2.919,4.477,1.500
-2.951,4.486,1.500
-3.053,4.603,1.500
-3.071,4.591,1.500
-3.010,4.462,1.500
-3.024,4.445,1.500
-3.024,4.407,1.500
-3.070,4.436,1.500
-3.076,4.409,1.500
-3.097,4.402,1.500
-3.189,4.495,1.500
-3.235,4.522,1.500
-3.138,4.350,1.500
-3.202,4.403,1.500
-3.362,4.584,1.500
-3.331,4.504,1.500
-3.261,4.375,1.500
-3.279,4.362,1.500
-3.391,4.474,1.500
-3.379,4.423,1.500
-3.352,4.352,1.500
-3.347,4.310,1.500
-3.453,4.411,1.500
-3.358,4.254,1.500
-3.386,4.255,1.500
-3.418,4.261,1.500
-3.431,4.243,1.500
-3.455,4.239,1.500
-3.456,4.206,1.500
-3.565,4.305,1.500
-3.497,4.189,1.500
-3.607,4.286,1.500
-3.530,4.161,1.500
-3.617,4.230,1.500
-3.550,4.119,1.500
-3.566,4.105,1.500
-3.591,4.100,1.500
-3.607,4.086,1.500
-3.631,4.081,1.500
-3.626,4.044,1.500
-3.659,4.048,1.500
-3.784,4.154,1.500
-3.809,4.148,1.500
-3.801,4.107,1.500
-3.730,3.999,1.500
-3.729,3.967,1.500
-3.766,3.974,1.500
-3.752,3.928,1.500
-3.788,3.936,1.500
-3.778,3.894,1.500
-3.841,3.928,1.500
-3.826,3.882,1.500
-3.845,3.871,1.500
-3.856,3.852,1.500
-3.871,3.837,1.500
-3.895,3.830,1.500
-3.914,3.819,1.500
-3.921,3.795,1.500
-3.927,3.771,1.500
-3.959,3.773,1.500
-3.970,3.753,1.500
-3.975,3.729,1.500
-3.994,3.717,1.500
-4.031,3.722,1.500
-4.028,3.690,1.500
-4.083,3.711,1.500
-4.043,3.646,1.500
-4.071,3.642,1.500
-4.113,3.651,1.500
-4.109,3.618,1.500
-4.100,3.582,1.500
-4.188,3.630,1.500
-4.202,3.613,1.500
-4.184,3.569,1.500
-4.174,3.533,1.500
-4.235,3.556,1.500
-4.226,3.520,1.500
-4.267,3.526,1.500
-4.215,3.455,1.500
-4.286,3.485,1.500
-4.309,3.476,1.500
-4.317,3.455,1.500
-4.447,3.530,1.500
-4.287,3.376,1.500
-4.300,3.359,1.500
-4.493,3.481,1.500
-4.502,3.460,1.500
-4.521,3.446,1.500
-4.420,3.342,1.500
-4.547,3.410,1.500
-4.437,3.300,1.500
-4.479,3.304,1.500
-4.468,3.269,1.500
-4.475,3.248,1.500
-4.508,3.244,1.500
-4.520,3.226,1.500
-4.528,3.205,1.500
-4.546,3.191,1.500
-4.568,3.180,1.500
-4.561,3.148,1.500
-4.714,3.227,1.500
-4.708,3.195,1.500
-4.592,3.091,1.500
-4.610,3.076,1.500
-4.774,3.159,1.500
-4.684,3.073,1.500
-4.640,3.018,1.500
-4.657,3.003,1.500
-4.814,3.077,1.500
-4.746,3.008,1.500
-4.672,2.935,1.500
-4.626,2.882,1.500
-4.638,2.863,1.500
-4.747,2.905,1.500
-4.733,2.871,1.500
-4.676,2.812,1.500
-4.719,2.812,1.500
-4.849,2.864,1.500
-4.839,2.833,1.500
-4.715,2.735,1.500
-4.768,2.741,1.500
-4.949,2.819,1.500
-4.752,2.682,1.500
-4.768,2.666,1.500
-4.842,2.683,1.500
-4.810,2.641,1.500
-4.852,2.639,1.500
-4.820,2.597,1.500
-4.835,2.581,1.500
-4.829,2.553,1.500
-4.828,2.529,1.500
-4.882,2.532,1.500
-5.030,2.584,1.500
-5.014,2.551,1.500
-4.878,2.458,1.500
-4.943,2.466,1.500
-4.903,2.422,1.500
-4.896,2.395,1.500
-4.900,2.373,1.500
-4.915,2.356,1.500
-4.929,2.340,1.500
-4.939,2.320,1.500
-5.074,2.360,1.500
-4.962,2.284,1.500
-4.960,2.259,1.500
-4.974,2.243,1.500
-4.989,2.225,1.500
-4.997,2.206,1.500
-4.972,2.171,1.500
-5.032,2.174,1.500
-5.167,2.208,1.500
-5.176,2.188,1.500
-5.051,2.112,1.500
-5.059,2.092,1.500
-5.196,2.125,1.500
-5.199,2.102,1.500
-5.084,2.032,1.500
-5.221,2.063,1.500
-5.240,2.047,1.500
-5.237,2.022,1.500
-5.200,1.985,1.500
-5.280,1.992,1.500
-5.136,1.914,1.500
-5.120,1.886,1.500
-5.270,1.917,1.500
-5.164,1.856,1.500
-5.154,1.829,1.500
-5.144,1.803,1.500
-5.310,1.838,1.500
-5.169,1.766,1.500
-5.170,1.744,1.500
-5.183,1.726,1.500
-5.190,1.705,1.500
-5.351,1.735,1.500
-5.458,1.746,1.500
-5.227,1.650,1.500
-5.257,1.636,1.500
-5.216,1.601,1.500
-5.217,1.579,1.500
-5.235,1.562,1.500
-5.282,1.554,1.500
-5.247,1.521,1.500
-5.329,1.522,1.500
-5.340,1.503,1.500
-5.335,1.478,1.500
-5.317,1.451,1.500
-5.329,1.432,1.500
-5.363,1.419,1.500
-5.369,1.398,1.500
-5.380,1.378,1.500
-5.534,1.394,1.500
-5.613,1.391,1.500
-5.384,1.312,1.500
-5.395,1.292,1.500
-5.389,1.268,1.500
-5.399,1.248,1.500
-5.554,1.261,1.500
-5.576,1.243,1.500
-5.587,1.222,1.500
-5.412,1.162,1.500
-5.429,1.143,1.500
-5.433,1.122,1.500
-5.432,1.099,1.500
-5.448,1.080,1.500
-5.452,1.059,1.500
-5.420,1.031,1.500
-5.448,1.014,1.500
-5.452,0.992,1.500
-5.456,0.971,1.500
-5.460,0.949,1.500
-5.463,0.928,1.500
-5.467,0.907,1.500
-5.459,0.883,1.500
-5.492,0.866,1.500
-5.477,0.842,1.500
-5.493,0.822,1.500
-5.596,0.815,1.500
-5.493,0.778,1.500
-5.484,0.755,1.500
-5.646,0.755,1.500
-5.637,0.731,1.500
-5.498,0.691,1.500
-5.465,0.665,1.500
-5.510,0.649,1.500
-5.728,0.652,1.500
-5.708,0.627,1.500
-5.693,0.602,1.500
-5.602,0.571,1.500
-5.616,0.550,1.500
-5.535,0.520,1.500
-5.507,0.495,1.500
-5.545,0.477,1.500
-5.612,0.460,1.500
-5.719,0.447,1.500
-5.580,0.414,1.500
-5.617,0.394,1.500
-5.770,0.382,1.500
-5.760,0.359,1.500
-5.738,0.335,1.500
-5.629,0.306,1.500
-5.820,0.294,1.500
-5.765,0.268,1.500
-5.800,0.247,1.500
-5.639,0.218,1.500
-5.640,0.196,1.500
-5.640,0.174,1.500
-5.763,0.155,1.500
-5.642,0.129,1.500
-5.758,0.110,1.500
-5.713,0.086,1.500
-5.637,0.063,1.500
-5.637,0.041,1.500
-5.725,0.019,1.500
-5.702,-0.004,1.500
-5.861,-0.027,1.500
-5.833,-0.049,1.500
-5.713,-0.071,1.500
-5.712,-0.093,1.500
-5.855,-0.119,1.500
-5.837,-0.141,1.500
-5.854,-0.165,1.500
-5.847,-0.187,1.500
-5.698,-0.205,1.500
-5.685,-0.227,1.500
-5.828,-0.256,1.500
-5.866,-0.280,1.500
-5.865,-0.303,1.500
-5.710,-0.318,1.500
-5.668,-0.338,1.500
-5.713,-0.363,1.500
-5.786,-0.390,1.500
-5.790,-0.414,1.500
-5.800,-0.437,1.500
-5.764,-0.457,1.500
-5.796,-0.483,1.500
-5.772,-0.503,1.500
-5.770,-0.526,1.500
-5.756,-0.548,1.500
-5.754,-0.570,1.500
-5.763,-0.594,1.500
-5.778,-0.619,1.500
-5.747,-0.638,1.500
-5.744,-0.661,1.500
-5.770,-0.687,1.500
-5.756,-0.708,1.500
-5.770,-0.733,1.500
-5.873,-0.769,1.500
-5.875,-0.793,1.500
-5.817,-0.808,1.500
-5.907,-0.844,1.500
-5.952,-0.875,1.500
-5.812,-0.878,1.500
-5.809,-0.900,1.500
-5.789,-0.921,1.500
-5.807,-0.947,1.500
-5.933,-0.991,1.500
-5.924,-1.014,1.500
-5.925,-1.038,1.500
-5.781,-1.036,1.500
-5.776,-1.059,1.500
-5.891,-1.104,1.500
-5.982,-1.145,1.500
-5.758,-1.126,1.500
-5.841,-1.166,1.500
-5.831,-1.187,1.500
-5.969,-1.240,1.500
-5.943,-1.259,1.500
-5.789,-1.250,1.500
-5.817,-1.280,1.500
-5.811,-1.303,1.500
-5.774,-1.318,1.500
-5.785,-1.345,1.500
-5.806,-1.374,1.500
-5.785,-1.393,1.500
-5.916,-1.449,1.500
-5.768,-1.437,1.500
-5.757,-1.458,1.500
-5.883,-1.514,1.500
-5.830,-1.525,1.500
-5.719,-1.520,1.500
-5.713,-1.543,1.500
-5.738,-1.574,1.500
-5.716,-1.592,1.500
-5.835,-1.650,1.500
-5.813,-1.668,1.500
-5.817,-1.694,1.500
-5.675,-1.677,1.500
-5.679,-1.702,1.500
-5.667,-1.723,1.500
-5.654,-1.743,1.500
-5.616,-1.756,1.500
-5.683,-1.801,1.500
-5.649,-1.815,1.500
-5.621,-1.830,1.500
-5.764,-1.902,1.500
-5.751,-1.923,1.500
-5.733,-1.942,1.500
-5.644,-1.936,1.500
-5.703,-1.982,1.500
-5.710,-2.009,1.500
-5.712,-2.035,1.500
-5.643,-2.036,1.500
-5.656,-2.065,1.500
-5.617,-2.076,1.500
-5.629,-2.106,1.500
-5.606,-2.122,1.500
-5.597,-2.144,1.500
-5.728,-2.220,1.500
-5.590,-2.192,1.500
-5.561,-2.206,1.500
-5.682,-2.280,1.500
-5.673,-2.302,1.500
-5.688,-2.334,1.500
-5.660,-2.349,1.500
-5.527,-2.319,1.500
-5.523,-2.343,1.500
-5.509,-2.362,1.500
-5.627,-2.439,1.500
-5.593,-2.451,1.500
-5.627,-2.492,1.500
-5.471,-2.449,1.500
-5.491,-2.483,1.500
-5.658,-2.586,1.500
-5.611,-2.591,1.500
-5.615,-2.620,1.500
-5.485,-2.585,1.500
-5.485,-2.612,1.500
-5.484,-2.638,1.500
-5.573,-2.707,1.500
-5.439,-2.669,1.500
-5.467,-2.709,1.500
-5.432,-2.719,1.500
-5.417,-2.738,1.500
-5.406,-2.759,1.500
-5.530,-2.850,1.500
-5.478,-2.850,1.500
-5.373,-2.822,1.500
-5.492,-2.912,1.500
-5.351,-2.865,1.500
-5.340,-2.886,1.500
-5.439,-2.967,1.500
-5.354,-2.948,1.500
-5.375,-2.987,1.500
-5.354,-3.003,1.500
-5.355,-3.031,1.500
-5.447,-3.111,1.500
-5.430,-3.130,1.500
-5.418,-3.151,1.500
-5.298,-3.110,1.500
-5.388,-3.191,1.500
-5.384,-3.218,1.500
-5.367,-3.236,1.500
-5.253,-3.195,1.500
-5.272,-3.235,1.500
-5.393,-3.339,1.500
-5.405,-3.376,1.500
-5.242,-3.303,1.500
-5.259,-3.343,1.500
-5.268,-3.377,1.500
-5.233,-3.384,1.500
-5.202,-3.393,1.500
-5.198,-3.419,1.500
-5.188,-3.442,1.500
-5.171,-3.460,1.500
-5.161,-3.483,1.500
-5.152,-3.506,1.500
-5.146,-3.532,1.500
-5.162,-3.573,1.500
-5.169,-3.607,1.500
-5.130,-3.610,1.500
-5.128,-3.639,1.500
-5.105,-3.653,1.500
-5.103,-3.682,1.500
-5.076,-3.693,1.500
-5.070,-3.719,1.500
-5.116,-3.784,1.500
-5.097,-3.801,1.500
-5.184,-3.897,1.500
-5.071,-3.844,1.500
-5.060,-3.867,1.500
-5.029,-3.874,1.500
-5.122,-3.978,1.500
-5.110,-4.001,1.500
-5.075,-4.007,1.500
-5.101,-4.059,1.500
-5.025,-4.031,1.500
-4.998,-4.042,1.500
-4.978,-4.058,1.500
-4.966,-4.081,1.500
-4.957,-4.106,1.500
-4.933,-4.120,1.500
-4.973,-4.186,1.500
-4.960,-4.208,1.500
-4.929,-4.215,1.500
-4.999,-4.309,1.500
-4.885,-4.244,1.500
-4.890,-4.283,1.500
-5.051,-4.459,1.500
-4.906,-4.365,1.500
-4.896,-4.391,1.500
-4.868,-4.400,1.500
-4.930,-4.492,1.500
-4.830,-4.435,1.500
-4.823,-4.464,1.500
-4.846,-4.521,1.500
-4.909,-4.616,1.500
-4.881,-4.626,1.500
-4.803,-4.588,1.500
-4.765,-4.587,1.500
-4.756,-4.615,1.500
-4.742,-4.637,1.500
-4.760,-4.692,1.500
-4.731,-4.701,1.500
-4.726,-4.732,1.500
-4.707,-4.751,1.500
-4.705,-4.785,1.500
-4.663,-4.781,1.500
-4.641,-4.796,1.500
-4.753,-4.950,1.500
-4.731,-4.966,1.500
-4.711,-4.984,1.500
-4.621,-4.928,1.500
-4.624,-4.969,1.500
-4.699,-5.090,1.500
-4.667,-5.096,1.500
-4.589,-5.050,1.500
-4.572,-5.071,1.500
-4.543,-5.079,1.500
-4.561,-5.139,1.500
-4.612,-5.238,1.500
-4.594,-5.259,1.500
-4.503,-5.196,1.500
-4.488,-5.220,1.500
-4.498,-5.274,1.500
-4.481,-5.295,1.500
-4.460,-5.313,1.500
-4.442,-5.333,1.500
-4.461,-5.400,1.500
-4.440,-5.418,1.500
-4.479,-5.509,1.500
-4.460,-5.530,1.500
-4.471,-5.589,1.500
-4.396,-5.539,1.500
-4.359,-5.537,1.500
-4.342,-5.560,1.500
-4.320,-5.577,1.500
-4.306,-5.604,1.500
-4.271,-5.604,1.500
-4.289,-5.674,1.500
-4.279,-5.707,1.500
-4.307,-5.792,1.500
-4.287,-5.812,1.500
-4.252,-5.813,1.500
-4.210,-5.803,1.500
-4.187,-5.820,1.500
-4.162,-5.833,1.500
-4.139,-5.849,1.500
-4.116,-5.865,1.500
-4.098,-5.888,1.500
-4.122,-5.973,1.500
-4.099,-5.989,1.500
-4.110,-6.057,1.500
-4.029,-5.988,1.500
-4.021,-6.027,1.500
-3.980,-6.016,1.500
-3.952,-6.025,1.500
-3.948,-6.071,1.500
-3.939,-6.109,1.500
-3.913,-6.122,1.500
-3.910,-6.170,1.500
-3.873,-6.165,1.500
-3.851,-6.184,1.500
-3.822,-6.192,1.500
-3.794,-6.201,1.500
-3.822,-6.301,1.500
-3.793,-6.310,1.500
-3.725,-6.252,1.500
-3.739,-6.333,1.500
-3.673,-6.277,1.500
-3.651,-6.295,1.500
-3.624,-6.306,1.500
-3.601,-6.323,1.500
-3.580,-6.344,1.500
-3.542,-6.334,1.500
-3.525,-6.362,1.500
-3.503,-6.383,1.500
-3.576,-6.577,1.500
-3.497,-6.492,1.500
-3.430,-6.427,1.500
-3.390,-6.413,1.500
-3.377,-6.450,1.500
-3.348,-6.457,1.500
-3.303,-6.431,1.500
-3.280,-6.447,1.500
-3.247,-6.446,1.500
-3.222,-6.459,1.500
-3.202,-6.482,1.500
-3.216,-6.576,1.500
-3.193,-6.595,1.500
-3.122,-6.512,1.500
-3.094,-6.521,1.500
-3.069,-6.533,1.500
-3.043,-6.545,1.500
-3.040,-6.607,1.500
-3.013,-6.615,1.500
-2.946,-6.536,1.500
-2.919,-6.544,1.500
-2.943,-6.668,1.500
-2.905,-6.655,1.500
-2.884,-6.677,1.500
-2.819,-6.597,1.500
-2.790,-6.600,1.500
-2.765,-6.615,1.500
-2.734,-6.615,1.500
-2.701,-6.606,1.500
-2.682,-6.636,1.500
-2.659,-6.654,1.500
-2.633,-6.664,1.500
-2.595,-6.644,1.500
-2.562,-6.635,1.500
-2.536,-6.645,1.500
-2.525,-6.697,1.500
-2.489,-6.680,1.500
-2.457,-6.675,1.500
-2.437,-6.700,1.500
-2.403,-6.690,1.500
-2.404,-6.776,1.500
-2.384,-6.804,1.500
-2.356,-6.810,1.500
-2.299,-6.731,1.500
-2.270,-6.732,1.500
-2.244,-6.741,1.500
-2.221,-6.761,1.500
-2.195,-6.770,1.500
-2.169,-6.782,1.500
-2.139,-6.779,1.500
-2.113,-6.791,1.500
-2.085,-6.796,1.500
-2.062,-6.816,1.500
-2.032,-6.812,1.500
-2.021,-6.875,1.500
-1.985,-6.851,1.500
-1.954,-6.843,1.500
-1.928,-6.855,1.500
-1.899,-6.854,1.500
-1.872,-6.862,1.500
-1.843,-6.861,1.500
-1.821,-6.888,1.500
-1.791,-6.883,1.500
-1.762,-6.882,1.500
-1.762,-6.995,1.500
-1.734,-7.002,1.500
-1.680,-6.899,1.500
-1.641,-6.857,1.500
-1.616,-6.871,1.500
-1.598,-6.914,1.500
-1.584,-6.980,1.500
-1.548,-6.946,1.500
-1.507,-6.892,1.500
-1.498,-6.982,1.500
-1.473,-7.000,1.500
-1.426,-6.909,1.500
-1.401,-6.927,1.500
-1.376,-6.941,1.500
-1.344,-6.926,1.500
-1.319,-6.943,1.500
-1.290,-6.936,1.500
-1.263,-6.941,1.500
-1.238,-6.958,1.500
-1.206,-6.938,1.500
-1.195,-7.041,1.500
-1.153,-6.960,1.500
-1.127,-6.968,1.500
-1.100,-6.977,1.500
-1.088,-7.078,1.500
-1.059,-7.079,1.500
-1.017,-6.985,1.500
-0.988,-6.977,1.500
-0.962,-6.989,1.500
-0.934,-6.989,1.500
-0.908,-7.009,1.500
-0.880,-7.004,1.500
-0.852,-7.007,1.500
-0.826,-7.019,1.500
-0.807,-7.096,1.500
-0.769,-7.013,1.500
-0.742,-7.016,1.500
-0.715,-7.023,1.500
-0.687,-7.025,1.500
-0.658,-7.012,1.500
-0.637,-7.088,1.500
-0.604,-7.037,1.500
-0.575,-7.023,1.500
-0.555,-7.111,1.500
-0.526,-7.110,1.500
-0.501,-7.144,1.500
-0.466,-7.044,1.500
-0.439,-7.050,1.500
-0.415,-7.129,1.500
-0.388,-7.147,1.500
-0.352,-6.996,1.500
-0.324,-6.984,1.500
-0.297,-6.994,1.500
-0.270,-6.987,1.500
-0.243,-7.005,1.500
-0.215,-6.993,1.500
-0.187,-6.994,1.500
-0.160,-6.990,1.500
-0.132,-6.991,1.500
-0.107,-7.108,1.500
-0.077,-6.991,1.500
-0.050,-7.013,1.500
-0.023,-7.109,1.500
0.005,-7.088,1.500
0.032,-7.000,1.500
0.060,-7.008,1.500
0.088,-7.004,1.500
0.115,-7.004,1.500
0.143,-7.003,1.500
0.170,-6.990,1.500
0.197,-6.989,1.500
0.225,-7.005,1.500
0.252,-6.996,1.500
0.280,-6.995,1.500
0.308,-7.010,1.500
0.339,-7.088,1.500
0.367,-7.078,1.500
0.390,-6.989,1.500
0.417,-6.984,1.500
0.451,-7.094,1.500
0.479,-7.088,1.500
0.507,-7.086,1.500
0.527,-6.985,1.500
0.562,-7.082,1.500
0.582,-6.980,1.500
0.609,-6.970,1.500
0.637,-6.980,1.500
0.665,-6.977,1.500
0.692,-6.974,1.500
0.718,-6.959,1.500
0.746,-6.965,1.500
0.771,-6.941,1.500
0.813,-7.066,1.500
0.839,-7.046,1.500
0.866,-7.039,1.500
0.883,-6.949,1.500
0.908,-6.928,1.500
0.935,-6.925,1.500
0.965,-6.938,1.500
0.991,-6.926,1.500
1.017,-6.917,1.500
1.063,-7.037,1.500
1.075,-6.930,1.500
1.103,-6.930,1.500
1.128,-6.913,1.500
1.153,-6.896,1.500
1.179,-6.887,1.500
1.209,-6.899,1.500
1.238,-6.903,1.500
1.263,-6.885,1.500
1.290,-6.880,1.500
1.316,-6.871,1.500
1.341,-6.858,1.500
1.371,-6.865,1.500
1.398,-6.863,1.500
1.425,-6.858,1.500
1.451,-6.848,1.500
1.477,-6.834,1.500
1.505,-6.837,1.500
1.532,-6.831,1.500
1.568,-6.865,1.500
1.588,-6.831,1.500
1.611,-6.808,1.500
1.644,-6.826,1.500
1.704,-6.956,1.500
1.704,-6.837,1.500
1.731,-6.831,1.500
1.757,-6.824,1.500
1.845,-7.051,1.500
1.816,-6.830,1.500
1.840,-6.811,1.500
1.876,-6.839,1.500
1.897,-6.808,1.500
1.920,-6.789,1.500
1.964,-6.840,1.500
2.003,-6.876,1.500
2.028,-6.860,1.500
2.029,-6.766,1.500
2.098,-6.898,1.500
2.082,-6.749,1.500
2.134,-6.823,1.500
2.135,-6.733,1.500
2.155,-6.705,1.500
2.188,-6.716,1.500
2.214,-6.707,1.500
2.245,-6.714,1.500
2.268,-6.694,1.500
2.310,-6.731,1.500
2.334,-6.714,1.500
2.366,-6.721,1.500
2.387,-6.696,1.500
2.414,-6.690,1.500
2.440,-6.681,1.500
2.465,-6.667,1.500
2.491,-6.658,1.500
2.518,-6.648,1.500
2.544,-6.638,1.500
2.571,-6.632,1.500
2.597,-6.622,1.500
2.620,-6.604,1.500
2.658,-6.624,1.500
2.692,-6.632,1.500
2.742,-6.681,1.500
2.778,-6.692,1.500
2.808,-6.692,1.500
2.802,-6.604,1.500
2.828,-6.593,1.500
2.847,-6.567,1.500
2.880,-6.570,1.500
2.907,-6.563,1.500
2.936,-6.558,1.500
2.964,-6.551,1.500
2.974,-6.506,1.500
3.043,-6.588,1.500
3.039,-6.512,1.500
3.056,-6.481,1.500
3.105,-6.520,1.500
3.134,-6.515,1.500
3.158,-6.499,1.500
3.187,-6.494,1.500
3.253,-6.562,1.500
3.277,-6.546,1.500
3.311,-6.550,1.500
3.323,-6.509,1.500
3.316,-6.433,1.500
3.337,-6.413,1.500
3.359,-6.393,1.500
3.404,-6.418,1.500
3.411,-6.370,1.500
3.477,-6.433,1.500
3.463,-6.346,1.500
3.533,-6.415,1.500
3.518,-6.329,1.500
3.504,-6.246,1.500
3.591,-6.343,1.500
3.551,-6.215,1.500
3.607,-6.256,1.500
3.577,-6.148,1.500
3.603,-6.137,1.500
3.600,-6.077,1.500
3.626,-6.066,1.500
3.632,-6.023,1.500
3.630,-5.966,1.500
3.629,-5.912,1.500
3.663,-5.915,1.500
3.636,-5.820,1.500
3.666,-5.817,1.500
3.653,-5.747,1.500
3.678,-5.736,1.500
3.701,-5.722,1.500
3.676,-5.636,1.500
3.713,-5.644,1.500
3.708,-5.588,1.500
3.783,-5.652,1.500
3.815,-5.652,1.500
3.791,-5.570,1.500
3.751,-5.464,1.500
3.770,-5.446,1.500
3.791,-5.431,1.500
3.810,-5.412,1.500
3.793,-5.343,1.500
3.827,-5.348,1.500
3.840,-5.321,1.500
3.938,-5.411,1.500
3.954,-5.388,1.500
3.972,-5.369,1.500
3.998,-5.361,1.500
3.935,-5.233,1.500
3.964,-5.229,1.500
4.143,-5.421,1.500
4.074,-5.286,1.500
4.023,-5.178,1.500
4.040,-5.159,1.500
4.075,-5.161,1.500
4.084,-5.130,1.500
4.101,-5.111,1.500
4.133,-5.109,1.500
4.147,-5.086,1.500
4.164,-5.066,1.500
4.190,-5.057,1.500
4.200,-5.029,1.500
4.298,-5.106,1.500
4.294,-5.060,1.500
4.296,-5.022,1.500
4.238,-4.916,1.500
4.267,-4.910,1.500
4.283,-4.889,1.500
4.312,-4.883,1.500
4.318,-4.852,1.500
4.350,-4.849,1.500
4.479,-4.954,1.500
4.378,-4.804,1.500
4.391,-4.780,1.500
4.396,-4.749,1.500
4.503,-4.825,1.500
4.430,-4.710,1.500
4.448,-4.693,1.500
4.487,-4.696,1.500
4.475,-4.647,1.500
4.596,-4.736,1.500
4.488,-4.588,1.500
4.512,-4.577,1.500
4.527,-4.556,1.500
4.548,-4.541,1.500
4.655,-4.612,1.500
4.577,-4.499,1.500
4.598,-4.484,1.500
4.615,-4.466,1.500
4.658,-4.471,1.500
4.661,-4.440,1.500
4.668,-4.411,1.500
4.763,-4.466,1.500
4.791,-4.457,1.500
4.808,-4.438,1.500
4.740,-4.341,1.500
4.750,-4.315,1.500
4.846,-4.368,1.500
4.743,-4.242,1.500
4.756,-4.220,1.500
4.784,-4.211,1.500
4.808,-4.199,1.500
4.846,-4.199,1.500
4.818,-4.141,1.500
4.845,-4.132,1.500
4.846,-4.100,1.500
4.866,-4.084,1.500
4.890,-4.071,1.500
5.000,-4.130,1.500
5.017,-4.111,1.500
4.941,-4.017,1.500
4.980,-4.016,1.500
4.957,-3.965,1.500
4.985,-3.955,1.500
4.949,-3.895,1.500
5.019,-3.919,1.500
5.031,-3.896,1.500
5.042,-3.873,1.500
5.120,-3.901,1.500
5.024,-3.797,1.500
5.031,-3.771,1.500
5.050,-3.755,1.500
5.065,-3.735,1.500
5.079,-3.715,1.500
5.207,-3.777,1.500
5.205,-3.745,1.500
5.216,-3.721,1.500
5.120,-3.623,1.500
5.147,-3.612,1.500
5.170,-3.597,1.500
5.163,-3.562,1.500
5.185,-3.548,1.500
5.294,-3.592,1.500
5.217,-3.510,1.500
5.227,-3.486,1.500
5.249,-3.471,1.500
5.279,-3.462,1.500
5.280,-3.433,1.500
5.491,-3.540,1.500
5.416,-3.461,1.500
5.421,-3.434,1.500
5.320,-3.341,1.500
5.334,-3.321,1.500
5.457,-3.368,1.500
5.312,-3.249,1.500
5.390,-3.268,1.500
5.381,-3.234,1.500
5.349,-3.186,1.500
5.353,-3.160,1.500
5.379,-3.147,1.500
5.369,-3.113,1.500
5.487,-3.153,1.500
5.424,-3.088,1.500
5.405,-3.049,1.500
5.417,-3.028,1.500
5.433,-3.009,1.500
5.445,-2.988,1.500
5.568,-3.027,1.500
5.464,-2.943,1.500
5.480,-2.924,1.500
5.491,-2.902,1.500
5.526,-2.892,1.500
5.649,-2.929,1.500
5.647,-2.900,1.500
5.546,-2.820,1.500
5.547,-2.794,1.500
5.558,-2.772,1.500
5.551,-2.741,1.500
5.589,-2.733,1.500
5.595,-2.708,1.500
5.734,-2.748,1.500
5.685,-2.697,1.500
5.668,-2.662,1.500
5.693,-2.646,1.500
5.600,-2.576,1.500
5.577,-2.539,1.500
5.611,-2.528,1.500
5.621,-2.506,1.500
5.776,-2.548,1.500
5.635,-2.460,1.500
5.645,-2.438,1.500
5.635,-2.407,1.500
5.678,-2.399,1.500
5.678,-2.373,1.500
5.663,-2.341,1.500
5.797,-2.369,1.500
5.801,-2.345,1.500
5.695,-2.276,1.500
5.733,-2.265,1.500
5.833,-2.278,1.500
5.828,-2.249,1.500
5.740,-2.190,1.500
5.753,-2.169,1.500
5.757,-2.144,1.500
5.756,-2.118,1.500
5.769,-2.097,1.500
5.908,-2.122,1.500
5.795,-2.055,1.500
5.783,-2.026,1.500
5.726,-1.980,1.500
5.829,-1.990,1.500
5.761,-1.942,1.500
5.952,-1.980,1.500
5.832,-1.915,1.500
5.834,-1.891,1.500
5.852,-1.871,1.500
5.798,-1.829,1.500
5.960,-1.854,1.500
5.913,-1.814,1.500
5.955,-1.801,1.500
5.942,-1.772,1.500
5.939,-1.746,1.500
5.891,-1.706,1.500
5.821,-1.661,1.500
5.848,-1.644,1.500
5.931,-1.642,1.500
5.855,-1.597,1.500
5.862,-1.574,1.500
5.858,-1.548,1.500
5.874,-1.528,1.500
5.880,-1.505,1.500
5.891,-1.483,1.500
5.897,-1.460,1.500
5.902,-1.437,1.500
5.903,-1.412,1.500
5.908,-1.389,1.500
5.898,-1.362,1.500
6.052,-1.373,1.500
5.935,-1.322,1.500
6.053,-1.323,1.500
6.168,-1.323,1.500
6.093,-1.282,1.500
5.960,-1.229,1.500
6.098,-1.233,1.500
5.975,-1.183,1.500
6.005,-1.165,1.500
5.957,-1.132,1.500
5.978,-1.111,1.500
6.111,-1.111,1.500
6.095,-1.083,1.500
6.125,-1.064,1.500
5.989,-1.016,1.500
6.004,-0.994,1.500
6.007,-0.971,1.500
5.995,-0.945,1.500
5.999,-0.921,1.500
6.024,-0.901,1.500
5.996,-0.872,1.500
6.025,-0.853,1.500
6.163,-0.847,1.500
6.167,-0.823,1.500
6.216,-0.805,1.500
6.152,-0.772,1.500
6.104,-0.742,1.500
6.117,-0.719,1.500
6.041,-0.686,1.500
6.245,-0.684,1.500
6.104,-0.645,1.500
6.122,-0.622,1.500
6.135,-0.599,1.500
6.090,-0.571,1.500
6.247,-0.561,1.500
6.142,-0.527,1.500
6.123,-0.501,1.500
6.125,-0.477,1.500
6.132,-0.453,1.500
6.155,-0.431,1.500
6.135,-0.405,1.500
6.126,-0.380,1.500
6.133,-0.357,1.500
6.268,-0.340,1.500
6.280,-0.316,1.500
6.271,-0.291,1.500
6.154,-0.261,1.500
6.165,-0.237,1.500
6.150,-0.212,1.500
6.135,-0.188,1.500
6.131,-0.164,1.500
6.131,-0.140,1.500
6.282,-0.118,1.500
6.148,-0.092,1.500
6.143,-0.067,1.500
6.138,-0.043,1.500
6.358,-0.020,1.500
6.180,0.005,2.000
6.216,0.029,2.000
6.343,0.055,2.000
6.368,0.080,2.000
6.332,0.105,2.000
6.241,0.128,2.000
6.209,0.151,2.000
6.224,0.176,2.000
6.320,0.204,2.000
6.344,0.229,2.000
6.338,0.254,2.000
6.221,0.274,2.000
6.346,0.304,2.000
6.335,0.329,2.000
6.222,0.347,2.000
6.210,0.371,2.000
6.285,0.401,2.000
6.284,0.425,2.000
6.391,0.458,2.000
6.399,0.484,2.000
6.407,0.509,2.000
6.271,0.523,2.000
6.334,0.554,2.000
6.267,0.573,2.000
6.264,0.597,2.000
6.252,0.621,2.000
6.388,0.660,2.000
6.217,0.667,2.000
6.373,0.709,2.000
6.246,0.720,2.000
6.244,0.744,2.000
6.364,0.784,2.000
6.352,0.808,2.000
6.294,0.825,2.000
6.321,0.854,2.000
6.414,0.893,2.000
6.294,0.901,2.000
6.271,0.923,2.000
6.417,0.970,2.000
6.409,0.995,2.000
6.274,0.999,2.000
6.401,1.045,2.000
6.266,1.048,2.000
6.286,1.077,2.000
6.364,1.116,2.000
6.253,1.122,2.000
6.263,1.149,2.000
6.259,1.174,2.000
6.249,1.197,2.000
6.308,1.234,2.000
6.303,1.259,2.000
6.392,1.303,2.000
6.406,1.332,2.000
6.292,1.334,2.000
6.405,1.384,2.000
6.450,1.421,2.000
6.384,1.433,2.000
6.251,1.429,2.000
6.373,1.483,2.000
6.362,1.507,2.000
6.319,1.523,2.000
6.238,1.529,2.000
6.494,1.619,2.000
6.416,1.626,2.000
6.266,1.614,2.000
6.297,1.649,2.000
6.387,1.699,2.000
6.385,1.725,2.000
6.268,1.720,2.000
6.261,1.745,2.000
6.346,1.795,2.000
6.361,1.827,2.000
6.236,1.817,2.000
6.233,1.843,2.000
6.207,1.862,2.000
6.214,1.891,2.000
6.288,1.940,2.000
6.365,1.991,2.000
6.259,1.985,2.000
6.225,2.001,2.000
6.239,2.033,2.000
6.222,2.054,2.000
6.219,2.080,2.000
6.206,2.103,2.000
6.215,2.134,2.000
6.180,2.149,2.000
6.194,2.181,2.000
6.176,2.202,2.000
6.172,2.228,2.000
6.155,2.249,2.000
6.155,2.276,2.000
6.132,2.295,2.000
6.141,2.326,2.000
6.132,2.350,2.000
6.118,2.373,2.000
6.144,2.410,2.000
6.220,2.469,2.000
6.081,2.441,2.000
6.145,2.495,2.000
6.195,2.544,2.000
6.130,2.545,2.000
6.120,2.569,2.000
6.231,2.645,2.000
6.133,2.632,2.000
6.085,2.639,2.000
6.163,2.702,2.000
6.055,2.683,2.000
6.045,2.707,2.000
6.038,2.732,2.000
5.998,2.743,2.000
6.029,2.786,2.000
6.006,2.803,2.000
6.028,2.843,2.000
6.038,2.876,2.000
6.043,2.908,2.000
6.023,2.928,2.000
6.007,2.949,2.000
5.988,2.969,2.000
5.984,2.996,2.000
5.968,3.018,2.000
6.124,3.127,2.000
6.041,3.114,2.000
5.932,3.088,2.000
5.928,3.115,2.000
6.027,3.198,2.000
5.979,3.202,2.000
5.887,3.183,2.000
5.866,3.202,2.000
5.918,3.260,2.000
6.047,3.362,2.000
5.888,3.304,2.000
5.879,3.329,2.000
5.866,3.352,2.000
5.849,3.373,2.000
5.831,3.394,2.000
5.914,3.473,2.000
5.896,3.494,2.000
5.879,3.515,2.000
5.835,3.520,2.000
5.903,3.593,2.000
5.803,3.563,2.000
5.793,3.588,2.000
5.767,3.604,2.000
5.742,3.619,2.000
5.750,3.656,2.000
5.736,3.679,2.000
5.806,3.756,2.000
5.809,3.790,2.000
5.780,3.804,2.000
5.729,3.802,2.000
5.725,3.832,2.000
5.763,3.891,2.000
5.769,3.928,2.000
5.760,3.955,2.000
5.646,3.909,2.000
5.641,3.939,2.000
5.665,3.988,2.000
5.649,4.011,2.000
5.709,4.087,2.000
5.621,4.057,2.000
5.684,4.137,2.000
5.596,4.106,2.000
5.685,4.206,2.000
5.708,4.258,2.000
5.598,4.210,2.000
5.561,4.217,2.000
5.561,4.252,2.000
5.538,4.268,2.000
5.531,4.298,2.000
5.547,4.345,2.000
5.527,4.365,2.000
5.519,4.394,2.000
5.502,4.416,2.000
5.481,4.435,2.000
5.454,4.448,2.000
5.466,4.493,2.000
5.564,4.611,2.000
5.527,4.617,2.000
5.518,4.646,2.000
5.426,4.605,2.000
5.526,4.728,2.000
5.433,4.685,2.000
5.405,4.698,2.000
5.393,4.725,2.000
5.374,4.746,2.000
5.470,4.869,2.000
5.443,4.883,2.000
5.359,4.847,2.000
5.340,4.868,2.000
5.393,4.955,2.000
5.368,4.971,2.000
5.385,5.026,2.000
5.363,5.044,2.000
5.272,4.999,2.000
5.258,5.025,2.000
5.278,5.083,2.000
5.323,5.168,2.000
5.359,5.243,2.000
5.293,5.220,2.000
5.205,5.174,2.000
5.218,5.227,2.000
5.202,5.252,2.000
5.176,5.267,2.000
5.242,5.376,2.000
5.243,5.420,2.000
5.217,5.435,2.000
5.163,5.421,2.000
5.131,5.431,2.000
5.133,5.475,2.000
5.101,5.484,2.000
5.092,5.518,2.000
5.058,5.524,2.000
5.117,5.633,2.000
5.075,5.632,2.000
5.060,5.659,2.000
4.973,5.606,2.000
5.011,5.694,2.000
4.998,5.724,2.000
4.978,5.746,2.000
4.889,5.689,2.000
4.857,5.697,2.000
4.837,5.719,2.000
4.819,5.743,2.000
4.804,5.771,2.000
4.767,5.772,2.000
4.737,5.782,2.000
4.696,5.778,2.000
4.673,5.796,2.000
4.703,5.881,2.000
4.680,5.899,2.000
4.657,5.918,2.000
4.579,5.866,2.000
4.558,5.887,2.000
4.528,5.896,2.000
4.498,5.905,2.000
4.486,5.937,2.000
4.472,5.967,2.000
4.440,5.972,2.000
4.412,5.984,2.000
4.390,6.004,2.000
4.421,6.096,2.000
4.412,6.134,2.000
4.362,6.116,2.000
4.293,6.069,2.000
4.276,6.095,2.000
4.303,6.185,2.000
4.274,6.195,2.000
4.204,6.145,2.000
4.175,6.155,2.000
4.149,6.169,2.000
4.131,6.194,2.000
4.067,6.151,2.000
4.053,6.182,2.000
4.072,6.264,2.000
3.996,6.201,2.000
3.976,6.223,2.000
4.004,6.321,2.000
3.999,6.368,2.000
3.950,6.346,2.000
3.876,6.282,2.000
3.857,6.307,2.000
3.803,6.273,2.000
3.809,6.340,2.000
3.800,6.381,2.000
3.775,6.396,2.000
3.700,6.325,2.000
3.723,6.422,2.000
3.699,6.440,2.000
3.627,6.371,2.000
3.598,6.379,2.000
3.592,6.427,2.000
3.550,6.410,2.000
3.504,6.387,2.000
3.521,6.479,2.000
3.499,6.499,2.000
3.468,6.503,2.000
3.394,6.424,2.000
3.424,6.543,2.000
3.388,6.536,2.000
3.362,6.550,2.000
3.296,6.483,2.000
3.307,6.569,2.000
3.337,6.693,2.000
3.214,6.511,2.000
3.197,6.541,2.000
3.168,6.547,2.000
3.169,6.615,2.000
3.110,6.557,2.000
3.088,6.576,2.000
3.047,6.556,2.000
3.016,6.557,2.000
2.992,6.573,2.000
2.963,6.577,2.000
2.940,6.596,2.000
2.921,6.622,2.000
2.883,6.608,2.000
2.862,6.630,2.000
2.835,6.638,2.000
2.810,6.653,2.000
2.787,6.671,2.000
2.755,6.667,2.000
2.735,6.693,2.000
2.707,6.700,2.000
2.677,6.703,2.000
2.654,6.721,2.000
2.645,6.775,2.000
2.577,6.678,2.000
2.555,6.699,2.000
2.592,6.878,2.000
2.542,6.827,2.000
2.474,6.725,2.000
2.444,6.723,2.000
2.458,6.845,2.000
2.425,6.840,2.000
2.404,6.864,2.000
2.343,6.776,2.000
2.319,6.793,2.000
2.290,6.794,2.000
2.286,6.871,2.000
2.235,6.808,2.000
2.245,6.930,2.000
2.195,6.868,2.000
2.161,6.853,2.000
2.116,6.804,2.000
2.085,6.800,2.000
2.055,6.796,2.000
2.031,6.812,2.000
2.005,6.824,2.000
1.976,6.824,2.000
1.947,6.824,2.000
1.920,6.831,2.000
1.905,6.882,2.000
1.868,6.850,2.000
1.846,6.877,2.000
1.814,6.865,2.000
1.793,6.896,2.000
1.757,6.867,2.000
1.725,6.854,2.000
1.693,6.840,2.000
1.669,6.859,2.000
1.640,6.857,2.000
1.612,6.860,2.000
1.583,6.858,2.000
1.556,6.864,2.000
1.534,6.890,2.000
1.507,6.896,2.000
1.478,6.894,2.000
1.453,6.912,2.000
1.425,6.914,2.000
1.396,6.911,2.000
1.372,6.929,2.000
1.344,6.930,2.000
1.316,6.931,2.000
1.305,7.025,2.000
1.276,7.022,2.000
1.251,7.043,2.000
1.197,6.897,2.000
1.169,6.893,2.000
1.158,6.997,2.000
1.133,7.014,2.000
1.103,7.006,2.000
1.062,6.923,2.000
1.032,6.907,2.000
1.006,6.919,2.000
0.995,7.039,2.000
0.952,6.931,2.000
0.926,6.939,2.000
0.898,6.938,2.000
0.871,6.946,2.000
0.843,6.941,2.000
0.808,6.880,2.000
0.778,6.858,2.000
0.755,6.895,2.000
0.727,6.885,2.000
0.709,6.977,2.000
0.685,7.017,2.000
0.645,6.889,2.000
0.618,6.896,2.000
0.593,6.924,2.000
0.565,6.909,2.000
0.538,6.911,2.000
0.511,6.922,2.000
0.483,6.911,2.000
0.463,7.015,2.000
0.436,7.029,2.000
0.409,7.035,2.000
0.374,6.913,2.000
0.348,6.932,2.000
0.320,6.920,2.000
0.293,6.934,2.000
0.265,6.905,2.000
0.238,6.915,2.000
0.210,6.873,2.000
0.183,6.873,2.000
0.157,6.913,2.000
0.129,6.875,2.000
0.102,6.875,2.000
0.076,6.945,2.000
0.049,6.992,2.000
0.021,6.936,2.000
-0.006,6.889,2.000
-0.033,6.884,2.000
-0.060,6.880,2.000
-0.087,6.871,2.000
-0.114,6.879,2.000
-0.141,6.870,2.000
-0.171,6.969,2.000
-0.195,6.869,2.000
-0.228,7.047,2.000
-0.253,6.983,2.000
-0.275,6.853,2.000
-0.303,6.865,2.000
-0.330,6.859,2.000
-0.357,6.871,2.000
-0.384,6.861,2.000
-0.417,6.967,2.000
-0.438,6.857,2.000
-0.464,6.843,2.000
-0.498,6.948,2.000
-0.526,6.955,2.000
-0.561,7.045,2.000
-0.578,6.912,2.000
-0.600,6.854,2.000
-0.632,6.912,2.000
-0.659,6.909,2.000
-0.684,6.877,2.000
-0.724,7.005,2.000
-0.759,7.072,2.000
-0.768,6.902,2.000
-0.788,6.830,2.000
-0.833,6.980,2.000
-0.861,6.981,2.000
-0.886,6.961,2.000
-0.914,6.966,2.000
-0.940,6.954,2.000
-0.954,6.849,2.000
-0.983,6.862,2.000
-1.028,6.980,2.000
-1.053,6.963,2.000
-1.083,6.971,2.000
-1.107,6.946,2.000
-1.115,6.829,2.000
-1.146,6.845,2.000
-1.191,6.945,2.000
-1.218,6.940,2.000
-1.226,6.827,2.000
-1.251,6.814,2.000
-1.278,6.813,2.000
-1.305,6.808,2.000
-1.331,6.799,2.000
-1.359,6.798,2.000
-1.407,6.900,2.000
-1.432,6.882,2.000
-1.450,6.835,2.000
-1.468,6.788,2.000
-1.489,6.757,2.000
-1.541,6.863,2.000
-1.547,6.766,2.000
-1.576,6.772,2.000
-1.641,6.925,2.000
-1.624,6.739,2.000
-1.666,6.795,2.000
-1.694,6.792,2.000
-1.718,6.777,2.000
-1.773,6.880,2.000
-1.799,6.869,2.000
-1.828,6.869,2.000
-1.832,6.778,2.000
-1.855,6.755,2.000
-1.873,6.719,2.000
-1.934,6.832,2.000
-1.962,6.828,2.000
-1.962,6.729,2.000
-1.980,6.692,2.000
-2.011,6.701,2.000
-2.071,6.804,2.000
-2.108,6.831,2.000
-2.090,6.677,2.000
-2.116,6.668,2.000
-2.162,6.724,2.000
-2.182,6.696,2.000
-2.206,6.679,2.000
-2.201,6.578,2.000
-2.223,6.557,2.000
-2.230,6.495,2.000
-2.260,6.498,2.000
-2.317,6.579,2.000
-2.321,6.509,2.000
-2.323,6.434,2.000
-2.325,6.362,2.000
-2.340,6.324,2.000
-2.340,6.250,2.000
-2.368,6.250,2.000
-2.339,6.100,2.000
-2.370,6.109,2.000
-2.380,6.064,2.000
-2.393,6.028,2.000
-2.442,6.081,2.000
-2.402,5.914,2.000
-2.387,5.812,2.000
-2.414,5.812,2.000
-2.409,5.736,2.000
-2.433,5.731,2.000
-2.480,5.778,2.000
-2.420,5.578,2.000
-2.418,5.514,2.000
-2.413,5.445,2.000
-2.426,5.415,2.000
-2.478,5.475,2.000
-2.443,5.341,2.000
-2.435,5.270,2.000
-2.465,5.280,2.000
-2.400,5.088,2.000
-2.386,5.008,2.000
-2.369,4.922,2.000
-2.380,4.896,2.000
-2.411,4.909,2.000
-2.449,4.938,2.000
-2.449,4.890,2.000
-2.406,4.758,2.000
-2.468,4.832,2.000
-2.385,4.625,2.000
-2.439,4.684,2.000
-2.454,4.669,2.000
-2.461,4.637,2.000
-2.503,4.672,2.000
-2.466,4.560,2.000
-2.530,4.636,2.000
-2.545,4.620,2.000
-2.631,4.731,2.000
-2.607,4.644,2.000
-2.619,4.623,2.000
-2.680,4.689,2.000
-2.708,4.694,2.000
-2.666,4.581,2.000
-2.675,4.554,2.000
-2.706,4.565,2.000
-2.714,4.538,2.000
-2.784,4.614,2.000
-2.869,4.713,2.000
-2.890,4.707,2.000
-2.903,4.685,2.000
-2.842,4.548,2.000
-2.870,4.553,2.000
-2.885,4.536,2.000
-2.966,4.624,2.000
-2.987,4.617,2.000
-3.015,4.621,2.000
-2.956,4.490,2.000
-2.966,4.468,2.000
-2.994,4.472,2.000
-3.015,4.466,2.000
-3.019,4.433,2.000
-3.050,4.442,2.000
-3.096,4.471,2.000
-3.135,4.489,2.000
-3.142,4.461,2.000
-3.222,4.538,2.000
-3.258,4.550,2.000
-3.279,4.542,2.000
-3.204,4.401,2.000
-3.229,4.399,2.000
-3.242,4.381,2.000
-3.263,4.373,2.000
-3.280,4.360,2.000
-3.305,4.357,2.000
-3.311,4.330,2.000
-3.427,4.446,2.000
-3.448,4.437,2.000
-3.477,4.437,2.000
-3.359,4.253,2.000
-3.410,4.283,2.000
-3.423,4.265,2.000
-3.436,4.247,2.000
-3.457,4.238,2.000
-3.558,4.327,2.000
-3.462,4.177,2.000
-3.495,4.183,2.000
-3.523,4.183,2.000
-3.625,4.270,2.000
-3.524,4.118,2.000
-3.560,4.127,2.000
-3.584,4.122,2.000
-3.600,4.108,2.000
-3.704,4.194,2.000
-3.721,4.179,2.000
-3.644,4.061,2.000
-3.648,4.033,2.000
-3.676,4.032,2.000
-3.696,4.022,2.000
-3.728,4.026,2.000
-3.715,3.980,2.000
-3.735,3.970,2.000
-3.780,3.986,2.000
-3.779,3.953,2.000
-3.911,4.060,2.000
-4.044,4.165,2.000
-3.926,4.012,2.000
-3.913,3.967,2.000
-3.886,3.909,2.000
-3.952,3.945,2.000
-4.055,4.016,2.000
-3.953,3.884,2.000
-3.907,3.809,2.000
-3.988,3.857,2.000
-3.994,3.833,2.000
-4.022,3.830,2.000
-4.028,3.806,2.000
-4.223,3.958,2.000
-4.171,3.879,2.000
-4.182,3.858,2.000
-4.105,3.758,2.000
-4.203,3.818,2.000
-4.113,3.706,2.000
-4.104,3.669,2.000
-4.151,3.681,2.000
-4.165,3.665,2.000
-4.170,3.640,2.000
-4.194,3.632,2.000
-4.203,3.612,2.000
-4.236,3.611,2.000
-4.327,3.659,2.000
-4.364,3.661,2.000
-4.391,3.655,2.000
-4.273,3.528,2.000
-4.411,3.613,2.000
-4.306,3.498,2.000
-4.291,3.459,2.000
-4.435,3.546,2.000
-4.592,3.642,2.000
-4.472,3.518,2.000
-4.364,3.406,2.000
-4.392,3.400,2.000
-4.386,3.368,2.000
-4.428,3.372,2.000
-4.422,3.340,2.000
-4.440,3.327,2.000
-4.562,3.391,2.000
-4.475,3.299,2.000
-4.459,3.260,2.000
-4.496,3.260,2.000
-4.489,3.228,2.000
-4.507,3.214,2.000
-4.524,3.200,2.000
-4.532,3.179,2.000
-4.540,3.157,2.000
-4.552,3.140,2.000
-4.539,3.105,2.000
-4.591,3.114,2.000
-4.594,3.089,2.000
-4.601,3.068,2.000
-4.737,3.132,2.000
-4.635,3.038,2.000
-4.657,3.026,2.000
-4.778,3.079,2.000
-4.770,3.047,2.000
-4.677,2.962,2.000
-4.824,3.028,2.000
-4.841,3.012,2.000
-4.727,2.916,2.000
-4.707,2.878,2.000
-4.861,2.946,2.000
-4.883,2.933,2.000
-4.894,2.914,2.000
-4.890,2.886,2.000
-4.789,2.801,2.000
-4.821,2.794,2.000
-4.873,2.799,2.000
-4.816,2.741,2.000
-4.853,2.737,2.000
-4.822,2.694,2.000
-4.795,2.655,2.000
-4.994,2.739,2.000
-4.979,2.706,2.000
-4.874,2.624,2.000
-4.847,2.585,2.000
-4.895,2.586,2.000
-4.910,2.569,2.000
-4.926,2.553,2.000
-4.936,2.533,2.000
-4.946,2.514,2.000
-4.950,2.492,2.000
-5.008,2.496,2.000
-4.893,2.415,2.000
-4.902,2.396,2.000
-4.934,2.387,2.000
-4.938,2.365,2.000
-4.930,2.338,2.000
-4.962,2.329,2.000
-4.932,2.291,2.000
-4.958,2.280,2.000
-5.071,2.308,2.000
-4.986,2.246,2.000
-5.018,2.236,2.000
-5.054,2.229,2.000
-5.140,2.242,2.000
-5.032,2.172,2.000
-5.024,2.145,2.000
-5.032,2.125,2.000
-5.052,2.110,2.000
-5.060,2.090,2.000
-5.197,2.123,2.000
-5.065,2.046,2.000
-5.027,2.008,2.000
-5.171,2.042,2.000
-5.196,2.028,2.000
-5.079,1.959,2.000
-5.093,1.942,2.000
-5.158,1.943,2.000
-5.255,1.956,2.000
-5.127,1.886,2.000
-5.214,1.895,2.000
-5.147,1.847,2.000
-5.352,1.897,2.000
-5.138,1.799,2.000
-5.163,1.785,2.000
-5.164,1.762,2.000
-5.392,1.817,2.000
-5.360,1.783,2.000
-5.450,1.789,2.000
-5.278,1.709,2.000
-5.267,1.683,2.000
-5.303,1.671,2.000
-5.445,1.693,2.000
-5.446,1.669,2.000
-5.305,1.603,2.000
-5.317,1.584,2.000
-5.306,1.558,2.000
-5.323,1.541,2.000
-5.461,1.557,2.000
-5.489,1.542,2.000
-5.495,1.521,2.000
-5.387,1.468,2.000
-5.507,1.477,2.000
-5.341,1.410,2.000
-5.375,1.397,2.000
-5.381,1.376,2.000
-5.518,1.388,2.000
-5.540,1.370,2.000
-5.361,1.304,2.000
-5.402,1.291,2.000
-5.407,1.270,2.000
-5.406,1.247,2.000
-5.411,1.226,2.000
-5.548,1.234,2.000
-5.559,1.214,2.000
-5.569,1.193,2.000
-5.411,1.137,2.000
-5.434,1.120,2.000
-5.402,1.091,2.000
-5.424,1.073,2.000
-5.660,1.097,2.000
-5.451,1.034,2.000
-5.449,1.012,2.000
-5.604,1.018,2.000
-5.620,0.998,2.000
-5.454,0.946,2.000
-5.458,0.925,2.000
-5.461,0.903,2.000
-5.617,0.907,2.000
-5.563,0.875,2.000
-5.466,0.838,2.000
-5.463,0.816,2.000
-5.555,0.807,2.000
-5.640,0.797,2.000
-5.660,0.777,2.000
-5.634,0.751,2.000
-5.631,0.728,2.000
-5.588,0.700,2.000
-5.573,0.676,2.000
-5.599,0.657,2.000
-5.590,0.634,2.000
-5.598,0.612,2.000
-5.750,0.606,2.000
-5.614,0.570,2.000
-5.634,0.549,2.000
-5.619,0.525,2.000
-5.759,0.516,2.000
-5.593,0.479,2.000
-5.607,0.458,2.000
-5.608,0.436,2.000
-5.598,0.413,2.000
-5.768,0.403,2.000
-5.764,0.380,2.000
-5.609,0.347,2.000
-5.610,0.325,2.000
-5.693,0.308,2.000
-5.624,0.282,2.000
-5.631,0.260,2.000
-5.760,0.243,2.000
-5.784,0.221,2.000
-5.622,0.193,2.000
-5.617,0.171,2.000
-5.752,0.152,2.000
-5.624,0.127,2.000
-5.730,0.107,2.000
-5.724,0.084,2.000
-5.730,0.062,2.000
-5.696,0.039,2.000
-5.731,0.017,2.000
-5.719,-0.006,2.000
-5.702,-0.028,2.000
-5.713,-0.051,2.000
-5.719,-0.073,2.000
-5.724,-0.096,2.000
-5.712,-0.118,2.000
-5.843,-0.144,2.000
-5.717,-0.163,2.000
-5.728,-0.186,2.000
-5.846,-0.213,2.000
-5.840,-0.235,2.000
-5.878,-0.260,2.000
-5.718,-0.275,2.000
-5.717,-0.298,2.000
-5.739,-0.322,2.000
-5.940,-0.356,2.000
-5.782,-0.370,2.000
-5.780,-0.392,2.000
-5.929,-0.426,2.000
-5.917,-0.448,2.000
-5.942,-0.474,2.000
-5.919,-0.495,2.000
-5.777,-0.506,2.000
-5.752,-0.527,2.000
-5.901,-0.564,2.000
-5.888,-0.586,2.000
-5.919,-0.612,2.000
-5.772,-0.620,2.000
-5.764,-0.642,2.000
-5.761,-0.665,2.000
-5.881,-0.702,2.000
-5.828,-0.719,2.000
-5.809,-0.740,2.000
-5.784,-0.760,2.000
-5.945,-0.805,2.000
-5.828,-0.812,2.000
-5.819,-0.834,2.000
-5.804,-0.855,2.000
-5.807,-0.879,2.000
-5.809,-0.903,2.000
-5.799,-0.925,2.000
-5.915,-0.967,2.000
-5.781,-0.968,2.000
-5.794,-0.994,2.000
-5.795,-1.017,2.000
-5.802,-1.042,2.000
-5.765,-1.059,2.000
-5.805,-1.090,2.000
-5.849,-1.122,2.000
-5.828,-1.142,2.000
-5.962,-1.192,2.000
-5.830,-1.190,2.000
-5.820,-1.211,2.000
-5.973,-1.268,2.000
-5.937,-1.285,2.000
-5.816,-1.282,2.000
-6.030,-1.354,2.000
-5.806,-1.328,2.000
-5.942,-1.384,2.000
-5.921,-1.403,2.000
-5.795,-1.397,2.000
-5.779,-1.418,2.000
-5.795,-1.446,2.000
-5.762,-1.462,2.000
-5.772,-1.488,2.000
-5.713,-1.497,2.000
-5.734,-1.527,2.000
-5.728,-1.549,2.000
-5.722,-1.572,2.000
-5.705,-1.591,2.000
-5.725,-1.621,2.000
-5.698,-1.637,2.000
-5.982,-1.745,2.000
-5.679,-1.680,2.000
-5.694,-1.709,2.000
-5.671,-1.727,2.000
-5.643,-1.742,2.000
-5.642,-1.766,2.000
-5.687,-1.805,2.000
-5.643,-1.816,2.000
-5.620,-1.833,2.000
-5.691,-1.880,2.000
-5.689,-1.904,2.000
-5.692,-1.930,2.000
-5.689,-1.954,2.000
-5.802,-2.019,2.000
-5.658,-1.994,2.000
-5.651,-2.016,2.000
-5.738,-2.073,2.000
-5.755,-2.104,2.000
-5.722,-2.118,2.000
-5.618,-2.104,2.000
-5.600,-2.123,2.000
-5.721,-2.194,2.000
-5.713,-2.217,2.000
-5.704,-2.239,2.000
-5.581,-2.216,2.000
-5.681,-2.282,2.000
-5.543,-2.252,2.000
-5.549,-2.280,2.000
-5.673,-2.357,2.000
-5.635,-2.367,2.000
-5.645,-2.397,2.000
-5.528,-2.373,2.000
-5.688,-2.468,2.000
-5.553,-2.436,2.000
-5.539,-2.455,2.000
-5.544,-2.484,2.000
-5.524,-2.501,2.000
-5.514,-2.523,2.000
-5.629,-2.602,2.000
-5.585,-2.608,2.000
-5.499,-2.594,2.000
-5.479,-2.611,2.000
-5.454,-2.626,2.000
-5.581,-2.714,2.000
-5.570,-2.736,2.000
-5.437,-2.697,2.000
-5.516,-2.763,2.000
-5.524,-2.794,2.000
-5.410,-2.763,2.000
-5.399,-2.785,2.000
-5.383,-2.803,2.000
-5.391,-2.834,2.000
-5.361,-2.846,2.000
-5.542,-2.970,2.000
-5.539,-2.996,2.000
-5.415,-2.957,2.000
-5.380,-2.965,2.000
-5.360,-2.981,2.000
-5.474,-3.073,2.000
-5.336,-3.023,2.000
-5.342,-3.055,2.000
-5.330,-3.075,2.000
-5.332,-3.104,2.000
-5.369,-3.154,2.000
-5.289,-3.135,2.000
-5.281,-3.159,2.000
-5.251,-3.169,2.000
-5.301,-3.227,2.000
-5.297,-3.253,2.000
-5.383,-3.336,2.000
-5.383,-3.365,2.000
-5.353,-3.375,2.000
-5.228,-3.325,2.000
-5.219,-3.348,2.000
-5.325,-3.446,2.000
-5.328,-3.478,2.000
-5.214,-3.432,2.000
-5.191,-3.447,2.000
-5.199,-3.482,2.000
-5.314,-3.589,2.000
-5.292,-3.604,2.000
-5.183,-3.560,2.000
-5.161,-3.575,2.000
-5.155,-3.601,2.000
-5.243,-3.693,2.000
-5.155,-3.661,2.000
-5.213,-3.734,2.000
-5.358,-3.869,2.000
-5.156,-3.754,2.000
-5.133,-3.769,2.000
-5.122,-3.792,2.000
-5.194,-3.876,2.000
-5.167,-3.888,2.000
-5.155,-3.911,2.000
-5.054,-3.866,2.000
-5.039,-3.885,2.000
-5.055,-3.930,2.000
-5.067,-3.971,2.000
-5.134,-4.056,2.000
-5.107,-4.067,2.000
-5.117,-4.108,2.000
-4.996,-4.043,2.000
-4.995,-4.075,2.000
-5.050,-4.153,2.000
-5.084,-4.215,2.000
-5.064,-4.232,2.000
-4.979,-4.194,2.000
-4.944,-4.198,2.000
-4.927,-4.217,2.000
-4.922,-4.246,2.000
-4.984,-4.334,2.000
-5.022,-4.402,2.000
-5.002,-4.419,2.000
-4.897,-4.361,2.000
-4.873,-4.374,2.000
-4.873,-4.409,2.000
-4.856,-4.428,2.000
-4.828,-4.437,2.000
-4.797,-4.443,2.000
-4.848,-4.526,2.000
-4.894,-4.605,2.000
-4.885,-4.634,2.000
-4.874,-4.659,2.000
-4.833,-4.656,2.000
-4.761,-4.624,2.000
-4.776,-4.675,2.000
-4.832,-4.767,2.000
-4.746,-4.719,2.000
-4.721,-4.731,2.000
-4.705,-4.752,2.000
-4.677,-4.761,2.000
-4.709,-4.832,2.000
-4.715,-4.876,2.000
-4.655,-4.852,2.000
-4.732,-4.971,2.000
-4.709,-4.986,2.000
-4.734,-5.052,2.000
-4.631,-4.981,2.000
-4.623,-5.012,2.000
-4.671,-5.104,2.000
-4.584,-5.048,2.000
-4.602,-5.108,2.000
-4.585,-5.130,2.000
-4.559,-5.141,2.000
-4.527,-5.146,2.000
-4.513,-5.170,2.000
-4.615,-5.330,2.000
-4.523,-5.265,2.000
-4.499,-5.279,2.000
-4.487,-5.307,2.000
-4.563,-5.440,2.000
-4.480,-5.384,2.000
-4.465,-5.408,2.000
-4.499,-5.493,2.000
-4.500,-5.540,2.000
-4.432,-5.500,2.000
-4.408,-5.514,2.000
-4.452,-5.614,2.000
-4.344,-5.522,2.000
-4.365,-5.595,2.000
-4.386,-5.667,2.000
-4.398,-5.728,2.000
-4.312,-5.662,2.000
-4.292,-5.682,2.000
-4.368,-5.830,2.000
-4.333,-5.832,2.000
-4.237,-5.749,2.000
-4.283,-5.859,2.000
-4.296,-5.926,2.000
-4.183,-5.818,2.000
-4.186,-5.870,2.000
-4.179,-5.909,2.000
-4.178,-5.958,2.000
-4.132,-5.942,2.000
-4.106,-5.955,2.000
-4.070,-5.951,2.000
-4.051,-5.974,2.000
-4.032,-5.996,2.000
-4.019,-6.029,2.000
-4.006,-6.061,2.000
-3.991,-6.090,2.000
-4.022,-6.189,2.000
-3.947,-6.127,2.000
-3.923,-6.143,2.000
-3.897,-6.155,2.000
-3.871,-6.167,2.000
-3.895,-6.261,2.000
-3.879,-6.289,2.000
-3.794,-6.205,2.000
-3.819,-6.303,2.000
-3.800,-6.328,2.000
-3.781,-6.352,2.000
-3.698,-6.268,2.000
-3.669,-6.275,2.000
-3.695,-6.377,2.000
-3.674,-6.398,2.000
-3.601,-6.328,2.000
-3.580,-6.349,2.000
-3.553,-6.360,2.000
-3.574,-6.458,2.000
-3.542,-6.459,2.000
-3.489,-6.422,2.000
-3.452,-6.415,2.000
-3.425,-6.425,2.000
-3.389,-6.417,2.000
-3.375,-6.452,2.000
-3.392,-6.547,2.000
-3.368,-6.564,2.000
-3.299,-6.491,2.000
-3.257,-6.472,2.000
-3.221,-6.464,2.000
-3.239,-6.564,2.000
-3.175,-6.499,2.000
-3.146,-6.505,2.000
-3.119,-6.513,2.000
-3.097,-6.533,2.000
-3.073,-6.548,2.000
-3.079,-6.628,2.000
-3.033,-6.598,2.000
-3.012,-6.620,2.000
-2.965,-6.585,2.000
-2.908,-6.527,2.000
-2.892,-6.560,2.000
-2.903,-6.656,2.000
-2.875,-6.664,2.000
-2.814,-6.594,2.000
-2.785,-6.598,2.000
-2.763,-6.616,2.000
-2.737,-6.627,2.000
-2.711,-6.637,2.000
-2.686,-6.652,2.000
-2.711,-6.791,2.000
-2.637,-6.680,2.000
-2.603,-6.672,2.000
-2.578,-6.686,2.000
-2.556,-6.707,2.000
-2.528,-6.713,2.000
-2.502,-6.723,2.000
-2.506,-6.815,2.000
-2.479,-6.825,2.000
-2.454,-6.838,2.000
-2.392,-6.750,2.000
-2.360,-6.744,2.000
-2.343,-6.780,2.000
-2.295,-6.728,2.000
-2.266,-6.729,2.000
-2.239,-6.734,2.000
-2.220,-6.766,2.000
-2.189,-6.763,2.000
-2.189,-6.853,2.000
-2.167,-6.877,2.000
-2.110,-6.788,2.000
-2.085,-6.804,2.000
-2.091,-6.921,2.000
-2.029,-6.813,2.000
-2.000,-6.813,2.000
-1.972,-6.817,2.000
-1.951,-6.844,2.000
-1.922,-6.844,2.000
-1.899,-6.863,2.000
-1.871,-6.867,2.000
-1.838,-6.854,2.000
-1.840,-6.971,2.000
-1.788,-6.884,2.000
-1.760,-6.887,2.000
-1.732,-6.890,2.000
-1.709,-6.913,2.000
-1.703,-7.006,2.000
-1.651,-6.910,2.000
-1.626,-6.924,2.000
-1.599,-6.935,2.000
-1.570,-6.929,2.000
-1.565,-7.038,2.000
-1.539,-7.052,2.000
-1.538,-7.180,2.000
-1.481,-7.052,2.000
-1.431,-6.950,2.000
-1.397,-6.919,2.000
-1.392,-7.037,2.000
-1.355,-6.995,2.000
-1.344,-7.087,2.000
-1.286,-6.932,2.000
-1.261,-6.945,2.000
-1.236,-6.967,2.000
-1.207,-6.959,2.000
-1.177,-6.952,2.000
-1.151,-6.964,2.000
-1.140,-7.070,2.000
-1.099,-6.990,2.000
-1.069,-6.978,2.000
-1.057,-7.083,2.000
-1.029,-7.083,2.000
-1.003,-7.103,2.000
-0.959,-6.989,2.000
-0.933,-7.001,2.000
-0.904,-6.993,2.000
-0.878,-7.008,2.000
-0.852,-7.024,2.000
-0.821,-7.003,2.000
-0.795,-7.014,2.000
-0.767,-7.021,2.000
-0.748,-7.102,2.000
-0.723,-7.129,2.000
-0.685,-7.034,2.000
-0.667,-7.139,2.000
-0.637,-7.125,2.000
-0.601,-7.033,2.000
-0.576,-7.060,2.000
-0.552,-7.116,2.000
-0.519,-7.044,2.000
-0.491,-7.042,2.000
-0.463,-7.040,2.000
-0.436,-7.046,2.000
-0.408,-7.047,2.000
-0.380,-7.049,2.000
-0.351,-7.021,2.000
-0.329,-7.150,2.000
-0.301,-7.151,2.000
-0.269,-7.050,2.000
-0.241,-7.047,2.000
-0.215,-7.097,2.000
-0.189,-7.147,2.000
-0.161,-7.148,2.000
-0.133,-7.160,2.000
-0.103,-7.075,2.000
-0.075,-7.050,2.000
-0.047,-6.992,2.000
-0.020,-7.055,2.000
0.008,-7.109,2.000
0.035,-7.051,2.000
0.063,-7.004,2.000
0.090,-7.000,2.000
0.119,-7.079,2.000
0.145,-6.999,2.000
0.172,-6.994,2.000
0.200,-6.993,2.000
0.231,-7.101,2.000
0.255,-7.000,2.000
0.283,-6.995,2.000
0.310,-6.993,2.000
0.343,-7.100,2.000
0.370,-7.082,2.000
0.393,-6.993,2.000
0.419,-6.975,2.000
0.453,-7.082,2.000
0.475,-6.984,2.000
0.502,-6.986,2.000
0.537,-7.080,2.000
0.563,-7.057,2.000
0.593,-7.076,2.000
0.620,-7.069,2.000
0.636,-6.937,2.000
0.665,-6.952,2.000
0.698,-7.012,2.000
0.721,-6.959,2.000
0.749,-6.960,2.000
0.775,-6.953,2.000
0.803,-6.950,2.000
0.829,-6.938,2.000
0.858,-6.948,2.000
0.886,-6.952,2.000
0.912,-6.941,2.000
0.940,-6.941,2.000
0.982,-7.044,2.000
1.011,-7.045,2.000
1.036,-7.024,2.000
1.061,-7.004,2.000
1.074,-6.905,2.000
1.103,-6.917,2.000
1.130,-6.908,2.000
1.174,-7.007,2.000
1.184,-6.899,2.000
1.221,-6.953,2.000
1.237,-6.886,2.000
1.266,-6.889,2.000
1.308,-6.962,2.000
1.337,-6.969,2.000
1.368,-6.980,2.000
1.394,-6.966,2.000
1.399,-6.855,2.000
1.427,-6.853,2.000
1.458,-6.864,2.000
1.479,-6.834,2.000
1.506,-6.828,2.000
1.534,-6.826,2.000
1.574,-6.877,2.000
1.587,-6.814,2.000
1.631,-6.881,2.000
1.654,-6.854,2.000
1.707,-6.955,2.000
1.713,-6.865,2.000
1.735,-6.838,2.000
1.763,-6.835,2.000
1.790,-6.828,2.000
1.845,-6.928,2.000
1.841,-6.806,2.000
1.874,-6.819,2.000
1.896,-6.795,2.000
1.949,-6.883,2.000
1.982,-6.894,2.000
1.977,-6.776,2.000
2.002,-6.765,2.000
2.060,-6.859,2.000
2.084,-6.843,2.000
2.082,-6.741,2.000
2.107,-6.728,2.000
2.139,-6.736,2.000
2.178,-6.767,2.000
2.207,-6.766,2.000
2.228,-6.742,2.000
2.256,-6.737,2.000
2.284,-6.732,2.000
2.309,-6.719,2.000
2.334,-6.706,2.000
2.364,-6.708,2.000
2.401,-6.730,2.000
2.422,-6.705,2.000
2.446,-6.688,2.000
2.469,-6.670,2.000
2.504,-6.683,2.000
2.517,-6.639,2.000
2.549,-6.645,2.000
2.578,-6.642,2.000
2.619,-6.670,2.000
2.645,-6.659,2.000
2.673,-6.653,2.000
2.701,-6.646,2.000
2.763,-6.724,2.000
2.791,-6.716,2.000
2.776,-6.606,2.000
2.842,-6.691,2.000
2.827,-6.584,2.000
2.855,-6.577,2.000
2.921,-6.657,2.000
2.903,-6.547,2.000
2.934,-6.546,2.000
2.956,-6.527,2.000
2.985,-6.523,2.000
3.011,-6.511,2.000
3.051,-6.532,2.000
3.087,-6.542,2.000
3.106,-6.515,2.000
3.137,-6.514,2.000
3.152,-6.480,2.000
3.190,-6.492,2.000
3.255,-6.561,2.000
3.283,-6.551,2.000
3.262,-6.447,2.000
3.289,-6.438,2.000
3.313,-6.421,2.000
3.382,-6.492,2.000
3.409,-6.482,2.000
3.431,-6.462,2.000
3.408,-6.358,2.000
3.465,-6.404,2.000
3.467,-6.349,2.000
3.484,-6.321,2.000
3.488,-6.269,2.000
3.557,-6.335,2.000
3.576,-6.311,2.000
3.615,-6.320,2.000
3.553,-6.157,2.000
3.630,-6.234,2.000
3.657,-6.223,2.000
3.598,-6.068,2.000
3.622,-6.054,2.000
3.617,-5.993,2.000
3.641,-5.979,2.000
3.662,-5.961,2.000
3.645,-5.881,2.000
3.664,-5.859,2.000
3.666,-5.812,2.000
3.716,-5.841,2.000
3.690,-5.750,2.000
3.693,-5.705,2.000
3.747,-5.739,2.000
3.716,-5.642,2.000
3.780,-5.691,2.000
3.802,-5.676,2.000
3.807,-5.635,2.000
3.829,-5.620,2.000
3.750,-5.459,2.000
3.801,-5.486,2.000
3.796,-5.433,2.000
3.777,-5.361,2.000
3.798,-5.346,2.000
3.887,-5.426,2.000
3.900,-5.399,2.000
3.948,-5.421,2.000
3.881,-5.285,2.000
3.907,-5.278,2.000
4.009,-5.370,2.000
3.943,-5.239,2.000
3.961,-5.220,2.000
3.987,-5.212,2.000
4.073,-5.281,2.000
4.016,-5.165,2.000
4.123,-5.260,2.000
4.138,-5.237,2.000
4.083,-5.125,2.000
4.106,-5.113,2.000
4.208,-5.198,2.000
4.155,-5.091,2.000
4.169,-5.068,2.000
4.186,-5.048,2.000
4.214,-5.042,2.000
4.231,-5.022,2.000
4.269,-5.027,2.000
4.264,-4.981,2.000
4.308,-4.993,2.000
4.300,-4.944,2.000
4.298,-4.902,2.000
4.333,-4.903,2.000
4.380,-4.918,2.000
4.336,-4.830,2.000
4.469,-4.939,2.000
4.454,-4.883,2.000
4.396,-4.782,2.000
4.411,-4.761,2.000
4.508,-4.827,2.000
4.448,-4.726,2.000
4.474,-4.716,2.000
4.492,-4.698,2.000
4.504,-4.673,2.000
4.529,-4.663,2.000
4.547,-4.645,2.000
4.565,-4.627,2.000
4.583,-4.609,2.000
4.546,-4.536,2.000
4.609,-4.563,2.000
4.578,-4.497,2.000
4.676,-4.556,2.000
4.621,-4.468,2.000
4.638,-4.449,2.000
4.740,-4.511,2.000
4.740,-4.476,2.000
4.683,-4.388,2.000
4.704,-4.373,2.000
4.721,-4.354,2.000
4.760,-4.355,2.000
4.751,-4.314,2.000
4.858,-4.376,2.000
4.789,-4.279,2.000
4.780,-4.238,2.000
4.917,-4.324,2.000
4.879,-4.258,2.000
4.826,-4.178,2.000
4.823,-4.143,2.000
4.843,-4.127,2.000
4.848,-4.098,2.000
4.883,-4.095,2.000
4.888,-4.066,2.000
4.904,-4.047,2.000
5.011,-4.103,2.000
5.064,-4.113,2.000
5.043,-4.063,2.000
4.967,-3.970,2.000
5.090,-4.035,2.000
4.982,-3.918,2.000
5.009,-3.908,2.000
5.036,-3.897,2.000
5.048,-3.874,2.000
5.059,-3.852,2.000
5.074,-3.832,2.000
5.069,-3.797,2.000
5.100,-3.789,2.000
5.062,-3.730,2.000
5.181,-3.786,2.000
5.196,-3.766,2.000
5.114,-3.676,2.000
5.218,-3.719,2.000
5.122,-3.621,2.000
5.157,-3.615,2.000
5.265,-3.661,2.000
5.189,-3.578,2.000
5.199,-3.554,2.000
5.320,-3.606,2.000
5.334,-3.586,2.000
5.236,-3.490,2.000
5.362,-3.544,2.000
5.376,-3.522,2.000
5.290,-3.436,2.000
5.295,-3.410,2.000
5.308,-3.389,2.000
5.313,-3.363,2.000
5.326,-3.342,2.000
5.361,-3.335,2.000
5.369,-3.311,2.000
5.476,-3.347,2.000
5.382,-3.261,2.000
5.386,-3.234,2.000
5.395,-3.211,2.000
5.407,-3.189,2.000
5.515,-3.224,2.000
5.445,-3.154,2.000
5.444,-3.125,2.000
5.487,-3.121,2.000
5.406,-3.047,2.000
5.525,-3.086,2.000
5.546,-3.069,2.000
5.610,-3.076,2.000
5.458,-2.964,2.000
5.460,-2.938,2.000
5.526,-2.946,2.000
5.493,-2.900,2.000
5.513,-2.883,2.000
5.520,-2.859,2.000
5.545,-2.844,2.000
5.533,-2.811,2.000
5.657,-2.846,2.000
5.564,-2.772,2.000
5.693,-2.809,2.000
5.595,-2.733,2.000
5.701,-2.757,2.000
5.588,-2.675,2.000
5.732,-2.717,2.000
5.628,-2.640,2.000
5.638,-2.618,2.000
5.629,-2.587,2.000
5.663,-2.576,2.000
5.659,-2.547,2.000
5.602,-2.495,2.000
5.627,-2.480,2.000
5.617,-2.449,2.000
5.774,-2.490,2.000
5.651,-2.411,2.000
5.765,-2.433,2.000
5.770,-2.409,2.000
5.674,-2.342,2.000
5.803,-2.369,2.000
5.706,-2.304,2.000
5.711,-2.279,2.000
5.715,-2.255,2.000
5.723,-2.232,2.000
5.737,-2.212,2.000
5.861,-2.233,2.000
5.779,-2.176,2.000
5.763,-2.144,2.000
5.771,-2.121,2.000
5.779,-2.099,2.000
5.797,-2.080,2.000
5.776,-2.046,2.000
5.809,-2.032,2.000
5.943,-2.053,2.000
5.922,-2.020,2.000
5.832,-1.964,2.000
5.840,-1.941,2.000
5.862,-1.923,2.000
5.850,-1.893,2.000
5.837,-1.864,2.000
5.840,-1.839,2.000
5.882,-1.827,2.000
5.884,-1.803,2.000
6.000,-1.812,2.000
5.888,-1.753,2.000
5.895,-1.730,2.000
5.891,-1.704,2.000
5.918,-1.687,2.000
5.910,-1.659,2.000
5.870,-1.623,2.000
6.047,-1.647,2.000
5.934,-1.591,2.000
5.889,-1.554,2.000
6.061,-1.574,2.000
5.952,-1.521,2.000
5.948,-1.495,2.000
5.964,-1.474,2.000
5.939,-1.443,2.000
5.975,-1.427,2.000
5.935,-1.393,2.000
5.961,-1.374,2.000
5.982,-1.354,2.000
6.012,-1.336,2.000
5.925,-1.293,2.000
6.012,-1.287,2.000
6.017,-1.263,2.000
6.002,-1.236,2.000
5.949,-1.200,2.000
6.118,-1.210,2.000
6.188,-1.198,2.000
6.031,-1.143,2.000
6.339,-1.176,2.000
6.106,-1.108,2.000
6.039,-1.071,2.000
6.027,-1.045,2.000
6.180,-1.046,2.000
6.061,-1.002,2.000
6.183,-0.997,2.000
6.074,-0.955,2.000
6.005,-0.920,2.000
6.087,-0.908,2.000
6.012,-0.872,2.000
6.073,-0.857,2.000
6.086,-0.835,2.000
6.100,-0.812,2.000
6.077,-0.785,2.000
6.101,-0.763,2.000
6.120,-0.741,2.000
6.240,-0.731,2.000
6.115,-0.692,2.000
6.241,-0.681,2.000
6.248,-0.657,2.000
6.107,-0.618,2.000
6.248,-0.608,2.000
6.127,-0.572,2.000
6.119,-0.547,2.000
6.111,-0.522,2.000
6.139,-0.500,2.000
6.120,-0.474,2.000
6.127,-0.451,2.000
6.149,-0.428,2.000
6.135,-0.403,2.000
6.147,-0.379,2.000
6.128,-0.354,2.000
6.135,-0.330,2.000
6.146,-0.307,2.000
6.158,-0.283,2.000
6.143,-0.258,2.000
6.283,-0.239,2.000
6.140,-0.210,2.000
6.254,-0.189,2.000
6.147,-0.162,2.000
6.178,-0.138,2.000
6.352,-0.117,2.000
6.347,-0.092,2.000
6.358,-0.067,2.000
6.221,-0.041,2.000
6.196,-0.017,2.000
6.323,0.008,2.500
6.232,0.032,2.500
6.221,0.056,2.500
6.226,0.081,2.500
6.221,0.105,2.500
6.205,0.129,2.500
6.326,0.157,2.500
6.355,0.182,2.500
6.203,0.202,2.500
6.314,0.231,2.500
6.221,0.252,2.500
6.220,0.276,2.500
6.214,0.300,2.500
6.223,0.325,2.500
6.222,0.350,2.500
6.215,0.374,2.500
6.270,0.402,2.500
6.268,0.427,2.500
6.555,0.472,2.500
6.280,0.477,2.500
6.392,0.511,2.500
6.380,0.535,2.500
6.279,0.551,2.500
6.376,0.585,2.500
6.374,0.610,2.500
6.272,0.625,2.500
6.254,0.648,2.500
6.257,0.673,2.500
6.274,0.700,2.500
6.241,0.721,2.500
6.243,0.747,2.500
6.245,0.772,2.500
6.272,0.800,2.500
6.234,0.820,2.500
6.291,0.853,2.500
6.292,0.878,2.500
6.299,0.904,2.500
6.295,0.929,2.500
6.281,0.952,2.500
6.465,1.006,2.500
6.461,1.031,2.500
6.270,1.026,2.500
6.396,1.073,2.500
6.261,1.075,2.500
6.262,1.101,2.500
6.388,1.149,2.500
6.243,1.148,2.500
6.383,1.200,2.500
6.412,1.231,2.500
6.307,1.237,2.500
6.288,1.259,2.500
6.411,1.309,2.500
6.292,1.311,2.500
6.428,1.366,2.500
6.286,1.361,2.500
6.403,1.413,2.500
6.384,1.435,2.500
6.260,1.433,2.500
6.391,1.489,2.500
6.362,1.509,2.500
6.257,1.510,2.500
6.432,1.579,2.500
6.311,1.576,2.500
6.286,1.596,2.500
6.275,1.619,2.500
6.287,1.649,2.500
6.267,1.670,2.500
6.274,1.698,2.500
6.258,1.720,2.500
6.247,1.743,2.500
6.245,1.769,2.500
6.238,1.794,2.500
6.240,1.821,2.500
6.342,1.878,2.500
6.321,1.899,2.500
6.331,1.929,2.500
6.372,1.969,2.500
6.262,1.962,2.500
6.272,1.992,2.500
6.246,2.011,2.500
6.247,2.038,2.500
6.332,2.094,2.500
6.376,2.136,2.500
6.227,2.113,2.500
6.210,2.135,2.500
6.389,2.224,2.500
6.207,2.188,2.500
6.290,2.245,2.500
6.171,2.230,2.500
6.154,2.251,2.500
6.140,2.274,2.500
6.171,2.313,2.500
6.240,2.367,2.500
6.353,2.438,2.500
6.117,2.375,2.500
6.090,2.392,2.500
6.207,2.466,2.500
6.256,2.514,2.500
6.127,2.490,2.500
6.130,2.520,2.500
6.116,2.542,2.500
6.106,2.566,2.500
6.091,2.588,2.500
6.094,2.618,2.500
6.075,2.638,2.500
6.073,2.665,2.500
6.050,2.683,2.500
6.044,2.709,2.500
6.024,2.729,2.500
6.026,2.758,2.500
6.011,2.780,2.500
6.009,2.808,2.500
6.081,2.870,2.500
6.049,2.885,2.500
6.033,2.906,2.500
6.006,2.922,2.500
6.108,3.001,2.500
6.092,3.023,2.500
6.076,3.045,2.500
6.044,3.059,2.500
6.044,3.089,2.500
5.955,3.073,2.500
5.947,3.099,2.500
6.101,3.209,2.500
5.911,3.139,2.500
5.902,3.164,2.500
5.981,3.237,2.500
6.034,3.296,2.500
5.912,3.260,2.500
5.993,3.335,2.500
5.894,3.311,2.500
5.897,3.342,2.500
5.860,3.352,2.500
5.847,3.375,2.500
5.834,3.398,2.500
5.821,3.421,2.500
5.815,3.448,2.500
5.770,3.453,2.500
5.811,3.508,2.500
5.823,3.547,2.500
5.888,3.618,2.500
5.851,3.627,2.500
5.766,3.606,2.500
5.767,3.638,2.500
5.741,3.653,2.500
5.834,3.744,2.500
5.823,3.770,2.500
5.709,3.728,2.500
5.804,3.822,2.500
5.680,3.773,2.500
5.705,3.822,2.500
5.783,3.907,2.500
5.686,3.874,2.500
5.752,3.952,2.500
5.726,3.968,2.500
5.632,3.936,2.500
5.645,3.978,2.500
5.644,4.010,2.500
5.632,4.035,2.500
5.637,4.072,2.500
5.624,4.096,2.500
5.587,4.103,2.500
5.622,4.163,2.500
5.686,4.245,2.500
5.676,4.272,2.500
5.576,4.232,2.500
5.646,4.319,2.500
5.622,4.337,2.500
5.536,4.305,2.500
5.627,4.411,2.500
5.506,4.351,2.500
5.598,4.460,2.500
5.497,4.415,2.500
5.483,4.439,2.500
5.485,4.476,2.500
5.490,4.516,2.500
5.472,4.538,2.500
5.460,4.564,2.500
5.436,4.580,2.500
5.409,4.594,2.500
5.477,4.689,2.500
5.425,4.681,2.500
5.410,4.705,2.500
5.469,4.795,2.500
5.450,4.816,2.500
5.428,4.835,2.500
5.338,4.792,2.500
5.433,4.917,2.500
5.414,4.938,2.500
5.317,4.887,2.500
5.306,4.916,2.500
5.384,5.027,2.500
5.299,4.988,2.500
5.352,5.077,2.500
5.245,5.015,2.500
5.279,5.087,2.500
5.262,5.111,2.500
5.242,5.131,2.500
5.219,5.149,2.500
5.263,5.234,2.500
5.175,5.187,2.500
5.206,5.259,2.500
5.248,5.344,2.500
5.196,5.332,2.500
5.170,5.347,2.500
5.152,5.370,2.500
5.125,5.385,2.500
5.135,5.438,2.500
5.178,5.527,2.500
5.090,5.475,2.500
5.132,5.565,2.500
5.066,5.537,2.500
5.084,5.600,2.500
5.010,5.562,2.500
4.993,5.588,2.500
4.971,5.607,2.500
4.952,5.629,2.500
4.925,5.643,2.500
4.950,5.718,2.500
4.873,5.673,2.500
4.856,5.698,2.500
4.890,5.784,2.500
4.879,5.817,2.500
4.795,5.763,2.500
4.844,5.869,2.500
4.814,5.879,2.500
4.690,5.773,2.500
4.688,5.818,2.500
4.644,5.810,2.500
4.628,5.837,2.500
4.608,5.858,2.500
4.578,5.867,2.500
4.557,5.888,2.500
4.536,5.909,2.500
4.511,5.924,2.500
4.543,6.015,2.500
4.508,6.018,2.500
4.443,5.979,2.500
4.413,5.988,2.500
4.396,6.014,2.500
4.370,6.028,2.500
4.342,6.039,2.500
4.309,6.044,2.500
4.296,6.076,2.500
4.277,6.099,2.500
4.259,6.125,2.500
4.316,6.259,2.500
4.198,6.140,2.500
4.181,6.165,2.500
4.202,6.249,2.500
4.130,6.195,2.500
4.222,6.387,2.500
4.073,6.215,2.500
4.026,6.196,2.500
3.995,6.202,2.500
3.977,6.227,2.500
4.001,6.319,2.500
3.974,6.331,2.500
3.893,6.257,2.500
3.914,6.347,2.500
3.905,6.387,2.500
3.812,6.290,2.500
3.898,6.490,2.500
3.750,6.300,2.500
3.753,6.361,2.500
3.766,6.440,2.500
3.724,6.426,2.500
3.647,6.351,2.500
3.673,6.455,2.500
3.603,6.390,2.500
3.580,6.407,2.500
3.599,6.501,2.500
3.568,6.505,2.500
3.542,6.519,2.500
3.520,6.540,2.500
3.422,6.418,2.500
3.402,6.442,2.500
3.373,6.448,2.500
3.344,6.454,2.500
3.321,6.471,2.500
3.334,6.560,2.500
3.272,6.500,2.500
3.262,6.544,2.500
3.255,6.595,2.500
3.188,6.524,2.500
3.216,6.648,2.500
3.187,6.654,2.500
3.089,6.515,2.500
3.072,6.545,2.500
3.048,6.560,2.500
3.022,6.572,2.500
3.033,6.666,2.500
2.965,6.585,2.500
2.948,6.615,2.500
2.914,6.608,2.500
2.888,6.619,2.500
2.857,6.620,2.500
2.836,6.642,2.500
2.857,6.765,2.500
2.777,6.649,2.500
2.759,6.678,2.500
2.772,6.787,2.500
2.744,6.794,2.500
2.678,6.707,2.500
2.674,6.772,2.500
2.615,6.701,2.500
2.636,6.833,2.500
2.553,6.695,2.500
2.562,6.799,2.500
2.532,6.801,2.500
2.474,6.725,2.500
2.481,6.828,2.500
2.421,6.744,2.500
2.428,6.848,2.500
2.401,6.857,2.500
2.343,6.776,2.500
2.349,6.883,2.500
2.291,6.798,2.500
2.261,6.799,2.500
2.236,6.812,2.500
2.208,6.817,2.500
2.184,6.833,2.500
2.142,6.795,2.500
2.112,6.792,2.500
2.086,6.804,2.500
2.060,6.812,2.500
2.032,6.816,2.500
2.007,6.832,2.500
1.978,6.832,2.500
1.949,6.832,2.500
1.921,6.836,2.500
1.897,6.855,2.500
1.869,6.858,2.500
1.843,6.866,2.500
1.861,7.043,2.500
1.790,6.884,2.500
1.762,6.887,2.500
1.737,6.906,2.500
1.729,6.987,2.500
1.670,6.863,2.500
1.639,6.853,2.500
1.614,6.868,2.500
1.591,6.890,2.500
1.580,6.968,2.500
1.554,6.983,2.500
1.507,6.896,2.500
1.479,6.898,2.500
1.471,6.996,2.500
1.425,6.914,2.500
1.422,7.039,2.500
1.389,7.013,2.500
1.342,6.922,2.500
1.335,7.032,2.500
1.287,6.928,2.500
1.260,6.933,2.500
1.251,7.043,2.500
1.206,6.947,2.500
1.188,7.004,2.500
1.145,6.919,2.500
1.114,6.898,2.500
1.090,6.919,2.500
1.077,7.018,2.500
1.047,7.006,2.500
1.024,7.039,2.500
0.983,6.952,2.500
0.952,6.927,2.500
0.926,6.943,2.500
0.899,6.942,2.500
0.871,6.942,2.500
0.845,6.953,2.500
0.810,6.893,2.500
0.782,6.892,2.500
0.758,6.921,2.500
0.729,6.902,2.500
0.700,6.892,2.500
0.673,6.895,2.500
0.645,6.889,2.500
0.620,6.913,2.500
0.593,6.911,2.500
0.574,7.015,2.500
0.548,7.038,2.500
0.518,7.006,2.500
0.491,7.025,2.500
0.456,6.904,2.500
0.430,6.932,2.500
0.409,7.030,2.500
0.375,6.926,2.500
0.348,6.928,2.500
0.318,6.868,2.500
0.292,6.887,2.500
0.263,6.844,2.500
0.240,6.937,2.500
0.210,6.872,2.500
0.184,6.908,2.500
0.158,6.960,2.500
0.130,6.927,2.500
0.104,6.948,2.500
0.076,6.893,2.500
0.049,6.983,2.500
0.021,6.871,2.500
-0.006,6.880,2.500
-0.032,6.867,2.500
-0.060,6.875,2.500
-0.087,6.884,2.500
-0.113,6.870,2.500
-0.140,6.870,2.500
-0.168,6.878,2.500
-0.195,6.886,2.500
-0.222,6.877,2.500
-0.249,6.884,2.500
-0.275,6.870,2.500
-0.305,6.930,2.500
-0.334,6.975,2.500
-0.356,6.866,2.500
-0.382,6.852,2.500
-0.416,6.962,2.500
-0.437,6.862,2.500
-0.464,6.864,2.500
-0.490,6.849,2.500
-0.517,6.843,2.500
-0.545,6.854,2.500
-0.571,6.848,2.500
-0.600,6.867,2.500
-0.628,6.873,2.500
-0.655,6.871,2.500
-0.696,7.012,2.500
-0.709,6.870,2.500
-0.750,6.994,2.500
-0.766,6.890,2.500
-0.794,6.899,2.500
-0.824,6.917,2.500
-0.848,6.884,2.500
-0.872,6.864,2.500
-0.901,6.873,2.500
-0.930,6.882,2.500
-0.955,6.866,2.500
-1.006,7.029,2.500
-1.011,6.875,2.500
-1.036,6.859,2.500
-1.062,6.846,2.500
-1.092,6.863,2.500
-1.117,6.846,2.500
-1.146,6.854,2.500
-1.171,6.837,2.500
-1.196,6.824,2.500
-1.225,6.832,2.500
-1.252,6.827,2.500
-1.297,6.922,2.500
-1.323,6.908,2.500
-1.353,6.920,2.500
-1.383,6.926,2.500
-1.387,6.805,2.500
-1.413,6.800,2.500
-1.438,6.786,2.500
-1.459,6.755,2.500
-1.496,6.795,2.500
-1.519,6.772,2.500
-1.545,6.762,2.500
-1.594,6.855,2.500
-1.600,6.758,2.500
-1.639,6.806,2.500
-1.665,6.795,2.500
-1.691,6.789,2.500
-1.723,6.802,2.500
-1.769,6.868,2.500
-1.794,6.857,2.500
-1.840,6.921,2.500
-1.826,6.762,2.500
-1.862,6.787,2.500
-1.905,6.840,2.500
-1.898,6.712,2.500
-1.959,6.825,2.500
-1.961,6.733,2.500
-1.980,6.701,2.500
-2.007,6.693,2.500
-2.035,6.693,2.500
-2.064,6.693,2.500
-2.088,6.677,2.500
-2.117,6.677,2.500
-2.142,6.665,2.500
-2.153,6.612,2.500
-2.233,6.766,2.500
-2.200,6.578,2.500
-2.207,6.516,2.500
-2.269,6.613,2.500
-2.256,6.491,2.500
-2.281,6.482,2.500
-2.325,6.526,2.500
-2.312,6.410,2.500
-2.321,6.354,2.500
-2.339,6.328,2.500
-2.347,6.272,2.500
-2.405,6.352,2.500
-2.369,6.185,2.500
-2.415,6.231,2.500
-2.389,6.091,2.500
-2.437,6.143,2.500
-2.433,6.064,2.500
-2.391,5.892,2.500
-2.447,5.964,2.500
-2.410,5.808,2.500
-2.409,5.742,2.500
-2.434,5.737,2.500
-2.430,5.665,2.500
-2.441,5.632,2.500
-2.401,5.480,2.500
-2.409,5.441,2.500
-2.422,5.411,2.500
-2.427,5.366,2.500
-2.443,5.346,2.500
-2.429,5.260,2.500
-2.415,5.177,2.500
-2.468,5.236,2.500
-2.444,5.132,2.500
-2.430,5.053,2.500
-2.453,5.049,2.500
-2.438,4.970,2.500
-2.384,4.811,2.500
-2.483,4.961,2.500
-2.385,4.719,2.500
-2.406,4.715,2.500
-2.413,4.683,2.500
-2.518,4.841,2.500
-2.456,4.676,2.500
-2.477,4.671,2.500
-2.483,4.639,2.500
-2.508,4.641,2.500
-2.601,4.769,2.500
-2.617,4.753,2.500
-2.568,4.622,2.500
-2.666,4.754,2.500
-2.595,4.585,2.500
-2.613,4.575,2.500
-2.761,4.791,2.500
-2.662,4.576,2.500
-2.805,4.779,2.500
-2.827,4.774,2.500
-2.754,4.610,2.500
-2.775,4.604,2.500
-2.790,4.588,2.500
-2.828,4.609,2.500
-2.836,4.582,2.500
-2.919,4.675,2.500
-2.859,4.538,2.500
-2.953,4.647,2.500
-2.931,4.573,2.500
-2.999,4.639,2.500
-2.926,4.487,2.500
-3.042,4.625,2.500
-3.139,4.732,2.500
-3.017,4.510,2.500
-3.069,4.549,2.500
-3.090,4.542,2.500
-3.091,4.504,2.500
-3.105,4.487,2.500
-3.202,4.589,2.500
-3.227,4.586,2.500
-3.154,4.445,2.500
-3.171,4.433,2.500
-3.207,4.445,2.500
-3.206,4.408,2.500
-3.234,4.410,2.500
-3.330,4.504,2.500
-3.348,4.491,2.500
-3.282,4.367,2.500
-3.273,4.319,2.500
-3.313,4.336,2.500
-3.479,4.517,2.500
-3.350,4.315,2.500
-3.367,4.301,2.500
-3.380,4.283,2.500
-3.424,4.304,2.500
-3.414,4.257,2.500
-3.480,4.305,2.500
-3.459,4.244,2.500
-3.472,4.226,2.500
-3.480,4.203,2.500
-3.509,4.203,2.500
-3.568,4.240,2.500
-3.565,4.203,2.500
-3.735,4.369,2.500
-3.614,4.193,2.500
-3.630,4.179,2.500
-3.643,4.160,2.500
-3.784,4.288,2.500
-3.695,4.154,2.500
-3.699,4.126,2.500
-3.819,4.226,2.500
-3.732,4.097,2.500
-3.715,4.047,2.500
-3.756,4.059,2.500
-3.776,4.048,2.500
-3.758,3.998,2.500
-3.921,4.139,2.500
-3.810,3.990,2.500
-3.843,3.993,2.500
-3.837,3.956,2.500
-3.882,3.971,2.500
-3.890,3.947,2.500
-3.901,3.928,2.500
-4.029,4.026,2.500
-3.932,3.897,2.500
-3.947,3.882,2.500
-3.971,3.875,2.500
-4.080,3.950,2.500
-4.001,3.843,2.500
-4.119,3.926,2.500
-4.040,3.820,2.500
-4.158,3.901,2.500
-4.173,3.885,2.500
-4.053,3.743,2.500
-4.086,3.744,2.500
-4.096,3.724,2.500
-4.137,3.732,2.500
-4.121,3.687,2.500
-4.259,3.782,2.500
-4.343,3.826,2.500
-4.164,3.639,2.500
-4.304,3.731,2.500
-4.206,3.618,2.500
-4.328,3.693,2.500
-4.347,3.680,2.500
-4.239,3.560,2.500
-4.253,3.543,2.500
-4.272,3.531,2.500
-4.404,3.611,2.500
-4.299,3.497,2.500
-4.446,3.588,2.500
-4.442,3.556,2.500
-4.340,3.446,2.500
-4.358,3.433,2.500
-4.338,3.390,2.500
-4.474,3.468,2.500
-4.384,3.370,2.500
-4.407,3.360,2.500
-4.547,3.439,2.500
-4.533,3.400,2.500
-4.446,3.308,2.500
-4.478,3.305,2.500
-4.472,3.273,2.500
-4.485,3.256,2.500
-4.497,3.238,2.500
-4.616,3.296,2.500
-4.523,3.202,2.500
-4.530,3.181,2.500
-4.572,3.184,2.500
-4.706,3.250,2.500
-4.700,3.218,2.500
-4.707,3.196,2.500
-4.715,3.175,2.500
-4.604,3.074,2.500
-4.626,3.062,2.500
-4.628,3.037,2.500
-4.645,3.023,2.500
-4.667,3.011,2.500
-4.793,3.066,2.500
-4.706,2.984,2.500
-4.702,2.956,2.500
-4.662,2.905,2.500
-4.720,2.915,2.500
-4.726,2.894,2.500
-4.773,2.897,2.500
-4.754,2.860,2.500
-4.760,2.838,2.500
-4.766,2.816,2.500
-4.808,2.816,2.500
-4.916,2.853,2.500
-4.942,2.843,2.500
-4.943,2.817,2.500
-4.965,2.804,2.500
-4.836,2.706,2.500
-4.857,2.693,2.500
-4.982,2.737,2.500
-4.873,2.652,2.500
-4.915,2.650,2.500
-5.111,2.729,2.500
-4.818,2.549,2.500
-4.839,2.535,2.500
-4.849,2.516,2.500
-4.929,2.534,2.500
-4.939,2.514,2.500
-5.107,2.575,2.500
-5.101,2.547,2.500
-4.880,2.413,2.500
-4.983,2.439,2.500
-4.910,2.380,2.500
-5.093,2.444,2.500
-5.097,2.421,2.500
-5.026,2.363,2.500
-5.084,2.366,2.500
-4.950,2.280,2.500
-4.998,2.279,2.500
-4.979,2.246,2.500
-5.142,2.296,2.500
-4.986,2.202,2.500
-5.039,2.202,2.500
-5.037,2.178,2.500
-5.123,2.191,2.500
-5.031,2.128,2.500
-5.028,2.104,2.500
-5.093,2.108,2.500
-5.061,2.071,2.500
-5.209,2.108,2.500
-5.140,2.056,2.500
-5.214,2.063,2.500
-5.093,1.992,2.500
-5.084,1.965,2.500
-5.080,1.941,2.500
-5.334,2.014,2.500
-5.107,1.905,2.500
-5.120,1.887,2.500
-5.190,1.890,2.500
-5.123,1.843,2.500
-5.159,1.833,2.500
-5.137,1.802,2.500
-5.371,1.861,2.500
-5.578,1.908,2.500
-5.176,1.748,2.500
-5.194,1.731,2.500
-5.264,1.732,2.500
-5.271,1.711,2.500
-5.413,1.734,2.500
-5.284,1.670,2.500
-5.291,1.649,2.500
-5.303,1.630,2.500
-5.451,1.652,2.500
-5.446,1.627,2.500
-5.316,1.566,2.500
-5.322,1.545,2.500
-5.305,1.517,2.500
-5.357,1.509,2.500
-5.334,1.480,2.500
-5.363,1.466,2.500
-5.506,1.482,2.500
-5.512,1.460,2.500
-5.506,1.435,2.500
-5.374,1.378,2.500
-5.397,1.362,2.500
-5.361,1.330,2.500
-5.378,1.312,2.500
-5.383,1.291,2.500
-5.544,1.307,2.500
-5.543,1.283,2.500
-5.392,1.226,2.500
-5.414,1.209,2.500
-5.581,1.223,2.500
-5.406,1.163,2.500
-5.428,1.145,2.500
-5.439,1.125,2.500
-5.431,1.101,2.500
-5.441,1.081,2.500
-5.434,1.057,2.500
-5.444,1.037,2.500
-5.448,1.016,2.500
-5.464,0.997,2.500
-5.450,0.972,2.500
-5.471,0.954,2.500
-5.609,0.955,2.500
-5.443,0.905,2.500
-5.476,0.888,2.500
-5.468,0.865,2.500
-5.489,0.846,2.500
-5.480,0.823,2.500
-5.478,0.800,2.500
-5.493,0.781,2.500
-5.631,0.778,2.500
-5.645,0.757,2.500
-5.578,0.726,2.500
-5.492,0.693,2.500
-5.590,0.683,2.500
-5.586,0.660,2.500
-5.722,0.653,2.500
-5.719,0.630,2.500
-5.588,0.594,2.500
-5.596,0.572,2.500
-5.581,0.549,2.500
-5.734,0.541,2.500
-5.626,0.509,2.500
-5.599,0.484,2.500
-5.751,0.474,2.500
-5.626,0.442,2.500
-5.616,0.419,2.500
-5.617,0.397,2.500
-5.758,0.384,2.500
-5.620,0.353,2.500
-5.651,0.332,2.500
-5.611,0.308,2.500
-5.630,0.287,2.500
-5.770,0.271,2.500
-5.626,0.242,2.500
-5.772,0.226,2.500
-5.756,0.203,2.500
-5.640,0.176,2.500
-5.694,0.156,2.500
-5.647,0.132,2.500
-5.689,0.111,2.500
-5.718,0.089,2.500
-5.861,0.068,2.500
-5.713,0.044,2.500
-5.736,0.022,2.500
-5.731,-0.001,2.500
-5.702,-0.023,2.500
-5.730,-0.046,2.500
-5.855,-0.070,2.500
-5.701,-0.090,2.500
-5.718,-0.113,2.500
-5.712,-0.135,2.500
-5.717,-0.158,2.500
-5.836,-0.184,2.500
-5.727,-0.203,2.500
-5.703,-0.225,2.500
-5.725,-0.248,2.500
-5.849,-0.277,2.500
-5.758,-0.295,2.500
-5.705,-0.315,2.500
-5.778,-0.341,2.500
-5.776,-0.364,2.500
-5.792,-0.388,2.500
-5.762,-0.409,2.500
-5.760,-0.431,2.500
-5.787,-0.456,2.500
-5.914,-0.489,2.500
-5.783,-0.501,2.500
-5.759,-0.522,2.500
-5.768,-0.546,2.500
-5.900,-0.582,2.500
-5.908,-0.606,2.500
-5.755,-0.613,2.500
-5.747,-0.635,2.500
-5.733,-0.656,2.500
-5.876,-0.696,2.500
-5.950,-0.728,2.500
-5.832,-0.737,2.500
-5.834,-0.761,2.500
-5.831,-0.784,2.500
-5.953,-0.824,2.500
-5.950,-0.847,2.500
-5.941,-0.870,2.500
-5.813,-0.874,2.500
-5.815,-0.898,2.500
-5.784,-0.916,2.500
-5.911,-0.960,2.500
-5.923,-0.986,2.500
-5.999,-1.023,2.500
-5.796,-1.012,2.500
-5.809,-1.038,2.500
-5.907,-1.079,2.500
-5.833,-1.089,2.500
-5.801,-1.107,2.500
-5.759,-1.122,2.500
-5.974,-1.189,2.500
-5.964,-1.211,2.500
-5.821,-1.206,2.500
-5.822,-1.230,2.500
-5.822,-1.254,2.500
-5.780,-1.268,2.500
-5.913,-1.322,2.500
-5.949,-1.355,2.500
-5.923,-1.373,2.500
-5.807,-1.370,2.500
-5.802,-1.393,2.500
-5.786,-1.413,2.500
-5.911,-1.469,2.500
-5.890,-1.488,2.500
-5.737,-1.473,2.500
-5.736,-1.497,2.500
-5.725,-1.518,2.500
-5.855,-1.577,2.500
-5.859,-1.603,2.500
-5.707,-1.585,2.500
-5.711,-1.611,2.500
-5.726,-1.639,2.500
-5.828,-1.693,2.500
-5.686,-1.676,2.500
-5.669,-1.696,2.500
-5.683,-1.724,2.500
-5.801,-1.785,2.500
-5.779,-1.803,2.500
-5.862,-1.854,2.500
-5.656,-1.813,2.500
-5.643,-1.834,2.500
-5.709,-1.880,2.500
-5.681,-1.895,2.500
-5.668,-1.916,2.500
-5.777,-1.978,2.500
-5.804,-2.013,2.500
-5.796,-2.036,2.500
-5.774,-2.053,2.500
-5.655,-2.036,2.500
-5.752,-2.096,2.500
-5.769,-2.128,2.500
-5.755,-2.149,2.500
-5.612,-2.121,2.500
-5.604,-2.143,2.500
-5.605,-2.168,2.500
-5.726,-2.241,2.500
-5.568,-2.204,2.500
-5.584,-2.236,2.500
-5.551,-2.248,2.500
-5.562,-2.278,2.500
-5.543,-2.296,2.500
-5.529,-2.315,2.500
-5.544,-2.348,2.500
-5.580,-2.388,2.500
-5.521,-2.389,2.500
-5.507,-2.408,2.500
-5.551,-2.454,2.500
-5.676,-2.536,2.500
-5.561,-2.511,2.500
-5.632,-2.569,2.500
-5.641,-2.600,2.500
-5.630,-2.622,2.500
-5.497,-2.586,2.500
-5.501,-2.615,2.500
-5.594,-2.686,2.500
-5.447,-2.641,2.500
-5.606,-2.746,2.500
-5.387,-2.665,2.500
-5.429,-2.713,2.500
-5.424,-2.736,2.500
-5.670,-2.888,2.500
-5.392,-2.774,2.500
-5.386,-2.797,2.500
-5.394,-2.828,2.500
-5.443,-2.882,2.500
-5.423,-2.898,2.500
-5.402,-2.914,2.500
-5.509,-3.000,2.500
-5.393,-2.964,2.500
-5.381,-2.985,2.500
-5.477,-3.067,2.500
-5.344,-3.020,2.500
-5.444,-3.105,2.500
-5.356,-3.083,2.500
-5.331,-3.096,2.500
-5.309,-3.111,2.500
-5.293,-3.129,2.500
-5.267,-3.142,2.500
-5.263,-3.168,2.500
-5.379,-3.266,2.500
-5.301,-3.247,2.500
-5.275,-3.260,2.500
-5.266,-3.284,2.500
-5.231,-3.290,2.500
-5.249,-3.330,2.500
-5.227,-3.345,2.500
-5.354,-3.456,2.500
-5.320,-3.464,2.500
-5.205,-3.418,2.500
-5.263,-3.486,2.500
-5.228,-3.493,2.500
-5.215,-3.513,2.500
-5.300,-3.601,2.500
-5.310,-3.638,2.500
-5.284,-3.651,2.500
-5.138,-3.580,2.500
-5.145,-3.615,2.500
-5.232,-3.707,2.500
-5.218,-3.728,2.500
-5.171,-3.725,2.500
-5.128,-3.725,2.500
-5.138,-3.763,2.500
-5.225,-3.858,2.500
-5.187,-3.861,2.500
-5.073,-3.808,2.500
-5.070,-3.837,2.500
-5.059,-3.860,2.500
-5.148,-3.960,2.500
-5.087,-3.945,2.500
-5.060,-3.955,2.500
-5.056,-3.984,2.500
-5.017,-3.986,2.500
-5.017,-4.018,2.500
-5.012,-4.047,2.500
-4.958,-4.035,2.500
-5.077,-4.165,2.500
-5.009,-4.142,2.500
-4.989,-4.159,2.500
-5.071,-4.261,2.500
-4.964,-4.204,2.500
-4.951,-4.227,2.500
-5.013,-4.314,2.500
-4.914,-4.262,2.500
-4.933,-4.313,2.500
-4.934,-4.348,2.500
-4.902,-4.355,2.500
-4.986,-4.464,2.500
-4.955,-4.471,2.500
-4.923,-4.478,2.500
-4.858,-4.454,2.500
-4.875,-4.504,2.500
-4.850,-4.517,2.500
-4.836,-4.539,2.500
-4.814,-4.555,2.500
-4.886,-4.659,2.500
-4.775,-4.589,2.500
-4.810,-4.660,2.500
-4.779,-4.666,2.500
-4.760,-4.684,2.500
-4.752,-4.713,2.500
-4.727,-4.725,2.500
-4.715,-4.750,2.500
-4.693,-4.765,2.500
-4.718,-4.829,2.500
-4.703,-4.851,2.500
-4.687,-4.872,2.500
-4.671,-4.894,2.500
-4.766,-5.034,2.500
-4.660,-4.960,2.500
-4.646,-4.985,2.500
-4.629,-5.006,2.500
-4.604,-5.018,2.500
-4.593,-5.045,2.500
-4.641,-5.138,2.500
-4.583,-5.114,2.500
-4.565,-5.135,2.500
-4.554,-5.163,2.500
-4.534,-5.181,2.500
-4.502,-5.185,2.500
-4.527,-5.256,2.500
-4.537,-5.309,2.500
-4.477,-5.281,2.500
-4.596,-5.465,2.500
-4.487,-5.378,2.500
-4.458,-5.386,2.500
-4.479,-5.456,2.500
-4.455,-5.470,2.500
-4.431,-5.484,2.500
-4.410,-5.501,2.500
-4.444,-5.590,2.500
-4.475,-5.673,2.500
-4.390,-5.612,2.500
-4.361,-5.619,2.500
-4.405,-5.723,2.500
-4.385,-5.743,2.500
-4.324,-5.709,2.500
-4.304,-5.729,2.500
-4.286,-5.752,2.500
-4.259,-5.763,2.500
-4.274,-5.831,2.500
-4.295,-5.908,2.500
-4.285,-5.944,2.500
-4.203,-5.878,2.500
-4.170,-5.881,2.500
-4.250,-6.044,2.500
-4.138,-5.933,2.500
-4.110,-5.943,2.500
-4.146,-6.046,2.500
-4.063,-5.975,2.500
-4.051,-6.007,2.500
-4.025,-6.020,2.500
-3.995,-6.026,2.500
-4.023,-6.120,2.500
-4.057,-6.225,2.500
-3.949,-6.112,2.500
-3.925,-6.128,2.500
-3.899,-6.140,2.500
-3.879,-6.162,2.500
-3.906,-6.259,2.500
-3.873,-6.261,2.500
-3.802,-6.200,2.500
-3.780,-6.218,2.500
-3.803,-6.313,2.500
-3.778,-6.328,2.500
-3.757,-6.349,2.500
-3.689,-6.290,2.500
-3.659,-6.295,2.500
-3.636,-6.312,2.500
-3.613,-6.330,2.500
-3.658,-6.468,2.500
-3.609,-6.439,2.500
-3.535,-6.365,2.500
-3.508,-6.376,2.500
-3.523,-6.464,2.500
-3.458,-6.403,2.500
-3.436,-6.424,2.500
-3.449,-6.509,2.500
-3.382,-6.443,2.500
-3.405,-6.549,2.500
-3.372,-6.549,2.500
-3.293,-6.458,2.500
-3.263,-6.461,2.500
-3.276,-6.550,2.500
-3.248,-6.560,2.500
-3.183,-6.491,2.500
-3.159,-6.507,2.500
-3.127,-6.505,2.500
-3.104,-6.525,2.500
-3.072,-6.523,2.500
-3.091,-6.631,2.500
-3.026,-6.557,2.500
-3.007,-6.584,2.500
-2.989,-6.613,2.500
-2.964,-6.629,2.500
-2.942,-6.647,2.500
-2.877,-6.571,2.500
-2.855,-6.590,2.500
-2.821,-6.583,2.500
-2.798,-6.601,2.500
-2.766,-6.597,2.500
-2.745,-6.619,2.500
-2.756,-6.722,2.500
-2.697,-6.652,2.500
-2.703,-6.743,2.500
-2.646,-6.676,2.500
-2.614,-6.672,2.500
-2.581,-6.663,2.500
-2.621,-6.847,2.500
-2.573,-6.803,2.500
-2.512,-6.720,2.500
-2.488,-6.737,2.500
-2.455,-6.728,2.500
-2.438,-6.764,2.500
-2.435,-6.841,2.500
-2.414,-6.865,2.500
-2.333,-6.719,2.500
-2.325,-6.782,2.500
-2.300,-6.795,2.500
-2.254,-6.746,2.500
-2.228,-6.759,2.500
-2.197,-6.752,2.500
-2.178,-6.784,2.500
-2.177,-6.873,2.500
-2.121,-6.789,2.500
-2.091,-6.786,2.500
-2.067,-6.806,2.500
-2.031,-6.782,2.500
-2.044,-6.922,2.500
-1.983,-6.814,2.500
-1.958,-6.829,2.500
-1.933,-6.845,2.500
-1.909,-6.860,2.500
-1.882,-6.868,2.500
-1.856,-6.879,2.500
-1.827,-6.878,2.500
-1.802,-6.893,2.500
-1.774,-6.896,2.500
-1.744,-6.891,2.500
-1.719,-6.906,2.500
-1.702,-6.956,2.500
-1.663,-6.915,2.500
-1.637,-6.926,2.500
-1.609,-6.928,2.500
-1.605,-7.037,2.500
-1.557,-6.953,2.500
-1.530,-6.959,2.500
-1.503,-6.965,2.500
-1.471,-6.950,2.500
-1.464,-7.055,2.500
-1.407,-6.917,2.500
-1.387,-6.955,2.500
-1.355,-6.940,2.500
-1.337,-6.990,2.500
-1.299,-6.943,2.500
-1.272,-6.948,2.500
-1.246,-6.957,2.500
-1.216,-6.949,2.500
-1.208,-7.067,2.500
-1.179,-7.064,2.500
-1.132,-6.951,2.500
-1.106,-6.963,2.500
-1.079,-6.968,2.500
-1.068,-7.081,2.500
-1.041,-7.094,2.500
-0.997,-6.984,2.500
-0.985,-7.094,2.500
-0.944,-7.004,2.500
-0.926,-7.077,2.500
-0.888,-7.003,2.500
-0.860,-7.002,2.500
-0.833,-7.006,2.500
-0.821,-7.151,2.500
-0.775,-6.991,2.500
-0.752,-7.031,2.500
-0.723,-7.026,2.500
-0.695,-7.025,2.500
-0.667,-7.019,2.500
-0.641,-7.034,2.500
-0.612,-7.024,2.500
-0.584,-7.026,2.500
-0.557,-7.037,2.500
-0.537,-7.137,2.500
-0.501,-7.024,2.500
-0.474,-7.035,2.500
-0.448,-7.061,2.500
-0.420,-7.059,2.500
-0.397,-7.142,2.500
-0.369,-7.144,2.500
-0.337,-7.072,2.500
-0.308,-7.048,2.500
-0.281,-7.053,2.500
-0.253,-7.046,2.500
-0.228,-7.154,2.500
-0.200,-7.155,2.500
-0.170,-7.053,2.500
-0.143,-7.074,2.500
-0.116,-7.173,2.500
-0.087,-7.050,2.500
-0.059,-7.034,2.500
-0.031,-7.063,2.500
-0.004,-6.988,2.500
0.024,-7.055,2.500
0.052,-7.112,2.500
0.079,-7.000,2.500
0.106,-6.999,2.500
0.136,-7.103,2.500
0.162,-7.049,2.500
0.189,-6.994,2.500
0.216,-6.997,2.500
0.244,-6.996,2.500
0.277,-7.140,2.500
0.298,-6.994,2.500
0.326,-6.988,2.500
0.353,-6.987,2.500
0.386,-7.094,2.500
0.408,-6.984,2.500
0.436,-6.987,2.500
0.463,-6.989,2.500
0.490,-6.970,2.500
0.519,-6.998,2.500
0.546,-6.992,2.500
0.581,-7.077,2.500
0.609,-7.078,2.500
0.637,-7.080,2.500
0.655,-6.974,2.500
0.682,-6.963,2.500
0.710,-6.973,2.500
0.737,-6.961,2.500
0.766,-6.971,2.500
0.791,-6.955,2.500
0.820,-6.965,2.500
0.846,-6.949,2.500
0.872,-6.937,2.500
0.898,-6.921,2.500
0.941,-7.034,2.500
0.969,-7.034,2.500
0.980,-6.914,2.500
1.010,-6.931,2.500
1.057,-7.058,2.500
1.064,-6.919,2.500
1.105,-7.001,2.500
1.143,-7.062,2.500
1.145,-6.902,2.500
1.174,-6.910,2.500
1.196,-6.876,2.500
1.227,-6.896,2.500
1.254,-6.887,2.500
1.279,-6.874,2.500
1.335,-7.020,2.500
1.335,-6.876,2.500
1.364,-6.879,2.500
1.407,-6.955,2.500
1.413,-6.843,2.500
1.446,-6.867,2.500
1.469,-6.844,2.500
1.496,-6.839,2.500
1.525,-6.841,2.500
1.559,-6.868,2.500
1.576,-6.820,2.500
1.604,-6.818,2.500
1.672,-6.984,2.500
1.691,-6.942,2.500
1.696,-6.848,2.500
1.722,-6.837,2.500
1.777,-6.938,2.500
1.775,-6.819,2.500
1.807,-6.832,2.500
1.876,-6.982,2.500
1.856,-6.802,2.500
1.883,-6.795,2.500
1.912,-6.795,2.500
1.938,-6.788,2.500
1.966,-6.784,2.500
2.016,-6.855,2.500
2.047,-6.863,2.500
2.046,-6.760,2.500
2.079,-6.772,2.500
2.128,-6.838,2.500
2.133,-6.759,2.500
2.172,-6.790,2.500
2.196,-6.774,2.500
2.224,-6.769,2.500
2.244,-6.741,2.500
2.272,-6.736,2.500
2.333,-6.830,2.500
2.326,-6.722,2.500
2.352,-6.712,2.500
2.411,-6.795,2.500
2.406,-6.698,2.500
2.425,-6.669,2.500
2.460,-6.682,2.500
2.482,-6.661,2.500
2.547,-6.754,2.500
2.575,-6.747,2.500
2.559,-6.628,2.500
2.626,-6.723,2.500
2.647,-6.698,2.500
2.661,-6.658,2.500
2.687,-6.647,2.500
2.749,-6.725,2.500
2.779,-6.721,2.500
2.762,-6.607,2.500
2.793,-6.608,2.500
2.861,-6.695,2.500
2.841,-6.578,2.500
2.870,-6.574,2.500
2.883,-6.533,2.500
2.917,-6.541,2.500
2.951,-6.548,2.500
2.963,-6.506,2.500
3.040,-6.607,2.500
3.021,-6.498,2.500
3.109,-6.618,2.500
3.121,-6.578,2.500
3.123,-6.516,2.500
3.145,-6.496,2.500
3.171,-6.484,2.500
3.201,-6.482,2.500
3.227,-6.470,2.500
3.250,-6.453,2.500
3.278,-6.444,2.500
3.301,-6.428,2.500
3.324,-6.411,2.500
3.353,-6.405,2.500
3.367,-6.371,2.500
3.449,-6.465,2.500
3.471,-6.444,2.500
3.448,-6.341,2.500
3.472,-6.328,2.500
3.507,-6.331,2.500
3.487,-6.237,2.500
3.521,-6.241,2.500
3.546,-6.227,2.500
3.560,-6.195,2.500
3.566,-6.150,2.500
3.586,-6.128,2.500
3.661,-6.202,2.500
3.608,-6.057,2.500
3.693,-6.145,2.500
3.634,-5.993,2.500
3.655,-5.975,2.500
3.733,-6.049,2.500
3.744,-6.014,2.500
3.655,-5.819,2.500
3.673,-5.797,2.500
3.674,-5.749,2.500
3.763,-5.837,2.500
3.741,-5.753,2.500
3.763,-5.739,2.500
3.749,-5.669,2.500
3.704,-5.552,2.500
3.794,-5.639,2.500
3.752,-5.530,2.500
3.758,-5.493,2.500
3.829,-5.550,2.500
3.851,-5.535,2.500
3.804,-5.422,2.500
3.806,-5.380,2.500
3.803,-5.330,2.500
3.840,-5.338,2.500
3.853,-5.312,2.500
3.882,-5.308,2.500
3.892,-5.278,2.500
3.915,-5.266,2.500
3.939,-5.254,2.500
3.962,-5.243,2.500
4.036,-5.298,2.500
3.997,-5.204,2.500
4.021,-5.192,2.500
4.032,-5.165,2.500
4.067,-5.168,2.500
4.076,-5.137,2.500
4.096,-5.121,2.500
4.189,-5.196,2.500
4.212,-5.183,2.500
4.162,-5.080,2.500
4.182,-5.063,2.500
4.198,-5.043,2.500
4.218,-5.027,2.500
4.283,-5.064,2.500
4.291,-5.033,2.500
4.230,-4.922,2.500
4.256,-4.913,2.500
4.278,-4.900,2.500
4.298,-4.883,2.500
4.310,-4.859,2.500
4.345,-4.860,2.500
4.352,-4.828,2.500
4.383,-4.825,2.500
4.469,-4.881,2.500
4.415,-4.784,2.500
4.504,-4.843,2.500
4.514,-4.815,2.500
4.549,-4.814,2.500
4.476,-4.700,2.500
4.451,-4.637,2.500
4.589,-4.743,2.500
4.484,-4.598,2.500
4.498,-4.577,2.500
4.634,-4.679,2.500
4.541,-4.549,2.500
4.541,-4.513,2.500
4.669,-4.604,2.500
4.584,-4.485,2.500
4.636,-4.501,2.500
4.709,-4.536,2.500
4.661,-4.454,2.500
4.664,-4.422,2.500
4.681,-4.404,2.500
4.783,-4.464,2.500
4.719,-4.370,2.500
4.733,-4.348,2.500
4.750,-4.330,2.500
4.771,-4.314,2.500
4.863,-4.363,2.500
4.797,-4.270,2.500
4.784,-4.225,2.500
4.782,-4.190,2.500
4.836,-4.204,2.500
4.830,-4.165,2.500
4.827,-4.130,2.500
4.926,-4.181,2.500
4.863,-4.096,2.500
4.876,-4.073,2.500
5.114,-4.238,2.500
4.907,-4.035,2.500
4.935,-4.025,2.500
4.943,-3.999,2.500
5.047,-4.051,2.500
5.074,-4.040,2.500
5.063,-3.999,2.500
5.005,-3.921,2.500
5.012,-3.895,2.500
5.125,-3.951,2.500
5.043,-3.856,2.500
5.066,-3.842,2.500
5.037,-3.789,2.500
5.044,-3.763,2.500
5.062,-3.746,2.500
5.073,-3.724,2.500
5.083,-3.701,2.500
5.106,-3.687,2.500
5.218,-3.736,2.500
5.123,-3.638,2.500
5.133,-3.614,2.500
5.172,-3.612,2.500
5.280,-3.656,2.500
5.175,-3.554,2.500
5.193,-3.536,2.500
5.203,-3.513,2.500
5.233,-3.504,2.500
5.234,-3.475,2.500
5.273,-3.471,2.500
5.257,-3.431,2.500
5.396,-3.492,2.500
5.301,-3.400,2.500
5.301,-3.372,2.500
5.323,-3.356,2.500
5.446,-3.404,2.500
5.459,-3.382,2.500
5.362,-3.293,2.500
5.375,-3.272,2.500
5.384,-3.248,2.500
5.508,-3.294,2.500
5.426,-3.216,2.500
5.435,-3.192,2.500
5.516,-3.211,2.500
5.389,-3.109,2.500
5.511,-3.151,2.500
5.418,-3.069,2.500
5.425,-3.045,2.500
5.530,-3.076,2.500
5.569,-3.069,2.500
5.461,-2.981,2.500
5.468,-2.957,2.500
5.488,-2.941,2.500
5.504,-2.921,2.500
5.601,-2.945,2.500
5.523,-2.876,2.500
5.516,-2.845,2.500
5.554,-2.837,2.500
5.542,-2.804,2.500
5.563,-2.786,2.500
5.560,-2.758,2.500
5.598,-2.749,2.500
5.613,-2.730,2.500
5.592,-2.692,2.500
5.690,-2.712,2.500
5.737,-2.707,2.500
5.576,-2.604,2.500
5.657,-2.615,2.500
5.577,-2.551,2.500
5.606,-2.538,2.500
5.724,-2.565,2.500
5.635,-2.498,2.500
5.631,-2.470,2.500
5.645,-2.450,2.500
5.655,-2.428,2.500
5.660,-2.403,2.500
5.778,-2.427,2.500
5.783,-2.402,2.500
5.802,-2.384,2.500
5.692,-2.312,2.500
5.691,-2.286,2.500
5.715,-2.269,2.500
5.858,-2.300,2.500
5.727,-2.223,2.500
5.741,-2.202,2.500
5.749,-2.179,2.500
5.753,-2.155,2.500
5.757,-2.131,2.500
5.957,-2.178,2.500
5.817,-2.101,2.500
5.806,-2.071,2.500
5.799,-2.043,2.500
5.792,-2.015,2.500
5.795,-1.991,2.500
5.959,-2.021,2.500
5.836,-1.954,2.500
5.848,-1.932,2.500
5.841,-1.905,2.500
5.908,-1.901,2.500
5.856,-1.859,2.500
5.787,-1.812,2.500
5.819,-1.797,2.500
5.826,-1.774,2.500
5.869,-1.762,2.500
5.911,-1.749,2.500
5.842,-1.704,2.500
5.849,-1.681,2.500
5.896,-1.670,2.500
5.998,-1.673,2.500
5.919,-1.626,2.500
5.864,-1.586,2.500
6.071,-1.617,2.500
5.912,-1.550,2.500
5.867,-1.513,2.500
6.005,-1.524,2.500
6.031,-1.505,2.500
6.022,-1.478,2.500
5.869,-1.416,2.500
5.983,-1.418,2.500
5.906,-1.376,2.500
5.932,-1.357,2.500
5.937,-1.334,2.500
6.055,-1.336,2.500
5.922,-1.282,2.500
6.020,-1.278,2.500
5.958,-1.241,2.500
6.106,-1.247,2.500
6.024,-1.205,2.500
6.013,-1.179,2.500
6.079,-1.167,2.500
5.960,-1.120,2.500
6.001,-1.103,2.500
6.067,-1.090,2.500
6.153,-1.081,2.500
6.060,-1.040,2.500
6.002,-1.006,2.500
6.000,-0.981,2.500
6.164,-0.983,2.500
6.198,-0.964,2.500
6.064,-0.919,2.500
6.078,-0.896,2.500
6.204,-0.890,2.500
6.079,-0.848,2.500
6.083,-0.824,2.500
6.112,-0.804,2.500
6.105,-0.778,2.500
6.102,-0.754,2.500
6.243,-0.746,2.500
6.118,-0.707,2.500
6.234,-0.695,2.500
6.242,-0.672,2.500
6.116,-0.634,2.500
6.124,-0.610,2.500
6.126,-0.586,2.500
6.256,-0.574,2.500
6.269,-0.550,2.500
6.261,-0.525,2.500
6.134,-0.490,2.500
6.121,-0.465,2.500
6.122,-0.441,2.500
6.253,-0.425,2.500
6.136,-0.393,2.500
6.148,-0.370,2.500
6.278,-0.353,2.500
6.135,-0.321,2.500
6.270,-0.303,2.500
6.143,-0.273,2.500
6.138,-0.248,2.500
6.150,-0.225,2.500
6.264,-0.204,2.500
6.255,-0.179,2.500
6.157,-0.152,2.500
6.147,-0.128,2.500
6.158,-0.104,2.500
6.211,-0.081,2.500
6.242,-0.056,2.500
6.226,-0.032,2.500
6.333,-0.008,3.000
6.267,0.017,3.000
6.216,0.041,3.000
6.226,0.066,3.000
6.252,0.091,3.000
6.220,0.115,3.000
6.220,0.139,3.000
6.219,0.164,3.000
6.208,0.188,3.000
6.207,0.212,3.000
6.363,0.242,3.000
6.367,0.267,3.000
6.189,0.284,3.000
6.229,0.311,3.000
6.212,0.334,3.000
6.318,0.365,3.000
6.351,0.392,3.000
6.208,0.407,3.000
6.206,0.432,3.000
6.271,0.461,3.000
6.264,0.485,3.000
6.277,0.511,3.000
6.265,0.535,3.000
6.268,0.560,3.000
6.375,0.595,3.000
6.268,0.610,3.000
6.261,0.634,3.000
6.298,0.662,3.000
6.241,0.681,3.000
6.258,0.708,3.000
6.255,0.732,3.000
6.242,0.756,3.000
6.324,0.791,3.000
6.350,0.819,3.000
6.352,0.845,3.000
6.299,0.863,3.000
6.231,0.879,3.000
6.297,0.913,3.000
6.405,0.955,3.000
6.401,0.980,3.000
6.291,0.988,3.000
6.287,1.013,3.000
6.263,1.034,3.000
6.390,1.081,3.000
6.405,1.109,3.000
6.285,1.114,3.000
6.256,1.134,3.000
6.252,1.159,3.000
6.329,1.199,3.000
6.310,1.221,3.000
6.391,1.263,3.000
6.423,1.295,3.000
6.295,1.295,3.000
6.281,1.318,3.000
6.290,1.346,3.000
6.411,1.398,3.000
6.373,1.416,3.000
6.254,1.415,3.000
6.287,1.449,3.000
6.272,1.471,3.000
6.336,1.513,3.000
6.236,1.515,3.000
6.347,1.568,3.000
6.304,1.584,3.000
6.279,1.604,3.000
6.273,1.628,3.000
6.290,1.659,3.000
6.269,1.680,3.000
6.295,1.713,3.000
6.370,1.761,3.000
6.263,1.757,3.000
6.242,1.778,3.000
6.226,1.800,3.000
6.237,1.830,3.000
6.230,1.854,3.000
6.331,1.912,3.000
6.229,1.907,3.000
6.378,1.980,3.000
6.200,1.952,3.000
6.247,1.994,3.000
6.235,2.017,3.000
6.346,2.080,3.000
6.329,2.102,3.000
6.317,2.126,3.000
6.202,2.114,3.000
6.198,2.140,3.000
6.304,2.204,3.000
6.287,2.226,3.000
6.150,2.205,3.000
6.173,2.240,3.000
6.155,2.261,3.000
6.137,2.282,3.000
6.310,2.375,3.000
6.119,2.330,3.000
6.114,2.356,3.000
6.162,2.402,3.000
6.118,2.413,3.000
6.143,2.450,3.000
6.248,2.521,3.000
6.141,2.506,3.000
6.237,2.573,3.000
6.210,2.591,3.000
6.111,2.578,3.000
6.101,2.602,3.000
6.183,2.666,3.000
6.097,2.657,3.000
6.061,2.670,3.000
6.055,2.695,3.000
6.053,2.723,3.000
6.130,2.787,3.000
6.131,2.816,3.000
6.112,2.836,3.000
6.005,2.816,3.000
5.994,2.839,3.000
6.094,2.916,3.000
6.194,2.994,3.000
6.111,2.983,3.000
5.965,2.941,3.000
5.987,2.981,3.000
5.971,3.002,3.000
6.076,3.085,3.000
6.044,3.099,3.000
5.939,3.075,3.000
5.903,3.085,3.000
6.007,3.170,3.000
5.990,3.191,3.000
5.882,3.163,3.000
5.862,3.182,3.000
5.960,3.266,3.000
6.028,3.334,3.000
5.942,3.317,3.000
5.894,3.320,3.000
5.873,3.339,3.000
5.860,3.362,3.000
5.831,3.376,3.000
5.926,3.462,3.000
5.820,3.431,3.000
5.906,3.513,3.000
5.789,3.474,3.000
5.783,3.501,3.000
5.804,3.545,3.000
5.842,3.600,3.000
5.876,3.653,3.000
5.777,3.623,3.000
5.759,3.643,3.000
5.755,3.673,3.000
5.726,3.686,3.000
5.800,3.765,3.000
5.704,3.735,3.000
5.737,3.789,3.000
5.722,3.812,3.000
5.693,3.824,3.000
5.778,3.914,3.000
5.663,3.869,3.000
5.658,3.899,3.000
5.738,3.987,3.000
5.688,3.985,3.000
5.669,4.005,3.000
5.719,4.074,3.000
5.720,4.109,3.000
5.700,4.129,3.000
5.615,4.101,3.000
5.640,4.153,3.000
5.617,4.170,3.000
5.684,4.255,3.000
5.578,4.209,3.000
5.547,4.221,3.000
5.551,4.258,3.000
5.521,4.269,3.000
5.574,4.345,3.000
5.624,4.420,3.000
5.526,4.379,3.000
5.512,4.403,3.000
5.511,4.437,3.000
5.474,4.443,3.000
5.536,4.530,3.000
5.571,4.595,3.000
5.469,4.547,3.000
5.445,4.563,3.000
5.437,4.593,3.000
5.504,4.687,3.000
5.513,4.732,3.000
5.419,4.688,3.000
5.410,4.717,3.000
5.388,4.736,3.000
5.363,4.752,3.000
5.348,4.775,3.000
5.426,4.884,3.000
5.363,4.866,3.000
5.327,4.871,3.000
5.319,4.902,3.000
5.291,4.915,3.000
5.386,5.042,3.000
5.346,5.045,3.000
5.340,5.079,3.000
5.259,5.041,3.000
5.231,5.053,3.000
5.326,5.186,3.000
5.235,5.138,3.000
5.234,5.177,3.000
5.259,5.243,3.000
5.204,5.229,3.000
5.186,5.252,3.000
5.163,5.270,3.000
5.231,5.381,3.000
5.171,5.362,3.000
5.137,5.369,3.000
5.207,5.485,3.000
5.143,5.460,3.000
5.114,5.472,3.000
5.098,5.498,3.000
5.135,5.582,3.000
5.052,5.535,3.000
5.035,5.560,3.000
5.064,5.637,3.000
5.042,5.656,3.000
5.072,5.735,3.000
4.942,5.633,3.000
4.906,5.635,3.000
4.888,5.660,3.000
4.958,5.787,3.000
4.915,5.782,3.000
4.883,5.790,3.000
4.806,5.745,3.000
4.781,5.761,3.000
4.751,5.771,3.000
4.798,5.874,3.000
4.675,5.770,3.000
4.660,5.797,3.000
4.637,5.816,3.000
4.612,5.831,3.000
4.646,5.922,3.000
4.620,5.937,3.000
4.604,5.964,3.000
4.517,5.900,3.000
4.503,5.929,3.000
4.480,5.947,3.000
4.518,6.047,3.000
4.486,6.053,3.000
4.455,6.062,3.000
4.442,6.094,3.000
4.364,6.037,3.000
4.343,6.057,3.000
4.308,6.059,3.000
4.287,6.078,3.000
4.265,6.098,3.000
4.243,6.118,3.000
4.210,6.122,3.000
4.241,6.218,3.000
4.245,6.277,3.000
4.142,6.178,3.000
4.112,6.185,3.000
4.067,6.169,3.000
4.159,6.364,3.000
4.016,6.198,3.000
3.990,6.210,3.000
3.971,6.235,3.000
3.945,6.248,3.000
3.922,6.266,3.000
3.943,6.355,3.000
3.922,6.377,3.000
3.893,6.386,3.000
3.812,6.308,3.000
3.767,6.290,3.000
3.742,6.304,3.000
3.712,6.309,3.000
3.702,6.350,3.000
3.664,6.341,3.000
3.643,6.362,3.000
3.620,6.380,3.000
3.593,6.391,3.000
3.566,6.401,3.000
3.563,6.456,3.000
3.539,6.473,3.000
3.510,6.480,3.000
3.441,6.412,3.000
3.423,6.439,3.000
3.392,6.442,3.000
3.365,6.452,3.000
3.389,6.561,3.000
3.320,6.489,3.000
3.303,6.519,3.000
3.260,6.497,3.000
3.236,6.513,3.000
3.212,6.530,3.000
3.236,6.643,3.000
3.168,6.569,3.000
3.134,6.563,3.000
3.124,6.611,3.000
3.092,6.609,3.000
3.039,6.564,3.000
3.015,6.580,3.000
3.033,6.687,3.000
3.000,6.685,3.000
2.934,6.607,3.000
2.902,6.604,3.000
2.879,6.623,3.000
2.853,6.634,3.000
2.826,6.642,3.000
2.839,6.747,3.000
2.781,6.682,3.000
2.750,6.682,3.000
2.710,6.659,3.000
2.690,6.685,3.000
2.657,6.677,3.000
2.661,6.765,3.000
2.598,6.682,3.000
2.611,6.793,3.000
2.547,6.706,3.000
2.522,6.720,3.000
2.497,6.734,3.000
2.464,6.724,3.000
2.444,6.753,3.000
2.414,6.751,3.000
2.393,6.776,3.000
2.397,6.875,3.000
2.341,6.798,3.000
2.306,6.784,3.000
2.311,6.888,3.000
2.255,6.810,3.000
2.226,6.811,3.000
2.187,6.781,3.000
2.203,6.923,3.000
2.127,6.778,3.000
2.113,6.826,3.000
2.077,6.803,3.000
2.047,6.803,3.000
2.023,6.819,3.000
1.992,6.811,3.000
1.969,6.835,3.000
1.943,6.842,3.000
1.915,6.846,3.000
1.889,6.857,3.000
1.864,6.873,3.000
1.862,6.973,3.000
1.837,6.988,3.000
1.779,6.878,3.000
1.753,6.889,3.000
1.714,6.848,3.000
1.694,6.883,3.000
1.659,6.857,3.000
1.650,6.940,3.000
1.601,6.854,3.000
1.579,6.880,3.000
1.552,6.886,3.000
1.547,6.992,3.000
1.495,6.886,3.000
1.474,6.920,3.000
1.448,6.930,3.000
1.417,6.915,3.000
1.389,6.921,3.000
1.378,7.007,3.000
1.334,6.927,3.000
1.305,6.920,3.000
1.281,6.946,3.000
1.253,6.943,3.000
1.217,6.902,3.000
1.190,6.907,3.000
1.162,6.903,3.000
1.135,6.908,3.000
1.109,6.920,3.000
1.079,6.908,3.000
1.067,7.011,3.000
1.041,7.024,3.000
1.001,6.941,3.000
0.987,7.040,3.000
0.945,6.940,3.000
0.920,6.961,3.000
0.889,6.939,3.000
0.853,6.871,3.000
0.847,7.050,3.000
0.801,6.890,3.000
0.773,6.889,3.000
0.748,6.905,3.000
0.717,6.873,3.000
0.703,7.011,3.000
0.665,6.900,3.000
0.640,6.928,3.000
0.612,6.918,3.000
0.584,6.912,3.000
0.557,6.918,3.000
0.541,7.067,3.000
0.510,7.015,3.000
0.474,6.894,3.000
0.448,6.913,3.000
0.422,6.936,3.000
0.401,7.056,3.000
0.366,6.914,3.000
0.340,6.928,3.000
0.317,7.035,3.000
0.285,6.935,3.000
0.256,6.888,3.000
0.231,6.933,3.000
0.202,6.890,3.000
0.175,6.887,3.000
0.149,6.926,3.000
0.122,6.957,3.000
0.094,6.875,3.000
0.067,6.923,3.000
0.040,6.979,3.000
0.013,6.876,3.000
-0.014,6.871,3.000
-0.041,6.849,3.000
-0.069,6.979,3.000
-0.097,6.974,3.000
-0.123,6.948,3.000
-0.149,6.874,3.000
-0.177,6.891,3.000
-0.203,6.855,3.000
-0.230,6.872,3.000
-0.260,6.949,3.000
-0.284,6.879,3.000
-0.311,6.873,3.000
-0.338,6.867,3.000
-0.370,6.965,3.000
-0.397,6.959,3.000
-0.425,6.970,3.000
-0.449,6.905,3.000
-0.474,6.877,3.000
-0.499,6.853,3.000
-0.525,6.842,3.000
-0.554,6.866,3.000
-0.581,6.864,3.000
-0.606,6.840,3.000
-0.642,6.928,3.000
-0.664,6.874,3.000
-0.704,6.999,3.000
-0.723,6.916,3.000
-0.748,6.896,3.000
-0.775,6.889,3.000
-0.802,6.890,3.000
-0.841,6.983,3.000
-0.856,6.879,3.000
-0.885,6.893,3.000
-0.924,6.981,3.000
-0.951,6.974,3.000
-0.964,6.869,3.000
-0.990,6.861,3.000
-1.019,6.865,3.000
-1.057,6.937,3.000
-1.088,6.954,3.000
-1.102,6.870,3.000
-1.126,6.844,3.000
-1.152,6.836,3.000
-1.205,6.985,3.000
-1.225,6.939,3.000
-1.231,6.813,3.000
-1.263,6.838,3.000
-1.289,6.829,3.000
-1.332,6.907,3.000
-1.343,6.823,3.000
-1.387,6.900,3.000
-1.417,6.911,3.000
-1.431,6.844,3.000
-1.457,6.834,3.000
-1.494,6.873,3.000
-1.507,6.806,3.000
-1.525,6.758,3.000
-1.586,6.904,3.000
-1.612,6.894,3.000
-1.648,6.923,3.000
-1.651,6.816,3.000
-1.676,6.805,3.000
-1.728,6.899,3.000
-1.732,6.800,3.000
-1.751,6.765,3.000
-1.804,6.859,3.000
-1.808,6.767,3.000
-1.834,6.756,3.000
-1.859,6.744,3.000
-1.889,6.749,3.000
-1.917,6.746,3.000
-1.963,6.806,3.000
-1.965,6.714,3.000
-1.994,6.715,3.000
-2.019,6.703,3.000
-2.045,6.695,3.000
-2.071,6.687,3.000
-2.100,6.687,3.000
-2.115,6.642,3.000
-2.173,6.734,3.000
-2.185,6.681,3.000
-2.179,6.576,3.000
-2.211,6.584,3.000
-2.211,6.501,3.000
-2.271,6.590,3.000
-2.296,6.581,3.000
-2.319,6.564,3.000
-2.294,6.412,3.000
-2.317,6.398,3.000
-2.359,6.435,3.000
-2.398,6.463,3.000
-2.353,6.265,3.000
-2.355,6.195,3.000
-2.355,6.125,3.000
-2.357,6.058,3.000
-2.377,6.039,3.000
-2.379,5.976,3.000
-2.435,6.047,3.000
-2.437,5.984,3.000
-2.391,5.805,3.000
-2.407,5.781,3.000
-2.460,5.841,3.000
-2.406,5.653,3.000
-2.481,5.766,3.000
-2.469,5.677,3.000
-2.419,5.502,3.000
-2.418,5.443,3.000
-2.438,5.428,3.000
-2.427,5.348,3.000
-2.459,5.364,3.000
-2.409,5.200,3.000
-2.375,5.073,3.000
-2.412,5.101,3.000
-2.394,5.011,3.000
-2.432,5.040,3.000
-2.382,4.888,3.000
-2.363,4.801,3.000
-2.390,4.808,3.000
-2.486,4.953,3.000
-2.436,4.806,3.000
-2.450,4.785,3.000
-2.407,4.657,3.000
-2.443,4.682,3.000
-2.488,4.723,3.000
-2.542,4.779,3.000
-2.507,4.670,3.000
-2.623,4.840,3.000
-2.577,4.711,3.000
-2.550,4.618,3.000
-2.611,4.685,3.000
-2.726,4.846,3.000
-2.657,4.681,3.000
-2.669,4.659,3.000
-2.694,4.660,3.000
-2.702,4.633,3.000
-2.730,4.638,3.000
-2.748,4.628,3.000
-2.763,4.611,3.000
-2.778,4.595,3.000
-2.803,4.595,3.000
-2.821,4.584,3.000
-2.884,4.646,3.000
-2.880,4.599,3.000
-2.911,4.608,3.000
-2.932,4.602,3.000
-2.963,4.611,3.000
-2.965,4.573,3.000
-2.993,4.577,3.000
-3.004,4.555,3.000
-3.022,4.543,3.000
-3.040,4.531,3.000
-3.040,4.494,3.000
-3.086,4.523,3.000
-3.089,4.490,3.000
-3.100,4.468,3.000
-3.142,4.491,3.000
-3.149,4.464,3.000
-3.167,4.451,3.000
-3.205,4.469,3.000
-3.290,4.548,3.000
-3.212,4.404,3.000
-3.232,4.396,3.000
-3.253,4.388,3.000
-3.354,4.487,3.000
-3.501,4.645,3.000
-3.435,4.521,3.000
-3.370,4.399,3.000
-3.383,4.381,3.000
-3.390,4.354,3.000
-3.517,4.481,3.000
-3.382,4.274,3.000
-3.444,4.318,3.000
-3.495,4.347,3.000
-3.486,4.300,3.000
-3.510,4.296,3.000
-3.473,4.217,3.000
-3.653,4.400,3.000
-3.557,4.250,3.000
-3.573,4.236,3.000
-3.590,4.222,3.000
-3.718,4.338,3.000
-3.627,4.198,3.000
-3.639,4.179,3.000
-3.750,4.272,3.000
-3.660,4.137,3.000
-3.688,4.136,3.000
-3.705,4.122,3.000
-3.824,4.221,3.000
-3.833,4.197,3.000
-3.757,4.082,3.000
-3.781,4.076,3.000
-3.882,4.152,3.000
-3.796,4.029,3.000
-3.804,4.005,3.000
-3.845,4.016,3.000
-3.860,4.001,3.000
-3.859,3.969,3.000
-3.883,3.962,3.000
-4.015,4.064,3.000
-3.910,3.927,3.000
-3.904,3.890,3.000
-4.124,4.077,3.000
-3.969,3.894,3.000
-3.971,3.865,3.000
-4.097,3.957,3.000
-4.006,3.838,3.000
-4.025,3.827,3.000
-4.135,3.900,3.000
-4.051,3.791,3.000
-4.079,3.787,3.000
-4.089,3.767,3.000
-4.174,3.815,3.000
-4.206,3.814,3.000
-4.120,3.706,3.000
-4.236,3.781,3.000
-4.255,3.768,3.000
-4.186,3.678,3.000
-4.249,3.704,3.000
-4.196,3.629,3.000
-4.314,3.701,3.000
-4.333,3.688,3.000
-4.230,3.571,3.000
-4.248,3.559,3.000
-4.262,3.542,3.000
-4.281,3.529,3.000
-4.276,3.497,3.000
-4.405,3.574,3.000
-4.322,3.478,3.000
-4.317,3.446,3.000
-4.474,3.543,3.000
-4.367,3.431,3.000
-4.362,3.399,3.000
-4.493,3.473,3.000
-4.422,3.390,3.000
-4.430,3.369,3.000
-4.528,3.416,3.000
-4.437,3.320,3.000
-4.445,3.299,3.000
-4.468,3.289,3.000
-4.610,3.365,3.000
-4.499,3.257,3.000
-4.506,3.236,3.000
-4.524,3.222,3.000
-4.643,3.279,3.000
-4.554,3.189,3.000
-4.693,3.259,3.000
-4.559,3.140,3.000
-4.586,3.132,3.000
-4.604,3.117,3.000
-4.606,3.093,3.000
-4.608,3.068,3.000
-4.630,3.056,3.000
-4.622,3.025,3.000
-4.822,3.129,3.000
-4.765,3.066,3.000
-4.802,3.063,3.000
-4.814,3.044,3.000
-4.695,2.943,3.000
-4.858,3.018,3.000
-4.850,2.987,3.000
-4.735,2.891,3.000
-4.736,2.866,3.000
-4.763,2.857,3.000
-4.763,2.832,3.000
-4.775,2.813,3.000
-4.914,2.869,3.000
-4.940,2.859,3.000
-4.823,2.766,3.000
-4.787,2.720,3.000
-4.824,2.716,3.000
-4.845,2.703,3.000
-4.876,2.696,3.000
-4.861,2.662,3.000
-5.006,2.716,3.000
-4.950,2.660,3.000
-5.017,2.671,3.000
-4.981,2.627,3.000
-4.917,2.569,3.000
-5.074,2.626,3.000
-4.921,2.522,3.000
-5.053,2.564,3.000
-4.875,2.450,3.000
-4.945,2.461,3.000
-4.987,2.458,3.000
-5.050,2.464,3.000
-5.144,2.485,3.000
-4.939,2.362,3.000
-4.937,2.337,3.000
-5.072,2.377,3.000
-5.178,2.402,3.000
-4.992,2.292,3.000
-5.012,2.277,3.000
-4.988,2.243,3.000
-5.091,2.265,3.000
-5.033,2.216,3.000
-5.141,2.239,3.000
-5.133,2.212,3.000
-5.008,2.135,3.000
-5.307,2.237,3.000
-5.048,2.105,3.000
-5.095,2.101,3.000
-5.187,2.115,3.000
-5.055,2.038,3.000
-5.103,2.034,3.000
-5.076,2.001,3.000
-5.090,1.983,3.000
-5.238,2.017,3.000
-5.105,1.943,3.000
-5.176,1.947,3.000
-5.121,1.903,3.000
-5.236,1.922,3.000
-5.147,1.867,3.000
-5.307,1.901,3.000
-5.161,1.826,3.000
-5.203,1.818,3.000
-5.368,1.852,3.000
-5.375,1.831,3.000
-5.275,1.774,3.000
-5.260,1.746,3.000
-5.266,1.725,3.000
-5.319,1.719,3.000
-5.280,1.684,3.000
-5.623,1.769,3.000
-5.299,1.644,3.000
-5.305,1.623,3.000
-5.447,1.643,3.000
-5.318,1.581,3.000
-5.301,1.554,3.000
-5.324,1.538,3.000
-5.336,1.519,3.000
-5.479,1.536,3.000
-5.371,1.483,3.000
-5.371,1.461,3.000
-5.359,1.435,3.000
-5.445,1.435,3.000
-5.513,1.430,3.000
-5.352,1.366,3.000
-5.381,1.350,3.000
-5.374,1.326,3.000
-5.391,1.308,3.000
-5.535,1.320,3.000
-5.579,1.308,3.000
-5.389,1.241,3.000
-5.399,1.221,3.000
-5.416,1.202,3.000
-5.426,1.182,3.000
-5.610,1.199,3.000
-5.447,1.142,3.000
-5.422,1.115,3.000
-5.595,1.127,3.000
-5.437,1.073,3.000
-5.441,1.052,3.000
-5.451,1.031,3.000
-5.449,1.009,3.000
-5.639,1.021,3.000
-5.475,0.969,3.000
-5.478,0.948,3.000
-5.553,0.938,3.000
-5.631,0.929,3.000
-5.548,0.893,3.000
-5.621,0.882,3.000
-5.496,0.840,3.000
-5.541,0.825,3.000
-5.717,0.828,3.000
-5.709,0.804,3.000
-5.579,0.763,3.000
-5.576,0.741,3.000
-5.729,0.738,3.000
-5.605,0.700,3.000
-5.579,0.674,3.000
-5.587,0.653,3.000
-5.631,0.636,3.000
-5.743,0.626,3.000
-5.589,0.587,3.000
-5.585,0.564,3.000
-5.658,0.549,3.000
-5.723,0.533,3.000
-5.603,0.499,3.000
-5.611,0.478,3.000
-5.769,0.469,3.000
-5.609,0.433,3.000
-5.767,0.423,3.000
-5.746,0.399,3.000
-5.619,0.368,3.000
-5.685,0.350,3.000
-5.604,0.322,3.000
-5.600,0.300,3.000
-5.865,0.291,3.000
-5.771,0.264,3.000
-5.615,0.235,3.000
-5.633,0.213,3.000
-5.698,0.193,3.000
-5.599,0.168,3.000
-5.717,0.149,3.000
-5.630,0.125,3.000
-5.712,0.104,3.000
-5.718,0.082,3.000
-5.713,0.059,3.000
-5.956,0.038,3.000
-5.873,0.015,3.000
-5.696,-0.008,3.000
-5.878,-0.031,3.000
-5.730,-0.053,3.000
-5.713,-0.075,3.000
-5.730,-0.098,3.000
-5.860,-0.123,3.000
-5.706,-0.142,3.000
-5.870,-0.170,3.000
-5.716,-0.188,3.000
-5.721,-0.210,3.000
-5.714,-0.232,3.000
-5.928,-0.264,3.000
-5.927,-0.288,3.000
-5.734,-0.301,3.000
-5.784,-0.326,3.000
-5.895,-0.356,3.000
-5.804,-0.373,3.000
-5.780,-0.394,3.000
-5.924,-0.428,3.000
-5.911,-0.450,3.000
-5.920,-0.474,3.000
-5.913,-0.497,3.000
-5.850,-0.515,3.000
-5.769,-0.530,3.000
-5.779,-0.554,3.000
-5.782,-0.577,3.000
-5.768,-0.599,3.000
-5.910,-0.637,3.000
-5.897,-0.659,3.000
-5.755,-0.666,3.000
-5.825,-0.697,3.000
-5.965,-0.738,3.000
-5.820,-0.743,3.000
-5.937,-0.782,3.000
-5.956,-0.808,3.000
-5.942,-0.830,3.000
-5.852,-0.841,3.000
-5.804,-0.857,3.000
-5.942,-0.901,3.000
-6.034,-0.940,3.000
-5.794,-0.926,3.000
-5.801,-0.950,3.000
-5.874,-0.986,3.000
-5.923,-1.018,3.000
-5.828,-1.025,3.000
-5.829,-1.049,3.000
-5.852,-1.077,3.000
-5.853,-1.101,3.000
-5.849,-1.124,3.000
-5.839,-1.146,3.000
-5.807,-1.163,3.000
-5.824,-1.190,3.000
-5.814,-1.212,3.000
-5.983,-1.272,3.000
-5.968,-1.293,3.000
-5.947,-1.313,3.000
-5.794,-1.303,3.000
-5.816,-1.332,3.000
-5.789,-1.350,3.000
-5.931,-1.407,3.000
-5.752,-1.389,3.000
-5.778,-1.419,3.000
-5.878,-1.468,3.000
-5.724,-1.454,3.000
-5.872,-1.516,3.000
-5.886,-1.544,3.000
-5.728,-1.527,3.000
-5.838,-1.580,3.000
-5.806,-1.596,3.000
-5.699,-1.591,3.000
-5.814,-1.648,3.000
-5.792,-1.666,3.000
-5.691,-1.661,3.000
-5.679,-1.682,3.000
-5.677,-1.706,3.000
-5.671,-1.728,3.000
-5.659,-1.749,3.000
-5.662,-1.774,3.000
-5.666,-1.800,3.000
-5.638,-1.815,3.000
-5.790,-1.889,3.000
-5.838,-1.930,3.000
-5.825,-1.952,3.000
-5.798,-1.968,3.000
-5.673,-1.950,3.000
-5.666,-1.973,3.000
-5.663,-1.997,3.000
-5.650,-2.017,3.000
-5.647,-2.041,3.000
-5.619,-2.056,3.000
-5.761,-2.134,3.000
-5.618,-2.106,3.000
-5.609,-2.128,3.000
-5.726,-2.197,3.000
-5.732,-2.226,3.000
-5.579,-2.192,3.000
-5.570,-2.213,3.000
-5.681,-2.283,3.000
-5.686,-2.311,3.000
-5.554,-2.283,3.000
-5.540,-2.303,3.000
-5.668,-2.382,3.000
-5.551,-2.359,3.000
-5.577,-2.395,3.000
-5.572,-2.419,3.000
-5.659,-2.484,3.000
-5.543,-2.459,3.000
-5.538,-2.483,3.000
-5.625,-2.548,3.000
-5.504,-2.519,3.000
-5.514,-2.550,3.000
-5.622,-2.627,3.000
-5.498,-2.595,3.000
-5.478,-2.612,3.000
-5.458,-2.629,3.000
-5.576,-2.713,3.000
-5.570,-2.737,3.000
-5.441,-2.700,3.000
-5.525,-2.769,3.000
-5.420,-2.743,3.000
-5.423,-2.772,3.000
-5.459,-2.817,3.000
-5.558,-2.896,3.000
-5.446,-2.865,3.000
-5.440,-2.889,3.000
-5.419,-2.905,3.000
-5.408,-2.926,3.000
-5.505,-3.007,3.000
-5.480,-3.021,3.000
-5.373,-2.990,3.000
-5.478,-3.076,3.000
-5.345,-3.029,3.000
-5.432,-3.107,3.000
-5.339,-3.081,3.000
-5.327,-3.102,3.000
-5.395,-3.170,3.000
-5.456,-3.235,3.000
-5.339,-3.194,3.000
-5.331,-3.218,3.000
-5.405,-3.292,3.000
-5.296,-3.254,3.000
-5.288,-3.278,3.000
-5.271,-3.296,3.000
-5.253,-3.314,3.000
-5.245,-3.337,3.000
-5.326,-3.418,3.000
-5.278,-3.417,3.000
-5.265,-3.438,3.000
-5.251,-3.458,3.000
-5.250,-3.487,3.000
-5.220,-3.496,3.000
-5.206,-3.517,3.000
-5.300,-3.610,3.000
-5.187,-3.563,3.000
-5.156,-3.572,3.000
-5.163,-3.607,3.000
-5.136,-3.618,3.000
-5.126,-3.642,3.000
-5.265,-3.771,3.000
-5.170,-3.734,3.000
-5.144,-3.746,3.000
-5.113,-3.754,3.000
-5.232,-3.873,3.000
-5.095,-3.803,3.000
-5.080,-3.823,3.000
-5.224,-3.964,3.000
-5.144,-3.935,3.000
-5.070,-3.910,3.000
-5.066,-3.939,3.000
-5.051,-3.959,3.000
-5.054,-3.994,3.000
-5.023,-4.001,3.000
-5.113,-4.106,3.000
-5.003,-4.050,3.000
-5.025,-4.100,3.000
-5.009,-4.120,3.000
-5.106,-4.233,3.000
-4.980,-4.162,3.000
-4.982,-4.197,3.000
-4.947,-4.201,3.000
-4.934,-4.224,3.000
-4.929,-4.252,3.000
-4.969,-4.322,3.000
-4.935,-4.326,3.000
-4.914,-4.342,3.000
-4.897,-4.361,3.000
-4.883,-4.383,3.000
-4.946,-4.475,3.000
-4.845,-4.418,3.000
-4.876,-4.482,3.000
-4.859,-4.501,3.000
-4.844,-4.523,3.000
-4.813,-4.529,3.000
-4.885,-4.634,3.000
-4.857,-4.644,3.000
-4.826,-4.650,3.000
-4.811,-4.672,3.000
-4.885,-4.782,3.000
-4.841,-4.776,3.000
-4.746,-4.719,3.000
-4.717,-4.728,3.000
-4.744,-4.791,3.000
-4.734,-4.820,3.000
-4.734,-4.857,3.000
-4.693,-4.853,3.000
-4.665,-4.862,3.000
-4.674,-4.910,3.000
-4.679,-4.954,3.000
-4.653,-4.966,3.000
-4.643,-4.994,3.000
-4.611,-4.999,3.000
-4.706,-5.142,3.000
-4.703,-5.179,3.000
-4.596,-5.102,3.000
-4.648,-5.200,3.000
-4.639,-5.231,3.000
-4.533,-5.152,3.000
-4.564,-5.229,3.000
-4.538,-5.240,3.000
-4.523,-5.265,3.000
-4.494,-5.273,3.000
-4.520,-5.346,3.000
-4.491,-5.353,3.000
-4.475,-5.378,3.000
-4.497,-5.447,3.000
-4.475,-5.464,3.000
-4.441,-5.466,3.000
-4.424,-5.490,3.000
-4.444,-5.559,3.000
-4.420,-5.573,3.000
-4.413,-5.609,3.000
-4.376,-5.607,3.000
-4.447,-5.745,3.000
-4.359,-5.677,3.000
-4.341,-5.701,3.000
-4.322,-5.721,3.000
-4.299,-5.738,3.000
-4.279,-5.758,3.000
-4.273,-5.797,3.000
-4.236,-5.794,3.000
-4.251,-5.863,3.000
-4.276,-5.946,3.000
-4.245,-5.953,3.000
-4.177,-5.906,3.000
-4.149,-5.916,3.000
-4.130,-5.939,3.000
-4.114,-5.965,3.000
-4.086,-5.974,3.000
-4.078,-6.013,3.000
-4.032,-5.996,3.000
-4.037,-6.055,3.000
-4.069,-6.154,3.000
-3.987,-6.083,3.000
-3.965,-6.102,3.000
-3.939,-6.114,3.000
-3.911,-6.123,3.000
-3.895,-6.151,3.000
-3.873,-6.170,3.000
-3.894,-6.257,3.000
-3.823,-6.197,3.000
-3.798,-6.212,3.000
-3.816,-6.296,3.000
-3.797,-6.321,3.000
-3.723,-6.253,3.000
-3.700,-6.271,3.000
-3.715,-6.352,3.000
-3.647,-6.293,3.000
-3.622,-6.307,3.000
-3.597,-6.321,3.000
-3.582,-6.352,3.000
-3.550,-6.353,3.000
-3.572,-6.451,3.000
-3.586,-6.538,3.000
-3.473,-6.390,3.000
-3.442,-6.394,3.000
-3.511,-6.583,3.000
-3.441,-6.513,3.000
-3.368,-6.437,3.000
-3.391,-6.543,3.000
-3.303,-6.435,3.000
-3.274,-6.441,3.000
-3.322,-6.600,3.000
-3.266,-6.551,3.000
-3.242,-6.567,3.000
-3.169,-6.485,3.000
-3.147,-6.504,3.000
-3.120,-6.513,3.000
-3.094,-6.525,3.000
-3.074,-6.548,3.000
-3.096,-6.663,3.000
-3.060,-6.654,3.000
-2.995,-6.580,3.000
-2.969,-6.592,3.000
-2.959,-6.640,3.000
-2.933,-6.651,3.000
-2.861,-6.556,3.000
-2.841,-6.583,3.000
-2.798,-6.553,3.000
-2.787,-6.597,3.000
-2.764,-6.616,3.000
-2.730,-6.608,3.000
-2.709,-6.630,3.000
-2.684,-6.644,3.000
-2.694,-6.743,3.000
-2.633,-6.668,3.000
-2.610,-6.686,3.000
-2.584,-6.696,3.000
-2.559,-6.710,3.000
-2.531,-6.717,3.000
-2.537,-6.812,3.000
-2.513,-6.829,3.000
-2.445,-6.727,3.000
-2.420,-6.740,3.000
-2.433,-6.862,3.000
-2.387,-6.816,3.000
-2.324,-6.722,3.000
-2.297,-6.727,3.000
-2.301,-6.828,3.000
-2.277,-6.845,3.000
-2.220,-6.762,3.000
-2.193,-6.770,3.000
-2.175,-6.806,3.000
-2.139,-6.783,3.000
-2.115,-6.800,3.000
-2.086,-6.800,3.000
-2.087,-6.901,3.000
-2.060,-6.909,3.000
-2.039,-6.940,3.000
-1.975,-6.820,3.000
-1.952,-6.840,3.000
-1.925,-6.847,3.000
-1.897,-6.851,3.000
-1.871,-6.862,3.000
-1.842,-6.862,3.000
-1.843,-6.974,3.000
-1.793,-6.896,3.000
-1.762,-6.887,3.000
-1.755,-6.972,3.000
-1.731,-6.995,3.000
-1.684,-6.919,3.000
-1.642,-6.865,3.000
-1.628,-6.924,3.000
-1.623,-7.029,3.000
-1.574,-6.941,3.000
-1.549,-6.959,3.000
-1.539,-7.044,3.000
-1.494,-6.967,3.000
-1.473,-7.004,3.000
-1.434,-6.954,3.000
-1.407,-6.960,3.000
-1.391,-7.021,3.000
-1.344,-6.930,3.000
-1.317,-6.935,3.000
-1.316,-7.081,3.000
-1.281,-7.046,3.000
-1.234,-6.942,3.000
-1.206,-6.943,3.000
-1.197,-7.053,3.000
-1.155,-6.976,3.000
-1.125,-6.964,3.000
-1.098,-6.969,3.000
-1.070,-6.969,3.000
-1.046,-6.994,3.000
-1.018,-6.998,3.000
-1.006,-7.107,3.000
-0.961,-6.985,3.000
-0.936,-7.009,3.000
-0.910,-7.029,3.000
-0.880,-7.008,3.000
-0.864,-7.109,3.000
-0.843,-7.168,3.000
-0.795,-7.001,3.000
-0.769,-7.017,3.000
-0.741,-7.012,3.000
-0.714,-7.023,3.000
-0.687,-7.030,3.000
-0.659,-7.032,3.000
-0.641,-7.137,3.000
-0.612,-7.135,3.000
-0.577,-7.048,3.000
-0.549,-7.042,3.000
-0.528,-7.138,3.000
-0.500,-7.144,3.000
-0.465,-7.039,3.000
-0.438,-7.050,3.000
-0.415,-7.121,3.000
-0.384,-7.069,3.000
-0.360,-7.148,3.000
-0.327,-7.039,3.000
-0.304,-7.159,3.000
-0.271,-7.020,3.000
-0.244,-7.055,3.000
-0.216,-7.056,3.000
-0.189,-7.056,3.000
-0.161,-7.070,3.000
-0.133,-7.054,3.000
-0.107,-7.128,3.000
-0.077,-7.004,3.000
-0.050,-7.013,3.000
-0.022,-7.009,3.000
0.005,-7.000,3.000
0.033,-7.157,3.000
0.061,-7.104,3.000
0.088,-7.004,3.000
0.115,-7.004,3.000
0.142,-6.986,3.000
0.172,-7.090,3.000
0.198,-7.006,3.000
0.229,-7.121,3.000
0.253,-7.000,3.000
0.280,-6.990,3.000
0.311,-7.077,3.000
0.343,-7.165,3.000
0.365,-7.037,3.000
0.390,-6.998,3.000
0.423,-7.084,3.000
0.445,-6.995,3.000
0.472,-6.984,3.000
0.499,-6.978,3.000
0.527,-6.985,3.000
0.554,-6.983,3.000
0.581,-6.968,3.000
0.610,-6.991,3.000
0.635,-6.959,3.000
0.664,-6.969,3.000
0.691,-6.962,3.000
0.718,-6.963,3.000
0.745,-6.956,3.000
0.774,-6.970,3.000
0.803,-6.975,3.000
0.840,-7.055,3.000
0.856,-6.956,3.000
0.885,-6.970,3.000
0.909,-6.941,3.000
0.937,-6.937,3.000
0.963,-6.929,3.000
0.990,-6.921,3.000
1.018,-6.922,3.000
1.045,-6.918,3.000
1.087,-7.012,3.000
1.128,-7.093,3.000
1.127,-6.909,3.000
1.153,-6.900,3.000
1.180,-6.896,3.000
1.207,-6.891,3.000
1.234,-6.882,3.000
1.279,-6.976,3.000
1.292,-6.893,3.000
1.316,-6.875,3.000
1.365,-6.980,3.000
1.369,-6.861,3.000
1.417,-6.957,3.000
1.426,-6.862,3.000
1.455,-6.869,3.000
1.480,-6.855,3.000
1.528,-6.942,3.000
1.556,-6.940,3.000
1.554,-6.804,3.000
1.593,-6.851,3.000
1.623,-6.861,3.000
1.652,-6.863,3.000
1.677,-6.848,3.000
1.705,-6.846,3.000
1.773,-7.001,3.000
1.782,-6.924,3.000
1.788,-6.833,3.000
1.814,-6.826,3.000
1.840,-6.815,3.000
1.895,-6.910,3.000
1.890,-6.788,3.000
1.950,-6.899,3.000
1.947,-6.785,3.000
1.971,-6.769,3.000
2.000,-6.770,3.000
2.054,-6.852,3.000
2.051,-6.746,3.000
2.080,-6.746,3.000
2.142,-6.851,3.000
2.166,-6.835,3.000
2.173,-6.764,3.000
2.201,-6.759,3.000
2.231,-6.762,3.000
2.259,-6.757,3.000
2.281,-6.737,3.000
2.308,-6.728,3.000
2.370,-6.822,3.000
2.396,-6.809,3.000
2.386,-6.696,3.000
2.417,-6.702,3.000
2.439,-6.681,3.000
2.499,-6.763,3.000
2.492,-6.662,3.000
2.517,-6.648,3.000
2.587,-6.755,3.000
2.575,-6.644,3.000
2.605,-6.645,3.000
2.640,-6.657,3.000
2.703,-6.739,3.000
2.755,-6.790,3.000
2.759,-6.725,3.000
2.787,-6.718,3.000
2.773,-6.611,3.000
2.801,-6.604,3.000
2.858,-6.667,3.000
2.888,-6.662,3.000
2.877,-6.567,3.000
2.896,-6.541,3.000
2.930,-6.548,3.000
2.977,-6.584,3.000
2.983,-6.528,3.000
3.002,-6.502,3.000
3.039,-6.516,3.000
3.124,-6.629,3.000
3.106,-6.524,3.000
3.130,-6.508,3.000
3.155,-6.496,3.000
3.224,-6.572,3.000
3.211,-6.482,3.000
3.224,-6.444,3.000
3.264,-6.460,3.000
3.291,-6.451,3.000
3.329,-6.462,3.000
3.365,-6.470,3.000
3.385,-6.446,3.000
3.399,-6.412,3.000
3.479,-6.501,3.000
3.442,-6.371,3.000
3.457,-6.340,3.000
3.486,-6.334,3.000
3.511,-6.320,3.000
3.555,-6.340,3.000
3.539,-6.254,3.000
3.549,-6.215,3.000
3.626,-6.291,3.000
3.578,-6.152,3.000
3.596,-6.127,3.000
3.592,-6.067,3.000
3.627,-6.071,3.000
3.633,-6.028,3.000
3.637,-5.981,3.000
3.625,-5.909,3.000
3.719,-6.009,3.000
3.692,-5.913,3.000
3.664,-5.818,3.000
3.652,-5.748,3.000
3.726,-5.815,3.000
3.754,-5.807,3.000
3.750,-5.752,3.000
3.714,-5.649,3.000
3.696,-5.573,3.000
3.716,-5.555,3.000
3.796,-5.627,3.000
3.738,-5.495,3.000
3.752,-5.469,3.000
3.836,-5.545,3.000
3.855,-5.526,3.000
3.814,-5.421,3.000
3.843,-5.417,3.000
3.809,-5.326,3.000
3.858,-5.349,3.000
3.860,-5.307,3.000
3.982,-5.430,3.000
4.048,-5.476,3.000
3.958,-5.310,3.000
3.979,-5.295,3.000
4.033,-5.323,3.000
3.978,-5.207,3.000
4.010,-5.206,3.000
4.018,-5.176,3.000
4.036,-5.156,3.000
4.062,-5.148,3.000
4.135,-5.198,3.000
4.114,-5.130,3.000
4.131,-5.111,3.000
4.160,-5.105,3.000
4.168,-5.074,3.000
4.182,-5.051,3.000
4.202,-5.034,3.000
4.297,-5.107,3.000
4.238,-4.997,3.000
4.261,-4.984,3.000
4.356,-5.056,3.000
4.306,-4.958,3.000
4.366,-4.987,3.000
4.379,-4.963,3.000
4.364,-4.907,3.000
4.339,-4.840,3.000
4.434,-4.907,3.000
4.373,-4.802,3.000
4.402,-4.796,3.000
4.421,-4.778,3.000
4.504,-4.830,3.000
4.455,-4.740,3.000
4.440,-4.687,3.000
4.495,-4.708,3.000
4.487,-4.663,3.000
4.608,-4.751,3.000
4.544,-4.648,3.000
4.507,-4.575,3.000
4.532,-4.564,3.000
4.591,-4.588,3.000
4.653,-4.613,3.000
4.658,-4.582,3.000
4.596,-4.486,3.000
4.621,-4.474,3.000
4.635,-4.453,3.000
4.649,-4.431,3.000
4.757,-4.499,3.000
4.673,-4.385,3.000
4.711,-4.386,3.000
4.803,-4.436,3.000
4.813,-4.411,3.000
4.752,-4.321,3.000
4.769,-4.302,3.000
4.793,-4.290,3.000
4.810,-4.271,3.000
4.826,-4.252,3.000
4.869,-4.255,3.000
4.940,-4.283,3.000
4.828,-4.153,3.000
4.907,-4.188,3.000
4.950,-4.191,3.000
4.959,-4.165,3.000
4.881,-4.067,3.000
4.893,-4.045,3.000
4.928,-4.041,3.000
4.932,-4.012,3.000
5.017,-4.049,3.000
5.063,-4.053,3.000
5.075,-4.030,3.000
5.102,-4.019,3.000
5.006,-3.912,3.000
5.029,-3.898,3.000
5.033,-3.869,3.000
5.064,-3.862,3.000
4.998,-3.781,3.000
5.125,-3.846,3.000
5.152,-3.834,3.000
5.067,-3.740,3.000
5.170,-3.785,3.000
5.205,-3.779,3.000
5.111,-3.680,3.000
5.218,-3.727,3.000
5.148,-3.646,3.000
5.158,-3.623,3.000
5.156,-3.591,3.000
5.174,-3.573,3.000
5.335,-3.654,3.000
5.202,-3.533,3.000
5.294,-3.565,3.000
5.345,-3.569,3.000
5.363,-3.551,3.000
5.248,-3.445,3.000
5.370,-3.495,3.000
5.279,-3.406,3.000
5.292,-3.386,3.000
5.310,-3.368,3.000
5.323,-3.347,3.000
5.349,-3.334,3.000
5.345,-3.302,3.000
5.362,-3.284,3.000
5.401,-3.278,3.000
5.478,-3.296,3.000
5.396,-3.218,3.000
5.422,-3.204,3.000
5.417,-3.173,3.000
5.434,-3.154,3.000
5.393,-3.102,3.000
5.519,-3.146,3.000
5.413,-3.057,3.000
5.429,-3.038,3.000
5.459,-3.027,3.000
5.453,-2.996,3.000
5.615,-3.056,3.000
5.471,-2.950,3.000
5.474,-2.924,3.000
5.494,-2.907,3.000
5.510,-2.888,3.000
5.535,-2.874,3.000
5.515,-2.835,3.000
5.639,-2.871,3.000
5.555,-2.801,3.000
5.552,-2.772,3.000
5.682,-2.809,3.000
5.597,-2.740,3.000
5.703,-2.765,3.000
5.705,-2.738,3.000
5.629,-2.674,3.000
5.616,-2.641,3.000
5.723,-2.664,3.000
5.570,-2.566,3.000
5.689,-2.594,3.000
5.731,-2.586,3.000
5.614,-2.507,3.000
5.634,-2.489,3.000
5.733,-2.506,3.000
5.644,-2.441,3.000
5.762,-2.465,3.000
5.663,-2.396,3.000
5.677,-2.376,3.000
5.681,-2.352,3.000
5.671,-2.321,3.000
5.709,-2.311,3.000
5.708,-2.285,3.000
5.713,-2.260,3.000
5.716,-2.236,3.000
5.953,-2.302,3.000
5.744,-2.195,3.000
5.752,-2.172,3.000
5.882,-2.195,3.000
5.890,-2.172,3.000
5.777,-2.104,3.000
5.756,-2.071,3.000
5.910,-2.100,3.000
5.797,-2.034,3.000
5.800,-2.010,3.000
5.818,-1.990,3.000
5.943,-2.007,3.000
5.843,-1.948,3.000
5.846,-1.923,3.000
5.838,-1.896,3.000
5.841,-1.871,3.000
5.883,-1.859,3.000
5.983,-1.865,3.000
5.817,-1.788,3.000
5.884,-1.784,3.000
5.886,-1.759,3.000
5.837,-1.720,3.000
5.818,-1.689,3.000
5.917,-1.693,3.000
5.831,-1.644,3.000
5.970,-1.657,3.000
5.855,-1.601,3.000
5.937,-1.598,3.000
5.933,-1.572,3.000
5.919,-1.544,3.000
6.086,-1.561,3.000
5.952,-1.502,3.000
5.911,-1.467,3.000
6.029,-1.471,3.000
6.035,-1.448,3.000
5.907,-1.393,3.000
6.000,-1.390,3.000
6.031,-1.372,3.000
5.913,-1.321,3.000
6.001,-1.316,3.000
5.923,-1.274,3.000
6.026,-1.272,3.000
5.943,-1.230,3.000
6.021,-1.221,3.000
6.087,-1.210,3.000
6.025,-1.173,3.000
6.086,-1.160,3.000
5.977,-1.115,3.000
6.023,-1.099,3.000
6.058,-1.081,3.000
6.057,-1.056,3.000
6.025,-1.026,3.000
6.050,-1.006,3.000
6.192,-1.005,3.000
6.190,-0.980,3.000
6.082,-0.938,3.000
6.086,-0.914,3.000
6.257,-0.915,3.000
6.082,-0.865,3.000
6.096,-0.842,3.000
6.104,-0.819,3.000
6.071,-0.790,3.000
6.100,-0.770,3.000
6.098,-0.745,3.000
6.117,-0.723,3.000
6.232,-0.712,3.000
6.320,-0.697,3.000
6.104,-0.649,3.000
6.132,-0.628,3.000
6.232,-0.613,3.000
6.106,-0.577,3.000
6.118,-0.554,3.000
6.126,-0.530,3.000
6.241,-0.515,3.000
6.284,-0.494,3.000
6.137,-0.458,3.000
6.262,-0.443,3.000
6.114,-0.408,3.000
6.280,-0.395,3.000
6.143,-0.362,3.000
6.134,-0.337,3.000
6.275,-0.320,3.000
6.261,-0.295,3.000
6.153,-0.265,3.000
6.196,-0.243,3.000
6.279,-0.222,3.000
6.140,-0.192,3.000
6.316,-0.173,3.000
6.163,-0.145,3.000
6.189,-0.121,3.000
6.215,-0.097,3.000
6.205,-0.073,3.000
6.216,-0.048,3.000
6.211,-0.024,3.500
6.338,0.000,3.500
6.343,0.025,3.500
6.221,0.049,3.500
6.236,0.074,3.500
6.236,0.098,3.500
6.251,0.123,3.500
6.225,0.147,3.500
6.219,0.171,3.500
6.213,0.196,3.500
6.364,0.225,3.500
6.338,0.249,3.500
6.236,0.270,3.500
6.194,0.292,3.500
6.360,0.325,3.500
6.217,0.342,3.500
6.262,0.370,3.500
6.224,0.392,3.500
6.269,0.419,3.500
6.272,0.444,3.500
6.275,0.469,3.500
6.289,0.495,3.500
6.251,0.517,3.500
6.389,0.553,3.500
6.262,0.567,3.500
6.245,0.590,3.500
6.406,0.631,3.500
6.374,0.653,3.500
6.232,0.663,3.500
6.250,0.690,3.500
6.242,0.714,3.500
6.249,0.740,3.500
6.360,0.778,3.500
6.439,0.814,3.500
6.300,0.821,3.500
6.302,0.846,3.500
6.298,0.871,3.500
6.295,0.896,3.500
6.455,0.945,3.500
6.428,0.966,3.500
6.274,0.968,3.500
6.299,0.998,3.500
6.373,1.035,3.500
6.388,1.063,3.500
6.277,1.070,3.500
6.379,1.113,3.500
6.389,1.141,3.500
6.308,1.152,3.500
6.446,1.203,3.500
6.441,1.229,3.500
6.309,1.229,3.500
6.289,1.251,3.500
6.299,1.279,3.500
6.303,1.305,3.500
6.298,1.330,3.500
6.406,1.379,3.500
6.386,1.401,3.500
6.282,1.404,3.500
6.257,1.424,3.500
6.261,1.451,3.500
6.289,1.483,3.500
6.311,1.515,3.500
6.314,1.542,3.500
6.346,1.576,3.500
6.307,1.593,3.500
6.301,1.617,3.500
6.409,1.672,3.500
6.274,1.663,3.500
6.258,1.685,3.500
6.256,1.711,3.500
6.258,1.738,3.500
6.256,1.764,3.500
6.249,1.789,3.500
6.342,1.842,3.500
6.235,1.838,3.500
6.228,1.862,3.500
6.316,1.915,3.500
6.281,1.932,3.500
6.255,1.951,3.500
6.248,1.975,3.500
6.267,2.009,3.500
6.223,2.021,3.500
6.215,2.046,3.500
6.229,2.078,3.500
6.208,2.098,3.500
6.332,2.167,3.500
6.191,2.146,3.500
6.196,2.175,3.500
6.297,2.239,3.500
6.280,2.260,3.500
6.179,2.251,3.500
6.165,2.274,3.500
6.152,2.296,3.500
6.204,2.344,3.500
6.125,2.341,3.500
6.216,2.404,3.500
6.168,2.413,3.500
6.167,2.441,3.500
6.259,2.506,3.500
6.139,2.486,3.500
6.133,2.512,3.500
6.119,2.534,3.500
6.118,2.562,3.500
6.116,2.589,3.500
6.190,2.649,3.500
6.155,2.663,3.500
6.073,2.655,3.500
6.062,2.679,3.500
6.039,2.697,3.500
6.049,2.731,3.500
6.022,2.747,3.500
6.011,2.770,3.500
6.177,2.876,3.500
6.060,2.851,3.500
6.106,2.902,3.500
6.123,2.939,3.500
6.022,2.920,3.500
6.080,2.977,3.500
6.092,3.013,3.500
6.084,3.039,3.500
5.979,3.016,3.500
5.972,3.042,3.500
6.068,3.121,3.500
6.039,3.136,3.500
5.915,3.101,3.500
5.891,3.118,3.500
5.895,3.150,3.500
5.910,3.188,3.500
5.862,3.191,3.500
5.921,3.254,3.500
5.908,3.277,3.500
5.903,3.305,3.500
5.921,3.345,3.500
5.962,3.399,3.500
5.852,3.367,3.500
5.823,3.381,3.500
5.917,3.467,3.500
5.900,3.488,3.500
5.798,3.459,3.500
5.842,3.516,3.500
5.813,3.530,3.500
5.826,3.569,3.500
5.867,3.626,3.500
5.782,3.605,3.500
5.772,3.630,3.500
5.868,3.723,3.500
5.792,3.706,3.500
5.747,3.710,3.500
5.809,3.782,3.500
5.740,3.769,3.500
5.740,3.801,3.500
5.718,3.819,3.500
5.699,3.839,3.500
5.688,3.864,3.500
5.715,3.915,3.500
5.725,3.955,3.500
5.782,4.028,3.500
5.759,4.046,3.500
5.674,4.019,3.500
5.655,4.039,3.500
5.704,4.108,3.500
5.668,4.116,3.500
5.735,4.200,3.500
5.628,4.155,3.500
5.619,4.182,3.500
5.609,4.210,3.500
5.586,4.226,3.500
5.622,4.289,3.500
5.596,4.303,3.500
5.598,4.341,3.500
5.532,4.324,3.500
5.544,4.369,3.500
5.598,4.447,3.500
5.507,4.410,3.500
5.525,4.460,3.500
5.507,4.482,3.500
5.502,4.514,3.500
5.544,4.584,3.500
5.464,4.554,3.500
5.436,4.567,3.500
5.453,4.618,3.500
5.453,4.655,3.500
5.425,4.668,3.500
5.488,4.760,3.500
5.395,4.716,3.500
5.382,4.743,3.500
5.476,4.863,3.500
5.436,4.867,3.500
5.356,4.833,3.500
5.346,4.862,3.500
5.393,4.944,3.500
5.348,4.941,3.500
5.331,4.965,3.500
5.300,4.975,3.500
5.292,5.006,3.500
5.267,5.022,3.500
5.336,5.128,3.500
5.272,5.106,3.500
5.243,5.119,3.500
5.272,5.187,3.500
5.308,5.264,3.500
5.221,5.218,3.500
5.279,5.318,3.500
5.182,5.261,3.500
5.188,5.309,3.500
5.175,5.337,3.500
5.159,5.363,3.500
5.169,5.415,3.500
5.153,5.441,3.500
5.196,5.530,3.500
5.107,5.479,3.500
5.098,5.512,3.500
5.062,5.516,3.500
5.104,5.606,3.500
5.058,5.599,3.500
4.999,5.578,3.500
5.059,5.690,3.500
5.048,5.723,3.500
4.938,5.642,3.500
4.908,5.653,3.500
4.888,5.675,3.500
4.965,5.809,3.500
4.851,5.721,3.500
4.821,5.732,3.500
4.796,5.748,3.500
4.813,5.815,3.500
4.751,5.786,3.500
4.728,5.804,3.500
4.694,5.808,3.500
4.685,5.844,3.500
4.634,5.827,3.500
4.609,5.843,3.500
4.584,5.858,3.500
4.620,5.952,3.500
4.592,5.964,3.500
4.505,5.899,3.500
4.543,5.997,3.500
4.466,5.944,3.500
4.447,5.967,3.500
4.432,5.996,3.500
4.402,6.005,3.500
4.376,6.019,3.500
4.350,6.033,3.500
4.382,6.128,3.500
4.303,6.067,3.500
4.285,6.093,3.500
4.257,6.104,3.500
4.229,6.114,3.500
4.211,6.140,3.500
4.191,6.163,3.500
4.165,6.176,3.500
4.184,6.257,3.500
4.159,6.273,3.500
4.059,6.174,3.500
4.037,6.193,3.500
4.010,6.206,3.500
4.036,6.301,3.500
4.008,6.310,3.500
3.937,6.253,3.500
3.912,6.268,3.500
3.882,6.274,3.500
3.914,6.382,3.500
3.885,6.391,3.500
3.856,6.400,3.500
3.794,6.353,3.500
3.740,6.319,3.500
3.715,6.334,3.500
3.683,6.335,3.500
3.662,6.356,3.500
3.637,6.370,3.500
3.629,6.415,3.500
3.585,6.395,3.500
3.567,6.423,3.500
3.512,6.382,3.500
3.491,6.403,3.500
3.511,6.501,3.500
3.433,6.416,3.500
3.406,6.426,3.500
3.426,6.525,3.500
3.364,6.470,3.500
3.371,6.545,3.500
3.347,6.562,3.500
3.277,6.488,3.500
3.241,6.480,3.500
3.228,6.517,3.500
3.208,6.541,3.500
3.216,6.623,3.500
3.168,6.590,3.500
3.145,6.610,3.500
3.081,6.540,3.500
3.045,6.531,3.500
3.030,6.564,3.500
3.043,6.662,3.500
2.976,6.584,3.500
2.949,6.592,3.500
2.926,6.611,3.500
2.897,6.615,3.500
2.869,6.623,3.500
2.888,6.739,3.500
2.860,6.746,3.500
2.782,6.634,3.500
2.807,6.769,3.500
2.739,6.678,3.500
2.733,6.740,3.500
2.670,6.658,3.500
2.676,6.750,3.500
2.616,6.675,3.500
2.616,6.753,3.500
2.562,6.692,3.500
2.539,6.709,3.500
2.511,6.716,3.500
2.483,6.722,3.500
2.458,6.735,3.500
2.429,6.737,3.500
2.405,6.754,3.500
2.380,6.767,3.500
2.349,6.765,3.500
2.377,6.931,3.500
2.299,6.791,3.500
2.270,6.792,3.500
2.275,6.900,3.500
2.217,6.814,3.500
2.177,6.780,3.500
2.183,6.892,3.500
2.159,6.908,3.500
2.124,6.894,3.500
2.104,6.925,3.500
2.042,6.817,3.500
2.018,6.833,3.500
1.987,6.825,3.500
1.962,6.841,3.500
1.933,6.841,3.500
1.935,6.953,3.500
1.881,6.864,3.500
1.855,6.875,3.500
1.825,6.870,3.500
1.799,6.881,3.500
1.797,6.986,3.500
1.743,6.887,3.500
1.705,6.850,3.500
1.700,6.944,3.500
1.687,7.010,3.500
1.620,6.849,3.500
1.599,6.884,3.500
1.569,6.878,3.500
1.562,6.972,3.500
1.515,6.890,3.500
1.486,6.884,3.500
1.481,6.994,3.500
1.432,6.899,3.500
1.408,6.917,3.500
1.383,6.935,3.500
1.354,6.932,3.500
1.328,6.941,3.500
1.299,6.938,3.500
1.289,7.036,3.500
1.245,6.952,3.500
1.227,7.010,3.500
1.196,6.991,3.500
1.154,6.909,3.500
1.128,6.922,3.500
1.099,6.914,3.500
1.072,6.922,3.500
1.045,6.926,3.500
1.032,7.029,3.500
1.004,7.029,3.500
0.964,6.942,3.500
0.935,6.929,3.500
0.919,7.024,3.500
0.894,7.048,3.500
0.855,6.956,3.500
0.829,6.972,3.500
0.794,6.908,3.500
0.765,6.894,3.500
0.737,6.884,3.500
0.711,6.900,3.500
0.695,7.016,3.500
0.673,7.081,3.500
0.628,6.891,3.500
0.602,6.902,3.500
0.575,6.904,3.500
0.549,6.923,3.500
0.521,6.921,3.500
0.503,7.041,3.500
0.474,7.022,3.500
0.439,6.918,3.500
0.418,7.021,3.500
0.385,6.921,3.500
0.358,6.936,3.500
0.331,6.937,3.500
0.308,7.031,3.500
0.280,7.033,3.500
0.249,6.932,3.500
0.220,6.863,3.500
0.194,6.903,3.500
0.168,6.934,3.500
0.139,6.848,3.500
0.114,6.987,3.500
0.087,7.050,3.500
0.060,7.042,3.500
0.031,6.945,3.500
0.004,6.949,3.500
-0.023,6.928,3.500
-0.050,6.936,3.500
-0.078,6.949,3.500
-0.105,6.974,3.500
-0.131,6.879,3.500
-0.159,6.939,3.500
-0.188,7.002,3.500
-0.215,6.976,3.500
-0.241,6.924,3.500
-0.268,6.931,3.500
-0.297,6.964,3.500
-0.323,6.933,3.500
-0.349,6.919,3.500
-0.377,6.935,3.500
-0.409,7.005,3.500
-0.428,6.871,3.500
-0.458,6.921,3.500
-0.486,6.919,3.500
-0.520,7.023,3.500
-0.547,7.013,3.500
-0.567,6.909,3.500
-0.594,6.907,3.500
-0.622,6.917,3.500
-0.649,6.915,3.500
-0.687,7.017,3.500
-0.702,6.896,3.500
-0.729,6.894,3.500
-0.758,6.904,3.500
-0.784,6.896,3.500
-0.809,6.872,3.500
-0.849,6.974,3.500
-0.888,7.069,3.500
-0.891,6.875,3.500
-0.921,6.888,3.500
-0.961,6.985,3.500
-0.975,6.881,3.500
-1.000,6.864,3.500
-1.045,6.981,3.500
-1.056,6.869,3.500
-1.080,6.847,3.500
-1.125,6.956,3.500
-1.136,6.856,3.500
-1.162,6.843,3.500
-1.204,6.926,3.500
-1.226,6.892,3.500
-1.248,6.858,3.500
-1.277,6.866,3.500
-1.302,6.852,3.500
-1.332,6.860,3.500
-1.363,6.879,3.500
-1.392,6.882,3.500
-1.413,6.848,3.500
-1.448,6.879,3.500
-1.490,6.946,3.500
-1.495,6.839,3.500
-1.544,6.930,3.500
-1.573,6.932,3.500
-1.575,6.816,3.500
-1.626,6.912,3.500
-1.635,6.833,3.500
-1.659,6.814,3.500
-1.682,6.791,3.500
-1.737,6.897,3.500
-1.737,6.786,3.500
-1.788,6.872,3.500
-1.788,6.764,3.500
-1.813,6.748,3.500
-1.869,6.850,3.500
-1.871,6.754,3.500
-1.896,6.743,3.500
-1.922,6.731,3.500
-1.983,6.843,3.500
-1.978,6.728,3.500
-2.002,6.712,3.500
-2.026,6.696,3.500
-2.080,6.780,3.500
-2.081,6.688,3.500
-2.135,6.767,3.500
-2.161,6.759,3.500
-2.141,6.607,3.500
-2.167,6.598,3.500
-2.192,6.586,3.500
-2.200,6.524,3.500
-2.228,6.523,3.500
-2.238,6.469,3.500
-2.254,6.435,3.500
-2.315,6.525,3.500
-2.339,6.512,3.500
-2.295,6.311,3.500
-2.382,6.473,3.500
-2.312,6.206,3.500
-2.369,6.283,3.500
-2.341,6.135,3.500
-2.344,6.073,3.500
-2.404,6.156,3.500
-2.406,6.090,3.500
-2.363,5.913,3.500
-2.371,5.867,3.500
-2.377,5.816,3.500
-2.376,5.750,3.500
-2.397,5.736,3.500
-2.391,5.659,3.500
-2.411,5.645,3.500
-2.387,5.528,3.500
-2.398,5.493,3.500
-2.397,5.434,3.500
-2.474,5.548,3.500
-2.438,5.410,3.500
-2.461,5.405,3.500
-2.393,5.201,3.500
-2.454,5.280,3.500
-2.384,5.076,3.500
-2.360,4.974,3.500
-2.426,5.062,3.500
-2.377,4.911,3.500
-2.445,5.000,3.500
-2.451,4.964,3.500
-2.446,4.905,3.500
-2.503,4.971,3.500
-2.509,4.934,3.500
-2.447,4.766,3.500
-2.551,4.920,3.500
-2.562,4.894,3.500
-2.520,4.770,3.500
-2.522,4.727,3.500
-2.549,4.733,3.500
-2.606,4.794,3.500
-2.628,4.789,3.500
-2.644,4.773,3.500
-2.641,4.725,3.500
-2.629,4.660,3.500
-2.777,4.878,3.500
-2.793,4.862,3.500
-2.734,4.715,3.500
-2.758,4.715,3.500
-2.771,4.694,3.500
-2.857,4.797,3.500
-2.888,4.806,3.500
-2.832,4.671,3.500
-2.850,4.660,3.500
-2.881,4.670,3.500
-2.880,4.627,3.500
-2.982,4.749,3.500
-2.982,4.707,3.500
-2.951,4.619,3.500
-2.966,4.602,3.500
-3.059,4.706,3.500
-2.985,4.553,3.500
-3.096,4.682,3.500
-3.160,4.739,3.500
-3.069,4.563,3.500
-3.111,4.586,3.500
-3.126,4.569,3.500
-3.211,4.655,3.500
-3.168,4.554,3.500
-3.176,4.527,3.500
-3.296,4.659,3.500
-3.318,4.651,3.500
-3.232,4.494,3.500
-3.236,4.462,3.500
-3.348,4.579,3.500
-3.306,4.485,3.500
-3.313,4.457,3.500
-3.320,4.430,3.500
-3.334,4.412,3.500
-3.351,4.399,3.500
-3.483,4.536,3.500
-3.476,4.490,3.500
-3.410,4.368,3.500
-3.401,4.322,3.500
-3.507,4.421,3.500
-3.461,4.328,3.500
-3.501,4.342,3.500
-3.487,4.291,3.500
-3.519,4.296,3.500
-3.536,4.282,3.500
-3.565,4.282,3.500
-3.574,4.259,3.500
-3.571,4.222,3.500
-3.599,4.222,3.500
-3.727,4.338,3.500
-3.725,4.301,3.500
-3.645,4.175,3.500
-3.743,4.254,3.500
-3.791,4.274,3.500
-3.694,4.131,3.500
-3.714,4.121,3.500
-3.734,4.111,3.500
-3.738,4.083,3.500
-3.762,4.077,3.500
-3.770,4.054,3.500
-3.773,4.026,3.500
-3.919,4.149,3.500
-3.821,4.013,3.500
-3.833,3.994,3.500
-3.849,3.979,3.500
-3.864,3.964,3.500
-3.901,3.970,3.500
-3.925,3.963,3.500
-3.940,3.948,3.500
-3.973,3.949,3.500
-4.005,3.950,3.500
-4.112,4.024,3.500
-4.028,3.910,3.500
-4.030,3.882,3.500
-4.118,3.935,3.500
-4.095,3.883,3.500
-4.036,3.797,3.500
-4.051,3.782,3.500
-4.105,3.802,3.500
-4.085,3.754,3.500
-4.095,3.734,3.500
-4.237,3.832,3.500
-4.299,3.858,3.500
-4.201,3.741,3.500
-4.203,3.712,3.500
-4.177,3.660,3.500
-4.250,3.695,3.500
-4.246,3.663,3.500
-4.287,3.669,3.500
-4.293,3.645,3.500
-4.401,3.706,3.500
-4.239,3.542,3.500
-4.399,3.646,3.500
-4.280,3.520,3.500
-4.359,3.556,3.500
-4.364,3.531,3.500
-4.382,3.518,3.500
-4.345,3.460,3.500
-4.367,3.450,3.500
-4.419,3.462,3.500
-4.394,3.416,3.500
-4.379,3.376,3.500
-4.473,3.421,3.500
-4.491,3.407,3.500
-4.523,3.403,3.500
-4.456,3.325,3.500
-4.464,3.304,3.500
-4.629,3.398,3.500
-4.519,3.290,3.500
-4.683,3.382,3.500
-4.496,3.220,3.500
-4.601,3.268,3.500
-4.709,3.316,3.500
-4.621,3.228,3.500
-4.725,3.273,3.500
-4.578,3.144,3.500
-4.575,3.116,3.500
-4.642,3.135,3.500
-4.605,3.084,3.500
-4.612,3.062,3.500
-4.694,3.090,3.500
-4.651,3.036,3.500
-4.658,3.014,3.500
-4.664,2.993,3.500
-4.801,3.054,3.500
-4.688,2.956,3.500
-4.815,3.010,3.500
-4.721,2.925,3.500
-4.732,2.907,3.500
-4.744,2.888,3.500
-4.745,2.863,3.500
-4.746,2.838,3.500
-4.762,2.823,3.500
-4.783,2.810,3.500
-4.779,2.782,3.500
-4.800,2.770,3.500
-4.811,2.751,3.500
-4.940,2.799,3.500
-4.827,2.710,3.500
-4.843,2.694,3.500
-4.859,2.678,3.500
-4.869,2.659,3.500
-4.874,2.637,3.500
-5.020,2.690,3.500
-4.905,2.604,3.500
-5.031,2.645,3.500
-4.915,2.560,3.500
-4.920,2.538,3.500
-4.940,2.524,3.500
-4.956,2.507,3.500
-4.976,2.493,3.500
-5.002,2.482,3.500
-4.996,2.454,3.500
-5.106,2.484,3.500
-4.993,2.404,3.500
-5.002,2.385,3.500
-5.109,2.411,3.500
-5.016,2.343,3.500
-4.970,2.298,3.500
-5.045,2.308,3.500
-5.037,2.281,3.500
-5.208,2.334,3.500
-5.142,2.280,3.500
-5.069,2.224,3.500
-5.028,2.182,3.500
-5.098,2.189,3.500
-5.095,2.164,3.500
-5.104,2.144,3.500
-5.118,2.126,3.500
-5.064,2.081,3.500
-5.134,2.086,3.500
-5.274,2.119,3.500
-5.167,2.052,3.500
-5.296,2.080,3.500
-5.315,2.063,3.500
-5.241,2.011,3.500
-5.309,2.013,3.500
-5.184,1.942,3.500
-5.331,1.973,3.500
-5.182,1.895,3.500
-5.195,1.877,3.500
-5.214,1.861,3.500
-5.227,1.842,3.500
-5.228,1.820,3.500
-5.252,1.805,3.500
-5.259,1.784,3.500
-5.266,1.764,3.500
-5.256,1.737,3.500
-5.280,1.722,3.500
-5.298,1.705,3.500
-5.282,1.677,3.500
-5.288,1.656,3.500
-5.431,1.678,3.500
-5.319,1.620,3.500
-5.331,1.601,3.500
-5.314,1.573,3.500
-5.314,1.551,3.500
-5.349,1.538,3.500
-5.326,1.509,3.500
-5.355,1.494,3.500
-5.338,1.467,3.500
-5.498,1.488,3.500
-5.355,1.426,3.500
-5.498,1.442,3.500
-5.378,1.387,3.500
-5.395,1.369,3.500
-5.383,1.344,3.500
-5.376,1.320,3.500
-5.416,1.307,3.500
-5.392,1.279,3.500
-5.385,1.255,3.500
-5.408,1.238,3.500
-5.551,1.248,3.500
-5.406,1.193,3.500
-5.410,1.171,3.500
-5.409,1.149,3.500
-5.484,1.142,3.500
-5.436,1.110,3.500
-5.422,1.085,3.500
-5.438,1.066,3.500
-5.588,1.073,3.500
-5.452,1.025,3.500
-5.647,1.038,3.500
-5.617,1.010,3.500
-5.511,0.969,3.500
-5.688,0.977,3.500
-5.560,0.932,3.500
-5.563,0.910,3.500
-5.573,0.889,3.500
-5.553,0.864,3.500
-5.562,0.843,3.500
-5.565,0.821,3.500
-5.568,0.799,3.500
-5.595,0.781,3.500
-5.736,0.777,3.500
-5.710,0.751,3.500
-5.598,0.714,3.500
-5.727,0.708,3.500
-5.597,0.669,3.500
-5.600,0.647,3.500
-5.608,0.626,3.500
-5.593,0.602,3.500
-5.595,0.580,3.500
-5.731,0.572,3.500
-5.600,0.536,3.500
-5.602,0.514,3.500
-5.610,0.493,3.500
-5.751,0.482,3.500
-5.613,0.449,3.500
-5.749,0.437,3.500
-5.773,0.416,3.500
-5.618,0.383,3.500
-5.759,0.370,3.500
-5.633,0.339,3.500
-5.687,0.320,3.500
-5.676,0.297,3.500
-5.642,0.273,3.500
-5.632,0.250,3.500
-5.732,0.232,3.500
-5.852,0.214,3.500
-5.693,0.186,3.500
-5.705,0.164,3.500
-5.706,0.142,3.500
-5.700,0.119,3.500
-5.861,0.099,3.500
-5.736,0.075,3.500
-5.713,0.052,3.500
-5.702,0.030,3.500
-5.684,0.007,3.500
-5.702,-0.015,3.500
-5.707,-0.038,3.500
-5.719,-0.060,3.500
-5.707,-0.082,3.500
-5.712,-0.105,3.500
-5.712,-0.127,3.500
-5.717,-0.150,3.500
-5.699,-0.172,3.500
-5.936,-0.202,3.500
-5.692,-0.216,3.500
-5.940,-0.249,3.500
-5.938,-0.272,3.500
-5.746,-0.286,3.500
-5.791,-0.311,3.500
-5.918,-0.341,3.500
-5.771,-0.356,3.500
-5.776,-0.379,3.500
-5.925,-0.412,3.500
-5.778,-0.424,3.500
-5.905,-0.457,3.500
-5.892,-0.479,3.500
-5.934,-0.506,3.500
-5.765,-0.515,3.500
-6.091,-0.568,3.500
-5.766,-0.560,3.500
-5.764,-0.583,3.500
-5.818,-0.611,3.500
-5.832,-0.636,3.500
-5.824,-0.658,3.500
-5.833,-0.683,3.500
-5.988,-0.725,3.500
-5.827,-0.728,3.500
-5.939,-0.766,3.500
-5.827,-0.775,3.500
-5.813,-0.796,3.500
-5.787,-0.816,3.500
-5.943,-0.862,3.500
-5.781,-0.861,3.500
-5.952,-0.911,3.500
-5.785,-0.908,3.500
-5.944,-0.957,3.500
-5.789,-0.956,3.500
-5.851,-0.989,3.500
-5.868,-1.016,3.500
-6.002,-1.064,3.500
-5.839,-1.058,3.500
-5.851,-1.084,3.500
-5.990,-1.134,3.500
-5.837,-1.129,3.500
-5.859,-1.157,3.500
-5.828,-1.175,3.500
-5.823,-1.198,3.500
-5.823,-1.222,3.500
-5.935,-1.269,3.500
-5.808,-1.266,3.500
-5.935,-1.318,3.500
-5.804,-1.313,3.500
-5.788,-1.333,3.500
-5.782,-1.356,3.500
-5.766,-1.376,3.500
-5.750,-1.396,3.500
-5.761,-1.423,3.500
-5.850,-1.469,3.500
-5.733,-1.464,3.500
-5.870,-1.523,3.500
-5.722,-1.509,3.500
-5.721,-1.532,3.500
-5.710,-1.553,3.500
-5.698,-1.574,3.500
-5.692,-1.597,3.500
-5.691,-1.621,3.500
-5.800,-1.676,3.500
-5.809,-1.704,3.500
-5.682,-1.691,3.500
-5.881,-1.775,3.500
-5.716,-1.750,3.500
-5.857,-1.818,3.500
-5.717,-1.799,3.500
-5.726,-1.827,3.500
-5.708,-1.846,3.500
-5.701,-1.868,3.500
-5.815,-1.931,3.500
-5.681,-1.911,3.500
-5.795,-1.975,3.500
-5.671,-1.958,3.500
-5.668,-1.982,3.500
-5.650,-2.000,3.500
-5.653,-2.026,3.500
-5.624,-2.041,3.500
-5.631,-2.068,3.500
-5.699,-2.119,3.500
-5.605,-2.109,3.500
-5.805,-2.210,3.500
-5.708,-2.199,3.500
-5.739,-2.237,3.500
-5.715,-2.253,3.500
-5.567,-2.220,3.500
-5.741,-2.316,3.500
-5.545,-2.262,3.500
-5.566,-2.296,3.500
-5.592,-2.332,3.500
-5.597,-2.361,3.500
-5.573,-2.376,3.500
-5.699,-2.456,3.500
-5.569,-2.426,3.500
-5.637,-2.482,3.500
-5.574,-2.481,3.500
-5.655,-2.543,3.500
-5.516,-2.507,3.500
-5.511,-2.531,3.500
-5.639,-2.616,3.500
-5.624,-2.636,3.500
-5.604,-2.654,3.500
-5.668,-2.711,3.500
-5.517,-2.666,3.500
-5.464,-2.667,3.500
-5.635,-2.778,3.500
-5.490,-2.733,3.500
-5.498,-2.764,3.500
-5.483,-2.783,3.500
-5.472,-2.805,3.500
-5.580,-2.888,3.500
-5.440,-2.843,3.500
-5.592,-2.951,3.500
-5.536,-2.949,3.500
-5.402,-2.904,3.500
-5.588,-3.033,3.500
-5.379,-2.947,3.500
-5.489,-3.035,3.500
-5.365,-2.994,3.500
-5.357,-3.017,3.500
-5.404,-3.072,3.500
-5.480,-3.144,3.500
-5.407,-3.130,3.500
-5.490,-3.207,3.500
-5.329,-3.141,3.500
-5.452,-3.242,3.500
-5.352,-3.211,3.500
-5.431,-3.287,3.500
-5.314,-3.245,3.500
-5.301,-3.266,3.500
-5.284,-3.284,3.500
-5.271,-3.305,3.500
-5.293,-3.348,3.500
-5.297,-3.379,3.500
-5.283,-3.400,3.500
-5.266,-3.418,3.500
-5.369,-3.515,3.500
-5.243,-3.462,3.500
-5.254,-3.499,3.500
-5.319,-3.573,3.500
-5.218,-3.535,3.500
-5.295,-3.617,3.500
-5.174,-3.564,3.500
-5.266,-3.659,3.500
-5.300,-3.713,3.500
-5.205,-3.677,3.500
-5.179,-3.689,3.500
-5.164,-3.709,3.500
-5.146,-3.726,3.500
-5.127,-3.744,3.500
-5.132,-3.778,3.500
-5.208,-3.866,3.500
-5.118,-3.830,3.500
-5.223,-3.941,3.500
-5.115,-3.891,3.500
-5.092,-3.905,3.500
-5.184,-4.008,3.500
-5.073,-3.954,3.500
-5.145,-4.043,3.500
-5.034,-3.988,3.500
-5.018,-4.008,3.500
-5.152,-4.147,3.500
-5.043,-4.093,3.500
-5.115,-4.185,3.500
-5.011,-4.132,3.500
-5.082,-4.225,3.500
-4.979,-4.172,3.500
-4.999,-4.222,3.500
-4.946,-4.211,3.500
-4.958,-4.255,3.500
-4.981,-4.308,3.500
-5.027,-4.383,3.500
-5.013,-4.406,3.500
-4.919,-4.357,3.500
-4.895,-4.370,3.500
-4.916,-4.424,3.500
-4.906,-4.450,3.500
-4.888,-4.469,3.500
-4.958,-4.569,3.500
-4.846,-4.501,3.500
-4.822,-4.513,3.500
-4.844,-4.571,3.500
-4.796,-4.561,3.500
-4.828,-4.628,3.500
-4.810,-4.646,3.500
-4.789,-4.662,3.500
-4.864,-4.773,3.500
-4.765,-4.712,3.500
-4.753,-4.738,3.500
-4.847,-4.870,3.500
-4.735,-4.794,3.500
-4.806,-4.905,3.500
-4.768,-4.905,3.500
-4.789,-4.964,3.500
-4.790,-5.005,3.500
-4.695,-4.945,3.500
-4.753,-5.046,3.500
-4.692,-5.020,3.500
-4.743,-5.114,3.500
-4.664,-5.069,3.500
-4.630,-5.072,3.500
-4.616,-5.096,3.500
-4.593,-5.111,3.500
-4.681,-5.250,3.500
-4.593,-5.192,3.500
-4.615,-5.258,3.500
-4.624,-5.311,3.500
-4.562,-5.282,3.500
-4.550,-5.309,3.500
-4.537,-5.337,3.500
-4.521,-5.361,3.500
-4.530,-5.414,3.500
-4.503,-5.425,3.500
-4.469,-5.427,3.500
-4.528,-5.543,3.500
-4.473,-5.520,3.500
-4.459,-5.547,3.500
-4.502,-5.646,3.500
-4.408,-5.572,3.500
-4.485,-5.716,3.500
-4.472,-5.746,3.500
-4.442,-5.754,3.500
-4.354,-5.686,3.500
-4.332,-5.703,3.500
-4.353,-5.777,3.500
-4.328,-5.791,3.500
-4.300,-5.802,3.500
-4.331,-5.891,3.500
-4.257,-5.839,3.500
-4.227,-5.846,3.500
-4.206,-5.865,3.500
-4.202,-5.908,3.500
-4.254,-6.032,3.500
-4.218,-6.030,3.500
-4.220,-6.084,3.500
-4.122,-5.992,3.500
-4.107,-6.021,3.500
-4.070,-6.018,3.500
-4.053,-6.044,3.500
-4.029,-6.060,3.500
-4.003,-6.072,3.500
-3.982,-6.091,3.500
-3.958,-6.107,3.500
-3.927,-6.112,3.500
-3.914,-6.144,3.500
-3.935,-6.231,3.500
-3.855,-6.158,3.500
-3.888,-6.265,3.500
-3.811,-6.195,3.500
-3.786,-6.210,3.500
-3.766,-6.231,3.500
-3.746,-6.253,3.500
-3.717,-6.261,3.500
-3.700,-6.289,3.500
-3.666,-6.286,3.500
-3.631,-6.284,3.500
-3.622,-6.325,3.500
-3.637,-6.410,3.500
-3.565,-6.340,3.500
-3.589,-6.441,3.500
-3.560,-6.449,3.500
-3.494,-6.388,3.500
-3.511,-6.480,3.500
-3.491,-6.504,3.500
-3.420,-6.432,3.500
-3.443,-6.538,3.500
-3.416,-6.548,3.500
-3.311,-6.409,3.500
-3.290,-6.429,3.500
-3.266,-6.445,3.500
-3.234,-6.444,3.500
-3.214,-6.467,3.500
-3.194,-6.490,3.500
-3.165,-6.496,3.500
-3.139,-6.508,3.500
-3.158,-6.612,3.500
-3.086,-6.529,3.500
-3.064,-6.548,3.500
-3.075,-6.639,3.500
-3.009,-6.565,3.500
-3.018,-6.652,3.500
-2.959,-6.592,3.500
-2.907,-6.545,3.500
-2.886,-6.567,3.500
-2.861,-6.579,3.500
-2.832,-6.582,3.500
-2.806,-6.593,3.500
-2.781,-6.608,3.500
-2.794,-6.711,3.500
-2.728,-6.626,3.500
-2.741,-6.733,3.500
-2.679,-6.655,3.500
-2.650,-6.658,3.500
-2.656,-6.750,3.500
-2.603,-6.693,3.500
-2.570,-6.685,3.500
-2.545,-6.698,3.500
-2.526,-6.727,3.500
-2.492,-6.718,3.500
-2.469,-6.736,3.500
-2.476,-6.839,3.500
-2.414,-6.751,3.500
-2.377,-6.730,3.500
-2.393,-6.860,3.500
-2.348,-6.817,3.500
-2.291,-6.738,3.500
-2.293,-6.831,3.500
-2.231,-6.736,3.500
-2.240,-6.853,3.500
-2.182,-6.765,3.500
-2.164,-6.801,3.500
-2.130,-6.786,3.500
-2.102,-6.791,3.500
-2.078,-6.807,3.500
-2.048,-6.803,3.500
-2.040,-6.873,3.500
-2.026,-6.927,3.500
-2.002,-6.947,3.500
-1.991,-7.011,3.500
-1.914,-6.842,3.500
-1.913,-6.943,3.500
-1.865,-6.872,3.500
-1.863,-6.973,3.500
-1.810,-6.883,3.500
-1.779,-6.878,3.500
-1.777,-6.983,3.500
-1.725,-6.892,3.500
-1.704,-6.922,3.500
-1.674,-6.917,3.500
-1.647,-6.924,3.500
-1.619,-6.926,3.500
-1.616,-7.039,3.500
-1.551,-6.878,3.500
-1.560,-7.047,3.500
-1.498,-6.898,3.500
-1.493,-7.004,3.500
-1.454,-6.958,3.500
-1.446,-7.055,3.500
-1.413,-7.033,3.500
-1.363,-6.926,3.500
-1.356,-7.036,3.500
-1.307,-6.928,3.500
-1.280,-6.934,3.500
-1.253,-6.943,3.500
-1.225,-6.943,3.500
-1.199,-6.956,3.500
-1.171,-6.957,3.500
-1.143,-6.957,3.500
-1.130,-7.047,3.500
-1.089,-6.966,3.500
-1.063,-6.983,3.500
-1.033,-6.970,3.500
-1.030,-7.144,3.500
-0.980,-6.991,3.500
-0.965,-7.084,3.500
-0.925,-6.998,3.500
-0.897,-6.998,3.500
-0.870,-7.001,3.500
-0.853,-7.094,3.500
-0.814,-7.003,3.500
-0.787,-7.011,3.500
-0.774,-7.144,3.500
-0.731,-7.000,3.500
-0.716,-7.130,3.500
-0.678,-7.035,3.500
-0.650,-7.025,3.500
-0.620,-7.007,3.500
-0.593,-7.017,3.500
-0.576,-7.150,3.500
-0.540,-7.038,3.500
-0.520,-7.151,3.500
-0.484,-7.034,3.500
-0.456,-7.032,3.500
-0.431,-7.071,3.500
-0.409,-7.186,3.500
-0.373,-7.032,3.500
-0.351,-7.153,3.500
-0.318,-7.048,3.500
-0.295,-7.151,3.500
-0.263,-7.058,3.500
-0.238,-7.145,3.500
-0.208,-7.064,3.500
-0.179,-7.040,3.500
-0.153,-7.090,3.500
-0.123,-6.995,3.500
-0.097,-7.062,3.500
-0.069,-7.059,3.500
-0.041,-7.055,3.500
-0.014,-7.046,3.500
0.014,-7.038,3.500
0.042,-7.055,3.500
0.070,-7.104,3.500
0.096,-6.995,3.500
0.126,-7.095,3.500
0.153,-7.095,3.500
0.179,-6.990,3.500
0.210,-7.130,3.500
0.234,-6.992,3.500
0.262,-7.008,3.500
0.289,-7.011,3.500
0.320,-7.085,3.500
0.344,-6.996,3.500
0.371,-6.982,3.500
0.404,-7.093,3.500
0.426,-6.992,3.500
0.460,-7.090,3.500
0.481,-6.984,3.500
0.509,-6.994,3.500
0.536,-6.984,3.500
0.563,-6.973,3.500
0.599,-7.079,3.500
0.618,-6.977,3.500
0.644,-6.958,3.500
0.684,-7.084,3.500
0.706,-7.028,3.500
0.725,-6.941,3.500
0.766,-7.063,3.500
0.782,-6.957,3.500
0.821,-7.053,3.500
0.835,-6.942,3.500
0.864,-6.947,3.500
0.905,-7.051,3.500
0.920,-6.952,3.500
0.959,-7.035,3.500
0.987,-7.036,3.500
0.999,-6.920,3.500
1.042,-7.024,3.500
1.054,-6.920,3.500
1.083,-6.925,3.500
1.123,-7.003,3.500
1.137,-6.916,3.500
1.164,-6.911,3.500
1.189,-6.894,3.500
1.236,-7.004,3.500
1.245,-6.893,3.500
1.272,-6.888,3.500
1.299,-6.883,3.500
1.326,-6.882,3.500
1.352,-6.869,3.500
1.411,-7.025,3.500
1.418,-6.919,3.500
1.464,-7.002,3.500
1.473,-6.908,3.500
1.501,-6.910,3.500
1.528,-6.900,3.500
1.552,-6.882,3.500
1.577,-6.868,3.500
1.604,-6.861,3.500
1.636,-6.875,3.500
1.659,-6.853,3.500
1.713,-6.958,3.500
1.712,-6.835,3.500
1.740,-6.837,3.500
1.764,-6.818,3.500
1.795,-6.827,3.500
1.819,-6.808,3.500
1.845,-6.801,3.500
1.877,-6.809,3.500
1.903,-6.802,3.500
1.931,-6.798,3.500
1.957,-6.787,3.500
2.009,-6.866,3.500
2.012,-6.779,3.500
2.067,-6.865,3.500
2.076,-6.799,3.500
2.132,-6.883,3.500
2.160,-6.879,3.500
2.154,-6.766,3.500
2.245,-6.959,3.500
2.210,-6.760,3.500
2.245,-6.775,3.500
2.265,-6.747,3.500
2.286,-6.722,3.500
2.316,-6.725,3.500
2.341,-6.712,3.500
2.370,-6.710,3.500
2.397,-6.701,3.500
2.420,-6.684,3.500
2.446,-6.674,3.500
2.475,-6.672,3.500
2.513,-6.693,3.500
2.582,-6.795,3.500
2.573,-6.692,3.500
2.632,-6.767,3.500
2.660,-6.761,3.500
2.647,-6.650,3.500
2.722,-6.761,3.500
2.702,-6.637,3.500
2.766,-6.718,3.500
2.760,-6.630,3.500
2.780,-6.604,3.500
2.845,-6.685,3.500
2.833,-6.586,3.500
2.858,-6.571,3.500
2.885,-6.563,3.500
2.906,-6.541,3.500
2.953,-6.577,3.500
2.980,-6.569,3.500
3.019,-6.586,3.500
3.035,-6.553,3.500
3.059,-6.537,3.500
3.125,-6.611,3.500
3.155,-6.605,3.500
3.141,-6.512,3.500
3.158,-6.481,3.500
3.192,-6.487,3.500
3.239,-6.517,3.500
3.270,-6.514,3.500
3.290,-6.491,3.500
3.312,-6.471,3.500
3.339,-6.461,3.500
3.370,-6.459,3.500
3.429,-6.510,3.500
3.426,-6.442,3.500
3.487,-6.497,3.500
3.437,-6.342,3.500
3.471,-6.346,3.500
3.551,-6.432,3.500
3.501,-6.284,3.500
3.563,-6.336,3.500
3.580,-6.308,3.500
3.611,-6.304,3.500
3.622,-6.266,3.500
3.581,-6.141,3.500
3.636,-6.179,3.500
3.608,-6.077,3.500
3.624,-6.048,3.500
3.628,-6.002,3.500
3.656,-5.995,3.500
3.628,-5.897,3.500
3.667,-5.908,3.500
3.649,-5.828,3.500
3.669,-5.810,3.500
3.715,-5.832,3.500
3.741,-5.821,3.500
3.699,-5.707,3.500
3.758,-5.748,3.500
3.714,-5.633,3.500
3.771,-5.670,3.500
3.733,-5.566,3.500
3.744,-5.536,3.500
3.835,-5.622,3.500
3.751,-5.453,3.500
3.838,-5.533,3.500
3.802,-5.435,3.500
3.894,-5.521,3.500
3.911,-5.498,3.500
3.855,-5.374,3.500
3.956,-5.471,3.500
3.902,-5.351,3.500
3.923,-5.336,3.500
3.936,-5.309,3.500
3.934,-5.264,3.500
3.983,-5.286,3.500
4.087,-5.380,3.500
4.038,-5.273,3.500
3.999,-5.179,3.500
4.142,-5.320,3.500
4.066,-5.181,3.500
4.141,-5.234,3.500
4.198,-5.264,3.500
4.185,-5.205,3.500
4.129,-5.094,3.500
4.202,-5.143,3.500
4.171,-5.065,3.500
4.272,-5.146,3.500
4.289,-5.125,3.500
4.243,-5.030,3.500
4.320,-5.081,3.500
4.279,-4.993,3.500
4.271,-4.944,3.500
4.392,-5.044,3.500
4.347,-4.953,3.500
4.419,-4.995,3.500
4.339,-4.866,3.500
4.461,-4.964,3.500
4.364,-4.817,3.500
4.459,-4.884,3.500
4.414,-4.797,3.500
4.433,-4.780,3.500
4.442,-4.752,3.500
4.457,-4.731,3.500
4.473,-4.710,3.500
4.501,-4.703,3.500
4.513,-4.678,3.500
4.531,-4.660,3.500
4.596,-4.690,3.500
4.564,-4.621,3.500
4.576,-4.596,3.500
4.788,-4.772,3.500
4.587,-4.536,3.500
4.591,-4.505,3.500
4.609,-4.487,3.500
4.630,-4.472,3.500
4.644,-4.450,3.500
4.731,-4.499,3.500
4.661,-4.397,3.500
4.692,-4.392,3.500
4.699,-4.364,3.500
4.730,-4.358,3.500
4.755,-4.346,3.500
4.836,-4.386,3.500
4.763,-4.286,3.500
4.899,-4.373,3.500
4.771,-4.226,3.500
4.824,-4.239,3.500
4.822,-4.204,3.500
4.894,-4.233,3.500
4.821,-4.137,3.500
4.942,-4.207,3.500
4.865,-4.109,3.500
4.982,-4.174,3.500
4.976,-4.136,3.500
4.993,-4.117,3.500
5.031,-4.115,3.500
4.941,-4.009,3.500
5.082,-4.091,3.500
4.965,-3.964,3.500
4.988,-3.951,3.500
4.996,-3.925,3.500
5.030,-3.921,3.500
5.030,-3.889,3.500
5.018,-3.848,3.500
5.049,-3.840,3.500
5.173,-3.903,3.500
5.071,-3.794,3.500
5.105,-3.789,3.500
5.084,-3.743,3.500
5.082,-3.711,3.500
5.101,-3.694,3.500
5.103,-3.665,3.500
5.126,-3.651,3.500
5.230,-3.694,3.500
5.175,-3.625,3.500
5.279,-3.667,3.500
5.182,-3.570,3.500
5.267,-3.597,3.500
5.202,-3.523,3.500
5.220,-3.506,3.500
5.242,-3.491,3.500
5.247,-3.465,3.500
5.265,-3.447,3.500
5.283,-3.429,3.500
5.300,-3.411,3.500
5.314,-3.390,3.500
5.314,-3.361,3.500
5.332,-3.343,3.500
5.446,-3.385,3.500
5.345,-3.293,3.500
5.371,-3.280,3.500
5.388,-3.261,3.500
5.499,-3.299,3.500
5.512,-3.277,3.500
5.520,-3.253,3.500
5.579,-3.259,3.500
5.380,-3.114,3.500
5.415,-3.106,3.500
5.475,-3.112,3.500
5.416,-3.050,3.500
5.539,-3.091,3.500
5.454,-3.015,3.500
5.576,-3.054,3.500
5.477,-2.972,3.500
5.489,-2.951,3.500
5.496,-2.927,3.500
5.498,-2.900,3.500
5.519,-2.884,3.500
5.642,-2.920,3.500
5.654,-2.898,3.500
5.538,-2.811,3.500
5.676,-2.853,3.500
5.570,-2.772,3.500
5.716,-2.818,3.500
5.591,-2.729,3.500
5.602,-2.707,3.500
5.594,-2.676,3.500
5.733,-2.715,3.500
5.629,-2.638,3.500
5.754,-2.670,3.500
5.621,-2.581,3.500
5.711,-2.595,3.500
5.627,-2.530,3.500
5.721,-2.546,3.500
5.623,-2.476,3.500
5.824,-2.537,3.500
5.647,-2.433,3.500
5.675,-2.420,3.500
5.651,-2.383,3.500
5.655,-2.359,3.500
5.785,-2.386,3.500
5.684,-2.318,3.500
5.817,-2.346,3.500
5.740,-2.289,3.500
5.850,-2.306,3.500
5.734,-2.234,3.500
5.844,-2.251,3.500
5.742,-2.186,3.500
5.740,-2.159,3.500
5.763,-2.142,3.500
5.921,-2.175,3.500
5.775,-2.095,3.500
5.890,-2.111,3.500
5.806,-2.055,3.500
6.016,-2.103,3.500
5.802,-2.003,3.500
5.830,-1.987,3.500
5.833,-1.962,3.500
5.953,-1.976,3.500
5.843,-1.914,3.500
5.836,-1.887,3.500
5.863,-1.870,3.500
5.865,-1.846,3.500
5.957,-1.849,3.500
5.884,-1.801,3.500
5.946,-1.794,3.500
5.898,-1.755,3.500
5.890,-1.727,3.500
5.882,-1.700,3.500
6.052,-1.723,3.500
5.900,-1.655,3.500
5.891,-1.627,3.500
6.062,-1.649,3.500
6.064,-1.624,3.500
6.080,-1.603,3.500
6.062,-1.573,3.500
5.978,-1.526,3.500
5.979,-1.501,3.500
6.104,-1.507,3.500
6.006,-1.458,3.500
6.111,-1.458,3.500
6.007,-1.408,3.500
5.951,-1.370,3.500
5.925,-1.340,3.500
6.013,-1.335,3.500
6.008,-1.309,3.500
6.018,-1.287,3.500
5.951,-1.248,3.500
5.976,-1.229,3.500
5.976,-1.204,3.500
6.022,-1.189,3.500
6.098,-1.179,3.500
6.143,-1.163,3.500
6.148,-1.139,3.500
6.060,-1.098,3.500
6.151,-1.090,3.500
6.048,-1.047,3.500
6.057,-1.024,3.500
6.092,-1.005,3.500
6.060,-0.976,3.500
6.197,-0.973,3.500
6.195,-0.948,3.500
6.189,-0.922,3.500
6.203,-0.899,3.500
6.094,-0.859,3.500
6.210,-0.850,3.500
6.079,-0.808,3.500
6.103,-0.787,3.500
6.106,-0.763,3.500
6.120,-0.740,3.500
6.107,-0.714,3.500
6.094,-0.689,3.500
6.123,-0.667,3.500
6.115,-0.642,3.500
6.246,-0.631,3.500
6.263,-0.608,3.500
6.235,-0.581,3.500
6.238,-0.556,3.500
6.137,-0.523,3.500
6.123,-0.498,3.500
6.120,-0.473,3.500
6.271,-0.460,3.500
6.144,-0.427,3.500
6.254,-0.410,3.500
6.127,-0.377,3.500
6.133,-0.353,3.500
6.135,-0.329,3.500
6.125,-0.305,3.500
6.142,-0.281,3.500
6.149,-0.258,3.500
6.139,-0.233,3.500
6.259,-0.213,3.500
6.219,-0.187,3.500
6.346,-0.166,3.500
6.327,-0.141,3.500
6.215,-0.114,3.500
6.322,-0.091,3.500
6.216,-0.065,3.500
6.201,-0.040,4.000
6.338,-0.017,4.000
6.232,0.008,4.000
6.221,0.033,4.000
6.226,0.057,4.000
6.185,0.081,4.000
6.327,0.108,4.000
6.251,0.131,4.000
6.331,0.158,4.000
6.209,0.179,4.000
6.197,0.203,4.000
6.329,0.232,4.000
6.216,0.252,4.000
6.210,0.277,4.000
6.336,0.307,4.000
6.289,0.330,4.000
6.417,0.362,4.000
6.276,0.378,4.000
6.409,0.412,4.000
6.283,0.428,4.000
6.266,0.452,4.000
6.295,0.479,4.000
6.268,0.501,4.000
6.271,0.526,4.000
6.254,0.550,4.000
6.302,0.579,4.000
6.269,0.601,4.000
6.262,0.625,4.000
6.264,0.650,4.000
6.252,0.673,4.000
6.244,0.697,4.000
6.256,0.724,4.000
6.348,0.759,4.000
6.422,0.794,4.000
6.395,0.816,4.000
6.430,0.846,4.000
6.330,0.858,4.000
6.428,0.897,4.000
6.298,0.905,4.000
6.411,0.946,4.000
6.286,0.953,4.000
6.273,0.976,4.000
6.274,1.002,4.000
6.260,1.025,4.000
6.401,1.074,4.000
6.281,1.079,4.000
6.364,1.119,4.000
6.316,1.136,4.000
6.316,1.162,4.000
6.326,1.189,4.000
6.426,1.234,4.000
6.307,1.237,4.000
6.499,1.301,4.000
6.321,1.291,4.000
6.424,1.339,4.000
6.292,1.337,4.000
6.282,1.360,4.000
6.375,1.407,4.000
6.266,1.409,4.000
6.387,1.462,4.000
6.259,1.459,4.000
6.366,1.510,4.000
6.248,1.508,4.000
6.373,1.565,4.000
6.302,1.574,4.000
6.295,1.598,4.000
6.308,1.628,4.000
6.283,1.648,4.000
6.286,1.675,4.000
6.284,1.701,4.000
6.254,1.719,4.000
6.275,1.751,4.000
6.258,1.773,4.000
6.365,1.830,4.000
6.249,1.824,4.000
6.242,1.848,4.000
6.276,1.885,4.000
6.402,1.950,4.000
6.270,1.937,4.000
6.342,1.987,4.000
6.254,1.986,4.000
6.353,2.045,4.000
6.225,2.031,4.000
6.226,2.058,4.000
6.227,2.086,4.000
6.320,2.144,4.000
6.197,2.130,4.000
6.184,2.153,4.000
6.189,2.182,4.000
6.180,2.206,4.000
6.163,2.227,4.000
6.158,2.253,4.000
6.224,2.304,4.000
6.149,2.304,4.000
6.245,2.368,4.000
6.135,2.354,4.000
6.191,2.404,4.000
6.276,2.465,4.000
6.142,2.440,4.000
6.256,2.514,4.000
6.127,2.490,4.000
6.135,2.521,4.000
6.116,2.542,4.000
6.127,2.575,4.000
6.092,2.588,4.000
6.077,2.610,4.000
6.185,2.685,4.000
6.056,2.657,4.000
6.172,2.737,4.000
6.035,2.705,4.000
6.125,2.774,4.000
6.098,2.791,4.000
6.020,2.784,4.000
6.109,2.854,4.000
6.040,2.850,4.000
6.037,2.878,4.000
6.030,2.904,4.000
6.014,2.925,4.000
6.019,2.957,4.000
5.970,2.962,4.000
5.979,2.996,4.000
6.060,3.066,4.000
5.951,3.041,4.000
6.020,3.106,4.000
6.032,3.142,4.000
5.915,3.111,4.000
6.011,3.191,4.000
5.895,3.159,4.000
5.910,3.197,4.000
5.973,3.262,4.000
5.921,3.263,4.000
5.908,3.287,4.000
5.887,3.305,4.000
5.971,3.383,4.000
5.884,3.365,4.000
5.879,3.392,4.000
5.930,3.453,4.000
5.813,3.416,4.000
5.835,3.459,4.000
5.960,3.565,4.000
5.815,3.509,4.000
5.906,3.596,4.000
5.806,3.567,4.000
5.784,3.585,4.000
5.800,3.626,4.000
5.752,3.628,4.000
5.874,3.737,4.000
5.794,3.718,4.000
5.776,3.738,4.000
5.772,3.768,4.000
5.850,3.852,4.000
5.728,3.804,4.000
5.716,3.828,4.000
5.790,3.911,4.000
5.675,3.866,4.000
5.717,3.927,4.000
5.779,4.003,4.000
5.766,4.028,4.000
5.671,3.994,4.000
5.637,4.004,4.000
5.629,4.031,4.000
5.651,4.081,4.000
5.632,4.101,4.000
5.650,4.148,4.000
5.700,4.220,4.000
5.603,4.182,4.000
5.748,4.325,4.000
5.667,4.299,4.000
5.584,4.271,4.000
5.662,4.366,4.000
5.586,4.342,4.000
5.627,4.410,4.000
5.607,4.429,4.000
5.499,4.379,4.000
5.584,4.483,4.000
5.526,4.472,4.000
5.511,4.496,4.000
5.484,4.510,4.000
5.473,4.537,4.000
5.458,4.561,4.000
5.563,4.686,4.000
5.471,4.646,4.000
5.447,4.662,4.000
5.432,4.686,4.000
5.413,4.707,4.000
5.395,4.728,4.000
5.394,4.765,4.000
5.396,4.805,4.000
5.377,4.826,4.000
5.440,4.921,4.000
5.392,4.916,4.000
5.381,4.945,4.000
5.339,4.945,4.000
5.328,4.974,4.000
5.300,4.987,4.000
5.322,5.048,4.000
5.303,5.068,4.000
5.274,5.081,4.000
5.254,5.102,4.000
5.242,5.131,4.000
5.314,5.242,4.000
5.245,5.215,4.000
5.288,5.299,4.000
5.228,5.280,4.000
5.278,5.372,4.000
5.192,5.326,4.000
5.258,5.436,4.000
5.251,5.473,4.000
5.162,5.422,4.000
5.143,5.445,4.000
5.117,5.460,4.000
5.115,5.501,4.000
5.081,5.508,4.000
5.070,5.538,4.000
5.033,5.542,4.000
5.016,5.567,4.000
4.992,5.584,4.000
4.980,5.615,4.000
4.950,5.626,4.000
4.926,5.642,4.000
4.899,5.656,4.000
4.884,5.684,4.000
4.861,5.703,4.000
4.846,5.730,4.000
4.912,5.854,4.000
4.796,5.763,4.000
4.764,5.770,4.000
4.746,5.794,4.000
4.726,5.816,4.000
4.700,5.831,4.000
4.652,5.818,4.000
4.713,5.942,4.000
4.602,5.848,4.000
4.574,5.861,4.000
4.617,5.963,4.000
4.535,5.905,4.000
4.596,6.034,4.000
4.486,5.938,4.000
4.469,5.964,4.000
4.501,6.055,4.000
4.418,5.993,4.000
4.390,6.004,4.000
4.358,6.009,4.000
4.347,6.045,4.000
4.373,6.131,4.000
4.297,6.075,4.000
4.329,6.171,4.000
4.249,6.109,4.000
4.274,6.196,4.000
4.199,6.139,4.000
4.213,6.211,4.000
4.213,6.264,4.000
4.137,6.204,4.000
4.119,6.229,4.000
4.094,6.245,4.000
4.027,6.195,4.000
4.079,6.330,4.000
3.968,6.211,4.000
4.029,6.362,4.000
3.925,6.251,4.000
3.950,6.346,4.000
3.927,6.365,4.000
3.811,6.231,4.000
3.850,6.351,4.000
3.776,6.284,4.000
3.796,6.374,4.000
3.773,6.393,4.000
3.752,6.414,4.000
3.683,6.353,4.000
3.701,6.443,4.000
3.633,6.382,4.000
3.604,6.389,4.000
3.579,6.403,4.000
3.531,6.376,4.000
3.530,6.434,4.000
3.469,6.383,4.000
3.446,6.400,4.000
3.425,6.421,4.000
3.447,6.523,4.000
3.424,6.543,4.000
3.347,6.457,4.000
3.368,6.560,4.000
3.298,6.487,4.000
3.316,6.586,4.000
3.245,6.509,4.000
3.266,6.615,4.000
3.175,6.495,4.000
3.214,6.641,4.000
3.124,6.520,4.000
3.093,6.521,4.000
3.074,6.548,4.000
3.040,6.542,4.000
3.025,6.575,4.000
3.034,6.666,4.000
3.007,6.674,4.000
2.942,6.600,4.000
2.973,6.739,4.000
2.895,6.633,4.000
2.864,6.634,4.000
2.833,6.634,4.000
2.843,6.728,4.000
2.786,6.667,4.000
2.740,6.630,4.000
2.714,6.641,4.000
2.686,6.647,4.000
2.662,6.662,4.000
2.632,6.665,4.000
2.608,6.679,4.000
2.579,6.681,4.000
2.561,6.714,4.000
2.535,6.724,4.000
2.539,6.816,4.000
2.471,6.713,4.000
2.448,6.734,4.000
2.457,6.841,4.000
2.395,6.753,4.000
2.367,6.759,4.000
2.351,6.799,4.000
2.314,6.777,4.000
2.279,6.759,4.000
2.296,6.901,4.000
2.218,6.754,4.000
2.229,6.878,4.000
2.211,6.916,4.000
2.138,6.779,4.000
2.143,6.888,4.000
2.088,6.808,4.000
2.089,6.905,4.000
2.034,6.820,4.000
2.004,6.816,4.000
1.980,6.836,4.000
1.951,6.836,4.000
1.958,6.964,4.000
1.922,6.940,4.000
1.872,6.862,4.000
1.840,6.853,4.000
1.816,6.869,4.000
1.792,6.888,4.000
1.751,6.843,4.000
1.721,6.837,4.000
1.696,6.848,4.000
1.668,6.851,4.000
1.666,6.961,4.000
1.635,6.952,4.000
1.588,6.874,4.000
1.583,6.976,4.000
1.555,6.982,4.000
1.535,7.020,4.000
1.480,6.898,4.000
1.478,7.024,4.000
1.426,6.913,4.000
1.400,6.923,4.000
1.372,6.924,4.000
1.345,6.930,4.000
1.319,6.943,4.000
1.289,6.932,4.000
1.253,6.891,4.000
1.229,6.913,4.000
1.218,7.008,4.000
1.175,6.922,4.000
1.161,7.009,4.000
1.116,6.902,4.000
1.106,7.018,4.000
1.064,6.923,4.000
1.036,6.923,4.000
1.009,6.927,4.000
0.980,6.919,4.000
0.953,6.927,4.000
0.936,7.005,4.000
0.901,6.951,4.000
0.883,7.033,4.000
0.844,6.936,4.000
0.818,6.952,4.000
0.789,6.943,4.000
0.758,6.908,4.000
0.739,6.991,4.000
0.700,6.879,4.000
0.686,7.013,4.000
0.650,6.923,4.000
0.621,6.909,4.000
0.594,6.915,4.000
0.567,6.917,4.000
0.539,6.911,4.000
0.512,6.909,4.000
0.485,6.919,4.000
0.456,6.895,4.000
0.432,6.944,4.000
0.404,6.925,4.000
0.377,6.935,4.000
0.349,6.919,4.000
0.322,6.925,4.000
0.295,6.930,4.000
0.268,6.940,4.000
0.241,6.941,4.000
0.213,6.933,4.000
0.186,6.947,4.000
0.159,6.939,4.000
0.132,6.939,4.000
0.106,7.033,4.000
0.077,6.910,4.000
0.050,6.928,4.000
0.023,6.923,4.000
-0.004,6.876,4.000
-0.032,7.025,4.000
-0.059,6.936,4.000
-0.086,6.923,4.000
-0.113,6.931,4.000
-0.140,6.926,4.000
-0.171,7.082,4.000
-0.195,6.938,4.000
-0.226,7.043,4.000
-0.248,6.880,4.000
-0.281,7.033,4.000
-0.302,6.891,4.000
-0.336,7.026,4.000
-0.364,7.041,4.000
-0.386,6.934,4.000
-0.412,6.907,4.000
-0.440,6.922,4.000
-0.466,6.908,4.000
-0.494,6.914,4.000
-0.522,6.921,4.000
-0.556,7.008,4.000
-0.576,6.912,4.000
-0.602,6.906,4.000
-0.631,6.916,4.000
-0.655,6.884,4.000
-0.685,6.911,4.000
-0.722,7.001,4.000
-0.740,6.910,4.000
-0.776,6.987,4.000
-0.809,7.037,4.000
-0.817,6.871,4.000
-0.867,7.055,4.000
-0.873,6.881,4.000
-0.915,6.987,4.000
-0.926,6.866,4.000
-0.969,6.975,4.000
-0.981,6.862,4.000
-1.006,6.850,4.000
-1.036,6.863,4.000
-1.071,6.914,4.000
-1.098,6.905,4.000
-1.118,6.859,4.000
-1.170,7.003,4.000
-1.180,6.896,4.000
-1.224,6.990,4.000
-1.238,6.907,4.000
-1.280,6.988,4.000
-1.305,6.967,4.000
-1.334,6.970,4.000
-1.341,6.862,4.000
-1.390,6.967,4.000
-1.397,6.860,4.000
-1.447,6.968,4.000
-1.472,6.950,4.000
-1.478,6.847,4.000
-1.504,6.837,4.000
-1.563,6.976,4.000
-1.559,6.829,4.000
-1.584,6.819,4.000
-1.612,6.816,4.000
-1.637,6.802,4.000
-1.660,6.779,4.000
-1.715,6.886,4.000
-1.719,6.790,4.000
-1.769,6.872,4.000
-1.768,6.760,4.000
-1.827,6.874,4.000
-1.854,6.867,4.000
-1.852,6.755,4.000
-1.947,6.995,4.000
-1.904,6.736,4.000
-1.965,6.849,4.000
-1.955,6.717,4.000
-1.987,6.726,4.000
-2.038,6.802,4.000
-2.033,6.690,4.000
-2.093,6.789,4.000
-2.089,6.686,4.000
-2.125,6.705,4.000
-2.122,6.608,4.000
-2.147,6.596,4.000
-2.169,6.575,4.000
-2.177,6.513,4.000
-2.205,6.513,4.000
-2.216,6.462,4.000
-2.240,6.449,4.000
-2.252,6.403,4.000
-2.265,6.360,4.000
-2.273,6.304,4.000
-2.293,6.282,4.000
-2.337,6.325,4.000
-2.360,6.311,4.000
-2.319,6.128,4.000
-2.382,6.220,4.000
-2.347,6.057,4.000
-2.386,6.087,4.000
-2.353,5.934,4.000
-2.341,5.836,4.000
-2.373,5.850,4.000
-2.357,5.746,4.000
-2.372,5.718,4.000
-2.428,5.789,4.000
-2.396,5.651,4.000
-2.364,5.514,4.000
-2.372,5.475,4.000
-2.376,5.425,4.000
-2.406,5.436,4.000
-2.394,5.350,4.000
-2.444,5.407,4.000
-2.376,5.202,4.000
-2.454,5.317,4.000
-2.477,5.312,4.000
-2.462,5.226,4.000
-2.438,5.122,4.000
-2.401,4.995,4.000
-2.470,5.087,4.000
-2.443,4.981,4.000
-2.422,4.890,4.000
-2.441,4.880,4.000
-2.466,4.881,4.000
-2.515,4.931,4.000
-2.537,4.927,4.000
-2.560,4.922,4.000
-2.531,4.820,4.000
-2.593,4.891,4.000
-2.615,4.886,4.000
-2.693,4.986,4.000
-2.650,4.860,4.000
-2.735,4.970,4.000
-2.760,4.969,4.000
-2.782,4.963,4.000
-2.802,4.952,4.000
-2.745,4.807,4.000
-2.841,4.930,4.000
-2.782,4.786,4.000
-2.804,4.780,4.000
-2.808,4.743,4.000
-2.839,4.752,4.000
-2.860,4.746,4.000
-2.898,4.766,4.000
-2.966,4.835,4.000
-2.913,4.707,4.000
-2.938,4.706,4.000
-2.998,4.760,4.000
-2.987,4.703,4.000
-2.990,4.666,4.000
-3.011,4.659,4.000
-3.039,4.663,4.000
-3.123,4.750,4.000
-3.151,4.752,4.000
-3.163,4.730,4.000
-3.102,4.599,4.000
-3.113,4.577,4.000
-3.162,4.609,4.000
-3.146,4.548,4.000
-3.191,4.575,4.000
-3.327,4.729,4.000
-3.206,4.520,4.000
-3.266,4.566,4.000
-3.297,4.572,4.000
-3.308,4.550,4.000
-3.284,4.479,4.000
-3.305,4.471,4.000
-3.355,4.501,4.000
-3.439,4.577,4.000
-3.365,4.441,4.000
-3.506,4.591,4.000
-3.381,4.391,4.000
-3.528,4.545,4.000
-3.426,4.378,4.000
-3.581,4.540,4.000
-3.581,4.503,4.000
-3.519,4.389,4.000
-3.569,4.416,4.000
-3.497,4.292,4.000
-3.563,4.338,4.000
-3.545,4.283,4.000
-3.712,4.448,4.000
-3.621,4.305,4.000
-3.596,4.241,4.000
-3.632,4.249,4.000
-3.679,4.271,4.000
-3.649,4.202,4.000
-3.838,4.385,4.000
-3.670,4.160,4.000
-3.726,4.190,4.000
-3.727,4.158,4.000
-3.767,4.170,4.000
-3.912,4.296,4.000
-3.804,4.144,4.000
-3.796,4.103,4.000
-3.836,4.114,4.000
-3.848,4.095,4.000
-3.852,4.067,4.000
-3.981,4.170,4.000
-3.892,4.045,4.000
-4.017,4.143,4.000
-3.973,4.065,4.000
-3.964,4.024,4.000
-4.196,4.226,4.000
-3.979,3.976,4.000
-4.114,4.079,4.000
-4.027,3.962,4.000
-4.038,3.942,4.000
-4.045,3.918,4.000
-4.061,3.902,4.000
-4.076,3.886,4.000
-4.201,3.973,4.000
-4.110,3.858,4.000
-4.126,3.841,4.000
-4.141,3.825,4.000
-4.138,3.793,4.000
-4.153,3.777,4.000
-4.172,3.764,4.000
-4.291,3.841,4.000
-4.197,3.728,4.000
-4.427,3.901,4.000
-4.235,3.702,4.000
-4.368,3.788,4.000
-4.273,3.677,4.000
-4.381,3.739,4.000
-4.426,3.748,4.000
-4.312,3.622,4.000
-4.317,3.598,4.000
-4.326,3.577,4.000
-4.345,3.564,4.000
-4.368,3.554,4.000
-4.391,3.544,4.000
-4.373,3.501,4.000
-4.419,3.510,4.000
-4.433,3.492,4.000
-4.428,3.460,4.000
-4.455,3.454,4.000
-4.464,3.433,4.000
-4.473,3.412,4.000
-4.486,3.394,4.000
-4.607,3.457,4.000
-4.508,3.355,4.000
-4.526,3.341,4.000
-4.558,3.337,4.000
-4.552,3.305,4.000
-4.678,3.369,4.000
-4.568,3.263,4.000
-4.737,3.355,4.000
-4.603,3.233,4.000
-4.640,3.232,4.000
-4.628,3.197,4.000
-4.582,3.139,4.000
-4.644,3.154,4.000
-4.680,3.152,4.000
-4.673,3.121,4.000
-4.631,3.066,4.000
-4.761,3.126,4.000
-4.705,3.062,4.000
-4.736,3.057,4.000
-4.718,3.019,4.000
-4.868,3.088,4.000
-4.702,2.956,4.000
-4.834,3.013,4.000
-4.845,2.994,4.000
-4.715,2.888,4.000
-4.758,2.888,4.000
-4.733,2.848,4.000
-4.744,2.829,4.000
-4.913,2.904,4.000
-4.894,2.867,4.000
-4.787,2.779,4.000
-4.932,2.837,4.000
-4.814,2.745,4.000
-4.836,2.732,4.000
-4.980,2.788,4.000
-4.883,2.708,4.000
-4.873,2.677,4.000
-4.846,2.638,4.000
-5.049,2.723,4.000
-4.883,2.609,4.000
-4.935,2.612,4.000
-4.919,2.579,4.000
-4.913,2.551,4.000
-5.060,2.602,4.000
-4.927,2.509,4.000
-5.142,2.594,4.000
-4.952,2.473,4.000
-5.085,2.515,4.000
-5.100,2.497,4.000
-5.203,2.522,4.000
-4.996,2.398,4.000
-5.011,2.381,4.000
-5.009,2.356,4.000
-5.164,2.404,4.000
-5.039,2.322,4.000
-5.161,2.354,4.000
-5.213,2.353,4.000
-5.066,2.262,4.000
-5.058,2.235,4.000
-5.055,2.210,4.000
-5.075,2.195,4.000
-5.237,2.241,4.000
-5.114,2.165,4.000
-5.254,2.200,4.000
-5.126,2.122,4.000
-5.134,2.102,4.000
-5.142,2.082,4.000
-5.156,2.064,4.000
-5.291,2.094,4.000
-5.133,2.008,4.000
-5.169,1.999,4.000
-5.188,1.983,4.000
-5.339,2.017,4.000
-5.198,1.940,4.000
-5.328,1.965,4.000
-5.213,1.899,4.000
-5.209,1.874,4.000
-5.222,1.856,4.000
-5.235,1.837,4.000
-5.236,1.815,4.000
-5.255,1.798,4.000
-5.244,1.772,4.000
-5.257,1.753,4.000
-5.264,1.733,4.000
-5.367,1.743,4.000
-5.283,1.693,4.000
-5.436,1.719,4.000
-5.290,1.650,4.000
-5.427,1.669,4.000
-5.326,1.615,4.000
-5.315,1.589,4.000
-5.316,1.566,4.000
-5.328,1.547,4.000
-5.334,1.526,4.000
-5.340,1.505,4.000
-5.482,1.522,4.000
-5.505,1.505,4.000
-5.511,1.484,4.000
-5.368,1.423,4.000
-5.528,1.442,4.000
-5.362,1.376,4.000
-5.511,1.391,4.000
-5.378,1.335,4.000
-5.384,1.314,4.000
-5.550,1.332,4.000
-5.423,1.279,4.000
-5.543,1.284,4.000
-5.421,1.234,4.000
-5.414,1.210,4.000
-5.419,1.189,4.000
-5.580,1.201,4.000
-5.463,1.153,4.000
-5.438,1.126,4.000
-5.513,1.119,4.000
-5.482,1.090,4.000
-5.527,1.077,4.000
-5.473,1.044,4.000
-5.518,1.030,4.000
-5.522,1.008,4.000
-5.681,1.014,4.000
-5.559,0.970,4.000
-5.683,0.969,4.000
-5.526,0.919,4.000
-5.547,0.901,4.000
-5.683,0.900,4.000
-5.692,0.878,4.000
-5.545,0.833,4.000
-5.716,0.836,4.000
-5.558,0.791,4.000
-5.561,0.769,4.000
-5.569,0.748,4.000
-5.700,0.743,4.000
-5.563,0.703,4.000
-5.739,0.702,4.000
-5.592,0.662,4.000
-5.595,0.640,4.000
-5.585,0.616,4.000
-5.611,0.597,4.000
-5.596,0.573,4.000
-5.749,0.566,4.000
-5.600,0.529,4.000
-5.579,0.505,4.000
-5.598,0.485,4.000
-5.612,0.464,4.000
-5.614,0.442,4.000
-5.592,0.418,4.000
-5.728,0.405,4.000
-5.775,0.386,4.000
-5.696,0.358,4.000
-5.767,0.340,4.000
-5.716,0.315,4.000
-5.717,0.292,4.000
-5.689,0.268,4.000
-5.702,0.246,4.000
-5.709,0.224,4.000
-5.710,0.202,4.000
-5.847,0.184,4.000
-5.803,0.160,4.000
-5.706,0.134,4.000
-5.695,0.112,4.000
-5.701,0.090,4.000
-5.695,0.067,4.000
-5.719,0.045,4.000
-5.850,0.023,4.000
-5.684,0.000,4.000
-5.861,-0.023,4.000
-5.707,-0.045,4.000
-5.707,-0.067,4.000
-5.844,-0.092,4.000
-5.793,-0.114,4.000
-5.882,-0.138,4.000
-5.797,-0.159,4.000
-5.779,-0.181,4.000
-5.796,-0.205,4.000
-5.784,-0.227,4.000
-5.939,-0.257,4.000
-5.787,-0.273,4.000
-5.904,-0.301,4.000
-5.774,-0.318,4.000
-5.789,-0.341,4.000
-5.782,-0.364,4.000
-5.775,-0.386,4.000
-5.913,-0.418,4.000
-5.772,-0.431,4.000
-5.915,-0.465,4.000
-5.768,-0.476,4.000
-5.766,-0.499,4.000
-5.770,-0.522,4.000
-5.762,-0.544,4.000
-5.900,-0.581,4.000
-5.995,-0.614,4.000
-5.834,-0.621,4.000
-5.979,-0.660,4.000
-5.835,-0.667,4.000
-5.843,-0.691,4.000
-5.785,-0.707,4.000
-5.815,-0.734,4.000
-5.960,-0.776,4.000
-5.908,-0.793,4.000
-5.959,-0.824,4.000
-5.945,-0.846,4.000
-5.822,-0.851,4.000
-5.802,-0.872,4.000
-5.826,-0.899,4.000
-5.915,-0.936,4.000
-5.922,-0.961,4.000
-6.003,-0.999,4.000
-5.887,-1.003,4.000
-5.990,-1.045,4.000
-5.874,-1.048,4.000
-5.854,-1.068,4.000
-5.849,-1.091,4.000
-5.845,-1.114,4.000
-5.978,-1.164,4.000
-5.831,-1.159,4.000
-5.842,-1.185,4.000
-5.832,-1.207,4.000
-5.949,-1.256,4.000
-5.822,-1.253,4.000
-5.970,-1.309,4.000
-5.960,-1.331,4.000
-5.802,-1.320,4.000
-5.802,-1.344,4.000
-5.759,-1.358,4.000
-5.891,-1.414,4.000
-5.754,-1.405,4.000
-5.885,-1.461,4.000
-5.759,-1.454,4.000
-5.753,-1.476,4.000
-5.736,-1.496,4.000
-5.887,-1.560,4.000
-5.730,-1.543,4.000
-5.708,-1.561,4.000
-5.833,-1.619,4.000
-5.706,-1.608,4.000
-5.668,-1.622,4.000
-5.677,-1.649,4.000
-5.822,-1.715,4.000
-5.659,-1.691,4.000
-5.715,-1.733,4.000
-5.750,-1.768,4.000
-5.738,-1.789,4.000
-5.731,-1.811,4.000
-5.687,-1.822,4.000
-5.701,-1.851,4.000
-5.699,-1.875,4.000
-5.813,-1.938,4.000
-5.689,-1.922,4.000
-5.798,-1.984,4.000
-5.679,-1.968,4.000
-5.656,-1.985,4.000
-5.648,-2.007,4.000
-5.650,-2.033,4.000
-5.652,-2.059,4.000
-5.759,-2.124,4.000
-5.631,-2.101,4.000
-5.617,-2.122,4.000
-5.589,-2.136,4.000
-5.601,-2.166,4.000
-5.692,-2.227,4.000
-5.634,-2.229,4.000
-5.625,-2.251,4.000
-5.611,-2.272,4.000
-5.814,-2.380,4.000
-5.608,-2.322,4.000
-5.710,-2.390,4.000
-5.599,-2.370,4.000
-5.595,-2.394,4.000
-5.710,-2.470,4.000
-5.556,-2.429,4.000
-5.686,-2.512,4.000
-5.657,-2.526,4.000
-5.542,-2.501,4.000
-5.517,-2.516,4.000
-5.527,-2.547,4.000
-5.640,-2.626,4.000
-5.492,-2.583,4.000
-5.539,-2.632,4.000
-5.627,-2.701,4.000
-5.653,-2.741,4.000
-5.513,-2.699,4.000
-5.526,-2.733,4.000
-5.603,-2.798,4.000
-5.490,-2.769,4.000
-5.479,-2.790,4.000
-5.463,-2.809,4.000
-5.462,-2.836,4.000
-5.446,-2.855,4.000
-5.425,-2.871,4.000
-5.414,-2.892,4.000
-5.412,-2.919,4.000
-5.514,-3.001,4.000
-5.375,-2.953,4.000
-5.490,-3.045,4.000
-5.429,-3.039,4.000
-5.523,-3.120,4.000
-5.409,-3.084,4.000
-5.357,-3.082,4.000
-5.376,-3.121,4.000
-5.465,-3.201,4.000
-5.452,-3.223,4.000
-5.444,-3.246,4.000
-5.549,-3.339,4.000
-5.344,-3.244,4.000
-5.292,-3.241,4.000
-5.288,-3.267,4.000
-5.404,-3.368,4.000
-5.323,-3.347,4.000
-5.297,-3.360,4.000
-5.288,-3.383,4.000
-5.296,-3.418,4.000
-5.511,-3.587,4.000
-5.282,-3.467,4.000
-5.347,-3.540,4.000
-5.212,-3.481,4.000
-5.211,-3.510,4.000
-5.206,-3.536,4.000
-5.183,-3.550,4.000
-5.215,-3.602,4.000
-5.310,-3.699,4.000
-5.199,-3.652,4.000
-5.292,-3.749,4.000
-5.166,-3.689,4.000
-5.147,-3.707,4.000
-5.149,-3.739,4.000
-5.134,-3.759,4.000
-5.218,-3.852,4.000
-5.160,-3.840,4.000
-5.137,-3.855,4.000
-5.114,-3.869,4.000
-5.195,-3.962,4.000
-5.095,-3.918,4.000
-5.060,-3.923,4.000
-5.068,-3.961,4.000
-5.136,-4.046,4.000
-5.153,-4.093,4.000
-5.078,-4.066,4.000
-5.066,-4.088,4.000
-5.027,-4.090,4.000
-5.088,-4.173,4.000
-5.013,-4.145,4.000
-5.088,-4.240,4.000
-5.078,-4.266,4.000
-4.953,-4.194,4.000
-4.984,-4.254,4.000
-4.978,-4.283,4.000
-4.950,-4.293,4.000
-5.028,-4.395,4.000
-5.004,-4.409,4.000
-4.914,-4.364,4.000
-4.889,-4.376,4.000
-4.914,-4.433,4.000
-4.985,-4.533,4.000
-4.889,-4.481,4.000
-4.953,-4.575,4.000
-4.857,-4.523,4.000
-4.836,-4.539,4.000
-4.859,-4.596,4.000
-4.926,-4.696,4.000
-4.819,-4.630,4.000
-4.860,-4.706,4.000
-4.796,-4.681,4.000
-4.839,-4.760,4.000
-4.785,-4.744,4.000
-4.857,-4.854,4.000
-4.773,-4.807,4.000
-4.748,-4.819,4.000
-4.725,-4.835,4.000
-4.706,-4.853,4.000
-4.721,-4.907,4.000
-4.769,-4.995,4.000
-4.767,-5.033,4.000
-4.672,-4.972,4.000
-4.686,-5.026,4.000
-4.669,-5.047,4.000
-4.646,-5.062,4.000
-4.623,-5.077,4.000
-4.606,-5.099,4.000
-4.664,-5.203,4.000
-4.601,-5.174,4.000
-4.592,-5.205,4.000
-4.569,-5.219,4.000
-4.545,-5.234,4.000
-4.640,-5.385,4.000
-4.548,-5.321,4.000
-4.530,-5.342,4.000
-4.544,-5.402,4.000
-4.531,-5.429,4.000
-4.559,-5.507,4.000
-4.540,-5.528,4.000
-4.482,-5.501,4.000
-4.474,-5.535,4.000
-4.462,-5.565,4.000
-4.430,-5.570,4.000
-4.500,-5.704,4.000
-4.424,-5.652,4.000
-4.453,-5.736,4.000
-4.372,-5.677,4.000
-4.388,-5.745,4.000
-4.363,-5.759,4.000
-4.404,-5.861,4.000
-4.320,-5.797,4.000
-4.291,-5.804,4.000
-4.335,-5.913,4.000
-4.280,-5.885,4.000
-4.261,-5.909,4.000
-4.238,-5.925,4.000
-4.273,-6.024,4.000
-4.180,-5.942,4.000
-4.221,-6.051,4.000
-4.140,-5.985,4.000
-4.173,-6.084,4.000
-4.091,-6.014,4.000
-4.071,-6.036,4.000
-4.101,-6.132,4.000
-4.015,-6.055,4.000
-4.051,-6.161,4.000
-4.031,-6.183,4.000
-3.956,-6.121,4.000
-3.926,-6.127,4.000
-3.906,-6.149,4.000
-3.876,-6.154,4.000
-3.866,-6.193,4.000
-3.833,-6.195,4.000
-3.803,-6.200,4.000
-3.831,-6.300,4.000
-3.796,-6.299,4.000
-3.785,-6.337,4.000
-3.705,-6.259,4.000
-3.683,-6.276,4.000
-3.656,-6.287,4.000
-3.678,-6.382,4.000
-3.666,-6.420,4.000
-3.589,-6.344,4.000
-3.559,-6.348,4.000
-3.551,-6.392,4.000
-3.561,-6.470,4.000
-3.584,-6.573,4.000
-3.460,-6.406,4.000
-3.409,-6.371,4.000
-3.408,-6.430,4.000
-3.368,-6.415,4.000
-3.397,-6.532,4.000
-3.307,-6.420,4.000
-3.283,-6.437,4.000
-3.256,-6.446,4.000
-3.272,-6.539,4.000
-3.207,-6.475,4.000
-3.223,-6.572,4.000
-3.155,-6.496,4.000
-3.134,-6.519,4.000
-3.102,-6.517,4.000
-3.083,-6.544,4.000
-3.094,-6.634,4.000
-3.020,-6.542,4.000
-3.040,-6.654,4.000
-2.945,-6.514,4.000
-2.925,-6.537,4.000
-2.939,-6.640,4.000
-2.878,-6.571,4.000
-2.890,-6.670,4.000
-2.825,-6.590,4.000
-2.802,-6.608,4.000
-2.768,-6.600,4.000
-2.749,-6.626,4.000
-2.720,-6.629,4.000
-2.744,-6.765,4.000
-2.669,-6.654,4.000
-2.674,-6.743,4.000
-2.615,-6.671,4.000
-2.625,-6.774,4.000
-2.561,-6.688,4.000
-2.541,-6.713,4.000
-2.513,-6.719,4.000
-2.521,-6.822,4.000
-2.452,-6.716,4.000
-2.413,-6.691,4.000
-2.378,-6.677,4.000
-2.362,-6.713,4.000
-2.370,-6.822,4.000
-2.336,-6.812,4.000
-2.277,-6.725,4.000
-2.256,-6.750,4.000
-2.227,-6.751,4.000
-2.203,-6.767,4.000
-2.205,-6.864,4.000
-2.147,-6.776,4.000
-2.159,-6.908,4.000
-2.092,-6.785,4.000
-2.096,-6.894,4.000
-2.068,-6.902,4.000
-2.047,-6.930,4.000
-1.987,-6.825,4.000
-1.964,-6.845,4.000
-1.935,-6.845,4.000
-1.908,-6.852,4.000
-1.880,-6.856,4.000
-1.878,-6.957,4.000
-1.829,-6.882,4.000
-1.799,-6.877,4.000
-1.770,-6.876,4.000
-1.729,-6.831,4.000
-1.712,-6.874,4.000
-1.692,-6.909,4.000
-1.650,-6.855,4.000
-1.652,-6.985,4.000
-1.602,-6.892,4.000
-1.570,-6.878,4.000
-1.544,-6.888,4.000
-1.541,-7.002,4.000
-1.489,-6.896,4.000
-1.465,-6.918,4.000
-1.433,-6.899,4.000
-1.431,-7.029,4.000
-1.380,-6.914,4.000
-1.351,-6.912,4.000
-1.326,-6.929,4.000
-1.319,-7.039,4.000
-1.291,-7.044,4.000
-1.243,-6.936,4.000
-1.216,-6.945,4.000
-1.191,-6.962,4.000
-1.177,-7.044,4.000
-1.135,-6.963,4.000
-1.107,-6.963,4.000
-1.084,-6.992,4.000
-1.054,-6.980,4.000
-1.025,-6.976,4.000
-1.000,-6.996,4.000
-0.984,-7.081,4.000
-0.944,-6.996,4.000
-0.917,-7.003,4.000
-0.885,-6.974,4.000
-0.861,-6.998,4.000
-0.846,-7.107,4.000
-0.812,-7.062,4.000
-0.780,-7.024,4.000
-0.760,-7.097,4.000
-0.723,-7.009,4.000
-0.697,-7.029,4.000
-0.667,-7.011,4.000
-0.641,-7.030,4.000
-0.613,-7.028,4.000
-0.586,-7.035,4.000
-0.567,-7.143,4.000
-0.530,-7.027,4.000
-0.504,-7.049,4.000
-0.476,-7.047,4.000
-0.454,-7.135,4.000
-0.420,-7.038,4.000
-0.397,-7.130,4.000
-0.364,-7.041,4.000
-0.337,-7.038,4.000
-0.309,-7.040,4.000
-0.282,-7.057,4.000
-0.253,-7.021,4.000
-0.226,-7.047,4.000
-0.198,-7.044,4.000
-0.171,-7.061,4.000
-0.143,-7.041,4.000
-0.116,-7.054,4.000
-0.089,-7.149,4.000
-0.060,-7.017,4.000
-0.033,-7.092,4.000
-0.005,-6.992,4.000
0.023,-7.046,4.000
0.051,-7.042,4.000
0.078,-7.000,4.000
0.107,-7.095,4.000
0.133,-7.012,4.000
0.160,-7.003,4.000
0.188,-7.027,4.000
0.216,-7.014,4.000
0.246,-7.108,4.000
0.270,-6.995,4.000
0.303,-7.114,4.000
0.324,-6.980,4.000
0.358,-7.095,4.000
0.380,-6.990,4.000
0.407,-6.993,4.000
0.437,-7.020,4.000
0.468,-7.081,4.000
0.489,-6.970,4.000
0.525,-7.089,4.000
0.544,-6.975,4.000
0.572,-6.985,4.000
0.608,-7.074,4.000
0.626,-6.972,4.000
0.654,-6.970,4.000
0.681,-6.967,4.000
0.719,-7.064,4.000
0.737,-6.970,4.000
0.777,-7.087,4.000
0.790,-6.956,4.000
0.815,-6.927,4.000
0.844,-6.941,4.000
0.873,-6.950,4.000
0.913,-7.046,4.000
0.926,-6.934,4.000
0.966,-7.022,4.000
0.982,-6.940,4.000
1.008,-6.927,4.000
1.036,-6.927,4.000
1.079,-7.022,4.000
1.091,-6.923,4.000
1.135,-7.022,4.000
1.144,-6.906,4.000
1.171,-6.897,4.000
1.199,-6.901,4.000
1.252,-7.039,4.000
1.252,-6.883,4.000
1.310,-7.045,4.000
1.307,-6.881,4.000
1.335,-6.880,4.000
1.392,-7.025,4.000
1.397,-6.907,4.000
1.422,-6.893,4.000
1.452,-6.904,4.000
1.497,-6.978,4.000
1.507,-6.896,4.000
1.559,-7.002,4.000
1.561,-6.880,4.000
1.611,-6.974,4.000
1.615,-6.868,4.000
1.646,-6.881,4.000
1.693,-6.954,4.000
1.695,-6.848,4.000
1.746,-6.937,4.000
1.746,-6.822,4.000
1.776,-6.828,4.000
1.804,-6.825,4.000
1.832,-6.822,4.000
1.857,-6.810,4.000
1.884,-6.803,4.000
1.912,-6.799,4.000
1.935,-6.780,4.000
1.962,-6.772,4.000
2.032,-6.913,4.000
2.030,-6.808,4.000
2.095,-6.928,4.000
2.085,-6.796,4.000
2.110,-6.784,4.000
2.139,-6.783,4.000
2.166,-6.775,4.000
2.225,-6.866,4.000
2.219,-6.758,4.000
2.277,-6.845,4.000
2.271,-6.736,4.000
2.300,-6.735,4.000
2.322,-6.714,4.000
2.348,-6.705,4.000
2.373,-6.692,4.000
2.404,-6.694,4.000
2.431,-6.689,4.000
2.505,-6.807,4.000
2.538,-6.816,4.000
2.560,-6.791,4.000
2.554,-6.695,4.000
2.583,-6.693,4.000
2.610,-6.686,4.000
2.670,-6.761,4.000
2.660,-6.658,4.000
2.686,-6.647,4.000
2.711,-6.633,4.000
2.733,-6.615,4.000
2.766,-6.619,4.000
2.793,-6.612,4.000
2.853,-6.681,4.000
2.845,-6.590,4.000
2.909,-6.666,4.000
2.910,-6.597,4.000
2.979,-6.682,4.000
2.968,-6.588,4.000
2.992,-6.573,4.000
3.016,-6.557,4.000
3.091,-6.652,4.000
3.066,-6.530,4.000
3.137,-6.614,4.000
3.119,-6.509,4.000
3.190,-6.592,4.000
3.196,-6.538,4.000
3.192,-6.465,4.000
3.295,-6.609,4.000
3.272,-6.500,4.000
3.305,-6.501,4.000
3.323,-6.474,4.000
3.384,-6.530,4.000
3.378,-6.454,4.000
3.399,-6.434,4.000
3.428,-6.428,4.000
3.492,-6.486,4.000
3.450,-6.349,4.000
3.524,-6.424,4.000
3.504,-6.328,4.000
3.502,-6.266,4.000
3.524,-6.248,4.000
3.592,-6.311,4.000
3.569,-6.213,4.000
3.610,-6.227,4.000
3.591,-6.140,4.000
3.592,-6.086,4.000
3.616,-6.072,4.000
3.607,-6.004,4.000
3.631,-5.990,4.000
3.626,-5.929,4.000
3.649,-5.914,4.000
3.719,-5.975,4.000
3.644,-5.805,4.000
3.669,-5.794,4.000
3.666,-5.739,4.000
3.746,-5.813,4.000
3.711,-5.710,4.000
3.777,-5.761,4.000
3.731,-5.643,4.000
3.751,-5.625,4.000
3.795,-5.643,4.000
3.759,-5.542,4.000
3.842,-5.617,4.000
3.766,-5.460,4.000
3.798,-5.460,4.000
3.867,-5.513,4.000
3.833,-5.419,4.000
3.915,-5.489,4.000
3.880,-5.396,4.000
3.893,-5.369,4.000
3.903,-5.339,4.000
3.998,-5.424,4.000
3.940,-5.301,4.000
4.040,-5.392,4.000
3.998,-5.292,4.000
4.022,-5.280,4.000
4.031,-5.249,4.000
4.057,-5.241,4.000
4.078,-5.225,4.000
4.158,-5.285,4.000
4.119,-5.193,4.000
4.213,-5.270,4.000
4.156,-5.157,4.000
4.171,-5.133,4.000
4.161,-5.080,4.000
4.172,-5.053,4.000
4.195,-5.040,4.000
4.208,-5.016,4.000
4.240,-5.014,4.000
4.329,-5.079,4.000
4.267,-4.966,4.000
4.296,-4.960,4.000
4.322,-4.951,4.000
4.338,-4.930,4.000
4.357,-4.913,4.000
4.451,-4.979,4.000
4.392,-4.875,4.000
4.408,-4.854,4.000
4.382,-4.788,4.000
4.522,-4.902,4.000
4.478,-4.816,4.000
4.558,-4.863,4.000
4.470,-4.732,4.000
4.564,-4.793,4.000
4.507,-4.697,4.000
4.529,-4.683,4.000
4.537,-4.655,4.000
4.674,-4.758,4.000
4.546,-4.591,4.000
4.669,-4.678,4.000
4.613,-4.586,4.000
4.576,-4.514,4.000
4.632,-4.533,4.000
4.735,-4.598,4.000
4.657,-4.486,4.000
4.646,-4.441,4.000
4.667,-4.426,4.000
4.709,-4.431,4.000
4.694,-4.383,4.000
4.712,-4.364,4.000
4.732,-4.349,4.000
4.824,-4.399,4.000
4.781,-4.325,4.000
4.869,-4.370,4.000
4.897,-4.361,4.000
4.831,-4.268,4.000
4.830,-4.233,4.000
4.850,-4.217,4.000
4.852,-4.186,4.000
4.875,-4.173,4.000
4.839,-4.109,4.000
4.859,-4.093,4.000
4.879,-4.077,4.000
4.918,-4.077,4.000
4.934,-4.058,4.000
4.926,-4.019,4.000
4.946,-4.003,4.000
4.954,-3.977,4.000
4.950,-3.942,4.000
5.001,-3.951,4.000
5.004,-3.922,4.000
5.028,-3.908,4.000
5.027,-3.876,4.000
5.151,-3.940,4.000
5.061,-3.840,4.000
5.186,-3.903,4.000
5.194,-3.876,4.000
5.197,-3.847,4.000
5.224,-3.835,4.000
5.132,-3.737,4.000
5.206,-3.760,4.000
5.169,-3.702,4.000
5.167,-3.670,4.000
5.136,-3.618,4.000
5.150,-3.598,4.000
5.169,-3.581,4.000
5.298,-3.639,4.000
5.192,-3.537,4.000
5.322,-3.595,4.000
5.228,-3.502,4.000
5.238,-3.479,4.000
5.256,-3.461,4.000
5.386,-3.516,4.000
5.270,-3.411,4.000
5.300,-3.401,4.000
5.406,-3.439,4.000
5.323,-3.357,4.000
5.336,-3.336,4.000
5.336,-3.307,4.000
5.455,-3.351,4.000
5.481,-3.338,4.000
5.375,-3.244,4.000
5.409,-3.236,4.000
5.413,-3.209,4.000
5.546,-3.259,4.000
5.533,-3.222,4.000
5.545,-3.200,4.000
5.396,-3.086,4.000
5.408,-3.065,4.000
5.591,-3.140,4.000
5.446,-3.030,4.000
5.542,-3.055,4.000
5.447,-2.975,4.000
5.463,-2.956,4.000
5.474,-2.934,4.000
5.490,-2.915,4.000
5.636,-2.964,4.000
5.577,-2.905,4.000
5.628,-2.904,4.000
5.540,-2.831,4.000
5.547,-2.807,4.000
5.666,-2.840,4.000
5.573,-2.765,4.000
5.698,-2.799,4.000
5.608,-2.728,4.000
5.624,-2.708,4.000
5.611,-2.675,4.000
5.750,-2.714,4.000
5.613,-2.622,4.000
5.581,-2.581,4.000
5.624,-2.574,4.000
5.672,-2.569,4.000
5.606,-2.513,4.000
5.611,-2.489,4.000
5.678,-2.492,4.000
5.659,-2.457,4.000
5.645,-2.424,4.000
5.669,-2.408,4.000
5.669,-2.382,4.000
5.673,-2.358,4.000
5.682,-2.335,4.000
5.806,-2.360,4.000
5.830,-2.343,4.000
5.675,-2.255,4.000
5.843,-2.295,4.000
5.712,-2.218,4.000
5.755,-2.208,4.000
5.764,-2.186,4.000
5.763,-2.160,4.000
5.873,-2.175,4.000
5.774,-2.112,4.000
5.899,-2.132,4.000
5.791,-2.067,4.000
5.794,-2.043,4.000
5.797,-2.018,4.000
5.942,-2.042,4.000
5.837,-1.981,4.000
5.835,-1.955,4.000
5.813,-1.922,4.000
5.860,-1.912,4.000
5.878,-1.892,4.000
5.978,-1.899,4.000
5.995,-1.878,4.000
5.875,-1.815,4.000
5.887,-1.794,4.000
5.998,-1.802,4.000
5.901,-1.747,4.000
6.113,-1.784,4.000
6.033,-1.735,4.000
5.901,-1.672,4.000
6.051,-1.689,4.000
6.048,-1.663,4.000
5.940,-1.608,4.000
5.941,-1.583,4.000
5.948,-1.560,4.000
5.969,-1.540,4.000
5.970,-1.516,4.000
5.981,-1.494,4.000
5.930,-1.456,4.000
6.097,-1.472,4.000
5.998,-1.423,4.000
5.978,-1.393,4.000
5.947,-1.362,4.000
6.125,-1.377,4.000
6.009,-1.326,4.000
5.989,-1.297,4.000
6.141,-1.305,4.000
6.019,-1.254,4.000
6.014,-1.229,4.000
6.019,-1.205,4.000
6.140,-1.204,4.000
6.165,-1.184,4.000
6.043,-1.136,4.000
6.189,-1.138,4.000
6.046,-1.088,4.000
6.066,-1.067,4.000
6.091,-1.046,4.000
6.074,-1.019,4.000
6.063,-0.993,4.000
6.214,-0.992,4.000
6.163,-0.959,4.000
6.064,-0.920,4.000
6.083,-0.898,4.000
6.081,-0.873,4.000
6.192,-0.865,4.000
6.072,-0.824,4.000
6.229,-0.820,4.000
6.212,-0.793,4.000
6.107,-0.755,4.000
6.243,-0.747,4.000
6.124,-0.708,4.000
6.090,-0.680,4.000
6.103,-0.658,4.000
6.121,-0.635,4.000
6.118,-0.611,4.000
6.131,-0.588,4.000
6.251,-0.574,4.000
6.243,-0.549,4.000
6.117,-0.514,4.000
6.242,-0.500,4.000
6.131,-0.466,4.000
6.164,-0.445,4.000
6.145,-0.419,4.000
6.115,-0.393,4.000
6.256,-0.377,4.000
6.139,-0.346,4.000
6.249,-0.328,4.000
6.275,-0.304,4.000
6.271,-0.279,4.000
6.242,-0.254,4.000
6.217,-0.228,4.000
6.124,-0.201,4.000
6.315,-0.182,4.000
6.219,-0.155,4.000
6.225,-0.131,4.000
6.205,-0.106,4.000
6.338,-0.083,4.000
6.318,-0.058,4.500
6.206,-0.033,4.500
6.237,-0.008,4.500
6.216,0.016,4.500
6.216,0.040,4.500
6.231,0.065,4.500
6.372,0.091,4.500
6.302,0.115,4.500
6.210,0.138,4.500
6.209,0.162,4.500
6.203,0.186,4.500
6.384,0.217,4.500
6.393,0.242,4.500
6.407,0.268,4.500
6.371,0.292,4.500
6.285,0.313,4.500
6.418,0.344,4.500
6.277,0.362,4.500
6.296,0.387,4.500
6.284,0.411,4.500
6.268,0.435,4.500
6.390,0.469,4.500
6.274,0.485,4.500
6.272,0.510,4.500
6.285,0.536,4.500
6.402,0.571,4.500
6.380,0.594,4.500
6.248,0.607,4.500
6.261,0.633,4.500
6.328,0.665,4.500
6.256,0.682,4.500
6.435,0.727,4.500
6.384,0.747,4.500
6.332,0.766,4.500
6.304,0.787,4.500
6.432,0.829,4.500
6.298,0.837,4.500
6.411,0.878,4.500
6.291,0.886,4.500
6.327,0.917,4.500
6.294,0.937,4.500
6.411,0.980,4.500
6.286,0.987,4.500
6.287,1.012,4.500
6.278,1.036,4.500
6.274,1.060,4.500
6.443,1.115,4.500
6.329,1.121,4.500
6.319,1.145,4.500
6.315,1.170,4.500
6.443,1.220,4.500
6.301,1.218,4.500
6.306,1.245,4.500
6.305,1.271,4.500
6.300,1.295,4.500
6.399,1.342,4.500
6.300,1.347,4.500
6.241,1.360,4.500
6.279,1.394,4.500
6.523,1.475,4.500
6.282,1.447,4.500
6.444,1.510,4.500
6.318,1.507,4.500
6.317,1.533,4.500
6.311,1.558,4.500
6.332,1.590,4.500
6.413,1.637,4.500
6.268,1.626,4.500
6.276,1.654,4.500
6.393,1.712,4.500
6.277,1.707,4.500
6.275,1.733,4.500
6.364,1.785,4.500
6.247,1.778,4.500
6.381,1.844,4.500
6.283,1.842,4.500
6.290,1.871,4.500
6.278,1.894,4.500
6.275,1.920,4.500
6.379,1.979,4.500
6.273,1.974,4.500
6.252,1.994,4.500
6.239,2.017,4.500
6.338,2.076,4.500
6.241,2.072,4.500
6.238,2.098,4.500
6.193,2.110,4.500
6.318,2.180,4.500
6.208,2.170,4.500
6.182,2.188,4.500
6.186,2.217,4.500
6.278,2.278,4.500
6.265,2.301,4.500
6.142,2.283,4.500
6.137,2.309,4.500
6.194,2.358,4.500
6.367,2.452,4.500
6.162,2.401,4.500
6.162,2.429,4.500
6.126,2.443,4.500
6.249,2.520,4.500
6.102,2.489,4.500
6.114,2.522,4.500
6.108,2.547,4.500
6.116,2.579,4.500
6.260,2.669,4.500
6.082,2.621,4.500
6.072,2.645,4.500
6.167,2.715,4.500
6.051,2.693,4.500
6.074,2.731,4.500
6.093,2.769,4.500
6.184,2.840,4.500
6.063,2.813,4.500
6.060,2.840,4.500
6.053,2.866,4.500
6.025,2.882,4.500
6.022,2.909,4.500
6.112,2.983,4.500
5.999,2.957,4.500
5.995,2.984,4.500
6.032,3.032,4.500
5.964,3.027,4.500
5.964,3.057,4.500
5.927,3.067,4.500
6.028,3.149,4.500
6.011,3.171,4.500
5.955,3.171,4.500
6.056,3.256,4.500
6.032,3.273,4.500
6.007,3.290,4.500
5.909,3.267,4.500
5.904,3.294,4.500
5.895,3.319,4.500
5.966,3.391,4.500
5.864,3.363,4.500
5.878,3.402,4.500
5.880,3.434,4.500
5.867,3.457,4.500
5.958,3.543,4.500
5.855,3.512,4.500
5.845,3.537,4.500
5.808,3.547,4.500
5.887,3.627,4.500
5.788,3.597,4.500
5.800,3.636,4.500
5.844,3.696,4.500
5.898,3.762,4.500
5.786,3.723,4.500
5.861,3.804,4.500
5.843,3.825,4.500
5.745,3.793,4.500
5.741,3.823,4.500
5.733,3.850,4.500
5.827,3.947,4.500
5.728,3.912,4.500
5.716,3.937,4.500
5.774,4.010,4.500
5.685,3.982,4.500
5.718,4.038,4.500
5.674,4.041,4.500
5.774,4.146,4.500
5.677,4.110,4.500
5.654,4.128,4.500
5.648,4.157,4.500
5.625,4.175,4.500
5.731,4.288,4.500
5.592,4.219,4.500
5.618,4.273,4.500
5.595,4.290,4.500
5.578,4.312,4.500
5.564,4.337,4.500
5.644,4.434,4.500
5.572,4.414,4.500
5.561,4.441,4.500
5.528,4.450,4.500
5.595,4.540,4.500
5.518,4.514,4.500
5.472,4.512,4.500
5.511,4.580,4.500
5.575,4.671,4.500
5.481,4.628,4.500
5.447,4.637,4.500
5.426,4.656,4.500
5.444,4.708,4.500
5.523,4.815,4.500
5.422,4.764,4.500
5.485,4.858,4.500
5.390,4.812,4.500
5.415,4.873,4.500
5.393,4.891,4.500
5.397,4.933,4.500
5.431,5.004,4.500
5.332,4.952,4.500
5.422,5.075,4.500
5.333,5.031,4.500
5.313,5.052,4.500
5.299,5.078,4.500
5.262,5.082,4.500
5.354,5.212,4.500
5.339,5.238,4.500
5.259,5.201,4.500
5.236,5.219,4.500
5.242,5.266,4.500
5.222,5.286,4.500
5.261,5.368,4.500
5.209,5.357,4.500
5.198,5.388,4.500
5.189,5.421,4.500
5.221,5.497,4.500
5.196,5.515,4.500
5.153,5.512,4.500
5.126,5.526,4.500
5.104,5.546,4.500
5.148,5.638,4.500
5.053,5.578,4.500
5.096,5.670,4.500
4.999,5.607,4.500
5.002,5.654,4.500
4.972,5.665,4.500
4.933,5.665,4.500
4.892,5.662,4.500
4.888,5.704,4.500
4.918,5.784,4.500
4.827,5.722,4.500
4.797,5.733,4.500
4.845,5.836,4.500
4.762,5.782,4.500
4.746,5.809,4.500
4.716,5.819,4.500
4.695,5.840,4.500
4.711,5.907,4.500
4.652,5.880,4.500
4.680,5.964,4.500
4.596,5.904,4.500
4.557,5.902,4.500
4.532,5.917,4.500
4.560,6.002,4.500
4.476,5.940,4.500
4.457,5.964,4.500
4.432,5.978,4.500
4.454,6.058,4.500
4.417,6.058,4.500
4.383,6.060,4.500
4.416,6.157,4.500
4.342,6.103,4.500
4.370,6.195,4.500
4.291,6.134,4.500
4.250,6.127,4.500
4.228,6.146,4.500
4.221,6.187,4.500
4.170,6.164,4.500
4.139,6.171,4.500
4.123,6.200,4.500
4.153,6.299,4.500
4.072,6.229,4.500
4.078,6.291,4.500
3.993,6.213,4.500
4.007,6.289,4.500
3.942,6.241,4.500
3.963,6.329,4.500
3.889,6.265,4.500
3.870,6.290,4.500
3.845,6.305,4.500
3.814,6.310,4.500
3.766,6.286,4.500
3.753,6.320,4.500
3.771,6.407,4.500
3.701,6.346,4.500
3.718,6.433,4.500
3.642,6.358,4.500
3.619,6.376,4.500
3.639,6.470,4.500
3.567,6.401,4.500
3.542,6.415,4.500
3.494,6.388,4.500
3.473,6.408,4.500
3.434,6.398,4.500
3.424,6.439,4.500
3.440,6.531,4.500
3.413,6.541,4.500
3.348,6.479,4.500
3.315,6.478,4.500
3.337,6.584,4.500
3.264,6.504,4.500
3.312,6.664,4.500
3.215,6.533,4.500
3.188,6.542,4.500
3.191,6.614,4.500
3.116,6.524,4.500
3.097,6.550,4.500
3.063,6.544,4.500
3.037,6.556,4.500
3.062,6.678,4.500
2.987,6.584,4.500
2.956,6.584,4.500
2.935,6.607,4.500
2.914,6.629,4.500
2.879,6.619,4.500
2.896,6.731,4.500
2.831,6.652,4.500
2.808,6.671,4.500
2.818,6.768,4.500
2.753,6.685,4.500
2.727,6.696,4.500
2.675,6.643,4.500
2.650,6.657,4.500
2.624,6.668,4.500
2.601,6.686,4.500
2.612,6.792,4.500
2.542,6.691,4.500
2.575,6.856,4.500
2.493,6.718,4.500
2.463,6.720,4.500
2.443,6.745,4.500
2.411,6.739,4.500
2.420,6.850,4.500
2.359,6.762,4.500
2.335,6.779,4.500
2.307,6.784,4.500
2.278,6.785,4.500
2.288,6.904,4.500
2.226,6.807,4.500
2.208,6.842,4.500
2.181,6.851,4.500
2.165,6.894,4.500
2.107,6.802,4.500
2.078,6.802,4.500
2.067,6.865,4.500
2.021,6.807,4.500
2.001,6.838,4.500
2.000,6.935,4.500
1.972,6.943,4.500
1.945,6.951,4.500
1.890,6.857,4.500
1.863,6.864,4.500
1.835,6.868,4.500
1.836,6.980,4.500
1.805,6.976,4.500
1.783,7.002,4.500
1.725,6.888,4.500
1.693,6.874,4.500
1.683,6.953,4.500
1.636,6.875,4.500
1.630,6.973,4.500
1.579,6.876,4.500
1.554,6.890,4.500
1.547,6.988,4.500
1.497,6.890,4.500
1.471,6.900,4.500
1.443,6.901,4.500
1.420,6.927,4.500
1.410,7.017,4.500
1.363,6.922,4.500
1.336,6.931,4.500
1.306,6.920,4.500
1.300,7.042,4.500
1.254,6.943,4.500
1.226,6.943,4.500
1.200,6.956,4.500
1.187,7.046,4.500
1.146,6.970,4.500
1.133,7.063,4.500
1.086,6.945,4.500
1.054,6.920,4.500
1.045,7.044,4.500
0.998,6.916,4.500
0.972,6.928,4.500
0.946,6.940,4.500
0.932,7.043,4.500
0.891,6.943,4.500
0.864,6.951,4.500
0.834,6.933,4.500
0.820,7.045,4.500
0.794,7.068,4.500
0.755,6.959,4.500
0.725,6.946,4.500
0.693,6.897,4.500
0.677,7.018,4.500
0.638,6.898,4.500
0.613,6.914,4.500
0.585,6.916,4.500
0.569,7.057,4.500
0.531,6.916,4.500
0.511,7.024,4.500
0.476,6.916,4.500
0.456,7.019,4.500
0.422,6.928,4.500
0.395,6.925,4.500
0.373,7.020,4.500
0.340,6.924,4.500
0.314,6.934,4.500
0.286,6.930,4.500
0.263,7.029,4.500
0.235,7.026,4.500
0.205,6.933,4.500
0.177,6.925,4.500
0.150,6.930,4.500
0.123,6.935,4.500
0.097,7.029,4.500
0.068,6.932,4.500
0.041,6.936,4.500
0.014,6.941,4.500
-0.013,7.038,4.500
-0.041,6.941,4.500
-0.068,6.923,4.500
-0.096,7.042,4.500
-0.122,6.927,4.500
-0.151,7.028,4.500
-0.179,7.036,4.500
-0.204,6.946,4.500
-0.231,6.937,4.500
-0.263,7.046,4.500
-0.286,6.943,4.500
-0.317,7.023,4.500
-0.340,6.941,4.500
-0.372,7.028,4.500
-0.394,6.925,4.500
-0.422,6.941,4.500
-0.448,6.918,4.500
-0.475,6.911,4.500
-0.510,7.011,4.500
-0.538,7.013,4.500
-0.558,6.918,4.500
-0.593,7.009,4.500
-0.611,6.909,4.500
-0.640,6.920,4.500
-0.667,6.921,4.500
-0.693,6.906,4.500
-0.740,7.095,4.500
-0.751,6.934,4.500
-0.778,6.927,4.500
-0.808,6.953,4.500
-0.832,6.917,4.500
-0.878,7.067,4.500
-0.891,6.948,4.500
-0.916,6.927,4.500
-0.945,6.936,4.500
-0.986,7.036,4.500
-1.013,7.028,4.500
-1.028,6.937,4.500
-1.054,6.921,4.500
-1.095,7.007,4.500
-1.107,6.908,4.500
-1.153,7.014,4.500
-1.162,6.903,4.500
-1.189,6.899,4.500
-1.215,6.890,4.500
-1.241,6.876,4.500
-1.289,6.986,4.500
-1.293,6.858,4.500
-1.325,6.878,4.500
-1.363,6.930,4.500
-1.379,6.867,4.500
-1.427,6.964,4.500
-1.432,6.852,4.500
-1.469,6.892,4.500
-1.518,6.990,4.500
-1.526,6.896,4.500
-1.552,6.886,4.500
-1.586,6.908,4.500
-1.603,6.858,4.500
-1.636,6.880,4.500
-1.660,6.861,4.500
-1.686,6.850,4.500
-1.712,6.840,4.500
-1.767,6.944,4.500
-1.772,6.850,4.500
-1.794,6.823,4.500
-1.819,6.812,4.500
-1.875,6.912,4.500
-1.873,6.797,4.500
-1.898,6.786,4.500
-1.957,6.893,4.500
-1.955,6.783,4.500
-2.010,6.874,4.500
-2.008,6.767,4.500
-2.036,6.763,4.500
-2.045,6.699,4.500
-2.102,6.791,4.500
-2.103,6.699,4.500
-2.123,6.671,4.500
-2.159,6.694,4.500
-2.154,6.589,4.500
-2.184,6.593,4.500
-2.207,6.576,4.500
-2.248,6.612,4.500
-2.237,6.497,4.500
-2.251,6.455,4.500
-2.265,6.413,4.500
-2.273,6.357,4.500
-2.298,6.348,4.500
-2.342,6.390,4.500
-2.302,6.205,4.500
-2.376,6.329,4.500
-2.329,6.130,4.500
-2.337,6.081,4.500
-2.352,6.049,4.500
-2.394,6.084,4.500
-2.367,5.949,4.500
-2.380,5.912,4.500
-2.442,5.998,4.500
-2.390,5.805,4.500
-2.403,5.772,4.500
-2.447,5.814,4.500
-2.405,5.653,4.500
-2.405,5.590,4.500
-2.479,5.701,4.500
-2.416,5.497,4.500
-2.418,5.443,4.500
-2.441,5.438,4.500
-2.421,5.338,4.500
-2.515,5.488,4.500
-2.425,5.237,4.500
-2.455,5.248,4.500
-2.441,5.165,4.500
-2.518,5.274,4.500
-2.489,5.162,4.500
-2.557,5.249,4.500
-2.527,5.137,4.500
-2.532,5.096,4.500
-2.560,5.101,4.500
-2.639,5.208,4.500
-2.579,5.039,4.500
-2.622,5.076,4.500
-2.604,4.993,4.500
-2.643,5.019,4.500
-2.720,5.116,4.500
-2.655,4.946,4.500
-2.727,5.034,4.500
-2.705,4.946,4.500
-2.721,4.930,4.500
-2.783,4.996,4.500
-2.867,5.099,4.500
-2.814,4.959,4.500
-2.836,4.953,4.500
-2.902,5.021,4.500
-2.904,4.980,4.500
-2.894,4.919,4.500
-2.908,4.898,4.500
-2.945,4.916,4.500
-2.970,4.914,4.500
-2.947,4.833,4.500
-2.990,4.861,4.500
-3.006,4.845,4.500
-3.107,4.964,4.500
-3.038,4.811,4.500
-3.072,4.824,4.500
-3.069,4.777,4.500
-3.191,4.924,4.500
-3.129,4.787,4.500
-3.189,4.837,4.500
-3.150,4.738,4.500
-3.140,4.682,4.500
-3.194,4.723,4.500
-3.296,4.833,4.500
-3.231,4.698,4.500
-3.337,4.812,4.500
-3.278,4.686,4.500
-3.296,4.674,4.500
-3.394,4.772,4.500
-3.350,4.671,4.500
-3.348,4.630,4.500
-3.400,4.663,4.500
-3.380,4.599,4.500
-3.398,4.585,4.500
-3.416,4.572,4.500
-3.396,4.507,4.500
-3.535,4.654,4.500
-3.495,4.564,4.500
-3.568,4.622,4.500
-3.459,4.444,4.500
-3.498,4.458,4.500
-3.551,4.490,4.500
-3.562,4.467,4.500
-3.619,4.502,4.500
-3.593,4.434,4.500
-3.562,4.361,4.500
-3.646,4.428,4.500
-3.664,4.414,4.500
-3.674,4.391,4.500
-3.627,4.300,4.500
-3.663,4.308,4.500
-3.702,4.321,4.500
-3.831,4.436,4.500
-3.686,4.234,4.500
-3.730,4.250,4.500
-3.735,4.223,4.500
-3.798,4.260,4.500
-3.853,4.288,4.500
-3.780,4.174,4.500
-3.933,4.308,4.500
-3.841,4.174,4.500
-3.833,4.133,4.500
-3.933,4.208,4.500
-3.878,4.116,4.500
-3.882,4.088,4.500
-3.881,4.056,4.500
-4.010,4.158,4.500
-3.933,4.046,4.500
-3.978,4.060,4.500
-3.961,4.011,4.500
-4.063,4.082,4.500
-3.984,3.971,4.500
-4.066,4.022,4.500
-4.078,4.002,4.500
-4.047,3.941,4.500
-4.138,3.998,4.500
-4.078,3.909,4.500
-4.081,3.881,4.500
-4.214,3.976,4.500
-4.158,3.893,4.500
-4.228,3.927,4.500
-4.137,3.812,4.500
-4.152,3.796,4.500
-4.333,3.931,4.500
-4.199,3.779,4.500
-4.187,3.739,4.500
-4.315,3.823,4.500
-4.221,3.710,4.500
-4.240,3.697,4.500
-4.245,3.673,4.500
-4.246,3.644,4.500
-4.283,3.647,4.500
-4.297,3.630,4.500
-4.397,3.684,4.500
-4.477,3.722,4.500
-4.354,3.590,4.500
-4.354,3.562,4.500
-4.363,3.541,4.500
-4.368,3.517,4.500
-4.405,3.518,4.500
-4.419,3.501,4.500
-4.428,3.480,4.500
-4.427,3.451,4.500
-4.561,3.527,4.500
-4.468,3.427,4.500
-4.486,3.413,4.500
-4.486,3.385,4.500
-4.508,3.374,4.500
-4.531,3.364,4.500
-4.539,3.342,4.500
-4.548,3.321,4.500
-4.542,3.289,4.500
-4.692,3.370,4.500
-4.582,3.264,4.500
-4.590,3.242,4.500
-4.602,3.224,4.500
-4.620,3.210,4.500
-4.752,3.274,4.500
-4.640,3.170,4.500
-4.783,3.240,4.500
-4.665,3.133,4.500
-4.765,3.173,4.500
-4.709,3.110,4.500
-4.686,3.068,4.500
-4.728,3.069,4.500
-4.824,3.104,4.500
-4.732,3.019,4.500
-4.759,3.010,4.500
-4.821,3.023,4.500
-4.778,2.970,4.500
-4.784,2.948,4.500
-4.811,2.938,4.500
-4.812,2.913,4.500
-5.040,3.024,4.500
-4.825,2.869,4.500
-4.815,2.838,4.500
-4.868,2.843,4.500
-4.874,2.821,4.500
-5.011,2.874,4.500
-4.896,2.783,4.500
-4.896,2.758,4.500
-4.917,2.744,4.500
-4.923,2.722,4.500
-4.939,2.706,4.500
-4.934,2.678,4.500
-5.088,2.736,4.500
-4.970,2.647,4.500
-4.885,2.578,4.500
-4.980,2.603,4.500
-5.053,2.616,4.500
-5.063,2.596,4.500
-4.952,2.514,4.500
-4.957,2.492,4.500
-5.099,2.539,4.500
-5.098,2.513,4.500
-4.980,2.431,4.500
-5.011,2.422,4.500
-4.999,2.392,4.500
-5.008,2.372,4.500
-5.152,2.415,4.500
-5.043,2.340,4.500
-5.036,2.313,4.500
-5.061,2.301,4.500
-5.070,2.281,4.500
-5.063,2.253,4.500
-5.077,2.236,4.500
-5.086,2.216,4.500
-5.100,2.198,4.500
-5.277,2.250,4.500
-5.106,2.154,4.500
-5.126,2.138,4.500
-5.128,2.116,4.500
-5.126,2.091,4.500
-5.271,2.126,4.500
-5.252,2.095,4.500
-5.144,2.028,4.500
-5.158,2.010,4.500
-5.182,1.997,4.500
-5.185,1.974,4.500
-5.331,2.006,4.500
-5.194,1.931,4.500
-5.346,1.964,4.500
-5.215,1.892,4.500
-5.228,1.874,4.500
-5.413,1.916,4.500
-5.293,1.851,4.500
-5.367,1.853,4.500
-5.375,1.832,4.500
-5.442,1.831,4.500
-5.242,1.741,4.500
-5.351,1.754,4.500
-5.496,1.777,4.500
-5.268,1.681,4.500
-5.298,1.667,4.500
-5.417,1.682,4.500
-5.385,1.648,4.500
-5.357,1.617,4.500
-5.520,1.643,4.500
-5.398,1.583,4.500
-5.555,1.606,4.500
-5.341,1.521,4.500
-5.467,1.534,4.500
-5.524,1.526,4.500
-5.439,1.480,4.500
-5.434,1.456,4.500
-5.597,1.476,4.500
-5.445,1.413,4.500
-5.468,1.396,4.500
-5.450,1.369,4.500
-5.597,1.382,4.500
-5.489,1.333,4.500
-5.495,1.311,4.500
-5.607,1.315,4.500
-5.482,1.263,4.500
-5.487,1.241,4.500
-5.474,1.216,4.500
-5.514,1.202,4.500
-5.495,1.175,4.500
-5.523,1.159,4.500
-5.516,1.135,4.500
-5.514,1.112,4.500
-5.513,1.089,4.500
-5.552,1.074,4.500
-5.515,1.045,4.500
-5.566,1.031,4.500
-5.695,1.032,4.500
-5.527,0.980,4.500
-5.681,0.984,4.500
-5.713,0.966,4.500
-5.527,0.912,4.500
-5.565,0.896,4.500
-5.569,0.875,4.500
-5.566,0.852,4.500
-5.558,0.828,4.500
-5.722,0.830,4.500
-5.547,0.782,4.500
-5.602,0.767,4.500
-5.715,0.760,4.500
-5.567,0.718,4.500
-5.738,0.717,4.500
-5.596,0.677,4.500
-5.743,0.672,4.500
-5.601,0.633,4.500
-5.674,0.619,4.500
-5.733,0.603,4.500
-5.673,0.574,4.500
-5.686,0.553,4.500
-5.700,0.531,4.500
-5.627,0.502,4.500
-5.812,0.496,4.500
-5.694,0.463,4.500
-5.850,0.453,4.500
-5.692,0.418,4.500
-5.694,0.396,4.500
-5.821,0.382,4.500
-5.708,0.352,4.500
-5.698,0.329,4.500
-5.853,0.315,4.500
-5.837,0.291,4.500
-5.725,0.263,4.500
-5.851,0.245,4.500
-5.726,0.218,4.500
-5.727,0.195,4.500
-5.842,0.176,4.500
-5.843,0.153,4.500
-5.871,0.131,4.500
-5.724,0.105,4.500
-5.724,0.083,4.500
-5.939,0.063,4.500
-5.719,0.038,4.500
-5.690,0.015,4.500
-5.788,-0.007,4.500
-5.816,-0.030,4.500
-5.776,-0.053,4.500
-5.928,-0.077,4.500
-5.793,-0.098,4.500
-5.815,-0.121,4.500
-5.786,-0.144,4.500
-5.791,-0.166,4.500
-5.791,-0.189,4.500
-5.773,-0.211,4.500
-5.778,-0.234,4.500
-5.917,-0.263,4.500
-5.781,-0.280,4.500
-5.791,-0.303,4.500
-5.807,-0.327,4.500
-5.766,-0.347,4.500
-5.759,-0.369,4.500
-5.920,-0.403,4.500
-5.779,-0.416,4.500
-5.777,-0.439,4.500
-5.764,-0.461,4.500
-5.978,-0.501,4.500
-5.987,-0.526,4.500
-5.859,-0.538,4.500
-5.824,-0.558,4.500
-5.981,-0.596,4.500
-5.830,-0.604,4.500
-5.856,-0.630,4.500
-5.957,-0.665,4.500
-5.949,-0.688,4.500
-5.831,-0.697,4.500
-5.970,-0.738,4.500
-5.962,-0.760,4.500
-5.872,-0.772,4.500
-5.803,-0.786,4.500
-5.969,-0.833,4.500
-5.819,-0.835,4.500
-5.887,-0.868,4.500
-5.905,-0.895,4.500
-5.896,-0.917,4.500
-5.898,-0.941,4.500
-6.021,-0.985,4.500
-6.012,-1.008,4.500
-6.024,-1.034,4.500
-5.855,-1.029,4.500
-5.851,-1.052,4.500
-5.980,-1.099,4.500
-5.848,-1.099,4.500
-5.833,-1.120,4.500
-5.834,-1.144,4.500
-5.835,-1.168,4.500
-5.819,-1.188,4.500
-5.825,-1.213,4.500
-5.826,-1.237,4.500
-5.932,-1.284,4.500
-5.778,-1.275,4.500
-5.922,-1.331,4.500
-5.885,-1.347,4.500
-5.768,-1.344,4.500
-5.988,-1.420,4.500
-5.768,-1.392,4.500
-5.736,-1.408,4.500
-5.889,-1.470,4.500
-5.746,-1.458,4.500
-5.735,-1.479,4.500
-5.750,-1.508,4.500
-5.718,-1.523,4.500
-5.733,-1.551,4.500
-5.821,-1.600,4.500
-5.689,-1.587,4.500
-5.714,-1.619,4.500
-5.833,-1.677,4.500
-5.759,-1.680,4.500
-5.737,-1.698,4.500
-5.751,-1.727,4.500
-5.744,-1.750,4.500
-5.727,-1.769,4.500
-5.833,-1.827,4.500
-5.697,-1.809,4.500
-5.706,-1.836,4.500
-5.683,-1.853,4.500
-5.707,-1.886,4.500
-5.684,-1.903,4.500
-5.692,-1.931,4.500
-5.689,-1.955,4.500
-5.687,-1.979,4.500
-5.784,-2.038,4.500
-5.661,-2.020,4.500
-5.648,-2.040,4.500
-5.604,-2.049,4.500
-5.742,-2.125,4.500
-5.633,-2.110,4.500
-5.635,-2.136,4.500
-5.794,-2.223,4.500
-5.668,-2.200,4.500
-5.649,-2.218,4.500
-5.792,-2.300,4.500
-5.637,-2.265,4.500
-5.633,-2.289,4.500
-5.687,-2.337,4.500
-5.736,-2.383,4.500
-5.605,-2.355,4.500
-5.601,-2.379,4.500
-5.582,-2.397,4.500
-5.582,-2.423,4.500
-5.669,-2.487,4.500
-5.558,-2.464,4.500
-5.668,-2.540,4.500
-5.644,-2.556,4.500
-5.591,-2.558,4.500
-5.548,-2.565,4.500
-5.706,-2.665,4.500
-5.575,-2.631,4.500
-5.555,-2.648,4.500
-5.647,-2.719,4.500
-5.529,-2.689,4.500
-5.514,-2.709,4.500
-5.513,-2.735,4.500
-5.604,-2.807,4.500
-5.588,-2.827,4.500
-5.503,-2.811,4.500
-5.455,-2.814,4.500
-5.477,-2.852,4.500
-5.442,-2.861,4.500
-5.468,-2.902,4.500
-5.595,-2.998,4.500
-5.399,-2.920,4.500
-5.456,-2.979,4.500
-5.449,-3.003,4.500
-5.441,-3.027,4.500
-5.425,-3.045,4.500
-5.409,-3.064,4.500
-5.392,-3.083,4.500
-5.366,-3.096,4.500
-5.464,-3.181,4.500
-5.342,-3.138,4.500
-5.343,-3.167,4.500
-5.431,-3.248,4.500
-5.309,-3.204,4.500
-5.332,-3.246,4.500
-5.464,-3.356,4.500
-5.517,-3.418,4.500
-5.336,-3.335,4.500
-5.323,-3.356,4.500
-5.323,-3.385,4.500
-5.288,-3.393,4.500
-5.283,-3.419,4.500
-5.282,-3.448,4.500
-5.256,-3.460,4.500
-5.238,-3.478,4.500
-5.225,-3.499,4.500
-5.375,-3.630,4.500
-5.259,-3.582,4.500
-5.225,-3.588,4.500
-5.336,-3.695,4.500
-5.313,-3.711,4.500
-5.186,-3.652,4.500
-5.292,-3.758,4.500
-5.265,-3.770,4.500
-5.171,-3.734,4.500
-5.204,-3.789,4.500
-5.271,-3.869,4.500
-5.252,-3.887,4.500
-5.255,-3.922,4.500
-5.140,-3.867,4.500
-5.113,-3.878,4.500
-5.117,-3.913,4.500
-5.098,-3.930,4.500
-5.244,-4.076,4.500
-5.135,-4.024,4.500
-5.089,-4.020,4.500
-5.166,-4.114,4.500
-5.065,-4.066,4.500
-5.045,-4.083,4.500
-5.055,-4.124,4.500
-5.072,-4.171,4.500
-5.048,-4.185,4.500
-5.036,-4.207,4.500
-5.015,-4.224,4.500
-4.995,-4.241,4.500
-4.986,-4.266,4.500
-5.085,-4.386,4.500
-4.949,-4.302,4.500
-4.932,-4.322,4.500
-5.060,-4.470,4.500
-4.957,-4.413,4.500
-4.929,-4.423,4.500
-5.004,-4.526,4.500
-4.894,-4.462,4.500
-4.877,-4.481,4.500
-4.910,-4.547,4.500
-4.889,-4.563,4.500
-4.871,-4.583,4.500
-4.850,-4.599,4.500
-4.913,-4.696,4.500
-4.817,-4.640,4.500
-4.798,-4.659,4.500
-4.842,-4.738,4.500
-4.804,-4.738,4.500
-4.785,-4.756,4.500
-4.766,-4.775,4.500
-4.829,-4.876,4.500
-4.773,-4.857,4.500
-4.760,-4.882,4.500
-4.744,-4.904,4.500
-4.718,-4.916,4.500
-4.816,-5.057,4.500
-4.719,-4.995,4.500
-4.693,-5.007,4.500
-4.683,-5.035,4.500
-4.663,-5.053,4.500
-4.695,-5.129,4.500
-4.672,-5.144,4.500
-4.646,-5.156,4.500
-4.623,-5.171,4.500
-4.591,-5.176,4.500
-4.599,-5.226,4.500
-4.678,-5.358,4.500
-4.581,-5.288,4.500
-4.565,-5.312,4.500
-4.641,-5.444,4.500
-4.561,-5.393,4.500
-4.540,-5.411,4.500
-4.574,-5.495,4.500
-4.537,-5.494,4.500
-4.564,-5.571,4.500
-4.496,-5.532,4.500
-4.495,-5.575,4.500
-4.465,-5.583,4.500
-4.520,-5.698,4.500
-4.461,-5.669,4.500
-4.444,-5.693,4.500
-4.486,-5.794,4.500
-4.396,-5.724,4.500
-4.374,-5.741,4.500
-4.422,-5.852,4.500
-4.362,-5.820,4.500
-4.339,-5.837,4.500
-4.328,-5.870,4.500
-4.300,-5.880,4.500
-4.272,-5.891,4.500
-4.249,-5.908,4.500
-4.224,-5.921,4.500
-4.254,-6.013,4.500
-4.182,-5.960,4.500
-4.163,-5.983,4.500
-4.185,-6.066,4.500
-4.111,-6.009,4.500
-4.083,-6.019,4.500
-4.066,-6.045,4.500
-4.051,-6.073,4.500
-4.072,-6.157,4.500
-3.992,-6.089,4.500
-3.971,-6.108,4.500
-3.995,-6.198,4.500
-3.916,-6.129,4.500
-3.907,-6.167,4.500
-3.866,-6.156,4.500
-3.844,-6.174,4.500
-3.870,-6.272,4.500
-3.789,-6.194,4.500
-3.773,-6.223,4.500
-3.818,-6.353,4.500
-3.779,-6.345,4.500
-3.754,-6.360,4.500
-3.727,-6.371,4.500
-3.650,-6.295,4.500
-3.629,-6.317,4.500
-3.654,-6.418,4.500
-3.579,-6.345,4.500
-3.547,-6.345,4.500
-3.576,-6.457,4.500
-3.493,-6.366,4.500
-3.483,-6.407,4.500
-3.441,-6.390,4.500
-3.431,-6.431,4.500
-3.400,-6.434,4.500
-3.351,-6.402,4.500
-3.319,-6.401,4.500
-3.340,-6.505,4.500
-3.270,-6.430,4.500
-3.245,-6.443,4.500
-3.267,-6.550,4.500
-3.201,-6.482,4.500
-3.176,-6.495,4.500
-3.194,-6.599,4.500
-3.163,-6.601,4.500
-3.095,-6.525,4.500
-3.072,-6.540,4.500
-3.046,-6.552,4.500
-3.059,-6.650,4.500
-2.971,-6.525,4.500
-2.954,-6.555,4.500
-2.920,-6.548,4.500
-2.896,-6.563,4.500
-2.876,-6.589,4.500
-2.842,-6.582,4.500
-2.817,-6.593,4.500
-2.783,-6.586,4.500
-2.763,-6.611,4.500
-2.777,-6.718,4.500
-2.713,-6.637,4.500
-2.690,-6.655,4.500
-2.695,-6.743,4.500
-2.628,-6.653,4.500
-2.610,-6.682,4.500
-2.585,-6.696,4.500
-2.557,-6.702,4.500
-2.529,-6.709,4.500
-2.482,-6.661,4.500
-2.485,-6.751,4.500
-2.434,-6.692,4.500
-2.403,-6.690,4.500
-2.381,-6.711,4.500
-2.385,-6.808,4.500
-2.324,-6.718,4.500
-2.298,-6.727,4.500
-2.273,-6.740,4.500
-2.241,-6.733,4.500
-2.218,-6.754,4.500
-2.192,-6.762,4.500
-2.163,-6.763,4.500
-2.141,-6.787,4.500
-2.122,-6.819,4.500
-2.081,-6.780,4.500
-2.063,-6.820,4.500
-2.063,-6.917,4.500
-2.035,-6.921,4.500
-2.007,-6.925,4.500
-1.952,-6.835,4.500
-1.930,-6.863,4.500
-1.924,-6.944,4.500
-1.870,-6.854,4.500
-1.846,-6.873,4.500
-1.847,-6.986,4.500
-1.790,-6.879,4.500
-1.763,-6.886,4.500
-1.738,-6.901,4.500
-1.739,-7.021,4.500
-1.682,-6.907,4.500
-1.645,-6.873,4.500
-1.654,-7.030,4.500
-1.603,-6.938,4.500
-1.563,-6.888,4.500
-1.531,-6.870,4.500
-1.527,-6.980,4.500
-1.479,-6.894,4.500
-1.473,-7.000,4.500
-1.426,-6.909,4.500
-1.400,-6.919,4.500
-1.392,-7.025,4.500
-1.345,-6.930,4.500
-1.320,-6.947,4.500
-1.316,-7.076,4.500
-1.263,-6.941,4.500
-1.236,-6.946,4.500
-1.227,-7.060,4.500
-1.196,-7.044,4.500
-1.156,-6.972,4.500
-1.124,-6.952,4.500
-1.101,-6.981,4.500
-1.072,-6.973,4.500
-1.061,-7.087,4.500
-1.016,-6.977,4.500
-0.988,-6.977,4.500
-0.975,-7.083,4.500
-0.934,-6.988,4.500
-0.929,-7.166,4.500
-0.879,-6.991,4.500
-0.855,-7.024,4.500
-0.838,-7.116,4.500
-0.798,-7.014,4.500
-0.768,-7.000,4.500
-0.753,-7.122,4.500
-0.716,-7.027,4.500
-0.686,-7.009,4.500
-0.668,-7.118,4.500
-0.632,-7.026,4.500
-0.604,-7.021,4.500
-0.586,-7.142,4.500
-0.551,-7.050,4.500
-0.529,-7.142,4.500
-0.501,-7.144,4.500
-0.466,-7.039,4.500
-0.439,-7.049,4.500
-0.411,-7.043,4.500
-0.389,-7.155,4.500
-0.356,-7.058,4.500
-0.333,-7.158,4.500
-0.300,-7.048,4.500
-0.273,-7.054,4.500
-0.245,-7.038,4.500
-0.217,-7.031,4.500
-0.192,-7.147,4.500
-0.162,-7.053,4.500
-0.134,-7.054,4.500
-0.106,-7.029,4.500
-0.078,-7.000,4.500
-0.051,-7.030,4.500
-0.024,-7.145,4.500
0.004,-7.059,4.500
0.032,-7.063,4.500
0.059,-7.046,4.500
0.088,-7.157,4.500
0.116,-7.144,4.500
0.142,-7.049,4.500
0.170,-7.049,4.500
0.201,-7.159,4.500
0.228,-7.142,4.500
0.251,-6.983,4.500
0.281,-7.053,4.500
0.313,-7.159,4.500
0.341,-7.153,4.500
0.364,-7.045,4.500
0.391,-7.040,4.500
0.427,-7.165,4.500
0.447,-7.049,4.500
0.475,-7.047,4.500
0.499,-6.987,4.500
0.527,-7.002,4.500
0.557,-7.033,4.500
0.587,-7.055,4.500
0.613,-7.028,4.500
0.645,-7.083,4.500
0.669,-7.036,4.500
0.704,-7.106,4.500
0.723,-7.022,4.500
0.748,-6.994,4.500
0.783,-7.057,4.500
0.803,-6.984,4.500
0.834,-7.018,4.500
0.864,-7.035,4.500
0.882,-6.949,4.500
0.922,-7.044,4.500
0.933,-6.921,4.500
0.964,-6.942,4.500
0.989,-6.922,4.500
1.038,-7.069,4.500
1.044,-6.918,4.500
1.084,-6.996,4.500
1.125,-7.081,4.500
1.152,-7.072,4.500
1.163,-6.963,4.500
1.191,-6.966,4.500
1.216,-6.945,4.500
1.244,-6.948,4.500
1.287,-7.024,4.500
1.300,-6.947,4.500
1.326,-6.933,4.500
1.354,-6.932,4.500
1.380,-6.919,4.500
1.427,-7.010,4.500
1.436,-6.916,4.500
1.462,-6.906,4.500
1.489,-6.900,4.500
1.517,-6.898,4.500
1.567,-6.996,4.500
1.569,-6.878,4.500
1.593,-6.860,4.500
1.647,-6.965,4.500
1.680,-6.982,4.500
1.679,-6.861,4.500
1.706,-6.854,4.500
1.760,-6.954,4.500
1.757,-6.828,4.500
1.811,-6.929,4.500
1.813,-6.826,4.500
1.841,-6.823,4.500
1.903,-6.942,4.500
1.909,-6.860,4.500
1.936,-6.853,4.500
1.990,-6.938,4.500
1.987,-6.829,4.500
2.046,-6.930,4.500
2.042,-6.817,4.500
2.097,-6.902,4.500
2.094,-6.797,4.500
2.122,-6.793,4.500
2.178,-6.877,4.500
2.174,-6.772,4.500
2.229,-6.848,4.500
2.229,-6.759,4.500
2.258,-6.758,4.500
2.313,-6.833,4.500
2.356,-6.872,4.500
2.352,-6.773,4.500
2.383,-6.775,4.500
2.405,-6.754,4.500
2.430,-6.741,4.500
2.457,-6.731,4.500
2.483,-6.722,4.500
2.508,-6.708,4.500
2.572,-6.799,4.500
2.563,-6.696,4.500
2.588,-6.682,4.500
2.614,-6.672,4.500
2.682,-6.765,4.500
2.691,-6.710,4.500
2.738,-6.751,4.500
2.792,-6.808,4.500
2.771,-6.682,4.500
2.791,-6.656,4.500
2.854,-6.732,4.500
2.845,-6.638,4.500
2.908,-6.713,4.500
2.903,-6.630,4.500
2.911,-6.578,4.500
2.955,-6.607,4.500
2.966,-6.563,4.500
3.000,-6.569,4.500
3.051,-6.611,4.500
3.113,-6.676,4.500
3.145,-6.678,4.500
3.127,-6.571,4.500
3.196,-6.649,4.500
3.178,-6.546,4.500
3.209,-6.544,4.500
3.274,-6.611,4.500
3.246,-6.491,4.500
3.275,-6.485,4.500
3.347,-6.562,4.500
3.335,-6.477,4.500
3.361,-6.463,4.500
3.390,-6.457,4.500
3.409,-6.433,4.500
3.482,-6.508,4.500
3.467,-6.420,4.500
3.481,-6.386,4.500
3.531,-6.417,4.500
3.508,-6.317,4.500
3.535,-6.307,4.500
3.587,-6.341,4.500
3.550,-6.219,4.500
3.581,-6.216,4.500
3.573,-6.146,4.500
3.615,-6.163,4.500
3.595,-6.075,4.500
3.666,-6.138,4.500
3.637,-6.036,4.500
3.690,-6.071,4.500
3.701,-6.035,4.500
3.647,-5.895,4.500
3.720,-5.960,4.500
3.723,-5.913,4.500
3.686,-5.804,4.500
3.690,-5.760,4.500
3.701,-5.727,4.500
3.725,-5.716,4.500
3.748,-5.701,4.500
3.723,-5.616,4.500
3.815,-5.705,4.500
3.785,-5.613,4.500
3.939,-5.792,4.500
3.788,-5.523,4.500
3.802,-5.497,4.500
3.888,-5.574,4.500
3.850,-5.474,4.500
3.871,-5.459,4.500
3.890,-5.440,4.500
3.917,-5.432,4.500
4.010,-5.515,4.500
3.946,-5.383,4.500
3.978,-5.382,4.500
4.004,-5.374,4.500
4.020,-5.351,4.500
4.030,-5.320,4.500
4.125,-5.401,4.500
4.080,-5.299,4.500
4.112,-5.298,4.500
4.084,-5.220,4.500
4.192,-5.315,4.500
4.197,-5.277,4.500
4.140,-5.164,4.500
4.160,-5.148,4.500
4.168,-5.117,4.500
4.203,-5.119,4.500
4.296,-5.190,4.500
4.252,-5.096,4.500
4.278,-5.086,4.500
4.354,-5.136,4.500
4.306,-5.039,4.500
4.307,-5.000,4.500
4.369,-5.033,4.500
4.312,-4.927,4.500
4.338,-4.918,4.500
4.441,-4.995,4.500
4.389,-4.897,4.500
4.405,-4.877,4.500
4.477,-4.918,4.500
4.427,-4.824,4.500
4.459,-4.821,4.500
4.538,-4.868,4.500
4.493,-4.782,4.500
4.522,-4.775,4.500
4.614,-4.835,4.500
4.510,-4.688,4.500
4.574,-4.718,4.500
4.543,-4.649,4.500
4.564,-4.634,4.500
4.579,-4.613,4.500
4.601,-4.598,4.500
4.615,-4.577,4.500
4.637,-4.562,4.500
4.658,-4.547,4.500
4.761,-4.611,4.500
4.676,-4.494,4.500
4.780,-4.558,4.500
4.798,-4.539,4.500
4.676,-4.389,4.500
4.795,-4.466,4.500
4.721,-4.362,4.500
4.734,-4.340,4.500
4.751,-4.321,4.500
4.861,-4.387,4.500
4.892,-4.380,4.500
4.805,-4.268,4.500
4.826,-4.253,4.500
4.919,-4.300,4.500
4.859,-4.215,4.500
4.868,-4.189,4.500
4.896,-4.179,4.500
4.908,-4.157,4.500
5.009,-4.209,4.500
4.933,-4.112,4.500
4.972,-4.111,4.500
5.018,-4.116,4.500
4.951,-4.029,4.500
4.993,-4.031,4.500
5.111,-4.093,4.500
4.978,-3.955,4.500
5.009,-3.948,4.500
5.094,-3.982,4.500
5.005,-3.881,4.500
5.141,-3.954,4.500
5.055,-3.856,4.500
5.090,-3.852,4.500
5.093,-3.823,4.500
5.092,-3.791,4.500
5.123,-3.782,4.500
5.146,-3.768,4.500
5.161,-3.748,4.500
5.167,-3.722,4.500
5.281,-3.773,4.500
5.180,-3.670,4.500
5.207,-3.658,4.500
5.313,-3.702,4.500
5.235,-3.617,4.500
5.249,-3.596,4.500
5.222,-3.548,4.500
5.294,-3.566,4.500
5.241,-3.501,4.500
5.251,-3.477,4.500
5.364,-3.522,4.500
5.374,-3.499,4.500
5.283,-3.410,4.500
5.296,-3.389,4.500
5.318,-3.374,4.500
5.327,-3.350,4.500
5.383,-3.356,4.500
5.353,-3.308,4.500
5.472,-3.352,4.500
5.473,-3.323,4.500
5.387,-3.242,4.500
5.557,-3.315,4.500
5.404,-3.195,4.500
5.443,-3.189,4.500
5.558,-3.227,4.500
5.459,-3.141,4.500
5.458,-3.112,4.500
5.587,-3.157,4.500
5.486,-3.072,4.500
5.608,-3.111,4.500
5.528,-3.038,4.500
5.527,-3.009,4.500
5.644,-3.044,4.500
5.469,-2.922,4.500
5.539,-2.932,4.500
5.688,-2.982,4.500
5.526,-2.870,4.500
5.654,-2.908,4.500
5.544,-2.824,4.500
5.550,-2.800,4.500
5.634,-2.814,4.500
5.586,-2.763,4.500
5.578,-2.732,4.500
5.570,-2.701,4.500
5.714,-2.743,4.500
5.614,-2.668,4.500
5.643,-2.655,4.500
5.645,-2.628,4.500
5.636,-2.598,4.500
5.656,-2.580,4.500
5.666,-2.558,4.500
5.680,-2.537,4.500
5.690,-2.515,4.500
5.695,-2.491,4.500
5.710,-2.470,4.500
5.822,-2.492,4.500
5.662,-2.397,4.500
5.743,-2.405,4.500
5.870,-2.431,4.500
5.776,-2.366,4.500
5.704,-2.310,4.500
5.893,-2.360,4.500
5.722,-2.265,4.500
5.760,-2.254,4.500
5.740,-2.220,4.500
5.753,-2.199,4.500
5.752,-2.173,4.500
5.765,-2.152,4.500
5.769,-2.128,4.500
5.792,-2.111,4.500
5.800,-2.088,4.500
5.784,-2.056,4.500
5.782,-2.030,4.500
5.814,-2.016,4.500
5.812,-1.990,4.500
5.825,-1.969,4.500
5.955,-1.986,4.500
5.835,-1.921,4.500
5.833,-1.895,4.500
5.850,-1.875,4.500
5.863,-1.854,4.500
6.012,-1.875,4.500
5.867,-1.805,4.500
5.894,-1.788,4.500
6.000,-1.794,4.500
5.908,-1.741,4.500
5.905,-1.715,4.500
6.045,-1.730,4.500
5.928,-1.672,4.500
5.929,-1.647,4.500
6.050,-1.655,4.500
5.922,-1.595,4.500
5.959,-1.580,4.500
5.949,-1.552,4.500
5.945,-1.526,4.500
6.091,-1.538,4.500
5.967,-1.482,4.500
5.973,-1.459,4.500
5.974,-1.434,4.500
6.000,-1.415,4.500
6.000,-1.391,4.500
6.000,-1.366,4.500
6.117,-1.367,4.500
6.157,-1.351,4.500
6.016,-1.295,4.500
6.011,-1.269,4.500
6.142,-1.272,4.500
6.026,-1.223,4.500
6.020,-1.198,4.500
6.167,-1.202,4.500
6.060,-1.156,4.500
6.171,-1.152,4.500
6.059,-1.107,4.500
6.058,-1.082,4.500
6.169,-1.077,4.500
6.066,-1.034,4.500
6.081,-1.012,4.500
6.079,-0.988,4.500
6.073,-0.962,4.500
6.066,-0.937,4.500
6.086,-0.915,4.500
6.222,-0.911,4.500
6.108,-0.869,4.500
6.101,-0.844,4.500
6.227,-0.837,4.500
6.092,-0.794,4.500
6.228,-0.787,4.500
6.093,-0.746,4.500
6.122,-0.725,4.500
6.222,-0.712,4.500
6.143,-0.678,4.500
6.114,-0.651,4.500
6.255,-0.641,4.500
6.352,-0.626,4.500
6.121,-0.579,4.500
6.103,-0.553,4.500
6.254,-0.542,4.500
6.123,-0.506,4.500
6.114,-0.482,4.500
6.132,-0.459,4.500
6.247,-0.443,4.500
6.182,-0.414,4.500
6.214,-0.391,4.500
6.226,-0.368,4.500
6.207,-0.342,4.500
6.350,-0.325,4.500
6.225,-0.294,4.500
6.205,-0.269,4.500
6.427,-0.253,4.500
6.212,-0.220,4.500
6.218,-0.196,4.500
6.214,-0.171,4.500
6.220,-0.147,4.500
6.210,-0.122,4.500
6.367,-0.101,4.500
6.211,-0.074,5.000
6.216,-0.049,5.000
6.358,-0.026,5.000
6.211,-0.001,5.000
6.211,0.024,5.000
6.383,0.050,5.000
6.216,0.073,5.000
6.231,0.097,5.000
6.292,0.123,5.000
6.261,0.147,5.000
6.420,0.176,5.000
6.300,0.197,5.000
6.274,0.221,5.000
6.417,0.251,5.000
6.287,0.271,5.000
6.296,0.296,5.000
6.275,0.320,5.000
6.319,0.347,5.000
6.302,0.371,5.000
6.424,0.403,5.000
6.279,0.419,5.000
6.406,0.453,5.000
6.395,0.477,5.000
6.412,0.504,5.000
6.292,0.519,5.000
6.254,0.541,5.000
6.386,0.578,5.000
6.265,0.591,5.000
6.268,0.616,5.000
6.457,0.661,5.000
6.322,0.672,5.000
6.320,0.697,5.000
6.307,0.721,5.000
6.309,0.746,5.000
6.306,0.771,5.000
6.463,0.816,5.000
6.305,0.821,5.000
6.307,0.846,5.000
6.288,0.869,5.000
6.270,0.891,5.000
6.301,0.921,5.000
6.293,0.945,5.000
6.462,0.996,5.000
6.290,0.995,5.000
6.271,1.017,5.000
6.355,1.057,5.000
6.445,1.098,5.000
6.351,1.107,5.000
6.327,1.129,5.000
6.451,1.177,5.000
6.323,1.179,5.000
6.328,1.206,5.000
6.318,1.230,5.000
6.418,1.275,5.000
6.408,1.300,5.000
6.303,1.304,5.000
6.397,1.350,5.000
6.383,1.373,5.000
6.340,1.390,5.000
6.330,1.414,5.000
6.305,1.434,5.000
6.328,1.465,5.000
6.313,1.488,5.000
6.422,1.541,5.000
6.315,1.541,5.000
6.295,1.562,5.000
6.440,1.625,5.000
6.291,1.614,5.000
6.290,1.640,5.000
6.269,1.661,5.000
6.272,1.688,5.000
6.256,1.710,5.000
6.272,1.741,5.000
6.388,1.800,5.000
6.259,1.790,5.000
6.293,1.827,5.000
6.299,1.855,5.000
6.408,1.915,5.000
6.293,1.908,5.000
6.286,1.932,5.000
6.372,1.986,5.000
6.257,1.977,5.000
6.254,2.003,5.000
6.232,2.023,5.000
6.238,2.052,5.000
6.345,2.115,5.000
6.199,2.094,5.000
6.323,2.163,5.000
6.196,2.147,5.000
6.160,2.162,5.000
6.170,2.192,5.000
6.276,2.258,5.000
6.170,2.247,5.000
6.166,2.273,5.000
6.309,2.354,5.000
6.192,2.338,5.000
6.196,2.367,5.000
6.169,2.385,5.000
6.181,2.417,5.000
6.163,2.438,5.000
6.158,2.464,5.000
6.283,2.543,5.000
6.125,2.507,5.000
6.230,2.579,5.000
6.131,2.566,5.000
6.189,2.619,5.000
6.085,2.603,5.000
6.088,2.632,5.000
6.174,2.699,5.000
6.075,2.684,5.000
6.082,2.715,5.000
6.088,2.747,5.000
6.147,2.803,5.000
6.099,2.810,5.000
6.080,2.830,5.000
6.150,2.892,5.000
6.041,2.870,5.000
6.025,2.891,5.000
6.010,2.913,5.000
6.003,2.939,5.000
5.991,2.962,5.000
6.080,3.036,5.000
6.016,3.034,5.000
5.972,3.041,5.000
6.020,3.095,5.000
5.984,3.106,5.000
5.984,3.136,5.000
6.011,3.180,5.000
6.053,3.233,5.000
5.947,3.206,5.000
5.930,3.227,5.000
5.913,3.249,5.000
6.006,3.330,5.000
5.992,3.354,5.000
5.894,3.329,5.000
5.958,3.396,5.000
5.994,3.448,5.000
5.909,3.430,5.000
5.880,3.444,5.000
5.960,3.522,5.000
5.853,3.490,5.000
5.921,3.562,5.000
5.817,3.531,5.000
5.807,3.556,5.000
5.793,3.579,5.000
5.828,3.632,5.000
5.836,3.669,5.000
5.908,3.747,5.000
5.777,3.696,5.000
5.774,3.725,5.000
5.763,3.750,5.000
5.752,3.775,5.000
5.733,3.796,5.000
5.860,3.913,5.000
5.764,3.881,5.000
5.742,3.899,5.000
5.712,3.912,5.000
5.795,4.002,5.000
5.703,3.972,5.000
5.814,4.083,5.000
5.713,4.046,5.000
5.690,4.063,5.000
5.762,4.149,5.000
5.658,4.108,5.000
5.645,4.132,5.000
5.765,4.255,5.000
5.742,4.273,5.000
5.646,4.236,5.000
5.705,4.315,5.000
5.701,4.348,5.000
5.596,4.303,5.000
5.683,4.405,5.000
5.566,4.349,5.000
5.667,4.464,5.000
5.649,4.486,5.000
5.572,4.460,5.000
5.545,4.475,5.000
5.636,4.585,5.000
5.547,4.549,5.000
5.545,4.583,5.000
5.585,4.653,5.000
5.493,4.614,5.000
5.490,4.648,5.000
5.532,4.721,5.000
5.484,4.717,5.000
5.453,4.728,5.000
5.441,4.755,5.000
5.437,4.789,5.000
5.433,4.824,5.000
5.428,4.858,5.000
5.401,4.872,5.000
5.393,4.903,5.000
5.408,4.956,5.000
5.391,4.980,5.000
5.358,4.988,5.000
5.421,5.087,5.000
5.330,5.040,5.000
5.357,5.106,5.000
5.337,5.127,5.000
5.308,5.140,5.000
5.355,5.226,5.000
5.292,5.205,5.000
5.285,5.239,5.000
5.272,5.268,5.000
5.311,5.349,5.000
5.264,5.343,5.000
5.231,5.351,5.000
5.278,5.442,5.000
5.209,5.413,5.000
5.200,5.446,5.000
5.253,5.545,5.000
5.234,5.568,5.000
5.143,5.515,5.000
5.126,5.541,5.000
5.175,5.637,5.000
5.078,5.576,5.000
5.061,5.601,5.000
5.099,5.687,5.000
5.069,5.699,5.000
4.980,5.644,5.000
4.965,5.671,5.000
4.950,5.699,5.000
4.916,5.705,5.000
4.888,5.718,5.000
4.837,5.704,5.000
4.817,5.726,5.000
4.851,5.812,5.000
4.786,5.780,5.000
4.757,5.790,5.000
4.732,5.806,5.000
4.718,5.836,5.000
4.688,5.846,5.000
4.722,5.936,5.000
4.635,5.874,5.000
4.695,5.998,5.000
4.598,5.922,5.000
4.529,5.881,5.000
4.549,5.955,5.000
4.554,6.011,5.000
4.496,5.982,5.000
4.485,6.017,5.000
4.453,6.023,5.000
4.475,6.102,5.000
4.405,6.057,5.000
4.379,6.072,5.000
4.423,6.183,5.000
4.332,6.106,5.000
4.312,6.129,5.000
4.286,6.143,5.000
4.240,6.129,5.000
4.210,6.136,5.000
4.182,6.147,5.000
4.158,6.163,5.000
4.140,6.189,5.000
4.109,6.195,5.000
4.097,6.230,5.000
4.117,6.314,5.000
4.058,6.278,5.000
4.017,6.269,5.000
3.960,6.233,5.000
3.934,6.246,5.000
3.911,6.264,5.000
3.885,6.276,5.000
3.862,6.295,5.000
3.888,6.393,5.000
3.812,6.325,5.000
3.793,6.350,5.000
3.733,6.305,5.000
3.714,6.330,5.000
3.688,6.341,5.000
3.716,6.448,5.000
3.638,6.370,5.000
3.613,6.384,5.000
3.582,6.388,5.000
3.562,6.412,5.000
3.526,6.406,5.000
3.558,6.523,5.000
3.487,6.454,5.000
3.434,6.416,5.000
3.412,6.436,5.000
3.385,6.446,5.000
3.411,6.558,5.000
3.336,6.476,5.000
3.307,6.482,5.000
3.282,6.495,5.000
3.303,6.601,5.000
3.227,6.513,5.000
3.210,6.544,5.000
3.207,6.602,5.000
3.157,6.565,5.000
3.131,6.577,5.000
3.145,6.674,5.000
3.098,6.641,5.000
3.015,6.531,5.000
3.008,6.583,5.000
2.982,6.595,5.000
2.988,6.678,5.000
2.930,6.618,5.000
2.895,6.607,5.000
2.877,6.637,5.000
2.846,6.637,5.000
2.858,6.739,5.000
2.795,6.663,5.000
2.802,6.754,5.000
2.781,6.779,5.000
2.697,6.647,5.000
2.677,6.673,5.000
2.668,6.728,5.000
2.623,6.690,5.000
2.594,6.693,5.000
2.559,6.680,5.000
2.573,6.798,5.000
2.512,6.715,5.000
2.487,6.729,5.000
2.490,6.821,5.000
2.434,6.748,5.000
2.402,6.742,5.000
2.412,6.857,5.000
2.351,6.769,5.000
2.323,6.774,5.000
2.298,6.787,5.000
2.307,6.902,5.000
2.275,6.896,5.000
2.223,6.829,5.000
2.220,6.913,5.000
2.172,6.854,5.000
2.141,6.851,5.000
2.111,6.848,5.000
2.085,6.860,5.000
2.054,6.856,5.000
2.027,6.864,5.000
2.014,6.919,5.000
1.985,6.919,5.000
1.936,6.852,5.000
1.907,6.852,5.000
1.911,6.972,5.000
1.853,6.867,5.000
1.827,6.878,5.000
1.800,6.885,5.000
1.774,6.896,5.000
1.766,6.978,5.000
1.716,6.894,5.000
1.694,6.921,5.000
1.660,6.899,5.000
1.635,6.914,5.000
1.605,6.908,5.000
1.602,7.021,5.000
1.566,6.988,5.000
1.540,7.002,5.000
1.491,6.908,5.000
1.479,6.986,5.000
1.436,6.920,5.000
1.410,6.929,5.000
1.382,6.931,5.000
1.353,6.928,5.000
1.349,7.054,5.000
1.299,6.943,5.000
1.290,7.044,5.000
1.250,6.981,5.000
1.215,6.945,5.000
1.206,7.055,5.000
1.162,6.963,5.000
1.135,6.971,5.000
1.108,6.976,5.000
1.079,6.972,5.000
1.068,7.081,5.000
1.024,6.976,5.000
0.998,6.988,5.000
0.964,6.946,5.000
0.934,6.933,5.000
0.909,6.950,5.000
0.899,7.089,5.000
0.854,6.956,5.000
0.825,6.947,5.000
0.797,6.942,5.000
0.782,7.057,5.000
0.745,6.973,5.000
0.717,6.972,5.000
0.700,7.074,5.000
0.661,6.961,5.000
0.636,6.988,5.000
0.616,7.074,5.000
0.580,6.980,5.000
0.554,6.999,5.000
0.532,7.072,5.000
0.493,6.927,5.000
0.469,6.976,5.000
0.438,6.923,5.000
0.411,6.928,5.000
0.385,6.943,5.000
0.356,6.914,5.000
0.330,6.937,5.000
0.302,6.934,5.000
0.276,6.944,5.000
0.247,6.915,5.000
0.221,6.946,5.000
0.198,7.102,5.000
0.166,6.926,5.000
0.139,6.926,5.000
0.112,6.940,5.000
0.085,7.033,5.000
0.057,6.940,5.000
0.030,6.936,5.000
0.003,6.923,5.000
-0.025,6.932,5.000
-0.052,6.915,5.000
-0.079,6.936,5.000
-0.106,6.923,5.000
-0.136,7.049,5.000
-0.161,6.947,5.000
-0.189,6.968,5.000
-0.219,7.035,5.000
-0.242,6.919,5.000
-0.270,6.931,5.000
-0.301,7.019,5.000
-0.325,6.937,5.000
-0.353,6.949,5.000
-0.383,6.998,5.000
-0.410,6.984,5.000
-0.437,6.978,5.000
-0.472,7.089,5.000
-0.492,6.983,5.000
-0.528,7.089,5.000
-0.565,7.204,5.000
-0.574,6.972,5.000
-0.612,7.090,5.000
-0.629,6.968,5.000
-0.658,6.986,5.000
-0.696,7.087,5.000
-0.712,6.968,5.000
-0.747,7.036,5.000
-0.777,7.054,5.000
-0.796,6.976,5.000
-0.823,6.973,5.000
-0.860,7.048,5.000
-0.875,6.945,5.000
-0.905,6.959,5.000
-0.944,7.046,5.000
-0.956,6.926,5.000
-0.984,6.927,5.000
-1.013,6.935,5.000
-1.039,6.927,5.000
-1.067,6.923,5.000
-1.096,6.931,5.000
-1.119,6.902,5.000
-1.152,6.935,5.000
-1.185,6.963,5.000
-1.211,6.950,5.000
-1.241,6.958,5.000
-1.267,6.949,5.000
-1.311,7.032,5.000
-1.333,6.999,5.000
-1.348,6.929,5.000
-1.375,6.920,5.000
-1.401,6.910,5.000
-1.428,6.905,5.000
-1.482,7.027,5.000
-1.487,6.913,5.000
-1.536,7.007,5.000
-1.539,6.893,5.000
-1.568,6.895,5.000
-1.613,6.965,5.000
-1.621,6.879,5.000
-1.648,6.872,5.000
-1.677,6.874,5.000
-1.701,6.855,5.000
-1.749,6.932,5.000
-1.748,6.813,5.000
-1.778,6.819,5.000
-1.801,6.799,5.000
-1.831,6.804,5.000
-1.863,6.817,5.000
-1.895,6.826,5.000
-1.913,6.790,5.000
-1.932,6.755,5.000
-1.981,6.823,5.000
-1.992,6.763,5.000
-2.021,6.763,5.000
-2.100,6.926,5.000
-2.072,6.739,5.000
-2.086,6.691,5.000
-2.112,6.683,5.000
-2.137,6.671,5.000
-2.141,6.593,5.000
-2.167,6.585,5.000
-2.230,6.689,5.000
-2.196,6.502,5.000
-2.225,6.501,5.000
-2.250,6.493,5.000
-2.286,6.512,5.000
-2.298,6.466,5.000
-2.287,6.357,5.000
-2.294,6.297,5.000
-2.351,6.377,5.000
-2.319,6.214,5.000
-2.318,6.139,5.000
-2.349,6.147,5.000
-2.348,6.071,5.000
-2.408,6.155,5.000
-2.360,5.963,5.000
-2.374,5.930,5.000
-2.434,6.012,5.000
-2.388,5.833,5.000
-2.384,5.758,5.000
-2.408,5.753,5.000
-2.399,5.667,5.000
-2.417,5.648,5.000
-2.405,5.561,5.000
-2.455,5.614,5.000
-2.425,5.487,5.000
-2.418,5.413,5.000
-2.441,5.408,5.000
-2.519,5.522,5.000
-2.500,5.424,5.000
-2.472,5.309,5.000
-2.493,5.299,5.000
-2.516,5.294,5.000
-2.554,5.319,5.000
-2.625,5.413,5.000
-2.585,5.279,5.000
-2.599,5.254,5.000
-2.584,5.173,5.000
-2.637,5.228,5.000
-2.630,5.162,5.000
-2.714,5.277,5.000
-2.770,5.334,5.000
-2.701,5.151,5.000
-2.814,5.317,5.000
-2.833,5.301,5.000
-2.848,5.280,5.000
-2.765,5.078,5.000
-2.782,5.062,5.000
-2.816,5.076,5.000
-2.833,5.060,5.000
-2.847,5.039,5.000
-2.942,5.159,5.000
-2.887,5.017,5.000
-2.907,5.005,5.000
-2.941,5.018,5.000
-2.940,4.972,5.000
-2.968,4.975,5.000
-2.991,4.969,5.000
-3.016,4.967,5.000
-3.030,4.945,5.000
-3.058,4.947,5.000
-3.069,4.921,5.000
-3.142,4.995,5.000
-3.107,4.897,5.000
-3.123,4.880,5.000
-3.227,4.999,5.000
-3.168,4.865,5.000
-3.181,4.843,5.000
-3.200,4.830,5.000
-3.203,4.794,5.000
-3.256,4.833,5.000
-3.307,4.867,5.000
-3.272,4.774,5.000
-3.294,4.766,5.000
-3.393,4.868,5.000
-3.331,4.740,5.000
-3.340,4.713,5.000
-3.456,4.837,5.000
-3.336,4.631,5.000
-3.405,4.687,5.000
-3.506,4.787,5.000
-3.394,4.596,5.000
-3.454,4.638,5.000
-3.566,4.750,5.000
-3.500,4.624,5.000
-3.518,4.610,5.000
-3.574,4.646,5.000
-3.502,4.514,5.000
-3.519,4.501,5.000
-3.590,4.554,5.000
-3.583,4.509,5.000
-3.608,4.504,5.000
-3.672,4.547,5.000
-3.701,4.546,5.000
-3.661,4.461,5.000
-3.700,4.473,5.000
-3.663,4.392,5.000
-3.761,4.474,5.000
-3.701,4.368,5.000
-3.714,4.349,5.000
-3.724,4.325,5.000
-3.875,4.465,5.000
-3.855,4.408,5.000
-3.751,4.255,5.000
-3.791,4.266,5.000
-3.808,4.251,5.000
-3.825,4.236,5.000
-3.865,4.247,5.000
-3.858,4.206,5.000
-3.975,4.300,5.000
-3.907,4.193,5.000
-4.013,4.273,5.000
-4.041,4.269,5.000
-3.956,4.146,5.000
-3.976,4.135,5.000
-4.083,4.213,5.000
-3.984,4.079,5.000
-4.124,4.189,5.000
-4.133,4.165,5.000
-4.036,4.035,5.000
-4.052,4.020,5.000
-4.080,4.016,5.000
-4.092,3.996,5.000
-4.214,4.083,5.000
-4.217,4.054,5.000
-4.134,3.943,5.000
-4.158,3.935,5.000
-4.165,3.911,5.000
-4.272,3.980,5.000
-4.200,3.882,5.000
-4.308,3.950,5.000
-4.332,3.941,5.000
-4.245,3.832,5.000
-4.350,3.895,5.000
-4.386,3.897,5.000
-4.282,3.774,5.000
-4.301,3.761,5.000
-4.432,3.845,5.000
-4.348,3.742,5.000
-4.345,3.710,5.000
-4.377,3.708,5.000
-4.365,3.668,5.000
-4.388,3.658,5.000
-4.504,3.725,5.000
-4.470,3.668,5.000
-4.440,3.614,5.000
-4.450,3.593,5.000
-4.575,3.664,5.000
-4.414,3.507,5.000
-4.595,3.621,5.000
-4.469,3.494,5.000
-4.445,3.447,5.000
-4.524,3.480,5.000
-4.551,3.473,5.000
-4.615,3.493,5.000
-4.683,3.515,5.000
-4.522,3.366,5.000
-4.563,3.369,5.000
-4.605,3.372,5.000
-4.641,3.371,5.000
-4.560,3.284,5.000
-4.696,3.355,5.000
-4.671,3.309,5.000
-4.646,3.264,5.000
-4.620,3.219,5.000
-4.652,3.214,5.000
-4.650,3.186,5.000
-4.773,3.243,5.000
-4.656,3.136,5.000
-4.808,3.212,5.000
-4.695,3.109,5.000
-4.712,3.094,5.000
-4.709,3.066,5.000
-4.849,3.129,5.000
-4.713,3.016,5.000
-4.765,3.023,5.000
-4.890,3.075,5.000
-4.764,2.970,5.000
-4.780,2.954,5.000
-4.906,3.005,5.000
-4.793,2.910,5.000
-4.835,2.910,5.000
-4.961,2.959,5.000
-4.853,2.869,5.000
-4.969,2.911,5.000
-4.870,2.827,5.000
-4.886,2.811,5.000
-5.068,2.889,5.000
-4.898,2.767,5.000
-4.919,2.753,5.000
-5.042,2.796,5.000
-4.935,2.712,5.000
-4.925,2.681,5.000
-5.094,2.747,5.000
-5.105,2.727,5.000
-4.977,2.634,5.000
-5.111,2.679,5.000
-4.982,2.587,5.000
-5.122,2.634,5.000
-5.029,2.561,5.000
-5.137,2.591,5.000
-5.033,2.513,5.000
-5.048,2.496,5.000
-5.063,2.479,5.000
-5.162,2.502,5.000
-5.072,2.434,5.000
-5.092,2.419,5.000
-5.091,2.394,5.000
-5.100,2.374,5.000
-5.252,2.419,5.000
-5.235,2.387,5.000
-5.133,2.316,5.000
-5.142,2.296,5.000
-5.167,2.283,5.000
-5.149,2.251,5.000
-5.158,2.230,5.000
-5.306,2.270,5.000
-5.192,2.197,5.000
-5.184,2.169,5.000
-5.332,2.207,5.000
-5.212,2.133,5.000
-5.209,2.108,5.000
-5.234,2.094,5.000
-5.339,2.112,5.000
-5.250,2.053,5.000
-5.236,2.024,5.000
-5.260,2.010,5.000
-5.404,2.040,5.000
-5.282,1.970,5.000
-5.415,1.996,5.000
-5.297,1.929,5.000
-5.299,1.906,5.000
-5.301,1.883,5.000
-5.451,1.912,5.000
-5.310,1.839,5.000
-5.351,1.830,5.000
-5.473,1.848,5.000
-5.342,1.780,5.000
-5.355,1.761,5.000
-5.494,1.783,5.000
-5.357,1.716,5.000
-5.347,1.689,5.000
-5.371,1.673,5.000
-5.394,1.658,5.000
-5.517,1.672,5.000
-5.546,1.657,5.000
-5.413,1.594,5.000
-5.420,1.573,5.000
-5.420,1.550,5.000
-5.555,1.565,5.000
-5.426,1.505,5.000
-5.534,1.512,5.000
-5.427,1.460,5.000
-5.426,1.437,5.000
-5.432,1.415,5.000
-5.455,1.398,5.000
-5.590,1.410,5.000
-5.483,1.360,5.000
-5.482,1.337,5.000
-5.612,1.345,5.000
-5.600,1.319,5.000
-5.446,1.260,5.000
-5.491,1.248,5.000
-5.485,1.224,5.000
-5.615,1.230,5.000
-5.517,1.186,5.000
-5.493,1.158,5.000
-5.651,1.168,5.000
-5.502,1.115,5.000
-5.598,1.111,5.000
-5.528,1.075,5.000
-5.491,1.045,5.000
-5.679,1.058,5.000
-5.517,1.005,5.000
-5.544,0.988,5.000
-5.536,0.964,5.000
-5.516,0.938,5.000
-5.578,0.926,5.000
-5.553,0.900,5.000
-5.551,0.877,5.000
-5.793,0.892,5.000
-5.644,0.846,5.000
-5.619,0.820,5.000
-5.719,0.812,5.000
-5.660,0.780,5.000
-5.622,0.753,5.000
-5.796,0.753,5.000
-5.657,0.712,5.000
-5.671,0.691,5.000
-5.804,0.684,5.000
-5.648,0.643,5.000
-5.696,0.626,5.000
-5.693,0.603,5.000
-5.678,0.579,5.000
-5.845,0.573,5.000
-5.694,0.536,5.000
-5.696,0.513,5.000
-5.698,0.491,5.000
-5.847,0.481,5.000
-5.696,0.446,5.000
-5.845,0.434,5.000
-5.716,0.402,5.000
-5.712,0.379,5.000
-5.673,0.354,5.000
-5.840,0.342,5.000
-5.716,0.312,5.000
-5.688,0.288,5.000
-5.695,0.266,5.000
-5.702,0.244,5.000
-5.715,0.222,5.000
-5.704,0.199,5.000
-5.825,0.180,5.000
-5.763,0.156,5.000
-5.758,0.133,5.000
-5.793,0.111,5.000
-5.799,0.088,5.000
-5.788,0.065,5.000
-5.805,0.043,5.000
-5.788,0.020,5.000
-5.999,-0.003,5.000
-5.771,-0.026,5.000
-5.776,-0.048,5.000
-5.793,-0.071,5.000
-5.916,-0.096,5.000
-5.787,-0.117,5.000
-5.781,-0.139,5.000
-5.774,-0.162,5.000
-5.892,-0.188,5.000
-5.767,-0.207,5.000
-5.789,-0.230,5.000
-5.788,-0.253,5.000
-5.781,-0.276,5.000
-5.904,-0.305,5.000
-5.779,-0.321,5.000
-5.806,-0.345,5.000
-5.855,-0.371,5.000
-5.904,-0.398,5.000
-6.000,-0.428,5.000
-5.828,-0.439,5.000
-5.854,-0.464,5.000
-5.902,-0.491,5.000
-5.856,-0.510,5.000
-5.991,-0.546,5.000
-5.824,-0.554,5.000
-5.855,-0.580,5.000
-5.836,-0.601,5.000
-5.856,-0.626,5.000
-5.815,-0.645,5.000
-5.966,-0.686,5.000
-5.837,-0.694,5.000
-5.928,-0.729,5.000
-5.978,-0.759,5.000
-5.829,-0.763,5.000
-5.803,-0.783,5.000
-5.899,-0.819,5.000
-5.841,-0.835,5.000
-5.882,-0.864,5.000
-6.012,-0.907,5.000
-5.885,-0.912,5.000
-5.882,-0.935,5.000
-5.884,-0.959,5.000
-6.002,-1.003,5.000
-5.998,-1.026,5.000
-5.866,-1.027,5.000
-5.862,-1.050,5.000
-5.869,-1.075,5.000
-5.981,-1.120,5.000
-5.993,-1.147,5.000
-5.993,-1.171,5.000
-5.962,-1.190,5.000
-5.782,-1.177,5.000
-6.056,-1.258,5.000
-5.826,-1.234,5.000
-5.762,-1.244,5.000
-5.790,-1.274,5.000
-5.917,-1.326,5.000
-5.747,-1.312,5.000
-5.774,-1.342,5.000
-5.785,-1.369,5.000
-5.875,-1.414,5.000
-5.742,-1.406,5.000
-5.895,-1.468,5.000
-5.736,-1.453,5.000
-5.725,-1.474,5.000
-5.730,-1.499,5.000
-5.793,-1.540,5.000
-5.766,-1.557,5.000
-5.940,-1.629,5.000
-5.764,-1.605,5.000
-5.768,-1.631,5.000
-5.767,-1.655,5.000
-5.878,-1.712,5.000
-5.748,-1.699,5.000
-5.731,-1.718,5.000
-5.740,-1.745,5.000
-5.738,-1.769,5.000
-5.721,-1.789,5.000
-5.846,-1.853,5.000
-5.701,-1.832,5.000
-5.699,-1.856,5.000
-5.854,-1.932,5.000
-5.700,-1.906,5.000
-5.799,-1.964,5.000
-5.664,-1.944,5.000
-5.657,-1.966,5.000
-5.659,-1.992,5.000
-5.667,-2.019,5.000
-5.648,-2.038,5.000
-5.776,-2.109,5.000
-5.693,-2.105,5.000
-5.894,-2.205,5.000
-5.691,-2.155,5.000
-5.673,-2.173,5.000
-5.669,-2.198,5.000
-5.665,-2.222,5.000
-5.651,-2.242,5.000
-5.633,-2.260,5.000
-5.722,-2.322,5.000
-5.620,-2.307,5.000
-5.616,-2.331,5.000
-5.606,-2.353,5.000
-5.622,-2.385,5.000
-5.699,-2.444,5.000
-5.559,-2.410,5.000
-5.598,-2.453,5.000
-5.679,-2.516,5.000
-5.720,-2.561,5.000
-5.710,-2.583,5.000
-5.597,-2.558,5.000
-5.572,-2.574,5.000
-5.558,-2.594,5.000
-5.552,-2.618,5.000
-5.532,-2.635,5.000
-5.675,-2.730,5.000
-5.521,-2.683,5.000
-5.631,-2.764,5.000
-5.518,-2.735,5.000
-5.508,-2.757,5.000
-5.497,-2.779,5.000
-5.573,-2.845,5.000
-5.470,-2.819,5.000
-5.436,-2.829,5.000
-5.462,-2.870,5.000
-5.446,-2.889,5.000
-5.485,-2.937,5.000
-5.477,-2.961,5.000
-5.573,-3.041,5.000
-5.556,-3.060,5.000
-5.420,-3.013,5.000
-5.426,-3.044,5.000
-5.405,-3.060,5.000
-5.402,-3.087,5.000
-5.394,-3.110,5.000
-5.373,-3.126,5.000
-5.457,-3.204,5.000
-5.500,-3.259,5.000
-5.340,-3.192,5.000
-5.341,-3.221,5.000
-5.371,-3.269,5.000
-5.359,-3.290,5.000
-5.350,-3.313,5.000
-5.345,-3.340,5.000
-5.324,-3.355,5.000
-5.382,-3.422,5.000
-5.289,-3.392,5.000
-5.284,-3.418,5.000
-5.375,-3.507,5.000
-5.278,-3.473,5.000
-5.252,-3.485,5.000
-5.280,-3.534,5.000
-5.351,-3.612,5.000
-5.260,-3.581,5.000
-5.233,-3.593,5.000
-5.223,-3.616,5.000
-5.209,-3.637,5.000
-5.195,-3.657,5.000
-5.176,-3.675,5.000
-5.324,-3.811,5.000
-5.282,-3.813,5.000
-5.193,-3.779,5.000
-5.271,-3.868,5.000
-5.159,-3.817,5.000
-5.171,-3.858,5.000
-5.125,-3.855,5.000
-5.217,-3.956,5.000
-5.106,-3.904,5.000
-5.242,-4.040,5.000
-5.125,-3.982,5.000
-5.128,-4.017,5.000
-5.094,-4.023,5.000
-5.171,-4.116,5.000
-5.066,-4.065,5.000
-5.079,-4.109,5.000
-5.100,-4.159,5.000
-5.152,-4.236,5.000
-5.045,-4.181,5.000
-5.036,-4.207,5.000
-5.034,-4.239,5.000
-5.130,-4.354,5.000
-4.979,-4.260,5.000
-4.969,-4.286,5.000
-4.998,-4.345,5.000
-4.992,-4.374,5.000
-4.947,-4.369,5.000
-5.029,-4.477,5.000
-5.008,-4.494,5.000
-4.888,-4.421,5.000
-4.895,-4.462,5.000
-4.915,-4.515,5.000
-4.987,-4.618,5.000
-4.889,-4.563,5.000
-4.960,-4.666,5.000
-4.850,-4.598,5.000
-4.835,-4.621,5.000
-4.850,-4.671,5.000
-4.902,-4.759,5.000
-4.816,-4.712,5.000
-4.895,-4.828,5.000
-4.785,-4.756,5.000
-4.879,-4.888,5.000
-4.801,-4.848,5.000
-4.927,-5.014,5.000
-4.845,-4.970,5.000
-4.737,-4.898,5.000
-4.844,-5.048,5.000
-4.813,-5.054,5.000
-4.787,-5.067,5.000
-4.702,-5.017,5.000
-4.673,-5.025,5.000
-4.677,-5.069,5.000
-4.786,-5.228,5.000
-4.737,-5.216,5.000
-4.708,-5.226,5.000
-4.640,-5.190,5.000
-4.605,-5.193,5.000
-4.693,-5.334,5.000
-4.664,-5.343,5.000
-4.646,-5.364,5.000
-4.559,-5.306,5.000
-4.574,-5.366,5.000
-4.627,-5.471,5.000
-4.598,-5.480,5.000
-4.617,-5.548,5.000
-4.523,-5.478,5.000
-4.517,-5.515,5.000
-4.564,-5.617,5.000
-4.487,-5.566,5.000
-4.472,-5.593,5.000
-4.455,-5.617,5.000
-4.547,-5.780,5.000
-4.441,-5.690,5.000
-4.485,-5.794,5.000
-4.403,-5.734,5.000
-4.380,-5.752,5.000
-4.355,-5.766,5.000
-4.356,-5.814,5.000
-4.345,-5.847,5.000
-4.318,-5.858,5.000
-4.301,-5.884,5.000
-4.267,-5.885,5.000
-4.307,-5.990,5.000
-4.225,-5.925,5.000
-4.206,-5.948,5.000
-4.189,-5.974,5.000
-4.148,-5.965,5.000
-4.129,-5.987,5.000
-4.171,-6.099,5.000
-4.084,-6.023,5.000
-4.114,-6.119,5.000
-4.037,-6.055,5.000
-4.015,-6.074,5.000
-4.000,-6.103,5.000
-4.026,-6.196,5.000
-3.989,-6.192,5.000
-3.925,-6.146,5.000
-3.893,-6.148,5.000
-3.858,-6.147,5.000
-3.846,-6.182,5.000
-3.818,-6.190,5.000
-3.804,-6.222,5.000
-3.823,-6.309,5.000
-3.751,-6.245,5.000
-3.774,-6.339,5.000
-3.698,-6.268,5.000
-3.681,-6.296,5.000
-3.654,-6.307,5.000
-3.622,-6.307,5.000
-3.643,-6.402,5.000
-3.612,-6.407,5.000
-3.549,-6.353,5.000
-3.522,-6.363,5.000
-3.506,-6.394,5.000
-3.479,-6.405,5.000
-3.498,-6.500,5.000
-3.434,-6.442,5.000
-3.431,-6.497,5.000
-3.409,-6.517,5.000
-3.324,-6.416,5.000
-3.342,-6.513,5.000
-3.273,-6.442,5.000
-3.244,-6.447,5.000
-3.268,-6.558,5.000
-3.192,-6.469,5.000
-3.216,-6.584,5.000
-3.150,-6.512,5.000
-3.119,-6.513,5.000
-3.102,-6.544,5.000
-3.113,-6.634,5.000
-3.060,-6.589,5.000
-3.039,-6.612,5.000
-2.994,-6.581,5.000
-2.938,-6.527,5.000
-2.919,-6.553,5.000
-2.929,-6.645,5.000
-2.872,-6.587,5.000
-2.881,-6.678,5.000
-2.814,-6.594,5.000
-2.827,-6.697,5.000
-2.801,-6.708,5.000
-2.736,-6.627,5.000
-2.712,-6.641,5.000
-2.681,-6.641,5.000
-2.696,-6.755,5.000
-2.668,-6.762,5.000
-2.663,-6.827,5.000
-2.579,-6.690,5.000
-2.551,-6.696,5.000
-2.525,-6.706,5.000
-2.483,-6.674,5.000
-2.470,-6.718,5.000
-2.426,-6.682,5.000
-2.436,-6.790,5.000
-2.372,-6.697,5.000
-2.384,-6.813,5.000
-2.322,-6.723,5.000
-2.297,-6.736,5.000
-2.270,-6.741,5.000
-2.275,-6.846,5.000
-2.214,-6.751,5.000
-2.189,-6.763,5.000
-2.226,-6.973,5.000
-2.137,-6.784,5.000
-2.119,-6.820,5.000
-2.114,-6.901,5.000
-2.063,-6.828,5.000
-2.060,-6.918,5.000
-2.006,-6.837,5.000
-1.974,-6.825,5.000
-1.974,-6.926,5.000
-1.951,-6.949,5.000
-1.925,-6.961,5.000
-1.895,-6.960,5.000
-1.842,-6.870,5.000
-1.815,-6.877,5.000
-1.789,-6.888,5.000
-1.784,-6.982,5.000
-1.764,-7.019,5.000
-1.725,-6.980,5.000
-1.664,-6.851,5.000
-1.654,-6.926,5.000
-1.611,-6.864,5.000
-1.585,-6.879,5.000
-1.583,-6.993,5.000
-1.531,-6.891,5.000
-1.504,-6.897,5.000
-1.476,-6.899,5.000
-1.450,-6.908,5.000
-1.435,-6.971,5.000
-1.397,-6.924,5.000
-1.367,-6.917,5.000
-1.341,-6.926,5.000
-1.313,-6.927,5.000
-1.303,-7.026,5.000
-1.257,-6.933,5.000
-1.231,-6.942,5.000
-1.220,-7.044,5.000
-1.192,-7.045,5.000
-1.145,-6.936,5.000
-1.120,-6.949,5.000
-1.110,-7.067,5.000
-1.082,-7.071,5.000
-1.040,-6.978,5.000
-1.014,-6.994,5.000
-0.998,-7.079,5.000
-0.959,-6.998,5.000
-0.944,-7.095,5.000
-0.904,-7.005,5.000
-0.873,-6.980,5.000
-0.849,-7.012,5.000
-0.834,-7.129,5.000
-0.792,-7.002,5.000
-0.765,-7.013,5.000
-0.738,-7.020,5.000
-0.709,-7.011,5.000
-0.682,-7.022,5.000
-0.655,-7.024,5.000
-0.637,-7.133,5.000
-0.600,-7.033,5.000
-0.581,-7.142,5.000
-0.544,-7.034,5.000
-0.517,-7.040,5.000
-0.490,-7.054,5.000
-0.468,-7.134,5.000
-0.434,-7.046,5.000
-0.406,-7.035,5.000
-0.378,-7.040,5.000
-0.350,-7.038,5.000
-0.328,-7.150,5.000
-0.299,-7.139,5.000
-0.267,-7.046,5.000
-0.243,-7.145,5.000
-0.215,-7.146,5.000
-0.187,-7.155,5.000
-0.157,-7.049,5.000
-0.129,-7.049,5.000
-0.103,-7.161,5.000
-0.073,-7.038,5.000
-0.046,-7.059,5.000
-0.018,-7.166,5.000
0.010,-7.055,5.000
0.037,-7.059,5.000
0.065,-7.055,5.000
0.094,-7.169,5.000
0.120,-7.058,5.000
0.150,-7.132,5.000
0.176,-7.061,5.000
0.204,-7.056,5.000
0.231,-7.055,5.000
0.263,-7.169,5.000
0.293,-7.204,5.000
0.319,-7.154,5.000
0.342,-7.055,5.000
0.370,-7.053,5.000
0.402,-7.130,5.000
0.425,-7.038,5.000
0.460,-7.155,5.000
0.480,-7.030,5.000
0.510,-7.057,5.000
0.537,-7.051,5.000
0.571,-7.127,5.000
0.599,-7.128,5.000
0.619,-7.032,5.000
0.646,-7.021,5.000
0.675,-7.031,5.000
0.712,-7.130,5.000
0.739,-7.115,5.000
0.757,-7.018,5.000
0.785,-7.019,5.000
0.812,-7.012,5.000
0.838,-6.992,5.000
0.866,-6.997,5.000
0.894,-6.998,5.000
0.923,-7.007,5.000
0.971,-7.152,5.000
0.977,-6.991,5.000
1.004,-6.983,5.000
1.033,-6.991,5.000
1.074,-7.076,5.000
1.086,-6.967,5.000
1.114,-6.970,5.000
1.142,-6.970,5.000
1.169,-6.961,5.000
1.196,-6.957,5.000
1.241,-7.049,5.000
1.251,-6.947,5.000
1.277,-6.934,5.000
1.307,-6.945,5.000
1.332,-6.928,5.000
1.359,-6.923,5.000
1.388,-6.925,5.000
1.413,-6.908,5.000
1.462,-7.007,5.000
1.469,-6.904,5.000
1.518,-6.999,5.000
1.520,-6.881,5.000
1.551,-6.891,5.000
1.577,-6.881,5.000
1.627,-6.974,5.000
1.631,-6.868,5.000
1.672,-6.918,5.000
1.681,-6.839,5.000
1.730,-6.920,5.000
1.746,-6.870,5.000
1.779,-6.887,5.000
1.837,-6.997,5.000
1.849,-6.931,5.000
1.859,-6.861,5.000
1.888,-6.862,5.000
1.918,-6.866,5.000
1.965,-6.928,5.000
1.968,-6.835,5.000
1.998,-6.839,5.000
2.020,-6.815,5.000
2.078,-6.912,5.000
2.074,-6.799,5.000
2.102,-6.795,5.000
2.144,-6.837,5.000
2.153,-6.771,5.000
2.230,-6.919,5.000
2.227,-6.819,5.000
2.253,-6.807,5.000
2.311,-6.892,5.000
2.306,-6.789,5.000
2.333,-6.779,5.000
2.362,-6.778,5.000
2.419,-6.855,5.000
2.418,-6.767,5.000
2.443,-6.753,5.000
2.468,-6.740,5.000
2.525,-6.812,5.000
2.518,-6.713,5.000
2.545,-6.703,5.000
2.583,-6.723,5.000
2.635,-6.779,5.000
2.643,-6.721,5.000
2.669,-6.710,5.000
2.697,-6.704,5.000
2.723,-6.693,5.000
2.749,-6.682,5.000
2.780,-6.682,5.000
2.840,-6.751,5.000
2.856,-6.715,5.000
2.854,-6.638,5.000
2.883,-6.634,5.000
2.920,-6.648,5.000
2.956,-6.658,5.000
2.981,-6.643,5.000
3.045,-6.716,5.000
3.034,-6.623,5.000
3.060,-6.611,5.000
3.091,-6.609,5.000
3.153,-6.674,5.000
3.133,-6.564,5.000
3.204,-6.645,5.000
3.234,-6.640,5.000
3.214,-6.533,5.000
3.255,-6.552,5.000
3.288,-6.553,5.000
3.292,-6.498,5.000
3.344,-6.537,5.000
3.361,-6.507,5.000
3.390,-6.501,5.000
3.416,-6.487,5.000
3.416,-6.426,5.000
3.454,-6.436,5.000
3.462,-6.392,5.000
3.541,-6.476,5.000
3.559,-6.449,5.000
3.512,-6.306,5.000
3.539,-6.295,5.000
3.568,-6.288,5.000
3.639,-6.356,5.000
3.595,-6.222,5.000
3.613,-6.197,5.000
3.605,-6.127,5.000
3.633,-6.120,5.000
3.682,-6.147,5.000
3.647,-6.034,5.000
3.655,-5.995,5.000
3.672,-5.970,5.000
3.737,-6.023,5.000
3.745,-5.983,5.000
3.747,-5.933,5.000
3.696,-5.803,5.000
3.733,-5.810,5.000
3.720,-5.741,5.000
3.745,-5.730,5.000
3.816,-5.788,5.000
3.773,-5.674,5.000
3.820,-5.696,5.000
3.775,-5.581,5.000
3.807,-5.581,5.000
3.834,-5.574,5.000
3.838,-5.533,5.000
3.875,-5.540,5.000
3.958,-5.612,5.000
3.980,-5.596,5.000
3.943,-5.497,5.000
3.959,-5.475,5.000
3.972,-5.448,5.000
4.054,-5.515,5.000
4.020,-5.424,5.000
4.047,-5.415,5.000
4.125,-5.474,5.000
4.087,-5.380,5.000
4.173,-5.448,5.000
4.126,-5.344,5.000
4.155,-5.338,5.000
4.123,-5.254,5.000
4.206,-5.316,5.000
4.243,-5.320,5.000
4.205,-5.230,5.000
4.222,-5.210,5.000
4.237,-5.186,5.000
4.315,-5.239,5.000
4.347,-5.236,5.000
4.301,-5.139,5.000
4.436,-5.259,5.000
4.290,-5.046,5.000
4.310,-5.029,5.000
4.408,-5.102,5.000
4.346,-4.991,5.000
4.381,-4.992,5.000
4.395,-4.967,5.000
4.487,-5.032,5.000
4.498,-5.004,5.000
4.521,-4.990,5.000
4.469,-4.894,5.000
4.491,-4.880,5.000
4.548,-4.903,5.000
4.482,-4.793,5.000
4.500,-4.776,5.000
4.532,-4.772,5.000
4.574,-4.777,5.000
4.556,-4.722,5.000
4.650,-4.781,5.000
4.587,-4.679,5.000
4.615,-4.672,5.000
4.633,-4.653,5.000
4.652,-4.635,5.000
4.666,-4.613,5.000
4.765,-4.674,5.000
4.756,-4.629,5.000
4.721,-4.558,5.000
4.711,-4.513,5.000
4.715,-4.482,5.000
4.725,-4.456,5.000
4.739,-4.434,5.000
4.764,-4.422,5.000
4.781,-4.404,5.000
4.882,-4.462,5.000
4.812,-4.363,5.000
4.815,-4.331,5.000
4.850,-4.328,5.000
4.952,-4.384,5.000
4.965,-4.362,5.000
4.918,-4.286,5.000
4.855,-4.197,5.000
4.875,-4.181,5.000
4.987,-4.243,5.000
4.892,-4.130,5.000
4.909,-4.111,5.000
4.936,-4.101,5.000
4.960,-4.088,5.000
5.062,-4.139,5.000
5.100,-4.137,5.000
5.057,-4.069,5.000
5.118,-4.085,5.000
5.039,-3.990,5.000
5.070,-3.982,5.000
5.070,-3.950,5.000
5.219,-4.032,5.000
5.054,-3.874,5.000
5.050,-3.839,5.000
5.132,-3.870,5.000
5.092,-3.808,5.000
5.110,-3.791,5.000
5.125,-3.771,5.000
5.144,-3.754,5.000
5.139,-3.719,5.000
5.165,-3.707,5.000
5.188,-3.693,5.000
5.295,-3.737,5.000
5.201,-3.640,5.000
5.243,-3.640,5.000
5.237,-3.605,5.000
5.239,-3.576,5.000
5.249,-3.553,5.000
5.381,-3.611,5.000
5.289,-3.520,5.000
5.303,-3.499,5.000
5.317,-3.478,5.000
5.334,-3.460,5.000
5.331,-3.428,5.000
5.461,-3.481,5.000
5.366,-3.391,5.000
5.333,-3.341,5.000
5.456,-3.388,5.000
5.350,-3.294,5.000
5.372,-3.278,5.000
5.389,-3.259,5.000
5.475,-3.282,5.000
5.521,-3.280,5.000
5.418,-3.190,5.000
5.444,-3.177,5.000
5.555,-3.213,5.000
5.564,-3.188,5.000
5.459,-3.100,5.000
5.669,-3.190,5.000
5.483,-3.057,5.000
5.508,-3.043,5.000
5.520,-3.021,5.000
5.590,-3.030,5.000
5.539,-2.975,5.000
5.635,-2.998,5.000
5.563,-2.931,5.000
5.565,-2.905,5.000
5.594,-2.892,5.000
5.592,-2.863,5.000
5.603,-2.841,5.000
5.717,-2.871,5.000
5.662,-2.815,5.000
5.582,-2.748,5.000
5.738,-2.797,5.000
5.717,-2.759,5.000
5.678,-2.713,5.000
5.619,-2.658,5.000
5.653,-2.647,5.000
5.617,-2.603,5.000
5.775,-2.648,5.000
5.675,-2.575,5.000
5.671,-2.547,5.000
5.792,-2.574,5.000
5.714,-2.513,5.000
5.775,-2.512,5.000
5.710,-2.457,5.000
5.841,-2.487,5.000
5.851,-2.464,5.000
5.748,-2.394,5.000
5.753,-2.369,5.000
5.771,-2.351,5.000
5.879,-2.368,5.000
5.804,-2.311,5.000
5.779,-2.275,5.000
5.803,-2.258,5.000
5.925,-2.279,5.000
5.816,-2.210,5.000
5.938,-2.230,5.000
5.933,-2.202,5.000
5.941,-2.178,5.000
5.806,-2.103,5.000
5.939,-2.125,5.000
5.851,-2.067,5.000
5.830,-2.034,5.000
5.813,-2.003,5.000
5.816,-1.978,5.000
5.946,-1.996,5.000
5.842,-1.936,5.000
5.834,-1.908,5.000
5.960,-1.923,5.000
5.834,-1.857,5.000
5.861,-1.841,5.000
5.893,-1.825,5.000
5.865,-1.791,5.000
6.011,-1.810,5.000
5.864,-1.741,5.000
5.896,-1.725,5.000
6.027,-1.738,5.000
5.945,-1.689,5.000
6.026,-1.686,5.000
6.057,-1.669,5.000
5.934,-1.610,5.000
6.050,-1.616,5.000
5.952,-1.565,5.000
6.073,-1.571,5.000
5.984,-1.523,5.000
6.100,-1.527,5.000
5.975,-1.471,5.000
5.981,-1.448,5.000
5.966,-1.419,5.000
5.998,-1.402,5.000
5.998,-1.377,5.000
6.124,-1.381,5.000
6.003,-1.329,5.000
5.983,-1.300,5.000
6.014,-1.282,5.000
6.135,-1.282,5.000
6.024,-1.234,5.000
6.234,-1.252,5.000
6.033,-1.187,5.000
6.007,-1.157,5.000
6.037,-1.138,5.000
6.031,-1.113,5.000
6.030,-1.088,5.000
6.045,-1.066,5.000
6.059,-1.044,5.000
6.176,-1.039,5.000
6.078,-0.998,5.000
6.153,-0.986,5.000
6.085,-0.951,5.000
6.068,-0.924,5.000
6.077,-0.900,5.000
6.091,-0.878,5.000
6.105,-0.856,5.000
6.220,-0.847,5.000
6.224,-0.822,5.000
6.227,-0.798,5.000
6.240,-0.775,5.000
6.238,-0.750,5.000
6.108,-0.710,5.000
6.152,-0.690,5.000
6.134,-0.664,5.000
6.105,-0.636,5.000
6.282,-0.630,5.000
6.115,-0.589,5.000
6.174,-0.570,5.000
6.135,-0.542,5.000
6.321,-0.534,5.000
6.139,-0.494,5.000
6.183,-0.473,5.000
6.346,-0.461,5.000
6.207,-0.426,5.000
6.208,-0.402,5.000
6.220,-0.378,5.000
6.252,-0.355,5.000
6.334,-0.335,5.000
6.326,-0.309,5.000
6.215,-0.279,5.000
6.353,-0.261,5.000
6.202,-0.230,5.000
6.218,-0.206,5.000
6.360,-0.186,5.000
6.209,-0.157,5.000
6.367,-0.136,5.000
6.226,-0.109,5.000
6.333,-0.086,5.000
6.206,-0.059,5.500
6.283,-0.035,5.500
6.383,-0.011,5.500
6.318,0.014,5.500
6.293,0.039,5.500
6.412,0.065,5.500
6.422,0.090,5.500
6.297,0.113,5.500
6.291,0.138,5.500
6.415,0.165,5.500
6.275,0.187,5.500
6.404,0.216,5.500
6.283,0.236,5.500
6.303,0.262,5.500
6.286,0.286,5.500
6.405,0.316,5.500
6.423,0.343,5.500
6.407,0.367,5.500
6.366,0.390,5.500
6.274,0.409,5.500
6.258,0.432,5.500
6.483,0.474,5.500
6.289,0.484,5.500
6.272,0.508,5.500
6.399,0.543,5.500
6.348,0.564,5.500
6.271,0.582,5.500
6.314,0.611,5.500
6.438,0.649,5.500
6.319,0.662,5.500
6.316,0.687,5.500
6.430,0.725,5.500
6.330,0.739,5.500
6.312,0.762,5.500
6.445,0.803,5.500
6.321,0.813,5.500
6.318,0.838,5.500
6.309,0.862,5.500
6.408,0.901,5.500
6.233,0.902,5.500
6.314,0.939,5.500
6.492,0.991,5.500
6.321,0.991,5.500
6.336,1.018,5.500
6.351,1.047,5.500
6.323,1.067,5.500
6.309,1.091,5.500
