X,Y,Z
# Scan parameters: Height: 20cm, Layer height: 0.50cm
# Data points below:
6.867,0.000,0.000
7.234,0.028,0.000
7.742,0.061,0.000
7.863,0.093,0.000
7.843,0.123,0.000
7.895,0.155,0.000
8.001,0.189,0.000
8.106,0.223,0.000
7.906,0.248,0.000
7.885,0.279,0.000
7.894,0.310,0.000
8.144,0.352,0.000
7.895,0.372,0.000
7.854,0.401,0.000
7.911,0.435,0.000
8.156,0.481,0.000
7.936,0.499,0.000
7.944,0.531,0.000
7.977,0.565,0.000
8.192,0.612,0.000
8.130,0.640,0.000
7.944,0.657,0.000
7.961,0.689,0.000
7.964,0.721,0.000
7.964,0.753,0.000
7.980,0.786,0.000
8.210,0.841,0.000
7.993,0.851,0.000
8.078,0.892,0.000
7.998,0.915,0.000
8.216,0.972,0.000
8.019,0.981,0.000
8.220,1.038,0.000
7.986,1.041,0.000
8.040,1.080,0.000
8.084,1.118,0.000
8.274,1.178,0.000
8.015,1.173,0.000
8.100,1.218,0.000
8.074,1.246,0.000
8.274,1.310,0.000
8.254,1.341,0.000
8.053,1.340,0.000
8.086,1.379,0.000
8.078,1.410,0.000
8.282,1.479,0.000
8.046,1.469,0.000
8.116,1.515,0.000
8.081,1.542,0.000
8.271,1.612,0.000
8.092,1.610,0.000
8.131,1.651,0.000
8.116,1.681,0.000
8.112,1.713,0.000
8.186,1.762,0.000
8.322,1.826,0.000
8.128,1.817,0.000
8.118,1.848,0.000
8.313,1.927,0.000
8.334,1.966,0.000
8.134,1.953,0.000
8.135,1.987,0.000
8.170,2.030,0.000
8.141,2.056,0.000
8.143,2.091,0.000
8.295,2.165,0.000
8.162,2.164,0.000
8.150,2.195,0.000
8.187,2.240,0.000
8.353,2.320,0.000
8.187,2.309,0.000
8.191,2.345,0.000
8.189,2.379,0.000
8.364,2.466,0.000
8.163,2.441,0.000
8.176,2.480,0.000
8.181,2.517,0.000
8.179,2.551,0.000
8.194,2.591,0.000
8.194,2.627,0.000
8.373,2.721,0.000
8.202,2.701,0.000
8.349,2.785,0.000
8.282,2.799,0.000
8.202,2.808,0.000
8.219,2.850,0.000
8.215,2.885,0.000
8.383,2.981,0.000
8.218,2.959,0.000
8.207,2.991,0.000
8.376,3.090,0.000
8.236,3.075,0.000
8.213,3.103,0.000
8.223,3.144,0.000
8.218,3.179,0.000
8.196,3.208,0.000
8.219,3.254,0.000
8.358,3.347,0.000
8.222,3.330,0.000
8.236,3.373,0.000
8.229,3.408,0.000
8.256,3.458,0.000
8.270,3.502,0.000
8.250,3.532,0.000
8.389,3.630,0.000
8.245,3.606,0.000
8.253,3.649,0.000
8.229,3.677,0.000
8.372,3.780,0.000
8.388,3.827,0.000
8.256,3.806,0.000
8.239,3.837,0.000
8.245,3.880,0.000
8.218,3.907,0.000
8.369,4.019,0.000
8.353,4.051,0.000
8.218,4.026,0.000
8.235,4.075,0.000
8.245,4.120,0.000
8.239,4.157,0.000
8.361,4.260,0.000
8.224,4.231,0.000
8.229,4.275,0.000
8.343,4.376,0.000
8.230,4.357,0.000
8.358,4.467,0.000
8.218,4.434,0.000
8.222,4.478,0.000
8.202,4.509,0.000
8.193,4.546,0.000
8.316,4.657,0.000
8.176,4.621,0.000
8.156,4.652,0.000
8.141,4.686,0.000
8.128,4.721,0.000
8.096,4.745,0.000
8.173,4.834,0.000
8.177,4.879,0.000
8.044,4.843,0.000
8.022,4.873,0.000
8.008,4.907,0.000
8.104,5.010,0.000
7.969,4.970,0.000
8.069,5.076,0.000
8.032,5.097,0.000
7.902,5.058,0.000
7.890,5.094,0.000
7.893,5.140,0.000
7.975,5.239,0.000
7.828,5.186,0.000
7.819,5.224,0.000
7.881,5.311,0.000
7.747,5.265,0.000
7.726,5.295,0.000
7.700,5.322,0.000
7.793,5.432,0.000
7.637,5.367,0.000
7.622,5.402,0.000
7.583,5.419,0.000
7.626,5.495,0.000
7.529,5.470,0.000
7.517,5.507,0.000
7.459,5.510,0.000
7.436,5.538,0.000
7.417,5.569,0.000
7.490,5.670,0.000
7.352,5.611,0.000
7.324,5.635,0.000
7.282,5.648,0.000
7.269,5.684,0.000
7.354,5.797,0.000
7.218,5.736,0.000
7.285,5.836,0.000
7.146,5.771,0.000
7.226,5.883,0.000
7.214,5.920,0.000
7.065,5.844,0.000
7.043,5.873,0.000
7.009,5.891,0.000
7.081,6.000,0.000
7.084,6.050,0.000
6.923,5.960,0.000
6.896,5.984,0.000
6.866,6.005,0.000
6.941,6.119,0.000
6.812,6.053,0.000
6.777,6.070,0.000
6.756,6.099,0.000
6.730,6.124,0.000
6.813,6.249,0.000
6.817,6.302,0.000
6.653,6.199,0.000
6.731,6.321,0.000
6.694,6.336,0.000
6.559,6.257,0.000
6.529,6.278,0.000
6.501,6.300,0.000
6.573,6.420,0.000
6.540,6.438,0.000
6.409,6.359,0.000
6.391,6.391,0.000
6.338,6.388,0.000
6.310,6.410,0.000
6.293,6.443,0.000
6.266,6.466,0.000
6.221,6.471,0.000
6.188,6.487,0.000
6.172,6.521,0.000
6.246,6.651,0.000
6.114,6.563,0.000
6.087,6.585,0.000
6.152,6.708,0.000
6.120,6.725,0.000
6.098,6.754,0.000
5.969,6.664,0.000
6.034,6.791,0.000
5.912,6.706,0.000
5.853,6.692,0.000
5.833,6.722,0.000
5.808,6.746,0.000
5.783,6.771,0.000
5.765,6.804,0.000
5.728,6.814,0.000
5.807,6.963,0.000
5.662,6.845,0.000
5.646,6.880,0.000
5.706,7.009,0.000
5.572,6.900,0.000
5.625,7.021,0.000
5.519,6.945,0.000
5.485,6.957,0.000
5.548,7.094,0.000
5.507,7.100,0.000
5.391,7.006,0.000
5.457,7.150,0.000
5.433,7.177,0.000
5.308,7.069,0.000
5.374,7.216,0.000
5.246,7.103,0.000
5.203,7.102,0.000
5.193,7.148,0.000
5.142,7.137,0.000
5.218,7.301,0.000
5.190,7.324,0.000
5.059,7.199,0.000
5.131,7.362,0.000
5.100,7.379,0.000
4.974,7.258,0.000
5.033,7.405,0.000
4.916,7.295,0.000
4.888,7.316,0.000
4.843,7.311,0.000
4.813,7.328,0.000
4.784,7.346,0.000
4.756,7.365,0.000
4.727,7.384,0.000
4.696,7.400,0.000
4.674,7.429,0.000
4.642,7.443,0.000
4.614,7.463,0.000
4.582,7.477,0.000
4.551,7.493,0.000
4.610,7.657,0.000
4.492,7.529,0.000
4.587,7.756,0.000
4.437,7.570,0.000
4.492,7.734,0.000
4.370,7.592,0.000
4.426,7.759,0.000
4.395,7.776,0.000
4.283,7.647,0.000
4.315,7.776,0.000
4.229,7.693,0.000
4.213,7.736,0.000
4.163,7.716,0.000
4.141,7.747,0.000
4.108,7.759,0.000
4.089,7.797,0.000
4.057,7.810,0.000
4.027,7.826,0.000
3.999,7.849,0.000
4.043,8.012,0.000
3.926,7.858,0.000
3.985,8.054,0.000
3.869,7.897,0.000
3.841,7.919,0.000
3.884,8.088,0.000
3.791,7.975,0.000
3.767,8.005,0.000
3.770,8.093,0.000
3.707,8.041,0.000
3.669,8.043,0.000
3.638,8.057,0.000
3.604,8.067,0.000
3.574,8.085,0.000
3.544,8.101,0.000
3.510,8.111,0.000
3.477,8.122,0.000
3.448,8.143,0.000
3.421,8.167,0.000
3.382,8.165,0.000
3.350,8.178,0.000
3.320,8.196,0.000
3.286,8.204,0.000
3.293,8.318,0.000
3.279,8.378,0.000
3.189,8.242,0.000
3.220,8.420,0.000
3.166,8.378,0.000
3.081,8.252,0.000
3.105,8.417,0.000
3.022,8.292,0.000
2.981,8.281,0.000
2.950,8.297,0.000
2.915,8.302,0.000
2.882,8.311,0.000
2.853,8.334,0.000
2.824,8.354,0.000
2.786,8.351,0.000
2.754,8.364,0.000
2.779,8.552,0.000
2.747,8.570,0.000
2.733,8.642,0.000
2.652,8.500,0.000
2.678,8.704,0.000
2.603,8.581,0.000
2.578,8.620,0.000
2.552,8.656,0.000
2.521,8.677,0.000
2.493,8.710,0.000
2.459,8.720,0.000
2.434,8.763,0.000
2.401,8.777,0.000
2.369,8.795,0.000
2.343,8.838,0.000
2.306,8.838,0.000
2.309,8.992,0.000
2.243,8.881,0.000
2.217,8.925,0.000
2.201,9.013,0.000
2.132,8.880,0.000
2.133,9.040,0.000
2.093,9.030,0.000
2.021,8.879,0.000
2.015,9.016,0.000
1.951,8.892,0.000
1.917,8.904,0.000
1.883,8.916,0.000
1.847,8.917,0.000
1.810,8.916,0.000
1.806,9.081,0.000
1.745,8.957,0.000
1.712,8.975,0.000
1.675,8.973,0.000
1.641,8.988,0.000
1.605,8.986,0.000
1.571,9.001,0.000
1.535,9.002,0.000
1.499,9.004,0.000
1.464,9.016,0.000
1.432,9.043,0.000
1.398,9.055,0.000
1.387,9.225,0.000
1.327,9.070,0.000
1.311,9.213,0.000
1.276,9.222,0.000
1.218,9.068,0.000
1.203,9.230,0.000
1.176,9.312,0.000
1.115,9.118,0.000
1.098,9.274,0.000
1.060,9.272,0.000
1.009,9.141,0.000
0.988,9.288,0.000
0.938,9.151,0.000
0.910,9.239,0.000
0.882,9.332,0.000
0.831,9.180,0.000
0.807,9.321,0.000
0.759,9.184,0.000
0.725,9.206,0.000
0.701,9.372,0.000
0.654,9.234,0.000
0.627,9.373,0.000
0.582,9.251,0.000
0.555,9.418,0.000
0.510,9.259,0.000
0.475,9.304,0.000
0.445,9.438,0.000
0.403,9.316,0.000
0.367,9.333,0.000
0.335,9.476,0.000
0.293,9.334,0.000
0.260,9.465,0.000
0.221,9.358,0.000
0.184,9.362,0.000
0.149,9.479,0.000
0.110,9.364,0.000
0.074,9.395,0.000
0.037,9.398,0.000
-0.000,9.398,0.000
-0.038,9.551,0.000
-0.074,9.417,0.000
-0.113,9.562,0.000
-0.148,9.416,0.000
-0.185,9.423,0.000
-0.222,9.420,0.000
-0.262,9.527,0.000
-0.299,9.513,0.000
-0.331,9.358,0.000
-0.373,9.496,0.000
-0.410,9.481,0.000
-0.445,9.426,0.000
-0.475,9.292,0.000
-0.509,9.241,0.000
-0.543,9.208,0.000
-0.577,9.172,0.000
-0.611,9.136,0.000
-0.644,9.090,0.000
-0.678,9.066,0.000
-0.710,9.025,0.000
-0.744,8.998,0.000
-0.777,8.977,0.000
-0.809,8.931,0.000
-0.842,8.907,0.000
-0.876,8.892,0.000
-0.906,8.839,0.000
-0.939,8.821,0.000
-0.990,8.965,0.000
-1.002,8.759,0.000
-1.043,8.812,0.000
-1.086,8.880,0.000
-1.099,8.700,0.000
-1.147,8.799,0.000
-1.158,8.625,0.000
-1.211,8.752,0.000
-1.219,8.567,0.000
-1.278,8.730,0.000
-1.283,8.532,0.000
-1.311,8.496,0.000
-1.376,8.686,0.000
-1.371,8.441,0.000
-1.403,8.431,0.000
-1.437,8.428,0.000
-1.465,8.393,0.000
-1.493,8.358,0.000
-1.521,8.328,0.000
-1.554,8.322,0.000
-1.582,8.291,0.000
-1.607,8.247,0.000
-1.637,8.230,0.000
-1.671,8.234,0.000
-1.694,8.181,0.000
-1.763,8.349,0.000
-1.751,8.134,0.000
-1.824,8.314,0.000
-1.854,8.294,0.000
-1.838,8.073,0.000
-1.915,8.263,0.000
-1.894,8.027,0.000
-1.973,8.218,0.000
-1.999,8.184,0.000
-1.977,7.958,0.000
-2.048,8.108,0.000
-2.024,7.884,0.000
-2.061,7.897,0.000
-2.081,7.847,0.000
-2.165,8.039,0.000
-2.143,7.834,0.000
-2.167,7.801,0.000
-2.191,7.769,0.000
-2.283,7.974,0.000
-2.254,7.758,0.000
-2.270,7.701,0.000
-2.310,7.725,0.000
-2.338,7.707,0.000
-2.363,7.680,0.000
-2.380,7.631,0.000
-2.471,7.813,0.000
-2.506,7.817,0.000
-2.454,7.554,0.000
-2.554,7.757,0.000
-2.569,7.701,0.000
-2.525,7.472,0.000
-2.631,7.684,0.000
-2.570,7.411,0.000
-2.607,7.423,0.000
-2.703,7.603,0.000
-2.654,7.371,0.000
-2.762,7.578,0.000
-2.734,7.412,0.000
-2.726,7.301,0.000
-2.754,7.287,0.000
-2.868,7.502,0.000
-2.800,7.237,0.000
-2.909,7.432,0.000
-2.938,7.420,0.000
-2.921,7.294,0.000
-2.899,7.157,0.000
-2.981,7.277,0.000
-3.014,7.278,0.000
-2.956,7.058,0.000
-3.035,7.167,0.000
-2.992,6.989,0.000
-3.018,6.974,0.000
-3.123,7.140,0.000
-3.058,6.917,0.000
-3.078,6.889,0.000
-3.109,6.886,0.000
-3.132,6.864,0.000
-3.139,6.809,0.000
-3.269,7.019,0.000
-3.192,6.784,0.000
-3.314,6.971,0.000
-3.352,6.980,0.000
-3.267,6.736,0.000
-3.394,6.928,0.000
-3.315,6.700,0.000
-3.398,6.801,0.000
-3.428,6.794,0.000
-3.380,6.634,0.000
-3.520,6.842,0.000
-3.550,6.834,0.000
-3.456,6.590,0.000
-3.602,6.803,0.000
-3.508,6.563,0.000
-3.534,6.549,0.000
-3.731,6.850,0.000
-3.705,6.739,0.000
-3.614,6.514,0.000
-3.761,6.716,0.000
-3.639,6.439,0.000
-3.744,6.563,0.000
-3.694,6.417,0.000
-3.843,6.617,0.000
-3.748,6.394,0.000
-3.777,6.386,0.000
-3.892,6.522,0.000
-3.771,6.264,0.000
-3.808,6.269,0.000
-3.970,6.479,0.000
-3.855,6.236,0.000
-3.993,6.402,0.000
-3.865,6.143,0.000
-3.889,6.128,0.000
-4.074,6.364,0.000
-3.952,6.120,0.000
-4.102,6.298,0.000
-4.000,6.089,0.000
-4.021,6.070,0.000
-4.045,6.054,0.000
-4.071,6.041,0.000
-4.092,6.022,0.000
-4.123,6.015,0.000
-4.146,5.999,0.000
-4.236,6.077,0.000
-4.340,6.176,0.000
-4.212,5.944,0.000
-4.389,6.142,0.000
-4.261,5.913,0.000
-4.282,5.894,0.000
-4.384,5.985,0.000
-4.480,6.066,0.000
-4.515,6.063,0.000
-4.331,5.769,0.000
-4.525,5.978,0.000
-4.546,5.957,0.000
-4.421,5.746,0.000
-4.609,5.941,0.000
-4.461,5.704,0.000
-4.481,5.684,0.000
-4.667,5.872,0.000
-4.520,5.642,0.000
-4.542,5.624,0.000
-4.740,5.823,0.000
-4.571,5.570,0.000
-4.631,5.598,0.000
-4.802,5.758,0.000
-4.644,5.525,0.000
-4.849,5.723,0.000
-4.695,5.497,0.000
-4.714,5.476,0.000
-4.911,5.660,0.000
-4.760,5.442,0.000
-4.951,5.616,0.000
-4.985,5.610,0.000
-4.824,5.385,0.000
-5.024,5.565,0.000
-4.868,5.350,0.000
-4.884,5.325,0.000
-4.907,5.309,0.000
-5.116,5.491,0.000
-4.949,5.270,0.000
-4.959,5.239,0.000
-4.977,5.217,0.000
-5.008,5.209,0.000
-5.023,5.183,0.000
-5.032,5.152,0.000
-5.041,5.121,0.000
-5.058,5.098,0.000
-5.052,5.052,0.000
-5.112,5.072,0.000
-5.118,5.038,0.000
-5.132,5.012,0.000
-5.347,5.181,0.000
-5.364,5.158,0.000
-5.196,4.957,0.000
-5.216,4.937,0.000
-5.235,4.916,0.000
-5.213,4.857,0.000
-5.223,4.828,0.000
-5.251,4.816,0.000
-5.273,4.798,0.000
-5.283,4.769,0.000
-5.289,4.737,0.000
-5.329,4.735,0.000
-5.545,4.889,0.000
-5.360,4.688,0.000
-5.584,4.845,0.000
-5.400,4.649,0.000
-5.427,4.635,0.000
-5.430,4.601,0.000
-5.668,4.764,0.000
-5.491,4.579,0.000
-5.496,4.547,0.000
-5.498,4.512,0.000
-5.529,4.501,0.000
-5.514,4.453,0.000
-5.554,4.450,0.000
-5.568,4.425,0.000
-5.608,4.421,0.000
-5.821,4.552,0.000
-5.835,4.526,0.000
-5.644,4.342,0.000
-5.859,4.471,0.000
-5.939,4.496,0.000
-5.685,4.268,0.000
-5.941,4.425,0.000
-5.731,4.233,0.000
-5.748,4.211,0.000
-6.023,4.376,0.000
-5.820,4.194,0.000
-6.045,4.320,0.000
-6.072,4.303,0.000
-5.872,4.127,0.000
-6.105,4.255,0.000
-5.905,4.081,0.000
-5.921,4.058,0.000
-5.937,4.034,0.000
-5.952,4.011,0.000
-5.968,3.988,0.000
-5.974,3.958,0.000
-6.220,4.086,0.000
-6.242,4.065,0.000
-6.030,3.893,0.000
-6.038,3.865,0.000
-6.077,3.857,0.000
-6.119,3.850,0.000
-6.336,3.952,0.000
-6.156,3.806,0.000
-6.231,3.819,0.000
-6.420,3.900,0.000
-6.146,3.700,0.000
-6.394,3.815,0.000
-6.175,3.652,0.000
-6.210,3.640,0.000
-6.200,3.601,0.000
-6.224,3.583,0.000
-6.235,3.556,0.000
-6.249,3.532,0.000
-6.262,3.507,0.000
-6.269,3.479,0.000
-6.297,3.462,0.000
-6.300,3.431,0.000
-6.320,3.410,0.000
-6.351,3.395,0.000
-6.343,3.359,0.000
-6.342,3.326,0.000
-6.344,3.296,0.000
-6.332,3.258,0.000
-6.651,3.389,0.000
-6.405,3.232,0.000
-6.417,3.206,0.000
-6.430,3.181,0.000
-6.693,3.279,0.000
-6.465,3.136,0.000
-6.467,3.105,0.000
-6.519,3.099,0.000
-6.495,3.056,0.000
-6.514,3.034,0.000
-6.748,3.111,0.000
-6.526,2.978,0.000
-6.769,3.056,0.000
-6.553,2.928,0.000
-6.820,3.015,0.000
-6.832,2.988,0.000
-6.587,2.851,0.000
-6.848,2.932,0.000
-6.846,2.899,0.000
-6.613,2.770,0.000
-6.556,2.716,0.000
-6.605,2.705,0.000
-6.592,2.670,0.000
-6.610,2.647,0.000
-6.594,2.611,0.000
-6.562,2.568,0.000
-6.595,2.551,0.000
-6.574,2.514,0.000
-6.619,2.501,0.000
-6.876,2.567,0.000
-6.685,2.466,0.000
-6.698,2.441,0.000
-6.945,2.500,0.000
-7.015,2.495,0.000
-6.903,2.424,0.000
-6.782,2.352,0.000
-6.851,2.346,0.000
-6.849,2.315,0.000
-6.918,2.308,0.000
-6.916,2.277,0.000
-6.969,2.264,0.000
-6.989,2.240,0.000
-7.286,2.304,0.000
-7.061,2.203,0.000
-7.113,2.188,0.000
-7.175,2.176,0.000
-7.179,2.147,0.000
-7.191,2.120,0.000
-7.432,2.159,0.000
-7.254,2.076,0.000
-7.504,2.116,0.000
-7.539,2.094,0.000
-7.330,2.005,0.000
-7.348,1.979,0.000
-7.349,1.948,0.000
-7.398,1.930,0.000
-7.405,1.901,0.000
-7.436,1.878,0.000
-7.481,1.858,0.000
-7.475,1.826,0.000
-7.488,1.798,0.000
-7.615,1.797,0.000
-7.496,1.737,0.000
-7.492,1.706,0.000
-7.742,1.730,0.000
-7.512,1.648,0.000
-7.758,1.670,0.000
-7.761,1.639,0.000
-7.534,1.560,0.000
-7.774,1.578,0.000
-7.550,1.502,0.000
-7.501,1.461,0.000
-7.754,1.479,0.000
-7.515,1.403,0.000
-7.759,1.417,0.000
-7.526,1.344,0.000
-7.531,1.314,0.000
-7.547,1.287,0.000
-7.607,1.266,0.000
-7.550,1.226,0.000
-7.793,1.234,0.000
-7.559,1.167,0.000
-7.803,1.173,0.000
-7.849,1.149,0.000
-7.624,1.085,0.000
-7.864,1.088,0.000
-7.643,1.027,0.000
-7.637,0.995,0.000
-7.915,1.000,0.000
-7.692,0.941,0.000
-7.922,0.938,0.000
-7.692,0.880,0.000
-7.740,0.854,0.000
-7.757,0.826,0.000
-7.767,0.796,0.000
-7.766,0.765,0.000
-7.762,0.734,0.000
-7.974,0.722,0.000
-7.771,0.673,0.000
-7.767,0.642,0.000
-7.783,0.613,0.000
-7.772,0.581,0.000
-7.834,0.555,0.000
-7.830,0.523,0.000
-7.825,0.492,0.000
-8.071,0.476,0.000
-8.060,0.444,0.000
-7.870,0.402,0.000
-8.119,0.383,0.000
-7.889,0.341,0.000
-8.094,0.318,0.000
-8.168,0.289,0.000
-7.951,0.250,0.000
-7.946,0.218,0.000
-7.963,0.188,0.000
-7.931,0.156,0.000
-8.237,0.129,0.000
-8.178,0.096,0.000
-7.990,0.063,0.000
-7.997,0.031,0.000
-8.013,-0.000,0.000
-7.997,-0.031,0.000
-7.971,-0.063,0.000
-8.044,-0.095,0.000
-8.246,-0.130,0.000
-8.024,-0.158,0.000
-8.263,-0.195,0.000
-8.247,-0.227,0.000
-8.031,-0.252,0.000
-8.045,-0.284,0.000
-8.025,-0.315,0.000
-8.030,-0.347,0.000
-8.057,-0.380,0.000
-8.021,-0.410,0.000
-8.063,-0.444,0.000
-8.071,-0.476,0.000
-8.050,-0.506,0.000
-8.278,-0.553,0.000
-8.071,-0.571,0.000
-8.056,-0.602,0.000
-8.053,-0.634,0.000
-8.042,-0.665,0.000
-8.094,-0.701,0.000
-8.107,-0.734,0.000
-8.088,-0.765,0.000
-8.091,-0.797,0.000
-8.282,-0.849,0.000
-8.091,-0.861,0.000
-8.365,-0.924,0.000
-8.283,-0.947,0.000
-8.098,-0.959,0.000
-8.309,-1.017,0.000
-8.097,-1.023,0.000
-8.140,-1.061,0.000
-8.103,-1.088,0.000
-8.328,-1.152,0.000
-8.142,-1.159,0.000
-8.157,-1.194,0.000
-8.144,-1.224,0.000
-8.145,-1.257,0.000
-8.195,-1.298,0.000
-8.195,-1.331,0.000
-8.184,-1.362,0.000
-8.190,-1.396,0.000
-8.202,-1.431,0.000
-8.179,-1.461,0.000
-8.190,-1.496,0.000
-8.338,-1.557,0.000
-8.214,-1.567,0.000
-8.200,-1.598,0.000
-8.364,-1.664,0.000
-8.231,-1.671,0.000
-8.403,-1.740,0.000
-8.403,-1.775,0.000
-8.252,-1.777,0.000
-8.425,-1.848,0.000
-8.246,-1.843,0.000
-8.268,-1.882,0.000
-8.440,-1.956,0.000
-8.242,-1.945,0.000
-8.245,-1.979,0.000
-8.287,-2.024,0.000
-8.263,-2.053,0.000
-8.260,-2.086,0.000
-8.460,-2.172,0.000
-8.262,-2.156,0.000
-8.315,-2.205,0.000
-8.472,-2.282,0.000
-8.312,-2.274,0.000
-8.318,-2.311,0.000
-8.304,-2.342,0.000
-8.307,-2.378,0.000
-8.310,-2.414,0.000
-8.313,-2.451,0.000
-8.328,-2.490,0.000
-8.320,-2.524,0.000
-8.325,-2.561,0.000
-8.305,-2.591,0.000
-8.316,-2.630,0.000
-8.337,-2.673,0.000
-8.338,-2.709,0.000
-8.502,-2.799,0.000
-8.502,-2.836,0.000
-8.336,-2.817,0.000
-8.361,-2.863,0.000
-8.343,-2.893,0.000
-8.375,-2.941,0.000
-8.356,-2.971,0.000
-8.376,-3.015,0.000
-8.368,-3.050,0.000
-8.352,-3.081,0.000
-8.370,-3.125,0.000
-8.496,-3.210,0.000
-8.502,-3.251,0.000
-8.359,-3.234,0.000
-8.494,-3.324,0.000
-8.361,-3.310,0.000
-8.388,-3.359,0.000
-8.516,-3.449,0.000
-8.388,-3.436,0.000
-8.401,-3.480,0.000
-8.375,-3.508,0.000
-8.507,-3.602,0.000
-8.369,-3.583,0.000
-8.528,-3.690,0.000
-8.494,-3.716,0.000
-8.374,-3.702,0.000
-8.367,-3.739,0.000
-8.378,-3.783,0.000
-8.483,-3.870,0.000
-8.373,-3.860,0.000
-8.508,-3.963,0.000
-8.521,-4.010,0.000
-8.403,-3.995,0.000
-8.396,-4.032,0.000
-8.523,-4.134,0.000
-8.408,-4.119,0.000
-8.397,-4.154,0.000
-8.391,-4.193,0.000
-8.401,-4.239,0.000
-8.399,-4.280,0.000
-8.398,-4.321,0.000
-8.405,-4.366,0.000
-8.381,-4.395,0.000
-8.375,-4.434,0.000
-8.364,-4.471,0.000
-8.466,-4.568,0.000
-8.339,-4.542,0.000
-8.323,-4.575,0.000
-8.414,-4.669,0.000
-8.296,-4.646,0.000
-8.263,-4.670,0.000
-8.360,-4.768,0.000
-8.228,-4.736,0.000
-8.212,-4.770,0.000
-8.200,-4.806,0.000
-8.172,-4.833,0.000
-8.157,-4.868,0.000
-8.133,-4.897,0.000
-8.116,-4.930,0.000
-8.098,-4.962,0.000
-8.077,-4.993,0.000
-8.167,-5.094,0.000
-8.149,-5.127,0.000
-8.017,-5.088,0.000
-8.101,-5.186,0.000
-8.085,-5.220,0.000
-7.928,-5.163,0.000
-8.024,-5.271,0.000
-7.987,-5.291,0.000
-7.851,-5.246,0.000
-7.846,-5.287,0.000
-7.900,-5.369,0.000
-7.766,-5.323,0.000
-7.744,-5.352,0.000
-7.726,-5.385,0.000
-7.792,-5.476,0.000
-7.656,-5.426,0.000
-7.624,-5.448,0.000
-7.599,-5.476,0.000
-7.577,-5.505,0.000
-7.639,-5.596,0.000
-7.508,-5.546,0.000
-7.491,-5.579,0.000
-7.442,-5.588,0.000
-7.527,-5.698,0.000
-7.506,-5.728,0.000
-7.351,-5.656,0.000
-7.447,-5.777,0.000
-7.316,-5.721,0.000
-7.260,-5.723,0.000
-7.236,-5.750,0.000
-7.218,-5.783,0.000
-7.302,-5.897,0.000
-7.142,-5.814,0.000
-7.120,-5.844,0.000
-7.212,-5.966,0.000
-7.173,-5.982,0.000
-7.035,-5.913,0.000
-7.028,-5.955,0.000
-6.983,-5.964,0.000
-6.942,-5.976,0.000
-7.026,-6.097,0.000
-6.893,-6.029,0.000
-6.849,-6.038,0.000
-6.938,-6.165,0.000
-6.799,-6.090,0.000
-6.779,-6.120,0.000
-6.758,-6.149,0.000
-6.706,-6.151,0.000
-6.676,-6.171,0.000
-6.651,-6.197,0.000
-6.741,-6.330,0.000
-6.594,-6.242,0.000
-6.609,-6.305,0.000
-6.531,-6.279,0.000
-6.505,-6.303,0.000
-6.475,-6.324,0.000
-6.437,-6.337,0.000
-6.518,-6.467,0.000
-6.386,-6.386,0.000
-6.362,-6.412,0.000
-6.450,-6.552,0.000
-6.297,-6.448,0.000
-6.258,-6.458,0.000
-6.240,-6.490,0.000
-6.215,-6.515,0.000
-6.164,-6.513,0.000
-6.235,-6.640,0.000
-6.111,-6.559,0.000
-6.187,-6.693,0.000
-6.145,-6.700,0.000
-6.029,-6.626,0.000
-5.997,-6.642,0.000
-5.960,-6.654,0.000
-5.915,-6.656,0.000
-5.895,-6.686,0.000
-5.963,-6.818,0.000
-5.925,-6.828,0.000
-5.805,-6.743,0.000
-5.890,-6.896,0.000
-5.854,-6.909,0.000
-5.731,-6.818,0.000
-5.787,-6.939,0.000
-5.758,-6.960,0.000
-5.722,-6.972,0.000
-5.595,-6.872,0.000
-5.678,-7.031,0.000
-5.545,-6.922,0.000
-5.515,-6.940,0.000
-5.596,-7.099,0.000
-5.463,-6.986,0.000
-5.437,-7.010,0.000
-5.423,-7.048,0.000
-5.381,-7.050,0.000
-5.353,-7.071,0.000
-5.328,-7.096,0.000
-5.370,-7.210,0.000
-5.348,-7.241,0.000
-5.223,-7.129,0.000
-5.271,-7.255,0.000
-5.268,-7.310,0.000
-5.112,-7.153,0.000
-5.109,-7.209,0.000
-5.154,-7.333,0.000
-5.126,-7.355,0.000
-5.000,-7.234,0.000
-5.073,-7.402,0.000
-4.976,-7.321,0.000
-4.919,-7.299,0.000
-4.890,-7.318,0.000
-4.860,-7.335,0.000
-4.922,-7.493,0.000
-4.805,-7.377,0.000
-4.847,-7.506,0.000
-4.732,-7.392,0.000
-4.790,-7.548,0.000
-4.659,-7.406,0.000
-4.641,-7.441,0.000
-4.605,-7.449,0.000
-4.660,-7.604,0.000
-4.636,-7.632,0.000
-4.525,-7.515,0.000
-4.562,-7.644,0.000
-4.478,-7.571,0.000
-4.434,-7.566,0.000
-4.403,-7.581,0.000
-4.379,-7.607,0.000
-4.343,-7.613,0.000
-4.391,-7.768,0.000
-4.286,-7.653,0.000
-4.343,-7.827,0.000
-4.232,-7.698,0.000
-4.292,-7.881,0.000
-4.161,-7.711,0.000
-4.137,-7.740,0.000
-4.105,-7.752,0.000
-4.119,-7.854,0.000
-4.045,-7.786,0.000
-4.027,-7.826,0.000
-3.998,-7.846,0.000
-3.956,-7.840,0.000
-3.935,-7.875,0.000
-3.901,-7.884,0.000
-3.873,-7.906,0.000
-3.844,-7.926,0.000
-3.804,-7.921,0.000
-3.779,-7.949,0.000
-3.765,-8.001,0.000
-3.826,-8.215,0.000
-3.698,-8.021,0.000
-3.668,-8.038,0.000
-3.689,-8.171,0.000
-3.598,-8.053,0.000
-3.574,-8.083,0.000
-3.544,-8.101,0.000
-3.507,-8.104,0.000
-3.480,-8.129,0.000
-3.445,-8.136,0.000
-3.477,-8.301,0.000
-3.392,-8.189,0.000
-3.364,-8.211,0.000
-3.327,-8.213,0.000
-3.292,-8.220,0.000
-3.267,-8.250,0.000
-3.229,-8.250,0.000
-3.261,-8.429,0.000
-3.166,-8.279,0.000
-3.138,-8.303,0.000
-3.087,-8.268,0.000
-3.100,-8.402,0.000
-3.084,-8.461,0.000
-2.996,-8.322,0.000
-2.960,-8.322,0.000
-2.977,-8.478,0.000
-2.895,-8.348,0.000
-2.863,-8.361,0.000
-2.888,-8.545,0.000
-2.800,-8.393,0.000
-2.776,-8.431,0.000
-2.792,-8.591,0.000
-2.706,-8.441,0.000
-2.724,-8.613,0.000
-2.653,-8.505,0.000
-2.618,-8.508,0.000
-2.594,-8.550,0.000
-2.560,-8.560,0.000
-2.529,-8.579,0.000
-2.506,-8.624,0.000
-2.480,-8.662,0.000
-2.442,-8.659,0.000
-2.459,-8.851,0.000
-2.383,-8.709,0.000
-2.354,-8.739,0.000
-2.362,-8.908,0.000
-2.295,-8.794,0.000
-2.264,-8.818,0.000
-2.229,-8.825,0.000
-2.234,-8.994,0.000
-2.203,-9.021,0.000
-2.132,-8.878,0.000
-2.100,-8.899,0.000
-2.097,-9.046,0.000
-2.032,-8.925,0.000
-2.031,-9.084,0.000
-1.967,-8.962,0.000
-1.928,-8.953,0.000
-1.922,-9.101,0.000
-1.888,-9.115,0.000
-1.852,-9.124,0.000
-1.786,-8.976,0.000
-1.752,-8.991,0.000
-1.718,-9.002,0.000
-1.709,-9.150,0.000
-1.645,-9.007,0.000
-1.610,-9.015,0.000
-1.576,-9.028,0.000
-1.538,-9.019,0.000
-1.504,-9.036,0.000
-1.469,-9.044,0.000
-1.456,-9.189,0.000
-1.418,-9.185,0.000
-1.381,-9.185,0.000
-1.325,-9.055,0.000
-1.311,-9.211,0.000
-1.275,-9.212,0.000
-1.219,-9.077,0.000
-1.201,-9.214,0.000
-1.148,-9.086,0.000
-1.113,-9.092,0.000
-1.095,-9.250,0.000
-1.041,-9.099,0.000
-1.006,-9.109,0.000
-0.973,-9.138,0.000
-0.937,-9.144,0.000
-0.902,-9.152,0.000
-0.863,-9.126,0.000
-0.829,-9.153,0.000
-0.793,-9.154,0.000
-0.760,-9.194,0.000
-0.735,-9.329,0.000
-0.698,-9.336,0.000
-0.651,-9.192,0.000
-0.625,-9.343,0.000
-0.585,-9.294,0.000
-0.544,-9.220,0.000
-0.516,-9.378,0.000
-0.472,-9.239,0.000
-0.441,-9.340,0.000
-0.407,-9.401,0.000
-0.365,-9.270,0.000
-0.328,-9.270,0.000
-0.295,-9.367,0.000
-0.260,-9.450,0.000
-0.220,-9.303,0.000
-0.186,-9.475,0.000
-0.149,-9.439,0.000
-0.110,-9.305,0.000
-0.075,-9.461,0.000
-0.037,-9.304,0.000
-0.000,-9.478,0.000
0.036,-9.336,0.000
0.073,-9.352,0.000
0.111,-9.474,0.000
0.146,-9.303,0.000
0.183,-9.322,0.000
0.221,-9.407,0.000
0.254,-9.239,0.000
0.291,-9.261,0.000
0.326,-9.220,0.000
0.364,-9.266,0.000
0.396,-9.173,0.000
0.437,-9.275,0.000
0.472,-9.249,0.000
0.498,-9.062,0.000
0.531,-9.013,0.000
0.563,-8.947,0.000
0.603,-9.022,0.000
0.625,-8.832,0.000
0.656,-8.782,0.000
0.692,-8.803,0.000
0.720,-8.713,0.000
0.752,-8.690,0.000
0.781,-8.629,0.000
0.815,-8.631,0.000
0.867,-8.807,0.000
0.879,-8.580,0.000
0.910,-8.551,0.000
0.943,-8.545,0.000
0.971,-8.496,0.000
1.026,-8.669,0.000
1.034,-8.451,0.000
1.086,-8.598,0.000
1.120,-8.594,0.000
1.124,-8.371,0.000
1.182,-8.549,0.000
1.210,-8.506,0.000
1.211,-8.277,0.000
1.270,-8.449,0.000
1.270,-8.228,0.000
1.302,-8.226,0.000
1.359,-8.370,0.000
1.393,-8.370,0.000
1.395,-8.185,0.000
1.451,-8.318,0.000
1.475,-8.260,0.000
1.481,-8.110,0.000
1.543,-8.268,0.000
1.537,-8.061,0.000
1.568,-8.049,0.000
1.589,-7.989,0.000
1.624,-8.001,0.000
1.662,-8.027,0.000
1.720,-8.149,0.000
1.708,-7.937,0.000
1.749,-7.971,0.000
1.808,-8.089,0.000
1.792,-7.874,0.000
1.871,-8.074,0.000
1.893,-8.027,0.000
1.877,-7.822,0.000
1.912,-7.830,0.000
1.927,-7.761,0.000
1.952,-7.729,0.000
1.978,-7.705,0.000
1.992,-7.635,0.000
2.023,-7.633,0.000
2.051,-7.616,0.000
2.068,-7.560,0.000
2.158,-7.769,0.000
2.117,-7.508,0.000
2.146,-7.499,0.000
2.175,-7.488,0.000
2.216,-7.518,0.000
2.229,-7.454,0.000
2.248,-7.413,0.000
2.281,-7.417,0.000
2.307,-7.398,0.000
2.409,-7.619,0.000
2.363,-7.373,0.000
2.397,-7.380,0.000
2.416,-7.338,0.000
2.446,-7.332,0.000
2.464,-7.293,0.000
2.492,-7.280,0.000
2.520,-7.270,0.000
2.550,-7.263,0.000
2.655,-7.468,0.000
2.608,-7.246,0.000
2.635,-7.233,0.000
2.747,-7.449,0.000
2.772,-7.426,0.000
2.703,-7.155,0.000
2.740,-7.167,0.000
2.758,-7.130,0.000
2.790,-7.129,0.000
2.886,-7.290,0.000
2.825,-7.055,0.000
2.943,-7.267,0.000
2.891,-7.059,0.000
2.891,-6.981,0.000
2.921,-6.976,0.000
2.946,-6.958,0.000
2.947,-6.886,0.000
2.984,-6.898,0.000
2.998,-6.856,0.000
3.031,-6.857,0.000
3.061,-6.852,0.000
3.088,-6.840,0.000
3.185,-6.981,0.000
3.176,-6.891,0.000
3.248,-6.975,0.000
3.171,-6.740,0.000
3.310,-6.965,0.000
3.222,-6.712,0.000
3.224,-6.648,0.000
3.372,-6.885,0.000
3.271,-6.613,0.000
3.415,-6.836,0.000
3.450,-6.838,0.000
3.356,-6.587,0.000
3.495,-6.795,0.000
3.519,-6.775,0.000
3.406,-6.496,0.000
3.572,-6.747,0.000
3.459,-6.473,0.000
3.486,-6.463,0.000
3.510,-6.445,0.000
3.667,-6.672,0.000
3.560,-6.418,0.000
3.587,-6.407,0.000
3.735,-6.610,0.000
3.679,-6.451,0.000
3.632,-6.310,0.000
3.666,-6.313,0.000
3.695,-6.305,0.000
3.712,-6.277,0.000
3.724,-6.243,0.000
3.818,-6.343,0.000
3.794,-6.247,0.000
3.806,-6.212,0.000
3.830,-6.197,0.000
3.846,-6.168,0.000
3.881,-6.170,0.000
3.892,-6.135,0.000
3.902,-6.096,0.000
4.048,-6.271,0.000
4.089,-6.280,0.000
3.969,-6.043,0.000
4.138,-6.247,0.000
4.169,-6.240,0.000
4.040,-5.996,0.000
4.070,-5.990,0.000
4.071,-5.941,0.000
4.266,-6.174,0.000
4.133,-5.932,0.000
4.159,-5.919,0.000
4.324,-6.102,0.000
4.163,-5.827,0.000
4.198,-5.827,0.000
4.382,-6.033,0.000
4.234,-5.781,0.000
4.266,-5.777,0.000
4.294,-5.767,0.000
4.309,-5.740,0.000
4.329,-5.720,0.000
4.521,-5.925,0.000
4.381,-5.695,0.000
4.394,-5.665,0.000
4.431,-5.667,0.000
4.451,-5.647,0.000
4.470,-5.626,0.000
4.482,-5.596,0.000
4.509,-5.584,0.000
4.500,-5.529,0.000
4.709,-5.738,0.000
4.539,-5.487,0.000
4.555,-5.463,0.000
4.764,-5.668,0.000
4.606,-5.436,0.000
4.793,-5.613,0.000
4.645,-5.397,0.000
4.842,-5.581,0.000
4.857,-5.553,0.000
4.662,-5.289,0.000
4.859,-5.469,0.000
4.891,-5.462,0.000
4.727,-5.237,0.000
4.944,-5.434,0.000
4.771,-5.203,0.000
4.797,-5.190,0.000
4.817,-5.171,0.000
4.832,-5.146,0.000
5.031,-5.317,0.000
4.837,-5.072,0.000
4.892,-5.089,0.000
4.883,-5.040,0.000
5.092,-5.215,0.000
5.110,-5.192,0.000
4.930,-4.970,0.000
4.950,-4.950,0.000
4.972,-4.934,0.000
4.991,-4.914,0.000
5.001,-4.886,0.000
5.239,-5.078,0.000
5.040,-4.846,0.000
5.071,-4.838,0.000
5.081,-4.810,0.000
5.103,-4.792,0.000
5.128,-4.778,0.000
5.118,-4.732,0.000
5.368,-4.924,0.000
5.177,-4.712,0.000
5.196,-4.691,0.000
5.423,-4.858,0.000
5.239,-4.656,0.000
5.260,-4.638,0.000
5.489,-4.802,0.000
5.290,-4.591,0.000
5.324,-4.584,0.000
5.554,-4.744,0.000
5.379,-4.558,0.000
5.621,-4.725,0.000
5.615,-4.684,0.000
5.445,-4.505,0.000
5.679,-4.661,0.000
5.474,-4.457,0.000
5.494,-4.438,0.000
5.733,-4.594,0.000
5.712,-4.540,0.000
5.739,-4.525,0.000
5.741,-4.490,0.000
5.514,-4.278,0.000
5.782,-4.450,0.000
5.787,-4.418,0.000
5.578,-4.223,0.000
5.835,-4.382,0.000
5.624,-4.189,0.000
5.624,-4.155,0.000
5.647,-4.137,0.000
5.666,-4.118,0.000
5.935,-4.278,0.000
5.699,-4.073,0.000
5.725,-4.058,0.000
5.947,-4.180,0.000
5.739,-4.001,0.000
5.996,-4.145,0.000
6.018,-4.126,0.000
5.772,-3.923,0.000
6.008,-4.050,0.000
6.057,-4.048,0.000
5.877,-3.895,0.000
6.147,-4.038,0.000
5.911,-3.851,0.000
6.168,-3.984,0.000
5.955,-3.813,0.000
5.970,-3.790,0.000
5.971,-3.757,0.000
6.204,-3.870,0.000
6.000,-3.710,0.000
6.247,-3.829,0.000
6.279,-3.815,0.000
6.054,-3.646,0.000
6.319,-3.771,0.000
6.307,-3.731,0.000
6.093,-3.572,0.000
6.415,-3.727,0.000
6.171,-3.553,0.000
6.178,-3.525,0.000
6.445,-3.644,0.000
6.216,-3.482,0.000
6.480,-3.597,0.000
6.475,-3.560,0.000
6.310,-3.438,0.000
6.572,-3.547,0.000
6.566,-3.510,0.000
6.343,-3.359,0.000
6.603,-3.464,0.000
6.358,-3.304,0.000
6.400,-3.294,0.000
6.416,-3.270,0.000
6.653,-3.358,0.000
6.677,-3.337,0.000
6.433,-3.184,0.000
6.682,-3.275,0.000
6.692,-3.247,0.000
6.528,-3.135,0.000
6.784,-3.226,0.000
6.541,-3.079,0.000
6.789,-3.163,0.000
6.547,-3.019,0.000
6.577,-3.002,0.000
6.846,-3.092,0.000
6.615,-2.956,0.000
6.605,-2.921,0.000
6.627,-2.900,0.000
6.635,-2.872,0.000
6.653,-2.849,0.000
6.672,-2.826,0.000
6.668,-2.794,0.000
6.683,-2.769,0.000
6.708,-2.749,0.000
6.901,-2.796,0.000
6.870,-2.752,0.000
6.718,-2.661,0.000
6.981,-2.733,0.000
6.859,-2.654,0.000
6.756,-2.584,0.000
6.774,-2.560,0.000
6.791,-2.537,0.000
6.794,-2.507,0.000
6.796,-2.478,0.000
6.794,-2.447,0.000
6.882,-2.448,0.000
7.105,-2.496,0.000
6.879,-2.386,0.000
7.145,-2.447,0.000
6.901,-2.333,0.000
6.921,-2.310,0.000
6.919,-2.279,0.000
6.958,-2.262,0.000
6.952,-2.229,0.000
7.001,-2.215,0.000
6.999,-2.184,0.000
7.044,-2.168,0.000
7.067,-2.145,0.000
7.090,-2.121,0.000
7.094,-2.092,0.000
7.095,-2.062,0.000
7.114,-2.038,0.000
7.093,-2.001,0.000
7.119,-1.979,0.000
7.127,-1.951,0.000
7.456,-2.009,0.000
7.200,-1.910,0.000
7.200,-1.880,0.000
7.215,-1.853,0.000
7.226,-1.826,0.000
7.222,-1.795,0.000
7.308,-1.786,0.000
7.304,-1.755,0.000
7.286,-1.720,0.000
7.346,-1.704,0.000
7.310,-1.665,0.000
7.320,-1.637,0.000
7.334,-1.610,0.000
7.322,-1.577,0.000
7.343,-1.552,0.000
7.334,-1.520,0.000
7.383,-1.500,0.000
7.410,-1.475,0.000
7.409,-1.444,0.000
7.675,-1.465,0.000
7.668,-1.433,0.000
7.468,-1.365,0.000
7.738,-1.383,0.000
7.724,-1.349,0.000
7.494,-1.279,0.000
7.506,-1.250,0.000
7.494,-1.218,0.000
7.502,-1.189,0.000
7.513,-1.161,0.000
7.747,-1.166,0.000
7.764,-1.137,0.000
7.516,-1.071,0.000
7.770,-1.076,0.000
7.794,-1.048,0.000
7.560,-0.986,0.000
7.792,-0.985,0.000
7.796,-0.955,0.000
7.592,-0.900,0.000
7.839,-0.898,0.000
7.648,-0.845,0.000
7.885,-0.840,0.000
7.888,-0.809,0.000
7.681,-0.758,0.000
7.677,-0.727,0.000
7.690,-0.698,0.000
7.659,-0.664,0.000
7.661,-0.634,0.000
7.681,-0.606,0.000
7.676,-0.575,0.000
7.689,-0.545,0.000
7.902,-0.529,0.000
7.962,-0.502,0.000
7.729,-0.457,0.000
7.812,-0.431,0.000
7.743,-0.397,0.000
7.734,-0.366,0.000
7.732,-0.335,0.000
7.740,-0.305,0.000
7.738,-0.275,0.000
7.790,-0.246,0.000
7.787,-0.215,0.000
7.795,-0.185,0.000
7.802,-0.154,0.000
7.793,-0.123,0.000
7.773,-0.093,0.000
7.797,-0.062,0.000
7.777,-0.032,0.000
7.971,-0.001,0.500
7.851,0.030,0.500
8.069,0.062,0.500
7.850,0.091,0.500
8.059,0.125,0.500
8.098,0.158,0.500
7.882,0.185,0.500
8.103,0.222,0.500
7.880,0.247,0.500
7.892,0.278,0.500
8.097,0.317,0.500
7.916,0.341,0.500
8.140,0.383,0.500
7.932,0.404,0.500
7.940,0.436,0.500
7.951,0.468,0.500
7.914,0.497,0.500
8.110,0.541,0.500
7.977,0.564,0.500
8.141,0.607,0.500
7.966,0.626,0.500
7.960,0.657,0.500
8.005,0.692,0.500
8.002,0.724,0.500
7.990,0.754,0.500
8.006,0.787,0.500
8.015,0.820,0.500
8.002,0.851,0.500
8.033,0.886,0.500
8.020,0.916,0.500
8.044,0.951,0.500
8.224,1.005,0.500
8.058,1.017,0.500
8.276,1.077,0.500
8.165,1.096,0.500
8.060,1.114,0.500
8.077,1.148,0.500
8.087,1.182,0.500
8.253,1.240,0.500
8.051,1.242,0.500
8.257,1.307,0.500
8.296,1.346,0.500
8.089,1.345,0.500
8.288,1.412,0.500
8.274,1.443,0.500
8.058,1.438,0.500
8.108,1.479,0.500
8.303,1.549,0.500
8.101,1.544,0.500
8.167,1.590,0.500
8.325,1.655,0.500
8.126,1.648,0.500
8.338,1.725,0.500
8.278,1.747,0.500
8.131,1.749,0.500
8.327,1.826,0.500
8.150,1.821,0.500
8.157,1.856,0.500
8.334,1.930,0.500
8.161,1.924,0.500
8.132,1.951,0.500
8.352,2.038,0.500
8.154,2.024,0.500
8.330,2.103,0.500
8.181,2.099,0.500
8.351,2.178,0.500
8.159,2.162,0.500
8.145,2.193,0.500
8.176,2.235,0.500
8.178,2.270,0.500
8.182,2.306,0.500
8.181,2.341,0.500
8.182,2.376,0.500
8.167,2.406,0.500
8.166,2.441,0.500
8.189,2.483,0.500
8.335,2.563,0.500
8.207,2.559,0.500
8.182,2.586,0.500
8.194,2.626,0.500
8.204,2.664,0.500
8.193,2.696,0.500
8.219,2.741,0.500
8.203,2.771,0.500
8.236,2.818,0.500
8.222,2.850,0.500
8.204,2.880,0.500
8.230,2.925,0.500
8.214,2.956,0.500
8.237,3.001,0.500
8.221,3.031,0.500
8.369,3.123,0.500
8.378,3.164,0.500
8.224,3.143,0.500
8.391,3.245,0.500
8.221,3.216,0.500
8.397,3.323,0.500
8.384,3.356,0.500
8.260,3.344,0.500
8.256,3.380,0.500
8.247,3.414,0.500
8.274,3.464,0.500
8.281,3.505,0.500
8.282,3.544,0.500
8.425,3.644,0.500
8.291,3.625,0.500
8.289,3.663,0.500
8.278,3.697,0.500
8.260,3.728,0.500
8.275,3.774,0.500
8.262,3.807,0.500
8.265,3.848,0.500
8.236,3.874,0.500
8.250,3.920,0.500
8.235,3.953,0.500
8.243,3.996,0.500
8.345,4.086,0.500
8.379,4.144,0.500
8.229,4.110,0.500
8.237,4.155,0.500
8.374,4.265,0.500
8.340,4.289,0.500
8.234,4.275,0.500
8.242,4.321,0.500
8.232,4.357,0.500
8.233,4.399,0.500
8.237,4.442,0.500
8.226,4.479,0.500
8.229,4.522,0.500
8.330,4.620,0.500
8.195,4.588,0.500
8.177,4.620,0.500
8.160,4.653,0.500
8.144,4.686,0.500
8.117,4.713,0.500
8.105,4.749,0.500
8.193,4.844,0.500
8.061,4.808,0.500
8.049,4.844,0.500
8.030,4.875,0.500
8.004,4.903,0.500
7.991,4.938,0.500
7.972,4.970,0.500
8.056,5.066,0.500
7.926,5.028,0.500
8.020,5.132,0.500
7.883,5.088,0.500
7.868,5.122,0.500
7.964,5.229,0.500
7.936,5.255,0.500
7.813,5.219,0.500
7.793,5.249,0.500
7.743,5.260,0.500
7.725,5.293,0.500
7.709,5.326,0.500
7.680,5.351,0.500
7.665,5.385,0.500
7.618,5.397,0.500
7.581,5.415,0.500
7.603,5.476,0.500
7.531,5.470,0.500
7.507,5.497,0.500
7.607,5.616,0.500
7.552,5.622,0.500
7.417,5.567,0.500
7.423,5.617,0.500
7.462,5.693,0.500
7.325,5.634,0.500
7.302,5.662,0.500
7.365,5.757,0.500
7.240,5.705,0.500
7.329,5.822,0.500
7.191,5.759,0.500
7.261,5.862,0.500
7.237,5.889,0.500
7.103,5.828,0.500
7.082,5.857,0.500
7.035,5.864,0.500
7.005,5.886,0.500
7.110,6.023,0.500
6.944,5.928,0.500
6.924,5.958,0.500
6.902,5.987,0.500
6.868,6.005,0.500
6.843,6.031,0.500
6.810,6.049,0.500
6.889,6.168,0.500
6.869,6.199,0.500
6.733,6.124,0.500
6.711,6.152,0.500
6.782,6.267,0.500
6.753,6.289,0.500
6.623,6.217,0.500
6.691,6.331,0.500
6.668,6.358,0.500
6.535,6.281,0.500
6.512,6.308,0.500
6.450,6.298,0.500
6.567,6.462,0.500
6.415,6.363,0.500
6.497,6.494,0.500
6.341,6.389,0.500
6.424,6.524,0.500
6.439,6.590,0.500
6.262,6.460,0.500
6.234,6.481,0.500
6.299,6.600,0.500
6.161,6.506,0.500
6.148,6.544,0.500
6.116,6.561,0.500
6.085,6.580,0.500
6.132,6.684,0.500
6.014,6.607,0.500
6.081,6.734,0.500
5.964,6.656,0.500
5.945,6.688,0.500
5.987,6.788,0.500
5.860,6.698,0.500
5.837,6.724,0.500
5.812,6.749,0.500
5.807,6.797,0.500
5.756,6.791,0.500
5.728,6.811,0.500
5.801,6.954,0.500
5.656,6.834,0.500
5.631,6.858,0.500
5.599,6.875,0.500
5.658,7.004,0.500
5.552,6.928,0.500
5.495,6.912,0.500
5.467,6.932,0.500
5.536,7.077,0.500
5.415,6.978,0.500
5.486,7.128,0.500
5.479,7.176,0.500
5.330,7.038,0.500
5.305,7.063,0.500
5.271,7.076,0.500
5.236,7.086,0.500
5.198,7.093,0.500
5.179,7.125,0.500
5.152,7.148,0.500
5.126,7.170,0.500
5.089,7.178,0.500
5.065,7.204,0.500
5.018,7.198,0.500
4.985,7.209,0.500
5.045,7.357,0.500
4.926,7.246,0.500
4.908,7.280,0.500
4.963,7.424,0.500
4.937,7.449,0.500
4.820,7.335,0.500
4.883,7.494,0.500
4.842,7.495,0.500
4.716,7.364,0.500
4.791,7.547,0.500
4.682,7.438,0.500
4.641,7.438,0.500
4.614,7.460,0.500
4.586,7.481,0.500
4.554,7.494,0.500
4.500,7.472,0.500
4.563,7.644,0.500
4.463,7.543,0.500
4.420,7.537,0.500
4.479,7.707,0.500
4.360,7.572,0.500
4.332,7.591,0.500
4.316,7.634,0.500
4.285,7.648,0.500
4.336,7.810,0.500
4.226,7.684,0.500
4.275,7.846,0.500
4.244,7.862,0.500
4.133,7.729,0.500
4.179,7.889,0.500
4.152,7.914,0.500
4.037,7.768,0.500
4.015,7.799,0.500
3.983,7.813,0.500
3.951,7.826,0.500
3.979,7.958,0.500
3.979,8.038,0.500
3.869,7.894,0.500
3.846,7.925,0.500
3.807,7.924,0.500
3.783,7.955,0.500
3.750,7.965,0.500
3.716,7.973,0.500
3.757,8.145,0.500
3.654,8.004,0.500
3.639,8.054,0.500
3.604,8.062,0.500
3.635,8.217,0.500
3.542,8.094,0.500
3.512,8.110,0.500
3.482,8.128,0.500
3.438,8.115,0.500
3.416,8.151,0.500
3.383,8.162,0.500
3.413,8.327,0.500
3.386,8.355,0.500
3.292,8.215,0.500
3.257,8.221,0.500
3.273,8.358,0.500
3.241,8.371,0.500
3.142,8.213,0.500
3.109,8.223,0.500
3.080,8.242,0.500
3.106,8.414,0.500
3.073,8.427,0.500
2.986,8.287,0.500
2.957,8.310,0.500
2.917,8.301,0.500
2.885,8.313,0.500
2.853,8.326,0.500
2.819,8.335,0.500
2.851,8.538,0.500
2.764,8.387,0.500
2.730,8.395,0.500
2.759,8.601,0.500
2.687,8.489,0.500
2.668,8.547,0.500
2.675,8.688,0.500
2.635,8.680,0.500
2.578,8.615,0.500
2.559,8.675,0.500
2.564,8.819,0.500
2.499,8.722,0.500
2.510,8.893,0.500
2.437,8.767,0.500
2.403,8.777,0.500
2.375,8.809,0.500
2.344,8.831,0.500
2.311,8.848,0.500
2.276,8.857,0.500
2.244,8.877,0.500
2.211,8.892,0.500
2.168,8.869,0.500
2.131,8.869,0.500
2.135,9.041,0.500
2.066,8.904,0.500
2.028,8.900,0.500
1.995,8.914,0.500
1.958,8.915,0.500
1.922,8.917,0.500
1.884,8.913,0.500
1.853,8.936,0.500
1.848,9.092,0.500
1.810,9.091,0.500
1.746,8.951,0.500
1.741,9.115,0.500
1.679,8.981,0.500
1.645,8.998,0.500
1.632,9.127,0.500
1.586,9.078,0.500
1.536,8.996,0.500
1.527,9.159,0.500
1.484,9.127,0.500
1.443,9.100,0.500
1.396,9.031,0.500
1.385,9.200,0.500
1.350,9.214,0.500
1.294,9.079,0.500
1.256,9.069,0.500
1.241,9.221,0.500
1.183,9.064,0.500
1.150,9.088,0.500
1.132,9.233,0.500
1.079,9.103,0.500
1.045,9.118,0.500
1.025,9.268,0.500
0.975,9.138,0.500
0.939,9.148,0.500
0.916,9.277,0.500
0.867,9.147,0.500
0.833,9.178,0.500
0.809,9.321,0.500
0.761,9.184,0.500
0.726,9.195,0.500
0.689,9.190,0.500
0.655,9.219,0.500
0.618,9.211,0.500
0.583,9.226,0.500
0.547,9.237,0.500
0.512,9.263,0.500
0.476,9.267,0.500
0.439,9.267,0.500
0.410,9.430,0.500
0.368,9.303,0.500
0.331,9.308,0.500
0.295,9.307,0.500
0.258,9.296,0.500
0.225,9.464,0.500
0.185,9.322,0.500
0.151,9.468,0.500
0.113,9.369,0.500
0.076,9.378,0.500
0.039,9.362,0.500
0.002,9.354,0.500
-0.035,9.396,0.500
-0.072,9.393,0.500
-0.110,9.523,0.500
-0.148,9.534,0.500
-0.182,9.388,0.500
-0.219,9.393,0.500
-0.255,9.359,0.500
-0.296,9.489,0.500
-0.329,9.358,0.500
-0.364,9.323,0.500
-0.407,9.470,0.500
-0.436,9.300,0.500
-0.478,9.403,0.500
-0.506,9.235,0.500
-0.539,9.172,0.500
-0.572,9.119,0.500
-0.618,9.283,0.500
-0.639,9.057,0.500
-0.676,9.074,0.500
-0.706,9.003,0.500
-0.739,8.966,0.500
-0.785,9.090,0.500
-0.804,8.901,0.500
-0.851,9.024,0.500
-0.868,8.831,0.500
-0.903,8.830,0.500
-0.930,8.762,0.500
-0.982,8.911,0.500
-1.016,8.902,0.500
-1.028,8.702,0.500
-1.079,8.841,0.500
-1.109,8.792,0.500
-1.118,8.592,0.500
-1.152,8.590,0.500
-1.181,8.555,0.500
-1.227,8.638,0.500
-1.267,8.672,0.500
-1.273,8.483,0.500
-1.325,8.598,0.500
-1.329,8.405,0.500
-1.363,8.405,0.500
-1.391,8.367,0.500
-1.424,8.364,0.500
-1.451,8.324,0.500
-1.482,8.312,0.500
-1.542,8.455,0.500
-1.534,8.226,0.500
-1.573,8.256,0.500
-1.598,8.211,0.500
-1.668,8.396,0.500
-1.692,8.345,0.500
-1.688,8.159,0.500
-1.723,8.166,0.500
-1.742,8.100,0.500
-1.796,8.196,0.500
-1.798,8.052,0.500
-1.852,8.146,0.500
-1.860,8.032,0.500
-1.893,8.030,0.500
-1.914,7.980,0.500
-1.988,8.149,0.500
-2.028,8.171,0.500
-2.000,7.925,0.500
-2.025,7.896,0.500
-2.110,8.095,0.500
-2.083,7.862,0.500
-2.112,7.848,0.500
-2.196,8.034,0.500
-2.160,7.784,0.500
-2.182,7.743,0.500
-2.212,7.734,0.500
-2.235,7.698,0.500
-2.329,7.906,0.500
-2.287,7.653,0.500
-2.320,7.653,0.500
-2.414,7.852,0.500
-2.379,7.632,0.500
-2.463,7.793,0.500
-2.425,7.570,0.500
-2.434,7.498,0.500
-2.469,7.504,0.500
-2.500,7.498,0.500
-2.579,7.636,0.500
-2.532,7.400,0.500
-2.563,7.396,0.500
-2.649,7.549,0.500
-2.687,7.562,0.500
-2.635,7.324,0.500
-2.669,7.329,0.500
-2.696,7.313,0.500
-2.789,7.474,0.500
-2.817,7.460,0.500
-2.762,7.229,0.500
-2.799,7.241,0.500
-2.807,7.175,0.500
-2.899,7.328,0.500
-2.947,7.365,0.500
-2.875,7.103,0.500
-2.906,7.098,0.500
-3.004,7.257,0.500
-2.931,7.003,0.500
-2.961,6.998,0.500
-2.988,6.983,0.500
-3.091,7.147,0.500
-3.124,7.147,0.500
-3.058,6.921,0.500
-3.054,6.839,0.500
-3.100,6.871,0.500
-3.214,7.048,0.500
-3.137,6.809,0.500
-3.172,6.814,0.500
-3.234,6.877,0.500
-3.197,6.728,0.500
-3.314,6.905,0.500
-3.249,6.703,0.500
-3.271,6.680,0.500
-3.408,6.891,0.500
-3.325,6.658,0.500
-3.341,6.624,0.500
-3.476,6.825,0.500
-3.377,6.568,0.500
-3.408,6.564,0.500
-3.436,6.554,0.500
-3.564,6.735,0.500
-3.599,6.737,0.500
-3.507,6.503,0.500
-3.531,6.486,0.500
-3.566,6.489,0.500
-3.576,6.448,0.500
-3.732,6.668,0.500
-3.606,6.383,0.500
-3.639,6.382,0.500
-3.791,6.590,0.500
-3.685,6.347,0.500
-3.678,6.279,0.500
-3.707,6.271,0.500
-3.723,6.243,0.500
-3.873,6.437,0.500
-3.785,6.234,0.500
-3.801,6.205,0.500
-3.815,6.174,0.500
-3.847,6.172,0.500
-3.987,6.341,0.500
-4.020,6.337,0.500
-3.894,6.086,0.500
-3.916,6.068,0.500
-4.090,6.283,0.500
-4.086,6.224,0.500
-3.983,6.015,0.500
-4.170,6.244,0.500
-4.195,6.227,0.500
-4.049,5.961,0.500
-4.081,5.958,0.500
-4.112,5.952,0.500
-4.288,6.155,0.500
-4.318,6.147,0.500
-4.179,5.899,0.500
-4.207,5.889,0.500
-4.223,5.863,0.500
-4.393,6.048,0.500
-4.436,6.058,0.500
-4.299,5.823,0.500
-4.490,6.032,0.500
-4.509,6.008,0.500
-4.367,5.772,0.500
-4.395,5.761,0.500
-4.400,5.721,0.500
-4.558,5.878,0.500
-4.447,5.690,0.500
-4.455,5.653,0.500
-4.460,5.614,0.500
-4.487,5.603,0.500
-4.509,5.585,0.500
-4.690,5.763,0.500
-4.727,5.762,0.500
-4.587,5.547,0.500
-4.593,5.510,0.500
-4.761,5.666,0.500
-4.797,5.664,0.500
-4.645,5.440,0.500
-4.849,5.635,0.500
-4.711,5.431,0.500
-4.727,5.407,0.500
-4.754,5.394,0.500
-4.759,5.357,0.500
-5.033,5.621,0.500
-4.819,5.341,0.500
-4.830,5.310,0.500
-4.859,5.300,0.500
-4.890,5.292,0.500
-5.002,5.371,0.500
-5.091,5.423,0.500
-4.930,5.211,0.500
-4.964,5.206,0.500
-4.965,5.166,0.500
-5.170,5.337,0.500
-5.011,5.133,0.500
-5.032,5.113,0.500
-5.222,5.265,0.500
-5.077,5.079,0.500
-5.103,5.065,0.500
-5.134,5.056,0.500
-5.307,5.185,0.500
-5.124,4.968,0.500
-5.363,5.159,0.500
-5.351,5.106,0.500
-5.368,5.083,0.500
-5.199,4.884,0.500
-5.218,4.864,0.500
-5.273,4.876,0.500
-5.247,4.814,0.500
-5.266,4.793,0.500
-5.294,4.781,0.500
-5.517,4.943,0.500
-5.587,4.967,0.500
-5.350,4.718,0.500
-5.368,4.697,0.500
-5.371,4.663,0.500
-5.411,4.660,0.500
-5.420,4.631,0.500
-5.429,4.602,0.500
-5.453,4.586,0.500
-5.459,4.554,0.500
-5.689,4.709,0.500
-5.500,4.516,0.500
-5.531,4.505,0.500
-5.753,4.648,0.500
-5.560,4.456,0.500
-5.766,4.584,0.500
-5.594,4.412,0.500
-5.609,4.388,0.500
-5.840,4.532,0.500
-5.672,4.366,0.500
-5.676,4.334,0.500
-5.680,4.301,0.500
-5.694,4.277,0.500
-5.813,4.331,0.500
-5.776,4.268,0.500
-5.737,4.204,0.500
-5.861,4.260,0.500
-5.773,4.162,0.500
-6.014,4.299,0.500
-5.806,4.116,0.500
-6.044,4.250,0.500
-6.055,4.222,0.500
-5.867,4.057,0.500
-5.890,4.038,0.500
-5.865,3.987,0.500
-5.991,4.039,0.500
-6.196,4.142,0.500
-5.925,3.927,0.500
-5.978,3.929,0.500
-6.007,3.914,0.500
-6.191,3.999,0.500
-6.257,4.007,0.500
-6.049,3.841,0.500
-6.071,3.821,0.500
-6.323,3.945,0.500
-6.115,3.782,0.500
-6.116,3.749,0.500
-6.137,3.729,0.500
-6.110,3.680,0.500
-6.393,3.816,0.500
-6.414,3.795,0.500
-6.192,3.631,0.500
-6.209,3.608,0.500
-6.217,3.580,0.500
-6.245,3.563,0.500
-6.448,3.646,0.500
-6.283,3.520,0.500
-6.251,3.470,0.500
-6.232,3.428,0.500
-6.264,3.413,0.500
-6.472,3.494,0.500
-6.279,3.358,0.500
-6.519,3.453,0.500
-6.526,3.424,0.500
-6.319,3.284,0.500
-6.342,3.264,0.500
-6.351,3.238,0.500
-6.596,3.330,0.500
-6.589,3.294,0.500
-6.389,3.163,0.500
-6.621,3.245,0.500
-6.658,3.231,0.500
-6.415,3.082,0.500
-6.489,3.086,0.500
-6.494,3.057,0.500
-6.513,3.035,0.500
-6.496,2.996,0.500
-6.729,3.071,0.500
-6.775,3.060,0.500
-6.542,2.924,0.500
-6.806,3.010,0.500
-6.576,2.878,0.500
-6.839,2.961,0.500
-6.830,2.925,0.500
-6.613,2.802,0.500
-6.594,2.763,0.500
-6.582,2.728,0.500
-6.841,2.803,0.500
-6.600,2.674,0.500
-6.629,2.656,0.500
-6.877,2.724,0.500
-6.585,2.578,0.500
-6.571,2.544,0.500
-6.597,2.524,0.500
-6.591,2.492,0.500
-6.864,2.564,0.500
-6.684,2.467,0.500
-6.682,2.437,0.500
-6.923,2.494,0.500
-6.826,2.429,0.500
-6.772,2.379,0.500
-6.792,2.357,0.500
-6.786,2.325,0.500
-7.085,2.396,0.500
-6.865,2.292,0.500
-6.915,2.278,0.500
-6.961,2.263,0.500
-7.232,2.320,0.500
-7.289,2.307,0.500
-7.050,2.200,0.500
-7.367,2.268,0.500
-7.406,2.248,0.500
-7.193,2.153,0.500
-7.202,2.124,0.500
-7.481,2.175,0.500
-7.246,2.076,0.500
-7.546,2.130,0.500
-7.335,2.039,0.500
-7.312,2.002,0.500
-7.570,2.041,0.500
-7.369,1.955,0.500
-7.637,1.994,0.500
-7.568,1.945,0.500
-7.456,1.885,0.500
-7.695,1.913,0.500
-7.491,1.831,0.500
-7.481,1.797,0.500
-7.502,1.771,0.500
-7.502,1.740,0.500
-7.738,1.763,0.500
-7.498,1.677,0.500
-7.519,1.651,0.500
-7.552,1.627,0.500
-7.538,1.593,0.500
-7.541,1.563,0.500
-7.550,1.534,0.500
-7.719,1.537,0.500
-7.760,1.513,0.500
-7.724,1.475,0.500
-7.519,1.405,0.500
-7.524,1.375,0.500
-7.774,1.390,0.500
-7.524,1.314,0.500
-7.547,1.288,0.500
-7.545,1.257,0.500
-7.560,1.229,0.500
-7.547,1.197,0.500
-7.871,1.216,0.500
-7.602,1.144,0.500
-7.644,1.120,0.500
-7.860,1.120,0.500
-7.628,1.056,0.500
-7.643,1.028,0.500
-7.657,0.999,0.500
-7.688,0.973,0.500
-7.877,0.965,0.500
-7.689,0.911,0.500
-7.716,0.884,0.500
-7.750,0.857,0.500
-7.945,0.847,0.500
-7.965,0.817,0.500
-7.759,0.765,0.500
-7.983,0.756,0.500
-7.951,0.721,0.500
-7.815,0.678,0.500
-8.042,0.666,0.500
-7.969,0.628,0.500
-7.819,0.586,0.500
-7.828,0.555,0.500
-7.813,0.524,0.500
-7.822,0.493,0.500
-7.850,0.464,0.500
-8.054,0.444,0.500
-7.873,0.404,0.500
-7.881,0.373,0.500
-7.964,0.345,0.500
-7.894,0.311,0.500
-7.882,0.280,0.500
-7.961,0.251,0.500
-7.952,0.220,0.500
-8.165,0.194,0.500
-8.156,0.161,0.500
-7.948,0.126,0.500
-7.971,0.095,0.500
-8.003,0.064,0.500
-8.206,0.033,0.500
-7.997,0.001,0.500
-7.990,-0.030,0.500
-8.221,-0.063,0.500
-8.044,-0.094,0.500
-8.040,-0.125,0.500
-8.043,-0.157,0.500
-8.029,-0.188,0.500
-8.230,-0.225,0.500
-8.034,-0.251,0.500
-8.033,-0.283,0.500
-8.127,-0.318,0.500
-8.030,-0.346,0.500
-8.029,-0.377,0.500
-8.234,-0.419,0.500
-8.016,-0.440,0.500
-7.999,-0.471,0.500
-8.038,-0.504,0.500
-8.011,-0.534,0.500
-8.064,-0.570,0.500
-8.056,-0.601,0.500
-8.257,-0.649,0.500
-8.057,-0.665,0.500
-8.254,-0.714,0.500
-8.055,-0.728,0.500
-8.036,-0.758,0.500
-8.052,-0.792,0.500
-8.085,-0.827,0.500
-8.285,-0.880,0.500
-8.066,-0.889,0.500
-8.069,-0.922,0.500
-8.308,-0.982,0.500
-8.092,-0.989,0.500
-8.094,-1.021,0.500
-8.298,-1.080,0.500
-8.130,-1.091,0.500
-8.331,-1.151,0.500
-8.349,-1.187,0.500
-8.155,-1.192,0.500
-8.361,-1.256,0.500
-8.157,-1.258,0.500
-8.183,-1.295,0.500
-8.178,-1.327,0.500
-8.210,-1.365,0.500
-8.401,-1.431,0.500
-8.219,-1.433,0.500
-8.199,-1.463,0.500
-8.387,-1.530,0.500
-8.407,-1.568,0.500
-8.217,-1.566,0.500
-8.228,-1.602,0.500
-8.238,-1.637,0.500
-8.234,-1.670,0.500
-8.444,-1.747,0.500
-8.445,-1.782,0.500
-8.252,-1.775,0.500
-8.293,-1.818,0.500
-8.331,-1.861,0.500
-8.249,-1.877,0.500
-8.268,-1.915,0.500
-8.295,-1.956,0.500
-8.279,-1.987,0.500
-8.261,-2.016,0.500
-8.302,-2.061,0.500
-8.462,-2.136,0.500
-8.327,-2.137,0.500
-8.318,-2.169,0.500
-8.527,-2.260,0.500
-8.336,-2.244,0.500
-8.332,-2.278,0.500
-8.360,-2.321,0.500
-8.337,-2.350,0.500
-8.513,-2.436,0.500
-8.350,-2.425,0.500
-8.347,-2.459,0.500
-8.328,-2.489,0.500
-8.530,-2.586,0.500
-8.351,-2.568,0.500
-8.355,-2.605,0.500
-8.528,-2.696,0.500
-8.382,-2.686,0.500
-8.373,-2.719,0.500
-8.535,-2.809,0.500
-8.384,-2.796,0.500
-8.405,-2.839,0.500
-8.555,-2.928,0.500
-8.413,-2.916,0.500
-8.476,-2.975,0.500
-8.547,-3.038,0.500
-8.405,-3.025,0.500
-8.404,-3.062,0.500
-8.415,-3.103,0.500
-8.539,-3.187,0.500
-8.384,-3.167,0.500
-8.402,-3.211,0.500
-8.534,-3.300,0.500
-8.412,-3.291,0.500
-8.405,-3.327,0.500
-8.394,-3.360,0.500
-8.538,-3.457,0.500
-8.520,-3.489,0.500
-8.373,-3.467,0.500
-8.384,-3.510,0.500
-8.368,-3.542,0.500
-8.366,-3.580,0.500
-8.376,-3.623,0.500
-8.359,-3.655,0.500
-8.355,-3.692,0.500
-8.495,-3.794,0.500
-8.491,-3.833,0.500
-8.358,-3.812,0.500
-8.366,-3.855,0.500
-8.377,-3.900,0.500
-8.373,-3.939,0.500
-8.378,-3.981,0.500
-8.493,-4.077,0.500
-8.397,-4.072,0.500
-8.385,-4.106,0.500
-8.526,-4.217,0.500
-8.375,-4.184,0.500
-8.508,-4.292,0.500
-8.383,-4.270,0.500
-8.376,-4.308,0.500
-8.375,-4.349,0.500
-8.388,-4.398,0.500
-8.477,-4.487,0.500
-8.376,-4.476,0.500
-8.349,-4.503,0.500
-8.339,-4.541,0.500
-8.318,-4.572,0.500
-8.411,-4.666,0.500
-8.289,-4.641,0.500
-8.265,-4.670,0.500
-8.357,-4.765,0.500
-8.225,-4.733,0.500
-8.193,-4.758,0.500
-8.279,-4.851,0.500
-8.266,-4.887,0.500
-8.125,-4.847,0.500
-8.114,-4.884,0.500
-8.097,-4.917,0.500
-8.079,-4.950,0.500
-8.165,-5.046,0.500
-8.056,-5.023,0.500
-8.030,-5.050,0.500
-8.125,-5.155,0.500
-8.001,-5.120,0.500
-7.978,-5.150,0.500
-8.066,-5.252,0.500
-7.907,-5.193,0.500
-7.984,-5.288,0.500
-7.860,-5.250,0.500
-7.828,-5.274,0.500
-7.828,-5.318,0.500
-7.767,-5.322,0.500
-7.855,-5.428,0.500
-7.742,-5.395,0.500
-7.681,-5.397,0.500
-7.769,-5.505,0.500
-7.645,-5.462,0.500
-7.609,-5.482,0.500
-7.583,-5.508,0.500
-7.555,-5.533,0.500
-7.642,-5.643,0.500
-7.498,-5.583,0.500
-7.565,-5.679,0.500
-7.445,-5.634,0.500
-7.505,-5.726,0.500
-7.378,-5.675,0.500
-7.440,-5.770,0.500
-7.317,-5.721,0.500
-7.384,-5.820,0.500
-7.356,-5.845,0.500
-7.209,-5.774,0.500
-7.300,-5.894,0.500
-7.266,-5.914,0.500
-7.127,-5.848,0.500
-7.104,-5.876,0.500
-7.177,-5.984,0.500
-7.035,-5.913,0.500
-7.017,-5.944,0.500
-6.997,-5.975,0.500
-6.946,-5.978,0.500
-7.031,-6.100,0.500
-6.897,-6.031,0.500
-6.872,-6.057,0.500
-6.931,-6.158,0.500
-6.802,-6.091,0.500
-6.782,-6.122,0.500
-6.757,-6.147,0.500
-6.744,-6.184,0.500
-6.797,-6.282,0.500
-6.657,-6.201,0.500
-6.642,-6.236,0.500
-6.603,-6.248,0.500
-6.588,-6.283,0.500
-6.533,-6.280,0.500
-6.623,-6.417,0.500
-6.484,-6.331,0.500
-6.455,-6.354,0.500
-6.525,-6.472,0.500
-6.385,-6.383,0.500
-6.364,-6.413,0.500
-6.301,-6.399,0.500
-6.282,-6.431,0.500
-6.265,-6.464,0.500
-6.320,-6.571,0.500
-6.182,-6.479,0.500
-6.162,-6.509,0.500
-6.138,-6.534,0.500
-6.113,-6.560,0.500
-6.195,-6.701,0.500
-6.043,-6.588,0.500
-6.092,-6.694,0.500
-6.095,-6.750,0.500
-5.959,-6.651,0.500
-6.049,-6.806,0.500
-5.912,-6.705,0.500
-5.921,-6.768,0.500
-5.853,-6.744,0.500
-5.923,-6.879,0.500
-5.883,-6.887,0.500
-5.754,-6.789,0.500
-5.726,-6.810,0.500
-5.806,-6.961,0.500
-5.781,-6.987,0.500
-5.648,-6.881,0.500
-5.714,-7.017,0.500
-5.595,-6.927,0.500
-5.568,-6.949,0.500
-5.544,-6.974,0.500
-5.515,-6.994,0.500
-5.586,-7.142,0.500
-5.457,-7.033,0.500
-5.431,-7.057,0.500
-5.401,-7.076,0.500
-5.351,-7.067,0.500
-5.320,-7.084,0.500
-5.304,-7.120,0.500
-5.276,-7.141,0.500
-5.212,-7.113,0.500
-5.310,-7.307,0.500
-5.160,-7.160,0.500
-5.234,-7.323,0.500
-5.112,-7.212,0.500
-5.158,-7.338,0.500
-5.128,-7.356,0.500
-5.008,-7.244,0.500
-4.980,-7.266,0.500
-4.951,-7.283,0.500
-4.922,-7.302,0.500
-4.896,-7.326,0.500
-4.863,-7.339,0.500
-4.928,-7.500,0.500
-4.786,-7.348,0.500
-4.762,-7.373,0.500
-4.729,-7.385,0.500
-4.705,-7.412,0.500
-4.673,-7.426,0.500
-4.648,-7.451,0.500
-4.619,-7.469,0.500
-4.581,-7.475,0.500
-4.646,-7.648,0.500
-4.524,-7.513,0.500
-4.491,-7.524,0.500
-4.549,-7.690,0.500
-4.428,-7.553,0.500
-4.402,-7.576,0.500
-4.373,-7.596,0.500
-4.350,-7.626,0.500
-4.317,-7.636,0.500
-4.369,-7.799,0.500
-4.258,-7.672,0.500
-4.301,-7.821,0.500
-4.294,-7.883,0.500
-4.184,-7.752,0.500
-4.145,-7.753,0.500
-4.125,-7.789,0.500
-4.087,-7.792,0.500
-4.135,-7.959,0.500
-4.029,-7.830,0.500
-4.012,-7.872,0.500
-4.042,-8.009,0.500
-3.934,-7.871,0.500
-3.907,-7.895,0.500
-3.935,-8.030,0.500
-3.919,-8.078,0.500
-3.811,-7.934,0.500
-3.831,-8.056,0.500
-3.756,-7.981,0.500
-3.734,-8.015,0.500
-3.699,-8.021,0.500
-3.661,-8.022,0.500
-3.638,-8.054,0.500
-3.603,-8.062,0.500
-3.639,-8.228,0.500
-3.540,-8.092,0.500
-3.564,-8.234,0.500
-3.545,-8.279,0.500
-3.450,-8.145,0.500
-3.415,-8.151,0.500
-3.419,-8.252,0.500
-3.352,-8.180,0.500
-3.318,-8.189,0.500
-3.342,-8.343,0.500
-3.258,-8.228,0.500
-3.222,-8.230,0.500
-3.189,-8.240,0.500
-3.141,-8.214,0.500
-3.169,-8.384,0.500
-3.081,-8.250,0.500
-3.104,-8.411,0.500
-3.074,-8.433,0.500
-2.981,-8.279,0.500
-2.948,-8.288,0.500
-2.950,-8.399,0.500
-2.885,-8.318,0.500
-2.869,-8.377,0.500
-2.831,-8.374,0.500
-2.852,-8.547,0.500
-2.807,-8.524,0.500
-2.724,-8.382,0.500
-2.739,-8.541,0.500
-2.705,-8.550,0.500
-2.631,-8.432,0.500
-2.632,-8.553,0.500
-2.582,-8.509,0.500
-2.607,-8.716,0.500
-2.574,-8.730,0.500
-2.502,-8.609,0.500
-2.478,-8.654,0.500
-2.448,-8.676,0.500
-2.418,-8.701,0.500
-2.392,-8.741,0.500
-2.397,-8.896,0.500
-2.325,-8.768,0.500
-2.295,-8.792,0.500
-2.263,-8.811,0.500
-2.230,-8.824,0.500
-2.237,-9.004,0.500
-2.167,-8.869,0.500
-2.132,-8.876,0.500
-2.104,-8.915,0.500
-2.067,-8.915,0.500
-2.033,-8.925,0.500
-1.997,-8.931,0.500
-1.964,-8.947,0.500
-1.931,-8.967,0.500
-1.893,-8.960,0.500
-1.882,-9.083,0.500
-1.853,-9.124,0.500
-1.786,-8.976,0.500
-1.753,-8.993,0.500
-1.717,-8.996,0.500
-1.681,-9.002,0.500
-1.646,-9.007,0.500
-1.609,-9.005,0.500
-1.601,-9.167,0.500
-1.565,-9.176,0.500
-1.504,-9.029,0.500
-1.470,-9.046,0.500
-1.432,-9.039,0.500
-1.399,-9.061,0.500
-1.363,-9.065,0.500
-1.328,-9.068,0.500
-1.291,-9.065,0.500
-1.257,-9.082,0.500
-1.219,-9.074,0.500
-1.186,-9.096,0.500
-1.149,-9.094,0.500
-1.112,-9.088,0.500
-1.094,-9.237,0.500
-1.057,-9.238,0.500
-1.006,-9.103,0.500
-0.972,-9.132,0.500
-0.937,-9.140,0.500
-0.901,-9.146,0.500
-0.879,-9.297,0.500
-0.829,-9.144,0.500
-0.793,-9.149,0.500
-0.770,-9.311,0.500
-0.722,-9.162,0.500
-0.684,-9.148,0.500
-0.651,-9.190,0.500
-0.614,-9.182,0.500
-0.588,-9.342,0.500
-0.547,-9.261,0.500
-0.509,-9.231,0.500
-0.473,-9.237,0.500
-0.443,-9.375,0.500
-0.406,-9.379,0.500
-0.365,-9.264,0.500
-0.328,-9.268,0.500
-0.293,-9.295,0.500
-0.256,-9.276,0.500
-0.222,-9.407,0.500
-0.186,-9.456,0.500
-0.147,-9.299,0.500
-0.110,-9.312,0.500
-0.074,-9.308,0.500
-0.037,-9.306,0.500
-0.001,-9.471,0.500
0.036,-9.336,0.500
0.074,-9.471,0.500
0.109,-9.328,0.500
0.146,-9.309,0.500
0.182,-9.300,0.500
0.222,-9.447,0.500
0.255,-9.301,0.500
0.290,-9.240,0.500
0.331,-9.382,0.500
0.362,-9.217,0.500
0.397,-9.190,0.500
0.431,-9.146,0.500
0.465,-9.116,0.500
0.500,-9.099,0.500
0.533,-9.049,0.500
0.576,-9.163,0.500
0.597,-8.943,0.500
0.630,-8.908,0.500
0.662,-8.861,0.500
0.692,-8.803,0.500
0.725,-8.779,0.500
0.753,-8.702,0.500
0.787,-8.689,0.500
0.818,-8.653,0.500
0.866,-8.800,0.500
0.901,-8.794,0.500
0.926,-8.708,0.500
0.947,-8.581,0.500
0.976,-8.536,0.500
1.026,-8.674,0.500
1.034,-8.454,0.500
1.085,-8.596,0.500
1.095,-8.408,0.500
1.139,-8.481,0.500
1.151,-8.326,0.500
1.184,-8.324,0.500
1.214,-8.300,0.500
1.244,-8.278,0.500
1.270,-8.231,0.500
1.302,-8.223,0.500
1.366,-8.415,0.500
1.394,-8.375,0.500
1.392,-8.165,0.500
1.423,-8.156,0.500
1.449,-8.116,0.500
1.515,-8.295,0.500
1.509,-8.087,0.500
1.537,-8.058,0.500
1.607,-8.252,0.500
1.592,-8.007,0.500
1.624,-8.001,0.500
1.659,-8.015,0.500
1.722,-8.154,0.500
1.712,-7.952,0.500
1.783,-8.127,0.500
1.773,-7.932,0.500
1.802,-7.919,0.500
1.831,-7.903,0.500
1.853,-7.854,0.500
1.930,-8.039,0.500
1.955,-8.006,0.500
1.925,-7.752,0.500
2.010,-7.959,0.500
1.988,-7.743,0.500
2.052,-7.864,0.500
2.092,-7.891,0.500
2.050,-7.612,0.500
2.078,-7.598,0.500
2.101,-7.564,0.500
2.163,-7.672,0.500
2.222,-7.764,0.500
2.176,-7.491,0.500
2.207,-7.489,0.500
2.233,-7.467,0.500
2.258,-7.445,0.500
2.358,-7.665,0.500
2.373,-7.610,0.500
2.338,-7.392,0.500
2.368,-7.386,0.500
2.401,-7.390,0.500
2.496,-7.581,0.500
2.509,-7.522,0.500
2.463,-7.289,0.500
2.491,-7.276,0.500
2.590,-7.470,0.500
2.553,-7.270,0.500
2.579,-7.253,0.500
2.619,-7.275,0.500
2.640,-7.245,0.500
2.658,-7.206,0.500
2.776,-7.435,0.500
2.716,-7.188,0.500
2.728,-7.134,0.500
2.758,-7.130,0.500
2.787,-7.123,0.500
2.908,-7.345,0.500
2.829,-7.064,0.500
2.940,-7.258,0.500
2.873,-7.015,0.500
2.913,-7.034,0.500
2.921,-6.976,0.500
2.943,-6.951,0.500
2.958,-6.909,0.500
3.086,-7.131,0.500
3.003,-6.866,0.500
3.030,-6.854,0.500
3.055,-6.839,0.500
3.088,-6.840,0.500
3.133,-6.868,0.500
3.114,-6.755,0.500
3.247,-6.972,0.500
3.244,-6.895,0.500
3.196,-6.724,0.500
3.323,-6.920,0.500
3.247,-6.696,0.500
3.366,-6.872,0.500
3.421,-6.915,0.500
3.313,-6.630,0.500
3.332,-6.604,0.500
3.358,-6.590,0.500
3.499,-6.801,0.500
3.408,-6.560,0.500
3.536,-6.742,0.500
3.576,-6.754,0.500
3.485,-6.520,0.500
3.514,-6.513,0.500
3.505,-6.435,0.500
3.654,-6.647,0.500
3.704,-6.676,0.500
3.576,-6.387,0.500
3.611,-6.389,0.500
3.628,-6.362,0.500
3.669,-6.374,0.500
3.852,-6.632,0.500
3.721,-6.348,0.500
3.722,-6.294,0.500
3.729,-6.249,0.500
3.745,-6.221,0.500
3.930,-6.470,0.500
3.816,-6.228,0.500
3.845,-6.220,0.500
3.847,-6.168,0.500
4.014,-6.380,0.500
4.068,-6.410,0.500
3.932,-6.142,0.500
3.954,-6.123,0.500
3.956,-6.075,0.500
3.982,-6.063,0.500
4.143,-6.253,0.500
4.169,-6.240,0.500
4.171,-6.190,0.500
4.070,-5.989,0.500
4.089,-5.967,0.500
4.117,-5.957,0.500
4.131,-5.928,0.500
4.305,-6.125,0.500
4.182,-5.902,0.500
4.203,-5.882,0.500
4.379,-6.077,0.500
4.252,-5.852,0.500
4.261,-5.816,0.500
4.271,-5.783,0.500
4.445,-5.969,0.500
4.488,-5.978,0.500
4.390,-5.799,0.500
4.485,-5.877,0.500
4.374,-5.686,0.500
4.404,-5.678,0.500
4.424,-5.657,0.500
4.446,-5.640,0.500
4.637,-5.835,0.500
4.660,-5.817,0.500
4.510,-5.584,0.500
4.529,-5.563,0.500
4.564,-5.561,0.500
4.731,-5.720,0.500
4.713,-5.651,0.500
4.786,-5.694,0.500
4.585,-5.411,0.500
4.633,-5.424,0.500
4.831,-5.611,0.500
4.848,-5.586,0.500
4.762,-5.445,0.500
4.894,-5.551,0.500
4.735,-5.329,0.500
4.745,-5.298,0.500
4.763,-5.277,0.500
4.798,-5.273,0.500
4.945,-5.392,0.500
4.811,-5.205,0.500
5.019,-5.387,0.500
4.835,-5.149,0.500
5.040,-5.325,0.500
5.066,-5.310,0.500
4.887,-5.083,0.500
4.915,-5.072,0.500
4.938,-5.056,0.500
4.955,-5.034,0.500
5.125,-5.166,0.500
4.950,-4.950,0.500
4.969,-4.931,0.500
4.989,-4.911,0.500
5.011,-4.894,0.500
5.240,-5.078,0.500
5.055,-4.861,0.500
5.211,-4.971,0.500
5.291,-5.008,0.500
5.121,-4.809,0.500
5.122,-4.772,0.500
5.341,-4.937,0.500
5.156,-4.729,0.500
5.190,-4.723,0.500
5.199,-4.694,0.500
5.218,-4.673,0.500
5.236,-4.653,0.500
5.461,-4.815,0.500
5.304,-4.639,0.500
5.563,-4.828,0.500
5.553,-4.781,0.500
5.368,-4.584,0.500
5.392,-4.569,0.500
5.400,-4.539,0.500
5.631,-4.695,0.500
5.652,-4.676,0.500
5.431,-4.457,0.500
5.661,-4.609,0.500
5.710,-4.611,0.500
5.503,-4.408,0.500
5.635,-4.478,0.500
5.534,-4.362,0.500
5.554,-4.343,0.500
5.604,-4.347,0.500
5.598,-4.307,0.500
5.782,-4.412,0.500
5.618,-4.253,0.500
5.648,-4.241,0.500
5.668,-4.221,0.500
5.678,-4.194,0.500
5.688,-4.167,0.500
5.868,-4.263,0.500
5.936,-4.277,0.500
5.955,-4.256,0.500
6.016,-4.264,0.500
5.995,-4.213,0.500
5.791,-4.036,0.500
6.031,-4.168,0.500
6.019,-4.125,0.500
5.790,-3.935,0.500
5.868,-3.954,0.500
5.845,-3.905,0.500
6.079,-4.028,0.500
6.134,-4.029,0.500
5.915,-3.852,0.500
6.127,-3.956,0.500
5.949,-3.808,0.500
5.964,-3.785,0.500
5.989,-3.768,0.500
5.947,-3.709,0.500
6.243,-3.859,0.500
6.015,-3.686,0.500
6.019,-3.656,0.500
6.019,-3.624,0.500
6.062,-3.617,0.500
6.327,-3.742,0.500
6.328,-3.709,0.500
6.097,-3.541,0.500
6.118,-3.521,0.500
6.431,-3.668,0.500
6.203,-3.506,0.500
6.234,-3.491,0.500
6.230,-3.457,0.500
6.254,-3.438,0.500
6.289,-3.425,0.500
6.317,-3.408,0.500
6.553,-3.503,0.500
6.560,-3.473,0.500
6.577,-3.449,0.500
6.468,-3.360,0.500
6.383,-3.284,0.500
6.651,-3.389,0.500
6.397,-3.228,0.500
6.707,-3.351,0.500
6.736,-3.333,0.500
6.492,-3.181,0.500
6.512,-3.158,0.500
6.521,-3.131,0.500
6.533,-3.106,0.500
6.720,-3.162,0.500
6.568,-3.059,0.500
6.562,-3.025,0.500
6.818,-3.110,0.500
6.593,-2.977,0.500
6.633,-2.964,0.500
6.612,-2.923,0.500
6.627,-2.899,0.500
6.650,-2.877,0.500
6.882,-2.946,0.500
6.897,-2.920,0.500
6.661,-2.790,0.500
6.676,-2.765,0.500
6.694,-2.742,0.500
6.716,-2.720,0.500
6.715,-2.689,0.500
6.696,-2.651,0.500
7.023,-2.748,0.500
6.975,-2.698,0.500
6.775,-2.590,0.500
6.789,-2.565,0.500
6.810,-2.543,0.500
7.031,-2.594,0.500
6.808,-2.481,0.500
6.862,-2.470,0.500
6.886,-2.448,0.500
6.877,-2.415,0.500
7.125,-2.471,0.500
7.128,-2.440,0.500
6.901,-2.332,0.500
6.914,-2.307,0.500
7.156,-2.356,0.500
6.980,-2.268,0.500
6.982,-2.238,0.500
7.020,-2.220,0.500
7.036,-2.195,0.500
7.059,-2.171,0.500
7.299,-2.214,0.500
7.075,-2.116,0.500
7.091,-2.090,0.500
7.092,-2.060,0.500
7.158,-2.049,0.500
7.177,-2.024,0.500
7.199,-2.000,0.500
7.203,-1.970,0.500
7.368,-1.985,0.500
7.197,-1.908,0.500
7.265,-1.896,0.500
7.262,-1.864,0.500
7.510,-1.897,0.500
7.518,-1.867,0.500
7.265,-1.774,0.500
7.297,-1.752,0.500
7.301,-1.722,0.500
7.350,-1.703,0.500
7.612,-1.733,0.500
7.377,-1.649,0.500
7.626,-1.673,0.500
7.404,-1.594,0.500
7.606,-1.606,0.500
7.399,-1.532,0.500
7.373,-1.496,0.500
7.697,-1.531,0.500
7.455,-1.452,0.500
7.482,-1.427,0.500
7.704,-1.438,0.500
7.468,-1.364,0.500
7.712,-1.377,0.500
7.493,-1.308,0.500
7.676,-1.308,0.500
7.744,-1.289,0.500
7.469,-1.213,0.500
7.558,-1.197,0.500
7.552,-1.166,0.500
7.578,-1.139,0.500
7.797,-1.141,0.500
7.576,-1.078,0.500
7.587,-1.049,0.500
7.581,-1.018,0.500
7.698,-1.003,0.500
7.595,-0.959,0.500
7.641,-0.935,0.500
7.665,-0.907,0.500
7.648,-0.874,0.500
7.878,-0.870,0.500
7.888,-0.839,0.500
7.647,-0.783,0.500
7.869,-0.775,0.500
7.639,-0.722,0.500
7.677,-0.695,0.500
7.690,-0.666,0.500
7.720,-0.638,0.500
7.940,-0.625,0.500
7.721,-0.577,0.500
7.727,-0.547,0.500
7.746,-0.518,0.500
7.731,-0.486,0.500
7.951,-0.469,0.500
7.728,-0.425,0.500
7.746,-0.396,0.500
8.016,-0.378,0.500
7.790,-0.336,0.500
8.007,-0.314,0.500
7.789,-0.275,0.500
7.803,-0.245,0.500
7.798,-0.214,0.500
7.788,-0.183,0.500
8.021,-0.157,0.500
7.813,-0.122,0.500
8.040,-0.094,0.500
8.072,-0.063,0.500
7.827,-0.030,0.500
7.831,0.000,1.000
7.887,0.031,1.000
7.890,0.062,1.000
7.890,0.093,1.000
8.117,0.128,1.000
8.120,0.160,1.000
7.927,0.187,1.000
7.971,0.220,1.000
7.961,0.251,1.000
7.947,0.281,1.000
8.158,0.321,1.000
7.948,0.344,1.000
7.991,0.377,1.000
8.216,0.420,1.000
7.982,0.440,1.000
7.964,0.470,1.000
7.975,0.502,1.000
8.011,0.536,1.000
8.233,0.583,1.000
8.009,0.599,1.000
8.010,0.631,1.000
8.014,0.663,1.000
8.151,0.706,1.000
8.058,0.730,1.000
8.248,0.780,1.000
8.202,0.808,1.000
8.033,0.823,1.000
8.088,0.861,1.000
8.281,0.915,1.000
8.069,0.923,1.000
8.256,0.978,1.000
8.092,0.990,1.000
8.088,1.022,1.000
8.281,1.080,1.000
8.091,1.087,1.000
8.306,1.149,1.000
8.282,1.179,1.000
8.116,1.188,1.000
8.115,1.220,1.000
8.113,1.253,1.000
8.287,1.313,1.000
8.340,1.355,1.000
8.132,1.354,1.000
8.136,1.387,1.000
8.142,1.421,1.000
8.347,1.491,1.000
8.344,1.524,1.000
8.150,1.522,1.000
8.366,1.596,1.000
8.365,1.630,1.000
8.177,1.627,1.000
8.176,1.660,1.000
8.345,1.729,1.000
8.190,1.730,1.000
8.183,1.762,1.000
8.174,1.794,1.000
8.379,1.873,1.000
8.195,1.866,1.000
8.209,1.903,1.000
8.180,1.930,1.000
8.172,1.962,1.000
8.379,2.047,1.000
8.208,2.039,1.000
8.365,2.113,1.000
8.347,2.144,1.000
8.202,2.141,1.000
8.367,2.219,1.000
8.198,2.209,1.000
8.181,2.239,1.000
8.175,2.271,1.000
8.202,2.314,1.000
8.371,2.397,1.000
8.385,2.437,1.000
8.198,2.417,1.000
8.364,2.502,1.000
8.396,2.548,1.000
8.216,2.528,1.000
8.402,2.621,1.000
8.394,2.655,1.000
8.416,2.698,1.000
8.242,2.679,1.000
8.263,2.721,1.000
8.281,2.763,1.000
8.426,2.849,1.000
8.422,2.884,1.000
8.290,2.875,1.000
8.439,2.964,1.000
8.297,2.951,1.000
8.281,2.982,1.000
8.260,3.011,1.000
8.269,3.051,1.000
8.257,3.083,1.000
8.267,3.124,1.000
8.401,3.213,1.000
8.271,3.200,1.000
8.274,3.239,1.000
8.401,3.327,1.000
8.270,3.313,1.000
8.262,3.347,1.000
8.268,3.387,1.000
8.423,3.489,1.000
8.417,3.526,1.000
8.289,3.510,1.000
8.318,3.562,1.000
8.315,3.599,1.000
8.439,3.692,1.000
8.434,3.729,1.000
8.302,3.710,1.000
8.295,3.746,1.000
8.357,3.813,1.000
8.289,3.822,1.000
8.278,3.856,1.000
8.265,3.890,1.000
8.269,3.931,1.000
8.412,4.040,1.000
8.422,4.085,1.000
8.279,4.057,1.000
8.269,4.092,1.000
8.396,4.196,1.000
8.257,4.167,1.000
8.262,4.211,1.000
8.239,4.239,1.000
8.258,4.290,1.000
8.343,4.376,1.000
8.256,4.372,1.000
8.258,4.415,1.000
8.361,4.512,1.000
8.244,4.491,1.000
8.231,4.526,1.000
8.217,4.560,1.000
8.218,4.603,1.000
8.316,4.701,1.000
8.178,4.665,1.000
8.279,4.766,1.000
8.246,4.790,1.000
8.124,4.762,1.000
8.109,4.796,1.000
8.080,4.822,1.000
8.176,4.923,1.000
8.138,4.944,1.000
8.143,4.991,1.000
8.013,4.955,1.000
7.995,4.987,1.000
7.972,5.016,1.000
8.053,5.112,1.000
8.042,5.149,1.000
7.916,5.112,1.000
7.894,5.142,1.000
7.903,5.192,1.000
7.892,5.229,1.000
7.805,5.216,1.000
7.897,5.323,1.000
7.779,5.287,1.000
7.747,5.310,1.000
7.708,5.328,1.000
7.680,5.354,1.000
7.767,5.459,1.000
7.747,5.491,1.000
7.710,5.510,1.000
7.691,5.543,1.000
7.533,5.474,1.000
7.612,5.577,1.000
7.488,5.532,1.000
7.467,5.561,1.000
7.536,5.659,1.000
7.393,5.598,1.000
7.363,5.620,1.000
7.399,5.694,1.000
7.309,5.670,1.000
7.282,5.695,1.000
7.361,5.804,1.000
7.226,5.743,1.000
7.195,5.765,1.000
7.177,5.797,1.000
7.123,5.800,1.000
7.213,5.921,1.000
7.184,5.944,1.000
7.056,5.885,1.000
7.020,5.902,1.000
6.987,5.921,1.000
7.057,6.029,1.000
6.920,5.959,1.000
6.990,6.066,1.000
6.992,6.117,1.000
6.846,6.037,1.000
6.935,6.163,1.000
6.779,6.073,1.000
6.868,6.201,1.000
6.731,6.126,1.000
6.715,6.160,1.000
6.682,6.177,1.000
6.745,6.285,1.000
6.741,6.332,1.000
6.706,6.348,1.000
6.577,6.276,1.000
6.530,6.280,1.000
6.504,6.304,1.000
6.592,6.440,1.000
6.540,6.439,1.000
6.409,6.360,1.000
6.387,6.388,1.000
6.472,6.524,1.000
6.324,6.425,1.000
6.388,6.541,1.000
6.376,6.580,1.000
6.233,6.484,1.000
6.214,6.515,1.000
6.162,6.512,1.000
6.146,6.546,1.000
6.222,6.679,1.000
6.077,6.575,1.000
6.046,6.594,1.000
6.017,6.614,1.000
5.996,6.643,1.000
5.961,6.656,1.000
6.037,6.794,1.000
5.888,6.680,1.000
5.862,6.703,1.000
5.840,6.731,1.000
5.910,6.867,1.000
5.886,6.893,1.000
5.754,6.792,1.000
5.822,6.927,1.000
5.701,6.837,1.000
5.687,6.876,1.000
5.632,6.864,1.000
5.600,6.880,1.000
5.680,7.035,1.000
5.644,7.047,1.000
5.511,6.936,1.000
5.469,6.939,1.000
5.547,7.095,1.000
5.410,6.976,1.000
5.486,7.131,1.000
5.451,7.143,1.000
5.336,7.051,1.000
5.404,7.199,1.000
5.266,7.073,1.000
5.228,7.080,1.000
5.202,7.103,1.000
5.274,7.261,1.000
5.243,7.278,1.000
5.221,7.307,1.000
5.086,7.177,1.000
5.137,7.310,1.000
5.105,7.327,1.000
4.982,7.211,1.000
4.957,7.234,1.000
4.930,7.256,1.000
5.032,7.469,1.000
4.963,7.429,1.000
4.843,7.311,1.000
4.818,7.336,1.000
4.785,7.349,1.000
4.767,7.384,1.000
4.818,7.527,1.000
4.697,7.403,1.000
4.756,7.561,1.000
4.725,7.578,1.000
4.699,7.602,1.000
4.580,7.476,1.000
4.552,7.496,1.000
4.506,7.486,1.000
4.476,7.503,1.000
4.448,7.523,1.000
4.413,7.532,1.000
4.388,7.556,1.000
4.439,7.714,1.000
4.332,7.596,1.000
4.302,7.613,1.000
4.270,7.626,1.000
4.242,7.647,1.000
4.288,7.801,1.000
4.254,7.812,1.000
4.148,7.690,1.000
4.114,7.699,1.000
4.085,7.718,1.000
4.073,7.769,1.000
4.119,7.931,1.000
4.012,7.801,1.000
3.977,7.807,1.000
4.027,7.983,1.000
3.923,7.854,1.000
3.888,7.860,1.000
3.857,7.876,1.000
3.820,7.877,1.000
3.860,8.040,1.000
3.779,7.952,1.000
3.749,7.969,1.000
3.787,8.133,1.000
3.707,8.044,1.000
3.651,8.005,1.000
3.622,8.024,1.000
3.636,8.141,1.000
3.558,8.050,1.000
3.533,8.080,1.000
3.515,8.124,1.000
3.461,8.087,1.000
3.505,8.281,1.000
3.468,8.282,1.000
3.367,8.132,1.000
3.338,8.152,1.000
3.311,8.176,1.000
3.277,8.184,1.000
3.244,8.195,1.000
3.270,8.357,1.000
3.176,8.211,1.000
3.142,8.221,1.000
3.112,8.238,1.000
3.080,8.253,1.000
3.105,8.420,1.000
3.029,8.313,1.000
3.040,8.448,1.000
2.960,8.327,1.000
2.926,8.334,1.000
2.894,8.348,1.000
2.860,8.357,1.000
2.882,8.530,1.000
2.854,8.558,1.000
2.784,8.458,1.000
2.750,8.467,1.000
2.725,8.504,1.000
2.704,8.552,1.000
2.727,8.745,1.000
2.654,8.632,1.000
2.662,8.780,1.000
2.642,8.839,1.000
2.554,8.667,1.000
2.538,8.741,1.000
2.500,8.738,1.000
2.468,8.754,1.000
2.476,8.916,1.000
2.401,8.782,1.000
2.373,8.814,1.000
2.339,8.825,1.000
2.305,8.837,1.000
2.269,8.841,1.000
2.238,8.865,1.000
2.202,8.867,1.000
2.199,9.007,1.000
2.165,9.023,1.000
2.095,8.886,1.000
2.061,8.895,1.000
2.027,8.911,1.000
1.990,8.908,1.000
1.988,9.068,1.000
1.921,8.926,1.000
1.886,8.938,1.000
1.850,8.941,1.000
1.816,8.952,1.000
1.779,8.948,1.000
1.744,8.958,1.000
1.709,8.966,1.000
1.703,9.126,1.000
1.649,9.034,1.000
1.604,8.986,1.000
1.569,8.999,1.000
1.533,9.000,1.000
1.504,9.042,1.000
1.491,9.190,1.000
1.432,9.048,1.000
1.397,9.057,1.000
1.361,9.061,1.000
1.347,9.210,1.000
1.309,9.205,1.000
1.254,9.072,1.000
1.218,9.079,1.000
1.183,9.088,1.000
1.147,9.092,1.000
1.111,9.088,1.000
1.096,9.272,1.000
1.040,9.099,1.000
1.023,9.280,1.000
0.971,9.136,1.000
0.950,9.284,1.000
0.914,9.295,1.000
0.864,9.152,1.000
0.842,9.308,1.000
0.795,9.196,1.000
0.758,9.184,1.000
0.733,9.331,1.000
0.697,9.338,1.000
0.649,9.186,1.000
0.624,9.353,1.000
0.579,9.224,1.000
0.543,9.222,1.000
0.507,9.237,1.000
0.472,9.261,1.000
0.437,9.294,1.000
0.399,9.267,1.000
0.367,9.373,1.000
0.333,9.452,1.000
0.291,9.304,1.000
0.255,9.307,1.000
0.219,9.340,1.000
0.182,9.337,1.000
0.148,9.477,1.000
0.109,9.368,1.000
0.073,9.495,1.000
0.035,9.354,1.000
-0.001,9.490,1.000
-0.038,9.390,1.000
-0.075,9.395,1.000
-0.112,9.389,1.000
-0.151,9.500,1.000
-0.185,9.356,1.000
-0.222,9.362,1.000
-0.262,9.496,1.000
-0.295,9.346,1.000
-0.330,9.292,1.000
-0.372,9.435,1.000
-0.403,9.297,1.000
-0.438,9.263,1.000
-0.480,9.366,1.000
-0.511,9.255,1.000
-0.540,9.138,1.000
-0.575,9.123,1.000
-0.608,9.079,1.000
-0.642,9.046,1.000
-0.688,9.183,1.000
-0.707,8.969,1.000
-0.740,8.943,1.000
-0.773,8.913,1.000
-0.819,9.029,1.000
-0.850,8.975,1.000
-0.868,8.797,1.000
-0.901,8.784,1.000
-0.948,8.898,1.000
-0.960,8.684,1.000
-1.017,8.879,1.000
-1.024,8.639,1.000
-1.057,8.627,1.000
-1.087,8.595,1.000
-1.117,8.561,1.000
-1.174,8.728,1.000
-1.173,8.474,1.000
-1.231,8.642,1.000
-1.261,8.608,1.000
-1.267,8.422,1.000
-1.321,8.552,1.000
-1.327,8.372,1.000
-1.357,8.348,1.000
-1.388,8.332,1.000
-1.413,8.282,1.000
-1.478,8.463,1.000
-1.476,8.260,1.000
-1.536,8.402,1.000
-1.541,8.248,1.000
-1.560,8.172,1.000
-1.630,8.360,1.000
-1.621,8.143,1.000
-1.683,8.285,1.000
-1.708,8.241,1.000
-1.705,8.069,1.000
-1.738,8.068,1.000
-1.766,8.044,1.000
-1.835,8.202,1.000
-1.823,8.001,1.000
-1.882,8.116,1.000
-1.883,7.978,1.000
-1.913,7.964,1.000
-1.937,7.928,1.000
-1.968,7.917,1.000
-2.003,7.924,1.000
-2.021,7.866,1.000
-2.103,8.056,1.000
-2.136,8.050,1.000
-2.100,7.791,1.000
-2.185,7.983,1.000
-2.154,7.750,1.000
-2.180,7.727,1.000
-2.271,7.928,1.000
-2.257,7.763,1.000
-2.261,7.664,1.000
-2.355,7.870,1.000
-2.321,7.646,1.000
-2.337,7.594,1.000
-2.366,7.582,1.000
-2.397,7.575,1.000
-2.476,7.719,1.000
-2.441,7.510,1.000
-2.467,7.488,1.000
-2.485,7.444,1.000
-2.511,7.424,1.000
-2.554,7.455,1.000
-2.557,7.370,1.000
-2.657,7.563,1.000
-2.687,7.552,1.000
-2.642,7.336,1.000
-2.665,7.309,1.000
-2.761,7.481,1.000
-2.711,7.256,1.000
-2.738,7.242,1.000
-2.749,7.186,1.000
-2.777,7.176,1.000
-2.895,7.393,1.000
-2.821,7.121,1.000
-2.927,7.306,1.000
-2.974,7.340,1.000
-2.882,7.031,1.000
-2.915,7.033,1.000
-2.938,7.012,1.000
-2.952,6.967,1.000
-3.059,7.142,1.000
-3.099,7.158,1.000
-3.000,6.855,1.000
-3.129,7.075,1.000
-3.060,6.845,1.000
-3.092,6.846,1.000
-3.115,6.824,1.000
-3.118,6.761,1.000
-3.250,6.974,1.000
-3.173,6.740,1.000
-3.199,6.727,1.000
-3.221,6.704,1.000
-3.254,6.705,1.000
-3.283,6.699,1.000
-3.279,6.625,1.000
-3.415,6.832,1.000
-3.434,6.803,1.000
-3.364,6.600,1.000
-3.385,6.577,1.000
-3.412,6.567,1.000
-3.433,6.543,1.000
-3.453,6.519,1.000
-3.570,6.676,1.000
-3.499,6.482,1.000
-3.622,6.648,1.000
-3.664,6.662,1.000
-3.566,6.424,1.000
-3.555,6.345,1.000
-3.714,6.568,1.000
-3.603,6.314,1.000
-3.765,6.538,1.000
-3.660,6.299,1.000
-3.685,6.284,1.000
-3.717,6.283,1.000
-3.693,6.187,1.000
-3.828,6.355,1.000
-3.758,6.185,1.000
-3.779,6.164,1.000
-3.951,6.389,1.000
-3.821,6.124,1.000
-3.964,6.298,1.000
-3.940,6.206,1.000
-3.901,6.092,1.000
-3.899,6.036,1.000
-3.951,6.064,1.000
-3.970,6.042,1.000
-3.994,6.026,1.000
-4.018,6.011,1.000
-4.199,6.229,1.000
-4.219,6.206,1.000
-4.084,5.956,1.000
-4.272,6.179,1.000
-4.137,5.934,1.000
-4.304,6.121,1.000
-4.387,6.187,1.000
-4.321,6.045,1.000
-4.223,5.858,1.000
-4.404,6.059,1.000
-4.269,5.825,1.000
-4.299,5.818,1.000
-4.326,5.807,1.000
-4.313,5.742,1.000
-4.499,5.942,1.000
-4.511,5.909,1.000
-4.361,5.666,1.000
-4.564,5.882,1.000
-4.405,5.631,1.000
-4.440,5.630,1.000
-4.474,5.628,1.000
-4.476,5.585,1.000
-4.528,5.605,1.000
-4.515,5.544,1.000
-4.521,5.507,1.000
-4.730,5.716,1.000
-4.572,5.481,1.000
-4.612,5.484,1.000
-4.604,5.432,1.000
-4.790,5.606,1.000
-4.663,5.414,1.000
-4.665,5.374,1.000
-4.684,5.353,1.000
-4.890,5.544,1.000
-4.734,5.325,1.000
-4.908,5.477,1.000
-4.947,5.478,1.000
-4.793,5.266,1.000
-4.811,5.244,1.000
-4.857,5.252,1.000
-4.861,5.215,1.000
-4.878,5.193,1.000
-4.907,5.183,1.000
-4.922,5.157,1.000
-5.127,5.331,1.000
-5.151,5.313,1.000
-4.976,5.093,1.000
-5.166,5.246,1.000
-5.016,5.054,1.000
-5.042,5.040,1.000
-5.065,5.023,1.000
-5.087,5.006,1.000
-5.290,5.164,1.000
-5.255,5.090,1.000
-5.325,5.118,1.000
-5.144,4.906,1.000
-5.226,4.944,1.000
-5.396,5.065,1.000
-5.190,4.834,1.000
-5.242,4.844,1.000
-5.252,4.815,1.000
-5.277,4.800,1.000
-5.308,4.790,1.000
-5.401,4.836,1.000
-5.324,4.729,1.000
-5.552,4.893,1.000
-5.394,4.717,1.000
-5.599,4.857,1.000
-5.416,4.661,1.000
-5.422,4.629,1.000
-5.446,4.613,1.000
-5.495,4.617,1.000
-5.733,4.779,1.000
-5.528,4.572,1.000
-5.552,4.555,1.000
-5.576,4.538,1.000
-5.585,4.509,1.000
-5.820,4.661,1.000
-5.623,4.467,1.000
-5.836,4.599,1.000
-5.661,4.425,1.000
-5.884,4.562,1.000
-5.911,4.546,1.000
-5.684,4.336,1.000
-5.685,4.302,1.000
-5.702,4.279,1.000
-5.719,4.257,1.000
-5.735,4.234,1.000
-5.745,4.207,1.000
-5.994,4.353,1.000
-5.989,4.314,1.000
-5.801,4.144,1.000
-6.029,4.271,1.000
-5.823,4.091,1.000
-5.974,4.162,1.000
-5.859,4.048,1.000
-5.891,4.036,1.000
-6.137,4.169,1.000
-5.909,3.980,1.000
-6.151,4.108,1.000
-5.951,3.941,1.000
-5.949,3.906,1.000
-6.199,4.035,1.000
-5.976,3.857,1.000
-5.991,3.834,1.000
-6.010,3.812,1.000
-6.206,3.903,1.000
-6.088,3.795,1.000
-6.082,3.758,1.000
-6.131,3.755,1.000
-6.135,3.725,1.000
-6.360,3.827,1.000
-6.178,3.685,1.000
-6.175,3.650,1.000
-6.414,3.758,1.000
-6.169,3.581,1.000
-6.169,3.549,1.000
-6.197,3.533,1.000
-6.200,3.503,1.000
-6.457,3.615,1.000
-6.238,3.460,1.000
-6.476,3.558,1.000
-6.496,3.536,1.000
-6.260,3.376,1.000
-6.277,3.354,1.000
-6.301,3.335,1.000
-6.375,3.342,1.000
-6.490,3.369,1.000
-6.333,3.256,1.000
-6.581,3.351,1.000
-6.591,3.324,1.000
-6.624,3.308,1.000
-6.409,3.169,1.000
-6.392,3.130,1.000
-6.669,3.233,1.000
-6.416,3.079,1.000
-6.479,3.079,1.000
-6.499,3.056,1.000
-6.485,3.019,1.000
-6.534,3.010,1.000
-6.534,2.980,1.000
-6.783,3.061,1.000
-6.819,3.045,1.000
-6.569,2.903,1.000
-6.812,2.978,1.000
-6.595,2.852,1.000
-6.599,2.823,1.000
-6.618,2.801,1.000
-6.580,2.754,1.000
-6.869,2.844,1.000
-6.598,2.701,1.000
-6.612,2.676,1.000
-6.856,2.744,1.000
-6.618,2.618,1.000
-6.639,2.597,1.000
-6.653,2.572,1.000
-6.909,2.640,1.000
-6.658,2.514,1.000
-6.691,2.497,1.000
-6.658,2.455,1.000
-6.664,2.427,1.000
-6.754,2.430,1.000
-6.740,2.395,1.000
-6.792,2.383,1.000
-6.778,2.349,1.000
-7.101,2.429,1.000
-6.853,2.315,1.000
-7.168,2.390,1.000
-6.916,2.276,1.000
-7.224,2.346,1.000
-6.989,2.239,1.000
-7.049,2.228,1.000
-7.094,2.211,1.000
-7.131,2.192,1.000
-7.171,2.174,1.000
-7.412,2.215,1.000
-7.251,2.136,1.000
-7.491,2.175,1.000
-7.309,2.091,1.000
-7.511,2.117,1.000
-7.322,2.032,1.000
-7.347,2.008,1.000
-7.613,2.049,1.000
-7.387,1.957,1.000
-7.412,1.932,1.000
-7.453,1.912,1.000
-7.460,1.883,1.000
-7.481,1.857,1.000
-7.485,1.826,1.000
-7.475,1.793,1.000
-7.506,1.769,1.000
-7.496,1.736,1.000
-7.722,1.756,1.000
-7.516,1.678,1.000
-7.752,1.699,1.000
-7.553,1.624,1.000
-7.752,1.635,1.000
-7.528,1.557,1.000
-7.551,1.531,1.000
-7.557,1.501,1.000
-7.570,1.473,1.000
-7.569,1.442,1.000
-7.760,1.447,1.000
-7.569,1.381,1.000
-7.777,1.387,1.000
-7.587,1.322,1.000
-7.723,1.315,1.000
-7.569,1.258,1.000
-7.598,1.232,1.000
-7.603,1.203,1.000
-7.608,1.173,1.000
-7.643,1.147,1.000
-7.603,1.111,1.000
-7.905,1.123,1.000
-7.683,1.061,1.000
-7.907,1.060,1.000
-7.905,1.028,1.000
-7.672,0.967,1.000
-7.957,0.972,1.000
-7.960,0.940,1.000
-7.757,0.885,1.000
-7.743,0.853,1.000
-7.747,0.823,1.000
-7.770,0.794,1.000
-8.030,0.789,1.000
-7.813,0.737,1.000
-7.993,0.722,1.000
-7.812,0.675,1.000
-8.020,0.661,1.000
-7.823,0.614,1.000
-7.832,0.584,1.000
-7.821,0.552,1.000
-8.048,0.536,1.000
-8.038,0.504,1.000
-7.824,0.460,1.000
-7.885,0.432,1.000
-7.867,0.400,1.000
-8.097,0.380,1.000
-7.863,0.338,1.000
-8.066,0.315,1.000
-7.941,0.279,1.000
-7.955,0.248,1.000
-7.962,0.217,1.000
-8.045,0.188,1.000
-7.954,0.154,1.000
-8.208,0.127,1.000
-7.996,0.092,1.000
-7.987,0.061,1.000
-7.990,0.030,1.000
-8.032,-0.002,1.000
-7.994,-0.033,1.000
-8.038,-0.065,1.000
-8.202,-0.099,1.000
-8.031,-0.128,1.000
-8.207,-0.163,1.000
-8.039,-0.191,1.000
-8.041,-0.223,1.000
-8.028,-0.254,1.000
-8.020,-0.285,1.000
-8.038,-0.318,1.000
-8.015,-0.348,1.000
-8.244,-0.391,1.000
-8.037,-0.413,1.000
-8.146,-0.450,1.000
-7.996,-0.473,1.000
-8.228,-0.520,1.000
-8.020,-0.538,1.000
-8.011,-0.569,1.000
-7.981,-0.598,1.000
-7.978,-0.630,1.000
-7.954,-0.659,1.000
-8.219,-0.714,1.000
-8.008,-0.727,1.000
-8.154,-0.773,1.000
-7.999,-0.790,1.000
-7.993,-0.821,1.000
-8.207,-0.875,1.000
-7.980,-0.883,1.000
-8.226,-0.943,1.000
-8.007,-0.950,1.000
-8.070,-0.989,1.000
-8.069,-1.021,1.000
-8.303,-1.084,1.000
-8.082,-1.088,1.000
-8.128,-1.126,1.000
-8.370,-1.193,1.000
-8.169,-1.197,1.000
-8.360,-1.259,1.000
-8.428,-1.303,1.000
-8.214,-1.303,1.000
-8.254,-1.343,1.000
-8.263,-1.377,1.000
-8.290,-1.415,1.000
-8.481,-1.482,1.000
-8.298,-1.484,1.000
-8.375,-1.532,1.000
-8.337,-1.559,1.000
-8.331,-1.591,1.000
-8.333,-1.626,1.000
-8.544,-1.702,1.000
-8.349,-1.697,1.000
-8.563,-1.775,1.000
-8.369,-1.770,1.000
-8.546,-1.842,1.000
-8.404,-1.846,1.000
-8.551,-1.913,1.000
-8.422,-1.920,1.000
-8.415,-1.953,1.000
-8.397,-1.983,1.000
-8.567,-2.059,1.000
-8.414,-2.057,1.000
-8.408,-2.091,1.000
-8.570,-2.167,1.000
-8.426,-2.166,1.000
-8.429,-2.202,1.000
-8.438,-2.239,1.000
-8.602,-2.319,1.000
-8.460,-2.317,1.000
-8.482,-2.359,1.000
-8.637,-2.438,1.000
-8.649,-2.478,1.000
-8.486,-2.468,1.000
-8.657,-2.554,1.000
-8.508,-2.547,1.000
-8.520,-2.587,1.000
-8.512,-2.621,1.000
-8.538,-2.666,1.000
-8.671,-2.745,1.000
-8.534,-2.738,1.000
-8.536,-2.776,1.000
-8.536,-2.813,1.000
-8.547,-2.854,1.000
-8.559,-2.895,1.000
-8.543,-2.927,1.000
-8.576,-2.976,1.000
-8.658,-3.043,1.000
-8.527,-3.035,1.000
-8.672,-3.124,1.000
-8.516,-3.106,1.000
-8.601,-3.176,1.000
-8.485,-3.171,1.000
-8.612,-3.257,1.000
-8.605,-3.293,1.000
-8.436,-3.266,1.000
-8.583,-3.362,1.000
-8.548,-3.387,1.000
-8.554,-3.428,1.000
-8.423,-3.414,1.000
-8.544,-3.502,1.000
-8.388,-3.477,1.000
-8.394,-3.518,1.000
-8.397,-3.558,1.000
-8.386,-3.593,1.000
-8.512,-3.686,1.000
-8.372,-3.664,1.000
-8.460,-3.743,1.000
-8.374,-3.744,1.000
-8.371,-3.782,1.000
-8.362,-3.818,1.000
-8.377,-3.865,1.000
-8.471,-3.948,1.000
-8.362,-3.937,1.000
-8.499,-4.043,1.000
-8.397,-4.035,1.000
-8.394,-4.074,1.000
-8.419,-4.127,1.000
-8.394,-4.156,1.000
-8.393,-4.197,1.000
-8.389,-4.236,1.000
-8.386,-4.276,1.000
-8.484,-4.368,1.000
-8.364,-4.348,1.000
-8.480,-4.450,1.000
-8.442,-4.472,1.000
-8.353,-4.468,1.000
-8.354,-4.510,1.000
-8.346,-4.548,1.000
-8.351,-4.594,1.000
-8.321,-4.620,1.000
-8.298,-4.650,1.000
-8.288,-4.687,1.000
-8.242,-4.704,1.000
-8.346,-4.807,1.000
-8.211,-4.772,1.000
-8.306,-4.871,1.000
-8.149,-4.822,1.000
-8.243,-4.922,1.000
-8.111,-4.886,1.000
-8.207,-4.988,1.000
-8.072,-4.950,1.000
-8.129,-5.029,1.000
-8.056,-5.027,1.000
-8.034,-5.058,1.000
-8.014,-5.089,1.000
-7.999,-5.124,1.000
-8.071,-5.215,1.000
-8.055,-5.249,1.000
-7.940,-5.218,1.000
-8.000,-5.303,1.000
-7.968,-5.327,1.000
-7.853,-5.295,1.000
-7.810,-5.311,1.000
-7.793,-5.344,1.000
-7.763,-5.368,1.000
-7.723,-5.386,1.000
-7.705,-5.418,1.000
-7.687,-5.451,1.000
-7.637,-5.460,1.000
-7.728,-5.572,1.000
-7.595,-5.521,1.000
-7.660,-5.615,1.000
-7.531,-5.566,1.000
-7.620,-5.678,1.000
-7.466,-5.609,1.000
-7.530,-5.703,1.000
-7.422,-5.667,1.000
-7.384,-5.684,1.000
-7.464,-5.793,1.000
-7.331,-5.736,1.000
-7.310,-5.766,1.000
-7.254,-5.768,1.000
-7.241,-5.804,1.000
-7.338,-5.930,1.000
-7.169,-5.840,1.000
-7.251,-5.954,1.000
-7.125,-5.897,1.000
-7.098,-5.923,1.000
-7.048,-5.928,1.000
-7.032,-5.962,1.000
-6.988,-5.972,1.000
-6.965,-5.999,1.000
-6.939,-6.025,1.000
-6.916,-6.052,1.000
-6.866,-6.057,1.000
-6.955,-6.184,1.000
-6.929,-6.209,1.000
-6.804,-6.146,1.000
-6.770,-6.164,1.000
-6.729,-6.174,1.000
-6.788,-6.279,1.000
-6.770,-6.311,1.000
-6.713,-6.307,1.000
-6.729,-6.372,1.000
-6.576,-6.277,1.000
-6.659,-6.406,1.000
-6.523,-6.325,1.000
-6.592,-6.442,1.000
-6.459,-6.362,1.000
-6.541,-6.494,1.000
-6.384,-6.388,1.000
-6.480,-6.535,1.000
-6.334,-6.437,1.000
-6.428,-6.585,1.000
-6.385,-6.592,1.000
-6.240,-6.494,1.000
-6.205,-6.508,1.000
-6.189,-6.543,1.000
-6.260,-6.670,1.000
-6.133,-6.586,1.000
-6.079,-6.580,1.000
-6.155,-6.714,1.000
-6.035,-6.636,1.000
-6.007,-6.658,1.000
-5.982,-6.683,1.000
-5.955,-6.705,1.000
-5.908,-6.705,1.000
-5.982,-6.843,1.000
-5.857,-6.753,1.000
-5.933,-6.896,1.000
-5.802,-6.797,1.000
-5.882,-6.946,1.000
-5.759,-6.855,1.000
-5.831,-6.997,1.000
-5.690,-6.882,1.000
-5.769,-7.034,1.000
-5.617,-6.903,1.000
-5.692,-7.052,1.000
-5.565,-6.951,1.000
-5.531,-6.963,1.000
-5.607,-7.116,1.000
-5.470,-6.999,1.000
-5.552,-7.162,1.000
-5.425,-7.055,1.000
-5.482,-7.188,1.000
-5.375,-7.105,1.000
-5.346,-7.124,1.000
-5.388,-7.239,1.000
-5.271,-7.141,1.000
-5.324,-7.272,1.000
-5.315,-7.320,1.000
-5.166,-7.174,1.000
-5.233,-7.327,1.000
-5.107,-7.210,1.000
-5.178,-7.372,1.000
-5.048,-7.248,1.000
-5.154,-7.462,1.000
-5.032,-7.346,1.000
-4.939,-7.273,1.000
-4.915,-7.298,1.000
-4.888,-7.319,1.000
-4.908,-7.413,1.000
-4.922,-7.498,1.000
-4.800,-7.375,1.000
-4.772,-7.395,1.000
-4.744,-7.416,1.000
-4.714,-7.433,1.000
-4.687,-7.455,1.000
-4.655,-7.469,1.000
-4.631,-7.496,1.000
-4.599,-7.510,1.000
-4.550,-7.496,1.000
-4.518,-7.510,1.000
-4.485,-7.521,1.000
-4.462,-7.550,1.000
-4.431,-7.565,1.000
-4.409,-7.595,1.000
-4.388,-7.629,1.000
-4.352,-7.636,1.000
-4.314,-7.638,1.000
-4.296,-7.676,1.000
-4.263,-7.689,1.000
-4.317,-7.857,1.000
-4.212,-7.739,1.000
-4.280,-7.937,1.000
-4.212,-7.885,1.000
-4.189,-7.918,1.000
-4.159,-7.936,1.000
-4.107,-7.911,1.000
-4.105,-7.985,1.000
-4.006,-7.867,1.000
-4.042,-8.017,1.000
-3.934,-7.879,1.000
-3.982,-8.055,1.000
-3.887,-7.940,1.000
-3.929,-8.106,1.000
-3.822,-7.966,1.000
-3.800,-8.000,1.000
-3.758,-7.993,1.000
-3.760,-8.079,1.000
-3.700,-8.031,1.000
-3.733,-8.188,1.000
-3.634,-8.056,1.000
-3.609,-8.083,1.000
-3.592,-8.132,1.000
-3.540,-8.100,1.000
-3.506,-8.110,1.000
-3.498,-8.178,1.000
-3.445,-8.141,1.000
-3.430,-8.197,1.000
-3.375,-8.155,1.000
-3.355,-8.197,1.000
-3.324,-8.215,1.000
-3.345,-8.359,1.000
-3.252,-8.220,1.000
-3.280,-8.388,1.000
-3.187,-8.246,1.000
-3.203,-8.385,1.000
-3.109,-8.234,1.000
-3.141,-8.419,1.000
-3.050,-8.274,1.000
-3.014,-8.277,1.000
-2.981,-8.289,1.000
-2.946,-8.294,1.000
-2.915,-8.310,1.000
-2.883,-8.323,1.000
-2.848,-8.325,1.000
-2.806,-8.311,1.000
-2.781,-8.343,1.000
-2.740,-8.330,1.000
-2.716,-8.367,1.000
-2.681,-8.373,1.000
-2.661,-8.423,1.000
-2.629,-8.438,1.000
-2.616,-8.514,1.000
-2.593,-8.558,1.000
-2.557,-8.561,1.000
-2.571,-8.731,1.000
-2.507,-8.640,1.000
-2.527,-8.838,1.000
-2.447,-8.686,1.000
-2.453,-8.841,1.000
-2.396,-8.769,1.000
-2.402,-8.929,1.000
-2.332,-8.807,1.000
-2.335,-8.958,1.000
-2.269,-8.848,1.000
-2.257,-8.948,1.000
-2.207,-8.897,1.000
-2.171,-8.901,1.000
-2.183,-9.104,1.000
-2.140,-9.082,1.000
-2.107,-9.102,1.000
-2.069,-9.102,1.000
-2.003,-8.976,1.000
-1.998,-9.118,1.000
-1.932,-8.987,1.000
-1.926,-9.135,1.000
-1.861,-9.000,1.000
-1.856,-9.156,1.000
-1.789,-9.008,1.000
-1.754,-9.019,1.000
-1.747,-9.171,1.000
-1.682,-9.026,1.000
-1.649,-9.043,1.000
-1.639,-9.193,1.000
-1.578,-9.058,1.000
-1.566,-9.202,1.000
-1.506,-9.066,1.000
-1.494,-9.216,1.000
-1.457,-9.218,1.000
-1.422,-9.231,1.000
-1.381,-9.207,1.000
-1.345,-9.214,1.000
-1.290,-9.086,1.000
-1.273,-9.229,1.000
-1.235,-9.216,1.000
-1.199,-9.220,1.000
-1.163,-9.227,1.000
-1.110,-9.095,1.000
-1.094,-9.270,1.000
-1.042,-9.137,1.000
-1.006,-9.135,1.000
-0.985,-9.282,1.000
-0.934,-9.147,1.000
-0.898,-9.148,1.000
-0.876,-9.295,1.000
-0.826,-9.149,1.000
-0.802,-9.294,1.000
-0.757,-9.193,1.000
-0.733,-9.355,1.000
-0.684,-9.190,1.000
-0.648,-9.201,1.000
-0.614,-9.230,1.000
-0.585,-9.354,1.000
-0.550,-9.385,1.000
-0.512,-9.354,1.000
-0.476,-9.376,1.000
-0.440,-9.397,1.000
-0.397,-9.259,1.000
-0.366,-9.400,1.000
-0.325,-9.266,1.000
-0.293,-9.409,1.000
-0.253,-9.303,1.000
-0.220,-9.459,1.000
-0.180,-9.318,1.000
-0.144,-9.335,1.000
-0.107,-9.305,1.000
-0.070,-9.314,1.000
-0.034,-9.374,1.000
0.003,-9.473,1.000
0.040,-9.338,1.000
0.078,-9.490,1.000
0.113,-9.352,1.000
0.150,-9.339,1.000
0.186,-9.316,1.000
0.224,-9.393,1.000
0.259,-9.298,1.000
0.294,-9.259,1.000
0.335,-9.378,1.000
0.366,-9.241,1.000
0.401,-9.217,1.000
0.436,-9.182,1.000
0.471,-9.150,1.000
0.505,-9.127,1.000
0.547,-9.218,1.000
0.574,-9.073,1.000
0.616,-9.165,1.000
0.640,-8.990,1.000
0.681,-9.076,1.000
0.701,-8.865,1.000
0.747,-9.000,1.000
0.762,-8.768,1.000
0.810,-8.907,1.000
0.825,-8.693,1.000
0.856,-8.657,1.000
0.907,-8.825,1.000
0.938,-8.785,1.000
0.968,-8.743,1.000
1.000,-8.717,1.000
1.029,-8.671,1.000
1.037,-8.454,1.000
1.084,-8.554,1.000
1.099,-8.413,1.000
1.120,-8.316,1.000
1.154,-8.325,1.000
1.189,-8.334,1.000
1.214,-8.274,1.000
1.245,-8.264,1.000
1.274,-8.236,1.000
1.305,-8.220,1.000
1.339,-8.226,1.000
1.371,-8.218,1.000
1.404,-8.218,1.000
1.430,-8.176,1.000
1.496,-8.360,1.000
1.493,-8.158,1.000
1.552,-8.300,1.000
1.546,-8.089,1.000
1.616,-8.282,1.000
1.602,-8.042,1.000
1.634,-8.035,1.000
1.707,-8.230,1.000
1.688,-7.978,1.000
1.765,-8.183,1.000
1.752,-7.971,1.000
1.828,-8.166,1.000
1.804,-7.912,1.000
1.883,-8.113,1.000
1.865,-7.895,1.000
1.946,-8.095,1.000
1.915,-7.829,1.000
1.999,-8.035,1.000
1.971,-7.792,1.000
2.000,-7.779,1.000
2.025,-7.749,1.000
2.095,-7.891,1.000
2.127,-7.885,1.000
2.155,-7.865,1.000
2.104,-7.563,1.000
2.143,-7.587,1.000
2.162,-7.544,1.000
2.192,-7.535,1.000
2.219,-7.517,1.000
2.254,-7.527,1.000
2.327,-7.661,1.000
2.295,-7.452,1.000
2.322,-7.436,1.000
2.373,-7.494,1.000
2.368,-7.379,1.000
2.469,-7.589,1.000
2.426,-7.360,1.000
2.529,-7.573,1.000
2.484,-7.341,1.000
2.590,-7.556,1.000
2.522,-7.265,1.000
2.634,-7.493,1.000
2.660,-7.473,1.000
2.695,-7.478,1.000
2.641,-7.238,1.000
2.743,-7.426,1.000
2.693,-7.204,1.000
2.723,-7.200,1.000
2.758,-7.205,1.000
2.784,-7.188,1.000
2.793,-7.128,1.000
2.904,-7.326,1.000
2.847,-7.103,1.000
2.962,-7.306,1.000
2.877,-7.018,1.000
3.000,-7.237,1.000
2.938,-7.008,1.000
2.964,-6.993,1.000
3.003,-7.008,1.000
3.000,-6.927,1.000
3.049,-6.964,1.000
3.062,-6.919,1.000
3.186,-7.124,1.000
3.091,-6.839,1.000
3.225,-7.062,1.000
3.143,-6.811,1.000
3.165,-6.789,1.000
3.196,-6.786,1.000
3.231,-6.790,1.000
3.220,-6.700,1.000
3.242,-6.678,1.000
3.355,-6.842,1.000
3.391,-6.848,1.000
3.324,-6.646,1.000
3.360,-6.653,1.000
3.386,-6.639,1.000
3.403,-6.609,1.000
3.551,-6.830,1.000
3.436,-6.546,1.000
3.581,-6.758,1.000
3.487,-6.519,1.000
3.638,-6.736,1.000
3.540,-6.494,1.000
3.567,-6.484,1.000
3.587,-6.460,1.000
3.622,-6.462,1.000
3.636,-6.428,1.000
3.640,-6.377,1.000
3.656,-6.346,1.000
3.685,-6.338,1.000
3.709,-6.324,1.000
3.734,-6.309,1.000
3.887,-6.509,1.000
3.784,-6.280,1.000
3.951,-6.499,1.000
3.835,-6.253,1.000
3.983,-6.438,1.000
3.886,-6.226,1.000
4.037,-6.412,1.000
3.897,-6.136,1.000
4.068,-6.350,1.000
4.081,-6.316,1.000
3.980,-6.106,1.000
4.104,-6.243,1.000
4.021,-6.065,1.000
4.060,-6.072,1.000
4.069,-6.033,1.000
4.097,-6.024,1.000
4.268,-6.222,1.000
4.144,-5.991,1.000
4.172,-5.981,1.000
4.189,-5.955,1.000
4.185,-5.900,1.000
4.353,-6.086,1.000
4.236,-5.874,1.000
4.411,-6.067,1.000
4.263,-5.815,1.000
4.457,-6.029,1.000
4.418,-5.928,1.000
4.497,-5.985,1.000
4.527,-5.976,1.000
4.546,-5.952,1.000
4.579,-5.946,1.000
4.595,-5.919,1.000
4.589,-5.863,1.000
4.605,-5.836,1.000
4.455,-5.602,1.000
4.655,-5.806,1.000
4.512,-5.582,1.000
4.681,-5.746,1.000
4.556,-5.547,1.000
4.577,-5.529,1.000
4.596,-5.508,1.000
4.795,-5.700,1.000
4.647,-5.481,1.000
4.661,-5.453,1.000
4.867,-5.649,1.000
4.704,-5.416,1.000
4.909,-5.608,1.000
4.749,-5.382,1.000
4.950,-5.566,1.000
4.753,-5.303,1.000
4.958,-5.488,1.000
4.962,-5.449,1.000
4.798,-5.228,1.000
4.833,-5.224,1.000
4.862,-5.214,1.000
4.874,-5.186,1.000
4.911,-5.185,1.000
4.948,-5.183,1.000
4.934,-5.128,1.000
4.983,-5.138,1.000
4.925,-5.039,1.000
4.966,-5.040,1.000
4.980,-5.015,1.000
4.987,-4.984,1.000
4.995,-4.952,1.000
5.251,-5.166,1.000
5.055,-4.933,1.000
5.062,-4.902,1.000
5.093,-4.893,1.000
5.122,-4.882,1.000
5.144,-4.865,1.000
5.142,-4.825,1.000
5.173,-4.816,1.000
5.188,-4.792,1.000
5.222,-4.786,1.000
5.430,-4.937,1.000
5.251,-4.737,1.000
5.260,-4.708,1.000
5.491,-4.876,1.000
5.291,-4.661,1.000
5.511,-4.817,1.000
5.333,-4.624,1.000
5.355,-4.606,1.000
5.363,-4.577,1.000
5.616,-4.755,1.000
5.412,-4.545,1.000
5.638,-4.698,1.000
5.457,-4.511,1.000
5.503,-4.513,1.000
5.530,-4.499,1.000
5.538,-4.469,1.000
5.565,-4.455,1.000
5.580,-4.431,1.000
5.545,-4.368,1.000
5.780,-4.516,1.000
5.573,-4.319,1.000
5.782,-4.445,1.000
5.600,-4.270,1.000
5.627,-4.256,1.000
5.623,-4.219,1.000
5.656,-4.209,1.000
5.710,-4.214,1.000
5.922,-4.335,1.000
5.726,-4.157,1.000
5.947,-4.281,1.000
5.735,-4.095,1.000
5.971,-4.228,1.000
5.767,-4.050,1.000
5.786,-4.029,1.000
5.819,-4.018,1.000
5.821,-3.986,1.000
6.107,-4.147,1.000
5.842,-3.933,1.000
6.101,-4.073,1.000
6.117,-4.049,1.000
5.901,-3.873,1.000
6.142,-3.997,1.000
5.928,-3.825,1.000
6.183,-3.954,1.000
5.955,-3.776,1.000
5.994,-3.768,1.000
5.980,-3.727,1.000
6.237,-3.853,1.000
6.020,-3.686,1.000
6.038,-3.664,1.000
6.091,-3.664,1.000
6.120,-3.649,1.000
6.131,-3.622,1.000
6.155,-3.604,1.000
6.280,-3.645,1.000
6.173,-3.550,1.000
6.420,-3.658,1.000
6.225,-3.515,1.000
6.491,-3.632,1.000
6.292,-3.488,1.000
6.500,-3.570,1.000
6.301,-3.429,1.000
6.544,-3.528,1.000
6.331,-3.381,1.000
6.487,-3.432,1.000
6.404,-3.355,1.000
6.438,-3.341,1.000
6.427,-3.303,1.000
6.461,-3.289,1.000
6.715,-3.385,1.000
6.483,-3.236,1.000
6.744,-3.334,1.000
6.479,-3.171,1.000
6.803,-3.296,1.000
6.565,-3.149,1.000
6.779,-3.219,1.000
6.593,-3.099,1.000
6.598,-3.070,1.000
6.624,-3.051,1.000
6.639,-3.026,1.000
6.648,-2.998,1.000
6.656,-2.971,1.000
6.717,-2.966,1.000
6.665,-2.912,1.000
6.698,-2.895,1.000
6.684,-2.858,1.000
6.959,-2.943,1.000
6.724,-2.813,1.000
6.975,-2.886,1.000
6.721,-2.750,1.000
6.753,-2.732,1.000
6.742,-2.697,1.000
6.818,-2.696,1.000
6.788,-2.654,1.000
7.004,-2.706,1.000
7.045,-2.691,1.000
6.816,-2.572,1.000
6.829,-2.547,1.000
6.836,-2.519,1.000
6.849,-2.493,1.000
6.906,-2.483,1.000
6.865,-2.438,1.000
7.120,-2.497,1.000
6.880,-2.383,1.000
7.153,-2.446,1.000
6.950,-2.346,1.000
7.226,-2.408,1.000
6.976,-2.294,1.000
6.974,-2.263,1.000
7.030,-2.251,1.000
7.304,-2.307,1.000
7.044,-2.194,1.000
7.070,-2.172,1.000
7.126,-2.158,1.000
7.148,-2.135,1.000
7.146,-2.103,1.000
7.161,-2.077,1.000
7.408,-2.117,1.000
7.185,-2.023,1.000
7.411,-2.055,1.000
7.236,-1.976,1.000
7.240,-1.947,1.000
7.495,-1.984,1.000
7.262,-1.892,1.000
7.497,-1.922,1.000
7.316,-1.845,1.000
7.578,-1.879,1.000
7.305,-1.781,1.000
7.479,-1.792,1.000
7.397,-1.742,1.000
7.658,-1.772,1.000
7.649,-1.738,1.000
7.666,-1.710,1.000
7.420,-1.625,1.000
7.662,-1.646,1.000
7.443,-1.569,1.000
7.662,-1.583,1.000
7.451,-1.509,1.000
7.450,-1.479,1.000
7.459,-1.450,1.000
7.479,-1.424,1.000
7.512,-1.399,1.000
7.511,-1.369,1.000
7.530,-1.342,1.000
7.539,-1.313,1.000
7.775,-1.322,1.000
7.559,-1.255,1.000
7.578,-1.228,1.000
7.758,-1.225,1.000
7.618,-1.173,1.000
7.848,-1.177,1.000
7.621,-1.112,1.000
7.851,-1.114,1.000
7.632,-1.052,1.000
7.862,-1.053,1.000
7.692,-0.999,1.000
7.848,-0.988,1.000
7.686,-0.937,1.000
7.703,-0.908,1.000
7.706,-0.878,1.000
7.710,-0.848,1.000
7.955,-0.843,1.000
7.706,-0.786,1.000
7.846,-0.769,1.000
7.715,-0.726,1.000
7.708,-0.695,1.000
7.721,-0.665,1.000
7.761,-0.638,1.000
7.847,-0.614,1.000
7.776,-0.578,1.000
7.993,-0.563,1.000
7.780,-0.517,1.000
7.768,-0.485,1.000
7.784,-0.456,1.000
7.789,-0.425,1.000
7.780,-0.394,1.000
7.802,-0.365,1.000
8.018,-0.343,1.000
7.805,-0.303,1.000
8.008,-0.280,1.000
7.880,-0.244,1.000
8.063,-0.218,1.000
7.852,-0.182,1.000
7.836,-0.151,1.000
7.843,-0.120,1.000
7.843,-0.089,1.000
7.840,-0.058,1.000
7.974,-0.028,1.000
7.790,0.003,1.500
7.877,0.034,1.500
8.143,0.067,1.500
7.886,0.096,1.500
7.941,0.128,1.500
7.938,0.159,1.500
8.174,0.196,1.500
7.904,0.221,1.500
8.163,0.260,1.500
7.963,0.285,1.500
8.003,0.318,1.500
7.980,0.348,1.500
8.206,0.390,1.500
7.986,0.411,1.500
8.199,0.455,1.500
7.983,0.474,1.500
8.289,0.525,1.500
8.020,0.540,1.500
8.014,0.571,1.500
8.025,0.603,1.500
8.000,0.633,1.500
8.257,0.686,1.500
8.251,0.718,1.500
8.054,0.733,1.500
8.055,0.765,1.500
8.033,0.795,1.500
8.285,0.852,1.500
8.082,0.864,1.500
8.066,0.894,1.500
8.087,0.928,1.500
8.089,0.961,1.500
8.112,0.996,1.500
8.096,1.026,1.500
8.289,1.084,1.500
8.276,1.115,1.500
8.063,1.119,1.500
8.307,1.186,1.500
8.110,1.190,1.500
8.314,1.254,1.500
8.153,1.262,1.500
8.344,1.325,1.500
8.146,1.327,1.500
8.337,1.391,1.500
8.138,1.391,1.500
8.309,1.454,1.500
8.144,1.458,1.500
8.138,1.490,1.500
8.135,1.522,1.500
8.379,1.602,1.500
8.177,1.597,1.500
8.355,1.666,1.500
8.343,1.697,1.500
8.379,1.739,1.500
8.176,1.730,1.500
8.177,1.764,1.500
8.214,1.806,1.500
8.199,1.836,1.500
8.200,1.870,1.500
8.198,1.904,1.500
8.353,1.975,1.500
8.209,1.975,1.500
8.212,2.010,1.500
8.194,2.039,1.500
8.409,2.128,1.500
8.209,2.112,1.500
8.204,2.145,1.500
8.200,2.178,1.500
8.389,2.264,1.500
8.219,2.252,1.500
8.208,2.284,1.500
8.399,2.373,1.500
8.205,2.353,1.500
8.396,2.443,1.500
8.242,2.434,1.500
8.391,2.514,1.500
8.265,2.511,1.500
8.352,2.574,1.500
8.282,2.588,1.500
8.262,2.617,1.500
8.283,2.659,1.500
8.440,2.747,1.500
8.298,2.736,1.500
8.277,2.766,1.500
8.304,2.811,1.500
8.302,2.847,1.500
8.321,2.890,1.500
8.310,2.922,1.500
8.478,3.019,1.500
8.427,3.038,1.500
8.268,3.018,1.500
8.286,3.061,1.500
8.427,3.151,1.500
8.268,3.128,1.500
8.411,3.220,1.500
8.427,3.265,1.500
8.423,3.301,1.500
8.366,3.317,1.500
8.262,3.313,1.500
8.241,3.342,1.500
8.273,3.393,1.500
8.411,3.489,1.500
8.269,3.468,1.500
8.390,3.557,1.500
8.271,3.545,1.500
8.291,3.592,1.500
8.295,3.633,1.500
8.431,3.732,1.500
8.298,3.712,1.500
8.405,3.799,1.500
8.277,3.781,1.500
8.379,3.867,1.500
8.273,3.858,1.500
8.287,3.904,1.500
8.269,3.936,1.500
8.290,3.986,1.500
8.407,4.083,1.500
8.399,4.119,1.500
8.282,4.102,1.500
8.270,4.137,1.500
8.281,4.183,1.500
8.263,4.215,1.500
8.266,4.257,1.500
8.267,4.299,1.500
8.380,4.400,1.500
8.365,4.434,1.500
8.260,4.420,1.500
8.358,4.515,1.500
8.251,4.499,1.500
8.292,4.564,1.500
8.229,4.571,1.500
8.209,4.602,1.500
8.205,4.642,1.500
8.176,4.669,1.500
8.161,4.703,1.500
8.138,4.732,1.500
8.114,4.761,1.500
8.208,4.859,1.500
8.091,4.833,1.500
8.064,4.860,1.500
8.145,4.953,1.500
8.024,4.922,1.500
8.108,5.017,1.500
7.995,4.991,1.500
7.972,5.020,1.500
8.059,5.120,1.500
7.927,5.080,1.500
8.014,5.180,1.500
7.890,5.144,1.500
7.981,5.248,1.500
7.931,5.259,1.500
7.915,5.294,1.500
7.783,5.250,1.500
7.799,5.306,1.500
7.852,5.386,1.500
7.698,5.325,1.500
7.682,5.359,1.500
7.657,5.387,1.500
7.631,5.413,1.500
7.597,5.434,1.500
7.571,5.460,1.500
7.661,5.572,1.500
7.613,5.582,1.500
7.485,5.534,1.500
7.570,5.643,1.500
7.413,5.571,1.500
7.506,5.687,1.500
7.369,5.629,1.500
7.441,5.731,1.500
7.312,5.677,1.500
7.394,5.788,1.500
7.265,5.733,1.500
7.225,5.747,1.500
7.301,5.855,1.500
7.171,5.797,1.500
7.234,5.895,1.500
7.100,5.832,1.500
7.083,5.865,1.500
7.057,5.890,1.500
7.016,5.903,1.500
6.984,5.924,1.500
7.016,5.998,1.500
6.912,5.956,1.500
6.997,6.077,1.500
6.980,6.111,1.500
6.846,6.041,1.500
6.929,6.163,1.500
6.775,6.074,1.500
6.871,6.209,1.500
6.729,6.129,1.500
6.702,6.152,1.500
6.679,6.180,1.500
6.656,6.208,1.500
6.627,6.229,1.500
6.711,6.358,1.500
6.557,6.261,1.500
6.637,6.387,1.500
6.503,6.308,1.500
6.591,6.444,1.500
6.539,6.443,1.500
6.411,6.367,1.500
6.489,6.495,1.500
6.353,6.409,1.500
6.444,6.552,1.500
6.287,6.442,1.500
6.267,6.474,1.500
6.234,6.490,1.500
6.215,6.521,1.500
6.163,6.517,1.500
6.242,6.654,1.500
6.105,6.559,1.500
6.169,6.680,1.500
6.034,6.586,1.500
6.114,6.725,1.500
5.986,6.637,1.500
5.950,6.650,1.500
6.006,6.765,1.500
5.896,6.694,1.500
5.856,6.702,1.500
5.920,6.829,1.500
5.803,6.747,1.500
5.882,6.894,1.500
5.750,6.793,1.500
5.826,6.938,1.500
5.775,6.932,1.500
5.653,6.840,1.500
5.623,6.858,1.500
5.705,7.015,1.500
5.553,6.882,1.500
5.546,6.930,1.500
5.494,6.920,1.500
5.468,6.943,1.500
5.442,6.966,1.500
5.413,6.986,1.500
5.380,6.999,1.500
5.357,7.026,1.500
5.326,7.043,1.500
5.281,7.041,1.500
5.258,7.067,1.500
5.221,7.076,1.500
5.202,7.108,1.500
5.164,7.115,1.500
5.142,7.143,1.500
5.095,7.137,1.500
5.059,7.145,1.500
5.042,7.181,1.500
5.012,7.199,1.500
4.990,7.227,1.500
4.968,7.256,1.500
4.922,7.249,1.500
4.899,7.277,1.500
4.870,7.296,1.500
4.841,7.315,1.500
4.814,7.336,1.500
4.867,7.482,1.500
4.757,7.376,1.500
4.723,7.386,1.500
4.697,7.409,1.500
4.649,7.398,1.500
4.619,7.414,1.500
4.588,7.430,1.500
4.559,7.448,1.500
4.527,7.461,1.500
4.502,7.485,1.500
4.555,7.643,1.500
4.443,7.521,1.500
4.502,7.690,1.500
4.382,7.553,1.500
4.435,7.713,1.500
4.308,7.561,1.500
4.365,7.731,1.500
4.247,7.592,1.500
4.299,7.757,1.500
4.191,7.632,1.500
4.151,7.631,1.500
4.131,7.665,1.500
4.096,7.672,1.500
4.069,7.695,1.500
4.115,7.856,1.500
4.024,7.756,1.500
3.992,7.769,1.500
4.036,7.932,1.500
3.932,7.802,1.500
3.976,7.967,1.500
3.886,7.864,1.500
3.928,8.028,1.500
3.893,8.037,1.500
3.796,7.916,1.500
3.827,8.061,1.500
3.729,7.934,1.500
3.699,7.951,1.500
3.668,7.966,1.500
3.636,7.980,1.500
3.619,8.026,1.500
3.585,8.035,1.500
3.556,8.054,1.500
3.520,8.059,1.500
3.489,8.072,1.500
3.443,8.054,1.500
3.490,8.253,1.500
3.395,8.118,1.500
3.405,8.233,1.500
3.320,8.117,1.500
3.352,8.287,1.500
3.289,8.224,1.500
3.221,8.148,1.500
3.247,8.309,1.500
3.220,8.337,1.500
3.131,8.200,1.500
3.157,8.366,1.500
3.064,8.219,1.500
3.035,8.238,1.500
2.995,8.232,1.500
2.969,8.259,1.500
2.936,8.269,1.500
2.897,8.264,1.500
2.867,8.282,1.500
2.851,8.340,1.500
2.814,8.339,1.500
2.795,8.392,1.500
2.761,8.398,1.500
2.738,8.441,1.500
2.711,8.472,1.500
2.728,8.640,1.500
2.658,8.535,1.500
2.680,8.726,1.500
2.609,8.617,1.500
2.626,8.798,1.500
2.547,8.657,1.500
2.565,8.847,1.500
2.529,8.851,1.500
2.465,8.757,1.500
2.430,8.765,1.500
2.398,8.783,1.500
2.371,8.819,1.500
2.335,8.824,1.500
2.302,8.842,1.500
2.267,8.849,1.500
2.228,8.838,1.500
2.196,8.860,1.500
2.163,8.877,1.500
2.149,8.970,1.500
2.091,8.883,1.500
2.093,9.049,1.500
2.020,8.895,1.500
2.020,9.059,1.500
1.953,8.921,1.500
1.945,9.057,1.500
1.883,8.938,1.500
1.848,8.946,1.500
1.813,8.953,1.500
1.777,8.958,1.500
1.770,9.107,1.500
1.704,8.959,1.500
1.698,9.119,1.500
1.654,9.081,1.500
1.602,8.995,1.500
1.580,9.083,1.500
1.530,9.003,1.500
1.519,9.156,1.500
1.459,9.015,1.500
1.428,9.044,1.500
1.416,9.202,1.500
1.375,9.175,1.500
1.323,9.075,1.500
1.307,9.220,1.500
1.250,9.075,1.500
1.234,9.226,1.500
1.180,9.088,1.500
1.144,9.093,1.500
1.107,9.089,1.500
1.073,9.106,1.500
1.036,9.095,1.500
1.017,9.254,1.500
0.978,9.236,1.500
0.945,9.270,1.500
0.910,9.290,1.500
0.869,9.247,1.500
0.837,9.297,1.500
0.789,9.160,1.500
0.751,9.149,1.500
0.728,9.314,1.500
0.683,9.205,1.500
0.657,9.343,1.500
0.619,9.334,1.500
0.583,9.342,1.500
0.548,9.374,1.500
0.511,9.372,1.500
0.467,9.239,1.500
0.431,9.245,1.500
0.396,9.269,1.500
0.360,9.279,1.500
0.328,9.409,1.500
0.291,9.411,1.500
0.250,9.282,1.500
0.217,9.428,1.500
0.178,9.310,1.500
0.143,9.439,1.500
0.105,9.305,1.500
0.068,9.332,1.500
0.032,9.475,1.500
-0.005,9.332,1.500
-0.042,9.499,1.500
-0.078,9.358,1.500
-0.115,9.371,1.500
-0.152,9.351,1.500
-0.188,9.338,1.500
-0.225,9.342,1.500
-0.261,9.306,1.500
-0.297,9.303,1.500
-0.336,9.376,1.500
-0.375,9.415,1.500
-0.412,9.416,1.500
-0.440,9.222,1.500
-0.482,9.346,1.500
-0.509,9.161,1.500
-0.552,9.269,1.500
-0.578,9.110,1.500
-0.622,9.224,1.500
-0.655,9.184,1.500
-0.678,9.012,1.500
-0.722,9.117,1.500
-0.740,8.895,1.500
-0.774,8.878,1.500
-0.806,8.844,1.500
-0.836,8.796,1.500
-0.868,8.761,1.500
-0.901,8.753,1.500
-0.932,8.717,1.500
-0.963,8.684,1.500
-0.998,8.683,1.500
-1.022,8.598,1.500
-1.078,8.769,1.500
-1.086,8.557,1.500
-1.116,8.532,1.500
-1.149,8.520,1.500
-1.175,8.463,1.500
-1.204,8.429,1.500
-1.236,8.413,1.500
-1.264,8.376,1.500
-1.298,8.379,1.500
-1.325,8.336,1.500
-1.357,8.328,1.500
-1.391,8.328,1.500
-1.419,8.295,1.500
-1.448,8.273,1.500
-1.477,8.245,1.500
-1.507,8.229,1.500
-1.532,8.181,1.500
-1.594,8.334,1.500
-1.597,8.174,1.500
-1.659,8.315,1.500
-1.652,8.116,1.500
-1.676,8.072,1.500
-1.749,8.260,1.500
-1.752,8.116,1.500
-1.805,8.206,1.500
-1.819,8.116,1.500
-1.841,8.066,1.500
-1.905,8.200,1.500
-1.880,7.948,1.500
-1.954,8.119,1.500
-1.943,7.936,1.500
-1.983,7.966,1.500
-1.992,7.870,1.500
-2.026,7.874,1.500
-2.095,8.010,1.500
-2.073,7.801,1.500
-2.159,7.999,1.500
-2.125,7.752,1.500
-2.193,7.877,1.500
-2.184,7.729,1.500
-2.200,7.668,1.500
-2.290,7.867,1.500
-2.261,7.654,1.500
-2.355,7.861,1.500
-2.314,7.615,1.500
-2.366,7.675,1.500
-2.373,7.593,1.500
-2.385,7.528,1.500
-2.411,7.506,1.500
-2.429,7.462,1.500
-2.459,7.456,1.500
-2.478,7.414,1.500
-2.519,7.439,1.500
-2.597,7.573,1.500
-2.559,7.365,1.500
-2.662,7.568,1.500
-2.590,7.271,1.500
-2.707,7.508,1.500
-2.714,7.433,1.500
-2.685,7.266,1.500
-2.673,7.148,1.500
-2.724,7.196,1.500
-2.836,7.405,1.500
-2.784,7.184,1.500
-2.886,7.361,1.500
-2.823,7.120,1.500
-2.935,7.317,1.500
-2.853,7.032,1.500
-2.890,7.044,1.500
-3.004,7.242,1.500
-2.930,6.984,1.500
-2.949,6.953,1.500
-2.977,6.944,1.500
-2.981,6.879,1.500
-3.124,7.133,1.500
-3.031,6.845,1.500
-3.127,6.988,1.500
-3.068,6.784,1.500
-3.185,6.970,1.500
-3.119,6.756,1.500
-3.244,6.954,1.500
-3.140,6.663,1.500
-3.283,6.897,1.500
-3.205,6.666,1.500
-3.340,6.877,1.500
-3.258,6.640,1.500
-3.388,6.838,1.500
-3.356,6.708,1.500
-3.435,6.798,1.500
-3.468,6.797,1.500
-3.387,6.575,1.500
-3.530,6.786,1.500
-3.414,6.501,1.500
-3.593,6.776,1.500
-3.463,6.471,1.500
-3.616,6.692,1.500
-3.512,6.440,1.500
-3.552,6.453,1.500
-3.561,6.409,1.500
-3.578,6.381,1.500
-3.590,6.343,1.500
-3.609,6.319,1.500
-3.640,6.315,1.500
-3.773,6.487,1.500
-3.798,6.472,1.500
-3.824,6.458,1.500
-3.706,6.203,1.500
-3.844,6.376,1.500
-3.753,6.170,1.500
-3.921,6.390,1.500
-3.921,6.334,1.500
-3.797,6.081,1.500
-3.823,6.070,1.500
-3.847,6.055,1.500
-3.995,6.234,1.500
-3.897,6.028,1.500
-4.067,6.237,1.500
-3.944,5.997,1.500
-4.126,6.220,1.500
-4.142,6.191,1.500
-4.021,5.960,1.500
-4.201,6.174,1.500
-4.061,5.918,1.500
-4.247,6.138,1.500
-4.112,5.893,1.500
-4.140,5.883,1.500
-4.153,5.854,1.500
-4.172,5.831,1.500
-4.199,5.821,1.500
-4.222,5.805,1.500
-4.247,5.791,1.500
-4.427,5.986,1.500
-4.254,5.706,1.500
-4.286,5.702,1.500
-4.296,5.669,1.500
-4.331,5.668,1.500
-4.355,5.654,1.500
-4.370,5.627,1.500
-4.395,5.613,1.500
-4.394,5.567,1.500
-4.436,5.575,1.500
-4.618,5.758,1.500
-4.480,5.540,1.500
-4.683,5.745,1.500
-4.518,5.499,1.500
-4.708,5.685,1.500
-4.556,5.457,1.500
-4.796,5.700,1.500
-4.641,5.471,1.500
-4.841,5.662,1.500
-4.691,5.443,1.500
-4.710,5.422,1.500
-4.736,5.409,1.500
-4.752,5.384,1.500
-4.773,5.366,1.500
-4.789,5.341,1.500
-4.810,5.322,1.500
-4.828,5.300,1.500
-4.860,5.293,1.500
-4.872,5.265,1.500
-5.063,5.428,1.500
-5.130,5.457,1.500
-4.953,5.228,1.500
-5.147,5.390,1.500
-5.000,5.194,1.500
-4.998,5.152,1.500
-5.200,5.318,1.500
-5.030,5.104,1.500
-5.250,5.285,1.500
-5.070,5.064,1.500
-5.095,5.050,1.500
-5.115,5.030,1.500
-5.135,5.010,1.500
-5.128,4.964,1.500
-5.130,4.927,1.500
-5.137,4.895,1.500
-5.375,5.081,1.500
-5.211,4.888,1.500
-5.398,5.023,1.500
-5.244,4.842,1.500
-5.460,5.001,1.500
-5.273,4.792,1.500
-5.439,4.905,1.500
-5.255,4.701,1.500
-5.512,4.892,1.500
-5.344,4.706,1.500
-5.322,4.650,1.500
-5.344,4.632,1.500
-5.359,4.608,1.500
-5.485,4.679,1.500
-5.435,4.600,1.500
-5.656,4.749,1.500
-5.471,4.557,1.500
-5.699,4.709,1.500
-5.706,4.677,1.500
-5.528,4.495,1.500
-5.568,4.491,1.500
-5.611,4.490,1.500
-5.584,4.432,1.500
-5.595,4.405,1.500
-5.622,4.391,1.500
-5.629,4.361,1.500
-5.828,4.479,1.500
-5.660,4.314,1.500
-5.903,4.463,1.500
-5.908,4.431,1.500
-5.730,4.262,1.500
-5.949,4.389,1.500
-5.753,4.210,1.500
-5.971,4.333,1.500
-5.733,4.126,1.500
-5.983,4.270,1.500
-5.758,4.076,1.500
-6.004,4.214,1.500
-5.790,4.031,1.500
-5.802,4.005,1.500
-5.815,3.980,1.500
-5.837,3.962,1.500
-6.136,4.130,1.500
-5.923,3.953,1.500
-6.153,4.071,1.500
-5.957,3.908,1.500
-6.210,4.039,1.500
-5.984,3.859,1.500
-6.235,3.986,1.500
-6.018,3.814,1.500
-6.029,3.788,1.500
-6.336,3.946,1.500
-6.294,3.886,1.500
-6.347,3.885,1.500
-6.363,3.860,1.500
-6.113,3.676,1.500
-6.152,3.666,1.500
-6.359,3.756,1.500
-6.145,3.597,1.500
-6.395,3.709,1.500
-6.177,3.551,1.500
-6.443,3.670,1.500
-6.205,3.502,1.500
-6.193,3.464,1.500
-6.239,3.457,1.500
-6.235,3.423,1.500
-6.494,3.532,1.500
-6.262,3.374,1.500
-6.512,3.476,1.500
-6.291,3.326,1.500
-6.512,3.410,1.500
-6.262,3.248,1.500
-6.305,3.239,1.500
-6.350,3.231,1.500
-6.374,3.211,1.500
-6.372,3.179,1.500
-6.410,3.167,1.500
-6.408,3.134,1.500
-6.405,3.102,1.500
-6.425,3.080,1.500
-6.440,3.057,1.500
-6.449,3.030,1.500
-6.475,3.011,1.500
-6.487,2.986,1.500
-6.536,2.977,1.500
-6.540,2.948,1.500
-6.551,2.922,1.500
-6.592,2.910,1.500
-6.593,2.879,1.500
-6.596,2.850,1.500
-6.548,2.798,1.500
-6.816,2.882,1.500
-6.562,2.744,1.500
-6.828,2.824,1.500
-6.591,2.695,1.500
-6.995,2.828,1.500
-6.893,2.756,1.500
-6.619,2.616,1.500
-6.872,2.685,1.500
-6.643,2.565,1.500
-6.917,2.640,1.500
-6.712,2.532,1.500
-6.973,2.599,1.500
-6.739,2.482,1.500
-6.783,2.468,1.500
-6.759,2.429,1.500
-6.768,2.402,1.500
-6.834,2.395,1.500
-6.832,2.365,1.500
-6.853,2.342,1.500
-6.899,2.327,1.500
-7.162,2.385,1.500
-7.226,2.375,1.500
-7.121,2.309,1.500
-6.983,2.234,1.500
-7.277,2.297,1.500
-7.327,2.281,1.500
-7.128,2.188,1.500
-7.361,2.228,1.500
-7.177,2.142,1.500
-7.398,2.176,1.500
-7.257,2.104,1.500
-7.265,2.075,1.500
-7.311,2.057,1.500
-7.330,2.031,1.500
-7.334,2.002,1.500
-7.342,1.973,1.500
-7.415,1.961,1.500
-7.409,1.929,1.500
-7.410,1.898,1.500
-7.420,1.869,1.500
-7.492,1.856,1.500
-7.476,1.821,1.500
-7.705,1.845,1.500
-7.517,1.769,1.500
-7.726,1.786,1.500
-7.507,1.704,1.500
-7.743,1.726,1.500
-7.527,1.647,1.500
-7.523,1.615,1.500
-7.550,1.590,1.500
-7.535,1.556,1.500
-7.548,1.528,1.500
-7.736,1.534,1.500
-7.560,1.468,1.500
-7.761,1.476,1.500
-7.747,1.442,1.500
-7.539,1.372,1.500
-7.765,1.382,1.500
-7.529,1.309,1.500
-7.779,1.321,1.500
-7.597,1.260,1.500
-7.606,1.231,1.500
-7.583,1.196,1.500
-7.632,1.173,1.500
-7.609,1.139,1.500
-7.628,1.111,1.500
-7.618,1.080,1.500
-7.677,1.057,1.500
-7.678,1.027,1.500
-7.905,1.025,1.500
-7.672,0.964,1.500
-7.957,0.969,1.500
-7.737,0.911,1.500
-7.734,0.880,1.500
-7.971,0.875,1.500
-7.754,0.820,1.500
-7.984,0.813,1.500
-8.015,0.784,1.500
-8.049,0.756,1.500
-8.027,0.722,1.500
-7.832,0.673,1.500
-8.005,0.657,1.500
-7.820,0.611,1.500
-7.816,0.579,1.500
-7.808,0.548,1.500
-7.873,0.522,1.500
-7.832,0.488,1.500
-8.012,0.468,1.500
-7.869,0.428,1.500
-8.080,0.408,1.500
-8.094,0.377,1.500
-7.890,0.336,1.500
-7.991,0.309,1.500
-7.928,0.275,1.500
-7.939,0.245,1.500
-7.946,0.214,1.500
-7.947,0.182,1.500
-7.947,0.151,1.500
-7.993,0.121,1.500
-8.196,0.092,1.500
-8.000,0.058,1.500
-8.200,0.027,1.500
-7.994,-0.005,1.500
-8.047,-0.037,1.500
-8.047,-0.068,1.500
-8.040,-0.100,1.500
-8.040,-0.131,1.500
-8.237,-0.167,1.500
-8.032,-0.194,1.500
-8.259,-0.232,1.500
-8.027,-0.257,1.500
-8.245,-0.297,1.500
-8.241,-0.329,1.500
-8.236,-0.361,1.500
-8.226,-0.393,1.500
-8.239,-0.426,1.500
-8.025,-0.447,1.500
-8.244,-0.491,1.500
-8.006,-0.509,1.500
-8.029,-0.542,1.500
-7.964,-0.569,1.500
-7.974,-0.601,1.500
-7.972,-0.632,1.500
-8.233,-0.686,1.500
-8.231,-0.718,1.500
-8.005,-0.730,1.500
-8.011,-0.762,1.500
-7.996,-0.793,1.500
-8.005,-0.825,1.500
-7.983,-0.855,1.500
-8.191,-0.909,1.500
-8.022,-0.923,1.500
-8.181,-0.973,1.500
-8.215,-1.010,1.500
-8.259,-1.049,1.500
-8.258,-1.081,1.500
-8.088,-1.091,1.500
-8.322,-1.156,1.500
-8.109,-1.159,1.500
-8.351,-1.227,1.500
-8.204,-1.239,1.500
-8.382,-1.299,1.500
-8.406,-1.337,1.500
-8.217,-1.340,1.500
-8.435,-1.409,1.500
-8.298,-1.420,1.500
-8.408,-1.473,1.500
-8.308,-1.489,1.500
-8.446,-1.548,1.500
-8.326,-1.560,1.500
-8.477,-1.623,1.500
-8.535,-1.669,1.500
-8.536,-1.704,1.500
-8.520,-1.735,1.500
-8.368,-1.738,1.500
-8.545,-1.810,1.500
-8.370,-1.807,1.500
-8.574,-1.887,1.500
-8.371,-1.877,1.500
-8.554,-1.953,1.500
-8.406,-1.954,1.500
-8.401,-1.988,1.500
-8.408,-2.024,1.500
-8.423,-2.063,1.500
-8.407,-2.094,1.500
-8.558,-2.167,1.500
-8.415,-2.166,1.500
-8.559,-2.239,1.500
-8.444,-2.245,1.500
-8.624,-2.329,1.500
-8.450,-2.317,1.500
-8.630,-2.403,1.500
-8.625,-2.438,1.500
-8.479,-2.433,1.500
-8.504,-2.476,1.500
-8.473,-2.504,1.500
-8.603,-2.579,1.500
-8.645,-2.628,1.500
-8.516,-2.626,1.500
-8.664,-2.709,1.500
-8.479,-2.688,1.500
-8.668,-2.785,1.500
-8.524,-2.776,1.500
-8.511,-2.808,1.500
-8.539,-2.855,1.500
-8.670,-2.937,1.500
-8.544,-2.931,1.500
-8.659,-3.009,1.500
-8.510,-2.995,1.500
-8.645,-3.080,1.500
-8.522,-3.074,1.500
-8.648,-3.158,1.500
-8.494,-3.140,1.500
-8.619,-3.225,1.500
-8.577,-3.247,1.500
-8.456,-3.239,1.500
-8.587,-3.328,1.500
-8.591,-3.369,1.500
-8.434,-3.345,1.500
-8.555,-3.432,1.500
-8.430,-3.421,1.500
-8.414,-3.453,1.500
-8.397,-3.484,1.500
-8.393,-3.521,1.500
-8.487,-3.600,1.500
-8.365,-3.587,1.500
-8.489,-3.680,1.500
-8.494,-3.722,1.500
-8.352,-3.699,1.500
-8.481,-3.796,1.500
-8.335,-3.770,1.500
-8.482,-3.877,1.500
-8.345,-3.854,1.500
-8.486,-3.959,1.500
-8.481,-3.998,1.500
-8.373,-3.987,1.500
-8.481,-4.079,1.500
-8.367,-4.065,1.500
-8.484,-4.163,1.500
-8.360,-4.143,1.500
-8.503,-4.256,1.500
-8.361,-4.226,1.500
-8.355,-4.264,1.500
-8.471,-4.365,1.500
-8.358,-4.348,1.500
-8.363,-4.393,1.500
-8.345,-4.425,1.500
-8.341,-4.465,1.500
-8.330,-4.502,1.500
-8.339,-4.549,1.500
-8.318,-4.580,1.500
-8.297,-4.611,1.500
-8.290,-4.650,1.500
-8.260,-4.676,1.500
-8.247,-4.711,1.500
-8.226,-4.742,1.500
-8.209,-4.776,1.500
-8.191,-4.808,1.500
-8.142,-4.822,1.500
-8.240,-4.924,1.500
-8.111,-4.890,1.500
-8.199,-4.987,1.500
-8.070,-4.953,1.500
-8.160,-5.052,1.500
-8.041,-5.022,1.500
-8.013,-5.049,1.500
-8.019,-5.096,1.500
-7.996,-5.126,1.500
-7.977,-5.158,1.500
-7.960,-5.191,1.500
-8.037,-5.287,1.500
-7.889,-5.234,1.500
-7.978,-5.338,1.500
-7.959,-5.371,1.500
-7.913,-5.385,1.500
-7.919,-5.435,1.500
-7.758,-5.369,1.500
-7.850,-5.479,1.500
-7.700,-5.419,1.500
-7.795,-5.532,1.500
-7.661,-5.483,1.500
-7.726,-5.575,1.500
-7.595,-5.525,1.500
-7.571,-5.554,1.500
-7.533,-5.572,1.500
-7.504,-5.596,1.500
-7.488,-5.630,1.500
-7.440,-5.640,1.500
-7.417,-5.668,1.500
-7.483,-5.765,1.500
-7.413,-5.758,1.500
-7.327,-5.737,1.500
-7.311,-5.771,1.500
-7.258,-5.776,1.500
-7.237,-5.805,1.500
-7.209,-5.830,1.500
-7.172,-5.847,1.500
-7.250,-5.958,1.500
-7.122,-5.900,1.500
-7.201,-6.013,1.500
-7.063,-5.945,1.500
-7.140,-6.058,1.500
-6.999,-5.985,1.500
-7.068,-6.093,1.500
-7.037,-6.114,1.500
-6.920,-6.061,1.500
-6.862,-6.058,1.500
-6.949,-6.183,1.500
-6.805,-6.103,1.500
-6.894,-6.232,1.500
-6.771,-6.169,1.500
-6.842,-6.284,1.500
-6.702,-6.203,1.500
-6.735,-6.284,1.500
-6.757,-6.354,1.500
-6.609,-6.264,1.500
-6.689,-6.390,1.500
-6.552,-6.308,1.500
-6.635,-6.438,1.500
-6.498,-6.355,1.500
-6.452,-6.360,1.500
-6.566,-6.523,1.500
-6.402,-6.411,1.500
-6.449,-6.508,1.500
-6.431,-6.541,1.500
-6.312,-6.471,1.500
-6.274,-6.483,1.500
-6.252,-6.511,1.500
-6.228,-6.537,1.500
-6.188,-6.547,1.500
-6.156,-6.564,1.500
-6.129,-6.587,1.500
-6.104,-6.612,1.500
-6.054,-6.609,1.500
-6.139,-6.755,1.500
-6.004,-6.660,1.500
-6.077,-6.794,1.500
-5.947,-6.702,1.500
-6.022,-6.840,1.500
-5.999,-6.868,1.500
-5.851,-6.752,1.500
-5.832,-6.784,1.500
-5.804,-6.805,1.500
-5.771,-6.821,1.500
-5.849,-6.968,1.500
-5.700,-6.844,1.500
-5.665,-6.857,1.500
-5.643,-6.885,1.500
-5.719,-7.035,1.500
-5.590,-6.931,1.500
-5.664,-7.080,1.500
-5.530,-6.967,1.500
-5.612,-7.129,1.500
-5.485,-7.024,1.500
-5.457,-7.045,1.500
-5.422,-7.057,1.500
-5.400,-7.086,1.500
-5.355,-7.084,1.500
-5.419,-7.227,1.500
-5.388,-7.245,1.500
-5.267,-7.141,1.500
-5.328,-7.283,1.500
-5.208,-7.179,1.500
-5.265,-7.318,1.500
-5.218,-7.312,1.500
-5.095,-7.200,1.500
-5.164,-7.359,1.500
-5.070,-7.285,1.500
-5.112,-7.407,1.500
-4.995,-7.299,1.500
-5.048,-7.439,1.500
-5.004,-7.436,1.500
-4.883,-7.319,1.500
-4.849,-7.330,1.500
-4.826,-7.357,1.500
-4.798,-7.378,1.500
-4.768,-7.395,1.500
-4.739,-7.414,1.500
-4.798,-7.573,1.500
-4.683,-7.455,1.500
-4.746,-7.622,1.500
-4.623,-7.489,1.500
-4.591,-7.503,1.500
-4.636,-7.644,1.500
-4.582,-7.622,1.500
-4.501,-7.555,1.500
-4.458,-7.549,1.500
-4.433,-7.575,1.500
-4.486,-7.735,1.500
-4.370,-7.603,1.500
-4.342,-7.625,1.500
-4.316,-7.648,1.500
-4.363,-7.803,1.500
-4.247,-7.667,1.500
-4.222,-7.692,1.500
-4.209,-7.741,1.500
-4.158,-7.718,1.500
-4.129,-7.737,1.500
-4.101,-7.757,1.500
-4.125,-7.878,1.500
-4.037,-7.785,1.500
-4.011,-7.809,1.500
-4.056,-7.974,1.500
-4.032,-8.004,1.500
-3.933,-7.885,1.500
-3.901,-7.898,1.500
-3.865,-7.902,1.500
-3.839,-7.928,1.500
-3.807,-7.941,1.500
-3.828,-8.068,1.500
-3.741,-7.964,1.500
-3.749,-8.064,1.500
-3.693,-8.026,1.500
-3.659,-8.034,1.500
-3.630,-8.055,1.500
-3.670,-8.229,1.500
-3.567,-8.083,1.500
-3.603,-8.254,1.500
-3.501,-8.107,1.500
-3.484,-8.153,1.500
-3.442,-8.145,1.500
-3.409,-8.156,1.500
-3.378,-8.172,1.500
-3.343,-8.176,1.500
-3.306,-8.178,1.500
-3.306,-8.271,1.500
-3.306,-8.367,1.500
-3.215,-8.232,1.500
-3.240,-8.393,1.500
-3.149,-8.253,1.500
-3.109,-8.244,1.500
-3.076,-8.254,1.500
-3.030,-8.232,1.500
-3.016,-8.292,1.500
-2.965,-8.253,1.500
-2.981,-8.403,1.500
-2.890,-8.248,1.500
-2.855,-8.252,1.500
-2.880,-8.431,1.500
-2.796,-8.291,1.500
-2.759,-8.288,1.500
-2.728,-8.303,1.500
-2.704,-8.342,1.500
-2.732,-8.541,1.500
-2.659,-8.428,1.500
-2.636,-8.471,1.500
-2.660,-8.668,1.500
-2.587,-8.550,1.500
-2.575,-8.632,1.500
-2.530,-8.605,1.500
-2.556,-8.821,1.500
-2.479,-8.684,1.500
-2.450,-8.711,1.500
-2.419,-8.731,1.500
-2.393,-8.772,1.500
-2.393,-8.908,1.500
-2.364,-8.941,1.500
-2.338,-8.985,1.500
-2.264,-8.843,1.500
-2.238,-8.887,1.500
-2.208,-8.916,1.500
-2.174,-8.927,1.500
-2.179,-9.103,1.500
-2.109,-8.967,1.500
-2.078,-8.995,1.500
-2.039,-8.987,1.500
-2.006,-9.003,1.500
-1.970,-9.007,1.500
-1.954,-9.109,1.500
-1.893,-8.993,1.500
-1.886,-9.140,1.500
-1.823,-9.012,1.500
-1.787,-9.017,1.500
-1.752,-9.024,1.500
-1.711,-9.003,1.500
-1.682,-9.046,1.500
-1.671,-9.186,1.500
-1.610,-9.054,1.500
-1.569,-9.029,1.500
-1.539,-9.065,1.500
-1.527,-9.213,1.500
-1.462,-9.041,1.500
-1.435,-9.103,1.500
-1.412,-9.192,1.500
-1.358,-9.074,1.500
-1.341,-9.209,1.500
-1.294,-9.135,1.500
-1.249,-9.079,1.500
-1.235,-9.244,1.500
-1.195,-9.223,1.500
-1.140,-9.074,1.500
-1.105,-9.085,1.500
-1.069,-9.085,1.500
-1.051,-9.249,1.500
-0.999,-9.106,1.500
-0.981,-9.277,1.500
-0.931,-9.151,1.500
-0.894,-9.146,1.500
-0.858,-9.150,1.500
-0.822,-9.153,1.500
-0.786,-9.150,1.500
-0.762,-9.299,1.500
-0.727,-9.324,1.500
-0.680,-9.190,1.500
-0.654,-9.337,1.500
-0.608,-9.195,1.500
-0.571,-9.177,1.500
-0.545,-9.346,1.500
-0.509,-9.370,1.500
-0.465,-9.237,1.500
-0.436,-9.380,1.500
-0.394,-9.259,1.500
-0.362,-9.373,1.500
-0.321,-9.268,1.500
-0.289,-9.407,1.500
-0.248,-9.272,1.500
-0.213,-9.320,1.500
-0.176,-9.321,1.500
-0.140,-9.305,1.500
-0.103,-9.312,1.500
-0.068,-9.495,1.500
-0.030,-9.306,1.500
0.007,-9.346,1.500
0.043,-9.338,1.500
0.081,-9.457,1.500
0.117,-9.336,1.500
0.155,-9.468,1.500
0.190,-9.332,1.500
0.229,-9.438,1.500
0.264,-9.364,1.500
0.298,-9.275,1.500
0.334,-9.265,1.500
0.377,-9.415,1.500
0.405,-9.225,1.500
0.440,-9.196,1.500
0.476,-9.178,1.500
0.510,-9.142,1.500
0.542,-9.081,1.500
0.589,-9.259,1.500
0.611,-9.035,1.500
0.646,-9.028,1.500
0.677,-8.974,1.500
0.721,-9.075,1.500
0.753,-9.026,1.500
0.771,-8.830,1.500
0.818,-8.962,1.500
0.832,-8.740,1.500
0.867,-8.741,1.500
0.894,-8.669,1.500
0.937,-8.744,1.500
0.973,-8.757,1.500
0.990,-8.605,1.500
1.016,-8.531,1.500
1.044,-8.483,1.500
1.092,-8.592,1.500
1.102,-8.410,1.500
1.154,-8.548,1.500
1.185,-8.520,1.500
1.191,-8.328,1.500
1.245,-8.466,1.500
1.246,-8.249,1.500
1.307,-8.427,1.500
1.307,-8.216,1.500
1.340,-8.214,1.500
1.404,-8.395,1.500
1.398,-8.166,1.500
1.465,-8.360,1.500
1.462,-8.155,1.500
1.490,-8.126,1.500
1.563,-8.337,1.500
1.548,-8.086,1.500
1.620,-8.284,1.500
1.614,-8.085,1.500
1.685,-8.271,1.500
1.670,-8.037,1.500
1.743,-8.222,1.500
1.770,-8.193,1.500
1.763,-8.008,1.500
1.833,-8.171,1.500
1.821,-7.971,1.500
1.853,-7.966,1.500
1.927,-8.143,1.500
1.902,-7.899,1.500
1.933,-7.891,1.500
1.964,-7.881,1.500
1.985,-7.834,1.500
2.068,-8.029,1.500
2.033,-7.767,1.500
2.066,-7.771,1.500
2.085,-7.717,1.500
2.116,-7.712,1.500
2.132,-7.654,1.500
2.221,-7.853,1.500
2.173,-7.568,1.500
2.250,-7.723,1.500
2.231,-7.548,1.500
2.319,-7.732,1.500
2.345,-7.711,1.500
2.312,-7.496,1.500
2.327,-7.442,1.500
2.418,-7.626,1.500
2.386,-7.423,1.500
2.483,-7.622,1.500
2.497,-7.564,1.500
2.467,-7.375,1.500
2.486,-7.336,1.500
2.513,-7.323,1.500
2.550,-7.336,1.500
2.575,-7.316,1.500
2.604,-7.306,1.500
2.695,-7.468,1.500
2.724,-7.457,1.500
2.671,-7.223,1.500
2.700,-7.216,1.500
2.729,-7.205,1.500
2.757,-7.195,1.500
2.780,-7.171,1.500
2.811,-7.166,1.500
2.840,-7.158,1.500
2.938,-7.320,1.500
2.874,-7.081,1.500
2.990,-7.284,1.500
2.931,-7.061,1.500
3.033,-7.227,1.500
3.055,-7.199,1.500
3.004,-7.003,1.500
3.118,-7.190,1.500
3.052,-6.963,1.500
3.060,-6.908,1.500
3.087,-6.896,1.500
3.114,-6.884,1.500
3.256,-7.122,1.500
3.152,-6.823,1.500
3.283,-7.035,1.500
3.193,-6.771,1.500
3.340,-7.012,1.500
3.257,-6.769,1.500
3.275,-6.740,1.500
3.289,-6.701,1.500
3.305,-6.667,1.500
3.331,-6.654,1.500
3.440,-6.804,1.500
3.380,-6.621,1.500
3.520,-6.830,1.500
3.432,-6.595,1.500
3.543,-6.743,1.500
3.610,-6.806,1.500
3.516,-6.567,1.500
3.659,-6.769,1.500
3.539,-6.486,1.500
3.608,-6.551,1.500
3.592,-6.462,1.500
3.615,-6.444,1.500
3.631,-6.413,1.500
3.793,-6.638,1.500
3.689,-6.398,1.500
3.845,-6.608,1.500
3.749,-6.385,1.500
3.772,-6.367,1.500
3.797,-6.352,1.500
3.782,-6.272,1.500
3.823,-6.283,1.500
3.970,-6.467,1.500
3.878,-6.263,1.500
4.020,-6.436,1.500
3.913,-6.209,1.500
3.943,-6.203,1.500
3.951,-6.162,1.500
3.988,-6.166,1.500
4.126,-6.325,1.500
4.036,-6.134,1.500
4.172,-6.287,1.500
4.043,-6.041,1.500
4.082,-6.048,1.500
4.106,-6.032,1.500
4.127,-6.012,1.500
4.146,-5.990,1.500
4.168,-5.970,1.500
4.191,-5.954,1.500
4.357,-6.138,1.500
4.242,-5.927,1.500
4.259,-5.901,1.500
4.409,-6.059,1.500
4.274,-5.826,1.500
4.459,-6.027,1.500
4.318,-5.789,1.500
4.510,-5.998,1.500
4.365,-5.758,1.500
4.388,-5.741,1.500
4.574,-5.936,1.500
4.438,-5.712,1.500
4.625,-5.905,1.500
4.618,-5.849,1.500
4.505,-5.660,1.500
4.692,-5.848,1.500
4.506,-5.571,1.500
4.543,-5.572,1.500
4.560,-5.548,1.500
4.585,-5.533,1.500
4.596,-5.503,1.500
4.623,-5.491,1.500
4.644,-5.473,1.500
4.835,-5.652,1.500
4.674,-5.421,1.500
4.889,-5.625,1.500
4.743,-5.414,1.500
4.745,-5.374,1.500
4.780,-5.371,1.500
4.812,-5.364,1.500
4.808,-5.318,1.500
4.837,-5.308,1.500
5.034,-5.481,1.500
4.846,-5.234,1.500
4.858,-5.206,1.500
4.873,-5.181,1.500
5.088,-5.368,1.500
4.950,-5.181,1.500
4.953,-5.144,1.500
4.965,-5.116,1.500
4.979,-5.090,1.500
5.005,-5.077,1.500
5.025,-5.057,1.500
4.975,-4.967,1.500
5.065,-5.017,1.500
5.037,-4.951,1.500
5.260,-5.129,1.500
5.079,-4.914,1.500
5.294,-5.083,1.500
5.105,-4.863,1.500
5.146,-4.863,1.500
5.156,-4.834,1.500
5.379,-5.004,1.500
5.199,-4.799,1.500
5.401,-4.946,1.500
5.240,-4.761,1.500
5.355,-4.827,1.500
5.243,-4.689,1.500
5.487,-4.868,1.500
5.317,-4.681,1.500
5.314,-4.641,1.500
5.348,-4.633,1.500
5.375,-4.620,1.500
5.561,-4.742,1.500
5.386,-4.557,1.500
5.630,-4.726,1.500
5.607,-4.669,1.500
5.711,-4.718,1.500
5.721,-4.688,1.500
5.551,-4.512,1.500
5.740,-4.628,1.500
5.573,-4.458,1.500
5.797,-4.600,1.500
5.602,-4.409,1.500
5.577,-4.354,1.500
5.636,-4.365,1.500
5.644,-4.335,1.500
5.832,-4.443,1.500
5.632,-4.256,1.500
5.875,-4.404,1.500
5.890,-4.379,1.500
5.907,-4.356,1.500
5.708,-4.175,1.500
5.717,-4.147,1.500
5.754,-4.139,1.500
5.746,-4.100,1.500
5.982,-4.232,1.500
5.785,-4.059,1.500
5.821,-4.051,1.500
5.817,-4.014,1.500
5.839,-3.996,1.500
5.838,-3.961,1.500
5.860,-3.943,1.500
5.876,-3.920,1.500
6.115,-4.044,1.500
5.899,-3.869,1.500
6.121,-3.979,1.500
5.919,-3.815,1.500
6.252,-3.995,1.500
6.238,-3.952,1.500
6.041,-3.794,1.500
6.059,-3.772,1.500
6.067,-3.744,1.500
6.081,-3.720,1.500
6.092,-3.694,1.500
6.079,-3.653,1.500
6.335,-3.773,1.500
6.111,-3.608,1.500
6.153,-3.600,1.500
6.160,-3.572,1.500
6.185,-3.554,1.500
6.199,-3.529,1.500
6.255,-3.529,1.500
6.276,-3.508,1.500
6.286,-3.482,1.500
6.275,-3.443,1.500
6.548,-3.560,1.500
6.327,-3.407,1.500
6.576,-3.508,1.500
6.392,-3.378,1.500
6.412,-3.357,1.500
6.418,-3.328,1.500
6.424,-3.299,1.500
6.444,-3.277,1.500
6.683,-3.366,1.500
6.484,-3.234,1.500
6.719,-3.318,1.500
6.749,-3.300,1.500
6.543,-3.167,1.500
6.824,-3.270,1.500
6.575,-3.119,1.500
6.836,-3.210,1.500
6.602,-3.069,1.500
6.622,-3.046,1.500
6.626,-3.017,1.500
6.645,-2.994,1.500
6.625,-2.954,1.500
6.665,-2.940,1.500
6.677,-2.914,1.500
6.688,-2.888,1.500
6.932,-2.961,1.500
6.700,-2.831,1.500
6.951,-2.905,1.500
6.722,-2.778,1.500
6.751,-2.759,1.500
6.972,-2.817,1.500
6.779,-2.709,1.500
7.017,-2.772,1.500
6.804,-2.657,1.500
6.811,-2.629,1.500
6.795,-2.592,1.500
6.828,-2.574,1.500
6.830,-2.544,1.500
6.840,-2.517,1.500
6.846,-2.489,1.500
6.874,-2.469,1.500
6.862,-2.434,1.500
7.100,-2.487,1.500
6.888,-2.383,1.500
7.252,-2.476,1.500
6.929,-2.336,1.500
6.942,-2.310,1.500
6.973,-2.290,1.500
6.974,-2.260,1.500
7.228,-2.311,1.500
7.054,-2.225,1.500
7.383,-2.297,1.500
7.289,-2.236,1.500
7.076,-2.140,1.500
7.380,-2.201,1.500
7.147,-2.101,1.500
7.148,-2.071,1.500
7.152,-2.041,1.500
7.171,-2.016,1.500
7.222,-2.000,1.500
7.237,-1.974,1.500
7.234,-1.942,1.500
7.449,-1.969,1.500
7.483,-1.946,1.500
7.586,-1.941,1.500
7.551,-1.901,1.500
7.341,-1.817,1.500
7.546,-1.837,1.500
7.397,-1.770,1.500
7.574,-1.781,1.500
7.383,-1.705,1.500
7.418,-1.682,1.500
7.445,-1.658,1.500
7.427,-1.623,1.500
7.434,-1.594,1.500
7.450,-1.567,1.500
7.442,-1.535,1.500
7.679,-1.552,1.500
7.499,-1.486,1.500
7.736,-1.501,1.500
7.518,-1.428,1.500
7.754,-1.441,1.500
7.522,-1.368,1.500
7.762,-1.380,1.500
7.525,-1.307,1.500
7.773,-1.319,1.500
7.829,-1.297,1.500
7.606,-1.229,1.500
7.833,-1.234,1.500
7.605,-1.168,1.500
7.627,-1.140,1.500
7.614,-1.108,1.500
7.625,-1.079,1.500
7.623,-1.048,1.500
7.885,-1.053,1.500
7.685,-0.995,1.500
7.925,-0.995,1.500
7.904,-0.961,1.500
7.757,-0.912,1.500
7.680,-0.872,1.500
7.714,-0.845,1.500
7.734,-0.817,1.500
7.764,-0.789,1.500
7.750,-0.757,1.500
7.971,-0.747,1.500
7.773,-0.698,1.500
7.990,-0.686,1.500
7.785,-0.637,1.500
7.998,-0.623,1.500
7.783,-0.575,1.500
7.788,-0.545,1.500
7.780,-0.514,1.500
7.775,-0.483,1.500
7.784,-0.453,1.500
7.769,-0.421,1.500
7.770,-0.391,1.500
7.792,-0.361,1.500
7.783,-0.330,1.500
8.066,-0.310,1.500
8.055,-0.278,1.500
7.840,-0.240,1.500
8.066,-0.215,1.500
7.845,-0.179,1.500
7.856,-0.148,1.500
7.836,-0.117,1.500
7.853,-0.086,1.500
8.103,-0.057,1.500
7.877,-0.025,1.500
8.000,0.006,2.000
7.874,0.037,2.000
8.121,0.070,2.000
8.130,0.102,2.000
8.154,0.135,2.000
8.153,0.167,2.000
8.020,0.195,2.000
8.212,0.232,2.000
7.999,0.258,2.000
8.201,0.297,2.000
8.003,0.321,2.000
8.204,0.361,2.000
7.972,0.382,2.000
8.168,0.424,2.000
8.035,0.449,2.000
8.236,0.492,2.000
8.025,0.511,2.000
8.013,0.542,2.000
8.247,0.591,2.000
8.055,0.609,2.000
8.259,0.657,2.000
8.069,0.674,2.000
8.257,0.722,2.000
8.088,0.739,2.000
8.079,0.770,2.000
8.088,0.803,2.000
8.082,0.835,2.000
8.075,0.866,2.000
8.075,0.898,2.000
8.305,0.957,2.000
8.119,0.968,2.000
8.303,1.023,2.000
8.111,1.031,2.000
8.294,1.088,2.000
8.135,1.099,2.000
8.322,1.158,2.000
8.126,1.163,2.000
8.356,1.230,2.000
8.158,1.233,2.000
8.176,1.269,2.000
8.333,1.327,2.000
8.142,1.329,2.000
8.322,1.392,2.000
8.192,1.403,2.000
8.362,1.467,2.000
8.164,1.465,2.000
8.172,1.499,2.000
8.169,1.532,2.000
8.188,1.569,2.000
8.385,1.641,2.000
8.391,1.676,2.000
8.186,1.669,2.000
8.386,1.744,2.000
8.216,1.742,2.000
8.405,1.817,2.000
8.205,1.807,2.000
8.386,1.882,2.000
8.191,1.872,2.000
8.227,1.914,2.000
8.219,1.946,2.000
8.209,1.978,2.000
8.204,2.011,2.000
8.225,2.050,2.000
8.222,2.084,2.000
8.253,2.126,2.000
8.239,2.157,2.000
8.231,2.190,2.000
8.251,2.230,2.000
8.249,2.264,2.000
8.309,2.315,2.000
8.275,2.341,2.000
8.248,2.368,2.000
8.286,2.415,2.000
8.284,2.449,2.000
8.264,2.479,2.000
8.311,2.529,2.000
8.426,2.600,2.000
8.324,2.604,2.000
8.290,2.629,2.000
8.318,2.674,2.000
8.469,2.759,2.000
8.311,2.744,2.000
8.323,2.785,2.000
8.308,2.816,2.000
8.331,2.860,2.000
8.318,2.892,2.000
8.304,2.924,2.000
8.297,2.958,2.000
8.310,3.000,2.000
8.305,3.035,2.000
8.284,3.064,2.000
8.277,3.098,2.000
8.303,3.145,2.000
8.281,3.174,2.000
8.267,3.206,2.000
8.289,3.252,2.000
8.276,3.285,2.000
8.268,3.319,2.000
8.276,3.360,2.000
8.416,3.455,2.000
8.288,3.441,2.000
8.440,3.543,2.000
8.271,3.511,2.000
8.440,3.621,2.000
8.452,3.666,2.000
8.310,3.643,2.000
8.444,3.742,2.000
8.309,3.721,2.000
8.428,3.814,2.000
8.305,3.798,2.000
8.417,3.889,2.000
8.455,3.947,2.000
8.285,3.907,2.000
8.429,4.015,2.000
8.310,3.999,2.000
8.411,4.088,2.000
8.293,4.071,2.000
8.439,4.184,2.000
8.292,4.152,2.000
8.287,4.190,2.000
8.292,4.234,2.000
8.293,4.275,2.000
8.285,4.313,2.000
8.293,4.358,2.000
8.390,4.451,2.000
8.270,4.430,2.000
8.376,4.528,2.000
8.268,4.512,2.000
8.363,4.607,2.000
8.249,4.586,2.000
8.391,4.709,2.000
8.216,4.653,2.000
8.201,4.687,2.000
8.188,4.722,2.000
8.164,4.751,2.000
8.145,4.783,2.000
8.118,4.810,2.000
8.108,4.847,2.000
8.087,4.878,2.000
8.178,4.977,2.000
8.019,4.923,2.000
8.112,5.024,2.000
7.996,4.996,2.000
7.960,5.017,2.000
7.937,5.046,2.000
7.930,5.086,2.000
7.905,5.114,2.000
7.880,5.142,2.000
7.865,5.176,2.000
7.851,5.211,2.000
7.801,5.222,2.000
7.790,5.259,2.000
7.762,5.284,2.000
7.747,5.319,2.000
7.726,5.350,2.000
7.683,5.364,2.000
7.769,5.470,2.000
7.642,5.426,2.000
7.611,5.449,2.000
7.658,5.528,2.000
7.553,5.498,2.000
7.533,5.528,2.000
7.486,5.539,2.000
7.467,5.571,2.000
7.548,5.677,2.000
7.402,5.613,2.000
7.375,5.639,2.000
7.363,5.675,2.000
7.315,5.684,2.000
7.282,5.705,2.000
7.260,5.733,2.000
7.242,5.766,2.000
7.192,5.772,2.000
7.171,5.801,2.000
7.140,5.823,2.000
7.123,5.856,2.000
7.076,5.864,2.000
7.051,5.890,2.000
7.010,5.903,2.000
6.990,5.933,2.000
6.960,5.955,2.000
6.948,5.992,2.000
6.891,5.990,2.000
6.904,6.049,2.000
6.843,6.044,2.000
6.821,6.072,2.000
6.776,6.080,2.000
6.754,6.108,2.000
6.725,6.130,2.000
6.703,6.158,2.000
6.788,6.285,2.000
6.646,6.203,2.000
6.735,6.336,2.000
6.594,6.252,2.000
6.623,6.329,2.000
6.579,6.337,2.000
6.502,6.312,2.000
6.583,6.440,2.000
6.427,6.338,2.000
6.506,6.466,2.000
6.487,6.498,2.000
6.357,6.418,2.000
6.434,6.547,2.000
6.278,6.438,2.000
6.257,6.468,2.000
6.333,6.598,2.000
6.182,6.492,2.000
6.163,6.523,2.000
6.131,6.540,2.000
6.102,6.561,2.000
6.078,6.587,2.000
6.049,6.607,2.000
6.115,6.732,2.000
5.980,6.635,2.000
6.071,6.790,2.000
5.931,6.686,2.000
6.013,6.833,2.000
5.954,6.819,2.000
5.936,6.853,2.000
5.909,6.876,2.000
5.878,6.894,2.000
5.749,6.797,2.000
5.724,6.821,2.000
5.700,6.847,2.000
5.661,6.855,2.000
5.620,6.861,2.000
5.589,6.877,2.000
5.569,6.908,2.000
5.639,7.051,2.000
5.491,6.922,2.000
5.568,7.076,2.000
5.437,6.965,2.000
5.523,7.133,2.000
5.482,7.137,2.000
5.453,7.159,2.000
5.324,7.045,2.000
5.281,7.047,2.000
5.252,7.066,2.000
5.227,7.090,2.000
5.279,7.220,2.000
5.173,7.133,2.000
5.118,7.115,2.000
5.145,7.212,2.000
5.160,7.294,2.000
5.038,7.181,2.000
5.106,7.340,2.000
4.983,7.223,2.000
4.954,7.242,2.000
4.923,7.257,2.000
4.992,7.421,2.000
4.871,7.304,2.000
4.931,7.457,2.000
4.905,7.482,2.000
4.782,7.357,2.000
4.757,7.382,2.000
4.818,7.541,2.000
4.692,7.408,2.000
4.663,7.427,2.000
4.618,7.420,2.000
4.678,7.582,2.000
4.560,7.456,2.000
4.618,7.618,2.000
4.501,7.491,2.000
4.465,7.498,2.000
4.439,7.520,2.000
4.486,7.670,2.000
4.374,7.546,2.000
4.350,7.572,2.000
4.333,7.613,2.000
4.362,7.733,2.000
4.247,7.598,2.000
4.219,7.619,2.000
4.182,7.623,2.000
4.239,7.799,2.000
4.123,7.658,2.000
4.175,7.827,2.000
4.063,7.690,2.000
4.086,7.807,2.000
4.095,7.899,2.000
3.993,7.777,2.000
4.039,7.944,2.000
3.929,7.804,2.000
3.902,7.826,2.000
3.934,7.970,2.000
3.903,7.985,2.000
3.814,7.880,2.000
3.792,7.915,2.000
3.830,8.075,2.000
3.722,7.927,2.000
3.692,7.944,2.000
3.664,7.967,2.000
3.631,7.977,2.000
3.673,8.155,2.000
3.590,8.054,2.000
3.545,8.037,2.000
3.521,8.069,2.000
3.487,8.078,2.000
3.449,8.076,2.000
3.450,8.168,2.000
3.383,8.098,2.000
3.362,8.137,2.000
3.317,8.118,2.000
3.350,8.291,2.000
3.252,8.141,2.000
3.224,8.163,2.000
3.187,8.164,2.000
3.216,8.334,2.000
3.122,8.187,2.000
3.153,8.367,2.000
3.073,8.253,2.000
3.020,8.209,2.000
2.986,8.216,2.000
2.958,8.240,2.000
2.920,8.235,2.000
2.884,8.237,2.000
2.905,8.402,2.000
2.837,8.311,2.000
2.800,8.308,2.000
2.770,8.328,2.000
2.806,8.546,2.000
2.718,8.389,2.000
2.693,8.425,2.000
2.665,8.452,2.000
2.690,8.651,2.000
2.610,8.511,2.000
2.604,8.612,2.000
2.572,8.628,2.000
2.545,8.660,2.000
2.525,8.719,2.000
2.526,8.854,2.000
2.459,8.750,2.000
2.426,8.763,2.000
2.390,8.769,2.000
2.401,8.945,2.000
2.331,8.823,2.000
2.336,8.983,2.000
2.271,8.879,2.000
2.236,8.885,2.000
2.199,8.888,2.000
2.165,8.899,2.000
2.130,8.909,2.000
2.090,8.892,2.000
2.055,8.902,2.000
2.021,8.915,2.000
2.017,9.062,2.000
1.949,8.920,2.000
1.912,8.921,2.000
1.881,8.945,2.000
1.872,9.078,2.000
1.805,8.934,2.000
1.782,9.000,2.000
1.739,8.967,2.000
1.728,9.101,2.000
1.667,8.974,2.000
1.659,9.128,2.000
1.596,8.983,2.000
1.566,9.021,2.000
1.530,9.025,2.000
1.493,9.018,2.000
1.460,9.043,2.000
1.447,9.189,2.000
1.390,9.056,2.000
1.355,9.066,2.000
1.318,9.063,2.000
1.302,9.210,2.000
1.246,9.071,2.000
1.215,9.109,2.000
1.175,9.080,2.000
1.140,9.093,2.000
1.104,9.089,2.000
1.069,9.100,2.000
1.048,9.239,2.000
1.013,9.253,2.000
0.961,9.105,2.000
0.943,9.283,2.000
0.893,9.147,2.000
0.856,9.148,2.000
0.833,9.287,2.000
0.797,9.298,2.000
0.748,9.153,2.000
0.724,9.308,2.000
0.677,9.163,2.000
0.644,9.214,2.000
0.607,9.197,2.000
0.571,9.210,2.000
0.534,9.200,2.000
0.508,9.376,2.000
0.463,9.225,2.000
0.427,9.239,2.000
0.391,9.243,2.000
0.356,9.265,2.000
0.322,9.337,2.000
0.283,9.273,2.000
0.247,9.282,2.000
0.210,9.273,2.000
0.174,9.298,2.000
0.138,9.307,2.000
0.102,9.415,2.000
0.066,9.438,2.000
0.028,9.340,2.000
-0.008,9.346,2.000
-0.045,9.346,2.000
-0.082,9.342,2.000
-0.119,9.413,2.000
-0.155,9.325,2.000
-0.191,9.302,2.000
-0.228,9.311,2.000
-0.264,9.300,2.000
-0.304,9.406,2.000
-0.336,9.267,2.000
-0.372,9.254,2.000
-0.407,9.234,2.000
-0.449,9.345,2.000
-0.483,9.281,2.000
-0.520,9.292,2.000
-0.546,9.120,2.000
-0.580,9.092,2.000
-0.615,9.072,2.000
-0.646,9.008,2.000
-0.693,9.158,2.000
-0.712,8.946,2.000
-0.741,8.871,2.000
-0.790,9.021,2.000
-0.809,8.841,2.000
-0.840,8.805,2.000
-0.871,8.763,2.000
-0.902,8.723,2.000
-0.936,8.717,2.000
-0.968,8.693,2.000
-1.018,8.829,2.000
-1.026,8.600,2.000
-1.077,8.740,2.000
-1.110,8.719,2.000
-1.119,8.524,2.000
-1.147,8.483,2.000
-1.174,8.433,2.000
-1.208,8.434,2.000
-1.263,8.574,2.000
-1.269,8.389,2.000
-1.303,8.390,2.000
-1.327,8.330,2.000
-1.389,8.502,2.000
-1.388,8.292,2.000
-1.424,8.309,2.000
-1.483,8.449,2.000
-1.484,8.267,2.000
-1.510,8.228,2.000
-1.543,8.222,2.000
-1.604,8.365,2.000
-1.600,8.173,2.000
-1.626,8.136,2.000
-1.696,8.313,2.000
-1.680,8.077,2.000
-1.710,8.062,2.000
-1.775,8.209,2.000
-1.767,8.019,2.000
-1.803,8.033,2.000
-1.820,7.962,2.000
-1.887,8.106,2.000
-1.878,7.929,2.000
-1.963,8.143,2.000
-1.992,8.125,2.000
-1.962,7.868,2.000
-2.000,7.887,2.000
-2.019,7.832,2.000
-2.045,7.806,2.000
-2.130,8.004,2.000
-2.109,7.801,2.000
-2.130,7.757,2.000
-2.156,7.734,2.000
-2.237,7.904,2.000
-2.259,7.864,2.000
-2.243,7.692,2.000
-2.266,7.662,2.000
-2.288,7.626,2.000
-2.314,7.604,2.000
-2.386,7.731,2.000
-2.358,7.533,2.000
-2.388,7.527,2.000
-2.414,7.505,2.000
-2.453,7.527,2.000
-2.461,7.451,2.000
-2.558,7.643,2.000
-2.575,7.594,2.000
-2.531,7.371,2.000
-2.636,7.580,2.000
-2.593,7.361,2.000
-2.681,7.517,2.000
-2.631,7.286,2.000
-2.740,7.496,2.000
-2.768,7.482,2.000
-2.699,7.209,2.000
-2.730,7.205,2.000
-2.768,7.220,2.000
-2.783,7.173,2.000
-2.883,7.345,2.000
-2.824,7.112,2.000
-2.939,7.319,2.000
-2.853,7.024,2.000
-2.892,7.042,2.000
-2.916,7.021,2.000
-3.000,7.145,2.000
-2.950,6.948,2.000
-2.954,6.883,2.000
-2.988,6.888,2.000
-3.014,6.873,2.000
-3.132,7.066,2.000
-3.045,6.798,2.000
-3.167,6.997,2.000
-3.197,6.991,2.000
-3.127,6.765,2.000
-3.265,6.994,2.000
-3.155,6.690,2.000
-3.185,6.684,2.000
-3.314,6.886,2.000
-3.236,6.655,2.000
-3.376,6.875,2.000
-3.283,6.620,2.000
-3.316,6.620,2.000
-3.335,6.594,2.000
-3.472,6.799,2.000
-3.494,6.776,2.000
-3.412,6.554,2.000
-3.564,6.780,2.000
-3.464,6.527,2.000
-3.468,6.473,2.000
-3.620,6.694,2.000
-3.520,6.449,2.000
-3.544,6.431,2.000
-3.569,6.417,2.000
-3.586,6.390,2.000
-3.740,6.603,2.000
-3.615,6.324,2.000
-3.774,6.542,2.000
-3.667,6.299,2.000
-3.693,6.288,2.000
-3.710,6.260,2.000
-3.708,6.201,2.000
-3.737,6.194,2.000
-3.763,6.182,2.000
-3.822,6.224,2.000
-3.767,6.081,2.000
-3.954,6.326,2.000
-3.821,6.062,2.000
-3.999,6.289,2.000
-3.869,6.031,2.000
-3.908,6.040,2.000
-4.065,6.229,2.000
-3.946,5.995,2.000
-3.972,5.983,2.000
-3.989,5.958,2.000
-4.181,6.192,2.000
-4.189,6.151,2.000
-4.061,5.913,2.000
-4.089,5.904,2.000
-4.112,5.888,2.000
-4.285,6.084,2.000
-4.153,5.849,2.000
-4.157,5.806,2.000
-4.209,5.829,2.000
-4.386,6.025,2.000
-4.257,5.799,2.000
-4.418,5.970,2.000
-4.300,5.762,2.000
-4.322,5.745,2.000
-4.335,5.716,2.000
-4.367,5.711,2.000
-4.543,5.894,2.000
-4.567,5.876,2.000
-4.432,5.656,2.000
-4.439,5.620,2.000
-4.621,5.804,2.000
-4.496,5.601,2.000
-4.686,5.791,2.000
-4.550,5.578,2.000
-4.566,5.553,2.000
-4.586,5.532,2.000
-4.607,5.514,2.000
-4.626,5.493,2.000
-4.671,5.502,2.000
-4.867,5.688,2.000
-4.722,5.475,2.000
-4.907,5.644,2.000
-4.934,5.630,2.000
-4.794,5.427,2.000
-4.810,5.403,2.000
-4.831,5.384,2.000
-4.855,5.368,2.000
-5.066,5.557,2.000
-4.897,5.329,2.000
-5.052,5.454,2.000
-4.933,5.285,2.000
-5.140,5.463,2.000
-4.975,5.246,2.000
-5.012,5.244,2.000
-5.018,5.210,2.000
-5.036,5.187,2.000
-5.017,5.127,2.000
-5.231,5.304,2.000
-5.228,5.259,2.000
-5.080,5.071,2.000
-5.285,5.234,2.000
-5.123,5.033,2.000
-5.137,5.008,2.000
-5.159,4.990,2.000
-5.138,4.930,2.000
-5.379,5.121,2.000
-5.188,4.901,2.000
-5.201,4.875,2.000
-5.380,5.003,2.000
-5.237,4.831,2.000
-5.262,4.816,2.000
-5.226,4.746,2.000
-5.247,4.728,2.000
-5.266,4.707,2.000
-5.294,4.695,2.000
-5.296,4.660,2.000
-5.535,4.832,2.000
-5.342,4.627,2.000
-5.483,4.712,2.000
-5.366,4.574,2.000
-5.601,4.737,2.000
-5.405,4.534,2.000
-5.659,4.710,2.000
-5.650,4.665,2.000
-5.461,4.473,2.000
-5.485,4.457,2.000
-5.499,4.433,2.000
-5.568,4.452,2.000
-5.582,4.428,2.000
-5.810,4.571,2.000
-5.626,4.391,2.000
-5.843,4.523,2.000
-5.641,4.332,2.000
-5.890,4.486,2.000
-5.896,4.454,2.000
-5.666,4.245,2.000
-5.894,4.380,2.000
-5.715,4.213,2.000
-5.739,4.195,2.000
-5.982,4.337,2.000
-5.946,4.276,2.000
-5.798,4.135,2.000
-5.820,4.116,2.000
-5.779,4.053,2.000
-6.031,4.195,2.000
-6.082,4.195,2.000
-5.827,3.985,2.000
-5.890,3.995,2.000
-5.909,3.974,2.000
-6.148,4.099,2.000
-5.926,3.918,2.000
-6.099,3.998,2.000
-5.964,3.876,2.000
-6.000,3.866,2.000
-6.015,3.842,2.000
-6.016,3.810,2.000
-6.027,3.784,2.000
-6.111,3.803,2.000
-6.356,3.921,2.000
-6.134,3.751,2.000
-6.210,3.764,2.000
-6.376,3.830,2.000
-6.171,3.674,2.000
-6.347,3.745,2.000
-6.154,3.599,2.000
-6.164,3.573,2.000
-6.182,3.550,2.000
-6.438,3.664,2.000
-6.419,3.620,2.000
-6.241,3.487,2.000
-6.233,3.451,2.000
-6.240,3.422,2.000
-6.492,3.528,2.000
-6.397,3.444,2.000
-6.280,3.349,2.000
-6.547,3.458,2.000
-6.320,3.307,2.000
-6.322,3.276,2.000
-6.339,3.253,2.000
-6.573,3.341,2.000
-6.603,3.324,2.000
-6.377,3.179,2.000
-6.639,3.277,2.000
-6.394,3.125,2.000
-6.414,3.103,2.000
-6.678,3.199,2.000
-6.442,3.054,2.000
-6.505,3.053,2.000
-6.502,3.021,2.000
-6.532,3.004,2.000
-6.529,2.971,2.000
-6.702,3.018,2.000
-6.545,2.917,2.000
-6.673,2.942,2.000
-6.583,2.872,2.000
-6.850,2.956,2.000
-6.816,2.910,2.000
-6.736,2.845,2.000
-6.634,2.771,2.000
-6.649,2.746,2.000
-6.637,2.711,2.000
-6.648,2.685,2.000
-6.673,2.665,2.000
-6.672,2.634,2.000
-6.890,2.689,2.000
-6.689,2.580,2.000
-6.692,2.551,2.000
-6.724,2.533,2.000
-6.730,2.506,2.000
-7.037,2.588,2.000
-6.817,2.477,2.000
-6.778,2.433,2.000
-6.814,2.416,2.000
-6.835,2.393,2.000
-6.829,2.361,2.000
-7.096,2.422,2.000
-6.995,2.357,2.000
-6.935,2.306,2.000
-7.234,2.374,2.000
-6.979,2.260,2.000
-6.998,2.236,2.000
-7.047,2.221,2.000
-7.311,2.273,2.000
-7.115,2.181,2.000
-7.385,2.232,2.000
-7.185,2.141,2.000
-7.201,2.115,2.000
-7.205,2.086,2.000
-7.270,2.073,2.000
-7.257,2.039,2.000
-7.334,2.030,2.000
-7.339,2.000,2.000
-7.346,1.971,2.000
-7.354,1.942,2.000
-7.633,1.984,2.000
-7.424,1.898,2.000
-7.649,1.924,2.000
-7.422,1.836,2.000
-7.459,1.814,2.000
-7.443,1.779,2.000
-7.722,1.814,2.000
-7.453,1.720,2.000
-7.727,1.751,2.000
-7.692,1.711,2.000
-7.517,1.642,2.000
-7.544,1.616,2.000
-7.506,1.577,2.000
-7.505,1.547,2.000
-7.487,1.512,2.000
-7.500,1.484,2.000
-7.519,1.457,2.000
-7.752,1.471,2.000
-7.524,1.397,2.000
-7.515,1.365,2.000
-7.527,1.337,2.000
-7.540,1.308,2.000
-7.538,1.277,2.000
-7.765,1.285,2.000
-7.835,1.264,2.000
-7.580,1.193,2.000
-7.609,1.167,2.000
-7.624,1.138,2.000
-7.607,1.105,2.000
-7.629,1.078,2.000
-7.630,1.048,2.000
-7.630,1.017,2.000
-7.682,0.993,2.000
-7.916,0.992,2.000
-7.686,0.933,2.000
-7.977,0.936,2.000
-7.737,0.877,2.000
-7.747,0.848,2.000
-7.972,0.840,2.000
-7.764,0.788,2.000
-7.824,0.763,2.000
-7.817,0.731,2.000
-7.816,0.700,2.000
-7.812,0.669,2.000
-8.030,0.656,2.000
-7.824,0.608,2.000
-8.047,0.593,2.000
-7.828,0.546,2.000
-7.844,0.517,2.000
-7.849,0.486,2.000
-7.841,0.455,2.000
-7.829,0.423,2.000
-8.078,0.405,2.000
-7.888,0.364,2.000
-8.120,0.343,2.000
-7.868,0.301,2.000
-7.905,0.272,2.000
-8.163,0.248,2.000
-7.952,0.211,2.000
-7.950,0.179,2.000
-7.954,0.148,2.000
-7.951,0.117,2.000
-7.984,0.086,2.000
-8.060,0.055,2.000
-7.987,0.023,2.000
-8.212,-0.008,2.000
-8.003,-0.039,2.000
-7.987,-0.071,2.000
-8.028,-0.103,2.000
-8.246,-0.138,2.000
-8.042,-0.166,2.000
-8.048,-0.198,2.000
-8.041,-0.229,2.000
-8.034,-0.261,2.000
-8.039,-0.292,2.000
-8.090,-0.326,2.000
-8.027,-0.355,2.000
-8.022,-0.386,2.000
-8.027,-0.418,2.000
-8.032,-0.450,2.000
-8.027,-0.481,2.000
-8.228,-0.526,2.000
-8.023,-0.544,2.000
-8.235,-0.591,2.000
-7.952,-0.602,2.000
-8.012,-0.639,2.000
-8.010,-0.670,2.000
-8.204,-0.719,2.000
-8.004,-0.733,2.000
-7.989,-0.763,2.000
-7.989,-0.795,2.000
-7.992,-0.827,2.000
-8.203,-0.881,2.000
-8.035,-0.895,2.000
-8.022,-0.926,2.000
-8.006,-0.956,2.000
-8.240,-1.017,2.000
-8.245,-1.050,2.000
-8.061,-1.059,2.000
-8.090,-1.095,2.000
-8.080,-1.126,2.000
-8.306,-1.191,2.000
-8.150,-1.201,2.000
-8.354,-1.265,2.000
-8.384,-1.303,2.000
-8.227,-1.312,2.000
-8.217,-1.343,2.000
-8.237,-1.379,2.000
-8.437,-1.447,2.000
-8.259,-1.450,2.000
-8.289,-1.489,2.000
-8.302,-1.525,2.000
-8.299,-1.558,2.000
-8.330,-1.598,2.000
-8.500,-1.665,2.000
-8.325,-1.665,2.000
-8.350,-1.704,2.000
-8.510,-1.771,2.000
-8.530,-1.810,2.000
-8.358,-1.808,2.000
-8.354,-1.842,2.000
-8.375,-1.881,2.000
-8.375,-1.916,2.000
-8.365,-1.948,2.000
-8.405,-1.992,2.000
-8.395,-2.024,2.000
-8.550,-2.097,2.000
-8.429,-2.103,2.000
-8.413,-2.134,2.000
-8.424,-2.172,2.000
-8.582,-2.249,2.000
-8.496,-2.262,2.000
-8.446,-2.284,2.000
-8.487,-2.331,2.000
-8.447,-2.356,2.000
-8.473,-2.399,2.000
-8.457,-2.430,2.000
-8.641,-2.520,2.000
-8.486,-2.511,2.000
-8.654,-2.598,2.000
-8.487,-2.584,2.000
-8.631,-2.665,2.000
-8.644,-2.706,2.000
-8.529,-2.707,2.000
-8.505,-2.736,2.000
-8.503,-2.773,2.000
-8.517,-2.814,2.000
-8.514,-2.850,2.000
-8.663,-2.938,2.000
-8.511,-2.924,2.000
-8.529,-2.967,2.000
-8.524,-3.003,2.000
-8.658,-3.089,2.000
-8.494,-3.068,2.000
-8.484,-3.102,2.000
-8.472,-3.135,2.000
-8.602,-3.222,2.000
-8.476,-3.213,2.000
-8.467,-3.248,2.000
-8.595,-3.335,2.000
-8.429,-3.309,2.000
-8.424,-3.345,2.000
-8.542,-3.431,2.000
-8.534,-3.467,2.000
-8.407,-3.454,2.000
-8.539,-3.547,2.000
-8.371,-3.516,2.000
-8.368,-3.553,2.000
-8.360,-3.589,2.000
-8.501,-3.689,2.000
-8.363,-3.668,2.000
-8.474,-3.757,2.000
-8.461,-3.791,2.000
-8.345,-3.778,2.000
-8.485,-3.882,2.000
-8.342,-3.856,2.000
-8.355,-3.902,2.000
-8.385,-3.956,2.000
-8.467,-4.036,2.000
-8.348,-4.019,2.000
-8.369,-4.070,2.000
-8.479,-4.164,2.000
-8.443,-4.188,2.000
-8.349,-4.183,2.000
-8.476,-4.288,2.000
-8.479,-4.331,2.000
-8.349,-4.306,2.000
-8.359,-4.353,2.000
-8.330,-4.380,2.000
-8.456,-4.488,2.000
-8.324,-4.461,2.000
-8.447,-4.569,2.000
-8.337,-4.552,2.000
-8.313,-4.581,2.000
-8.297,-4.615,2.000
-8.280,-4.648,2.000
-8.375,-4.745,2.000
-8.243,-4.713,2.000
-8.231,-4.749,2.000
-8.209,-4.780,2.000
-8.192,-4.813,2.000
-8.145,-4.829,2.000
-8.149,-4.874,2.000
-8.218,-4.959,2.000
-8.090,-4.925,2.000
-8.075,-4.960,2.000
-8.054,-4.991,2.000
-8.050,-5.032,2.000
-8.128,-5.126,2.000
-8.001,-5.089,2.000
-7.995,-5.130,2.000
-7.976,-5.162,2.000
-7.955,-5.192,2.000
-7.939,-5.227,2.000
-7.909,-5.252,2.000
-7.891,-5.285,2.000
-7.956,-5.373,2.000
-7.821,-5.327,2.000
-7.911,-5.434,2.000
-7.760,-5.375,2.000
-7.749,-5.412,2.000
-7.830,-5.515,2.000
-7.701,-5.470,2.000
-7.762,-5.559,2.000
-7.636,-5.514,2.000
-7.619,-5.548,2.000
-7.583,-5.567,2.000
-7.664,-5.673,2.000
-7.500,-5.597,2.000
-7.590,-5.711,2.000
-7.467,-5.664,2.000
-7.421,-5.676,2.000
-7.395,-5.702,2.000
-7.371,-5.730,2.000
-7.430,-5.823,2.000
-7.411,-5.855,2.000
-7.389,-5.885,2.000
-7.367,-5.915,2.000
-7.208,-5.834,2.000
-7.301,-5.957,2.000
-7.164,-5.892,2.000
-7.123,-5.905,2.000
-7.091,-5.925,2.000
-7.183,-6.051,2.000
-7.026,-5.966,2.000
-6.996,-5.988,2.000
-6.981,-6.022,2.000
-6.951,-6.044,2.000
-7.036,-6.167,2.000
-6.967,-6.155,2.000
-6.868,-6.116,2.000
-6.842,-6.141,2.000
-6.801,-6.153,2.000
-6.877,-6.270,2.000
-6.744,-6.199,2.000
-6.827,-6.324,2.000
-6.674,-6.231,2.000
-6.651,-6.258,2.000
-6.624,-6.283,2.000
-6.705,-6.409,2.000
-6.660,-6.417,2.000
-6.528,-6.339,2.000
-6.497,-6.359,2.000
-6.523,-6.435,2.000
-6.550,-6.512,2.000
-6.423,-6.436,2.000
-6.503,-6.568,2.000
-6.455,-6.571,2.000
-6.325,-6.490,2.000
-6.293,-6.508,2.000
-6.376,-6.645,2.000
-6.228,-6.543,2.000
-6.201,-6.565,2.000
-6.175,-6.590,2.000
-6.258,-6.730,2.000
-6.225,-6.749,2.000
-6.196,-6.770,2.000
-6.051,-6.664,2.000
-6.026,-6.690,2.000
-6.002,-6.715,2.000
-6.056,-6.830,2.000
-5.923,-6.733,2.000
-5.898,-6.758,2.000
-5.879,-6.789,2.000
-5.958,-6.935,2.000
-5.806,-6.813,2.000
-5.794,-6.853,2.000
-5.743,-6.847,2.000
-5.813,-6.986,2.000
-5.787,-7.011,2.000
-5.661,-6.913,2.000
-5.637,-6.938,2.000
-5.603,-6.953,2.000
-5.661,-7.082,2.000
-5.536,-6.981,2.000
-5.505,-6.999,2.000
-5.476,-7.018,2.000
-5.467,-7.064,2.000
-5.422,-7.063,2.000
-5.498,-7.220,2.000
-5.368,-7.107,2.000
-5.337,-7.124,2.000
-5.292,-7.123,2.000
-5.364,-7.279,2.000
-5.236,-7.164,2.000
-5.210,-7.186,2.000
-5.274,-7.336,2.000
-5.223,-7.325,2.000
-5.098,-7.210,2.000
-5.078,-7.242,2.000
-5.046,-7.256,2.000
-5.096,-7.390,2.000
-4.998,-7.309,2.000
-4.956,-7.309,2.000
-4.930,-7.332,2.000
-4.902,-7.354,2.000
-4.955,-7.496,2.000
-4.828,-7.367,2.000
-4.797,-7.382,2.000
-4.850,-7.529,2.000
-4.739,-7.420,2.000
-4.711,-7.440,2.000
-4.674,-7.446,2.000
-4.738,-7.616,2.000
-4.619,-7.489,2.000
-4.678,-7.653,2.000
-4.550,-7.508,2.000
-4.538,-7.556,2.000
-4.568,-7.673,2.000
-4.456,-7.553,2.000
-4.425,-7.568,2.000
-4.477,-7.727,2.000
-4.368,-7.607,2.000
-4.336,-7.620,2.000
-4.307,-7.639,2.000
-4.377,-7.834,2.000
-4.240,-7.660,2.000
-4.218,-7.691,2.000
-4.183,-7.699,2.000
-4.251,-7.898,2.000
-4.142,-7.769,2.000
-4.111,-7.785,2.000
-4.081,-7.801,2.000
-4.050,-7.817,2.000
-4.094,-7.978,2.000
-3.986,-7.844,2.000
-3.962,-7.873,2.000
-3.928,-7.882,2.000
-3.982,-8.070,2.000
-3.880,-7.941,2.000
-3.918,-8.099,2.000
-3.818,-7.973,2.000
-3.789,-7.992,2.000
-3.754,-8.001,2.000
-3.717,-8.002,2.000
-3.690,-8.028,2.000
-3.741,-8.222,2.000
-3.640,-8.085,2.000
-3.611,-8.106,2.000
-3.573,-8.104,2.000
-3.613,-8.284,2.000
-3.516,-8.150,2.000
-3.483,-8.161,2.000
-3.448,-8.166,2.000
-3.419,-8.188,2.000
-3.386,-8.200,2.000
-3.416,-8.365,2.000
-3.322,-8.228,2.000
-3.353,-8.398,2.000
-3.320,-8.411,2.000
-3.214,-8.238,2.000
-3.180,-8.246,2.000
-3.147,-8.256,2.000
-3.163,-8.398,2.000
-3.054,-8.205,2.000
-3.075,-8.362,2.000
-2.982,-8.210,2.000
-2.940,-8.193,2.000
-2.908,-8.205,2.000
-2.930,-8.373,2.000
-2.844,-8.230,2.000
-2.810,-8.236,2.000
-2.832,-8.407,2.000
-2.746,-8.260,2.000
-2.724,-8.302,2.000
-2.702,-8.346,2.000
-2.726,-8.535,2.000
-2.649,-8.406,2.000
-2.642,-8.501,2.000
-2.659,-8.675,2.000
-2.639,-8.734,2.000
-2.569,-8.622,2.000
-2.549,-8.682,2.000
-2.519,-8.707,2.000
-2.511,-8.807,2.000
-2.498,-8.892,2.000
-2.427,-8.772,2.000
-2.431,-8.924,2.000
-2.362,-8.808,2.000
-2.347,-8.890,2.000
-2.303,-8.864,2.000
-2.273,-8.891,2.000
-2.241,-8.913,2.000
-2.248,-9.090,2.000
-2.176,-8.951,2.000
-2.174,-9.098,2.000
-2.112,-8.994,2.000
-2.080,-9.016,2.000
-2.043,-9.018,2.000
-2.038,-9.166,2.000
-1.964,-8.999,2.000
-1.931,-9.015,2.000
-1.920,-9.139,2.000
-1.857,-9.016,2.000
-1.815,-8.992,2.000
-1.782,-9.009,2.000
-1.775,-9.164,2.000
-1.712,-9.027,2.000
-1.676,-9.032,2.000
-1.642,-9.044,2.000
-1.631,-9.193,2.000
-1.569,-9.047,2.000
-1.556,-9.189,2.000
-1.498,-9.061,2.000
-1.464,-9.079,2.000
-1.427,-9.074,2.000
-1.413,-9.221,2.000
-1.375,-9.212,2.000
-1.322,-9.103,2.000
-1.285,-9.102,2.000
-1.249,-9.101,2.000
-1.212,-9.101,2.000
-1.178,-9.114,2.000
-1.141,-9.110,2.000
-1.123,-9.266,2.000
-1.070,-9.128,2.000
-1.035,-9.134,2.000
-1.013,-9.265,2.000
-0.963,-9.142,2.000
-0.927,-9.150,2.000
-0.891,-9.147,2.000
-0.854,-9.140,2.000
-0.821,-9.179,2.000
-0.798,-9.332,2.000
-0.750,-9.202,2.000
-0.725,-9.342,2.000
-0.677,-9.188,2.000
-0.650,-9.330,2.000
-0.616,-9.370,2.000
-0.571,-9.229,2.000
-0.534,-9.231,2.000
-0.498,-9.235,2.000
-0.469,-9.378,2.000
-0.426,-9.257,2.000
-0.396,-9.411,2.000
-0.359,-9.395,2.000
-0.318,-9.280,2.000
-0.282,-9.296,2.000
-0.249,-9.449,2.000
-0.212,-9.446,2.000
-0.172,-9.302,2.000
-0.136,-9.301,2.000
-0.100,-9.314,2.000
-0.063,-9.334,2.000
-0.027,-9.471,2.000
0.010,-9.338,2.000
0.047,-9.334,2.000
0.084,-9.372,2.000
0.122,-9.498,2.000
0.157,-9.339,2.000
0.194,-9.338,2.000
0.230,-9.333,2.000
0.271,-9.473,2.000
0.307,-9.441,2.000
0.339,-9.296,2.000
0.374,-9.272,2.000
0.416,-9.396,2.000
0.446,-9.246,2.000
0.481,-9.213,2.000
0.517,-9.205,2.000
0.559,-9.297,2.000
0.593,-9.263,2.000
0.618,-9.087,2.000
0.652,-9.067,2.000
0.683,-9.003,2.000
0.730,-9.152,2.000
0.746,-8.904,2.000
0.793,-9.041,2.000
0.813,-8.865,2.000
0.841,-8.795,2.000
0.888,-8.914,2.000
0.903,-8.720,2.000
0.932,-8.667,2.000
0.967,-8.673,2.000
0.994,-8.609,2.000
1.044,-8.734,2.000
1.071,-8.674,2.000
1.081,-8.483,2.000
1.110,-8.447,2.000
1.137,-8.397,2.000
1.192,-8.550,2.000
1.197,-8.347,2.000
1.225,-8.307,2.000
1.253,-8.271,2.000
1.315,-8.458,2.000
1.348,-8.448,2.000
1.343,-8.214,2.000
1.379,-8.231,2.000
1.409,-8.208,2.000
1.441,-8.203,2.000
1.507,-8.385,2.000
1.501,-8.169,2.000
1.565,-8.331,2.000
1.595,-8.311,2.000
1.595,-8.139,2.000
1.623,-8.110,2.000
1.649,-8.078,2.000
1.680,-8.068,2.000
1.713,-8.067,2.000
1.787,-8.255,2.000
1.815,-8.226,2.000
1.802,-8.018,2.000
1.832,-8.008,2.000
1.906,-8.180,2.000
1.898,-8.005,2.000
1.953,-8.093,2.000
1.945,-7.926,2.000
2.013,-8.064,2.000
1.998,-7.875,2.000
2.030,-7.870,2.000
2.049,-7.817,2.000
2.131,-8.001,2.000
2.163,-7.995,2.000
2.131,-7.757,2.000
2.149,-7.703,2.000
2.177,-7.688,2.000
2.187,-7.608,2.000
2.227,-7.634,2.000
2.256,-7.622,2.000
2.330,-7.761,2.000
2.358,-7.743,2.000
2.327,-7.536,2.000
2.419,-7.724,2.000
2.375,-7.479,2.000
2.403,-7.467,2.000
2.437,-7.473,2.000
2.518,-7.620,2.000
2.548,-7.610,2.000
2.571,-7.579,2.000
2.602,-7.572,2.000
2.564,-7.367,2.000
2.588,-7.344,2.000
2.605,-7.299,2.000
2.703,-7.482,2.000
2.736,-7.480,2.000
2.762,-7.460,2.000
2.719,-7.257,2.000
2.749,-7.249,2.000
2.798,-7.292,2.000
2.887,-7.437,2.000
2.815,-7.168,2.000
2.928,-7.372,2.000
2.869,-7.140,2.000
2.989,-7.355,2.000
2.932,-7.136,2.000
3.025,-7.280,2.000
2.965,-7.058,2.000
3.054,-7.189,2.000
3.000,-6.986,2.000
3.107,-7.159,2.000
3.055,-6.962,2.000
3.188,-7.189,2.000
3.111,-6.941,2.000
3.114,-6.876,2.000
3.239,-7.078,2.000
3.165,-6.845,2.000
3.203,-6.856,2.000
3.197,-6.774,2.000
3.335,-6.995,2.000
3.255,-6.758,2.000
3.286,-6.755,2.000
3.281,-6.679,2.000
3.420,-6.892,2.000
3.444,-6.873,2.000
3.358,-6.637,2.000
3.388,-6.630,2.000
3.420,-6.630,2.000
3.436,-6.597,2.000
3.586,-6.819,2.000
3.488,-6.569,2.000
3.521,-6.569,2.000
3.541,-6.545,2.000
3.560,-6.518,2.000
3.598,-6.527,2.000
3.616,-6.500,2.000
3.636,-6.476,2.000
3.676,-6.487,2.000
3.696,-6.463,2.000
3.718,-6.442,2.000
3.879,-6.661,2.000
3.776,-6.426,2.000
3.782,-6.378,2.000
3.826,-6.396,2.000
3.978,-6.590,2.000
3.841,-6.308,2.000
3.897,-6.344,2.000
3.896,-6.287,2.000
4.046,-6.470,2.000
4.048,-6.418,2.000
3.974,-6.247,2.000
3.995,-6.225,2.000
3.998,-6.177,2.000
4.012,-6.145,2.000
4.041,-6.136,2.000
4.200,-6.324,2.000
4.084,-6.098,2.000
4.076,-6.033,2.000
4.128,-6.059,2.000
4.147,-6.036,2.000
4.149,-5.988,2.000
4.321,-6.185,2.000
4.191,-5.949,2.000
4.217,-5.936,2.000
4.238,-5.916,2.000
4.275,-5.918,2.000
4.254,-5.841,2.000
4.344,-5.916,2.000
4.304,-5.814,2.000
4.496,-6.023,2.000
4.352,-5.783,2.000
4.516,-5.952,2.000
4.385,-5.733,2.000
4.418,-5.728,2.000
4.435,-5.704,2.000
4.625,-5.901,2.000
4.588,-5.806,2.000
4.505,-5.655,2.000
4.537,-5.649,2.000
4.549,-5.619,2.000
4.752,-5.823,2.000
4.595,-5.586,2.000
4.620,-5.571,2.000
4.639,-5.550,2.000
4.833,-5.736,2.000
4.685,-5.517,2.000
4.714,-5.507,2.000
4.723,-5.474,2.000
4.745,-5.455,2.000
4.938,-5.632,2.000
4.962,-5.615,2.000
4.806,-5.396,2.000
4.991,-5.560,2.000
4.845,-5.355,2.000
4.877,-5.348,2.000
4.893,-5.323,2.000
4.878,-5.265,2.000
5.122,-5.485,2.000
4.928,-5.235,2.000
4.945,-5.213,2.000
4.952,-5.179,2.000
4.992,-5.180,2.000
5.193,-5.346,2.000
5.018,-5.126,2.000
5.047,-5.115,2.000
5.018,-5.046,2.000
5.255,-5.243,2.000
5.115,-5.064,2.000
5.083,-4.993,2.000
5.103,-4.973,2.000
5.125,-4.955,2.000
5.130,-4.921,2.000
5.167,-4.918,2.000
5.285,-4.991,2.000
5.196,-4.869,2.000
5.403,-5.023,2.000
5.241,-4.833,2.000
5.274,-4.826,2.000
5.474,-4.969,2.000
5.487,-4.942,2.000
5.307,-4.742,2.000
5.529,-4.902,2.000
5.344,-4.700,2.000
5.390,-4.703,2.000
5.387,-4.664,2.000
5.402,-4.640,2.000
5.426,-4.624,2.000
5.457,-4.613,2.000
5.453,-4.573,2.000
5.692,-4.735,2.000
5.492,-4.533,2.000
5.500,-4.503,2.000
5.527,-4.489,2.000
5.554,-4.475,2.000
5.569,-4.451,2.000
5.799,-4.598,2.000
5.610,-4.412,2.000
5.627,-4.390,2.000
5.783,-4.475,2.000
5.649,-4.336,2.000
5.669,-4.316,2.000
5.679,-4.289,2.000
5.908,-4.425,2.000
5.946,-4.418,2.000
5.723,-4.217,2.000
5.749,-4.201,2.000
5.769,-4.181,2.000
6.006,-4.317,2.000
5.798,-4.133,2.000
5.821,-4.115,2.000
5.844,-4.097,2.000
5.867,-4.079,2.000
5.866,-4.044,2.000
5.875,-4.017,2.000
6.072,-4.116,2.000
5.917,-3.977,2.000
6.148,-4.098,2.000
5.944,-3.928,2.000
5.949,-3.898,2.000
6.196,-4.025,2.000
6.225,-4.009,2.000
6.015,-3.841,2.000
6.020,-3.811,2.000
6.035,-3.787,2.000
6.040,-3.757,2.000
6.276,-3.870,2.000
6.128,-3.745,2.000
6.153,-3.727,2.000
6.150,-3.693,2.000
6.388,-3.802,2.000
6.179,-3.645,2.000
6.207,-3.628,2.000
6.204,-3.594,2.000
6.242,-3.583,2.000
6.242,-3.551,2.000
6.246,-3.521,2.000
6.491,-3.625,2.000
6.298,-3.485,2.000
6.525,-3.577,2.000
6.307,-3.426,2.000
6.602,-3.553,2.000
6.613,-3.525,2.000
6.627,-3.499,2.000
6.410,-3.352,2.000
6.427,-3.329,2.000
6.436,-3.302,2.000
6.445,-3.275,2.000
6.694,-3.368,2.000
6.711,-3.343,2.000
6.480,-3.197,2.000
6.532,-3.190,2.000
6.555,-3.170,2.000
6.795,-3.253,2.000
6.586,-3.122,2.000
6.595,-3.094,2.000
6.600,-3.065,2.000
6.865,-3.155,2.000
6.628,-3.015,2.000
6.618,-2.979,2.000
6.651,-2.962,2.000
6.911,-3.046,2.000
6.926,-3.020,2.000
6.689,-2.885,2.000
6.913,-2.950,2.000
6.708,-2.831,2.000
6.966,-2.908,2.000
6.712,-2.771,2.000
6.748,-2.755,2.000
6.748,-2.724,2.000
6.994,-2.791,2.000
6.995,-2.760,2.000
6.790,-2.649,2.000
6.790,-2.618,2.000
6.804,-2.592,2.000
6.818,-2.567,2.000
7.044,-2.621,2.000
6.793,-2.497,2.000
6.862,-2.492,2.000
6.857,-2.460,2.000
7.136,-2.528,2.000
6.869,-2.403,2.000
7.135,-2.465,2.000
7.138,-2.434,2.000
6.919,-2.329,2.000
6.957,-2.312,2.000
6.981,-2.290,2.000
7.216,-2.335,2.000
6.999,-2.235,2.000
7.058,-2.223,2.000
7.063,-2.194,2.000
7.303,-2.237,2.000
7.271,-2.196,2.000
7.168,-2.134,2.000
7.162,-2.102,2.000
7.149,-2.068,2.000
7.160,-2.041,2.000
7.211,-2.025,2.000
7.436,-2.056,2.000
7.216,-1.965,2.000
7.235,-1.940,2.000
7.302,-1.927,2.000
7.296,-1.895,2.000
7.488,-1.913,2.000
7.617,-1.914,2.000
7.377,-1.823,2.000
7.391,-1.796,2.000
7.415,-1.771,2.000
7.391,-1.735,2.000
7.608,-1.754,2.000
7.657,-1.734,2.000
7.456,-1.657,2.000
7.680,-1.676,2.000
7.483,-1.602,2.000
7.732,-1.623,2.000
7.492,-1.542,2.000
7.686,-1.551,2.000
7.490,-1.481,2.000
7.533,-1.459,2.000
7.567,-1.434,2.000
7.565,-1.403,2.000
7.557,-1.371,2.000
7.792,-1.382,2.000
7.829,-1.357,2.000
7.583,-1.284,2.000
7.820,-1.292,2.000
7.617,-1.228,2.000
7.652,-1.203,2.000
7.612,-1.166,2.000
7.682,-1.146,2.000
7.904,-1.147,2.000
7.667,-1.082,2.000
7.849,-1.076,2.000
7.678,-1.022,2.000
7.918,-1.022,2.000
7.683,-0.961,2.000
7.813,-0.947,2.000
7.952,-0.932,2.000
7.761,-0.878,2.000
7.754,-0.847,2.000
7.751,-0.816,2.000
7.981,-0.808,2.000
7.750,-0.754,2.000
7.767,-0.725,2.000
7.739,-0.692,2.000
8.006,-0.684,2.000
7.781,-0.634,2.000
7.791,-0.604,2.000
7.943,-0.584,2.000
7.946,-0.553,2.000
7.814,-0.513,2.000
8.075,-0.498,2.000
7.893,-0.456,2.000
7.843,-0.422,2.000
7.851,-0.392,2.000
7.852,-0.361,2.000
8.062,-0.339,2.000
7.852,-0.299,2.000
8.058,-0.275,2.000
7.850,-0.237,2.000
8.109,-0.213,2.000
7.908,-0.177,2.000
7.882,-0.145,2.000
7.899,-0.115,2.000
8.191,-0.087,2.000
8.100,-0.054,2.000
7.877,-0.022,2.000
7.864,0.009,2.500
7.952,0.041,2.500
8.139,0.074,2.500
8.190,0.106,2.500
7.954,0.134,2.500
7.960,0.166,2.500
8.010,0.198,2.500
8.214,0.236,2.500
8.199,0.267,2.500
7.998,0.292,2.500
7.981,0.323,2.500
8.222,0.365,2.500
7.981,0.386,2.500
8.043,0.421,2.500
8.031,0.452,2.500
8.026,0.483,2.500
8.015,0.514,2.500
8.075,0.550,2.500
8.246,0.594,2.500
8.055,0.612,2.500
8.056,0.644,2.500
8.038,0.674,2.500
8.297,0.729,2.500
8.075,0.741,2.500
8.091,0.775,2.500
8.084,0.806,2.500
8.278,0.858,2.500
8.317,0.895,2.500
8.120,0.906,2.500
8.122,0.939,2.500
8.115,0.970,2.500
8.305,1.026,2.500
8.119,1.036,2.500
8.145,1.071,2.500
8.132,1.102,2.500
8.319,1.161,2.500
8.140,1.169,2.500
8.153,1.203,2.500
8.356,1.267,2.500
8.138,1.266,2.500
8.244,1.316,2.500
8.179,1.339,2.500
8.168,1.370,2.500
8.169,1.403,2.500
8.281,1.455,2.500
8.375,1.506,2.500
8.188,1.506,2.500
8.205,1.542,2.500
8.213,1.577,2.500
8.395,1.646,2.500
8.197,1.641,2.500
8.371,1.710,2.500
8.223,1.713,2.500
8.401,1.785,2.500
8.212,1.778,2.500
8.248,1.820,2.500
8.418,1.892,2.500
8.231,1.884,2.500
8.223,1.916,2.500
8.194,1.944,2.500
8.256,1.993,2.500
8.248,2.025,2.500
8.388,2.094,2.500
8.258,2.096,2.500
8.244,2.127,2.500
8.451,2.216,2.500
8.256,2.200,2.500
8.255,2.234,2.500
8.284,2.277,2.500
8.430,2.353,2.500
8.456,2.396,2.500
8.299,2.387,2.500
8.297,2.421,2.500
8.275,2.450,2.500
8.293,2.491,2.500
8.283,2.524,2.500
8.409,2.598,2.500
8.304,2.601,2.500
8.303,2.637,2.500
8.315,2.677,2.500
8.456,2.759,2.500
8.400,2.777,2.500
8.322,2.788,2.500
8.311,2.820,2.500
8.319,2.859,2.500
8.314,2.894,2.500
8.344,2.942,2.500
8.467,3.022,2.500
8.314,3.005,2.500
8.318,3.043,2.500
8.321,3.081,2.500
8.311,3.115,2.500
8.312,3.153,2.500
8.264,3.172,2.500
8.448,3.280,2.500
8.286,3.255,2.500
8.422,3.346,2.500
8.284,3.329,2.500
8.277,3.364,2.500
8.292,3.408,2.500
8.445,3.510,2.500
8.457,3.554,2.500
8.301,3.527,2.500
8.331,3.578,2.500
8.308,3.607,2.500
8.477,3.720,2.500
8.322,3.691,2.500
8.347,3.742,2.500
8.330,3.774,2.500
8.323,3.810,2.500
8.320,3.848,2.500
8.320,3.888,2.500
8.425,3.977,2.500
8.327,3.971,2.500
8.424,4.058,2.500
8.309,4.043,2.500
8.334,4.095,2.500
8.345,4.142,2.500
8.440,4.230,2.500
8.336,4.219,2.500
8.319,4.251,2.500
8.320,4.293,2.500
8.303,4.326,2.500
8.314,4.373,2.500
8.295,4.405,2.500
8.298,4.448,2.500
8.428,4.561,2.500
8.282,4.524,2.500
8.300,4.576,2.500
8.277,4.606,2.500
8.263,4.641,2.500
8.239,4.670,2.500
8.338,4.770,2.500
8.199,4.733,2.500
8.182,4.766,2.500
8.162,4.797,2.500
8.146,4.831,2.500
8.215,4.916,2.500
8.088,4.883,2.500
8.192,4.989,2.500
8.025,4.931,2.500
8.004,4.962,2.500
7.983,4.992,2.500
8.070,5.091,2.500
8.047,5.121,2.500
7.930,5.090,2.500
7.903,5.117,2.500
7.883,5.148,2.500
7.863,5.179,2.500
7.941,5.275,2.500
7.907,5.298,2.500
7.790,5.263,2.500
7.863,5.357,2.500
7.732,5.313,2.500
7.694,5.331,2.500
7.674,5.363,2.500
7.652,5.391,2.500
7.739,5.499,2.500
7.611,5.453,2.500
7.694,5.558,2.500
7.652,5.574,2.500
7.522,5.524,2.500
7.481,5.539,2.500
7.560,5.644,2.500
7.530,5.668,2.500
7.392,5.610,2.500
7.485,5.727,2.500
7.341,5.662,2.500
7.300,5.676,2.500
7.274,5.702,2.500
7.373,5.827,2.500
7.235,5.764,2.500
7.214,5.794,2.500
7.278,5.892,2.500
7.136,5.824,2.500
7.209,5.930,2.500
7.071,5.864,2.500
7.072,5.912,2.500
7.000,5.898,2.500
6.970,5.920,2.500
6.960,5.959,2.500
6.916,5.968,2.500
6.999,6.087,2.500
6.971,6.112,2.500
6.846,6.050,2.500
6.823,6.077,2.500
6.800,6.105,2.500
6.746,6.104,2.500
6.781,6.184,2.500
6.702,6.161,2.500
6.825,6.324,2.500
6.753,6.307,2.500
6.620,6.231,2.500
6.597,6.258,2.500
6.555,6.267,2.500
6.525,6.288,2.500
6.604,6.415,2.500
6.563,6.424,2.500
6.522,6.435,2.500
6.501,6.465,2.500
6.390,6.404,2.500
6.383,6.448,2.500
6.320,6.435,2.500
6.381,6.548,2.500
6.257,6.471,2.500
6.343,6.612,2.500
6.174,6.487,2.500
6.158,6.521,2.500
6.131,6.544,2.500
6.210,6.681,2.500
6.075,6.587,2.500
6.032,6.592,2.500
6.007,6.617,2.500
6.080,6.750,2.500
5.955,6.664,2.500
5.901,6.656,2.500
5.997,6.818,2.500
5.847,6.700,2.500
5.828,6.732,2.500
5.800,6.753,2.500
5.774,6.776,2.500
5.744,6.795,2.500
5.821,6.940,2.500
5.776,6.942,2.500
5.649,6.843,2.500
5.717,6.982,2.500
5.598,6.891,2.500
5.571,6.913,2.500
5.622,7.033,2.500
5.491,6.925,2.500
5.489,6.978,2.500
5.432,6.962,2.500
5.477,7.077,2.500
5.361,6.983,2.500
5.435,7.138,2.500
5.305,7.023,2.500
5.376,7.177,2.500
5.251,7.067,2.500
5.256,7.132,2.500
5.176,7.082,2.500
5.150,7.104,2.500
5.110,7.108,2.500
5.192,7.283,2.500
5.039,7.126,2.500
5.021,7.160,2.500
4.988,7.173,2.500
5.097,7.392,2.500
4.937,7.221,2.500
4.903,7.232,2.500
4.875,7.251,2.500
4.942,7.413,2.500
4.818,7.289,2.500
4.881,7.447,2.500
4.846,7.459,2.500
4.732,7.345,2.500
4.727,7.401,2.500
4.665,7.367,2.500
4.662,7.428,2.500
4.650,7.473,2.500
4.672,7.575,2.500
4.550,7.442,2.500
4.526,7.468,2.500
4.503,7.496,2.500
4.557,7.655,2.500
4.422,7.495,2.500
4.398,7.521,2.500
4.362,7.527,2.500
4.332,7.544,2.500
4.306,7.568,2.500
4.358,7.730,2.500
4.243,7.595,2.500
4.221,7.625,2.500
4.176,7.614,2.500
4.253,7.828,2.500
4.202,7.807,2.500
4.110,7.708,2.500
4.082,7.728,2.500
4.123,7.882,2.500
4.021,7.760,2.500
3.992,7.778,2.500
3.958,7.787,2.500
4.011,7.968,2.500
3.949,7.923,2.500
3.876,7.853,2.500
3.918,8.017,2.500
3.818,7.892,2.500
3.801,7.936,2.500
3.757,7.924,2.500
3.798,8.092,2.500
3.764,8.103,2.500
3.664,7.968,2.500
3.630,7.977,2.500
3.664,8.136,2.500
3.646,8.182,2.500
3.552,8.056,2.500
3.524,8.078,2.500
3.488,8.083,2.500
3.466,8.119,2.500
3.424,8.108,2.500
3.378,8.087,2.500
3.412,8.260,2.500
3.318,8.123,2.500
3.284,8.131,2.500
3.311,8.291,2.500
3.221,8.159,2.500
3.203,8.206,2.500
3.206,8.312,2.500
3.124,8.194,2.500
3.093,8.209,2.500
3.049,8.191,2.500
3.015,8.198,2.500
3.031,8.340,2.500
2.940,8.190,2.500
2.904,8.190,2.500
2.874,8.208,2.500
2.892,8.364,2.500
2.809,8.231,2.500
2.785,8.266,2.500
2.757,8.291,2.500
2.738,8.342,2.500
2.751,8.493,2.500
2.677,8.377,2.500
2.656,8.427,2.500
2.635,8.474,2.500
2.657,8.664,2.500
2.585,8.550,2.500
2.561,8.594,2.500
2.581,8.787,2.500
2.514,8.683,2.500
2.485,8.712,2.500
2.493,8.870,2.500
2.429,8.776,2.500
2.395,8.786,2.500
2.406,8.964,2.500
2.331,8.823,2.500
2.340,9.003,2.500
2.269,8.870,2.500
2.271,9.025,2.500
2.203,8.902,2.500
2.199,9.038,2.500
2.167,9.061,2.500
2.101,8.942,2.500
2.057,8.913,2.500
2.020,8.908,2.500
1.985,8.918,2.500
1.981,9.066,2.500
1.913,8.923,2.500
1.909,9.081,2.500
1.844,8.944,2.500
1.809,8.951,2.500
1.774,8.958,2.500
1.768,9.116,2.500
1.729,9.107,2.500
1.669,8.983,2.500
1.634,8.989,2.500
1.602,9.017,2.500
1.593,9.173,2.500
1.532,9.033,2.500
1.520,9.183,2.500
1.484,9.191,2.500
1.425,9.051,2.500
1.387,9.039,2.500
1.376,9.208,2.500
1.319,9.067,2.500
1.283,9.074,2.500
1.247,9.075,2.500
1.224,9.176,2.500
1.177,9.095,2.500
1.140,9.087,2.500
1.122,9.234,2.500
1.068,9.089,2.500
1.049,9.239,2.500
0.997,9.104,2.500
0.963,9.124,2.500
0.927,9.122,2.500
0.893,9.147,2.500
0.870,9.290,2.500
0.822,9.160,2.500
0.786,9.163,2.500
0.749,9.159,2.500
0.721,9.256,2.500
0.677,9.163,2.500
0.643,9.197,2.500
0.606,9.183,2.500
0.580,9.336,2.500
0.535,9.210,2.500
0.500,9.225,2.500
0.471,9.378,2.500
0.434,9.362,2.500
0.394,9.286,2.500
0.355,9.242,2.500
0.324,9.370,2.500
0.284,9.267,2.500
0.251,9.412,2.500
0.211,9.281,2.500
0.177,9.410,2.500
0.138,9.266,2.500
0.102,9.308,2.500
0.066,9.312,2.500
0.029,9.459,2.500
-0.008,9.475,2.500
-0.044,9.332,2.500
-0.081,9.336,2.500
-0.119,9.472,2.500
-0.154,9.337,2.500
-0.190,9.302,2.500
-0.227,9.305,2.500
-0.263,9.312,2.500
-0.299,9.275,2.500
-0.340,9.403,2.500
-0.376,9.380,2.500
-0.406,9.215,2.500
-0.442,9.211,2.500
-0.475,9.148,2.500
-0.516,9.249,2.500
-0.543,9.083,2.500
-0.588,9.228,2.500
-0.609,9.003,2.500
-0.639,8.930,2.500
-0.687,9.102,2.500
-0.708,8.907,2.500
-0.741,8.876,2.500
-0.769,8.804,2.500
-0.816,8.937,2.500
-0.848,8.894,2.500
-0.864,8.702,2.500
-0.908,8.793,2.500
-0.929,8.663,2.500
-0.958,8.621,2.500
-0.991,8.607,2.500
-1.036,8.698,2.500
-1.057,8.584,2.500
-1.084,8.531,2.500
-1.119,8.537,2.500
-1.166,8.631,2.500
-1.174,8.441,2.500
-1.208,8.439,2.500
-1.234,8.392,2.500
-1.272,8.416,2.500
-1.295,8.347,2.500
-1.327,8.336,2.500
-1.387,8.500,2.500
-1.387,8.295,2.500
-1.449,8.463,2.500
-1.451,8.276,2.500
-1.478,8.240,2.500
-1.509,8.228,2.500
-1.575,8.403,2.500
-1.602,8.365,2.500
-1.633,8.348,2.500
-1.622,8.122,2.500
-1.686,8.276,2.500
-1.678,8.075,2.500
-1.703,8.036,2.500
-1.732,8.018,2.500
-1.807,8.208,2.500
-1.826,8.143,2.500
-1.817,7.956,2.500
-1.886,8.109,2.500
-1.880,7.942,2.500
-1.902,7.896,2.500
-1.932,7.885,2.500
-1.968,7.898,2.500
-1.978,7.810,2.500
-2.017,7.832,2.500
-2.044,7.812,2.500
-2.069,7.780,2.500
-2.097,7.763,2.500
-2.182,7.953,2.500
-2.148,7.713,2.500
-2.173,7.683,2.500
-2.262,7.882,2.500
-2.227,7.647,2.500
-2.272,7.687,2.500
-2.282,7.611,2.500
-2.365,7.776,2.500
-2.325,7.540,2.500
-2.355,7.531,2.500
-2.450,7.730,2.500
-2.414,7.512,2.500
-2.500,7.675,2.500
-2.458,7.449,2.500
-2.483,7.427,2.500
-2.568,7.580,2.500
-2.531,7.375,2.500
-2.606,7.499,2.500
-2.573,7.310,2.500
-2.610,7.326,2.500
-2.631,7.293,2.500
-2.719,7.445,2.500
-2.670,7.223,2.500
-2.697,7.210,2.500
-2.745,7.251,2.500
-2.753,7.185,2.500
-2.771,7.148,2.500
-2.787,7.108,2.500
-2.906,7.325,2.500
-2.826,7.043,2.500
-2.948,7.265,2.500
-2.973,7.244,2.500
-2.910,7.012,2.500
-2.916,6.951,2.500
-3.046,7.181,2.500
-2.956,6.894,2.500
-2.975,6.862,2.500
-3.113,7.104,2.500
-3.040,6.865,2.500
-3.041,6.796,2.500
-3.071,6.791,2.500
-3.095,6.772,2.500
-3.226,6.985,2.500
-3.143,6.737,2.500
-3.276,6.950,2.500
-3.285,6.900,2.500
-3.201,6.655,2.500
-3.245,6.680,2.500
-3.258,6.640,2.500
-3.277,6.614,2.500
-3.398,6.789,2.500
-3.333,6.595,2.500
-3.364,6.592,2.500
-3.384,6.568,2.500
-3.391,6.518,2.500
-3.438,6.545,2.500
-3.567,6.726,2.500
-3.460,6.464,2.500
-3.491,6.460,2.500
-3.511,6.436,2.500
-3.670,6.666,2.500
-3.567,6.419,2.500
-3.708,6.612,2.500
-3.590,6.343,2.500
-3.623,6.343,2.500
-3.638,6.311,2.500
-3.797,6.528,2.500
-3.800,6.476,2.500
-3.684,6.221,2.500
-3.712,6.213,2.500
-3.869,6.418,2.500
-3.757,6.177,2.500
-3.754,6.118,2.500
-3.921,6.334,2.500
-3.804,6.092,2.500
-3.966,6.297,2.500
-3.849,6.058,2.500
-3.875,6.046,2.500
-3.892,6.021,2.500
-4.081,6.258,2.500
-3.948,6.004,2.500
-4.126,6.220,2.500
-4.146,6.198,2.500
-4.014,5.950,2.500
-4.035,5.931,2.500
-4.059,5.915,2.500
-4.241,6.129,2.500
-4.135,5.926,2.500
-4.314,6.132,2.500
-4.330,6.103,2.500
-4.369,6.107,2.500
-4.237,5.873,2.500
-4.255,5.850,2.500
-4.276,5.830,2.500
-4.317,5.838,2.500
-4.324,5.799,2.500
-4.514,6.005,2.500
-4.335,5.721,2.500
-4.399,5.757,2.500
-4.397,5.709,2.500
-4.439,5.716,2.500
-4.454,5.690,2.500
-4.466,5.660,2.500
-4.464,5.611,2.500
-4.654,5.802,2.500
-4.676,5.784,2.500
-4.532,5.561,2.500
-4.564,5.555,2.500
-4.575,5.525,2.500
-4.774,5.719,2.500
-4.619,5.489,2.500
-4.866,5.737,2.500
-4.659,5.449,2.500
-4.691,5.443,2.500
-4.710,5.422,2.500
-4.728,5.400,2.500
-4.747,5.379,2.500
-4.906,5.515,2.500
-4.960,5.532,2.500
-4.810,5.322,2.500
-4.836,5.309,2.500
-5.030,5.479,2.500
-4.869,5.262,2.500
-4.901,5.255,2.500
-5.107,5.433,2.500
-4.934,5.208,2.500
-4.954,5.188,2.500
-4.980,5.175,2.500
-5.181,5.342,2.500
-5.015,5.130,2.500
-5.228,5.306,2.500
-5.063,5.099,2.500
-5.040,5.036,2.500
-5.057,5.013,2.500
-5.091,5.007,2.500
-5.091,4.967,2.500
-5.128,4.964,2.500
-5.079,4.879,2.500
-5.304,5.055,2.500
-5.215,4.932,2.500
-5.148,4.830,2.500
-5.361,4.990,2.500
-5.143,4.749,2.500
-5.174,4.741,2.500
-5.183,4.712,2.500
-5.415,4.884,2.500
-5.204,4.657,2.500
-5.238,4.650,2.500
-5.247,4.621,2.500
-5.284,4.617,2.500
-5.426,4.704,2.500
-5.517,4.745,2.500
-5.325,4.544,2.500
-5.391,4.564,2.500
-5.402,4.537,2.500
-5.442,4.534,2.500
-5.438,4.495,2.500
-5.690,4.666,2.500
-5.696,4.634,2.500
-5.551,4.479,2.500
-5.777,4.624,2.500
-5.561,4.415,2.500
-5.610,4.419,2.500
-5.831,4.556,2.500
-5.612,4.349,2.500
-5.636,4.332,2.500
-5.662,4.318,2.500
-5.908,4.469,2.500
-5.693,4.271,2.500
-5.943,4.422,2.500
-5.733,4.231,2.500
-5.756,4.213,2.500
-5.766,4.186,2.500
-6.009,4.326,2.500
-5.985,4.274,2.500
-5.815,4.117,2.500
-5.838,4.099,2.500
-5.837,4.065,2.500
-6.093,4.207,2.500
-6.087,4.168,2.500
-5.891,4.000,2.500
-5.937,3.997,2.500
-6.113,4.081,2.500
-5.883,3.894,2.500
-5.957,3.909,2.500
-5.968,3.884,2.500
-6.206,4.004,2.500
-6.013,3.846,2.500
-6.017,3.815,2.500
-6.029,3.790,2.500
-6.149,3.832,2.500
-6.051,3.738,2.500
-6.073,3.718,2.500
-6.133,3.722,2.500
-6.354,3.822,2.500
-6.127,3.653,2.500
-6.131,3.623,2.500
-6.373,3.732,2.500
-6.183,3.589,2.500
-6.180,3.554,2.500
-6.194,3.530,2.500
-6.208,3.506,2.500
-6.225,3.483,2.500
-6.228,3.453,2.500
-6.259,3.438,2.500
-6.255,3.404,2.500
-6.511,3.510,2.500
-6.278,3.353,2.500
-6.302,3.334,2.500
-6.304,3.303,2.500
-6.565,3.407,2.500
-6.340,3.259,2.500
-6.349,3.232,2.500
-6.355,3.204,2.500
-6.614,3.302,2.500
-6.383,3.156,2.500
-6.407,3.136,2.500
-6.415,3.109,2.500
-6.435,3.087,2.500
-6.698,3.181,2.500
-6.704,3.152,2.500
-6.518,3.034,2.500
-6.742,3.105,2.500
-6.524,2.974,2.500
-6.550,2.955,2.500
-6.543,2.921,2.500
-6.617,2.923,2.500
-6.809,2.976,2.500
-6.596,2.852,2.500
-6.658,2.848,2.500
-6.607,2.795,2.500
-6.933,2.901,2.500
-6.680,2.765,2.500
-6.702,2.743,2.500
-6.922,2.801,2.500
-6.720,2.689,2.500
-6.825,2.700,2.500
-6.733,2.633,2.500
-6.755,2.611,2.500
-6.742,2.576,2.500
-7.014,2.648,2.500
-6.766,2.524,2.500
-6.787,2.502,2.500
-6.786,2.471,2.500
-6.818,2.452,2.500
-6.824,2.424,2.500
-7.126,2.500,2.500
-6.902,2.391,2.500
-6.889,2.356,2.500
-7.169,2.421,2.500
-6.915,2.305,2.500
-6.968,2.292,2.500
-7.241,2.351,2.500
-6.993,2.240,2.500
-7.293,2.304,2.500
-7.296,2.274,2.500
-7.120,2.188,2.500
-7.367,2.233,2.500
-7.159,2.139,2.500
-7.199,2.120,2.500
-7.197,2.089,2.500
-7.487,2.141,2.500
-7.259,2.045,2.500
-7.291,2.023,2.500
-7.285,1.991,2.500
-7.578,2.039,2.500
-7.363,1.950,2.500
-7.357,1.918,2.500
-7.361,1.888,2.500
-7.413,1.870,2.500
-7.434,1.845,2.500
-7.438,1.815,2.500
-7.692,1.845,2.500
-7.455,1.757,2.500
-7.482,1.732,2.500
-7.451,1.695,2.500
-7.423,1.658,2.500
-7.573,1.660,2.500
-7.450,1.602,2.500
-7.556,1.594,2.500
-7.441,1.539,2.500
-7.440,1.509,2.500
-7.471,1.484,2.500
-7.466,1.453,2.500
-7.705,1.468,2.500
-7.463,1.392,2.500
-7.479,1.364,2.500
-7.481,1.334,2.500
-7.780,1.356,2.500
-7.491,1.275,2.500
-7.549,1.255,2.500
-7.801,1.265,2.500
-7.565,1.197,2.500
-7.556,1.165,2.500
-7.571,1.137,2.500
-7.849,1.147,2.500
-7.618,1.083,2.500
-7.845,1.084,2.500
-7.640,1.025,2.500
-7.640,0.994,2.500
-7.648,0.965,2.500
-7.916,0.967,2.500
-7.894,0.933,2.500
-7.706,0.880,2.500
-7.927,0.874,2.500
-7.747,0.823,2.500
-7.770,0.795,2.500
-7.760,0.763,2.500
-7.766,0.733,2.500
-7.786,0.704,2.500
-7.782,0.673,2.500
-7.998,0.660,2.500
-7.988,0.627,2.500
-7.772,0.580,2.500
-7.771,0.549,2.500
-7.873,0.525,2.500
-8.047,0.505,2.500
-7.847,0.461,2.500
-8.057,0.442,2.500
-7.834,0.399,2.500
-7.839,0.368,2.500
-7.883,0.339,2.500
-8.103,0.317,2.500
-7.879,0.277,2.500
-7.883,0.247,2.500
-7.877,0.215,2.500
-7.898,0.185,2.500
-7.892,0.154,2.500
-8.163,0.127,2.500
-7.935,0.092,2.500
-8.124,0.063,2.500
-7.958,0.030,2.500
-7.952,-0.001,2.500
-8.013,-0.033,2.500
-8.206,-0.066,2.500
-8.006,-0.095,2.500
-8.166,-0.129,2.500
-8.222,-0.163,2.500
-8.004,-0.190,2.500
-8.218,-0.227,2.500
-7.990,-0.252,2.500
-7.979,-0.283,2.500
-8.032,-0.317,2.500
-8.046,-0.349,2.500
-8.019,-0.379,2.500
-8.242,-0.422,2.500
-8.029,-0.443,2.500
-8.224,-0.486,2.500
-8.199,-0.517,2.500
-7.985,-0.535,2.500
-7.974,-0.565,2.500
-7.990,-0.598,2.500
-8.195,-0.646,2.500
-7.966,-0.659,2.500
-7.967,-0.691,2.500
-8.152,-0.739,2.500
-8.208,-0.777,2.500
-7.993,-0.788,2.500
-7.996,-0.820,2.500
-8.014,-0.854,2.500
-7.999,-0.884,2.500
-8.001,-0.916,2.500
-8.251,-0.977,2.500
-8.015,-0.981,2.500
-8.018,-1.014,2.500
-8.259,-1.077,2.500
-8.082,-1.086,2.500
-8.090,-1.120,2.500
-8.118,-1.156,2.500
-8.297,-1.215,2.500
-8.156,-1.227,2.500
-8.356,-1.290,2.500
-8.383,-1.328,2.500
-8.204,-1.333,2.500
-8.396,-1.398,2.500
-8.252,-1.407,2.500
-8.249,-1.440,2.500
-8.279,-1.479,2.500
-8.295,-1.516,2.500
-8.458,-1.580,2.500
-8.332,-1.590,2.500
-8.328,-1.623,2.500
-8.311,-1.654,2.500
-8.533,-1.733,2.500
-8.337,-1.727,2.500
-8.512,-1.798,2.500
-8.541,-1.839,2.500
-8.343,-1.831,2.500
-8.354,-1.868,2.500
-8.382,-1.909,2.500
-8.385,-1.944,2.500
-8.369,-1.975,2.500
-8.537,-2.050,2.500
-8.389,-2.049,2.500
-8.383,-2.083,2.500
-8.403,-2.123,2.500
-8.572,-2.201,2.500
-8.423,-2.198,2.500
-8.411,-2.231,2.500
-8.605,-2.318,2.500
-8.427,-2.306,2.500
-8.459,-2.350,2.500
-8.602,-2.426,2.500
-8.440,-2.416,2.500
-8.471,-2.461,2.500
-8.449,-2.491,2.500
-8.463,-2.531,2.500
-8.462,-2.567,2.500
-8.636,-2.657,2.500
-8.466,-2.641,2.500
-8.476,-2.681,2.500
-8.632,-2.767,2.500
-8.491,-2.759,2.500
-8.487,-2.794,2.500
-8.500,-2.836,2.500
-8.649,-2.923,2.500
-8.514,-2.915,2.500
-8.655,-3.001,2.500
-8.487,-2.980,2.500
-8.483,-3.017,2.500
-8.499,-3.060,2.500
-8.498,-3.097,2.500
-8.483,-3.130,2.500
-8.465,-3.160,2.500
-8.585,-3.244,2.500
-8.421,-3.220,2.500
-8.433,-3.262,2.500
-8.560,-3.350,2.500
-8.390,-3.322,2.500
-8.415,-3.370,2.500
-8.385,-3.396,2.500
-8.514,-3.487,2.500
-8.370,-3.467,2.500
-8.399,-3.518,2.500
-8.371,-3.545,2.500
-8.497,-3.637,2.500
-8.339,-3.608,2.500
-8.477,-3.708,2.500
-8.467,-3.743,2.500
-8.332,-3.722,2.500
-8.347,-3.768,2.500
-8.463,-3.861,2.500
-8.348,-3.848,2.500
-8.340,-3.884,2.500
-8.479,-3.989,2.500
-8.344,-3.966,2.500
-8.343,-4.006,2.500
-8.346,-4.047,2.500
-8.485,-4.156,2.500
-8.368,-4.140,2.500
-8.472,-4.233,2.500
-8.353,-4.214,2.500
-8.342,-4.250,2.500
-8.450,-4.347,2.500
-8.338,-4.331,2.500
-8.340,-4.373,2.500
-8.319,-4.404,2.500
-8.450,-4.516,2.500
-8.324,-4.490,2.500
-8.318,-4.529,2.500
-8.321,-4.574,2.500
-8.303,-4.607,2.500
-8.396,-4.701,2.500
-8.264,-4.670,2.500
-8.346,-4.760,2.500
-8.350,-4.806,2.500
-8.215,-4.770,2.500
-8.192,-4.801,2.500
-8.266,-4.887,2.500
-8.256,-4.925,2.500
-8.114,-4.884,2.500
-8.206,-4.983,2.500
-8.079,-4.950,2.500
-8.050,-4.975,2.500
-8.033,-5.009,2.500
-8.125,-5.111,2.500
-8.103,-5.141,2.500
-8.003,-5.122,2.500
-7.979,-5.151,2.500
-8.077,-5.259,2.500
-8.044,-5.283,2.500
-7.918,-5.245,2.500
-7.900,-5.278,2.500
-7.961,-5.363,2.500
-7.835,-5.324,2.500
-7.816,-5.355,2.500
-7.792,-5.384,2.500
-7.878,-5.490,2.500
-7.842,-5.510,2.500
-7.711,-5.463,2.500
-7.663,-5.474,2.500
-7.741,-5.576,2.500
-7.729,-5.614,2.500
-7.577,-5.549,2.500
-7.560,-5.582,2.500
-7.527,-5.604,2.500
-7.594,-5.700,2.500
-7.481,-5.662,2.500
-7.445,-5.680,2.500
-7.515,-5.780,2.500
-7.381,-5.724,2.500
-7.348,-5.744,2.500
-7.341,-5.785,2.500
-7.288,-5.790,2.500
-7.257,-5.812,2.500
-7.247,-5.851,2.500
-7.305,-5.946,2.500
-7.169,-5.882,2.500
-7.263,-6.007,2.500
-7.123,-5.938,2.500
-7.082,-5.951,2.500
-7.053,-5.974,2.500
-7.131,-6.088,2.500
-7.095,-6.106,2.500
-6.963,-6.040,2.500
-6.939,-6.067,2.500
-6.891,-6.074,2.500
-6.982,-6.202,2.500
-6.856,-6.139,2.500
-6.819,-6.154,2.500
-6.902,-6.278,2.500
-6.855,-6.285,2.500
-6.732,-6.221,2.500
-6.684,-6.226,2.500
-6.663,-6.255,2.500
-6.642,-6.284,2.500
-6.714,-6.403,2.500
-6.587,-6.331,2.500
-6.534,-6.330,2.500
-6.627,-6.470,2.500
-6.480,-6.376,2.500
-6.456,-6.403,2.500
-6.433,-6.430,2.500
-6.514,-6.563,2.500
-6.376,-6.474,2.500
-6.462,-6.614,2.500
-6.409,-6.610,2.500
-6.285,-6.534,2.500
-6.260,-6.559,2.500
-6.231,-6.580,2.500
-6.294,-6.700,2.500
-6.154,-6.603,2.500
-6.138,-6.637,2.500
-6.102,-6.651,2.500
-6.165,-6.772,2.500
-6.021,-6.667,2.500
-6.045,-6.746,2.500
-6.066,-6.823,2.500
-6.045,-6.854,2.500
-6.025,-6.886,2.500
-5.879,-6.771,2.500
-5.946,-6.903,2.500
-5.928,-6.938,2.500
-5.792,-6.833,2.500
-5.772,-6.863,2.500
-5.841,-7.001,2.500
-5.695,-6.881,2.500
-5.664,-6.898,2.500
-5.644,-6.929,2.500
-5.719,-7.078,2.500
-5.673,-7.078,2.500
-5.562,-6.995,2.500
-5.509,-6.984,2.500
-5.485,-7.011,2.500
-5.462,-7.038,2.500
-5.430,-7.054,2.500
-5.498,-7.201,2.500
-5.369,-7.089,2.500
-5.446,-7.249,2.500
-5.334,-7.159,2.500
-5.292,-7.161,2.500
-5.263,-7.180,2.500
-5.216,-7.176,2.500
-5.281,-7.325,2.500
-5.251,-7.344,2.500
-5.131,-7.237,2.500
-5.104,-7.259,2.500
-5.055,-7.249,2.500
-5.025,-7.267,2.500
-5.095,-7.429,2.500
-4.976,-7.318,2.500
-5.030,-7.460,2.500
-4.912,-7.347,2.500
-4.880,-7.362,2.500
-4.848,-7.375,2.500
-4.829,-7.410,2.500
-4.795,-7.421,2.500
-4.838,-7.553,2.500
-4.721,-7.434,2.500
-4.693,-7.455,2.500
-4.660,-7.467,2.500
-4.691,-7.583,2.500
-4.605,-7.509,2.500
-4.648,-7.647,2.500
-4.616,-7.661,2.500
-4.496,-7.529,2.500
-4.489,-7.585,2.500
-4.435,-7.562,2.500
-4.425,-7.614,2.500
-4.458,-7.740,2.500
-4.362,-7.642,2.500
-4.320,-7.637,2.500
-4.304,-7.680,2.500
-4.358,-7.848,2.500
-4.245,-7.716,2.500
-4.289,-7.869,2.500
-4.182,-7.744,2.500
-4.149,-7.756,2.500
-4.200,-7.926,2.500
-4.095,-7.802,2.500
-4.063,-7.816,2.500
-4.098,-7.958,2.500
-3.998,-7.841,2.500
-3.986,-7.893,2.500
-3.951,-7.900,2.500
-3.996,-8.071,2.500
-3.965,-8.086,2.500
-3.858,-7.948,2.500
-3.827,-7.963,2.500
-3.866,-8.126,2.500
-3.767,-7.998,2.500
-3.735,-8.012,2.500
-3.770,-8.171,2.500
-3.667,-8.030,2.500
-3.721,-8.234,2.500
-3.628,-8.113,2.500
-3.656,-8.262,2.500
-3.557,-8.124,2.500
-3.589,-8.287,2.500
-3.495,-8.156,2.500
-3.525,-8.317,2.500
-3.432,-8.186,2.500
-3.397,-8.193,2.500
-3.428,-8.360,2.500
-3.335,-8.226,2.500
-3.342,-8.336,2.500
-3.251,-8.202,2.500
-3.210,-8.193,2.500
-3.239,-8.364,2.500
-3.134,-8.188,2.500
-3.096,-8.184,2.500
-3.118,-8.341,2.500
-3.015,-8.163,2.500
-3.015,-8.264,2.500
-2.931,-8.131,2.500
-2.966,-8.330,2.500
-2.932,-8.340,2.500
-2.900,-8.353,2.500
-2.810,-8.198,2.500
-2.845,-8.408,2.500
-2.759,-8.259,2.500
-2.790,-8.461,2.500
-2.764,-8.496,2.500
-2.690,-8.380,2.500
-2.715,-8.573,2.500
-2.644,-8.463,2.500
-2.660,-8.633,2.500
-2.596,-8.545,2.500
-2.575,-8.599,2.500
-2.554,-8.650,2.500
-2.544,-8.744,2.500
-2.496,-8.707,2.500
-2.492,-8.821,2.500
-2.481,-8.916,2.500
-2.413,-8.808,2.500
-2.425,-8.987,2.500
-2.358,-8.878,2.500
-2.329,-8.910,2.500
-2.333,-9.069,2.500
-2.270,-8.970,2.500
-2.237,-8.989,2.500
-2.199,-8.988,2.500
-2.194,-9.120,2.500
-2.127,-8.999,2.500
-2.122,-9.139,2.500
-2.050,-8.987,2.500
-2.031,-9.069,2.500
-1.980,-9.007,2.500
-1.941,-8.996,2.500
-1.911,-9.028,2.500
-1.867,-8.996,2.500
-1.861,-9.145,2.500
-1.796,-9.009,2.500
-1.789,-9.159,2.500
-1.725,-9.022,2.500
-1.691,-9.037,2.500
-1.655,-9.038,2.500
-1.644,-9.182,2.500
-1.585,-9.055,2.500
-1.546,-9.044,2.500
-1.548,-9.275,2.500
-1.478,-9.073,2.500
-1.462,-9.201,2.500
-1.407,-9.090,2.500
-1.387,-9.194,2.500
-1.335,-9.091,2.500
-1.314,-9.201,2.500
-1.282,-9.240,2.500
-1.227,-9.106,2.500
-1.210,-9.248,2.500
-1.155,-9.104,2.500
-1.132,-9.212,2.500
-1.084,-9.124,2.500
-1.048,-9.128,2.500
-1.013,-9.134,2.500
-0.977,-9.140,2.500
-0.941,-9.140,2.500
-0.906,-9.158,2.500
-0.882,-9.278,2.500
-0.849,-9.324,2.500
-0.800,-9.181,2.500
-0.776,-9.330,2.500
-0.728,-9.189,2.500
-0.703,-9.336,2.500
-0.655,-9.190,2.500
-0.621,-9.224,2.500
-0.597,-9.421,2.500
-0.549,-9.230,2.500
-0.520,-9.368,2.500
-0.477,-9.253,2.500
-0.442,-9.267,2.500
-0.405,-9.254,2.500
-0.369,-9.262,2.500
-0.339,-9.438,2.500
-0.297,-9.299,2.500
-0.265,-9.446,2.500
-0.225,-9.348,2.500
-0.188,-9.306,2.500
-0.151,-9.309,2.500
-0.115,-9.340,2.500
-0.079,-9.467,2.500
-0.042,-9.469,2.500
-0.005,-9.338,2.500
0.032,-9.473,2.500
0.069,-9.366,2.500
0.107,-9.489,2.500
0.144,-9.483,2.500
0.179,-9.366,2.500
0.215,-9.332,2.500
0.252,-9.335,2.500
0.288,-9.334,2.500
0.330,-9.467,2.500
0.361,-9.313,2.500
0.403,-9.436,2.500
0.432,-9.265,2.500
0.469,-9.282,2.500
0.502,-9.208,2.500
0.543,-9.300,2.500
0.570,-9.134,2.500
0.615,-9.274,2.500
0.648,-9.222,2.500
0.673,-9.068,2.500
0.718,-9.183,2.500
0.736,-8.960,2.500
0.775,-9.011,2.500
0.798,-8.861,2.500
0.831,-8.844,2.500
0.865,-8.829,2.500
0.895,-8.780,2.500
0.927,-8.757,2.500
0.959,-8.729,2.500
0.985,-8.656,2.500
1.033,-8.775,2.500
1.043,-8.567,2.500
1.098,-8.730,2.500
1.099,-8.470,2.500
1.129,-8.442,2.500
1.185,-8.603,2.500
1.191,-8.406,2.500
1.243,-8.533,2.500
1.249,-8.340,2.500
1.306,-8.492,2.500
1.310,-8.302,2.500
1.371,-8.473,2.500
1.368,-8.250,2.500
1.426,-8.394,2.500
1.433,-8.239,2.500
1.459,-8.200,2.500
1.490,-8.185,2.500
1.558,-8.376,2.500
1.558,-8.196,2.500
1.580,-8.136,2.500
1.648,-8.312,2.500
1.644,-8.126,2.500
1.712,-8.293,2.500
1.703,-8.088,2.500
1.731,-8.064,2.500
1.799,-8.221,2.500
1.798,-8.067,2.500
1.827,-8.048,2.500
1.848,-7.995,2.500
1.924,-8.176,2.500
1.958,-8.179,2.500
1.942,-7.973,2.500
2.022,-8.161,2.500
2.041,-8.104,2.500
2.024,-7.903,2.500
2.048,-7.868,2.500
2.076,-7.852,2.500
2.102,-7.823,2.500
2.128,-7.799,2.500
2.198,-7.934,2.500
2.214,-7.870,2.500
2.265,-7.930,2.500
2.226,-7.681,2.500
2.315,-7.873,2.500
2.272,-7.614,2.500
2.350,-7.765,2.500
2.332,-7.599,2.500
2.412,-7.749,2.500
2.435,-7.716,2.500
2.398,-7.496,2.500
2.475,-7.634,2.500
2.443,-7.436,2.500
2.479,-7.446,2.500
2.491,-7.385,2.500
2.519,-7.372,2.500
2.632,-7.608,2.500
2.581,-7.365,2.500
2.605,-7.342,2.500
2.710,-7.544,2.500
2.639,-7.257,2.500
2.678,-7.276,2.500
2.703,-7.255,2.500
2.770,-7.346,2.500
2.848,-7.462,2.500
2.796,-7.242,2.500
2.905,-7.437,2.500
2.824,-7.146,2.500
2.936,-7.345,2.500
2.890,-7.150,2.500
2.916,-7.132,2.500
2.919,-7.062,2.500
3.038,-7.268,2.500
2.978,-7.045,2.500
3.092,-7.238,2.500
3.033,-7.022,2.500
3.042,-6.968,2.500
3.069,-6.956,2.500
3.102,-6.956,2.500
3.119,-6.921,2.500
3.142,-6.899,2.500
3.157,-6.861,2.500
3.184,-6.848,2.500
3.316,-7.060,2.500
3.200,-6.743,2.500
3.242,-6.764,2.500
3.265,-6.745,2.500
3.397,-6.946,2.500
3.300,-6.682,2.500
3.430,-6.876,2.500
3.361,-6.673,2.500
3.480,-6.843,2.500
3.401,-6.623,2.500
3.441,-6.636,2.500
3.441,-6.573,2.500
3.603,-6.818,2.500
3.622,-6.788,2.500
3.507,-6.512,2.500
3.652,-6.717,2.500
3.557,-6.481,2.500
3.589,-6.480,2.500
3.609,-6.456,2.500
3.646,-6.462,2.500
3.671,-6.447,2.500
3.709,-6.456,2.500
3.733,-6.438,2.500
3.760,-6.426,2.500
3.785,-6.411,2.500
3.954,-6.637,2.500
3.837,-6.385,2.500
3.989,-6.579,2.500
3.951,-6.458,2.500
3.910,-6.336,2.500
4.050,-6.505,2.500
3.970,-6.321,2.500
3.958,-6.248,2.500
4.003,-6.264,2.500
4.134,-6.414,2.500
4.023,-6.188,2.500
4.189,-6.387,2.500
4.063,-6.144,2.500
4.239,-6.354,2.500
4.094,-6.086,2.500
4.116,-6.067,2.500
4.281,-6.257,2.500
4.170,-6.044,2.500
4.190,-6.021,2.500
4.184,-5.963,2.500
4.283,-6.053,2.500
4.233,-5.934,2.500
4.229,-5.879,2.500
4.238,-5.843,2.500
4.282,-5.855,2.500
4.279,-5.803,2.500
4.316,-5.805,2.500
4.341,-5.791,2.500
4.523,-5.984,2.500
4.367,-5.732,2.500
4.411,-5.743,2.500
4.431,-5.722,2.500
4.446,-5.696,2.500
4.630,-5.883,2.500
4.496,-5.667,2.500
4.683,-5.855,2.500
4.706,-5.837,2.500
4.733,-5.824,2.500
4.594,-5.608,2.500
4.772,-5.778,2.500
4.661,-5.599,2.500
4.683,-5.580,2.500
4.710,-5.568,2.500
4.893,-5.738,2.500
4.751,-5.528,2.500
4.778,-5.515,2.500
4.789,-5.484,2.500
4.884,-5.549,2.500
4.850,-5.467,2.500
5.012,-5.605,2.500
5.046,-5.599,2.500
4.901,-5.395,2.500
5.097,-5.567,2.500
4.935,-5.348,2.500
4.927,-5.297,2.500
5.118,-5.459,2.500
4.965,-5.255,2.500
4.986,-5.235,2.500
5.015,-5.224,2.500
4.991,-5.159,2.500
5.011,-5.139,2.500
5.042,-5.131,2.500
5.040,-5.088,2.500
5.080,-5.088,2.500
5.091,-5.060,2.500
5.304,-5.230,2.500
5.325,-5.210,2.500
5.342,-5.186,2.500
5.155,-4.965,2.500
5.189,-4.959,2.500
5.191,-4.922,2.500
5.225,-4.915,2.500
5.203,-4.856,2.500
5.305,-4.912,2.500
5.253,-4.826,2.500
5.477,-4.993,2.500
5.278,-4.774,2.500
5.324,-4.777,2.500
5.558,-4.948,2.500
5.377,-4.749,2.500
5.368,-4.704,2.500
5.389,-4.685,2.500
5.638,-4.863,2.500
5.649,-4.833,2.500
5.469,-4.642,2.500
5.484,-4.618,2.500
5.496,-4.592,2.500
5.701,-4.725,2.500
5.603,-4.607,2.500
5.568,-4.542,2.500
5.586,-4.520,2.500
5.801,-4.656,2.500
5.631,-4.483,2.500
5.840,-4.612,2.500
5.650,-4.427,2.500
5.690,-4.422,2.500
5.894,-4.543,2.500
5.891,-4.504,2.500
5.716,-4.335,2.500
5.923,-4.456,2.500
5.733,-4.278,2.500
5.760,-4.263,2.500
5.806,-4.261,2.500
6.010,-4.375,2.500
5.803,-4.190,2.500
5.836,-4.179,2.500
5.859,-4.160,2.500
5.878,-4.140,2.500
5.895,-4.117,2.500
5.891,-4.080,2.500
6.134,-4.213,2.500
5.943,-4.047,2.500
5.938,-4.010,2.500
6.193,-4.146,2.500
5.973,-3.965,2.500
6.225,-4.098,2.500
6.007,-3.921,2.500
5.982,-3.871,2.500
6.035,-3.871,2.500
6.060,-3.854,2.500
6.202,-3.910,2.500
6.317,-3.948,2.500
6.102,-3.780,2.500
6.293,-3.865,2.500
6.114,-3.722,2.500
6.378,-3.848,2.500
6.367,-3.808,2.500
6.408,-3.798,2.500
6.192,-3.637,2.500
6.214,-3.617,2.500
6.207,-3.581,2.500
6.460,-3.693,2.500
6.245,-3.538,2.500
6.263,-3.515,2.500
6.507,-3.619,2.500
6.286,-3.464,2.500
6.505,-3.551,2.500
6.363,-3.441,2.500
6.380,-3.418,2.500
6.386,-3.389,2.500
6.385,-3.357,2.500
6.430,-3.348,2.500
6.418,-3.310,2.500
6.670,-3.407,2.500
6.451,-3.263,2.500
6.517,-3.264,2.500
6.516,-3.232,2.500
6.546,-3.215,2.500
6.523,-3.172,2.500
6.798,-3.273,2.500
6.580,-3.136,2.500
6.585,-3.107,2.500
6.601,-3.082,2.500
6.630,-3.065,2.500
6.621,-3.029,2.500
6.877,-3.113,2.500
6.882,-3.083,2.500
6.844,-3.034,2.500
6.664,-2.923,2.500
6.679,-2.898,2.500
6.683,-2.869,2.500
6.955,-2.953,2.500
6.731,-2.827,2.500
6.799,-2.824,2.500
6.735,-2.767,2.500
6.738,-2.737,2.500
6.994,-2.810,2.500
6.708,-2.664,2.500
6.958,-2.732,2.500
6.740,-2.616,2.500
6.772,-2.598,2.500
6.760,-2.563,2.500
6.837,-2.561,2.500
6.814,-2.522,2.500
7.089,-2.592,2.500
7.089,-2.561,2.500
6.854,-2.445,2.500
7.099,-2.501,2.500
6.880,-2.394,2.500
6.890,-2.367,2.500
6.884,-2.335,2.500
7.182,-2.405,2.500
6.965,-2.301,2.500
7.204,-2.349,2.500
6.983,-2.247,2.500
7.046,-2.237,2.500
7.040,-2.204,2.500
7.045,-2.176,2.500
7.112,-2.166,2.500
7.383,-2.216,2.500
7.146,-2.115,2.500
7.363,-2.148,2.500
7.174,-2.062,2.500
7.426,-2.103,2.500
7.448,-2.078,2.500
7.237,-1.988,2.500
7.234,-1.957,2.500
7.528,-2.005,2.500
7.529,-1.973,2.500
7.302,-1.883,2.500
7.616,-1.932,2.500
7.376,-1.841,2.500
7.380,-1.811,2.500
7.380,-1.780,2.500
7.432,-1.762,2.500
7.453,-1.736,2.500
7.627,-1.745,2.500
7.705,-1.731,2.500
7.517,-1.658,2.500
7.551,-1.634,2.500
7.530,-1.599,2.500
7.737,-1.611,2.500
7.539,-1.539,2.500
7.763,-1.553,2.500
7.601,-1.490,2.500
7.607,-1.460,2.500
7.606,-1.429,2.500
7.615,-1.400,2.500
7.641,-1.373,2.500
7.643,-1.343,2.500
7.638,-1.311,2.500
7.918,-1.327,2.500
7.695,-1.259,2.500
7.913,-1.262,2.500
7.691,-1.196,2.500
7.716,-1.169,2.500
7.710,-1.137,2.500
7.731,-1.109,2.500
7.736,-1.079,2.500
7.950,-1.077,2.500
7.969,-1.048,2.500
7.734,-0.986,2.500
7.962,-0.983,2.500
7.742,-0.925,2.500
7.722,-0.892,2.500
7.893,-0.881,2.500
7.739,-0.833,2.500
7.967,-0.826,2.500
7.805,-0.778,2.500
7.815,-0.748,2.500
7.801,-0.716,2.500
7.821,-0.686,2.500
7.817,-0.655,2.500
7.809,-0.624,2.500
7.825,-0.594,2.500
7.804,-0.562,2.500
7.819,-0.532,2.500
7.831,-0.502,2.500
7.833,-0.471,2.500
7.825,-0.440,2.500
8.055,-0.421,2.500
7.845,-0.379,2.500
7.813,-0.347,2.500
8.100,-0.328,2.500
7.898,-0.289,2.500
7.880,-0.257,2.500
7.874,-0.226,2.500
7.898,-0.195,2.500
7.882,-0.164,2.500
7.876,-0.133,2.500
8.102,-0.105,2.500
7.880,-0.071,2.500
7.900,-0.040,2.500
8.066,-0.010,3.000
7.929,0.022,3.000
8.167,0.054,3.000
7.935,0.084,3.000
7.990,0.116,3.000
7.989,0.147,3.000
8.204,0.183,3.000
7.985,0.210,3.000
7.996,0.242,3.000
8.201,0.280,3.000
7.991,0.304,3.000
8.028,0.337,3.000
8.042,0.369,3.000
8.234,0.411,3.000
8.224,0.443,3.000
8.031,0.464,3.000
8.060,0.497,3.000
8.052,0.528,3.000
8.062,0.561,3.000
8.060,0.593,3.000
8.318,0.644,3.000
8.092,0.659,3.000
8.287,0.707,3.000
8.086,0.722,3.000
8.108,0.756,3.000
8.099,0.788,3.000
8.323,0.842,3.000
8.119,0.854,3.000
8.125,0.887,3.000
8.103,0.917,3.000
8.272,0.969,3.000
8.108,0.982,3.000
8.157,1.020,3.000
8.138,1.050,3.000
8.137,1.083,3.000
8.285,1.135,3.000
8.155,1.150,3.000
8.375,1.215,3.000
8.154,1.215,3.000
8.193,1.254,3.000
8.185,1.286,3.000
8.374,1.349,3.000
8.186,1.352,3.000
8.172,1.383,3.000
8.254,1.430,3.000
8.184,1.451,3.000
8.362,1.516,3.000
8.186,1.518,3.000
8.208,1.555,3.000
8.213,1.589,3.000
8.204,1.621,3.000
8.380,1.690,3.000
8.221,1.692,3.000
8.223,1.726,3.000
8.213,1.757,3.000
8.250,1.799,3.000
8.425,1.872,3.000
8.235,1.864,3.000
8.408,1.937,3.000
8.258,1.937,3.000
8.255,1.971,3.000
8.240,2.001,3.000
8.448,2.087,3.000
8.260,2.075,3.000
8.288,2.117,3.000
8.285,2.150,3.000
8.279,2.184,3.000
8.466,2.268,3.000
8.305,2.260,3.000
8.311,2.297,3.000
8.310,2.332,3.000
8.479,2.415,3.000
8.495,2.456,3.000
8.345,2.448,3.000
8.309,2.473,3.000
8.495,2.565,3.000
8.318,2.547,3.000
8.308,2.580,3.000
8.395,2.643,3.000
8.319,2.655,3.000
8.506,2.751,3.000
8.324,2.728,3.000
8.341,2.770,3.000
8.337,2.806,3.000
8.485,2.893,3.000
8.356,2.885,3.000
8.340,2.916,3.000
8.477,3.001,3.000
8.324,2.984,3.000
8.337,3.026,3.000
8.325,3.058,3.000
8.471,3.150,3.000
8.305,3.125,3.000
8.489,3.233,3.000
8.456,3.258,3.000
8.296,3.234,3.000
8.310,3.277,3.000
8.301,3.311,3.000
8.463,3.414,3.000
8.332,3.400,3.000
8.454,3.488,3.000
8.316,3.470,3.000
8.374,3.532,3.000
8.486,3.619,3.000
8.354,3.602,3.000
8.486,3.698,3.000
8.352,3.678,3.000
8.345,3.715,3.000
8.336,3.750,3.000
8.341,3.792,3.000
8.444,3.879,3.000
8.369,3.884,3.000
8.363,3.921,3.000
8.358,3.959,3.000
8.416,4.027,3.000
8.351,4.036,3.000
8.346,4.074,3.000
8.350,4.117,3.000
8.459,4.212,3.000
8.352,4.200,3.000
8.351,4.241,3.000
8.335,4.273,3.000
8.349,4.322,3.000
8.435,4.409,3.000
8.334,4.398,3.000
8.446,4.499,3.000
8.313,4.470,3.000
8.332,4.523,3.000
8.308,4.552,3.000
8.420,4.657,3.000
8.397,4.687,3.000
8.283,4.666,3.000
8.253,4.692,3.000
8.338,4.784,3.000
8.307,4.809,3.000
8.277,4.835,3.000
8.142,4.800,3.000
8.120,4.830,3.000
8.093,4.857,3.000
8.189,4.958,3.000
8.146,4.976,3.000
8.017,4.940,3.000
7.999,4.973,3.000
8.079,5.067,3.000
8.066,5.102,3.000
7.940,5.067,3.000
8.027,5.166,3.000
7.902,5.130,3.000
7.984,5.228,3.000
7.856,5.189,3.000
7.939,5.288,3.000
7.789,5.233,3.000
7.878,5.337,3.000
7.766,5.306,3.000
7.718,5.317,3.000
7.693,5.345,3.000
7.687,5.386,3.000
7.751,5.476,3.000
7.622,5.430,3.000
7.605,5.463,3.000
7.672,5.557,3.000
7.523,5.494,3.000
7.490,5.516,3.000
7.587,5.633,3.000
7.450,5.577,3.000
7.405,5.589,3.000
7.385,5.619,3.000
7.355,5.642,3.000
7.329,5.668,3.000
7.291,5.684,3.000
7.379,5.800,3.000
7.256,5.749,3.000
7.202,5.752,3.000
7.286,5.867,3.000
7.147,5.801,3.000
7.139,5.841,3.000
7.085,5.843,3.000
7.179,5.969,3.000
7.045,5.904,3.000
7.109,6.005,3.000
7.089,6.036,3.000
6.954,5.969,3.000
6.915,5.982,3.000
6.870,5.991,3.000
6.970,6.126,3.000
6.842,6.062,3.000
6.871,6.135,3.000
6.899,6.209,3.000
6.748,6.121,3.000
6.722,6.146,3.000
6.803,6.269,3.000
6.787,6.304,3.000
6.640,6.216,3.000
6.610,6.238,3.000
6.562,6.241,3.000
6.537,6.266,3.000
6.522,6.301,3.000
6.583,6.410,3.000
6.442,6.322,3.000
6.420,6.351,3.000
6.394,6.374,3.000
6.362,6.393,3.000
6.328,6.408,3.000
6.296,6.427,3.000
6.368,6.551,3.000
6.227,6.456,3.000
6.314,6.598,3.000
6.166,6.495,3.000
6.236,6.621,3.000
6.107,6.535,3.000
6.184,6.669,3.000
6.048,6.574,3.000
6.097,6.680,3.000
5.974,6.597,3.000
6.052,6.736,3.000
5.920,6.642,3.000
6.002,6.787,3.000
5.871,6.691,3.000
5.848,6.718,3.000
5.916,6.850,3.000
5.777,6.742,3.000
5.873,6.910,3.000
5.825,6.907,3.000
5.694,6.806,3.000
5.770,6.953,3.000
5.740,6.972,3.000
5.600,6.856,3.000
5.565,6.869,3.000
5.532,6.883,3.000
5.509,6.910,3.000
5.585,7.062,3.000
5.455,6.953,3.000
5.527,7.102,3.000
5.399,6.994,3.000
5.358,6.998,3.000
5.323,7.009,3.000
5.297,7.032,3.000
5.365,7.180,3.000
5.338,7.203,3.000
5.213,7.092,3.000
5.163,7.082,3.000
5.131,7.097,3.000
5.110,7.127,3.000
5.089,7.157,3.000
5.047,7.157,3.000
5.123,7.326,3.000
4.978,7.178,3.000
5.042,7.331,3.000
4.938,7.241,3.000
4.900,7.246,3.000
4.864,7.255,3.000
4.936,7.425,3.000
4.820,7.311,3.000
4.787,7.324,3.000
4.766,7.355,3.000
4.831,7.519,3.000
4.715,7.403,3.000
4.789,7.584,3.000
4.722,7.544,3.000
4.603,7.418,3.000
4.575,7.438,3.000
4.635,7.603,3.000
4.523,7.484,3.000
4.575,7.639,3.000
4.457,7.509,3.000
4.421,7.516,3.000
4.460,7.649,3.000
4.369,7.561,3.000
4.338,7.576,3.000
4.300,7.580,3.000
4.353,7.743,3.000
4.248,7.626,3.000
4.219,7.645,3.000
4.191,7.664,3.000
4.168,7.693,3.000
4.127,7.690,3.000
4.132,7.774,3.000
4.150,7.881,3.000
4.043,7.751,3.000
4.082,7.903,3.000
3.976,7.772,3.000
3.961,7.818,3.000
4.010,7.992,3.000
3.888,7.825,3.000
3.874,7.875,3.000
3.912,8.030,3.000
3.810,7.901,3.000
3.823,8.008,3.000
3.746,7.926,3.000
3.718,7.948,3.000
3.694,7.978,3.000
3.647,7.959,3.000
3.621,7.984,3.000
3.595,8.010,3.000
3.560,8.017,3.000
3.598,8.188,3.000
3.493,8.036,3.000
3.523,8.191,3.000
3.499,8.224,3.000
3.402,8.085,3.000
3.369,8.094,3.000
3.338,8.109,3.000
3.366,8.269,3.000
3.275,8.138,3.000
3.302,8.300,3.000
3.259,8.286,3.000
3.171,8.155,3.000
3.133,8.153,3.000
3.145,8.280,3.000
3.119,8.310,3.000
3.027,8.161,3.000
3.043,8.305,3.000
2.963,8.185,3.000
2.914,8.151,3.000
2.942,8.331,3.000
2.866,8.219,3.000
2.831,8.223,3.000
2.860,8.413,3.000
2.790,8.314,3.000
2.821,8.517,3.000
2.735,8.368,3.000
2.713,8.413,3.000
2.677,8.413,3.000
2.659,8.473,3.000
2.632,8.504,3.000
2.602,8.523,3.000
2.576,8.558,3.000
2.554,8.608,3.000
2.529,8.648,3.000
2.502,8.682,3.000
2.518,8.869,3.000
2.449,8.757,3.000
2.422,8.792,3.000
2.383,8.784,3.000
2.394,8.965,3.000
2.320,8.828,3.000
2.327,8.996,3.000
2.295,9.019,3.000
2.231,8.913,3.000
2.233,9.072,3.000
2.160,8.928,3.000
2.152,9.050,3.000
2.087,8.930,3.000
2.045,8.909,3.000
2.047,9.080,3.000
1.978,8.942,3.000
1.944,8.954,3.000
1.934,9.076,3.000
1.868,8.939,3.000
1.831,8.940,3.000
1.797,8.951,3.000
1.789,9.097,3.000
1.730,8.982,3.000
1.725,9.149,3.000
1.662,9.008,3.000
1.652,9.156,3.000
1.591,9.021,3.000
1.579,9.163,3.000
1.520,9.031,3.000
1.485,9.039,3.000
1.448,9.039,3.000
1.415,9.057,3.000
1.379,9.060,3.000
1.342,9.055,3.000
1.328,9.213,3.000
1.271,9.065,3.000
1.256,9.223,3.000
1.200,9.083,3.000
1.183,9.227,3.000
1.129,9.093,3.000
1.093,9.097,3.000
1.076,9.262,3.000
1.022,9.107,3.000
0.986,9.105,3.000
0.968,9.286,3.000
0.932,9.290,3.000
0.881,9.146,3.000
0.860,9.303,3.000
0.810,9.154,3.000
0.786,9.307,3.000
0.737,9.156,3.000
0.713,9.307,3.000
0.676,9.302,3.000
0.645,9.389,3.000
0.596,9.200,3.000
0.568,9.343,3.000
0.523,9.203,3.000
0.497,9.385,3.000
0.459,9.369,3.000
0.417,9.241,3.000
0.380,9.228,3.000
0.344,9.257,3.000
0.309,9.285,3.000
0.273,9.286,3.000
0.236,9.273,3.000
0.199,9.257,3.000
0.163,9.284,3.000
0.127,9.305,3.000
0.092,9.446,3.000
0.054,9.306,3.000
0.017,9.334,3.000
-0.019,9.366,3.000
-0.057,9.475,3.000
-0.092,9.328,3.000
-0.131,9.472,3.000
-0.166,9.335,3.000
-0.202,9.304,3.000
-0.238,9.301,3.000
-0.274,9.271,3.000
-0.311,9.285,3.000
-0.346,9.240,3.000
-0.384,9.300,3.000
-0.417,9.200,3.000
-0.451,9.158,3.000
-0.483,9.096,3.000
-0.527,9.238,3.000
-0.552,9.050,3.000
-0.595,9.162,3.000
-0.616,8.946,3.000
-0.659,9.051,3.000
-0.683,8.892,3.000
-0.713,8.833,3.000
-0.758,8.947,3.000
-0.774,8.733,3.000
-0.822,8.871,3.000
-0.835,8.649,3.000
-0.868,8.636,3.000
-0.919,8.797,3.000
-0.931,8.585,3.000
-0.983,8.744,3.000
-1.004,8.621,3.000
-1.045,8.680,3.000
-1.056,8.492,3.000
-1.085,8.453,3.000
-1.118,8.449,3.000
-1.150,8.434,3.000
-1.179,8.397,3.000
-1.213,8.403,3.000
-1.240,8.355,3.000
-1.274,8.358,3.000
-1.305,8.345,3.000
-1.332,8.301,3.000
-1.396,8.485,3.000
-1.396,8.288,3.000
-1.454,8.427,3.000
-1.488,8.429,3.000
-1.490,8.252,3.000
-1.545,8.367,3.000
-1.578,8.359,3.000
-1.570,8.144,3.000
-1.638,8.319,3.000
-1.628,8.103,3.000
-1.658,8.085,3.000
-1.681,8.035,3.000
-1.711,8.025,3.000
-1.735,7.981,3.000
-1.768,7.983,3.000
-1.795,7.958,3.000
-1.829,7.960,3.000
-1.848,7.902,3.000
-1.883,7.913,3.000
-1.912,7.896,3.000
-1.931,7.838,3.000
-1.959,7.821,3.000
-1.996,7.838,3.000
-2.014,7.781,3.000
-2.040,7.755,3.000
-2.074,7.762,3.000
-2.095,7.718,3.000
-2.128,7.718,3.000
-2.155,7.698,3.000
-2.188,7.701,3.000
-2.204,7.644,3.000
-2.234,7.635,3.000
-2.262,7.620,3.000
-2.291,7.608,3.000
-2.305,7.546,3.000
-2.345,7.571,3.000
-2.358,7.509,3.000
-2.383,7.484,3.000
-2.413,7.478,3.000
-2.429,7.427,3.000
-2.454,7.404,3.000
-2.482,7.392,3.000
-2.516,7.398,3.000
-2.539,7.369,3.000
-2.561,7.339,3.000
-2.579,7.300,3.000
-2.612,7.300,3.000
-2.640,7.290,3.000
-2.645,7.214,3.000
-2.675,7.207,3.000
-2.786,7.417,3.000
-2.740,7.209,3.000
-2.747,7.142,3.000
-2.777,7.138,3.000
-2.805,7.127,3.000
-2.831,7.110,3.000
-2.840,7.052,3.000
-2.877,7.064,3.000
-2.894,7.026,3.000
-2.905,6.975,3.000
-2.931,6.960,3.000
-2.932,6.888,3.000
-2.965,6.890,3.000
-2.985,6.862,3.000
-3.020,6.870,3.000
-3.029,6.818,3.000
-3.049,6.789,3.000
-3.084,6.797,3.000
-3.197,6.972,3.000
-3.229,6.969,3.000
-3.156,6.743,3.000
-3.159,6.680,3.000
-3.186,6.671,3.000
-3.319,6.879,3.000
-3.242,6.652,3.000
-3.373,6.853,3.000
-3.282,6.603,3.000
-3.414,6.801,3.000
-3.341,6.590,3.000
-3.367,6.577,3.000
-3.391,6.561,3.000
-3.429,6.571,3.000
-3.455,6.557,3.000
-3.475,6.534,3.000
-3.472,6.466,3.000
-3.504,6.466,3.000
-3.649,6.670,3.000
-3.546,6.421,3.000
-3.699,6.638,3.000
-3.583,6.370,3.000
-3.723,6.558,3.000
-3.625,6.328,3.000
-3.799,6.573,3.000
-3.645,6.248,3.000
-3.797,6.452,3.000
-3.690,6.213,3.000
-3.732,6.229,3.000
-3.749,6.200,3.000
-3.769,6.179,3.000
-3.757,6.106,3.000
-3.781,6.091,3.000
-3.807,6.080,3.000
-3.825,6.055,3.000
-3.829,6.009,3.000
-3.850,5.990,3.000
-3.887,5.996,3.000
-3.886,5.943,3.000
-3.925,5.951,3.000
-3.955,5.946,3.000
-4.118,6.139,3.000
-3.976,5.878,3.000
-4.171,6.113,3.000
-4.039,5.870,3.000
-4.064,5.857,3.000
-4.223,6.035,3.000
-4.112,5.829,3.000
-4.125,5.799,3.000
-4.153,5.789,3.000
-4.180,5.780,3.000
-4.354,5.970,3.000
-4.218,5.737,3.000
-4.403,5.939,3.000
-4.263,5.704,3.000
-4.436,5.886,3.000
-4.306,5.667,3.000
-4.498,5.872,3.000
-4.345,5.626,3.000
-4.377,5.622,3.000
-4.553,5.800,3.000
-4.418,5.584,3.000
-4.443,5.570,3.000
-4.635,5.764,3.000
-4.486,5.535,3.000
-4.718,5.774,3.000
-4.558,5.534,3.000
-4.754,5.725,3.000
-4.614,5.514,3.000
-4.623,5.480,3.000
-4.658,5.477,3.000
-4.814,5.616,3.000
-4.695,5.434,3.000
-4.882,5.606,3.000
-4.917,5.601,3.000
-4.745,5.364,3.000
-4.955,5.557,3.000
-4.804,5.344,3.000
-5.006,5.526,3.000
-4.845,5.306,3.000
-5.052,5.489,3.000
-4.865,5.244,3.000
-4.899,5.240,3.000
-5.109,5.421,3.000
-4.940,5.201,3.000
-5.151,5.381,3.000
-4.941,5.122,3.000
-5.133,5.278,3.000
-4.979,5.080,3.000
-5.177,5.240,3.000
-5.221,5.244,3.000
-5.061,5.044,3.000
-5.219,5.160,3.000
-5.036,4.940,3.000
-5.259,5.119,3.000
-5.276,5.096,3.000
-5.094,4.881,3.000
-5.274,5.014,3.000
-5.095,4.806,3.000
-5.133,4.803,3.000
-5.133,4.766,3.000
-5.149,4.743,3.000
-5.167,4.723,3.000
-5.186,4.702,3.000
-5.357,4.819,3.000
-5.244,4.681,3.000
-5.241,4.641,3.000
-5.290,4.648,3.000
-5.524,4.815,3.000
-5.336,4.615,3.000
-5.567,4.776,3.000
-5.369,4.570,3.000
-5.607,4.735,3.000
-5.408,4.530,3.000
-5.483,4.556,3.000
-5.698,4.698,3.000
-5.525,4.518,3.000
-5.708,4.631,3.000
-5.544,4.462,3.000
-5.568,4.445,3.000
-5.582,4.421,3.000
-5.807,4.562,3.000
-5.658,4.410,3.000
-5.897,4.558,3.000
-5.651,4.333,3.000
-5.887,4.477,3.000
-5.711,4.308,3.000
-5.925,4.433,3.000
-5.715,4.241,3.000
-5.966,4.391,3.000
-5.698,4.160,3.000
-5.951,4.308,3.000
-5.747,4.127,3.000
-5.972,4.253,3.000
-5.766,4.072,3.000
-6.005,4.206,3.000
-5.801,4.029,3.000
-5.810,4.001,3.000
-6.045,4.128,3.000
-5.848,3.960,3.000
-6.080,4.083,3.000
-5.862,3.903,3.000
-6.122,4.041,3.000
-6.166,4.036,3.000
-5.925,3.845,3.000
-6.159,3.963,3.000
-6.191,3.949,3.000
-6.015,3.803,3.000
-6.270,3.930,3.000
-6.055,3.763,3.000
-6.063,3.735,3.000
-6.293,3.842,3.000
-6.299,3.812,3.000
-6.110,3.665,3.000
-6.361,3.782,3.000
-6.142,3.619,3.000
-6.384,3.728,3.000
-6.170,3.571,3.000
-6.177,3.542,3.000
-6.212,3.530,3.000
-6.445,3.629,3.000
-6.222,3.471,3.000
-6.239,3.449,3.000
-6.246,3.420,3.000
-6.263,3.398,3.000
-6.502,3.495,3.000
-6.296,3.352,3.000
-6.519,3.438,3.000
-6.340,3.312,3.000
-6.573,3.401,3.000
-6.337,3.248,3.000
-6.599,3.349,3.000
-6.373,3.203,3.000
-6.390,3.180,3.000
-6.395,3.151,3.000
-6.411,3.128,3.000
-6.416,3.099,3.000
-6.575,3.145,3.000
-6.443,3.050,3.000
-6.742,3.159,3.000
-6.519,3.024,3.000
-6.760,3.103,3.000
-6.553,2.977,3.000
-6.546,2.943,3.000
-6.573,2.924,3.000
-6.814,3.000,3.000
-6.606,2.877,3.000
-6.879,2.964,3.000
-6.643,2.832,3.000
-6.922,2.918,3.000
-6.684,2.787,3.000
-6.687,2.758,3.000
-6.705,2.734,3.000
-6.701,2.702,3.000
-6.727,2.682,3.000
-6.737,2.655,3.000
-6.736,2.625,3.000
-6.972,2.685,3.000
-7.000,2.664,3.000
-6.759,2.542,3.000
-7.031,2.613,3.000
-6.787,2.492,3.000
-7.052,2.558,3.000
-6.905,2.474,3.000
-6.882,2.435,3.000
-7.116,2.487,3.000
-6.886,2.376,3.000
-7.132,2.429,3.000
-6.920,2.327,3.000
-7.205,2.392,3.000
-6.978,2.286,3.000
-7.237,2.339,3.000
-7.040,2.245,3.000
-7.201,2.265,3.000
-7.132,2.213,3.000
-7.364,2.253,3.000
-7.146,2.156,3.000
-7.392,2.198,3.000
-7.195,2.109,3.000
-7.438,2.149,3.000
-7.207,2.051,3.000
-7.422,2.081,3.000
-7.290,2.013,3.000
-7.266,1.976,3.000
-7.529,2.016,3.000
-7.303,1.925,3.000
-7.524,1.951,3.000
-7.380,1.883,3.000
-7.377,1.852,3.000
-7.364,1.817,3.000
-7.623,1.850,3.000
-7.381,1.760,3.000
-7.634,1.789,3.000
-7.409,1.706,3.000
-7.579,1.713,3.000
-7.654,1.699,3.000
-7.435,1.620,3.000
-7.635,1.632,3.000
-7.395,1.550,3.000
-7.641,1.570,3.000
-7.414,1.494,3.000
-7.679,1.516,3.000
-7.711,1.491,3.000
-7.477,1.415,3.000
-7.706,1.427,3.000
-7.662,1.388,3.000
-7.483,1.325,3.000
-7.488,1.295,3.000
-7.514,1.270,3.000
-7.753,1.279,3.000
-7.506,1.208,3.000
-7.753,1.216,3.000
-7.592,1.161,3.000
-7.562,1.126,3.000
-7.806,1.131,3.000
-7.567,1.066,3.000
-7.808,1.068,3.000
-7.631,1.014,3.000
-7.871,1.014,3.000
-7.638,0.954,3.000
-7.866,0.951,3.000
-7.646,0.894,3.000
-7.646,0.863,3.000
-7.950,0.866,3.000
-7.700,0.808,3.000
-7.934,0.801,3.000
-7.696,0.747,3.000
-7.902,0.735,3.000
-7.729,0.689,3.000
-7.766,0.661,3.000
-8.002,0.650,3.000
-7.970,0.616,3.000
-8.001,0.587,3.000
-7.775,0.539,3.000
-7.777,0.509,3.000
-7.969,0.490,3.000
-7.801,0.449,3.000
-7.783,0.417,3.000
-7.821,0.388,3.000
-7.839,0.359,3.000
-7.827,0.327,3.000
-7.838,0.297,3.000
-7.899,0.268,3.000
-7.887,0.237,3.000
-7.907,0.206,3.000
-7.888,0.175,3.000
-8.114,0.148,3.000
-7.876,0.113,3.000
-8.121,0.084,3.000
-7.962,0.051,3.000
-7.955,0.020,3.000
-7.955,-0.011,3.000
-7.949,-0.042,3.000
-7.987,-0.074,3.000
-7.971,-0.105,3.000
-7.977,-0.136,3.000
-7.992,-0.168,3.000
-7.994,-0.199,3.000
-7.993,-0.231,3.000
-7.989,-0.262,3.000
-8.203,-0.301,3.000
-7.974,-0.324,3.000
-8.201,-0.366,3.000
-7.991,-0.388,3.000
-7.979,-0.419,3.000
-8.196,-0.462,3.000
-7.973,-0.481,3.000
-7.984,-0.513,3.000
-8.029,-0.548,3.000
-7.976,-0.576,3.000
-7.964,-0.606,3.000
-7.968,-0.638,3.000
-7.962,-0.669,3.000
-7.960,-0.700,3.000
-7.970,-0.733,3.000
-7.967,-0.764,3.000
-7.967,-0.796,3.000
-7.992,-0.830,3.000
-7.995,-0.862,3.000
-7.985,-0.892,3.000
-7.985,-0.924,3.000
-8.136,-0.974,3.000
-8.014,-0.991,3.000
-8.016,-1.024,3.000
-8.266,-1.088,3.000
-8.042,-1.091,3.000
-8.288,-1.158,3.000
-8.078,-1.161,3.000
-8.309,-1.227,3.000
-8.154,-1.237,3.000
-8.313,-1.295,3.000
-8.370,-1.337,3.000
-8.219,-1.346,3.000
-8.400,-1.410,3.000
-8.197,-1.409,3.000
-8.258,-1.453,3.000
-8.266,-1.487,3.000
-8.455,-1.556,3.000
-8.306,-1.562,3.000
-8.297,-1.594,3.000
-8.283,-1.625,3.000
-8.314,-1.665,3.000
-8.481,-1.733,3.000
-8.335,-1.738,3.000
-8.336,-1.772,3.000
-8.500,-1.842,3.000
-8.343,-1.842,3.000
-8.522,-1.917,3.000
-8.349,-1.912,3.000
-8.336,-1.944,3.000
-8.367,-1.985,3.000
-8.471,-2.045,3.000
-8.376,-2.057,3.000
-8.544,-2.134,3.000
-8.355,-2.122,3.000
-8.411,-2.171,3.000
-8.373,-2.196,3.000
-8.457,-2.254,3.000
-8.402,-2.275,3.000
-8.441,-2.321,3.000
-8.439,-2.356,3.000
-8.432,-2.390,3.000
-8.435,-2.426,3.000
-8.446,-2.466,3.000
-8.453,-2.504,3.000
-8.429,-2.533,3.000
-8.445,-2.573,3.000
-8.548,-2.641,3.000
-8.468,-2.653,3.000
-8.471,-2.691,3.000
-8.476,-2.729,3.000
-8.596,-2.805,3.000
-8.512,-2.815,3.000
-8.503,-2.849,3.000
-8.656,-2.938,3.000
-8.517,-2.928,3.000
-8.649,-3.011,3.000
-8.472,-2.987,3.000
-8.661,-3.092,3.000
-8.493,-3.070,3.000
-8.613,-3.151,3.000
-8.479,-3.140,3.000
-8.452,-3.168,3.000
-8.587,-3.257,3.000
-8.433,-3.237,3.000
-8.561,-3.324,3.000
-8.437,-3.314,3.000
-8.552,-3.398,3.000
-8.408,-3.379,3.000
-8.529,-3.467,3.000
-8.430,-3.465,3.000
-8.364,-3.477,3.000
-8.526,-3.583,3.000
-8.371,-3.557,3.000
-8.359,-3.590,3.000
-8.357,-3.628,3.000
-8.340,-3.660,3.000
-8.374,-3.714,3.000
-8.317,-3.728,3.000
-8.451,-3.828,3.000
-8.347,-3.820,3.000
-8.339,-3.857,3.000
-8.464,-3.955,3.000
-8.335,-3.935,3.000
-8.461,-4.035,3.000
-8.451,-4.071,3.000
-8.331,-4.053,3.000
-8.474,-4.164,3.000
-8.331,-4.134,3.000
-8.467,-4.243,3.000
-8.327,-4.214,3.000
-8.450,-4.318,3.000
-8.316,-4.291,3.000
-8.443,-4.398,3.000
-8.312,-4.372,3.000
-8.433,-4.478,3.000
-8.330,-4.465,3.000
-8.429,-4.561,3.000
-8.422,-4.600,3.000
-8.299,-4.575,3.000
-8.408,-4.678,3.000
-8.394,-4.714,3.000
-8.259,-4.681,3.000
-8.352,-4.777,3.000
-8.224,-4.747,3.000
-8.318,-4.844,3.000
-8.173,-4.803,3.000
-8.146,-4.831,3.000
-8.122,-4.860,3.000
-8.253,-4.982,3.000
-8.091,-4.927,3.000
-8.065,-4.955,3.000
-8.056,-4.994,3.000
-8.034,-5.023,3.000
-8.014,-5.055,3.000
-8.016,-5.100,3.000
-7.999,-5.134,3.000
-7.981,-5.166,3.000
-7.952,-5.192,3.000
-7.929,-5.221,3.000
-7.919,-5.260,3.000
-7.891,-5.286,3.000
-7.848,-5.302,3.000
-7.835,-5.338,3.000
-7.808,-5.364,3.000
-7.779,-5.389,3.000
-7.840,-5.478,3.000
-7.727,-5.444,3.000
-7.698,-5.468,3.000
-7.757,-5.557,3.000
-7.637,-5.516,3.000
-7.716,-5.620,3.000
-7.573,-5.561,3.000
-7.659,-5.670,3.000
-7.509,-5.605,3.000
-7.588,-5.711,3.000
-7.469,-5.667,3.000
-7.540,-5.768,3.000
-7.385,-5.695,3.000
-7.377,-5.735,3.000
-7.347,-5.758,3.000
-7.336,-5.797,3.000
-7.389,-5.885,3.000
-7.264,-5.833,3.000
-7.232,-5.854,3.000
-7.292,-5.950,3.000
-7.162,-5.891,3.000
-7.252,-6.013,3.000
-7.106,-5.939,3.000
-7.180,-6.049,3.000
-7.162,-6.082,3.000
-7.002,-5.994,3.000
-6.990,-6.031,3.000
-7.058,-6.139,3.000
-6.912,-6.059,3.000
-6.998,-6.183,3.000
-6.860,-6.109,3.000
-6.943,-6.233,3.000
-6.816,-6.167,3.000
-6.896,-6.288,3.000
-6.733,-6.189,3.000
-6.818,-6.316,3.000
-6.795,-6.344,3.000
-6.655,-6.263,3.000
-6.619,-6.279,3.000
-6.604,-6.314,3.000
-6.576,-6.337,3.000
-6.533,-6.344,3.000
-6.506,-6.368,3.000
-6.584,-6.495,3.000
-6.550,-6.512,3.000
-6.426,-6.440,3.000
-6.498,-6.564,3.000
-6.478,-6.595,3.000
-6.325,-6.490,3.000
-6.301,-6.516,3.000
-6.282,-6.547,3.000
-6.250,-6.565,3.000
-6.241,-6.607,3.000
-6.178,-6.593,3.000
-6.152,-6.617,3.000
-6.120,-6.635,3.000
-6.102,-6.667,3.000
-6.051,-6.664,3.000
-6.031,-6.695,3.000
-6.000,-6.713,3.000
-5.969,-6.731,3.000
-5.949,-6.762,3.000
-5.916,-6.778,3.000
-5.897,-6.810,3.000
-5.845,-6.804,3.000
-5.917,-6.942,3.000
-5.838,-6.905,3.000
-5.769,-6.877,3.000
-5.812,-6.984,3.000
-5.707,-6.913,3.000
-5.671,-6.925,3.000
-5.635,-6.936,3.000
-5.658,-7.021,3.000
-5.673,-7.095,3.000
-5.552,-7.001,3.000
-5.625,-7.150,3.000
-5.477,-7.018,3.000
-5.548,-7.168,3.000
-5.427,-7.068,3.000
-5.489,-7.208,3.000
-5.371,-7.111,3.000
-5.432,-7.250,3.000
-5.315,-7.153,3.000
-5.375,-7.293,3.000
-5.237,-7.164,3.000
-5.301,-7.311,3.000
-5.179,-7.203,3.000
-5.152,-7.225,3.000
-5.211,-7.368,3.000
-5.097,-7.267,3.000
-5.095,-7.326,3.000
-5.027,-7.289,3.000
-4.984,-7.287,3.000
-4.958,-7.310,3.000
-4.940,-7.346,3.000
-4.899,-7.347,3.000
-4.887,-7.392,3.000
-4.844,-7.389,3.000
-4.912,-7.559,3.000
-4.785,-7.427,3.000
-4.737,-7.415,3.000
-4.799,-7.578,3.000
-4.682,-7.458,3.000
-4.740,-7.617,3.000
-4.714,-7.642,3.000
-4.591,-7.509,3.000
-4.650,-7.673,3.000
-4.542,-7.561,3.000
-4.621,-7.761,3.000
-4.485,-7.601,3.000
-4.446,-7.602,3.000
-4.498,-7.760,3.000
-4.402,-7.664,3.000
-4.347,-7.639,3.000
-4.419,-7.837,3.000
-4.294,-7.685,3.000
-4.342,-7.843,3.000
-4.234,-7.719,3.000
-4.278,-7.873,3.000
-4.170,-7.745,3.000
-4.143,-7.768,3.000
-4.191,-7.933,3.000
-4.156,-7.943,3.000
-4.068,-7.849,3.000
-4.138,-8.062,3.000
-4.007,-7.882,3.000
-4.056,-8.056,3.000
-3.945,-7.914,3.000
-3.912,-7.925,3.000
-3.951,-8.083,3.000
-3.845,-7.947,3.000
-3.820,-7.975,3.000
-3.794,-8.000,3.000
-3.755,-7.998,3.000
-3.738,-8.045,3.000
-3.705,-8.055,3.000
-3.746,-8.230,3.000
-3.637,-8.076,3.000
-3.616,-8.114,3.000
-3.580,-8.117,3.000
-3.547,-8.129,3.000
-3.514,-8.140,3.000
-3.483,-8.156,3.000
-3.502,-8.290,3.000
-3.422,-8.192,3.000
-3.388,-8.201,3.000
-3.350,-8.199,3.000
-3.384,-8.375,3.000
-3.280,-8.212,3.000
-3.304,-8.366,3.000
-3.272,-8.383,3.000
-3.223,-8.353,3.000
-3.144,-8.244,3.000
-3.094,-8.211,3.000
-3.111,-8.353,3.000
-3.013,-8.190,3.000
-3.032,-8.342,3.000
-2.941,-8.193,3.000
-2.970,-8.375,3.000
-2.877,-8.215,3.000
-2.842,-8.219,3.000
-2.826,-8.278,3.000
-2.846,-8.445,3.000
-2.766,-8.314,3.000
-2.790,-8.498,3.000
-2.713,-8.373,3.000
-2.699,-8.443,3.000
-2.726,-8.647,3.000
-2.652,-8.527,3.000
-2.678,-8.731,3.000
-2.606,-8.616,3.000
-2.580,-8.652,3.000
-2.592,-8.819,3.000
-2.529,-8.732,3.000
-2.537,-8.890,3.000
-2.462,-8.758,3.000
-2.436,-8.797,3.000
-2.438,-8.941,3.000
-2.375,-8.847,3.000
-2.385,-9.025,3.000
-2.319,-8.919,3.000
-2.321,-9.072,3.000
-2.258,-8.973,3.000
-2.222,-8.976,3.000
-2.188,-8.992,3.000
-2.150,-8.987,3.000
-2.118,-9.011,3.000
-2.080,-9.010,3.000
-2.050,-9.038,3.000
-2.036,-9.146,3.000
-1.975,-9.035,3.000
-1.934,-9.021,3.000
-1.927,-9.160,3.000
-1.859,-9.015,3.000
-1.856,-9.182,3.000
-1.817,-9.176,3.000
-1.750,-9.020,3.000
-1.742,-9.172,3.000
-1.679,-9.035,3.000
-1.654,-9.098,3.000
-1.608,-9.048,3.000
-1.574,-9.061,3.000
-1.537,-9.061,3.000
-1.525,-9.209,3.000
-1.466,-9.070,3.000
-1.454,-9.226,3.000
-1.393,-9.073,3.000
-1.380,-9.232,3.000
-1.323,-9.092,3.000
-1.288,-9.104,3.000
-1.253,-9.115,3.000
-1.217,-9.113,3.000
-1.181,-9.116,3.000
-1.143,-9.106,3.000
-1.126,-9.262,3.000
-1.088,-9.254,3.000
-1.038,-9.136,3.000
-1.015,-9.259,3.000
-0.965,-9.137,3.000
-0.930,-9.143,3.000
-0.905,-9.258,3.000
-0.862,-9.196,3.000
-0.824,-9.176,3.000
-0.788,-9.186,3.000
-0.752,-9.187,3.000
-0.716,-9.194,3.000
-0.691,-9.337,3.000
-0.646,-9.222,3.000
-0.619,-9.364,3.000
-0.573,-9.227,3.000
-0.546,-9.378,3.000
-0.501,-9.233,3.000
-0.474,-9.407,3.000
-0.437,-9.413,3.000
-0.393,-9.259,3.000
-0.358,-9.289,3.000
-0.321,-9.270,3.000
-0.286,-9.308,3.000
-0.252,-9.429,3.000
-0.213,-9.312,3.000
-0.178,-9.444,3.000
-0.140,-9.323,3.000
-0.105,-9.467,3.000
-0.067,-9.342,3.000
-0.030,-9.328,3.000
0.007,-9.368,3.000
0.044,-9.366,3.000
0.080,-9.378,3.000
0.117,-9.365,3.000
0.154,-9.383,3.000
0.190,-9.356,3.000
0.230,-9.489,3.000
0.264,-9.360,3.000
0.304,-9.466,3.000
0.337,-9.332,3.000
0.378,-9.440,3.000
0.409,-9.305,3.000
0.450,-9.406,3.000
0.478,-9.232,3.000
0.522,-9.363,3.000
0.550,-9.207,3.000
0.584,-9.174,3.000
0.618,-9.148,3.000
0.648,-9.068,3.000
0.681,-9.028,3.000
0.716,-9.020,3.000
0.748,-8.973,3.000
0.780,-8.931,3.000
0.812,-8.895,3.000
0.844,-8.864,3.000
0.876,-8.833,3.000
0.906,-8.786,3.000
0.938,-8.761,3.000
0.969,-8.726,3.000
0.995,-8.645,3.000
1.029,-8.641,3.000
1.056,-8.584,3.000
1.089,-8.575,3.000
1.111,-8.482,3.000
1.143,-8.464,3.000
1.195,-8.597,3.000
1.199,-8.386,3.000
1.235,-8.400,3.000
1.261,-8.352,3.000
1.293,-8.338,3.000
1.320,-8.298,3.000
1.382,-8.474,3.000
1.381,-8.265,3.000
1.442,-8.424,3.000
1.444,-8.240,3.000
1.499,-8.365,3.000
1.498,-8.172,3.000
1.571,-8.382,3.000
1.558,-8.140,3.000
1.626,-8.316,3.000
1.662,-8.326,3.000
1.647,-8.084,3.000
1.715,-8.254,3.000
1.710,-8.071,3.000
1.744,-8.076,3.000
1.773,-8.055,3.000
1.805,-8.050,3.000
1.836,-8.043,3.000
1.855,-7.981,3.000
1.891,-7.991,3.000
1.921,-7.981,3.000
1.951,-7.967,3.000
1.973,-7.922,3.000
2.002,-7.905,3.000
2.031,-7.892,3.000
2.063,-7.886,3.000
2.138,-8.043,3.000
2.119,-7.847,3.000
2.189,-7.982,3.000
2.167,-7.782,3.000
2.241,-7.928,3.000
2.217,-7.726,3.000
2.293,-7.876,3.000
2.264,-7.663,3.000
2.343,-7.817,3.000
2.311,-7.602,3.000
2.335,-7.574,3.000
2.354,-7.531,3.000
2.381,-7.512,3.000
2.415,-7.518,3.000
2.491,-7.652,3.000
2.461,-7.459,3.000
2.514,-7.520,3.000
2.576,-7.607,3.000
2.528,-7.369,3.000
2.560,-7.368,3.000
2.589,-7.358,3.000
2.620,-7.354,3.000
2.643,-7.328,3.000
2.675,-7.327,3.000
2.762,-7.474,3.000
2.715,-7.258,3.000
2.828,-7.470,3.000
2.774,-7.243,3.000
2.882,-7.436,3.000
2.826,-7.208,3.000
2.834,-7.146,3.000
2.868,-7.151,3.000
2.979,-7.342,3.000
2.923,-7.125,3.000
3.005,-7.242,3.000
3.041,-7.249,3.000
2.991,-7.051,3.000
3.109,-7.252,3.000
3.042,-7.018,3.000
3.135,-7.157,3.000
3.071,-6.935,3.000
3.200,-7.151,3.000
3.137,-6.937,3.000
3.152,-6.899,3.000
3.268,-7.079,3.000
3.292,-7.057,3.000
3.218,-6.828,3.000
3.223,-6.769,3.000
3.239,-6.737,3.000
3.303,-6.800,3.000
3.300,-6.728,3.000
3.434,-6.932,3.000
3.351,-6.698,3.000
3.361,-6.652,3.000
3.387,-6.639,3.000
3.405,-6.609,3.000
3.439,-6.612,3.000
3.460,-6.589,3.000
3.494,-6.591,3.000
3.495,-6.531,3.000
3.519,-6.514,3.000
3.543,-6.497,3.000
3.568,-6.483,3.000
3.701,-6.661,3.000
3.614,-6.445,3.000
3.765,-6.654,3.000
3.670,-6.426,3.000
3.823,-6.633,3.000
3.713,-6.384,3.000
3.739,-6.373,3.000
3.763,-6.355,3.000
3.809,-6.376,3.000
3.842,-6.373,3.000
3.859,-6.346,3.000
4.007,-6.532,3.000
3.906,-6.312,3.000
3.947,-6.322,3.000
3.976,-6.313,3.000
3.989,-6.278,3.000
4.017,-6.269,3.000
4.027,-6.231,3.000
4.033,-6.186,3.000
4.189,-6.370,3.000
4.078,-6.148,3.000
4.108,-6.142,3.000
4.268,-6.326,3.000
4.158,-6.112,3.000
4.331,-6.313,3.000
4.180,-6.042,3.000
4.346,-6.229,3.000
4.225,-6.006,3.000
4.407,-6.212,3.000
4.236,-5.922,3.000
4.390,-6.087,3.000
4.292,-5.901,3.000
4.459,-6.082,3.000
4.328,-5.855,3.000
4.351,-5.838,3.000
4.386,-5.836,3.000
4.369,-5.766,3.000
4.406,-5.767,3.000
4.414,-5.731,3.000
4.436,-5.714,3.000
4.459,-5.696,3.000
4.471,-5.666,3.000
4.501,-5.658,3.000
4.528,-5.646,3.000
4.699,-5.813,3.000
4.752,-5.832,3.000
4.589,-5.587,3.000
4.862,-5.872,3.000
4.668,-5.593,3.000
4.687,-5.571,3.000
4.875,-5.749,3.000
4.736,-5.540,3.000
4.745,-5.507,3.000
4.904,-5.647,3.000
4.796,-5.478,3.000
4.990,-5.655,3.000
5.017,-5.640,3.000
4.865,-5.427,3.000
4.894,-5.417,3.000
4.900,-5.380,3.000
4.931,-5.372,3.000
4.931,-5.330,3.000
4.947,-5.305,3.000
4.940,-5.257,3.000
5.148,-5.435,3.000
4.998,-5.235,3.000
5.155,-5.357,3.000
5.176,-5.337,3.000
5.037,-5.153,3.000
5.233,-5.312,3.000
5.057,-5.093,3.000
5.100,-5.096,3.000
5.097,-5.053,3.000
5.117,-5.033,3.000
5.339,-5.211,3.000
5.148,-4.985,3.000
5.179,-4.976,3.000
5.201,-4.958,3.000
5.235,-4.951,3.000
5.231,-4.909,3.000
5.250,-4.888,3.000
5.281,-4.878,3.000
5.295,-4.852,3.000
5.308,-4.826,3.000
5.347,-4.824,3.000
5.336,-4.776,3.000
5.373,-4.771,3.000
5.383,-4.742,3.000
5.410,-4.729,3.000
5.432,-4.710,3.000
5.441,-4.681,3.000
5.652,-4.824,3.000
5.469,-4.630,3.000
5.701,-4.789,3.000
5.517,-4.597,3.000
5.744,-4.749,3.000
5.547,-4.549,3.000
5.666,-4.610,3.000
5.582,-4.505,3.000
5.798,-4.641,3.000
5.777,-4.588,3.000
5.648,-4.449,3.000
5.672,-4.432,3.000
5.891,-4.566,3.000
5.677,-4.365,3.000
5.860,-4.469,3.000
5.724,-4.330,3.000
5.748,-4.313,3.000
5.979,-4.449,3.000
5.772,-4.260,3.000
6.032,-4.416,3.000
5.802,-4.212,3.000
6.045,-4.353,3.000
5.841,-4.171,3.000
5.858,-4.148,3.000
5.890,-4.137,3.000
6.107,-4.253,3.000
5.913,-4.084,3.000
6.106,-4.182,3.000
5.951,-4.042,3.000
5.957,-4.011,3.000
6.189,-4.132,3.000
5.995,-3.969,3.000
6.230,-4.090,3.000
6.002,-3.906,3.000
6.247,-4.031,3.000
6.046,-3.868,3.000
6.204,-3.935,3.000
6.066,-3.814,3.000
6.319,-3.938,3.000
6.106,-3.773,3.000
6.327,-3.875,3.000
6.143,-3.729,3.000
6.136,-3.692,3.000
6.401,-3.817,3.000
6.176,-3.650,3.000
6.428,-3.765,3.000
6.194,-3.595,3.000
6.215,-3.575,3.000
6.250,-3.562,3.000
6.246,-3.528,3.000
6.256,-3.501,3.000
6.291,-3.489,3.000
6.287,-3.454,3.000
6.322,-3.441,3.000
6.363,-3.431,3.000
6.408,-3.423,3.000
6.373,-3.372,3.000
6.611,-3.465,3.000
6.424,-3.335,3.000
6.678,-3.433,3.000
6.598,-3.360,3.000
6.455,-3.255,3.000
6.711,-3.351,3.000
6.484,-3.206,3.000
6.737,-3.298,3.000
6.555,-3.177,3.000
6.799,-3.263,3.000
6.612,-3.141,3.000
6.592,-3.100,3.000
6.837,-3.182,3.000
6.566,-3.025,3.000
6.825,-3.112,3.000
6.568,-2.964,3.000
6.836,-3.052,3.000
6.642,-2.934,3.000
6.632,-2.899,3.000
6.625,-2.865,3.000
6.658,-2.848,3.000
6.651,-2.814,3.000
6.902,-2.889,3.000
6.680,-2.765,3.000
6.939,-2.840,3.000
6.731,-2.724,3.000
6.716,-2.688,3.000
6.968,-2.757,3.000
6.986,-2.732,3.000
6.732,-2.603,3.000
6.750,-2.579,3.000
7.007,-2.646,3.000
6.773,-2.527,3.000
7.021,-2.588,3.000
7.034,-2.562,3.000
6.818,-2.453,3.000
6.923,-2.460,3.000
6.866,-2.410,3.000
6.909,-2.394,3.000
6.896,-2.360,3.000
7.172,-2.423,3.000
6.915,-2.305,3.000
7.242,-2.383,3.000
6.977,-2.265,3.000
7.037,-2.254,3.000
7.045,-2.227,3.000
7.054,-2.199,3.000
7.120,-2.189,3.000
7.125,-2.160,3.000
7.134,-2.132,3.000
7.202,-2.122,3.000
7.204,-2.091,3.000
7.208,-2.062,3.000
7.446,-2.098,3.000
7.267,-2.017,3.000
7.285,-1.992,3.000
7.286,-1.961,3.000
7.589,-2.011,3.000
7.374,-1.923,3.000
7.364,-1.889,3.000
7.368,-1.860,3.000
7.389,-1.834,3.000
7.427,-1.813,3.000
7.434,-1.784,3.000
7.667,-1.808,3.000
7.503,-1.738,3.000
7.732,-1.759,3.000
7.516,-1.679,3.000
7.736,-1.696,3.000
7.515,-1.617,3.000
7.883,-1.664,3.000
7.572,-1.567,3.000
7.831,-1.588,3.000
7.604,-1.511,3.000
7.657,-1.491,3.000
7.699,-1.467,3.000
7.675,-1.432,3.000
7.644,-1.395,3.000
7.676,-1.370,3.000
7.925,-1.382,3.000
7.739,-1.318,3.000
7.728,-1.285,3.000
7.749,-1.258,3.000
7.724,-1.222,3.000
7.966,-1.229,3.000
7.747,-1.164,3.000
7.966,-1.165,3.000
7.769,-1.105,3.000
7.773,-1.074,3.000
7.764,-1.042,3.000
7.775,-1.012,3.000
7.772,-0.981,3.000
7.796,-0.953,3.000
7.793,-0.921,3.000
7.806,-0.892,3.000
7.996,-0.882,3.000
7.810,-0.830,3.000
7.996,-0.818,3.000
7.839,-0.771,3.000
8.024,-0.758,3.000
7.815,-0.707,3.000
8.097,-0.700,3.000
7.837,-0.647,3.000
8.081,-0.635,3.000
7.868,-0.587,3.000
7.867,-0.556,3.000
8.094,-0.540,3.000
7.852,-0.493,3.000
8.089,-0.476,3.000
7.878,-0.433,3.000
7.870,-0.401,3.000
8.094,-0.381,3.000
7.883,-0.340,3.000
8.097,-0.317,3.000
8.116,-0.286,3.000
7.880,-0.247,3.000
8.082,-0.222,3.000
7.934,-0.186,3.000
8.108,-0.159,3.000
7.954,-0.124,3.000
7.932,-0.093,3.000
7.949,-0.062,3.000
7.880,-0.030,3.500
8.000,0.001,3.500
8.009,0.032,3.500
7.981,0.063,3.500
8.006,0.095,3.500
7.989,0.126,3.500
8.027,0.158,3.500
8.036,0.190,3.500
8.041,0.222,3.500
8.009,0.252,3.500
8.048,0.285,3.500
8.032,0.316,3.500
8.055,0.349,3.500
8.085,0.382,3.500
8.052,0.412,3.500
8.296,0.457,3.500
8.067,0.476,3.500
8.266,0.520,3.500
8.106,0.542,3.500
8.310,0.589,3.500
8.108,0.606,3.500
8.314,0.655,3.500
8.362,0.691,3.500
8.343,0.723,3.500
8.119,0.735,3.500
8.107,0.766,3.500
8.134,0.801,3.500
8.112,0.831,3.500
8.121,0.864,3.500
8.159,0.901,3.500
8.150,0.932,3.500
8.161,0.966,3.500
8.148,0.997,3.500
8.182,1.034,3.500
8.184,1.067,3.500
8.162,1.096,3.500
8.369,1.158,3.500
8.203,1.167,3.500
8.401,1.229,3.500
8.205,1.234,3.500
8.200,1.266,3.500
8.229,1.303,3.500
8.221,1.335,3.500
8.224,1.369,3.500
8.204,1.399,3.500
8.230,1.436,3.500
8.221,1.468,3.500
8.235,1.504,3.500
8.218,1.534,3.500
8.259,1.575,3.500
8.247,1.607,3.500
8.238,1.638,3.500
8.283,1.681,3.500
8.265,1.712,3.500
8.267,1.746,3.500
8.257,1.777,3.500
8.455,1.855,3.500
8.280,1.851,3.500
8.268,1.882,3.500
8.260,1.914,3.500
8.364,1.973,3.500
8.279,1.987,3.500
8.277,2.021,3.500
8.463,2.102,3.500
8.276,2.090,3.500
8.456,2.171,3.500
8.318,2.170,3.500
8.479,2.248,3.500
8.334,2.244,3.500
8.497,2.324,3.500
8.321,2.311,3.500
8.501,2.397,3.500
8.501,2.433,3.500
8.362,2.429,3.500
8.509,2.508,3.500
8.335,2.492,3.500
8.526,2.586,3.500
8.358,2.571,3.500
8.507,2.653,3.500
8.510,2.691,3.500
8.384,2.687,3.500
8.500,2.761,3.500
8.362,2.753,3.500
8.381,2.796,3.500
8.379,2.832,3.500
8.503,2.911,3.500
8.384,2.907,3.500
8.525,2.993,3.500
8.359,2.972,3.500
8.495,3.058,3.500
8.366,3.048,3.500
8.498,3.134,3.500
8.342,3.114,3.500
8.475,3.202,3.500
8.313,3.178,3.500
8.479,3.279,3.500
8.321,3.256,3.500
8.485,3.359,3.500
8.496,3.402,3.500
8.366,3.388,3.500
8.378,3.431,3.500
8.510,3.524,3.500
8.531,3.572,3.500
8.386,3.550,3.500
8.552,3.660,3.500
8.378,3.624,3.500
8.502,3.718,3.500
8.382,3.705,3.500
8.508,3.800,3.500
8.380,3.783,3.500
8.398,3.830,3.500
8.506,3.920,3.500
8.379,3.901,3.500
8.490,3.994,3.500
8.372,3.979,3.500
8.382,4.024,3.500
8.401,4.073,3.500
8.387,4.107,3.500
8.399,4.154,3.500
8.372,4.182,3.500
8.392,4.233,3.500
8.370,4.264,3.500
8.369,4.304,3.500
8.366,4.344,3.500
8.361,4.383,3.500
8.394,4.443,3.500
8.355,4.464,3.500
8.362,4.510,3.500
8.343,4.542,3.500
8.332,4.579,3.500
8.302,4.605,3.500
8.299,4.646,3.500
8.416,4.755,3.500
8.247,4.702,3.500
8.351,4.805,3.500
8.190,4.756,3.500
8.276,4.849,3.500
8.241,4.872,3.500
8.122,4.845,3.500
8.207,4.939,3.500
8.054,4.891,3.500
8.146,4.990,3.500
8.006,4.948,3.500
8.003,4.989,3.500
7.970,5.012,3.500
7.960,5.050,3.500
7.935,5.078,3.500
8.020,5.177,3.500
7.894,5.139,3.500
7.976,5.237,3.500
7.853,5.201,3.500
7.913,5.285,3.500
7.781,5.241,3.500
7.767,5.276,3.500
7.748,5.308,3.500
7.721,5.334,3.500
7.679,5.349,3.500
7.667,5.386,3.500
7.641,5.413,3.500
7.604,5.431,3.500
7.687,5.536,3.500
7.558,5.489,3.500
7.513,5.502,3.500
7.487,5.527,3.500
7.480,5.568,3.500
7.412,5.563,3.500
7.403,5.602,3.500
7.378,5.628,3.500
7.456,5.734,3.500
7.324,5.678,3.500
7.284,5.693,3.500
7.255,5.717,3.500
7.343,5.833,3.500
7.193,5.760,3.500
7.171,5.788,3.500
7.149,5.818,3.500
7.109,5.831,3.500
7.079,5.854,3.500
7.064,5.888,3.500
7.043,5.917,3.500
6.989,5.919,3.500
6.972,5.952,3.500
6.944,5.975,3.500
6.923,6.005,3.500
6.875,6.011,3.500
6.858,6.043,3.500
6.823,6.060,3.500
6.811,6.097,3.500
6.767,6.106,3.500
6.730,6.121,3.500
6.824,6.255,3.500
6.680,6.172,3.500
6.759,6.294,3.500
6.620,6.214,3.500
6.695,6.333,3.500
6.576,6.270,3.500
6.536,6.281,3.500
6.625,6.417,3.500
6.465,6.312,3.500
6.437,6.334,3.500
6.419,6.365,3.500
6.386,6.382,3.500
6.338,6.385,3.500
6.313,6.410,3.500
6.293,6.439,3.500
6.266,6.462,3.500
6.214,6.459,3.500
6.193,6.488,3.500
6.137,6.481,3.500
6.123,6.517,3.500
6.089,6.532,3.500
6.075,6.568,3.500
6.039,6.581,3.500
6.009,6.600,3.500
5.966,6.604,3.500
6.048,6.749,3.500
6.029,6.780,3.500
5.880,6.665,3.500
5.970,6.821,3.500
5.836,6.722,3.500
5.919,6.871,3.500
5.785,6.769,3.500
5.754,6.786,3.500
5.733,6.816,3.500
5.706,6.839,3.500
5.670,6.850,3.500
5.621,6.845,3.500
5.603,6.878,3.500
5.576,6.900,3.500
5.555,6.929,3.500
5.529,6.953,3.500
5.468,6.931,3.500
5.546,7.087,3.500
5.426,6.991,3.500
5.490,7.131,3.500
5.363,7.022,3.500
5.394,7.120,3.500
5.300,7.054,3.500
5.262,7.061,3.500
5.233,7.080,3.500
5.199,7.092,3.500
5.273,7.253,3.500
5.189,7.196,3.500
5.203,7.275,3.500
5.075,7.155,3.500
5.141,7.310,3.500
5.110,7.326,3.500
4.987,7.210,3.500
5.054,7.368,3.500
4.930,7.249,3.500
4.997,7.410,3.500
4.873,7.288,3.500
4.847,7.311,3.500
4.813,7.322,3.500
4.782,7.336,3.500
4.765,7.374,3.500
4.729,7.382,3.500
4.711,7.417,3.500
4.673,7.421,3.500
4.663,7.470,3.500
4.688,7.576,3.500
4.572,7.454,3.500
4.600,7.566,3.500
4.508,7.482,3.500
4.481,7.503,3.500
4.531,7.655,3.500
4.422,7.538,3.500
4.393,7.556,3.500
4.365,7.577,3.500
4.354,7.626,3.500
4.311,7.620,3.500
4.290,7.654,3.500
4.258,7.666,3.500
4.307,7.828,3.500
4.196,7.697,3.500
4.245,7.859,3.500
4.138,7.735,3.500
4.105,7.746,3.500
4.074,7.760,3.500
4.109,7.902,3.500
4.017,7.801,3.500
4.058,7.957,3.500
3.954,7.828,3.500
3.955,7.906,3.500
3.882,7.838,3.500
3.870,7.891,3.500
3.829,7.887,3.500
3.796,7.897,3.500
3.770,7.923,3.500
3.739,7.938,3.500
3.709,7.955,3.500
3.690,7.996,3.500
3.663,8.019,3.500
3.624,8.018,3.500
3.629,8.113,3.500
3.562,8.048,3.500
3.599,8.218,3.500
3.500,8.078,3.500
3.531,8.238,3.500
3.417,8.060,3.500
3.456,8.242,3.500
3.353,8.084,3.500
3.326,8.109,3.500
3.294,8.122,3.500
3.264,8.139,3.500
3.228,8.143,3.500
3.252,8.299,3.500
3.154,8.143,3.500
3.174,8.289,3.500
3.077,8.132,3.500
3.038,8.125,3.500
3.012,8.153,3.500
2.971,8.139,3.500
2.957,8.203,3.500
2.903,8.152,3.500
2.888,8.212,3.500
2.870,8.265,3.500
2.897,8.447,3.500
2.876,8.496,3.500
2.800,8.380,3.500
2.814,8.533,3.500
2.747,8.440,3.500
2.763,8.605,3.500
2.681,8.464,3.500
2.669,8.541,3.500
2.621,8.505,3.500
2.598,8.551,3.500
2.610,8.713,3.500
2.538,8.596,3.500
2.561,8.799,3.500
2.492,8.689,3.500
2.506,8.868,3.500
2.440,8.766,3.500
2.449,8.934,3.500
2.415,8.947,3.500
2.343,8.820,3.500
2.345,8.970,3.500
2.274,8.840,3.500
2.280,9.008,3.500
2.215,8.899,3.500
2.178,8.900,3.500
2.141,8.898,3.500
2.110,8.925,3.500
2.071,8.914,3.500
2.069,9.065,3.500
2.003,8.939,3.500
1.970,8.957,3.500
1.934,8.962,3.500
1.897,8.957,3.500
1.891,9.110,3.500
1.827,8.976,3.500
1.821,9.130,3.500
1.759,9.003,3.500
1.747,9.130,3.500
1.687,9.010,3.500
1.657,9.048,3.500
1.621,9.052,3.500
1.587,9.063,3.500
1.544,9.027,3.500
1.534,9.187,3.500
1.496,9.183,3.500
1.437,9.042,3.500
1.424,9.192,3.500
1.368,9.064,3.500
1.332,9.067,3.500
1.297,9.077,3.500
1.260,9.071,3.500
1.223,9.070,3.500
1.207,9.225,3.500
1.151,9.072,3.500
1.136,9.243,3.500
1.081,9.094,3.500
1.063,9.251,3.500
1.014,9.136,3.500
0.977,9.132,3.500
0.941,9.131,3.500
0.907,9.152,3.500
0.883,9.288,3.500
0.834,9.152,3.500
0.799,9.160,3.500
0.773,9.290,3.500
0.728,9.187,3.500
0.704,9.350,3.500
0.656,9.194,3.500
0.620,9.197,3.500
0.584,9.203,3.500
0.550,9.236,3.500
0.513,9.230,3.500
0.484,9.373,3.500
0.440,9.222,3.500
0.411,9.389,3.500
0.370,9.268,3.500
0.335,9.320,3.500
0.301,9.416,3.500
0.260,9.274,3.500
0.225,9.303,3.500
0.188,9.312,3.500
0.152,9.307,3.500
0.115,9.313,3.500
0.079,9.340,3.500
0.042,9.368,3.500
0.006,9.495,3.500
-0.031,9.366,3.500
-0.069,9.499,3.500
-0.104,9.346,3.500
-0.141,9.345,3.500
-0.177,9.290,3.500
-0.214,9.312,3.500
-0.249,9.274,3.500
-0.286,9.269,3.500
-0.325,9.364,3.500
-0.356,9.211,3.500
-0.397,9.320,3.500
-0.425,9.129,3.500
-0.461,9.131,3.500
-0.502,9.221,3.500
-0.527,9.038,3.500
-0.569,9.140,3.500
-0.591,8.927,3.500
-0.635,9.049,3.500
-0.656,8.854,3.500
-0.689,8.821,3.500
-0.718,8.752,3.500
-0.751,8.737,3.500
-0.793,8.824,3.500
-0.813,8.661,3.500
-0.845,8.635,3.500
-0.895,8.787,3.500
-0.908,8.583,3.500
-0.960,8.751,3.500
-0.965,8.489,3.500
-1.021,8.672,3.500
-1.029,8.455,3.500
-1.063,8.461,3.500
-1.090,8.409,3.500
-1.122,8.399,3.500
-1.181,8.578,3.500
-1.184,8.360,3.500
-1.244,8.538,3.500
-1.270,8.484,3.500
-1.276,8.304,3.500
-1.339,8.489,3.500
-1.335,8.253,3.500
-1.369,8.258,3.500
-1.401,8.250,3.500
-1.455,8.373,3.500
-1.457,8.188,3.500
-1.492,8.200,3.500
-1.521,8.177,3.500
-1.545,8.128,3.500
-1.607,8.281,3.500
-1.603,8.090,3.500
-1.667,8.243,3.500
-1.659,8.037,3.500
-1.703,8.091,3.500
-1.713,7.985,3.500
-1.746,7.984,3.500
-1.762,7.909,3.500
-1.841,8.114,3.500
-1.828,7.913,3.500
-1.907,8.110,3.500
-1.879,7.850,3.500
-1.911,7.849,3.500
-1.944,7.851,3.500
-1.961,7.788,3.500
-1.990,7.775,3.500
-2.023,7.776,3.500
-2.097,7.930,3.500
-2.077,7.732,3.500
-2.104,7.712,3.500
-2.139,7.722,3.500
-2.152,7.652,3.500
-2.184,7.650,3.500
-2.215,7.644,3.500
-2.247,7.641,3.500
-2.256,7.564,3.500
-2.337,7.723,3.500
-2.309,7.524,3.500
-2.397,7.705,3.500
-2.356,7.468,3.500
-2.446,7.650,3.500
-2.401,7.408,3.500
-2.437,7.421,3.500
-2.536,7.621,3.500
-2.476,7.343,3.500
-2.574,7.537,3.500
-2.531,7.317,3.500
-2.643,7.544,3.500
-2.649,7.467,3.500
-2.603,7.248,3.500
-2.716,7.470,3.500
-2.667,7.247,3.500
-2.771,7.440,3.500
-2.697,7.154,3.500
-2.729,7.153,3.500
-2.838,7.352,3.500
-2.764,7.078,3.500
-2.882,7.295,3.500
-2.821,7.060,3.500
-2.846,7.042,3.500
-2.861,7.001,3.500
-2.885,6.980,3.500
-2.898,6.935,3.500
-2.992,7.081,3.500
-3.036,7.108,3.500
-3.065,7.099,3.500
-3.061,7.013,3.500
-3.001,6.802,3.500
-3.033,6.804,3.500
-3.060,6.792,3.500
-3.091,6.790,3.500
-3.087,6.709,3.500
-3.119,6.711,3.500
-3.251,6.923,3.500
-3.159,6.659,3.500
-3.196,6.670,3.500
-3.331,6.881,3.500
-3.245,6.638,3.500
-3.375,6.836,3.500
-3.415,6.848,3.500
-3.330,6.613,3.500
-3.465,6.815,3.500
-3.377,6.576,3.500
-3.416,6.590,3.500
-3.434,6.560,3.500
-3.459,6.546,3.500
-3.592,6.733,3.500
-3.500,6.499,3.500
-3.661,6.735,3.500
-3.536,6.444,3.500
-3.685,6.654,3.500
-3.585,6.413,3.500
-3.742,6.634,3.500
-3.602,6.327,3.500
-3.757,6.539,3.500
-3.650,6.296,3.500
-3.813,6.519,3.500
-3.699,6.267,3.500
-3.703,6.218,3.500
-3.722,6.193,3.500
-3.746,6.179,3.500
-3.776,6.174,3.500
-3.904,6.327,3.500
-3.804,6.111,3.500
-3.967,6.318,3.500
-3.837,6.057,3.500
-4.009,6.274,3.500
-3.888,6.033,3.500
-3.923,6.035,3.500
-3.940,6.009,3.500
-4.078,6.166,3.500
-3.951,5.924,3.500
-4.083,6.070,3.500
-4.002,5.900,3.500
-4.185,6.117,3.500
-4.046,5.865,3.500
-4.067,5.845,3.500
-4.094,5.836,3.500
-4.122,5.827,3.500
-4.291,6.015,3.500
-4.155,5.778,3.500
-4.338,5.982,3.500
-4.203,5.748,3.500
-4.264,5.784,3.500
-4.289,5.770,3.500
-4.345,5.798,3.500
-4.298,5.688,3.500
-4.354,5.716,3.500
-4.521,5.887,3.500
-4.544,5.869,3.500
-4.384,5.616,3.500
-4.406,5.599,3.500
-4.425,5.579,3.500
-4.442,5.555,3.500
-4.630,5.744,3.500
-4.504,5.542,3.500
-4.531,5.531,3.500
-4.705,5.697,3.500
-4.561,5.479,3.500
-4.752,5.663,3.500
-4.601,5.440,3.500
-4.620,5.419,3.500
-4.869,5.667,3.500
-4.665,5.386,3.500
-4.867,5.575,3.500
-4.707,5.349,3.500
-4.911,5.536,3.500
-4.749,5.312,3.500
-4.775,5.299,3.500
-4.796,5.280,3.500
-4.780,5.222,3.500
-5.026,5.447,3.500
-4.995,5.371,3.500
-4.861,5.186,3.500
-4.845,5.128,3.500
-5.053,5.307,3.500
-4.888,5.093,3.500
-5.094,5.267,3.500
-4.933,5.060,3.500
-4.953,5.041,3.500
-4.964,5.013,3.500
-4.984,4.993,3.500
-5.015,4.985,3.500
-5.023,4.954,3.500
-5.048,4.940,3.500
-5.263,5.110,3.500
-5.093,4.906,3.500
-5.303,5.068,3.500
-5.164,4.897,3.500
-5.334,5.019,3.500
-5.208,4.862,3.500
-5.233,4.847,3.500
-5.441,4.999,3.500
-5.256,4.792,3.500
-5.474,4.951,3.500
-5.288,4.745,3.500
-5.306,4.724,3.500
-5.349,4.725,3.500
-5.361,4.699,3.500
-5.383,4.680,3.500
-5.401,4.659,3.500
-5.413,4.633,3.500
-5.403,4.587,3.500
-5.453,4.593,3.500
-5.464,4.566,3.500
-5.482,4.544,3.500
-5.710,4.695,3.500
-5.521,4.504,3.500
-5.750,4.653,3.500
-5.550,4.455,3.500
-5.765,4.591,3.500
-5.546,4.381,3.500
-5.573,4.367,3.500
-5.577,4.335,3.500
-5.600,4.318,3.500
-5.611,4.291,3.500
-5.621,4.264,3.500
-5.793,4.358,3.500
-5.832,4.352,3.500
-5.852,4.332,3.500
-5.872,4.311,3.500
-5.663,4.123,3.500
-5.682,4.103,3.500
-5.688,4.073,3.500
-5.936,4.216,3.500
-5.720,4.029,3.500
-5.963,4.165,3.500
-5.737,3.974,3.500
-5.998,4.120,3.500
-5.821,3.964,3.500
-5.864,3.960,3.500
-6.043,4.047,3.500
-5.884,3.907,3.500
-5.892,3.879,3.500
-5.915,3.861,3.500
-6.149,3.979,3.500
-5.962,3.825,3.500
-6.238,3.968,3.500
-6.023,3.798,3.500
-6.272,3.921,3.500
-6.060,3.755,3.500
-6.099,3.746,3.500
-6.068,3.695,3.500
-6.111,3.688,3.500
-6.335,3.789,3.500
-6.129,3.633,3.500
-6.377,3.747,3.500
-6.150,3.581,3.500
-6.410,3.698,3.500
-6.414,3.668,3.500
-6.185,3.504,3.500
-6.473,3.634,3.500
-6.219,3.460,3.500
-6.247,3.443,3.500
-6.268,3.422,3.500
-6.288,3.402,3.500
-6.266,3.358,3.500
-6.297,3.343,3.500
-6.295,3.310,3.500
-6.557,3.415,3.500
-6.314,3.257,3.500
-6.590,3.367,3.500
-6.358,3.217,3.500
-6.603,3.308,3.500
-6.383,3.167,3.500
-6.649,3.266,3.500
-6.422,3.123,3.500
-6.661,3.207,3.500
-6.439,3.069,3.500
-6.473,3.055,3.500
-6.532,3.051,3.500
-6.511,3.010,3.500
-6.764,3.095,3.500
-6.516,2.951,3.500
-6.798,3.046,3.500
-6.551,2.905,3.500
-6.815,2.990,3.500
-6.639,2.882,3.500
-6.876,2.952,3.500
-6.647,2.823,3.500
-6.727,2.826,3.500
-6.695,2.782,3.500
-6.683,2.746,3.500
-6.939,2.820,3.500
-6.716,2.698,3.500
-6.770,2.689,3.500
-6.989,2.744,3.500
-6.802,2.640,3.500
-6.805,2.611,3.500
-6.804,2.580,3.500
-6.781,2.541,3.500
-6.835,2.530,3.500
-6.856,2.508,3.500
-6.859,2.478,3.500
-6.861,2.448,3.500
-7.106,2.504,3.500
-6.898,2.401,3.500
-7.101,2.440,3.500
-6.943,2.355,3.500
-7.206,2.413,3.500
-7.198,2.379,3.500
-6.985,2.278,3.500
-7.220,2.324,3.500
-7.039,2.235,3.500
-7.051,2.208,3.500
-7.284,2.250,3.500
-7.122,2.169,3.500
-7.448,2.237,3.500
-7.132,2.111,3.500
-7.376,2.152,3.500
-7.188,2.067,3.500
-7.304,2.069,3.500
-7.225,2.016,3.500
-7.222,1.985,3.500
-7.467,2.021,3.500
-7.252,1.932,3.500
-7.245,1.900,3.500
-7.533,1.944,3.500
-7.331,1.861,3.500
-7.338,1.832,3.500
-7.341,1.802,3.500
-7.366,1.778,3.500
-7.338,1.740,3.500
-7.362,1.716,3.500
-7.376,1.688,3.500
-7.365,1.655,3.500
-7.375,1.627,3.500
-7.374,1.597,3.500
-7.370,1.565,3.500
-7.646,1.593,3.500
-7.410,1.513,3.500
-7.521,1.505,3.500
-7.408,1.452,3.500
-7.651,1.469,3.500
-7.412,1.393,3.500
-7.705,1.417,3.500
-7.486,1.346,3.500
-7.719,1.357,3.500
-7.731,1.328,3.500
-7.491,1.256,3.500
-7.741,1.267,3.500
-7.511,1.199,3.500
-7.519,1.170,3.500
-7.719,1.170,3.500
-7.570,1.117,3.500
-7.778,1.117,3.500
-7.579,1.058,3.500
-7.583,1.028,3.500
-7.826,1.030,3.500
-7.594,0.969,3.500
-7.626,0.942,3.500
-7.877,0.942,3.500
-7.643,0.884,3.500
-7.650,0.854,3.500
-7.868,0.847,3.500
-7.715,0.800,3.500
-7.715,0.769,3.500
-7.718,0.739,3.500
-7.734,0.710,3.500
-7.706,0.677,3.500
-7.770,0.652,3.500
-7.725,0.618,3.500
-7.964,0.605,3.500
-7.726,0.557,3.500
-7.786,0.530,3.500
-7.761,0.498,3.500
-7.780,0.469,3.500
-7.997,0.450,3.500
-7.786,0.408,3.500
-8.013,0.388,3.500
-7.826,0.348,3.500
-8.028,0.326,3.500
-7.832,0.287,3.500
-8.068,0.264,3.500
-7.841,0.225,3.500
-7.901,0.196,3.500
-7.875,0.165,3.500
-7.883,0.134,3.500
-7.893,0.103,3.500
-8.100,0.074,3.500
-7.974,0.041,3.500
-8.170,0.010,3.500
-7.933,-0.021,3.500
-7.942,-0.052,3.500
-7.984,-0.084,3.500
-7.970,-0.115,3.500
-8.184,-0.150,3.500
-8.001,-0.178,3.500
-8.188,-0.215,3.500
-8.003,-0.241,3.500
-7.983,-0.272,3.500
-8.134,-0.309,3.500
-7.980,-0.335,3.500
-8.203,-0.376,3.500
-7.984,-0.398,3.500
-8.173,-0.439,3.500
-7.987,-0.461,3.500
-8.175,-0.504,3.500
-7.973,-0.523,3.500
-8.192,-0.569,3.500
-7.972,-0.585,3.500
-7.967,-0.617,3.500
-8.179,-0.665,3.500
-7.965,-0.679,3.500
-7.971,-0.711,3.500
-8.168,-0.761,3.500
-7.950,-0.772,3.500
-8.170,-0.826,3.500
-7.950,-0.836,3.500
-7.981,-0.870,3.500
-7.993,-0.904,3.500
-7.983,-0.934,3.500
-8.199,-0.992,3.500
-8.016,-1.002,3.500
-8.203,-1.058,3.500
-8.042,-1.069,3.500
-8.058,-1.104,3.500
-8.275,-1.166,3.500
-8.127,-1.178,3.500
-8.302,-1.237,3.500
-8.150,-1.247,3.500
-8.159,-1.281,3.500
-8.177,-1.317,3.500
-8.177,-1.350,3.500
-8.347,-1.412,3.500
-8.215,-1.422,3.500
-8.240,-1.460,3.500
-8.459,-1.533,3.500
-8.261,-1.531,3.500
-8.472,-1.604,3.500
-8.293,-1.604,3.500
-8.497,-1.678,3.500
-8.312,-1.676,3.500
-8.327,-1.713,3.500
-8.336,-1.749,3.500
-8.326,-1.781,3.500
-8.358,-1.822,3.500
-8.549,-1.899,3.500
-8.323,-1.883,3.500
-8.512,-1.961,3.500
-8.365,-1.961,3.500
-8.364,-1.996,3.500
-8.522,-2.069,3.500
-8.381,-2.070,3.500
-8.536,-2.144,3.500
-8.410,-2.147,3.500
-8.399,-2.179,3.500
-8.562,-2.258,3.500
-8.411,-2.253,3.500
-8.587,-2.337,3.500
-8.571,-2.368,3.500
-8.422,-2.363,3.500
-8.593,-2.447,3.500
-8.460,-2.445,3.500
-8.457,-2.480,3.500
-8.436,-2.510,3.500
-8.591,-2.593,3.500
-8.448,-2.586,3.500
-8.618,-2.675,3.500
-8.462,-2.663,3.500
-8.635,-2.755,3.500
-8.477,-2.741,3.500
-8.488,-2.782,3.500
-8.640,-2.869,3.500
-8.643,-2.908,3.500
-8.638,-2.944,3.500
-8.655,-2.988,3.500
-8.617,-3.012,3.500
-8.631,-3.055,3.500
-8.505,-3.049,3.500
-8.496,-3.083,3.500
-8.471,-3.111,3.500
-8.477,-3.152,3.500
-8.587,-3.231,3.500
-8.438,-3.212,3.500
-8.410,-3.240,3.500
-8.423,-3.283,3.500
-8.488,-3.346,3.500
-8.411,-3.355,3.500
-8.414,-3.394,3.500
-8.391,-3.423,3.500
-8.381,-3.458,3.500
-8.406,-3.507,3.500
-8.518,-3.592,3.500
-8.375,-3.571,3.500
-8.342,-3.596,3.500
-8.352,-3.639,3.500
-8.330,-3.668,3.500
-8.472,-3.771,3.500
-8.333,-3.748,3.500
-8.470,-3.850,3.500
-8.330,-3.826,3.500
-8.338,-3.869,3.500
-8.352,-3.915,3.500
-8.329,-3.944,3.500
-8.345,-3.992,3.500
-8.465,-4.091,3.500
-8.378,-4.089,3.500
-8.349,-4.116,3.500
-8.361,-4.163,3.500
-8.347,-4.196,3.500
-8.348,-4.238,3.500
-8.333,-4.272,3.500
-8.436,-4.366,3.500
-8.331,-4.353,3.500
-8.338,-4.399,3.500
-8.315,-4.429,3.500
-8.323,-4.475,3.500
-8.372,-4.544,3.500
-8.305,-4.549,3.500
-8.413,-4.652,3.500
-8.290,-4.626,3.500
-8.277,-4.662,3.500
-8.299,-4.717,3.500
-8.230,-4.721,3.500
-8.326,-4.819,3.500
-8.203,-4.791,3.500
-8.171,-4.816,3.500
-8.127,-4.833,3.500
-8.128,-4.877,3.500
-8.102,-4.905,3.500
-8.084,-4.937,3.500
-8.167,-5.032,3.500
-8.044,-5.000,3.500
-8.026,-5.032,3.500
-8.135,-5.145,3.500
-8.003,-5.106,3.500
-8.102,-5.214,3.500
-7.985,-5.183,3.500
-8.068,-5.282,3.500
-7.918,-5.228,3.500
-8.007,-5.333,3.500
-7.882,-5.294,3.500
-7.855,-5.321,3.500
-7.911,-5.404,3.500
-7.798,-5.372,3.500
-7.885,-5.477,3.500
-7.735,-5.419,3.500
-7.824,-5.527,3.500
-7.691,-5.478,3.500
-7.663,-5.504,3.500
-7.622,-5.520,3.500
-7.616,-5.561,3.500
-7.687,-5.660,3.500
-7.541,-5.598,3.500
-7.626,-5.707,3.500
-7.477,-5.641,3.500
-7.458,-5.673,3.500
-7.533,-5.778,3.500
-7.406,-5.727,3.500
-7.371,-5.746,3.500
-7.344,-5.771,3.500
-7.318,-5.797,3.500
-7.399,-5.909,3.500
-7.252,-5.838,3.500
-7.333,-5.951,3.500
-7.184,-5.877,3.500
-7.259,-5.986,3.500
-7.117,-5.916,3.500
-7.190,-6.024,3.500
-7.140,-6.031,3.500
-7.041,-5.994,3.500
-6.995,-6.003,3.500
-6.974,-6.033,3.500
-6.954,-6.063,3.500
-6.922,-6.083,3.500
-6.884,-6.098,3.500
-6.963,-6.217,3.500
-6.827,-6.143,3.500
-6.914,-6.271,3.500
-6.780,-6.198,3.500
-6.740,-6.210,3.500
-6.814,-6.329,3.500
-6.687,-6.260,3.500
-6.646,-6.270,3.500
-6.621,-6.296,3.500
-6.599,-6.325,3.500
-6.673,-6.446,3.500
-6.515,-6.343,3.500
-6.613,-6.489,3.500
-6.471,-6.400,3.500
-6.442,-6.421,3.500
-6.410,-6.440,3.500
-6.391,-6.471,3.500
-6.362,-6.493,3.500
-6.337,-6.518,3.500
-6.395,-6.630,3.500
-6.261,-6.542,3.500
-6.344,-6.681,3.500
-6.213,-6.594,3.500
-6.164,-6.594,3.500
-6.136,-6.617,3.500
-6.217,-6.757,3.500
-6.090,-6.671,3.500
-6.168,-6.810,3.500
-6.124,-6.815,3.500
-5.990,-6.719,3.500
-5.962,-6.741,3.500
-5.940,-6.769,3.500
-5.911,-6.789,3.500
-5.882,-6.810,3.500
-5.847,-6.823,3.500
-5.811,-6.835,3.500
-5.871,-6.961,3.500
-5.754,-6.877,3.500
-5.827,-7.020,3.500
-5.696,-6.917,3.500
-5.673,-6.945,3.500
-5.619,-6.934,3.500
-5.601,-6.967,3.500
-5.632,-7.063,3.500
-5.545,-7.009,3.500
-5.568,-7.096,3.500
-5.466,-7.023,3.500
-5.578,-7.225,3.500
-5.415,-7.071,3.500
-5.483,-7.218,3.500
-5.355,-7.108,3.500
-5.333,-7.137,3.500
-5.400,-7.286,3.500
-5.370,-7.305,3.500
-5.340,-7.324,3.500
-5.193,-7.181,3.500
-5.267,-7.344,3.500
-5.133,-7.218,3.500
-5.130,-7.273,3.500
-5.170,-7.391,3.500
-5.059,-7.293,3.500
-5.101,-7.416,3.500
-4.980,-7.301,3.500
-4.948,-7.317,3.500
-4.928,-7.348,3.500
-4.895,-7.361,3.500
-4.867,-7.382,3.500
-4.876,-7.459,3.500
-4.804,-7.412,3.500
-4.867,-7.575,3.500
-4.748,-7.454,3.500
-4.790,-7.586,3.500
-4.669,-7.458,3.500
-4.730,-7.621,3.500
-4.610,-7.494,3.500
-4.673,-7.664,3.500
-4.555,-7.537,3.500
-4.609,-7.695,3.500
-4.496,-7.572,3.500
-4.550,-7.732,3.500
-4.431,-7.599,3.500
-4.482,-7.756,3.500
-4.377,-7.644,3.500
-4.423,-7.795,3.500
-4.313,-7.670,3.500
-4.364,-7.833,3.500
-4.255,-7.708,3.500
-4.302,-7.865,3.500
-4.201,-7.754,3.500
-4.178,-7.785,3.500
-4.149,-7.803,3.500
-4.124,-7.830,3.500
-4.155,-7.965,3.500
-4.131,-7.995,3.500
-4.028,-7.872,3.500
-4.069,-8.029,3.500
-3.963,-7.897,3.500
-3.932,-7.912,3.500
-3.903,-7.932,3.500
-3.880,-7.964,3.500
-3.857,-7.997,3.500
-3.890,-8.147,3.500
-3.790,-8.018,3.500
-3.763,-8.042,3.500
-3.726,-8.046,3.500
-3.744,-8.168,3.500
-3.665,-8.079,3.500
-3.720,-8.287,3.500
-3.599,-8.103,3.500
-3.637,-8.276,3.500
-3.550,-8.164,3.500
-3.518,-8.177,3.500
-3.521,-8.274,3.500
-3.449,-8.194,3.500
-3.417,-8.207,3.500
-3.377,-8.203,3.500
-3.346,-8.219,3.500
-3.317,-8.241,3.500
-3.337,-8.384,3.500
-3.246,-8.251,3.500
-3.274,-8.419,3.500
-3.171,-8.249,3.500
-3.140,-8.264,3.500
-3.164,-8.427,3.500
-3.061,-8.252,3.500
-3.088,-8.426,3.500
-2.985,-8.246,3.500
-2.952,-8.255,3.500
-2.925,-8.280,3.500
-2.890,-8.285,3.500
-2.863,-8.315,3.500
-2.891,-8.503,3.500
-2.804,-8.353,3.500
-2.821,-8.514,3.500
-2.745,-8.398,3.500
-2.758,-8.549,3.500
-2.700,-8.483,3.500
-2.718,-8.657,3.500
-2.654,-8.570,3.500
-2.630,-8.613,3.500
-2.632,-8.745,3.500
-2.579,-8.692,3.500
-2.588,-8.847,3.500
-2.561,-8.885,3.500
-2.485,-8.749,3.500
-2.453,-8.767,3.500
-2.454,-8.906,3.500
-2.384,-8.788,3.500
-2.399,-8.981,3.500
-2.330,-8.861,3.500
-2.300,-8.891,3.500
-2.267,-8.908,3.500
-2.238,-8.939,3.500
-2.237,-9.087,3.500
-2.212,-9.138,3.500
-2.142,-9.004,3.500
-2.104,-9.002,3.500
-2.070,-9.014,3.500
-2.035,-9.024,3.500
-1.997,-9.020,3.500
-1.963,-9.038,3.500
-1.933,-9.072,3.500
-1.892,-9.053,3.500
-1.879,-9.170,3.500
-1.817,-9.047,3.500
-1.777,-9.032,3.500
-1.770,-9.185,3.500
-1.736,-9.202,3.500
-1.690,-9.158,3.500
-1.662,-9.209,3.500
-1.598,-9.054,3.500
-1.589,-9.216,3.500
-1.531,-9.096,3.500
-1.489,-9.062,3.500
-1.479,-9.228,3.500
-1.419,-9.078,3.500
-1.383,-9.085,3.500
-1.354,-9.130,3.500
-1.313,-9.106,3.500
-1.277,-9.103,3.500
-1.260,-9.249,3.500
-1.206,-9.119,3.500
-1.184,-9.230,3.500
-1.151,-9.261,3.500
-1.097,-9.122,3.500
-1.061,-9.120,3.500
-1.041,-9.268,3.500
-0.989,-9.128,3.500
-0.957,-9.166,3.500
-0.921,-9.171,3.500
-0.901,-9.343,3.500
-0.849,-9.178,3.500
-0.813,-9.184,3.500
-0.789,-9.329,3.500
-0.742,-9.198,3.500
-0.707,-9.226,3.500
-0.671,-9.226,3.500
-0.644,-9.360,3.500
-0.597,-9.215,3.500
-0.564,-9.262,3.500
-0.528,-9.263,3.500
-0.498,-9.394,3.500
-0.456,-9.295,3.500
-0.420,-9.303,3.500
-0.383,-9.302,3.500
-0.346,-9.294,3.500
-0.314,-9.425,3.500
-0.274,-9.302,3.500
-0.237,-9.307,3.500
-0.202,-9.366,3.500
-0.165,-9.335,3.500
-0.130,-9.474,3.500
-0.091,-9.336,3.500
-0.055,-9.366,3.500
-0.018,-9.350,3.500
0.019,-9.495,3.500
0.055,-9.362,3.500
0.094,-9.525,3.500
0.129,-9.361,3.500
0.168,-9.502,3.500
0.202,-9.360,3.500
0.239,-9.363,3.500
0.276,-9.354,3.500
0.313,-9.361,3.500
0.355,-9.504,3.500
0.390,-9.463,3.500
0.420,-9.297,3.500
0.464,-9.435,3.500
0.491,-9.250,3.500
0.527,-9.242,3.500
0.568,-9.327,3.500
0.595,-9.175,3.500
0.626,-9.098,3.500
0.673,-9.253,3.500
0.694,-9.042,3.500
0.728,-9.024,3.500
0.756,-8.931,3.500
0.800,-9.036,3.500
0.820,-8.864,3.500
0.856,-8.868,3.500
0.903,-8.992,3.500
0.917,-8.778,3.500
0.949,-8.755,3.500
0.978,-8.707,3.500
1.007,-8.659,3.500
1.036,-8.607,3.500
1.071,-8.618,3.500
1.098,-8.560,3.500
1.151,-8.699,3.500
1.179,-8.652,3.500
1.210,-8.625,3.500
1.239,-8.590,3.500
1.244,-8.390,3.500
1.282,-8.420,3.500
1.303,-8.337,3.500
1.338,-8.343,3.500
1.394,-8.483,3.500
1.396,-8.291,3.500
1.438,-8.337,3.500
1.454,-8.238,3.500
1.485,-8.224,3.500
1.511,-8.187,3.500
1.546,-8.192,3.500
1.569,-8.141,3.500
1.638,-8.322,3.500
1.634,-8.131,3.500
1.696,-8.272,3.500
1.684,-8.053,3.500
1.718,-8.057,3.500
1.791,-8.243,3.500
1.777,-8.026,3.500
1.854,-8.221,3.500
1.837,-7.998,3.500
1.877,-8.031,3.500
1.945,-8.177,3.500
1.932,-7.981,3.500
1.953,-7.930,3.500
1.983,-7.919,3.500
2.062,-8.099,3.500
2.044,-7.898,3.500
2.123,-8.074,3.500
2.095,-7.843,3.500
2.116,-7.799,3.500
2.198,-7.976,3.500
2.218,-7.925,3.500
2.195,-7.729,3.500
2.227,-7.726,3.500
2.303,-7.873,3.500
2.273,-7.657,3.500
2.372,-7.877,3.500
2.323,-7.605,3.500
2.354,-7.602,3.500
2.366,-7.534,3.500
2.400,-7.540,3.500
2.422,-7.506,3.500
2.515,-7.693,3.500
2.472,-7.462,3.500
2.564,-7.638,3.500
2.584,-7.598,3.500
2.555,-7.416,3.500
2.661,-7.628,3.500
2.607,-7.380,3.500
2.629,-7.351,3.500
2.655,-7.331,3.500
2.742,-7.481,3.500
2.710,-7.304,3.500
2.819,-7.507,3.500
2.751,-7.241,3.500
2.863,-7.446,3.500
2.806,-7.213,3.500
2.841,-7.221,3.500
2.929,-7.358,3.500
2.948,-7.322,3.500
2.904,-7.133,3.500
2.936,-7.131,3.500
2.943,-7.068,3.500
2.966,-7.046,3.500
3.086,-7.251,3.500
3.030,-7.042,3.500
3.143,-7.227,3.500
3.056,-6.953,3.500
3.098,-6.974,3.500
3.111,-6.929,3.500
3.224,-7.107,3.500
3.141,-6.852,3.500
3.189,-6.885,3.500
3.198,-6.834,3.500
3.215,-6.801,3.500
3.245,-6.795,3.500
3.289,-6.818,3.500
3.387,-6.951,3.500
3.314,-6.734,3.500
3.329,-6.697,3.500
3.444,-6.861,3.500
3.368,-6.644,3.500
3.394,-6.631,3.500
3.415,-6.608,3.500
3.444,-6.601,3.500
3.468,-6.584,3.500
3.492,-6.567,3.500
3.486,-6.493,3.500
3.642,-6.722,3.500
3.555,-6.499,3.500
3.573,-6.472,3.500
3.725,-6.685,3.500
3.622,-6.440,3.500
3.655,-6.439,3.500
3.708,-6.474,3.500
3.705,-6.410,3.500
3.738,-6.409,3.500
3.778,-6.420,3.500
3.782,-6.370,3.500
3.931,-6.561,3.500
3.944,-6.525,3.500
3.861,-6.331,3.500
4.034,-6.556,3.500
3.924,-6.323,3.500
3.961,-6.326,3.500
4.120,-6.523,3.500
3.996,-6.273,3.500
4.131,-6.429,3.500
4.048,-6.245,3.500
4.185,-6.402,3.500
4.067,-6.169,3.500
4.089,-6.149,3.500
4.118,-6.140,3.500
4.138,-6.117,3.500
4.310,-6.319,3.500
4.188,-6.088,3.500
4.185,-6.033,3.500
4.220,-6.033,3.500
4.224,-5.988,3.500
4.254,-5.981,3.500
4.435,-6.184,3.500
4.262,-5.893,3.500
4.450,-6.102,3.500
4.310,-5.863,3.500
4.343,-5.859,3.500
4.517,-6.044,3.500
4.393,-5.831,3.500
4.428,-5.829,3.500
4.429,-5.783,3.500
4.450,-5.763,3.500
4.623,-5.939,3.500
4.497,-5.731,3.500
4.512,-5.704,3.500
4.702,-5.896,3.500
4.562,-5.674,3.500
4.597,-5.672,3.500
4.604,-5.635,3.500
4.796,-5.824,3.500
4.656,-5.608,3.500
4.683,-5.596,3.500
4.702,-5.574,3.500
4.716,-5.547,3.500
4.903,-5.721,3.500
4.752,-5.501,3.500
4.945,-5.679,3.500
4.805,-5.475,3.500
4.824,-5.453,3.500
4.851,-5.440,3.500
5.053,-5.623,3.500
4.893,-5.402,3.500
4.922,-5.391,3.500
4.941,-5.369,3.500
4.914,-5.298,3.500
5.077,-5.431,3.500
4.958,-5.262,3.500
4.987,-5.251,3.500
5.125,-5.354,3.500
4.981,-5.163,3.500
5.006,-5.149,3.500
5.166,-5.272,3.500
5.052,-5.115,3.500
5.266,-5.290,3.500
5.087,-5.070,3.500
5.101,-5.044,3.500
5.309,-5.209,3.500
5.155,-5.018,3.500
5.174,-4.998,3.500
5.182,-4.966,3.500
5.205,-4.949,3.500
5.296,-4.996,3.500
5.430,-5.083,3.500
5.271,-4.895,3.500
5.285,-4.869,3.500
5.490,-5.018,3.500
5.305,-4.811,3.500
5.535,-4.980,3.500
5.363,-4.788,3.500
5.367,-4.754,3.500
5.389,-4.735,3.500
5.410,-4.717,3.500
5.525,-4.778,3.500
5.438,-4.666,3.500
5.672,-4.829,3.500
5.484,-4.631,3.500
5.502,-4.610,3.500
5.714,-4.750,3.500
5.532,-4.561,3.500
5.769,-4.719,3.500
5.784,-4.694,3.500
5.576,-4.488,3.500
5.634,-4.499,3.500
5.620,-4.452,3.500
5.647,-4.437,3.500
5.869,-4.575,3.500
5.679,-4.390,3.500
5.705,-4.375,3.500
5.914,-4.498,3.500
5.717,-4.313,3.500
5.750,-4.303,3.500
5.770,-4.283,3.500
5.777,-4.253,3.500
5.790,-4.228,3.500
6.067,-4.393,3.500
6.038,-4.336,3.500
5.840,-4.159,3.500
6.118,-4.321,3.500
5.876,-4.116,3.500
5.912,-4.106,3.500
5.941,-4.092,3.500
5.934,-4.053,3.500
5.943,-4.025,3.500
6.184,-4.153,3.500
5.961,-3.969,3.500
6.204,-4.096,3.500
6.005,-3.931,3.500
6.017,-3.905,3.500
6.245,-4.019,3.500
6.061,-3.867,3.500
6.070,-3.839,3.500
6.311,-3.957,3.500
6.106,-3.795,3.500
6.128,-3.775,3.500
6.122,-3.739,3.500
6.140,-3.717,3.500
6.375,-3.825,3.500
6.169,-3.668,3.500
6.173,-3.638,3.500
6.341,-3.703,3.500
6.209,-3.593,3.500
6.462,-3.706,3.500
6.240,-3.547,3.500
6.306,-3.552,3.500
6.317,-3.525,3.500
6.317,-3.492,3.500
6.579,-3.604,3.500
6.365,-3.454,3.500
6.607,-3.552,3.500
6.388,-3.402,3.500
6.387,-3.369,3.500
6.635,-3.467,3.500
6.639,-3.436,3.500
6.441,-3.301,3.500
6.471,-3.285,3.500
6.456,-3.245,3.500
6.529,-3.250,3.500
6.722,-3.313,3.500
6.504,-3.174,3.500
6.542,-3.161,3.500
6.727,-3.218,3.500
6.538,-3.096,3.500
6.546,-3.068,3.500
6.808,-3.158,3.500
6.566,-3.015,3.500
6.582,-2.991,3.500
6.590,-2.964,3.500
6.605,-2.939,3.500
6.580,-2.897,3.500
6.580,-2.867,3.500
6.647,-2.864,3.500
6.835,-2.914,3.500
6.614,-2.789,3.500
6.865,-2.863,3.500
6.658,-2.746,3.500
6.635,-2.706,3.500
6.657,-2.685,3.500
6.645,-2.650,3.500
6.874,-2.710,3.500
6.695,-2.609,3.500
6.720,-2.589,3.500
6.704,-2.552,3.500
6.759,-2.543,3.500
6.788,-2.523,3.500
7.034,-2.583,3.500
6.800,-2.467,3.500
7.082,-2.538,3.500
6.812,-2.411,3.500
6.869,-2.401,3.500
7.118,-2.457,3.500
7.152,-2.437,3.500
7.202,-2.423,3.500
6.976,-2.316,3.500
7.018,-2.299,3.500
7.109,-2.298,3.500
7.314,-2.333,3.500
7.109,-2.237,3.500
7.164,-2.223,3.500
7.410,-2.268,3.500
7.171,-2.164,3.500
7.457,-2.218,3.500
7.230,-2.120,3.500
7.293,-2.108,3.500
7.535,-2.145,3.500
7.317,-2.052,3.500
7.548,-2.085,3.500
7.381,-2.008,3.500
7.409,-1.984,3.500
7.389,-1.948,3.500
7.404,-1.921,3.500
7.683,-1.961,3.500
7.688,-1.930,3.500
7.490,-1.849,3.500
7.467,-1.812,3.500
7.688,-1.834,3.500
7.726,-1.811,3.500
7.558,-1.741,3.500
7.552,-1.708,3.500
7.569,-1.681,3.500
7.628,-1.662,3.500
7.578,-1.620,3.500
7.581,-1.590,3.500
7.864,-1.617,3.500
7.640,-1.540,3.500
7.656,-1.512,3.500
7.826,-1.513,3.500
7.654,-1.449,3.500
7.885,-1.461,3.500
7.718,-1.398,3.500
7.730,-1.369,3.500
7.719,-1.336,3.500
8.029,-1.357,3.500
7.739,-1.277,3.500
7.764,-1.250,3.500
7.772,-1.220,3.500
7.747,-1.185,3.500
7.969,-1.187,3.500
7.802,-1.131,3.500
7.868,-1.109,3.500
7.814,-1.070,3.500
7.821,-1.040,3.500
8.130,-1.048,3.500
7.816,-0.977,3.500
8.081,-0.977,3.500
7.830,-0.916,3.500
7.850,-0.887,3.500
7.841,-0.855,3.500
8.116,-0.853,3.500
7.912,-0.800,3.500
8.123,-0.789,3.500
7.895,-0.735,3.500
7.930,-0.707,3.500
7.939,-0.677,3.500
8.116,-0.660,3.500
7.928,-0.613,3.500
8.142,-0.598,3.500
7.936,-0.551,3.500
7.932,-0.520,3.500
8.106,-0.499,3.500
7.926,-0.457,3.500
7.950,-0.427,3.500
7.926,-0.394,3.500
7.953,-0.364,3.500
7.961,-0.333,3.500
7.969,-0.302,3.500
7.957,-0.271,3.500
7.942,-0.239,3.500
8.158,-0.213,3.500
7.934,-0.176,3.500
7.954,-0.146,3.500
8.163,-0.117,3.500
8.006,-0.084,3.500
7.884,-0.051,4.000
8.003,-0.021,4.000
7.984,0.011,4.000
8.146,0.043,4.000
7.987,0.073,4.000
8.244,0.108,4.000
8.037,0.137,4.000
8.234,0.173,4.000
8.035,0.200,4.000
8.259,0.238,4.000
8.043,0.263,4.000
8.023,0.294,4.000
8.090,0.328,4.000
8.086,0.360,4.000
8.072,0.391,4.000
8.285,0.434,4.000
8.261,0.465,4.000
8.308,0.501,4.000
8.129,0.522,4.000
8.103,0.552,4.000
8.143,0.587,4.000
8.128,0.618,4.000
8.316,0.665,4.000
8.328,0.699,4.000
8.130,0.715,4.000
8.316,0.764,4.000
8.121,0.778,4.000
8.183,0.817,4.000
8.156,0.846,4.000
8.147,0.878,4.000
8.149,0.910,4.000
8.163,0.944,4.000
8.378,1.002,4.000
8.188,1.012,4.000
8.381,1.070,4.000
8.180,1.077,4.000
8.394,1.138,4.000
8.206,1.146,4.000
8.210,1.179,4.000
8.265,1.220,4.000
8.408,1.275,4.000
8.224,1.280,4.000
8.233,1.315,4.000
8.392,1.374,4.000
8.214,1.378,4.000
8.431,1.448,4.000
8.231,1.447,4.000
8.228,1.480,4.000
8.263,1.520,4.000
8.255,1.552,4.000
8.254,1.585,4.000
8.431,1.653,4.000
8.260,1.654,4.000
8.461,1.728,4.000
8.301,1.730,4.000
8.302,1.764,4.000
8.290,1.795,4.000
8.285,1.829,4.000
8.267,1.859,4.000
8.265,1.892,4.000
8.470,1.974,4.000
8.284,1.965,4.000
8.400,2.027,4.000
8.308,2.040,4.000
8.460,2.112,4.000
8.299,2.107,4.000
8.460,2.183,4.000
8.315,2.181,4.000
8.304,2.213,4.000
8.498,2.300,4.000
8.324,2.288,4.000
8.489,2.369,4.000
8.336,2.362,4.000
8.331,2.396,4.000
8.349,2.436,4.000
8.339,2.469,4.000
8.499,2.553,4.000
8.518,2.595,4.000
8.379,2.589,4.000
8.533,2.673,4.000
8.391,2.665,4.000
8.383,2.698,4.000
8.542,2.787,4.000
8.400,2.777,4.000
8.553,2.865,4.000
8.399,2.850,4.000
8.410,2.890,4.000
8.383,2.918,4.000
8.385,2.956,4.000
8.353,2.981,4.000
8.377,3.027,4.000
8.511,3.113,4.000
8.342,3.088,4.000
8.486,3.180,4.000
8.317,3.154,4.000
8.465,3.248,4.000
8.331,3.234,4.000
8.351,3.280,4.000
8.465,3.363,4.000
8.371,3.364,4.000
8.508,3.458,4.000
8.378,3.443,4.000
8.399,3.490,4.000
8.401,3.530,4.000
8.548,3.631,4.000
8.391,3.604,4.000
8.411,3.651,4.000
8.540,3.747,4.000
8.395,3.723,4.000
8.540,3.827,4.000
8.423,3.815,4.000
8.536,3.907,4.000
8.415,3.891,4.000
8.396,3.922,4.000
8.420,3.974,4.000
8.400,4.005,4.000
8.478,4.083,4.000
8.423,4.097,4.000
8.522,4.187,4.000
8.411,4.174,4.000
8.514,4.266,4.000
8.401,4.251,4.000
8.393,4.288,4.000
8.393,4.330,4.000
8.373,4.361,4.000
8.492,4.466,4.000
8.388,4.453,4.000
8.373,4.487,4.000
8.357,4.521,4.000
8.445,4.612,4.000
8.322,4.587,4.000
8.296,4.615,4.000
8.286,4.653,4.000
8.261,4.681,4.000
8.218,4.700,4.000
8.323,4.803,4.000
8.179,4.763,4.000
8.167,4.799,4.000
8.125,4.817,4.000
8.106,4.849,4.000
8.089,4.882,4.000
8.177,4.979,4.000
8.059,4.950,4.000
8.008,4.963,4.000
7.985,4.992,4.000
7.982,5.034,4.000
8.067,5.131,4.000
7.927,5.087,4.000
8.004,5.181,4.000
7.895,5.154,4.000
7.865,5.179,4.000
7.851,5.214,4.000
7.802,5.225,4.000
7.784,5.258,4.000
7.828,5.332,4.000
7.831,5.380,4.000
7.694,5.330,4.000
7.777,5.432,4.000
7.665,5.399,4.000
7.724,5.487,4.000
7.585,5.433,4.000
7.572,5.468,4.000
7.523,5.478,4.000
7.501,5.507,4.000
7.586,5.616,4.000
7.429,5.544,4.000
7.528,5.664,4.000
7.388,5.605,4.000
7.377,5.642,4.000
7.323,5.646,4.000
7.312,5.684,4.000
7.388,5.789,4.000
7.238,5.718,4.000
7.330,5.837,4.000
7.186,5.769,4.000
7.167,5.800,4.000
7.118,5.807,4.000
7.205,5.925,4.000
7.080,5.869,4.000
7.152,5.976,4.000
7.122,5.999,4.000
7.083,6.014,4.000
7.033,6.019,4.000
6.912,5.962,4.000
6.898,5.998,4.000
6.977,6.115,4.000
6.948,6.138,4.000
6.817,6.070,4.000
6.891,6.184,4.000
6.753,6.109,4.000
6.819,6.217,4.000
6.702,6.159,4.000
6.779,6.279,4.000
6.637,6.196,4.000
6.737,6.339,4.000
6.570,6.231,4.000
6.656,6.362,4.000
6.520,6.281,4.000
6.479,6.291,4.000
6.453,6.315,4.000
6.436,6.348,4.000
6.504,6.466,4.000
6.351,6.363,4.000
6.442,6.506,4.000
6.302,6.414,4.000
6.283,6.446,4.000
6.223,6.434,4.000
6.206,6.467,4.000
6.290,6.606,4.000
6.134,6.493,4.000
6.221,6.638,4.000
6.083,6.541,4.000
6.164,6.682,4.000
6.034,6.592,4.000
5.986,6.592,4.000
5.960,6.615,4.000
5.930,6.633,4.000
5.907,6.660,4.000
5.986,6.803,4.000
5.853,6.704,4.000
5.936,6.853,4.000
5.806,6.757,4.000
5.780,6.780,4.000
5.738,6.785,4.000
5.822,6.939,4.000
5.672,6.815,4.000
5.753,6.967,4.000
5.624,6.867,4.000
5.599,6.890,4.000
5.561,6.899,4.000
5.512,6.893,4.000
5.612,7.075,4.000
5.465,6.946,4.000
5.523,7.076,4.000
5.447,7.035,4.000
5.480,7.136,4.000
5.456,7.163,4.000
5.412,7.164,4.000
5.375,7.172,4.000
5.246,7.058,4.000
5.324,7.222,4.000
5.206,7.121,4.000
5.167,7.125,4.000
5.139,7.145,4.000
5.091,7.138,4.000
5.066,7.162,4.000
5.132,7.317,4.000
5.008,7.199,4.000
4.982,7.223,4.000
4.954,7.242,4.000
4.921,7.255,4.000
4.988,7.416,4.000
4.864,7.294,4.000
4.848,7.331,4.000
4.809,7.336,4.000
4.863,7.482,4.000
4.752,7.374,4.000
4.796,7.508,4.000
4.692,7.409,4.000
4.752,7.569,4.000
4.635,7.447,4.000
4.692,7.604,4.000
4.581,7.490,4.000
4.547,7.501,4.000
4.519,7.521,4.000
4.487,7.535,4.000
4.464,7.563,4.000
4.428,7.570,4.000
4.402,7.593,4.000
4.446,7.739,4.000
4.413,7.753,4.000
4.308,7.638,4.000
4.356,7.793,4.000
4.254,7.683,4.000
4.304,7.846,4.000
4.187,7.703,4.000
4.243,7.879,4.000
4.210,7.894,4.000
4.095,7.749,4.000
4.065,7.768,4.000
4.036,7.786,4.000
4.009,7.808,4.000
4.052,7.969,4.000
4.021,7.986,4.000
3.927,7.877,4.000
3.927,7.955,4.000
3.858,7.892,4.000
3.837,7.929,4.000
3.800,7.931,4.000
3.773,7.954,4.000
3.809,8.113,4.000
3.709,7.981,4.000
3.679,7.998,4.000
3.710,8.149,4.000
3.614,8.022,4.000
3.583,8.037,4.000
3.616,8.198,4.000
3.523,8.073,4.000
3.491,8.085,4.000
3.523,8.249,4.000
3.437,8.137,4.000
3.384,8.098,4.000
3.362,8.136,4.000
3.311,8.102,4.000
3.287,8.135,4.000
3.296,8.249,4.000
3.216,8.142,4.000
3.235,8.286,4.000
3.165,8.200,4.000
3.163,8.293,4.000
3.121,8.279,4.000
3.039,8.160,4.000
3.063,8.323,4.000
2.985,8.211,4.000
2.954,8.225,4.000
2.974,8.385,4.000
2.904,8.290,4.000
2.914,8.424,4.000
2.893,8.473,4.000
2.822,8.372,4.000
2.800,8.415,4.000
2.772,8.440,4.000
2.749,8.482,4.000
2.757,8.623,4.000
2.687,8.521,4.000
2.700,8.680,4.000
2.619,8.537,4.000
2.600,8.594,4.000
2.565,8.602,4.000
2.539,8.638,4.000
2.514,8.678,4.000
2.486,8.710,4.000
2.495,8.871,4.000
2.426,8.761,4.000
2.431,8.915,4.000
2.363,8.801,4.000
2.341,8.856,4.000
2.296,8.828,4.000
2.300,8.986,4.000
2.230,8.856,4.000
2.230,9.008,4.000
2.159,8.869,4.000
2.132,8.911,4.000
2.091,8.892,4.000
2.057,8.904,4.000
2.047,9.024,4.000
1.986,8.916,4.000
1.950,8.922,4.000
1.936,9.027,4.000
1.879,8.928,4.000
1.845,8.944,4.000
1.827,9.037,4.000
1.775,8.958,4.000
1.740,8.967,4.000
1.731,9.110,4.000
1.669,8.976,4.000
1.661,9.132,4.000
1.603,9.012,4.000
1.592,9.163,4.000
1.528,9.003,4.000
1.517,9.157,4.000
1.457,9.015,4.000
1.444,9.158,4.000
1.386,9.024,4.000
1.350,9.021,4.000
1.316,9.041,4.000
1.280,9.042,4.000
1.245,9.047,4.000
1.214,9.084,4.000
1.173,9.054,4.000
1.138,9.059,4.000
1.125,9.246,4.000
1.069,9.089,4.000
1.035,9.106,4.000
1.006,9.171,4.000
0.966,9.133,4.000
0.931,9.145,4.000
0.895,9.151,4.000
0.858,9.146,4.000
0.822,9.149,4.000
0.801,9.322,4.000
0.753,9.185,4.000
0.728,9.332,4.000
0.681,9.194,4.000
0.655,9.343,4.000
0.610,9.222,4.000
0.574,9.225,4.000
0.546,9.364,4.000
0.502,9.239,4.000
0.473,9.382,4.000
0.431,9.266,4.000
0.395,9.275,4.000
0.358,9.267,4.000
0.322,9.274,4.000
0.285,9.269,4.000
0.250,9.305,4.000
0.216,9.447,4.000
0.179,9.444,4.000
0.140,9.307,4.000
0.104,9.340,4.000
0.067,9.346,4.000
0.031,9.348,4.000
-0.006,9.452,4.000
-0.043,9.294,4.000
-0.079,9.312,4.000
-0.117,9.432,4.000
-0.152,9.278,4.000
-0.187,9.239,4.000
-0.224,9.250,4.000
-0.259,9.210,4.000
-0.295,9.194,4.000
-0.335,9.316,4.000
-0.365,9.140,4.000
-0.401,9.149,4.000
-0.434,9.085,4.000
-0.468,9.050,4.000
-0.510,9.165,4.000
-0.533,8.949,4.000
-0.569,8.954,4.000
-0.599,8.877,4.000
-0.645,9.024,4.000
-0.662,8.781,4.000
-0.708,8.925,4.000
-0.725,8.702,4.000
-0.757,8.674,4.000
-0.806,8.844,4.000
-0.820,8.617,4.000
-0.869,8.763,4.000
-0.885,8.582,4.000
-0.937,8.751,4.000
-0.944,8.508,4.000
-0.978,8.509,4.000
-1.006,8.457,4.000
-1.039,8.448,4.000
-1.087,8.564,4.000
-1.100,8.399,4.000
-1.130,8.373,4.000
-1.187,8.541,4.000
-1.206,8.437,4.000
-1.222,8.318,4.000
-1.284,8.503,4.000
-1.282,8.272,4.000
-1.338,8.417,4.000
-1.342,8.231,4.000
-1.374,8.223,4.000
-1.436,8.395,4.000
-1.431,8.172,4.000
-1.466,8.181,4.000
-1.486,8.109,4.000
-1.553,8.291,4.000
-1.551,8.103,4.000
-1.577,8.068,4.000
-1.607,8.056,4.000
-1.630,8.006,4.000
-1.656,7.976,4.000
-1.723,8.137,4.000
-1.757,8.138,4.000
-1.745,7.932,4.000
-1.778,7.934,4.000
-1.807,7.918,4.000
-1.827,7.863,4.000
-1.859,7.858,4.000
-1.885,7.833,4.000
-1.971,8.050,4.000
-1.939,7.788,4.000
-1.973,7.792,4.000
-2.044,7.944,4.000
-2.077,7.942,4.000
-2.052,7.722,4.000
-2.128,7.885,4.000
-2.101,7.663,4.000
-2.132,7.658,4.000
-2.204,7.798,4.000
-2.234,7.789,4.000
-2.203,7.566,4.000
-2.235,7.567,4.000
-2.315,7.727,4.000
-2.349,7.729,4.000
-2.309,7.493,4.000
-2.328,7.449,4.000
-2.358,7.443,4.000
-2.452,7.635,4.000
-2.396,7.362,4.000
-2.425,7.353,4.000
-2.529,7.566,4.000
-2.483,7.334,4.000
-2.490,7.262,4.000
-2.520,7.255,4.000
-2.630,7.477,4.000
-2.587,7.265,4.000
-2.611,7.241,4.000
-2.624,7.188,4.000
-2.731,7.392,4.000
-2.680,7.167,4.000
-2.710,7.160,4.000
-2.791,7.288,4.000
-2.748,7.092,4.000
-2.861,7.300,4.000
-2.789,7.034,4.000
-2.818,7.026,4.000
-2.906,7.165,4.000
-2.845,6.936,4.000
-2.872,6.925,4.000
-2.980,7.105,4.000
-2.912,6.868,4.000
-3.030,7.069,4.000
-2.962,6.835,4.000
-2.986,6.817,4.000
-3.114,7.036,4.000
-3.014,6.738,4.000
-3.053,6.754,4.000
-3.181,6.964,4.000
-3.145,6.814,4.000
-3.125,6.700,4.000
-3.149,6.684,4.000
-3.305,6.944,4.000
-3.205,6.666,4.000
-3.333,6.864,4.000
-3.290,6.708,4.000
-3.283,6.628,4.000
-3.311,6.618,4.000
-3.465,6.858,4.000
-3.357,6.582,4.000
-3.505,6.806,4.000
-3.406,6.549,4.000
-3.438,6.549,4.000
-3.577,6.749,4.000
-3.490,6.522,4.000
-3.553,6.577,4.000
-3.511,6.440,4.000
-3.666,6.661,4.000
-3.642,6.557,4.000
-3.593,6.409,4.000
-3.614,6.388,4.000
-3.610,6.323,4.000
-3.619,6.281,4.000
-3.763,6.472,4.000
-3.674,6.263,4.000
-3.717,6.279,4.000
-3.873,6.484,4.000
-3.736,6.199,4.000
-3.752,6.171,4.000
-3.770,6.146,4.000
-3.813,6.161,4.000
-3.820,6.119,4.000
-3.985,6.329,4.000
-3.881,6.109,4.000
-3.919,6.117,4.000
-3.926,6.075,4.000
-4.094,6.281,4.000
-3.965,6.031,4.000
-3.969,5.985,4.000
-3.988,5.963,4.000
-4.016,5.954,4.000
-4.110,6.043,4.000
-4.065,5.926,4.000
-4.090,5.913,4.000
-4.255,6.100,4.000
-4.136,5.881,4.000
-4.297,6.058,4.000
-4.171,5.832,4.000
-4.219,5.851,4.000
-4.221,5.805,4.000
-4.237,5.779,4.000
-4.269,5.775,4.000
-4.282,5.745,4.000
-4.473,5.952,4.000
-4.342,5.731,4.000
-4.344,5.688,4.000
-4.524,5.875,4.000
-4.399,5.667,4.000
-4.426,5.656,4.000
-4.441,5.629,4.000
-4.465,5.614,4.000
-4.662,5.815,4.000
-4.479,5.541,4.000
-4.503,5.527,4.000
-4.525,5.509,4.000
-4.551,5.498,4.000
-4.734,5.673,4.000
-4.592,5.459,4.000
-4.784,5.641,4.000
-4.629,5.416,4.000
-4.669,5.420,4.000
-4.661,5.367,4.000
-4.690,5.358,4.000
-4.825,5.469,4.000
-4.713,5.300,4.000
-4.725,5.272,4.000
-4.757,5.266,4.000
-4.744,5.210,4.000
-4.773,5.201,4.000
-4.976,5.379,4.000
-4.994,5.357,4.000
-4.831,5.141,4.000
-4.854,5.125,4.000
-5.062,5.303,4.000
-4.894,5.087,4.000
-5.114,5.274,4.000
-4.902,5.015,4.000
-4.968,5.044,4.000
-5.141,5.178,4.000
-4.990,4.987,4.000
-5.021,4.979,4.000
-5.035,4.953,4.000
-5.244,5.118,4.000
-5.068,4.908,4.000
-5.096,4.897,4.000
-5.189,4.947,4.000
-5.298,5.011,4.000
-5.141,4.825,4.000
-5.175,4.819,4.000
-5.388,4.978,4.000
-5.185,4.753,4.000
-5.430,4.938,4.000
-5.244,4.731,4.000
-5.269,4.716,4.000
-5.485,4.871,4.000
-5.303,4.672,4.000
-5.467,4.779,4.000
-5.330,4.622,4.000
-5.354,4.607,4.000
-5.614,4.792,4.000
-5.592,4.735,4.000
-5.395,4.533,4.000
-5.429,4.525,4.000
-5.447,4.503,4.000
-5.672,4.652,4.000
-5.459,4.442,4.000
-5.451,4.399,4.000
-5.653,4.526,4.000
-5.485,4.357,4.000
-5.716,4.504,4.000
-5.522,4.316,4.000
-5.536,4.292,4.000
-5.556,4.272,4.000
-5.576,4.253,4.000
-5.593,4.231,4.000
-5.599,4.202,4.000
-5.825,4.335,4.000
-5.574,4.114,4.000
-5.652,4.138,4.000
-5.664,4.113,4.000
-5.857,4.218,4.000
-5.641,4.029,4.000
-5.681,4.024,4.000
-5.964,4.190,4.000
-5.737,3.996,4.000
-5.925,4.093,4.000
-5.796,3.970,4.000
-6.029,4.095,4.000
-5.806,3.911,4.000
-6.045,4.037,4.000
-5.882,3.895,4.000
-5.852,3.842,4.000
-5.916,3.851,4.000
-5.938,3.832,4.000
-6.198,3.966,4.000
-5.961,3.781,4.000
-5.990,3.766,4.000
-6.189,3.858,4.000
-6.286,3.884,4.000
-6.093,3.732,4.000
-6.129,3.721,4.000
-6.325,3.806,4.000
-6.326,3.773,4.000
-6.151,3.636,4.000
-6.123,3.587,4.000
-6.390,3.710,4.000
-6.176,3.553,4.000
-6.419,3.660,4.000
-6.203,3.505,4.000
-6.214,3.478,4.000
-6.227,3.454,4.000
-6.255,3.437,4.000
-6.483,3.529,4.000
-6.317,3.407,4.000
-6.302,3.367,4.000
-6.297,3.333,4.000
-6.314,3.310,4.000
-6.578,3.415,4.000
-6.336,3.258,4.000
-6.601,3.362,4.000
-6.336,3.196,4.000
-6.374,3.184,4.000
-6.620,3.274,4.000
-6.643,3.253,4.000
-6.415,3.110,4.000
-6.536,3.137,4.000
-6.483,3.080,4.000
-6.495,3.055,4.000
-6.777,3.155,4.000
-6.523,3.006,4.000
-6.531,2.978,4.000
-6.528,2.946,4.000
-6.550,2.925,4.000
-6.573,2.904,4.000
-6.825,2.984,4.000
-6.584,2.848,4.000
-6.595,2.822,4.000
-6.606,2.796,4.000
-6.861,2.872,4.000
-6.676,2.764,4.000
-6.702,2.744,4.000
-6.932,2.807,4.000
-6.716,2.688,4.000
-6.978,2.762,4.000
-6.740,2.637,4.000
-6.736,2.605,4.000
-7.007,2.678,4.000
-6.767,2.556,4.000
-7.038,2.627,4.000
-6.857,2.529,4.000
-6.852,2.496,4.000
-7.103,2.556,4.000
-6.860,2.438,4.000
-6.888,2.418,4.000
-6.887,2.387,4.000
-6.903,2.363,4.000
-6.942,2.345,4.000
-6.959,2.321,4.000
-6.975,2.296,4.000
-7.224,2.346,4.000
-6.989,2.240,4.000
-7.038,2.225,4.000
-7.335,2.287,4.000
-7.066,2.173,4.000
-7.085,2.148,4.000
-7.318,2.188,4.000
-7.102,2.093,4.000
-7.171,2.083,4.000
-7.151,2.046,4.000
-7.162,2.019,4.000
-7.170,1.991,4.000
-7.405,2.025,4.000
-7.200,1.939,4.000
-7.247,1.921,4.000
-7.482,1.952,4.000
-7.226,1.855,4.000
-7.507,1.895,4.000
-7.269,1.805,4.000
-7.262,1.773,4.000
-7.529,1.807,4.000
-7.301,1.722,4.000
-7.563,1.752,4.000
-7.336,1.669,4.000
-7.328,1.637,4.000
-7.560,1.658,4.000
-7.563,1.628,4.000
-7.407,1.564,4.000
-7.342,1.520,4.000
-7.337,1.489,4.000
-7.644,1.520,4.000
-7.406,1.442,4.000
-7.457,1.422,4.000
-7.543,1.408,4.000
-7.454,1.361,4.000
-7.505,1.340,4.000
-7.714,1.346,4.000
-7.733,1.318,4.000
-7.492,1.247,4.000
-7.511,1.220,4.000
-7.708,1.220,4.000
-7.478,1.154,4.000
-7.553,1.135,4.000
-7.593,1.111,4.000
-7.786,1.108,4.000
-7.587,1.049,4.000
-7.584,1.018,4.000
-7.574,0.987,4.000
-7.877,0.995,4.000
-7.658,0.937,4.000
-7.651,0.905,4.000
-7.872,0.900,4.000
-7.641,0.843,4.000
-7.672,0.816,4.000
-7.716,0.790,4.000
-7.712,0.759,4.000
-7.729,0.730,4.000
-7.945,0.719,4.000
-7.717,0.668,4.000
-7.821,0.646,4.000
-7.726,0.608,4.000
-7.701,0.575,4.000
-7.961,0.564,4.000
-7.963,0.532,4.000
-7.751,0.488,4.000
-7.784,0.459,4.000
-7.789,0.429,4.000
-7.814,0.399,4.000
-8.016,0.378,4.000
-7.776,0.336,4.000
-7.778,0.306,4.000
-7.928,0.280,4.000
-7.827,0.246,4.000
-7.838,0.216,4.000
-7.835,0.185,4.000
-8.064,0.158,4.000
-7.833,0.123,4.000
-7.893,0.093,4.000
-7.903,0.062,4.000
-7.874,0.031,4.000
-8.109,0.000,4.000
-7.893,-0.031,4.000
-7.890,-0.062,4.000
-7.945,-0.093,4.000
-8.133,-0.128,4.000
-7.970,-0.156,4.000
-7.963,-0.187,4.000
-8.173,-0.225,4.000
-7.955,-0.250,4.000
-8.123,-0.287,4.000
-7.952,-0.312,4.000
-8.156,-0.352,4.000
-7.991,-0.377,4.000
-7.942,-0.406,4.000
-7.966,-0.438,4.000
-8.147,-0.480,4.000
-7.933,-0.499,4.000
-7.979,-0.533,4.000
-8.141,-0.576,4.000
-8.138,-0.608,4.000
-7.934,-0.624,4.000
-7.938,-0.656,4.000
-8.106,-0.702,4.000
-7.913,-0.716,4.000
-7.926,-0.749,4.000
-8.122,-0.799,4.000
-7.936,-0.813,4.000
-7.949,-0.846,4.000
-7.955,-0.878,4.000
-7.942,-0.908,4.000
-8.161,-0.965,4.000
-7.975,-0.975,4.000
-7.965,-1.006,4.000
-8.014,-1.044,4.000
-8.194,-1.100,4.000
-8.078,-1.117,4.000
-8.086,-1.150,4.000
-8.075,-1.181,4.000
-8.300,-1.247,4.000
-8.133,-1.255,4.000
-8.143,-1.289,4.000
-8.181,-1.328,4.000
-8.204,-1.365,4.000
-8.401,-1.432,4.000
-8.227,-1.435,4.000
-8.271,-1.476,4.000
-8.500,-1.552,4.000
-8.308,-1.550,4.000
-8.468,-1.614,4.000
-8.334,-1.623,4.000
-8.322,-1.654,4.000
-8.376,-1.699,4.000
-8.408,-1.740,4.000
-8.370,-1.767,4.000
-8.360,-1.799,4.000
-8.515,-1.867,4.000
-8.529,-1.906,4.000
-8.377,-1.906,4.000
-8.377,-1.941,4.000
-8.393,-1.979,4.000
-8.566,-2.055,4.000
-8.402,-2.051,4.000
-8.414,-2.089,4.000
-8.557,-2.160,4.000
-8.429,-2.163,4.000
-8.413,-2.194,4.000
-8.600,-2.279,4.000
-8.594,-2.314,4.000
-8.459,-2.313,4.000
-8.450,-2.346,4.000
-8.469,-2.387,4.000
-8.626,-2.468,4.000
-8.644,-2.510,4.000
-8.482,-2.499,4.000
-8.511,-2.544,4.000
-8.644,-2.621,4.000
-8.518,-2.619,4.000
-8.649,-2.697,4.000
-8.522,-2.694,4.000
-8.520,-2.730,4.000
-8.583,-2.787,4.000
-8.679,-2.856,4.000
-8.676,-2.893,4.000
-8.530,-2.882,4.000
-8.536,-2.921,4.000
-8.677,-3.008,4.000
-8.523,-2.992,4.000
-8.653,-3.076,4.000
-8.500,-3.058,4.000
-8.637,-3.146,4.000
-8.492,-3.131,4.000
-8.478,-3.164,4.000
-8.450,-3.192,4.000
-8.429,-3.221,4.000
-8.564,-3.311,4.000
-8.419,-3.293,4.000
-8.406,-3.326,4.000
-8.522,-3.411,4.000
-8.400,-3.401,4.000
-8.415,-3.445,4.000
-8.371,-3.466,4.000
-8.355,-3.498,4.000
-8.370,-3.542,4.000
-8.362,-3.578,4.000
-8.485,-3.670,4.000
-8.332,-3.642,4.000
-8.327,-3.680,4.000
-8.445,-3.771,4.000
-8.320,-3.755,4.000
-8.319,-3.794,4.000
-8.325,-3.836,4.000
-8.509,-3.961,4.000
-8.341,-3.923,4.000
-8.329,-3.957,4.000
-8.462,-4.061,4.000
-8.341,-4.044,4.000
-8.347,-4.087,4.000
-8.336,-4.122,4.000
-8.336,-4.163,4.000
-8.340,-4.206,4.000
-8.323,-4.239,4.000
-8.328,-4.282,4.000
-8.309,-4.314,4.000
-8.437,-4.422,4.000
-8.324,-4.405,4.000
-8.304,-4.436,4.000
-8.405,-4.533,4.000
-8.317,-4.527,4.000
-8.414,-4.623,4.000
-8.386,-4.651,4.000
-8.259,-4.623,4.000
-8.351,-4.717,4.000
-8.339,-4.754,4.000
-8.216,-4.727,4.000
-8.183,-4.750,4.000
-8.274,-4.847,4.000
-8.143,-4.813,4.000
-8.134,-4.851,4.000
-8.113,-4.882,4.000
-8.207,-4.982,4.000
-8.073,-4.945,4.000
-8.063,-4.982,4.000
-8.143,-5.075,4.000
-8.016,-5.040,4.000
-8.033,-5.095,4.000
-7.991,-5.112,4.000
-8.004,-5.165,4.000
-8.087,-5.264,4.000
-7.931,-5.207,4.000
-7.924,-5.246,4.000
-7.889,-5.268,4.000
-7.982,-5.376,4.000
-7.831,-5.319,4.000
-7.820,-5.356,4.000
-7.901,-5.457,4.000
-7.768,-5.411,4.000
-7.730,-5.429,4.000
-7.710,-5.461,4.000
-7.776,-5.553,4.000
-7.643,-5.504,4.000
-7.628,-5.539,4.000
-7.576,-5.547,4.000
-7.659,-5.654,4.000
-7.525,-5.600,4.000
-7.592,-5.697,4.000
-7.466,-5.648,4.000
-7.452,-5.684,4.000
-7.532,-5.792,4.000
-7.380,-5.721,4.000
-7.361,-5.753,4.000
-7.332,-5.777,4.000
-7.407,-5.883,4.000
-7.269,-5.820,4.000
-7.352,-5.934,4.000
-7.196,-5.855,4.000
-7.167,-5.878,4.000
-7.265,-6.007,4.000
-7.212,-6.010,4.000
-7.190,-6.040,4.000
-7.058,-5.977,4.000
-7.019,-5.991,4.000
-7.105,-6.112,4.000
-6.964,-6.039,4.000
-7.046,-6.159,4.000
-6.914,-6.092,4.000
-6.990,-6.207,4.000
-6.849,-6.131,4.000
-6.823,-6.156,4.000
-6.903,-6.277,4.000
-6.750,-6.186,4.000
-6.837,-6.316,4.000
-6.693,-6.232,4.000
-6.752,-6.336,4.000
-6.639,-6.280,4.000
-6.607,-6.298,4.000
-6.684,-6.422,4.000
-6.537,-6.330,4.000
-6.528,-6.371,4.000
-6.488,-6.383,4.000
-6.465,-6.410,4.000
-6.536,-6.532,4.000
-6.405,-6.451,4.000
-6.374,-6.470,4.000
-6.351,-6.498,4.000
-6.307,-6.504,4.000
-6.392,-6.644,4.000
-6.256,-6.553,4.000
-6.235,-6.583,4.000
-6.254,-6.655,4.000
-6.159,-6.605,4.000
-6.233,-6.738,4.000
-6.106,-6.653,4.000
-6.082,-6.679,4.000
-6.031,-6.676,4.000
-6.111,-6.818,4.000
-5.980,-6.725,4.000
-5.957,-6.752,4.000
-6.042,-6.902,4.000
-5.898,-6.791,4.000
-5.880,-6.825,4.000
-5.822,-6.811,4.000
-5.802,-6.843,4.000
-5.773,-6.862,4.000
-5.846,-7.005,4.000
-5.707,-6.893,4.000
-5.784,-7.042,4.000
-5.731,-7.034,4.000
-5.720,-7.077,4.000
-5.589,-6.971,4.000
-5.562,-6.993,4.000
-5.631,-7.137,4.000
-5.501,-7.029,4.000
-5.557,-7.158,4.000
-5.427,-7.048,4.000
-5.414,-7.087,4.000
-5.448,-7.191,4.000
-5.351,-7.120,4.000
-5.327,-7.147,4.000
-5.293,-7.160,4.000
-5.356,-7.305,4.000
-5.217,-7.175,4.000
-5.286,-7.330,4.000
-5.162,-7.218,4.000
-5.135,-7.240,4.000
-5.196,-7.386,4.000
-5.074,-7.274,4.000
-5.031,-7.272,4.000
-5.002,-7.292,4.000
-5.058,-7.435,4.000
-4.946,-7.333,4.000
-4.997,-7.471,4.000
-4.884,-7.365,4.000
-4.947,-7.523,4.000
-4.821,-7.395,4.000
-4.800,-7.426,4.000
-4.860,-7.585,4.000
-4.811,-7.573,4.000
-4.687,-7.444,4.000
-4.662,-7.468,4.000
-4.716,-7.621,4.000
-4.601,-7.500,4.000
-4.574,-7.522,4.000
-4.548,-7.547,4.000
-4.592,-7.688,4.000
-4.484,-7.574,4.000
-4.453,-7.589,4.000
-4.506,-7.750,4.000
-4.392,-7.622,4.000
-4.363,-7.641,4.000
-4.316,-7.628,4.000
-4.376,-7.806,4.000
-4.273,-7.692,4.000
-4.241,-7.706,4.000
-4.292,-7.871,4.000
-4.184,-7.746,4.000
-4.174,-7.801,4.000
-4.139,-7.809,4.000
-4.103,-7.814,4.000
-4.151,-7.982,4.000
-4.045,-7.852,4.000
-4.025,-7.890,4.000
-3.985,-7.888,4.000
-4.028,-8.052,4.000
-3.916,-7.904,4.000
-3.896,-7.943,4.000
-3.860,-7.948,4.000
-3.838,-7.982,4.000
-3.817,-8.019,4.000
-3.779,-8.021,4.000
-3.751,-8.042,4.000
-3.786,-8.201,4.000
-3.753,-8.214,4.000
-3.654,-8.081,4.000
-3.625,-8.102,4.000
-3.657,-8.260,4.000
-3.560,-8.128,4.000
-3.533,-8.153,4.000
-3.494,-8.151,4.000
-3.461,-8.163,4.000
-3.505,-8.357,4.000
-3.404,-8.205,4.000
-3.371,-8.218,4.000
-3.336,-8.223,4.000
-3.301,-8.229,4.000
-3.331,-8.401,4.000
-3.244,-8.275,4.000
-3.200,-8.259,4.000
-3.159,-8.249,4.000
-3.116,-8.234,4.000
-3.145,-8.410,4.000
-3.039,-8.224,4.000
-3.065,-8.395,4.000
-2.975,-8.249,4.000
-2.941,-8.256,4.000
-2.912,-8.277,4.000
-2.929,-8.431,4.000
-2.834,-8.262,4.000
-2.804,-8.280,4.000
-2.832,-8.474,4.000
-2.745,-8.321,4.000
-2.730,-8.388,4.000
-2.753,-8.570,4.000
-2.689,-8.486,4.000
-2.708,-8.664,4.000
-2.642,-8.571,4.000
-2.611,-8.591,4.000
-2.594,-8.655,4.000
-2.566,-8.687,4.000
-2.578,-8.854,4.000
-2.496,-8.700,4.000
-2.468,-8.733,4.000
-2.479,-8.906,4.000
-2.406,-8.774,4.000
-2.382,-8.825,4.000
-2.352,-8.851,4.000
-2.353,-8.997,4.000
-2.297,-8.925,4.000
-2.299,-9.080,4.000
-2.233,-8.967,4.000
-2.201,-8.987,4.000
-2.205,-9.161,4.000
-2.166,-9.155,4.000
-2.099,-9.031,4.000
-2.066,-9.053,4.000
-2.030,-9.055,4.000
-1.987,-9.031,4.000
-1.983,-9.182,4.000
-1.916,-9.044,4.000
-1.878,-9.043,4.000
-1.844,-9.057,4.000
-1.840,-9.220,4.000
-1.765,-9.032,4.000
-1.733,-9.053,4.000
-1.733,-9.250,4.000
-1.662,-9.071,4.000
-1.627,-9.081,4.000
-1.617,-9.230,4.000
-1.556,-9.094,4.000
-1.520,-9.096,4.000
-1.487,-9.120,4.000
-1.465,-9.211,4.000
-1.408,-9.082,4.000
-1.372,-9.085,4.000
-1.356,-9.229,4.000
-1.300,-9.095,4.000
-1.265,-9.103,4.000
-1.247,-9.240,4.000
-1.210,-9.239,4.000
-1.158,-9.123,4.000
-1.121,-9.115,4.000
-1.103,-9.271,4.000
-1.050,-9.132,4.000
-1.031,-9.281,4.000
-0.981,-9.161,4.000
-0.960,-9.315,4.000
-0.910,-9.175,4.000
-0.873,-9.176,4.000
-0.849,-9.310,4.000
-0.800,-9.168,4.000
-0.766,-9.196,4.000
-0.742,-9.356,4.000
-0.696,-9.225,4.000
-0.660,-9.240,4.000
-0.632,-9.365,4.000
-0.587,-9.238,4.000
-0.552,-9.255,4.000
-0.515,-9.251,4.000
-0.486,-9.397,4.000
-0.443,-9.265,4.000
-0.409,-9.313,4.000
-0.372,-9.305,4.000
-0.335,-9.300,4.000
-0.303,-9.449,4.000
-0.262,-9.296,4.000
-0.226,-9.326,4.000
-0.190,-9.346,4.000
-0.153,-9.335,4.000
-0.118,-9.476,4.000
-0.080,-9.362,4.000
-0.043,-9.366,4.000
-0.006,-9.358,4.000
0.031,-9.503,4.000
0.067,-9.392,4.000
0.104,-9.389,4.000
0.143,-9.493,4.000
0.178,-9.388,4.000
0.215,-9.391,4.000
0.251,-9.359,4.000
0.292,-9.499,4.000
0.324,-9.359,4.000
0.361,-9.357,4.000
0.396,-9.322,4.000
0.439,-9.455,4.000
0.469,-9.298,4.000
0.512,-9.421,4.000
0.546,-9.364,4.000
0.574,-9.233,4.000
0.607,-9.170,4.000
0.638,-9.108,4.000
0.684,-9.242,4.000
0.706,-9.059,4.000
0.738,-9.003,4.000
0.784,-9.122,4.000
0.803,-8.933,4.000
0.843,-8.987,4.000
0.867,-8.869,4.000
0.895,-8.800,4.000
0.947,-8.961,4.000
0.960,-8.751,4.000
0.990,-8.711,4.000
1.037,-8.813,4.000
1.050,-8.631,4.000
1.081,-8.609,4.000
1.130,-8.721,4.000
1.137,-8.511,4.000
1.196,-8.693,4.000
1.199,-8.467,4.000
1.231,-8.457,4.000
1.282,-8.574,4.000
1.293,-8.421,4.000
1.352,-8.578,4.000
1.353,-8.371,4.000
1.381,-8.338,4.000
1.413,-8.327,4.000
1.471,-8.465,4.000
1.470,-8.267,4.000
1.505,-8.277,4.000
1.558,-8.382,4.000
1.587,-8.352,4.000
1.625,-8.377,4.000
1.615,-8.153,4.000
1.648,-8.152,4.000
1.711,-8.294,4.000
1.706,-8.108,4.000
1.739,-8.109,4.000
1.771,-8.100,4.000
1.837,-8.247,4.000
1.824,-8.040,4.000
1.857,-8.041,4.000
1.894,-8.057,4.000
1.956,-8.177,4.000
1.939,-7.964,4.000
2.019,-8.156,4.000
1.990,-7.905,4.000
2.026,-7.915,4.000
2.105,-8.093,4.000
2.073,-7.843,4.000
2.108,-7.850,4.000
2.123,-7.785,4.000
2.214,-7.993,4.000
2.179,-7.750,4.000
2.204,-7.723,4.000
2.285,-7.888,4.000
2.316,-7.879,4.000
2.346,-7.867,4.000
2.300,-7.605,4.000
2.379,-7.756,4.000
2.339,-7.518,4.000
2.372,-7.522,4.000
2.403,-7.516,4.000
2.489,-7.682,4.000
2.512,-7.652,4.000
2.473,-7.433,4.000
2.528,-7.499,4.000
2.533,-7.417,4.000
2.559,-7.401,4.000
2.649,-7.562,4.000
2.604,-7.342,4.000
2.636,-7.341,4.000
2.659,-7.315,4.000
2.690,-7.311,4.000
2.721,-7.307,4.000
2.829,-7.507,4.000
2.762,-7.241,4.000
2.794,-7.239,4.000
2.817,-7.216,4.000
2.906,-7.357,4.000
2.855,-7.145,4.000
2.892,-7.156,4.000
2.922,-7.151,4.000
2.925,-7.079,4.000
2.953,-7.067,4.000
2.976,-7.046,4.000
3.005,-7.037,4.000
3.041,-7.045,4.000
3.058,-7.007,4.000
3.159,-7.162,4.000
3.190,-7.155,4.000
3.123,-6.932,4.000
3.151,-6.923,4.000
3.223,-7.006,4.000
3.180,-6.842,4.000
3.208,-6.833,4.000
3.278,-6.911,4.000
3.240,-6.761,4.000
3.266,-6.749,4.000
3.294,-6.739,4.000
3.321,-6.726,4.000
3.344,-6.706,4.000
3.479,-6.909,4.000
3.389,-6.667,4.000
3.516,-6.848,4.000
3.425,-6.607,4.000
3.454,-6.600,4.000
3.535,-6.690,4.000
3.509,-6.579,4.000
3.497,-6.496,4.000
3.639,-6.695,4.000
3.550,-6.471,4.000
3.574,-6.454,4.000
3.737,-6.686,4.000
3.641,-6.456,4.000
3.784,-6.647,4.000
3.686,-6.417,4.000
3.702,-6.386,4.000
3.723,-6.365,4.000
3.888,-6.587,4.000
3.786,-6.358,4.000
3.939,-6.556,4.000
3.832,-6.322,4.000
3.871,-6.329,4.000
3.913,-6.343,4.000
3.934,-6.321,4.000
4.097,-6.525,4.000
3.972,-6.271,4.000
4.004,-6.268,4.000
4.160,-6.456,4.000
4.193,-6.451,4.000
4.055,-6.186,4.000
4.090,-6.186,4.000
4.243,-6.364,4.000
4.126,-6.134,4.000
4.275,-6.304,4.000
4.176,-6.105,4.000
4.200,-6.089,4.000
4.191,-6.025,4.000
4.362,-6.218,4.000
4.240,-5.995,4.000
4.410,-6.184,4.000
4.280,-5.952,4.000
4.281,-5.904,4.000
4.455,-6.094,4.000
4.316,-5.854,4.000
4.350,-5.853,4.000
4.378,-5.842,4.000
4.555,-6.029,4.000
4.414,-5.795,4.000
4.604,-5.996,4.000
4.462,-5.764,4.000
4.660,-5.971,4.000
4.502,-5.722,4.000
4.527,-5.708,4.000
4.707,-5.887,4.000
4.572,-5.672,4.000
4.599,-5.660,4.000
4.613,-5.633,4.000
4.806,-5.821,4.000
4.815,-5.785,4.000
4.687,-5.587,4.000
4.704,-5.563,4.000
4.713,-5.529,4.000
4.907,-5.712,4.000
4.769,-5.507,4.000
4.791,-5.488,4.000
4.820,-5.478,4.000
5.001,-5.639,4.000
4.855,-5.431,4.000
4.879,-5.415,4.000
5.080,-5.594,4.000
4.934,-5.391,4.000
5.104,-5.532,4.000
4.926,-5.297,4.000
4.973,-5.307,4.000
4.967,-5.259,4.000
4.990,-5.242,4.000
5.170,-5.388,4.000
4.998,-5.168,4.000
5.032,-5.163,4.000
5.218,-5.311,4.000
5.033,-5.083,4.000
5.059,-5.069,4.000
5.291,-5.260,4.000
5.116,-5.046,4.000
5.135,-5.026,4.000
5.336,-5.182,4.000
5.169,-4.980,4.000
5.197,-4.968,4.000
5.208,-4.939,4.000
5.417,-5.097,4.000
5.244,-4.896,4.000
5.459,-5.057,4.000
5.279,-4.851,4.000
5.313,-4.844,4.000
5.524,-4.997,4.000
5.321,-4.775,4.000
5.366,-4.779,4.000
5.373,-4.747,4.000
5.419,-4.750,4.000
5.410,-4.705,4.000
5.643,-4.868,4.000
5.447,-4.662,4.000
5.456,-4.633,4.000
5.691,-4.794,4.000
5.501,-4.598,4.000
5.532,-4.586,4.000
5.547,-4.562,4.000
5.783,-4.719,4.000
5.570,-4.508,4.000
5.794,-4.652,4.000
5.605,-4.464,4.000
5.638,-4.455,4.000
5.860,-4.593,4.000
5.641,-4.385,4.000
5.681,-4.381,4.000
5.896,-4.510,4.000
5.932,-4.500,4.000
5.738,-4.318,4.000
5.749,-4.291,4.000
5.987,-4.432,4.000
5.998,-4.404,4.000
5.793,-4.218,4.000
5.822,-4.205,4.000
5.894,-4.221,4.000
5.855,-4.159,4.000
5.881,-4.143,4.000
5.887,-4.113,4.000
6.114,-4.236,4.000
5.906,-4.057,4.000
5.932,-4.041,4.000
5.951,-4.020,4.000
5.960,-3.992,4.000
6.205,-4.121,4.000
5.937,-3.909,4.000
5.963,-3.893,4.000
6.231,-4.033,4.000
6.024,-3.866,4.000
6.291,-4.002,4.000
6.057,-3.820,4.000
6.090,-3.807,4.000
6.094,-3.777,4.000
6.344,-3.897,4.000
6.144,-3.741,4.000
6.155,-3.715,4.000
6.393,-3.824,4.000
6.174,-3.661,4.000
6.216,-3.653,4.000
6.199,-3.610,4.000
6.429,-3.710,4.000
6.234,-3.565,4.000
6.255,-3.545,4.000
6.321,-3.549,4.000
6.539,-3.638,4.000
6.328,-3.488,4.000
6.373,-3.480,4.000
6.594,-3.568,4.000
6.634,-3.556,4.000
6.392,-3.394,4.000
6.399,-3.365,4.000
6.708,-3.494,4.000
6.481,-3.344,4.000
6.484,-3.313,4.000
6.500,-3.289,4.000
6.509,-3.262,4.000
6.749,-3.349,4.000
6.524,-3.206,4.000
6.554,-3.188,4.000
6.798,-3.274,4.000
6.515,-3.106,4.000
6.545,-3.089,4.000
6.776,-3.166,4.000
6.566,-3.036,4.000
6.603,-3.022,4.000
6.830,-3.093,4.000
6.597,-2.957,4.000
6.569,-2.913,4.000
6.811,-2.989,4.000
6.809,-2.956,4.000
6.599,-2.834,4.000
6.610,-2.808,4.000
6.613,-2.779,4.000
6.621,-2.752,4.000
6.594,-2.710,4.000
6.608,-2.686,4.000
6.634,-2.666,4.000
6.670,-2.650,4.000
6.681,-2.624,4.000
6.902,-2.680,4.000
6.682,-2.564,4.000
6.869,-2.605,4.000
6.710,-2.515,4.000
6.802,-2.519,4.000
7.027,-2.571,4.000
6.807,-2.460,4.000
6.820,-2.434,4.000
6.870,-2.422,4.000
7.146,-2.488,4.000
6.933,-2.383,4.000
6.950,-2.358,4.000
7.195,-2.410,4.000
7.015,-2.319,4.000
7.021,-2.291,4.000
7.327,-2.359,4.000
7.089,-2.251,4.000
7.144,-2.238,4.000
7.167,-2.214,4.000
7.242,-2.206,4.000
7.219,-2.169,4.000
7.279,-2.156,4.000
7.342,-2.143,4.000
7.535,-2.167,4.000
7.311,-2.072,4.000
7.336,-2.048,4.000
7.608,-2.091,4.000
7.600,-2.057,4.000
7.394,-1.970,4.000
7.443,-1.952,4.000
7.678,-1.981,4.000
7.474,-1.898,4.000
7.495,-1.872,4.000
7.754,-1.904,4.000
7.523,-1.816,4.000
7.540,-1.789,4.000
7.550,-1.760,4.000
7.567,-1.733,4.000
7.774,-1.748,4.000
7.790,-1.719,4.000
7.577,-1.641,4.000
7.614,-1.618,4.000
7.853,-1.637,4.000
7.643,-1.561,4.000
7.652,-1.532,4.000
7.688,-1.508,4.000
7.690,-1.477,4.000
7.683,-1.444,4.000
7.893,-1.452,4.000
7.717,-1.388,4.000
7.696,-1.353,4.000
7.737,-1.329,4.000
7.739,-1.298,4.000
7.948,-1.301,4.000
7.962,-1.271,4.000
7.754,-1.207,4.000
7.755,-1.176,4.000
7.815,-1.154,4.000
7.826,-1.124,4.000
8.037,-1.122,4.000
7.832,-1.062,4.000
7.820,-1.029,4.000
8.038,-1.026,4.000
7.911,-0.978,4.000
7.831,-0.937,4.000
7.906,-0.915,4.000
8.098,-0.905,4.000
7.887,-0.850,4.000
7.894,-0.819,4.000
8.127,-0.811,4.000
7.919,-0.759,4.000
7.944,-0.730,4.000
8.124,-0.714,4.000
8.132,-0.683,4.000
7.923,-0.634,4.000
7.932,-0.603,4.000
7.938,-0.573,4.000
7.946,-0.542,4.000
7.932,-0.510,4.000
7.934,-0.478,4.000
8.157,-0.460,4.000
7.935,-0.416,4.000
7.946,-0.385,4.000
7.912,-0.353,4.000
8.145,-0.331,4.000
7.940,-0.291,4.000
7.951,-0.260,4.000
8.161,-0.235,4.000
8.149,-0.203,4.000
7.976,-0.167,4.000
7.986,-0.136,4.000
8.211,-0.108,4.000
8.155,-0.075,4.500
8.038,-0.042,4.500
8.176,-0.011,4.500
8.047,0.021,4.500
8.238,0.054,4.500
8.273,0.086,4.500
8.084,0.116,4.500
8.096,0.148,4.500
8.098,0.180,4.500
8.106,0.212,4.500
8.276,0.249,4.500
8.089,0.275,4.500
8.285,0.314,4.500
8.059,0.337,4.500
8.076,0.370,4.500
8.114,0.403,4.500
8.110,0.435,4.500
8.320,0.479,4.500
8.112,0.499,4.500
8.113,0.531,4.500
8.138,0.565,4.500
8.351,0.613,4.500
8.137,0.629,4.500
8.327,0.677,4.500
8.137,0.693,4.500
8.159,0.728,4.500
8.132,0.757,4.500
8.176,0.794,4.500
8.365,0.845,4.500
8.173,0.858,4.500
8.339,0.909,4.500
8.151,0.921,4.500
8.206,0.960,4.500
8.176,0.989,4.500
8.178,1.021,4.500
8.374,1.079,4.500
8.290,1.102,4.500
8.217,1.125,4.500
8.210,1.157,4.500
8.237,1.193,4.500
8.430,1.255,4.500
8.230,1.258,4.500
8.228,1.291,4.500
8.414,1.354,4.500
8.251,1.361,4.500
8.254,1.395,4.500
8.248,1.428,4.500
8.257,1.462,4.500
8.270,1.498,4.500
8.272,1.532,4.500
8.294,1.570,4.500
8.287,1.602,4.500
8.465,1.671,4.500
8.285,1.670,4.500
8.303,1.707,4.500
8.307,1.742,4.500
8.316,1.778,4.500
8.465,1.845,4.500
8.320,1.847,4.500
8.485,1.919,4.500
8.297,1.911,4.500
8.305,1.947,4.500
8.484,2.024,4.500
8.326,2.021,4.500
8.473,2.092,4.500
8.297,2.083,4.500
8.330,2.126,4.500
8.496,2.204,4.500
8.313,2.191,4.500
8.509,2.279,4.500
8.330,2.266,4.500
8.403,2.321,4.500
8.342,2.340,4.500
8.335,2.373,4.500
8.525,2.463,4.500
8.351,2.448,4.500
8.348,2.483,4.500
8.518,2.570,4.500
8.383,2.566,4.500
8.373,2.598,4.500
8.405,2.644,4.500
8.388,2.675,4.500
8.595,2.779,4.500
8.539,2.798,4.500
8.433,2.800,4.500
8.408,2.828,4.500
8.546,2.912,4.500
8.419,2.906,4.500
8.415,2.941,4.500
8.539,3.022,4.500
8.374,3.001,4.500
8.546,3.100,4.500
8.383,3.078,4.500
8.382,3.115,4.500
8.537,3.211,4.500
8.374,3.188,4.500
8.438,3.250,4.500
8.408,3.276,4.500
8.546,3.369,4.500
8.426,3.360,4.500
8.576,3.458,4.500
8.418,3.433,4.500
8.432,3.478,4.500
8.567,3.573,4.500
8.439,3.558,4.500
8.430,3.594,4.500
8.451,3.642,4.500
8.412,3.664,4.500
8.446,3.718,4.500
8.519,3.791,4.500
8.562,3.850,4.500
8.405,3.819,4.500
8.416,3.864,4.500
8.532,3.958,4.500
8.428,3.950,4.500
8.506,4.028,4.500
8.421,4.028,4.500
8.430,4.073,4.500
8.417,4.108,4.500
8.426,4.153,4.500
8.413,4.188,4.500
8.417,4.231,4.500
8.392,4.260,4.500
8.406,4.308,4.500
8.389,4.341,4.500
8.509,4.446,4.500
8.384,4.422,4.500
8.366,4.455,4.500
8.453,4.544,4.500
8.433,4.576,4.500
8.307,4.550,4.500
8.285,4.580,4.500
8.381,4.676,4.500
8.256,4.649,4.500
8.237,4.681,4.500
8.312,4.767,4.500
8.197,4.744,4.500
8.281,4.836,4.500
8.158,4.807,4.500
8.257,4.909,4.500
8.097,4.857,4.500
8.081,4.891,4.500
8.169,4.988,4.500
8.041,4.953,4.500
8.131,5.053,4.500
7.994,5.011,4.500
7.995,5.056,4.500
7.964,5.080,4.500
8.026,5.164,4.500
7.894,5.124,4.500
7.868,5.150,4.500
7.955,5.252,4.500
7.822,5.209,4.500
7.811,5.246,4.500
7.765,5.259,4.500
7.857,5.366,4.500
7.715,5.314,4.500
7.697,5.347,4.500
7.670,5.372,4.500
7.644,5.399,4.500
7.708,5.490,4.500
7.587,5.448,4.500
7.554,5.470,4.500
7.628,5.569,4.500
7.491,5.514,4.500
7.489,5.558,4.500
7.420,5.552,4.500
7.511,5.667,4.500
7.392,5.623,4.500
7.343,5.630,4.500
7.315,5.655,4.500
7.292,5.683,4.500
7.274,5.715,4.500
7.341,5.814,4.500
7.203,5.751,4.500
7.182,5.781,4.500
7.242,5.876,4.500
7.224,5.909,4.500
7.086,5.842,4.500
7.048,5.858,4.500
7.133,5.976,4.500
7.008,5.918,4.500
6.979,5.940,4.500
7.044,6.044,4.500
6.951,6.012,4.500
6.890,6.007,4.500
6.860,6.028,4.500
6.941,6.147,4.500
6.811,6.080,4.500
6.773,6.094,4.500
6.747,6.119,4.500
6.831,6.244,4.500
6.687,6.161,4.500
6.663,6.187,4.500
6.747,6.314,4.500
6.608,6.234,4.500
6.572,6.249,4.500
6.617,6.341,4.500
6.518,6.296,4.500
6.561,6.387,4.500
6.442,6.320,4.500
6.421,6.350,4.500
6.505,6.483,4.500
6.363,6.392,4.500
6.334,6.412,4.500
6.302,6.431,4.500
6.278,6.457,4.500
6.347,6.579,4.500
6.221,6.499,4.500
6.177,6.504,4.500
6.150,6.526,4.500
6.235,6.669,4.500
6.101,6.578,4.500
6.072,6.598,4.500
6.089,6.669,4.500
6.002,6.625,4.500
6.080,6.765,4.500
5.946,6.669,4.500
5.926,6.699,4.500
5.877,6.696,4.500
5.938,6.819,4.500
5.810,6.726,4.500
5.781,6.745,4.500
5.835,6.863,4.500
5.743,6.808,4.500
5.693,6.803,4.500
5.770,6.950,4.500
5.631,6.837,4.500
5.611,6.868,4.500
5.587,6.894,4.500
5.646,7.022,4.500
5.503,6.900,4.500
5.586,7.061,4.500
5.552,7.074,4.500
5.429,6.974,4.500
5.398,6.991,4.500
5.473,7.146,4.500
5.406,7.116,4.500
5.310,7.047,4.500
5.288,7.075,4.500
5.356,7.226,4.500
5.234,7.118,4.500
5.197,7.127,4.500
5.256,7.268,4.500
5.134,7.158,4.500
5.107,7.180,4.500
5.068,7.184,4.500
5.047,7.214,4.500
5.025,7.244,4.500
5.082,7.388,4.500
4.964,7.277,4.500
4.934,7.294,4.500
4.946,7.373,4.500
4.877,7.333,4.500
4.849,7.354,4.500
4.820,7.373,4.500
4.766,7.353,4.500
4.832,7.518,4.500
4.711,7.394,4.500
4.774,7.558,4.500
4.654,7.433,4.500
4.634,7.466,4.500
4.591,7.463,4.500
4.652,7.628,4.500
4.558,7.541,4.500
4.609,7.692,4.500
4.498,7.574,4.500
4.468,7.592,4.500
4.434,7.603,4.500
4.486,7.762,4.500
4.374,7.637,4.500
4.347,7.659,4.500
4.400,7.824,4.500
4.279,7.680,4.500
4.258,7.711,4.500
4.231,7.735,4.500
4.294,7.924,4.500
4.178,7.782,4.500
4.148,7.801,4.500
4.122,7.826,4.500
4.160,7.972,4.500
4.125,7.983,4.500
4.032,7.878,4.500
3.992,7.876,4.500
4.037,8.043,4.500
3.926,7.899,4.500
3.976,8.078,4.500
3.872,7.947,4.500
3.831,7.940,4.500
3.807,7.970,4.500
3.843,8.127,4.500
3.739,7.989,4.500
3.783,8.166,4.500
3.684,8.036,4.500
3.654,8.052,4.500
3.623,8.069,4.500
3.637,8.186,4.500
3.553,8.082,4.500
3.533,8.124,4.500
3.492,8.116,4.500
3.462,8.134,4.500
3.493,8.296,4.500
3.398,8.161,4.500
3.365,8.172,4.500
3.352,8.232,4.500
3.347,8.314,4.500
3.315,8.327,4.500
3.225,8.195,4.500
3.250,8.355,4.500
3.161,8.222,4.500
3.127,8.230,4.500
3.152,8.393,4.500
3.074,8.286,4.500
3.044,8.305,4.500
3.007,8.303,4.500
3.041,8.501,4.500
2.963,8.387,4.500
2.985,8.556,4.500
2.910,8.448,4.500
2.935,8.630,4.500
2.853,8.499,4.500
2.828,8.534,4.500
2.796,8.549,4.500
2.773,8.595,4.500
2.789,8.761,4.500
2.714,8.642,4.500
2.689,8.682,4.500
2.656,8.696,4.500
2.664,8.846,4.500
2.630,8.860,4.500
2.561,8.754,4.500
2.522,8.746,4.500
2.529,8.903,4.500
2.499,8.930,4.500
2.429,8.814,4.500
2.433,8.966,4.500
2.350,8.795,4.500
2.324,8.836,4.500
2.317,8.954,4.500
2.284,8.969,4.500
2.212,8.833,4.500
2.176,8.838,4.500
2.160,8.924,4.500
2.107,8.855,4.500
2.115,9.044,4.500
2.037,8.871,4.500
2.003,8.879,4.500
1.999,9.030,4.500
1.932,8.892,4.500
1.896,8.895,4.500
1.861,8.898,4.500
1.856,9.052,4.500
1.798,8.947,4.500
1.764,8.962,4.500
1.730,8.976,4.500
1.719,9.109,4.500
1.657,8.974,4.500
1.627,9.012,4.500
1.595,9.035,4.500
1.552,8.997,4.500
1.515,8.997,4.500
1.483,9.018,4.500
1.448,9.026,4.500
1.438,9.194,4.500
1.378,9.043,4.500
1.366,9.207,4.500
1.308,9.062,4.500
1.275,9.088,4.500
1.259,9.237,4.500
1.210,9.148,4.500
1.172,9.132,4.500
1.133,9.114,4.500
1.115,9.265,4.500
1.067,9.168,4.500
1.030,9.162,4.500
0.994,9.170,4.500
0.978,9.368,4.500
0.922,9.173,4.500
0.885,9.171,4.500
0.851,9.195,4.500
0.816,9.204,4.500
0.784,9.261,4.500
0.745,9.237,4.500
0.708,9.222,4.500
0.674,9.255,4.500
0.647,9.393,4.500
0.601,9.254,4.500
0.566,9.287,4.500
0.538,9.429,4.500
0.494,9.301,4.500
0.458,9.323,4.500
0.428,9.457,4.500
0.390,9.453,4.500
0.354,9.472,4.500
0.313,9.355,4.500
0.277,9.378,4.500
0.239,9.361,4.500
0.206,9.508,4.500
0.166,9.353,4.500
0.129,9.369,4.500
0.092,9.336,4.500
0.055,9.338,4.500
0.019,9.471,4.500
-0.018,9.334,4.500
-0.055,9.338,4.500
-0.091,9.306,4.500
-0.128,9.315,4.500
-0.166,9.420,4.500
-0.199,9.255,4.500
-0.235,9.239,4.500
-0.276,9.398,4.500
-0.308,9.242,4.500
-0.343,9.215,4.500
-0.379,9.193,4.500
-0.413,9.151,4.500
-0.447,9.117,4.500
-0.489,9.230,4.500
-0.513,9.014,4.500
-0.548,8.998,4.500
-0.587,9.063,4.500
-0.610,8.876,4.500
-0.641,8.812,4.500
-0.678,8.848,4.500
-0.707,8.775,4.500
-0.753,8.901,4.500
-0.770,8.703,4.500
-0.801,8.660,4.500
-0.850,8.818,4.500
-0.866,8.623,4.500
-0.894,8.571,4.500
-0.932,8.608,4.500
-0.977,8.705,4.500
-0.989,8.503,4.500
-1.018,8.464,4.500
-1.069,8.605,4.500
-1.076,8.391,4.500
-1.108,8.379,4.500
-1.138,8.353,4.500
-1.193,8.506,4.500
-1.194,8.277,4.500
-1.254,8.459,4.500
-1.269,8.336,4.500
-1.314,8.410,4.500
-1.319,8.229,4.500
-1.350,8.218,4.500
-1.381,8.202,4.500
-1.409,8.176,4.500
-1.440,8.165,4.500
-1.498,8.301,4.500
-1.496,8.105,4.500
-1.519,8.055,4.500
-1.579,8.195,4.500
-1.612,8.194,4.500
-1.609,8.010,4.500
-1.639,7.998,4.500
-1.661,7.947,4.500
-1.708,8.017,4.500
-1.722,7.927,4.500
-1.756,7.936,4.500
-1.821,8.077,4.500
-1.806,7.868,4.500
-1.871,8.008,4.500
-1.860,7.820,4.500
-1.891,7.812,4.500
-1.967,7.991,4.500
-1.953,7.803,4.500
-1.972,7.750,4.500
-2.054,7.942,4.500
-2.073,7.884,4.500
-2.058,7.704,4.500
-2.063,7.606,4.500
-2.100,7.623,4.500
-2.121,7.583,4.500
-2.213,7.792,4.500
-2.171,7.534,4.500
-2.264,7.742,4.500
-2.233,7.526,4.500
-2.331,7.744,4.500
-2.276,7.454,4.500
-2.304,7.442,4.500
-2.402,7.651,4.500
-2.351,7.388,4.500
-2.384,7.392,4.500
-2.401,7.346,4.500
-2.492,7.524,4.500
-2.452,7.308,4.500
-2.482,7.301,4.500
-2.507,7.282,4.500
-2.537,7.275,4.500
-2.626,7.437,4.500
-2.577,7.205,4.500
-2.604,7.192,4.500
-2.715,7.408,4.500
-2.640,7.118,4.500
-2.677,7.131,4.500
-2.702,7.114,4.500
-2.733,7.110,4.500
-2.754,7.082,4.500
-2.846,7.234,4.500
-2.868,7.207,4.500
-2.802,6.962,4.500
-2.824,6.937,4.500
-2.858,6.943,4.500
-2.861,6.874,4.500
-2.879,6.842,4.500
-3.006,7.064,4.500
-2.941,6.836,4.500
-3.065,7.050,4.500
-2.974,6.768,4.500
-3.004,6.763,4.500
-3.126,6.965,4.500
-3.054,6.732,4.500
-3.079,6.717,4.500
-3.108,6.712,4.500
-3.136,6.703,4.500
-3.273,6.925,4.500
-3.187,6.675,4.500
-3.309,6.861,4.500
-3.243,6.656,4.500
-3.269,6.643,4.500
-3.290,6.620,4.500
-3.311,6.597,4.500
-3.342,6.594,4.500
-3.362,6.571,4.500
-3.390,6.561,4.500
-3.431,6.578,4.500
-3.454,6.558,4.500
-3.582,6.738,4.500
-3.500,6.521,4.500
-3.654,6.744,4.500
-3.543,6.480,4.500
-3.684,6.675,4.500
-3.570,6.408,4.500
-3.726,6.627,4.500
-3.618,6.376,4.500
-3.778,6.597,4.500
-3.784,6.548,4.500
-3.666,6.286,4.500
-3.819,6.490,4.500
-3.725,6.274,4.500
-3.877,6.473,4.500
-3.766,6.231,4.500
-3.782,6.203,4.500
-3.926,6.383,4.500
-3.814,6.146,4.500
-3.976,6.352,4.500
-3.866,6.123,4.500
-4.038,6.339,4.500
-4.033,6.276,4.500
-3.934,6.070,4.500
-4.108,6.285,4.500
-3.968,6.019,4.500
-4.145,6.234,4.500
-4.029,6.008,4.500
-4.204,6.217,4.500
-4.076,5.976,4.500
-4.240,6.165,4.500
-4.125,5.947,4.500
-4.261,6.092,4.500
-4.135,5.862,4.500
-4.319,6.074,4.500
-4.341,6.054,4.500
-4.210,5.823,4.500
-4.386,6.016,4.500
-4.254,5.787,4.500
-4.433,5.982,4.500
-4.301,5.756,4.500
-4.478,5.944,4.500
-4.341,5.716,4.500
-4.518,5.899,4.500
-4.391,5.688,4.500
-4.573,5.876,4.500
-4.426,5.641,4.500
-4.605,5.822,4.500
-4.644,5.824,4.500
-4.489,5.585,4.500
-4.514,5.570,4.500
-4.548,5.568,4.500
-4.511,5.478,4.500
-4.532,5.460,4.500
-4.595,5.493,4.500
-4.591,5.443,4.500
-4.786,5.630,4.500
-4.639,5.413,4.500
-4.668,5.404,4.500
-4.684,5.380,4.500
-4.680,5.334,4.500
-4.734,5.352,4.500
-4.922,5.521,4.500
-4.740,5.275,4.500
-4.965,5.482,4.500
-4.798,5.256,4.500
-4.830,5.249,4.500
-4.975,5.364,4.500
-4.803,5.139,4.500
-4.840,5.138,4.500
-4.852,5.110,4.500
-4.875,5.094,4.500
-4.909,5.090,4.500
-4.926,5.067,4.500
-4.943,5.045,4.500
-5.154,5.219,4.500
-4.989,5.012,4.500
-5.181,5.165,4.500
-5.019,4.964,4.500
-5.227,5.130,4.500
-5.055,4.921,4.500
-5.239,5.061,4.500
-5.069,4.858,4.500
-5.248,4.990,4.500
-5.296,4.997,4.500
-5.114,4.787,4.500
-5.335,4.955,4.500
-5.148,4.744,4.500
-5.356,4.897,4.500
-5.176,4.695,4.500
-5.365,4.828,4.500
-5.222,4.662,4.500
-5.237,4.639,4.500
-5.498,4.832,4.500
-5.273,4.598,4.500
-5.294,4.580,4.500
-5.328,4.573,4.500
-5.340,4.546,4.500
-5.370,4.536,4.500
-5.359,4.491,4.500
-5.599,4.654,4.500
-5.513,4.546,4.500
-5.431,4.443,4.500
-5.650,4.586,4.500
-5.456,4.393,4.500
-5.686,4.541,4.500
-5.494,4.352,4.500
-5.725,4.499,4.500
-5.524,4.306,4.500
-5.741,4.439,4.500
-5.534,4.245,4.500
-5.792,4.406,4.500
-5.557,4.194,4.500
-5.835,4.367,4.500
-5.624,4.175,4.500
-5.596,4.120,4.500
-5.647,4.123,4.500
-5.862,4.245,4.500
-5.682,4.081,4.500
-5.952,4.240,4.500
-5.721,4.041,4.500
-5.751,4.029,4.500
-5.735,3.984,4.500
-5.782,3.983,4.500
-5.992,4.094,4.500
-5.813,3.938,4.500
-5.822,3.910,4.500
-5.868,3.908,4.500
-5.852,3.865,4.500
-5.906,3.867,4.500
-5.903,3.832,4.500
-5.925,3.813,4.500
-5.951,3.797,4.500
-5.966,3.774,4.500
-6.050,3.794,4.500
-6.051,3.761,4.500
-6.052,3.729,4.500
-6.315,3.857,4.500
-6.088,3.686,4.500
-6.342,3.806,4.500
-6.117,3.638,4.500
-6.145,3.622,4.500
-6.201,3.622,4.500
-6.219,3.600,4.500
-6.458,3.705,4.500
-6.233,3.543,4.500
-6.487,3.654,4.500
-6.268,3.498,4.500
-6.299,3.483,4.500
-6.295,3.449,4.500
-6.322,3.432,4.500
-6.329,3.403,4.500
-6.591,3.511,4.500
-6.341,3.346,4.500
-6.605,3.452,4.500
-6.381,3.303,4.500
-6.496,3.330,4.500
-6.396,3.248,4.500
-6.413,3.224,4.500
-6.422,3.197,4.500
-6.449,3.179,4.500
-6.450,3.148,4.500
-6.459,3.121,4.500
-6.478,3.099,4.500
-6.487,3.072,4.500
-6.495,3.045,4.500
-6.514,3.023,4.500
-6.537,3.002,4.500
-6.542,2.973,4.500
-6.553,2.948,4.500
-6.785,3.020,4.500
-6.561,2.890,4.500
-6.580,2.867,4.500
-6.610,2.849,4.500
-6.591,2.811,4.500
-6.632,2.797,4.500
-6.854,2.859,4.500
-6.643,2.740,4.500
-6.908,2.818,4.500
-6.641,2.679,4.500
-6.902,2.753,4.500
-6.916,2.727,4.500
-6.684,2.605,4.500
-6.993,2.694,4.500
-7.007,2.668,4.500
-6.767,2.546,4.500
-7.027,2.613,4.500
-6.794,2.496,4.500
-7.065,2.564,4.500
-6.806,2.439,4.500
-6.830,2.418,4.500
-6.851,2.395,4.500
-6.890,2.378,4.500
-7.138,2.433,4.500
-6.912,2.326,4.500
-6.987,2.320,4.500
-6.970,2.284,4.500
-7.196,2.327,4.500
-6.985,2.229,4.500
-7.052,2.219,4.500
-7.068,2.194,4.500
-7.072,2.165,4.500
-7.074,2.135,4.500
-7.328,2.181,4.500
-7.094,2.081,4.500
-7.345,2.123,4.500
-7.150,2.036,4.500
-7.402,2.077,4.500
-7.166,1.980,4.500
-7.428,2.021,4.500
-7.199,1.929,4.500
-7.199,1.898,4.500
-7.225,1.875,4.500
-7.448,1.902,4.500
-7.228,1.815,4.500
-7.456,1.841,4.500
-7.289,1.770,4.500
-7.514,1.793,4.500
-7.299,1.712,4.500
-7.359,1.695,4.500
-7.320,1.656,4.500
-7.315,1.625,4.500
-7.389,1.611,4.500
-7.328,1.567,4.500
-7.423,1.557,4.500
-7.344,1.511,4.500
-7.583,1.529,4.500
-7.337,1.449,4.500
-7.598,1.470,4.500
-7.424,1.406,4.500
-7.444,1.379,4.500
-7.718,1.399,4.500
-7.404,1.312,4.500
-7.683,1.330,4.500
-7.496,1.268,4.500
-7.501,1.238,4.500
-7.513,1.210,4.500
-7.535,1.183,4.500
-7.515,1.150,4.500
-7.534,1.123,4.500
-7.520,1.090,4.500
-7.598,1.071,4.500
-7.788,1.067,4.500
-7.578,1.008,4.500
-7.589,0.979,4.500
-7.829,0.979,4.500
-7.632,0.924,4.500
-7.856,0.920,4.500
-7.649,0.865,4.500
-7.873,0.859,4.500
-7.659,0.805,4.500
-7.757,0.785,4.500
-7.908,0.769,4.500
-7.706,0.718,4.500
-7.719,0.689,4.500
-7.728,0.659,4.500
-7.731,0.629,4.500
-7.821,0.605,4.500
-7.718,0.567,4.500
-7.962,0.554,4.500
-7.780,0.510,4.500
-8.007,0.494,4.500
-7.942,0.458,4.500
-7.793,0.419,4.500
-8.000,0.399,4.500
-8.033,0.369,4.500
-7.790,0.327,4.500
-7.891,0.300,4.500
-7.833,0.267,4.500
-8.069,0.243,4.500
-7.845,0.206,4.500
-7.845,0.175,4.500
-8.062,0.148,4.500
-7.843,0.113,4.500
-8.087,0.085,4.500
-7.884,0.052,4.500
-8.081,0.022,4.500
-7.897,-0.010,4.500
-7.887,-0.041,4.500
-7.923,-0.072,4.500
-7.883,-0.103,4.500
-7.902,-0.134,4.500
-7.882,-0.165,4.500
-7.885,-0.196,4.500
-7.894,-0.227,4.500
-7.932,-0.259,4.500
-8.143,-0.298,4.500
-7.949,-0.322,4.500
-8.171,-0.363,4.500
-7.920,-0.383,4.500
-8.156,-0.427,4.500
-7.936,-0.446,4.500
-7.986,-0.481,4.500
-7.926,-0.508,4.500
-7.930,-0.540,4.500
-8.051,-0.580,4.500
-7.936,-0.603,4.500
-7.930,-0.634,4.500
-7.931,-0.665,4.500
-7.918,-0.695,4.500
-7.941,-0.729,4.500
-8.177,-0.783,4.500
-7.954,-0.793,4.500
-7.973,-0.827,4.500
-8.159,-0.878,4.500
-7.941,-0.886,4.500
-8.160,-0.943,4.500
-7.978,-0.954,4.500
-8.188,-1.012,4.500
-8.017,-1.022,4.500
-8.217,-1.081,4.500
-8.132,-1.102,4.500
-8.044,-1.122,4.500
-8.102,-1.163,4.500
-8.065,-1.190,4.500
-8.119,-1.230,4.500
-8.102,-1.261,4.500
-8.156,-1.302,4.500
-8.133,-1.331,4.500
-8.185,-1.372,4.500
-8.208,-1.409,4.500
-8.410,-1.478,4.500
-8.247,-1.483,4.500
-8.439,-1.552,4.500
-8.260,-1.552,4.500
-8.295,-1.592,4.500
-8.467,-1.660,4.500
-8.503,-1.702,4.500
-8.270,-1.689,4.500
-8.469,-1.764,4.500
-8.482,-1.802,4.500
-8.322,-1.802,4.500
-8.330,-1.838,4.500
-8.490,-1.908,4.500
-8.334,-1.907,4.500
-8.504,-1.982,4.500
-8.324,-1.974,4.500
-8.380,-2.022,4.500
-8.349,-2.049,4.500
-8.386,-2.093,4.500
-8.373,-2.125,4.500
-8.520,-2.198,4.500
-8.535,-2.237,4.500
-8.372,-2.230,4.500
-8.563,-2.317,4.500
-8.391,-2.306,4.500
-8.411,-2.347,4.500
-8.411,-2.382,4.500
-8.576,-2.465,4.500
-8.433,-2.460,4.500
-8.414,-2.491,4.500
-8.439,-2.534,4.500
-8.443,-2.571,4.500
-8.456,-2.612,4.500
-8.459,-2.649,4.500
-8.455,-2.684,4.500
-8.481,-2.729,4.500
-8.450,-2.756,4.500
-8.623,-2.850,4.500
-8.475,-2.838,4.500
-8.613,-2.922,4.500
-8.626,-2.964,4.500
-8.467,-2.947,4.500
-8.470,-2.985,4.500
-8.437,-3.011,4.500
-8.472,-3.061,4.500
-8.454,-3.092,4.500
-8.442,-3.125,4.500
-8.440,-3.162,4.500
-8.565,-3.247,4.500
-8.534,-3.274,4.500
-8.404,-3.262,4.500
-8.550,-3.357,4.500
-8.387,-3.331,4.500
-8.512,-3.420,4.500
-8.379,-3.404,4.500
-8.512,-3.498,4.500
-8.364,-3.475,4.500
-8.367,-3.515,4.500
-8.528,-3.622,4.500
-8.357,-3.588,4.500
-8.488,-3.684,4.500
-8.335,-3.656,4.500
-8.327,-3.692,4.500
-8.324,-3.730,4.500
-8.315,-3.765,4.500
-8.328,-3.810,4.500
-8.336,-3.854,4.500
-8.329,-3.890,4.500
-8.342,-3.936,4.500
-8.321,-3.966,4.500
-8.331,-4.011,4.500
-8.323,-4.048,4.500
-8.353,-4.103,4.500
-8.462,-4.198,4.500
-8.320,-4.168,4.500
-8.456,-4.278,4.500
-8.332,-4.256,4.500
-8.471,-4.369,4.500
-8.305,-4.325,4.500
-8.315,-4.372,4.500
-8.417,-4.468,4.500
-8.316,-4.456,4.500
-8.422,-4.556,4.500
-8.311,-4.538,4.500
-8.402,-4.630,4.500
-8.382,-4.662,4.500
-8.277,-4.646,4.500
-8.348,-4.730,4.500
-8.209,-4.693,4.500
-8.311,-4.795,4.500
-8.177,-4.760,4.500
-8.271,-4.859,4.500
-8.152,-4.832,4.500
-8.232,-4.923,4.500
-8.114,-4.896,4.500
-8.095,-4.928,4.500
-8.072,-4.958,4.500
-8.052,-4.989,4.500
-8.139,-5.088,4.500
-8.038,-5.069,4.500
-8.119,-5.164,4.500
-8.013,-5.141,4.500
-8.096,-5.239,4.500
-7.974,-5.204,4.500
-8.053,-5.302,4.500
-8.015,-5.321,4.500
-7.902,-5.292,4.500
-7.973,-5.384,4.500
-7.826,-5.330,4.500
-7.912,-5.434,4.500
-7.784,-5.391,4.500
-7.847,-5.481,4.500
-7.804,-5.497,4.500
-7.698,-5.467,4.500
-7.761,-5.558,4.500
-7.633,-5.512,4.500
-7.713,-5.615,4.500
-7.569,-5.556,4.500
-7.646,-5.659,4.500
-7.526,-5.616,4.500
-7.524,-5.660,4.500
-7.458,-5.657,4.500
-7.437,-5.687,4.500
-7.416,-5.717,4.500
-7.485,-5.818,4.500
-7.349,-5.758,4.500
-7.478,-5.907,4.500
-7.288,-5.803,4.500
-7.368,-5.914,4.500
-7.218,-5.841,4.500
-7.189,-5.864,4.500
-7.166,-5.892,4.500
-7.140,-5.918,4.500
-7.096,-5.929,4.500
-7.071,-5.955,4.500
-7.146,-6.067,4.500
-7.024,-6.011,4.500
-7.076,-6.103,4.500
-6.955,-6.046,4.500
-7.028,-6.159,4.500
-6.912,-6.105,4.500
-6.940,-6.179,4.500
-6.958,-6.244,4.500
-6.817,-6.166,4.500
-6.889,-6.280,4.500
-6.841,-6.285,4.500
-6.754,-6.255,4.500
-6.692,-6.246,4.500
-6.753,-6.353,4.500
-6.627,-6.284,4.500
-6.703,-6.406,4.500
-6.613,-6.370,4.500
-6.534,-6.343,4.500
-6.613,-6.471,4.500
-6.479,-6.390,4.500
-6.564,-6.524,4.500
-6.422,-6.434,4.500
-6.501,-6.564,4.500
-6.373,-6.486,4.500
-6.331,-6.493,4.500
-6.333,-6.547,4.500
-6.272,-6.535,4.500
-6.353,-6.672,4.500
-6.223,-6.587,4.500
-6.298,-6.719,4.500
-6.147,-6.610,4.500
-6.225,-6.746,4.500
-6.100,-6.663,4.500
-6.069,-6.682,4.500
-6.156,-6.832,4.500
-5.997,-6.707,4.500
-5.967,-6.727,4.500
-6.019,-6.839,4.500
-5.917,-6.777,4.500
-5.897,-6.807,4.500
-5.862,-6.822,4.500
-5.821,-6.827,4.500
-5.890,-6.964,4.500
-5.764,-6.869,4.500
-5.840,-7.015,4.500
-5.714,-6.920,4.500
-5.757,-7.027,4.500
-5.636,-6.936,4.500
-5.609,-6.958,4.500
-5.586,-6.985,4.500
-5.553,-7.000,4.500
-5.527,-7.023,4.500
-5.494,-7.038,4.500
-5.474,-7.070,4.500
-5.421,-7.058,4.500
-5.467,-7.177,4.500
-5.367,-7.102,4.500
-5.339,-7.123,4.500
-5.308,-7.140,4.500
-5.286,-7.169,4.500
-5.337,-7.299,4.500
-5.208,-7.181,4.500
-5.273,-7.331,4.500
-5.146,-7.214,4.500
-5.214,-7.371,4.500
-5.095,-7.262,4.500
-5.159,-7.415,4.500
-5.038,-7.302,4.500
-4.991,-7.296,4.500
-5.039,-7.428,4.500
-4.939,-7.343,4.500
-4.904,-7.352,4.500
-4.876,-7.374,4.500
-4.849,-7.395,4.500
-4.820,-7.414,4.500
-4.787,-7.426,4.500
-4.760,-7.449,4.500
-4.732,-7.470,4.500
-4.701,-7.486,4.500
-4.650,-7.470,4.500
-4.621,-7.488,4.500
-4.595,-7.512,4.500
-4.559,-7.520,4.500
-4.542,-7.559,4.500
-4.506,-7.566,4.500
-4.541,-7.692,4.500
-4.444,-7.597,4.500
-4.413,-7.612,4.500
-4.367,-7.602,4.500
-4.437,-7.793,4.500
-4.325,-7.666,4.500
-4.323,-7.733,4.500
-4.260,-7.691,4.500
-4.233,-7.714,4.500
-4.205,-7.735,4.500
-4.174,-7.751,4.500
-4.234,-7.936,4.500
-4.127,-7.809,4.500
-4.097,-7.828,4.500
-4.071,-7.852,4.500
-4.041,-7.870,4.500
-4.012,-7.888,4.500
-3.974,-7.891,4.500
-3.952,-7.924,4.500
-3.913,-7.924,4.500
-3.953,-8.085,4.500
-3.929,-8.116,4.500
-3.840,-8.013,4.500
-3.798,-8.006,4.500
-3.819,-8.131,4.500
-3.742,-8.049,4.500
-3.702,-8.046,4.500
-3.679,-8.080,4.500
-3.725,-8.266,4.500
-3.611,-8.098,4.500
-3.652,-8.277,4.500
-3.541,-8.113,4.500
-3.523,-8.157,4.500
-3.549,-8.307,4.500
-3.512,-8.310,4.500
-3.423,-8.190,4.500
-3.458,-8.367,4.500
-3.356,-8.210,4.500
-3.384,-8.373,4.500
-3.284,-8.218,4.500
-3.319,-8.401,4.500
-3.214,-8.230,4.500
-3.239,-8.391,4.500
-3.146,-8.246,4.500
-3.111,-8.251,4.500
-3.125,-8.388,4.500
-3.028,-8.225,4.500
-3.054,-8.399,4.500
-2.965,-8.253,4.500
-2.987,-8.418,4.500
-2.897,-8.269,4.500
-2.920,-8.442,4.500
-2.823,-8.266,4.500
-2.841,-8.426,4.500
-2.775,-8.337,4.500
-2.749,-8.369,4.500
-2.723,-8.400,4.500
-2.699,-8.441,4.500
-2.686,-8.514,4.500
-2.645,-8.500,4.500
-2.631,-8.573,4.500
-2.604,-8.605,4.500
-2.576,-8.637,4.500
-2.546,-8.658,4.500
-2.568,-8.861,4.500
-2.496,-8.741,4.500
-2.502,-8.895,4.500
-2.438,-8.801,4.500
-2.444,-8.958,4.500
-2.413,-8.984,4.500
-2.347,-8.877,4.500
-2.360,-9.068,4.500
-2.289,-8.942,4.500
-2.258,-8.965,4.500
-2.220,-8.963,4.500
-2.189,-8.988,4.500
-2.149,-8.978,4.500
-2.119,-9.009,4.500
-2.082,-9.011,4.500
-2.042,-8.997,4.500
-2.006,-9.003,4.500
-1.968,-8.998,4.500
-1.962,-9.142,4.500
-1.899,-9.022,4.500
-1.891,-9.161,4.500
-1.829,-9.039,4.500
-1.819,-9.178,4.500
-1.757,-9.051,4.500
-1.722,-9.057,4.500
-1.711,-9.200,4.500
-1.652,-9.079,4.500
-1.640,-9.219,4.500
-1.585,-9.116,4.500
-1.544,-9.089,4.500
-1.531,-9.236,4.500
-1.473,-9.107,4.500
-1.438,-9.119,4.500
-1.400,-9.108,4.500
-1.386,-9.259,4.500
-1.327,-9.109,4.500
-1.313,-9.268,4.500
-1.258,-9.135,4.500
-1.237,-9.254,4.500
-1.184,-9.131,4.500
-1.169,-9.297,4.500
-1.114,-9.156,4.500
-1.077,-9.150,4.500
-1.058,-9.304,4.500
-1.006,-9.169,4.500
-0.984,-9.302,4.500
-0.934,-9.174,4.500
-0.899,-9.186,4.500
-0.873,-9.297,4.500
-0.828,-9.209,4.500
-0.804,-9.353,4.500
-0.756,-9.214,4.500
-0.720,-9.217,4.500
-0.685,-9.234,4.500
-0.654,-9.315,4.500
-0.613,-9.257,4.500
-0.576,-9.247,4.500
-0.540,-9.260,4.500
-0.506,-9.296,4.500
-0.469,-9.288,4.500
-0.434,-9.314,4.500
-0.396,-9.294,4.500
-0.365,-9.441,4.500
-0.328,-9.435,4.500
-0.288,-9.334,4.500
-0.251,-9.331,4.500
-0.217,-9.434,4.500
-0.178,-9.362,4.500
-0.144,-9.498,4.500
-0.105,-9.360,4.500
-0.069,-9.501,4.500
-0.031,-9.366,4.500
0.006,-9.533,4.500
0.042,-9.390,4.500
0.080,-9.514,4.500
0.116,-9.389,4.500
0.153,-9.391,4.500
0.190,-9.390,4.500
0.227,-9.385,4.500
0.264,-9.394,4.500
0.300,-9.377,4.500
0.337,-9.390,4.500
0.373,-9.351,4.500
0.408,-9.327,4.500
0.451,-9.460,4.500
0.481,-9.314,4.500
0.516,-9.282,4.500
0.551,-9.257,4.500
0.584,-9.201,4.500
0.618,-9.171,4.500
0.660,-9.256,4.500
0.684,-9.078,4.500
0.729,-9.203,4.500
0.749,-9.000,4.500
0.790,-9.059,4.500
0.817,-8.962,4.500
0.845,-8.888,4.500
0.879,-8.873,4.500
0.910,-8.834,4.500
0.943,-8.816,4.500
0.991,-8.931,4.500
1.005,-8.746,4.500
1.055,-8.875,4.500
1.066,-8.674,4.500
1.121,-8.838,4.500
1.129,-8.629,4.500
1.166,-8.649,4.500
1.186,-8.541,4.500
1.245,-8.713,4.500
1.253,-8.534,4.500
1.286,-8.521,4.500
1.343,-8.669,4.500
1.349,-8.488,4.500
1.378,-8.456,4.500
1.435,-8.596,4.500
1.436,-8.398,4.500
1.494,-8.534,4.500
1.493,-8.338,4.500
1.549,-8.459,4.500
1.551,-8.286,4.500
1.579,-8.255,4.500
1.612,-8.252,4.500
1.634,-8.193,4.500
1.666,-8.186,4.500
1.700,-8.188,4.500
1.723,-8.139,4.500
1.757,-8.141,4.500
1.780,-8.095,4.500
1.812,-8.088,4.500
1.842,-8.072,4.500
1.875,-8.073,4.500
1.895,-8.015,4.500
1.928,-8.016,4.500
1.989,-8.128,4.500
1.983,-7.966,4.500
2.052,-8.110,4.500
2.031,-7.895,4.500
2.090,-7.993,4.500
2.087,-7.858,4.500
2.104,-7.796,4.500
2.141,-7.812,4.500
2.168,-7.789,4.500
2.239,-7.925,4.500
2.214,-7.720,4.500
2.250,-7.730,4.500
2.259,-7.651,4.500
2.355,-7.861,4.500
2.305,-7.587,4.500
2.407,-7.811,4.500
2.355,-7.537,4.500
2.445,-7.719,4.500
2.413,-7.516,4.500
2.440,-7.497,4.500
2.471,-7.493,4.500
2.484,-7.433,4.500
2.587,-7.643,4.500
2.614,-7.624,4.500
2.569,-7.397,4.500
2.607,-7.412,4.500
2.632,-7.393,4.500
2.688,-7.456,4.500
2.682,-7.350,4.500
2.701,-7.311,4.500
2.733,-7.310,4.500
2.756,-7.283,4.500
2.789,-7.285,4.500
2.795,-7.217,4.500
2.827,-7.215,4.500
2.855,-7.201,4.500
2.870,-7.158,4.500
2.893,-7.134,4.500
2.983,-7.273,4.500
2.930,-7.065,4.500
3.052,-7.280,4.500
2.989,-7.052,4.500
3.104,-7.243,4.500
3.035,-7.005,4.500
3.142,-7.176,4.500
3.080,-6.959,4.500
3.104,-6.940,4.500
3.223,-7.130,4.500
3.132,-6.856,4.500
3.263,-7.070,4.500
3.185,-6.832,4.500
3.220,-6.835,4.500
3.218,-6.763,4.500
3.253,-6.767,4.500
3.362,-6.925,4.500
3.301,-6.732,4.500
3.322,-6.709,4.500
3.352,-6.702,4.500
3.370,-6.672,4.500
3.516,-6.894,4.500
3.427,-6.656,4.500
3.554,-6.836,4.500
3.457,-6.586,4.500
3.600,-6.792,4.500
3.533,-6.604,4.500
3.538,-6.551,4.500
3.555,-6.521,4.500
3.560,-6.470,4.500
3.626,-6.529,4.500
3.622,-6.462,4.500
3.632,-6.421,4.500
3.654,-6.400,4.500
3.683,-6.393,4.500
3.799,-6.535,4.500
3.850,-6.564,4.500
3.748,-6.332,4.500
3.798,-6.360,4.500
3.800,-6.306,4.500
3.871,-6.369,4.500
3.900,-6.360,4.500
3.919,-6.335,4.500
3.948,-6.326,4.500
3.961,-6.291,4.500
3.988,-6.279,4.500
4.137,-6.458,4.500
4.039,-6.250,4.500
4.199,-6.443,4.500
4.086,-6.215,4.500
4.254,-6.416,4.500
4.145,-6.199,4.500
4.274,-6.339,4.500
4.157,-6.113,4.500
4.179,-6.094,4.500
4.207,-6.083,4.500
4.231,-6.067,4.500
4.253,-6.047,4.500
4.252,-5.996,4.500
4.271,-5.973,4.500
4.299,-5.962,4.500
4.309,-5.927,4.500
4.482,-6.114,4.500
4.469,-6.047,4.500
4.336,-5.819,4.500
4.501,-5.991,4.500
4.399,-5.807,4.500
4.417,-5.783,4.500
4.446,-5.775,4.500
4.608,-5.937,4.500
4.643,-5.933,4.500
4.517,-5.726,4.500
4.691,-5.900,4.500
4.552,-5.678,4.500
4.726,-5.848,4.500
4.763,-5.847,4.500
4.613,-5.618,4.500
4.813,-5.815,4.500
4.657,-5.581,4.500
4.709,-5.599,4.500
4.874,-5.749,4.500
4.735,-5.541,4.500
4.936,-5.730,4.500
4.925,-5.672,4.500
4.798,-5.482,4.500
4.993,-5.661,4.500
4.869,-5.476,4.500
5.040,-5.624,4.500
4.880,-5.403,4.500
4.909,-5.393,4.500
4.920,-5.362,4.500
4.938,-5.339,4.500
4.973,-5.334,4.500
4.953,-5.272,4.500
4.982,-5.261,4.500
5.005,-5.244,4.500
5.015,-5.213,4.500
5.038,-5.196,4.500
5.045,-5.162,4.500
5.039,-5.117,4.500
5.059,-5.097,4.500
5.062,-5.060,4.500
5.284,-5.240,4.500
5.113,-5.031,4.500
5.320,-5.193,4.500
5.147,-4.985,4.500
5.366,-5.156,4.500
5.212,-4.970,4.500
5.220,-4.938,4.500
5.418,-5.085,4.500
5.454,-5.079,4.500
5.266,-4.866,4.500
5.418,-4.967,4.500
5.316,-4.835,4.500
5.356,-4.833,4.500
5.360,-4.798,4.500
5.619,-4.991,4.500
5.430,-4.785,4.500
5.446,-4.761,4.500
5.416,-4.698,4.500
5.419,-4.663,4.500
5.456,-4.658,4.500
5.486,-4.647,4.500
5.495,-4.617,4.500
5.520,-4.601,4.500
5.531,-4.574,4.500
5.546,-4.550,4.500
5.769,-4.695,4.500
5.563,-4.491,4.500
5.809,-4.652,4.500
5.604,-4.452,4.500
5.842,-4.604,4.500
5.649,-4.415,4.500
5.896,-4.571,4.500
5.750,-4.422,4.500
5.735,-4.375,4.500
5.946,-4.499,4.500
5.734,-4.304,4.500
5.978,-4.450,4.500
5.781,-4.268,4.500
5.781,-4.234,4.500
5.938,-4.313,4.500
5.827,-4.197,4.500
5.834,-4.167,4.500
5.860,-4.152,4.500
5.876,-4.129,4.500
5.893,-4.105,4.500
6.116,-4.226,4.500
5.921,-4.057,4.500
6.149,-4.178,4.500
6.153,-4.145,4.500
6.191,-4.135,4.500
5.981,-3.961,4.500
6.220,-4.085,4.500
6.008,-3.912,4.500
6.051,-3.906,4.500
6.053,-3.873,4.500
6.061,-3.845,4.500
6.096,-3.834,4.500
6.074,-3.787,4.500
6.102,-3.771,4.500
6.121,-3.749,4.500
6.335,-3.847,4.500
6.150,-3.701,4.500
6.397,-3.816,4.500
6.182,-3.655,4.500
6.182,-3.622,4.500
6.435,-3.737,4.500
6.214,-3.576,4.500
6.338,-3.614,4.500
6.291,-3.555,4.500
6.298,-3.526,4.500
6.326,-3.509,4.500
6.339,-3.484,4.500
6.363,-3.465,4.500
6.349,-3.425,4.500
6.380,-3.409,4.500
6.421,-3.399,4.500
6.417,-3.364,4.500
6.427,-3.337,4.500
6.482,-3.334,4.500
6.428,-3.274,4.500
6.508,-3.283,4.500
6.496,-3.245,4.500
6.523,-3.226,4.500
6.489,-3.178,4.500
6.703,-3.250,4.500
6.518,-3.129,4.500
6.530,-3.103,4.500
6.527,-3.071,4.500
6.561,-3.055,4.500
6.471,-2.982,4.500
6.534,-2.980,4.500
6.546,-2.955,4.500
6.550,-2.926,4.500
6.569,-2.903,4.500
6.846,-2.994,4.500
6.580,-2.847,4.500
6.550,-2.803,4.500
6.557,-2.776,4.500
6.568,-2.750,4.500
6.568,-2.720,4.500
6.601,-2.703,4.500
6.596,-2.671,4.500
6.633,-2.656,4.500
6.617,-2.619,4.500
6.631,-2.595,4.500
6.694,-2.589,4.500
6.912,-2.643,4.500
6.684,-2.525,4.500
6.972,-2.603,4.500
6.794,-2.506,4.500
6.804,-2.479,4.500
6.810,-2.451,4.500
6.838,-2.431,4.500
6.888,-2.419,4.500
6.894,-2.390,4.500
6.944,-2.377,4.500
6.964,-2.353,4.500
7.006,-2.337,4.500
7.228,-2.380,4.500
7.070,-2.297,4.500
7.090,-2.273,4.500
7.156,-2.263,4.500
7.150,-2.230,4.500
7.218,-2.220,4.500
7.373,-2.236,4.500
7.291,-2.180,4.500
7.286,-2.147,4.500
7.304,-2.122,4.500
7.347,-2.103,4.500
7.358,-2.075,4.500
7.373,-2.048,4.500
7.425,-2.031,4.500
7.568,-2.038,4.500
7.447,-1.974,4.500
7.442,-1.942,4.500
7.677,-1.971,4.500
7.744,-1.956,4.500
7.557,-1.877,4.500
7.750,-1.893,4.500
7.542,-1.811,4.500
7.539,-1.779,4.500
7.747,-1.796,4.500
7.603,-1.731,4.500
7.619,-1.703,4.500
7.606,-1.669,4.500
7.622,-1.641,4.500
7.626,-1.610,4.500
7.635,-1.581,4.500
7.641,-1.551,4.500
7.726,-1.537,4.500
7.650,-1.491,4.500
7.892,-1.506,4.500
7.701,-1.438,4.500
7.919,-1.446,4.500
7.940,-1.418,4.500
7.721,-1.348,4.500
7.942,-1.354,4.500
7.731,-1.287,4.500
7.733,-1.256,4.500
7.908,-1.253,4.500
7.729,-1.193,4.500
7.964,-1.198,4.500
7.820,-1.145,4.500
7.821,-1.113,4.500
7.816,-1.081,4.500
7.813,-1.050,4.500
7.827,-1.020,4.500
8.027,-1.014,4.500
7.903,-0.967,4.500
7.832,-0.927,4.500
7.852,-0.898,4.500
7.901,-0.873,4.500
7.839,-0.835,4.500
8.070,-0.827,4.500
7.836,-0.772,4.500
8.070,-0.763,4.500
7.858,-0.712,4.500
8.088,-0.701,4.500
8.124,-0.672,4.500
7.931,-0.625,4.500
8.147,-0.609,4.500
7.926,-0.562,4.500
8.155,-0.546,4.500
7.930,-0.499,4.500
8.144,-0.481,4.500
7.937,-0.437,4.500
7.958,-0.407,4.500
8.161,-0.385,4.500
7.935,-0.344,4.500
8.203,-0.323,4.500
8.014,-0.284,4.500
8.199,-0.258,4.500
8.173,-0.225,4.500
8.195,-0.194,4.500
8.183,-0.161,4.500
8.037,-0.127,4.500
7.984,-0.095,5.000
8.084,-0.064,5.000
8.066,-0.032,5.000
8.282,-0.001,5.000
8.128,0.031,5.000
8.288,0.064,5.000
8.121,0.095,5.000
8.316,0.130,5.000
8.117,0.159,5.000
8.323,0.195,5.000
8.325,0.228,5.000
8.074,0.253,5.000
8.274,0.292,5.000
8.081,0.317,5.000
8.278,0.357,5.000
8.128,0.382,5.000
8.315,0.424,5.000
8.115,0.446,5.000
8.107,0.477,5.000
8.312,0.522,5.000
8.100,0.541,5.000
8.144,0.576,5.000
8.153,0.608,5.000
8.354,0.656,5.000
8.303,0.685,5.000
8.337,0.721,5.000
8.334,0.754,5.000
8.365,0.790,5.000
8.164,0.803,5.000
8.358,0.855,5.000
8.157,0.867,5.000
8.351,0.921,5.000
8.191,0.936,5.000
8.187,0.968,5.000
8.178,0.999,5.000
8.191,1.034,5.000
8.222,1.070,5.000
8.220,1.103,5.000
8.199,1.133,5.000
8.438,1.200,5.000
8.241,1.205,5.000
8.425,1.265,5.000
8.231,1.269,5.000
8.226,1.302,5.000
8.263,1.341,5.000
8.241,1.370,5.000
8.457,1.440,5.000
8.283,1.444,5.000
8.280,1.477,5.000
8.418,1.536,5.000
8.298,1.548,5.000
8.300,1.582,5.000
8.283,1.612,5.000
8.325,1.654,5.000
8.310,1.685,5.000
8.311,1.720,5.000
8.294,1.750,5.000
8.303,1.786,5.000
8.304,1.820,5.000
8.315,1.857,5.000
8.302,1.888,5.000
8.336,1.931,5.000
8.509,2.006,5.000
8.316,1.995,5.000
8.478,2.069,5.000
8.310,2.063,5.000
8.338,2.104,5.000
8.494,2.179,5.000
8.346,2.176,5.000
8.508,2.254,5.000
8.334,2.243,5.000
8.520,2.329,5.000
8.346,2.317,5.000
8.499,2.395,5.000
8.531,2.440,5.000
8.338,2.420,5.000
8.544,2.517,5.000
8.374,2.502,5.000
8.376,2.539,5.000
8.385,2.577,5.000
8.407,2.621,5.000
8.392,2.652,5.000
8.393,2.689,5.000
8.422,2.734,5.000
8.395,2.762,5.000
8.565,2.855,5.000
8.434,2.849,5.000
8.570,2.932,5.000
8.425,2.919,5.000
8.621,3.025,5.000
8.423,2.993,5.000
8.556,3.078,5.000
8.424,3.068,5.000
8.513,3.138,5.000
8.568,3.197,5.000
8.404,3.173,5.000
8.573,3.276,5.000
8.448,3.266,5.000
8.573,3.353,5.000
8.453,3.344,5.000
8.436,3.376,5.000
8.445,3.418,5.000
8.493,3.477,5.000
8.444,3.495,5.000
8.448,3.536,5.000
8.574,3.628,5.000
8.430,3.606,5.000
8.410,3.637,5.000
8.421,3.681,5.000
8.408,3.715,5.000
8.420,3.760,5.000
8.423,3.800,5.000
8.417,3.838,5.000
8.421,3.879,5.000
8.441,3.929,5.000
8.452,3.975,5.000
8.439,4.009,5.000
8.455,4.057,5.000
8.432,4.087,5.000
8.555,4.188,5.000
8.431,4.169,5.000
8.427,4.208,5.000
8.435,4.253,5.000
8.528,4.342,5.000
8.540,4.390,5.000
8.409,4.365,5.000
8.399,4.402,5.000
8.373,4.430,5.000
8.475,4.527,5.000
8.333,4.493,5.000
8.436,4.591,5.000
8.307,4.564,5.000
8.284,4.594,5.000
8.266,4.626,5.000
8.251,4.660,5.000
8.230,4.691,5.000
8.213,4.724,5.000
8.291,4.812,5.000
8.169,4.785,5.000
8.260,4.882,5.000
8.128,4.847,5.000
8.222,4.946,5.000
8.095,4.913,5.000
8.181,5.010,5.000
8.056,4.977,5.000
8.015,4.995,5.000
8.002,5.031,5.000
7.977,5.059,5.000
7.935,5.076,5.000
8.007,5.166,5.000
7.901,5.142,5.000
7.962,5.226,5.000
7.910,5.236,5.000
7.816,5.218,5.000
7.759,5.225,5.000
7.742,5.257,5.000
7.716,5.284,5.000
7.713,5.327,5.000
7.783,5.420,5.000
7.645,5.369,5.000
7.729,5.474,5.000
7.578,5.412,5.000
7.664,5.518,5.000
7.509,5.452,5.000
7.597,5.561,5.000
7.533,5.560,5.000
7.433,5.531,5.000
7.476,5.609,5.000
7.375,5.578,5.000
7.351,5.606,5.000
7.334,5.638,5.000
7.287,5.648,5.000
7.268,5.679,5.000
7.236,5.700,5.000
7.223,5.736,5.000
7.171,5.741,5.000
7.157,5.775,5.000
7.132,5.802,5.000
7.085,5.810,5.000
7.170,5.927,5.000
7.032,5.860,5.000
7.120,5.980,5.000
6.965,5.897,5.000
6.945,5.927,5.000
6.925,5.957,5.000
6.897,5.980,5.000
6.989,6.108,5.000
6.826,6.014,5.000
6.921,6.145,5.000
6.781,6.068,5.000
6.872,6.199,5.000
6.726,6.116,5.000
6.705,6.145,5.000
6.785,6.267,5.000
6.630,6.172,5.000
6.717,6.303,5.000
6.581,6.224,5.000
6.672,6.360,5.000
6.509,6.253,5.000
6.584,6.375,5.000
6.568,6.410,5.000
6.448,6.342,5.000
6.518,6.461,5.000
6.371,6.366,5.000
6.447,6.492,5.000
6.311,6.406,5.000
6.391,6.538,5.000
6.261,6.455,5.000
6.219,6.463,5.000
6.199,6.492,5.000
6.165,6.508,5.000
6.245,6.645,5.000
6.100,6.541,5.000
6.082,6.574,5.000
6.039,6.579,5.000
6.126,6.726,5.000
5.990,6.629,5.000
6.071,6.772,5.000
5.924,6.660,5.000
5.916,6.705,5.000
5.969,6.818,5.000
5.836,6.719,5.000
5.918,6.868,5.000
5.781,6.763,5.000
5.867,6.918,5.000
5.733,6.814,5.000
5.806,6.955,5.000
5.771,6.969,5.000
5.634,6.859,5.000
5.706,7.002,5.000
5.565,6.884,5.000
5.648,7.044,5.000
5.523,6.943,5.000
5.594,7.089,5.000
5.470,6.988,5.000
5.529,7.121,5.000
5.509,7.153,5.000
5.387,7.051,5.000
5.350,7.061,5.000
5.307,7.061,5.000
5.400,7.244,5.000
5.253,7.104,5.000
5.223,7.123,5.000
5.290,7.274,5.000
5.170,7.168,5.000
5.142,7.188,5.000
5.114,7.208,5.000
5.148,7.317,5.000
5.053,7.242,5.000
5.123,7.404,5.000
4.997,7.283,5.000
5.066,7.446,5.000
4.941,7.324,5.000
4.983,7.450,5.000
4.953,7.467,5.000
4.833,7.350,5.000
4.891,7.502,5.000
4.779,7.394,5.000
4.759,7.427,5.000
4.725,7.437,5.000
4.689,7.445,5.000
4.673,7.484,5.000
4.633,7.486,5.000
4.617,7.525,5.000
4.573,7.520,5.000
4.542,7.536,5.000
4.608,7.714,5.000
4.509,7.615,5.000
4.468,7.614,5.000
4.522,7.775,5.000
4.409,7.651,5.000
4.383,7.674,5.000
4.354,7.694,5.000
4.403,7.851,5.000
4.290,7.721,5.000
4.337,7.880,5.000
4.312,7.907,5.000
4.215,7.801,5.000
4.258,7.956,5.000
4.160,7.846,5.000
4.195,7.987,5.000
4.097,7.877,5.000
4.061,7.882,5.000
4.032,7.902,5.000
4.003,7.922,5.000
3.964,7.923,5.000
3.940,7.951,5.000
3.907,7.964,5.000
3.947,8.125,5.000
3.846,7.997,5.000
3.882,8.154,5.000
3.787,8.036,5.000
3.819,8.186,5.000
3.720,8.056,5.000
3.769,8.248,5.000
3.662,8.098,5.000
3.701,8.270,5.000
3.592,8.112,5.000
3.622,8.268,5.000
3.530,8.144,5.000
3.497,8.156,5.000
3.465,8.169,5.000
3.432,8.181,5.000
3.400,8.194,5.000
3.367,8.205,5.000
3.336,8.223,5.000
3.303,8.233,5.000
3.279,8.268,5.000
3.308,8.437,5.000
3.222,8.314,5.000
3.241,8.463,5.000
3.161,8.352,5.000
3.184,8.513,5.000
3.096,8.376,5.000
3.118,8.542,5.000
3.043,8.438,5.000
3.014,8.462,5.000
2.975,8.457,5.000
2.947,8.484,5.000
2.947,8.593,5.000
2.874,8.489,5.000
2.891,8.649,5.000
2.820,8.548,5.000
2.832,8.700,5.000
2.759,8.592,5.000
2.719,8.581,5.000
2.701,8.641,5.000
2.669,8.660,5.000
2.638,8.679,5.000
2.633,8.787,5.000
2.575,8.718,5.000
2.583,8.874,5.000
2.508,8.743,5.000
2.510,8.882,5.000
2.440,8.764,5.000
2.443,8.912,5.000
2.371,8.783,5.000
2.375,8.941,5.000
2.340,8.950,5.000
2.270,8.823,5.000
2.235,8.832,5.000
2.232,8.965,5.000
2.164,8.841,5.000
2.165,8.998,5.000
2.094,8.858,5.000
2.093,9.009,5.000
2.028,8.887,5.000
2.025,9.039,5.000
1.955,8.889,5.000
1.954,9.057,5.000
1.884,8.898,5.000
1.879,9.052,5.000
1.816,8.923,5.000
1.779,8.924,5.000
1.752,8.969,5.000
1.716,8.972,5.000
1.708,9.123,5.000
1.644,8.981,5.000
1.636,9.134,5.000
1.573,8.987,5.000
1.561,9.131,5.000
1.504,9.008,5.000
1.469,9.018,5.000
1.433,9.021,5.000
1.419,9.164,5.000
1.362,9.032,5.000
1.346,9.171,5.000
1.294,9.062,5.000
1.278,9.210,5.000
1.242,9.215,5.000
1.206,9.221,5.000
1.156,9.119,5.000
1.135,9.243,5.000
1.084,9.124,5.000
1.064,9.265,5.000
1.012,9.134,5.000
0.994,9.303,5.000
0.943,9.165,5.000
0.911,9.208,5.000
0.872,9.180,5.000
0.837,9.196,5.000
0.802,9.218,5.000
0.766,9.221,5.000
0.729,9.220,5.000
0.706,9.387,5.000
0.659,9.254,5.000
0.632,9.400,5.000
0.588,9.290,5.000
0.560,9.431,5.000
0.516,9.304,5.000
0.478,9.290,5.000
0.444,9.330,5.000
0.407,9.323,5.000
0.371,9.339,5.000
0.333,9.326,5.000
0.301,9.466,5.000
0.260,9.335,5.000
0.226,9.451,5.000
0.190,9.473,5.000
0.152,9.468,5.000
0.113,9.332,5.000
0.077,9.348,5.000
0.040,9.334,5.000
0.003,9.334,5.000
-0.033,9.304,5.000
-0.070,9.302,5.000
-0.106,9.301,5.000
-0.142,9.260,5.000
-0.181,9.386,5.000
-0.214,9.238,5.000
-0.250,9.214,5.000
-0.287,9.221,5.000
-0.321,9.182,5.000
-0.356,9.145,5.000
-0.391,9.120,5.000
-0.426,9.096,5.000
-0.461,9.088,5.000
-0.493,9.015,5.000
-0.527,8.986,5.000
-0.559,8.927,5.000
-0.591,8.885,5.000
-0.621,8.809,5.000
-0.653,8.777,5.000
-0.687,8.767,5.000
-0.720,8.742,5.000
-0.749,8.685,5.000
-0.785,8.697,5.000
-0.832,8.832,5.000
-0.864,8.798,5.000
-0.898,8.792,5.000
-0.928,8.747,5.000
-0.957,8.692,5.000
-0.969,8.494,5.000
-1.024,8.674,5.000
-1.032,8.460,5.000
-1.083,8.593,5.000
-1.090,8.384,5.000
-1.134,8.463,5.000
-1.173,8.498,5.000
-1.182,8.321,5.000
-1.235,8.459,5.000
-1.242,8.276,5.000
-1.302,8.452,5.000
-1.301,8.226,5.000
-1.363,8.407,5.000
-1.377,8.286,5.000
-1.395,8.199,5.000
-1.456,8.359,5.000
-1.444,8.096,5.000
-1.514,8.304,5.000
-1.499,8.043,5.000
-1.537,8.067,5.000
-1.605,8.247,5.000
-1.589,7.999,5.000
-1.662,8.196,5.000
-1.655,8.001,5.000
-1.723,8.169,5.000
-1.707,7.940,5.000
-1.782,8.130,5.000
-1.770,7.926,5.000
-1.786,7.856,5.000
-1.821,7.864,5.000
-1.900,8.061,5.000
-1.883,7.850,5.000
-1.953,8.004,5.000
-1.936,7.801,5.000
-2.006,7.951,5.000
-1.989,7.752,5.000
-2.066,7.923,5.000
-2.036,7.687,5.000
-2.066,7.676,5.000
-2.099,7.680,5.000
-2.110,7.603,5.000
-2.196,7.793,5.000
-2.224,7.776,5.000
-2.179,7.507,5.000
-2.276,7.728,5.000
-2.246,7.516,5.000
-2.336,7.707,5.000
-2.289,7.446,5.000
-2.387,7.659,5.000
-2.341,7.409,5.000
-2.361,7.370,5.000
-2.398,7.384,5.000
-2.411,7.329,5.000
-2.436,7.306,5.000
-2.465,7.296,5.000
-2.498,7.300,5.000
-2.522,7.277,5.000
-2.534,7.220,5.000
-2.561,7.207,5.000
-2.596,7.214,5.000
-2.620,7.193,5.000
-2.702,7.328,5.000
-2.658,7.123,5.000
-2.714,7.185,5.000
-2.795,7.315,5.000
-2.713,7.017,5.000
-2.753,7.037,5.000
-2.767,6.992,5.000
-2.782,6.950,5.000
-2.816,6.956,5.000
-2.838,6.931,5.000
-2.860,6.907,5.000
-2.974,7.104,5.000
-2.907,6.867,5.000
-3.020,7.058,5.000
-2.959,6.840,5.000
-2.962,6.774,5.000
-2.981,6.744,5.000
-3.015,6.750,5.000
-3.038,6.731,5.000
-3.069,6.730,5.000
-3.201,6.947,5.000
-3.125,6.712,5.000
-3.259,6.928,5.000
-3.162,6.653,5.000
-3.302,6.879,5.000
-3.298,6.802,5.000
-3.245,6.626,5.000
-3.284,6.640,5.000
-3.304,6.613,5.000
-3.336,6.614,5.000
-3.362,6.601,5.000
-3.378,6.567,5.000
-3.525,6.788,5.000
-3.431,6.544,5.000
-3.545,6.697,5.000
-3.473,6.500,5.000
-3.635,6.738,5.000
-3.534,6.489,5.000
-3.561,6.479,5.000
-3.564,6.424,5.000
-3.580,6.394,5.000
-3.738,6.616,5.000
-3.638,6.379,5.000
-3.668,6.374,5.000
-3.658,6.300,5.000
-3.681,6.282,5.000
-3.708,6.271,5.000
-3.864,6.476,5.000
-3.753,6.235,5.000
-3.796,6.250,5.000
-3.934,6.421,5.000
-3.940,6.374,5.000
-3.855,6.181,5.000
-4.000,6.359,5.000
-3.876,6.108,5.000
-3.908,6.106,5.000
-3.928,6.084,5.000
-3.943,6.055,5.000
-3.978,6.056,5.000
-3.995,6.030,5.000
-4.103,6.141,5.000
-4.185,6.211,5.000
-4.220,6.210,5.000
-4.234,6.178,5.000
-4.110,5.948,5.000
-4.278,6.139,5.000
-4.125,5.869,5.000
-4.298,6.066,5.000
-4.296,6.012,5.000
-4.194,5.820,5.000
-4.387,6.039,5.000
-4.242,5.790,5.000
-4.279,5.793,5.000
-4.287,5.757,5.000
-4.312,5.743,5.000
-4.327,5.717,5.000
-4.357,5.709,5.000
-4.384,5.698,5.000
-4.397,5.668,5.000
-4.586,5.865,5.000
-4.441,5.634,5.000
-4.456,5.607,5.000
-4.495,5.611,5.000
-4.464,5.527,5.000
-4.506,5.535,5.000
-4.525,5.514,5.000
-4.724,5.711,5.000
-4.561,5.469,5.000
-4.759,5.662,5.000
-4.606,5.436,5.000
-4.630,5.421,5.000
-4.651,5.403,5.000
-4.686,5.400,5.000
-4.669,5.338,5.000
-4.698,5.329,5.000
-4.725,5.317,5.000
-4.748,5.301,5.000
-4.918,5.447,5.000
-4.748,5.218,5.000
-4.958,5.406,5.000
-4.800,5.193,5.000
-4.826,5.180,5.000
-4.838,5.152,5.000
-5.019,5.302,5.000
-4.884,5.119,5.000
-4.887,5.082,5.000
-4.898,5.054,5.000
-4.924,5.041,5.000
-4.958,5.036,5.000
-5.172,5.212,5.000
-4.989,4.988,5.000
-4.997,4.957,5.000
-5.200,5.118,5.000
-5.005,4.888,5.000
-5.221,5.058,5.000
-5.043,4.849,5.000
-5.263,5.020,5.000
-5.288,5.005,5.000
-5.106,4.795,5.000
-5.333,4.968,5.000
-5.144,4.754,5.000
-5.187,4.757,5.000
-5.386,4.900,5.000
-5.190,4.685,5.000
-5.421,4.855,5.000
-5.446,4.838,5.000
-5.248,4.626,5.000
-5.478,4.790,5.000
-5.281,4.582,5.000
-5.318,4.578,5.000
-5.336,4.557,5.000
-5.555,4.706,5.000
-5.349,4.496,5.000
-5.374,4.480,5.000
-5.608,4.638,5.000
-5.402,4.432,5.000
-5.653,4.601,5.000
-5.460,4.408,5.000
-5.667,4.539,5.000
-5.713,4.539,5.000
-5.528,4.357,5.000
-5.538,4.330,5.000
-5.549,4.303,5.000
-5.765,4.434,5.000
-5.562,4.244,5.000
-5.595,4.234,5.000
-5.807,4.359,5.000
-5.632,4.193,5.000
-5.832,4.306,5.000
-5.600,4.101,5.000
-5.667,4.116,5.000
-5.677,4.089,5.000
-5.682,4.059,5.000
-5.719,4.052,5.000
-5.925,4.163,5.000
-5.740,3.999,5.000
-5.862,4.050,5.000
-5.778,3.959,5.000
-5.797,3.939,5.000
-5.795,3.904,5.000
-5.814,3.883,5.000
-5.882,3.895,5.000
-6.099,4.005,5.000
-5.926,3.858,5.000
-6.160,3.976,5.000
-5.942,3.802,5.000
-6.191,3.927,5.000
-6.031,3.793,5.000
-6.050,3.771,5.000
-6.051,3.739,5.000
-6.076,3.722,5.000
-6.309,3.831,5.000
-6.331,3.810,5.000
-6.112,3.646,5.000
-6.361,3.760,5.000
-6.155,3.606,5.000
-6.390,3.710,5.000
-6.398,3.681,5.000
-6.211,3.541,5.000
-6.466,3.653,5.000
-6.260,3.504,5.000
-6.291,3.489,5.000
-6.273,3.447,5.000
-6.297,3.428,5.000
-6.321,3.409,5.000
-6.554,3.501,5.000
-6.341,3.355,5.000
-6.361,3.334,5.000
-6.370,3.307,5.000
-6.383,3.282,5.000
-6.625,3.373,5.000
-6.402,3.228,5.000
-6.414,3.203,5.000
-6.647,3.287,5.000
-6.443,3.154,5.000
-6.703,3.249,5.000
-6.464,3.102,5.000
-6.480,3.078,5.000
-6.510,3.061,5.000
-6.518,3.034,5.000
-6.519,3.003,5.000
-6.553,2.988,5.000
-6.517,2.940,5.000
-6.802,3.037,5.000
-6.562,2.899,5.000
-6.592,2.881,5.000
-6.820,2.949,5.000
-6.610,2.828,5.000
-6.640,2.809,5.000
-6.618,2.769,5.000
-6.617,2.739,5.000
-6.639,2.717,5.000
-6.853,2.773,5.000
-6.660,2.665,5.000
-6.686,2.645,5.000
-6.688,2.616,5.000
-6.751,2.609,5.000
-7.014,2.680,5.000
-6.764,2.554,5.000
-6.785,2.531,5.000
-7.007,2.583,5.000
-6.801,2.476,5.000
-7.044,2.534,5.000
-6.794,2.413,5.000
-6.881,2.414,5.000
-6.891,2.387,5.000
-6.889,2.356,5.000
-7.138,2.410,5.000
-6.904,2.301,5.000
-6.957,2.288,5.000
-7.214,2.341,5.000
-6.967,2.231,5.000
-7.249,2.290,5.000
-6.992,2.179,5.000
-7.315,2.248,5.000
-7.075,2.144,5.000
-7.087,2.117,5.000
-7.084,2.086,5.000
-7.093,2.058,5.000
-7.108,2.032,5.000
-7.134,2.009,5.000
-7.135,1.979,5.000
-7.175,1.960,5.000
-7.193,1.935,5.000
-7.187,1.903,5.000
-7.422,1.934,5.000
-7.223,1.852,5.000
-7.234,1.824,5.000
-7.465,1.851,5.000
-7.485,1.825,5.000
-7.258,1.740,5.000
-7.251,1.708,5.000
-7.246,1.677,5.000
-7.527,1.711,5.000
-7.317,1.633,5.000
-7.547,1.653,5.000
-7.330,1.575,5.000
-7.329,1.545,5.000
-7.339,1.517,5.000
-7.341,1.487,5.000
-7.530,1.495,5.000
-7.356,1.430,5.000
-7.666,1.459,5.000
-7.665,1.428,5.000
-7.412,1.351,5.000
-7.666,1.366,5.000
-7.437,1.295,5.000
-7.438,1.265,5.000
-7.482,1.242,5.000
-7.717,1.250,5.000
-7.520,1.188,5.000
-7.736,1.191,5.000
-7.522,1.128,5.000
-7.523,1.098,5.000
-7.743,1.099,5.000
-7.577,1.045,5.000
-7.814,1.046,5.000
-7.589,0.986,5.000
-7.832,0.986,5.000
-7.849,0.957,5.000
-7.568,0.892,5.000
-7.610,0.867,5.000
-7.875,0.866,5.000
-7.644,0.810,5.000
-7.895,0.805,5.000
-7.668,0.752,5.000
-7.685,0.723,5.000
-7.897,0.712,5.000
-7.683,0.662,5.000
-7.919,0.651,5.000
-7.719,0.604,5.000
-7.949,0.591,5.000
-7.730,0.544,5.000
-7.954,0.528,5.000
-7.738,0.483,5.000
-7.740,0.453,5.000
-7.998,0.436,5.000
-7.777,0.394,5.000
-8.013,0.374,5.000
-7.776,0.332,5.000
-8.022,0.311,5.000
-7.799,0.272,5.000
-7.830,0.242,5.000
-7.831,0.212,5.000
-7.819,0.181,5.000
-7.843,0.150,5.000
-7.843,0.119,5.000
-8.062,0.091,5.000
-7.890,0.058,5.000
-7.933,0.027,5.000
-8.044,-0.004,5.000
-7.887,-0.035,5.000
-7.883,-0.066,5.000
-8.118,-0.100,5.000
-7.886,-0.128,5.000
-7.882,-0.159,5.000
-7.888,-0.190,5.000
-8.081,-0.226,5.000
-7.863,-0.251,5.000
-8.076,-0.290,5.000
-7.864,-0.313,5.000
-7.954,-0.348,5.000
-7.855,-0.375,5.000
-7.935,-0.410,5.000
-7.940,-0.441,5.000
-8.150,-0.485,5.000
-8.145,-0.517,5.000
-7.921,-0.534,5.000
-8.021,-0.572,5.000
-7.971,-0.600,5.000
-7.975,-0.632,5.000
-7.969,-0.663,5.000
-8.157,-0.711,5.000
-7.954,-0.725,5.000
-8.005,-0.761,5.000
-8.204,-0.813,5.000
-8.005,-0.825,5.000
-8.002,-0.856,5.000
-7.973,-0.885,5.000
-7.992,-0.919,5.000
-8.028,-0.955,5.000
-8.036,-0.988,5.000
-8.017,-1.017,5.000
-8.056,-1.054,5.000
-8.248,-1.113,5.000
-8.086,-1.123,5.000
-8.052,-1.151,5.000
-8.077,-1.187,5.000
-8.283,-1.250,5.000
-8.100,-1.255,5.000
-8.125,-1.292,5.000
-8.117,-1.323,5.000
-8.135,-1.359,5.000
-8.129,-1.391,5.000
-8.341,-1.461,5.000
-8.155,-1.461,5.000
-8.161,-1.495,5.000
-8.361,-1.566,5.000
-8.180,-1.565,5.000
-8.179,-1.599,5.000
-8.201,-1.636,5.000
-8.197,-1.669,5.000
-8.191,-1.701,5.000
-8.369,-1.773,5.000
-8.221,-1.775,5.000
-8.355,-1.838,5.000
-8.204,-1.839,5.000
-8.240,-1.881,5.000
-8.389,-1.950,5.000
-8.195,-1.939,5.000
-8.381,-2.018,5.000
-8.252,-2.021,5.000
-8.377,-2.086,5.000
-8.249,-2.089,5.000
-8.246,-2.123,5.000
-8.276,-2.165,5.000
-8.262,-2.196,5.000
-8.435,-2.278,5.000
-8.288,-2.273,5.000
-8.297,-2.310,5.000
-8.312,-2.350,5.000
-8.476,-2.432,5.000
-8.294,-2.415,5.000
-8.311,-2.456,5.000
-8.449,-2.533,5.000
-8.287,-2.520,5.000
-8.323,-2.566,5.000
-8.310,-2.598,5.000
-8.447,-2.678,5.000
-8.314,-2.671,5.000
-8.345,-2.718,5.000
-8.335,-2.751,5.000
-8.463,-2.830,5.000
-8.329,-2.821,5.000
-8.346,-2.864,5.000
-8.314,-2.889,5.000
-8.337,-2.934,5.000
-8.325,-2.967,5.000
-8.322,-3.003,5.000
-8.438,-3.082,5.000
-8.319,-3.075,5.000
-8.469,-3.169,5.000
-8.334,-3.156,5.000
-8.420,-3.226,5.000
-8.307,-3.220,5.000
-8.324,-3.265,5.000
-8.337,-3.308,5.000
-8.324,-3.340,5.000
-8.444,-3.427,5.000
-8.310,-3.411,5.000
-8.455,-3.509,5.000
-8.449,-3.546,5.000
-8.324,-3.532,5.000
-8.304,-3.562,5.000
-8.453,-3.665,5.000
-8.304,-3.639,5.000
-8.318,-3.684,5.000
-8.311,-3.721,5.000
-8.291,-3.751,5.000
-8.302,-3.795,5.000
-8.308,-3.837,5.000
-8.420,-3.929,5.000
-8.316,-3.921,5.000
-8.424,-4.012,5.000
-8.317,-4.002,5.000
-8.440,-4.101,5.000
-8.304,-4.076,5.000
-8.309,-4.119,5.000
-8.471,-4.240,5.000
-8.307,-4.199,5.000
-8.303,-4.238,5.000
-8.297,-4.277,5.000
-8.293,-4.316,5.000
-8.295,-4.358,5.000
-8.430,-4.471,5.000
-8.305,-4.447,5.000
-8.310,-4.492,5.000
-8.294,-4.525,5.000
-8.312,-4.578,5.000
-8.275,-4.600,5.000
-8.263,-4.636,5.000
-8.241,-4.666,5.000
-8.223,-4.699,5.000
-8.343,-4.811,5.000
-8.181,-4.760,5.000
-8.274,-4.858,5.000
-8.148,-4.827,5.000
-8.178,-4.888,5.000
-8.219,-4.957,5.000
-8.088,-4.921,5.000
-8.193,-5.029,5.000
-8.053,-4.988,5.000
-8.037,-5.021,5.000
-8.032,-5.062,5.000
-8.015,-5.095,5.000
-7.993,-5.126,5.000
-8.088,-5.232,5.000
-8.094,-5.281,5.000
-7.949,-5.231,5.000
-8.016,-5.320,5.000
-7.892,-5.283,5.000
-7.878,-5.318,5.000
-7.844,-5.341,5.000
-7.913,-5.433,5.000
-7.785,-5.390,5.000
-7.761,-5.418,5.000
-7.732,-5.443,5.000
-7.808,-5.543,5.000
-7.651,-5.477,5.000
-7.639,-5.514,5.000
-7.617,-5.544,5.000
-7.567,-5.553,5.000
-7.550,-5.586,5.000
-7.526,-5.615,5.000
-7.592,-5.710,5.000
-7.457,-5.655,5.000
-7.555,-5.776,5.000
-7.415,-5.715,5.000
-7.383,-5.737,5.000
-7.356,-5.762,5.000
-7.329,-5.788,5.000
-7.285,-5.800,5.000
-7.248,-5.817,5.000
-7.233,-5.852,5.000
-7.193,-5.866,5.000
-7.238,-5.951,5.000
-7.142,-5.919,5.000
-7.103,-5.933,5.000
-7.075,-5.957,5.000
-7.159,-6.076,5.000
-7.130,-6.101,5.000
-6.983,-6.023,5.000
-6.964,-6.054,5.000
-6.931,-6.073,5.000
-6.915,-6.107,5.000
-6.863,-6.109,5.000
-6.949,-6.235,5.000
-6.824,-6.171,5.000
-6.796,-6.195,5.000
-6.744,-6.196,5.000
-6.730,-6.233,5.000
-6.700,-6.253,5.000
-6.757,-6.357,5.000
-6.735,-6.386,5.000
-6.596,-6.304,5.000
-6.731,-6.484,5.000
-6.535,-6.345,5.000
-6.504,-6.364,5.000
-6.491,-6.402,5.000
-6.457,-6.418,5.000
-6.419,-6.431,5.000
-6.400,-6.462,5.000
-6.375,-6.488,5.000
-6.354,-6.517,5.000
-6.299,-6.512,5.000
-6.281,-6.545,5.000
-6.244,-6.558,5.000
-6.330,-6.700,5.000
-6.193,-6.607,5.000
-6.254,-6.725,5.000
-6.125,-6.639,5.000
-6.099,-6.663,5.000
-6.171,-6.795,5.000
-6.045,-6.709,5.000
-6.025,-6.739,5.000
-5.976,-6.738,5.000
-5.955,-6.768,5.000
-5.918,-6.779,5.000
-5.990,-6.916,5.000
-5.866,-6.827,5.000
-5.820,-6.828,5.000
-5.799,-6.858,5.000
-5.762,-6.868,5.000
-5.739,-6.896,5.000
-5.702,-6.906,5.000
-5.778,-7.055,5.000
-5.633,-6.933,5.000
-5.605,-6.955,5.000
-5.674,-7.097,5.000
-5.646,-7.119,5.000
-5.526,-7.024,5.000
-5.593,-7.167,5.000
-5.471,-7.067,5.000
-5.423,-7.063,5.000
-5.397,-7.086,5.000
-5.377,-7.118,5.000
-5.342,-7.130,5.000
-5.400,-7.266,5.000
-5.338,-7.242,5.000
-5.255,-7.188,5.000
-5.323,-7.342,5.000
-5.273,-7.334,5.000
-5.152,-7.225,5.000
-5.126,-7.249,5.000
-5.094,-7.263,5.000
-5.066,-7.285,5.000
-5.127,-7.434,5.000
-4.989,-7.295,5.000
-4.965,-7.323,5.000
-5.040,-7.496,5.000
-4.901,-7.351,5.000
-4.937,-7.469,5.000
-4.843,-7.390,5.000
-4.905,-7.548,5.000
-4.786,-7.429,5.000
-4.845,-7.586,5.000
-4.808,-7.594,5.000
-4.698,-7.485,5.000
-4.671,-7.508,5.000
-4.619,-7.489,5.000
-4.596,-7.518,5.000
-4.564,-7.531,5.000
-4.604,-7.665,5.000
-4.532,-7.613,5.000
-4.469,-7.574,5.000
-4.444,-7.600,5.000
-4.414,-7.617,5.000
-4.386,-7.639,5.000
-4.351,-7.648,5.000
-4.377,-7.763,5.000
-4.293,-7.686,5.000
-4.359,-7.876,5.000
-4.248,-7.747,5.000
-4.218,-7.764,5.000
-4.265,-7.924,5.000
-4.157,-7.797,5.000
-4.129,-7.819,5.000
-4.097,-7.833,5.000
-4.067,-7.849,5.000
-4.108,-8.007,5.000
-3.997,-7.866,5.000
-3.974,-7.897,5.000
-4.009,-8.044,5.000
-3.926,-7.958,5.000
-3.967,-8.120,5.000
-3.868,-7.997,5.000
-3.831,-8.001,5.000
-3.801,-8.018,5.000
-3.770,-8.035,5.000
-3.791,-8.162,5.000
-3.704,-8.058,5.000
-3.734,-8.208,5.000
-3.644,-8.094,5.000
-3.678,-8.258,5.000
-3.634,-8.245,5.000
-3.559,-8.162,5.000
-3.525,-8.172,5.000
-3.495,-8.190,5.000
-3.452,-8.177,5.000
-3.419,-8.189,5.000
-3.449,-8.354,5.000
-3.352,-8.209,5.000
-3.383,-8.380,5.000
-3.290,-8.241,5.000
-3.254,-8.245,5.000
-3.226,-8.269,5.000
-3.194,-8.284,5.000
-3.203,-8.405,5.000
-3.114,-8.271,5.000
-3.150,-8.466,5.000
-3.060,-8.324,5.000
-3.083,-8.488,5.000
-2.998,-8.357,5.000
-2.962,-8.362,5.000
-2.982,-8.522,5.000
-2.878,-8.330,5.000
-2.906,-8.522,5.000
-2.829,-8.403,5.000
-2.802,-8.432,5.000
-2.765,-8.432,5.000
-2.744,-8.479,5.000
-2.710,-8.489,5.000
-2.682,-8.515,5.000
-2.700,-8.692,5.000
-2.628,-8.578,5.000
-2.634,-8.721,5.000
-2.568,-8.625,5.000
-2.544,-8.670,5.000
-2.553,-8.826,5.000
-2.483,-8.713,5.000
-2.498,-8.898,5.000
-2.426,-8.775,5.000
-2.401,-8.820,5.000
-2.373,-8.852,5.000
-2.344,-8.884,5.000
-2.352,-9.058,5.000
-2.281,-8.929,5.000
-2.251,-8.960,5.000
-2.252,-9.112,5.000
-2.182,-8.983,5.000
-2.177,-9.118,5.000
-2.141,-9.124,5.000
-2.071,-8.984,5.000
-2.056,-9.084,5.000
-1.994,-8.971,5.000
-1.961,-8.989,5.000
-1.950,-9.110,5.000
-1.889,-8.998,5.000
-1.857,-9.022,5.000
-1.823,-9.035,5.000
-1.787,-9.043,5.000
-1.751,-9.050,5.000
-1.717,-9.063,5.000
-1.681,-9.069,5.000
-1.644,-9.067,5.000
-1.608,-9.072,5.000
-1.573,-9.080,5.000
-1.537,-9.084,5.000
-1.502,-9.096,5.000
-1.487,-9.231,5.000
-1.432,-9.116,5.000
-1.415,-9.243,5.000
-1.359,-9.119,5.000
-1.333,-9.190,5.000
-1.308,-9.274,5.000
-1.252,-9.138,5.000
-1.215,-9.135,5.000
-1.180,-9.144,5.000
-1.144,-9.146,5.000
-1.108,-9.151,5.000
-1.071,-9.153,5.000
-1.051,-9.293,5.000
-1.003,-9.194,5.000
-0.964,-9.169,5.000
-0.928,-9.173,5.000
-0.892,-9.174,5.000
-0.859,-9.211,5.000
-0.822,-9.214,5.000
-0.787,-9.223,5.000
-0.750,-9.222,5.000
-0.722,-9.324,5.000
-0.688,-9.369,5.000
-0.642,-9.243,5.000
-0.616,-9.395,5.000
-0.579,-9.394,5.000
-0.534,-9.260,5.000
-0.499,-9.293,5.000
-0.462,-9.286,5.000
-0.427,-9.308,5.000
-0.389,-9.296,5.000
-0.354,-9.334,5.000
-0.317,-9.321,5.000
-0.281,-9.332,5.000
-0.244,-9.335,5.000
-0.207,-9.326,5.000
-0.171,-9.353,5.000
-0.137,-9.502,5.000
-0.098,-9.352,5.000
-0.062,-9.507,5.000
-0.025,-9.507,5.000
0.013,-9.400,5.000
0.050,-9.523,5.000
0.087,-9.415,5.000
0.124,-9.418,5.000
0.161,-9.410,5.000
0.198,-9.407,5.000
0.238,-9.532,5.000
0.275,-9.540,5.000
0.309,-9.414,5.000
0.350,-9.541,5.000
0.382,-9.382,5.000
0.424,-9.516,5.000
0.454,-9.351,5.000
0.491,-9.355,5.000
0.526,-9.329,5.000
0.560,-9.283,5.000
0.596,-9.263,5.000
0.630,-9.233,5.000
0.672,-9.310,5.000
0.694,-9.112,5.000
0.738,-9.215,5.000
0.760,-9.043,5.000
0.792,-9.001,5.000
0.824,-8.959,5.000
0.855,-8.915,5.000
0.888,-8.891,5.000
0.932,-8.974,5.000
0.951,-8.818,5.000
1.003,-8.966,5.000
1.036,-8.942,5.000
1.048,-8.746,5.000
1.083,-8.747,5.000
1.111,-8.696,5.000
1.146,-8.699,5.000
1.171,-8.625,5.000
1.205,-8.618,5.000
1.238,-8.614,5.000
1.266,-8.568,5.000
1.323,-8.716,5.000
1.349,-8.655,5.000
1.361,-8.515,5.000
1.417,-8.647,5.000
1.417,-8.439,5.000
1.453,-8.446,5.000
1.478,-8.396,5.000
1.503,-8.348,5.000
1.548,-8.408,5.000
1.562,-8.301,5.000
1.589,-8.265,5.000
1.657,-8.438,5.000
1.683,-8.395,5.000
1.676,-8.193,5.000
1.745,-8.364,5.000
1.727,-8.121,5.000
1.763,-8.131,5.000
1.796,-8.130,5.000
1.819,-8.083,5.000
1.852,-8.079,5.000
1.883,-8.068,5.000
1.940,-8.169,5.000
1.936,-8.014,5.000
1.969,-8.012,5.000
2.047,-8.189,5.000
2.020,-7.947,5.000
2.102,-8.138,5.000
2.074,-7.899,5.000
2.107,-7.900,5.000
2.123,-7.836,5.000
2.157,-7.839,5.000
2.190,-7.839,5.000
2.260,-7.968,5.000
2.236,-7.766,5.000
2.308,-7.899,5.000
2.338,-7.887,5.000
2.368,-7.875,5.000
2.330,-7.640,5.000
2.424,-7.837,5.000
2.376,-7.575,5.000
2.474,-7.783,5.000
2.439,-7.569,5.000
2.447,-7.491,5.000
2.479,-7.491,5.000
2.580,-7.694,5.000
2.605,-7.670,5.000
2.565,-7.455,5.000
2.591,-7.435,5.000
2.676,-7.583,5.000
2.660,-7.446,5.000
2.746,-7.591,5.000
2.767,-7.556,5.000
2.731,-7.367,5.000
2.779,-7.409,5.000
2.767,-7.289,5.000
2.797,-7.282,5.000
2.823,-7.264,5.000
2.932,-7.457,5.000
2.945,-7.404,5.000
2.895,-7.196,5.000
2.922,-7.181,5.000
2.920,-7.096,5.000
3.047,-7.324,5.000
3.072,-7.303,5.000
2.992,-7.035,5.000
3.024,-7.033,5.000
3.050,-7.018,5.000
3.083,-7.019,5.000
3.086,-6.952,5.000
3.204,-7.141,5.000
3.142,-6.931,5.000
3.252,-7.098,5.000
3.176,-6.860,5.000
3.201,-6.844,5.000
3.337,-7.062,5.000
3.252,-6.812,5.000
3.286,-6.816,5.000
3.414,-7.010,5.000
3.338,-6.786,5.000
3.463,-6.971,5.000
3.347,-6.672,5.000
3.460,-6.829,5.000
3.418,-6.681,5.000
3.441,-6.661,5.000
3.580,-6.865,5.000
3.483,-6.614,5.000
3.524,-6.630,5.000
3.554,-6.623,5.000
3.573,-6.596,5.000
3.716,-6.797,5.000
3.594,-6.512,5.000
3.623,-6.504,5.000
3.649,-6.490,5.000
3.795,-6.689,5.000
3.696,-6.455,5.000
3.730,-6.456,5.000
3.756,-6.442,5.000
3.903,-6.635,5.000
3.890,-6.553,5.000
3.828,-6.391,5.000
3.979,-6.585,5.000
3.874,-6.354,5.000
3.901,-6.342,5.000
3.922,-6.320,5.000
4.081,-6.519,5.000
4.104,-6.500,5.000
4.002,-6.283,5.000
4.159,-6.473,5.000
4.049,-6.248,5.000
4.070,-6.226,5.000
4.100,-6.219,5.000
4.116,-6.191,5.000
4.149,-6.187,5.000
4.158,-6.149,5.000
4.292,-6.293,5.000
4.179,-6.075,5.000
4.359,-6.285,5.000
4.224,-6.039,5.000
4.259,-6.038,5.000
4.254,-5.981,5.000
4.279,-5.967,5.000
4.455,-6.161,5.000
4.324,-5.930,5.000
4.345,-5.910,5.000
4.493,-6.061,5.000
4.361,-5.835,5.000
4.379,-5.812,5.000
4.402,-5.795,5.000
4.583,-5.984,5.000
4.613,-5.975,5.000
4.477,-5.752,5.000
4.497,-5.731,5.000
4.515,-5.707,5.000
4.704,-5.899,5.000
4.562,-5.674,5.000
4.753,-5.864,5.000
4.609,-5.641,5.000
4.636,-5.629,5.000
4.658,-5.611,5.000
4.710,-5.628,5.000
4.827,-5.722,5.000
4.902,-5.764,5.000
4.776,-5.572,5.000
4.808,-5.565,5.000
4.817,-5.532,5.000
4.992,-5.687,5.000
4.866,-5.500,5.000
5.058,-5.671,5.000
4.909,-5.461,5.000
4.938,-5.450,5.000
4.928,-5.397,5.000
5.105,-5.546,5.000
4.957,-5.344,5.000
4.975,-5.321,5.000
4.972,-5.276,5.000
5.158,-5.431,5.000
4.994,-5.217,5.000
5.020,-5.203,5.000
5.049,-5.191,5.000
5.258,-5.365,5.000
5.087,-5.149,5.000
5.093,-5.115,5.000
5.321,-5.302,5.000
5.138,-5.080,5.000
5.118,-5.021,5.000
5.126,-4.989,5.000
5.181,-5.003,5.000
5.183,-4.965,5.000
5.410,-5.142,5.000
5.213,-4.916,5.000
5.302,-4.961,5.000
5.246,-4.870,5.000
5.332,-4.911,5.000
5.537,-5.060,5.000
5.359,-4.859,5.000
5.384,-4.843,5.000
5.385,-4.806,5.000
5.597,-4.955,5.000
5.438,-4.776,5.000
5.459,-4.758,5.000
5.487,-4.744,5.000
5.688,-4.879,5.000
5.466,-4.652,5.000
5.485,-4.630,5.000
5.702,-4.776,5.000
5.704,-4.739,5.000
5.533,-4.560,5.000
5.569,-4.553,5.000
5.584,-4.529,5.000
5.599,-4.505,5.000
5.629,-4.492,5.000
5.840,-4.624,5.000
5.642,-4.431,5.000
5.643,-4.396,5.000
5.695,-4.401,5.000
5.687,-4.359,5.000
5.720,-4.349,5.000
5.728,-4.319,5.000
5.959,-4.457,5.000
5.977,-4.434,5.000
5.794,-4.263,5.000
5.801,-4.233,5.000
5.808,-4.203,5.000
6.046,-4.339,5.000
5.844,-4.160,5.000
5.870,-4.144,5.000
5.887,-4.121,5.000
6.116,-4.246,5.000
5.902,-4.063,5.000
5.918,-4.040,5.000
5.957,-4.032,5.000
5.940,-3.986,5.000
6.126,-4.077,5.000
6.205,-4.094,5.000
6.010,-3.932,5.000
6.218,-4.033,5.000
6.034,-3.880,5.000
6.278,-4.002,5.000
6.061,-3.830,5.000
6.072,-3.804,5.000
6.162,-3.827,5.000
6.334,-3.899,5.000
6.387,-3.897,5.000
6.142,-3.715,5.000
6.149,-3.686,5.000
6.167,-3.664,5.000
6.182,-3.640,5.000
6.424,-3.749,5.000
6.214,-3.593,5.000
6.368,-3.649,5.000
6.287,-3.570,5.000
6.294,-3.541,5.000
6.318,-3.522,5.000
6.328,-3.496,5.000
6.574,-3.597,5.000
6.359,-3.448,5.000
6.592,-3.540,5.000
6.390,-3.399,5.000
6.623,-3.490,5.000
6.420,-3.351,5.000
6.653,-3.440,5.000
6.449,-3.302,5.000
6.687,-3.391,5.000
6.461,-3.244,5.000
6.474,-3.219,5.000
6.723,-3.310,5.000
6.499,-3.168,5.000
6.529,-3.151,5.000
6.758,-3.229,5.000
6.532,-3.089,5.000
6.522,-3.054,5.000
6.509,-3.016,5.000
6.764,-3.102,5.000
6.540,-2.968,5.000
6.548,-2.941,5.000
6.559,-2.915,5.000
6.819,-2.999,5.000
6.574,-2.860,5.000
6.541,-2.815,5.000
6.556,-2.791,5.000
6.851,-2.885,5.000
6.581,-2.741,5.000
6.592,-2.715,5.000
6.610,-2.692,5.000
6.879,-2.770,5.000
6.861,-2.732,5.000
6.875,-2.706,5.000
6.632,-2.581,5.000
6.928,-2.664,5.000
6.706,-2.549,5.000
6.719,-2.524,5.000
6.714,-2.492,5.000
6.731,-2.468,5.000
6.997,-2.534,5.000
6.807,-2.435,5.000
6.817,-2.408,5.000
7.061,-2.464,5.000
6.906,-2.379,5.000
6.915,-2.352,5.000
6.968,-2.340,5.000
7.021,-2.327,5.000
7.273,-2.378,5.000
7.071,-2.282,5.000
7.443,-2.369,5.000
7.146,-2.244,5.000
7.228,-2.239,5.000
7.438,-2.271,5.000
7.273,-2.190,5.000
7.517,-2.231,5.000
7.297,-2.135,5.000
7.353,-2.120,5.000
7.337,-2.084,5.000
7.583,-2.122,5.000
7.635,-2.104,5.000
7.429,-2.016,5.000
7.437,-1.987,5.000
7.451,-1.959,5.000
7.639,-1.976,5.000
7.453,-1.897,5.000
7.527,-1.885,5.000
7.518,-1.851,5.000
7.735,-1.872,5.000
7.542,-1.794,5.000
7.576,-1.771,5.000
7.772,-1.784,5.000
7.556,-1.704,5.000
7.786,-1.723,5.000
7.793,-1.693,5.000
7.552,-1.609,5.000
7.589,-1.586,5.000
7.582,-1.554,5.000
7.787,-1.564,5.000
7.650,-1.505,5.000
7.630,-1.470,5.000
7.655,-1.444,5.000
7.892,-1.456,5.000
7.673,-1.385,5.000
7.903,-1.394,5.000
7.730,-1.332,5.000
7.748,-1.304,5.000
7.792,-1.280,5.000
7.974,-1.278,5.000
7.750,-1.211,5.000
7.748,-1.179,5.000
7.763,-1.150,5.000
7.980,-1.150,5.000
7.771,-1.089,5.000
7.776,-1.059,5.000
7.780,-1.028,5.000
7.982,-1.023,5.000
7.784,-0.966,5.000
7.827,-0.941,5.000
8.024,-0.932,5.000
7.769,-0.872,5.000
7.792,-0.843,5.000
7.808,-0.814,5.000
7.995,-0.802,5.000
7.801,-0.751,5.000
7.821,-0.722,5.000
7.994,-0.707,5.000
8.012,-0.676,5.000
7.862,-0.633,5.000
7.861,-0.602,5.000
7.873,-0.571,5.000
7.859,-0.539,5.000
7.867,-0.509,5.000
7.892,-0.479,5.000
8.166,-0.464,5.000
7.928,-0.419,5.000
7.943,-0.388,5.000
7.941,-0.357,5.000
8.196,-0.336,5.000
7.995,-0.297,5.000
8.204,-0.272,5.000
8.214,-0.240,5.000
8.032,-0.203,5.000
8.045,-0.172,5.000
8.043,-0.140,5.000
8.270,-0.112,5.000

